Date,Close,High,Low,Open,Volume
2018-01-01,2.1642463207244873,2.1642463207244873,2.1642463207244873,2.1642463207244873,0
2018-01-02,2.1843364238739014,2.2208637545980703,2.1733783552886896,2.186162877498136,1282070
2018-01-03,2.1624200344085693,2.2135583401487704,2.1496355124035347,2.191641985608702,1335750
2018-01-04,2.2044265270233154,2.206252762914365,2.151461767221738,2.1551144567239002,1281200
2018-01-05,2.3541886806488037,2.4016742958153534,2.1934681705035675,2.2044264563789424,5409880
2018-01-08,2.381584405899048,2.4290700256172335,2.3633207395028344,2.374278808708516,2282600
2018-01-09,2.3322722911834717,2.3961953401591725,2.319487768476361,2.3925424327685065,1736410
2018-01-10,2.2829601764678955,2.332272025708062,2.259217369731505,2.332272025708062,1216020
2018-01-11,2.3614940643310547,2.385236871963716,2.2720019767494946,2.2920920949894517,895460
2018-01-12,2.518561840057373,2.544131102996265,2.392542414484432,2.398021557808485,6075620
2018-01-15,2.401674509048462,2.57883202829561,2.401674509048462,2.5295201729183736,3502490
2018-01-16,2.467423677444458,2.5002983216078682,2.33409886472179,2.3742788886014763,3873490
2018-01-17,2.516735315322876,2.542304357607874,2.429069685357095,2.4655970130328333,3267760
2018-01-18,2.6025748252868652,2.611706658375869,2.5240410171774186,2.542304683355426,3704610
2018-01-19,2.6299703121185303,2.675629473567799,2.5569154360796453,2.6062275046209,3728800
2018-01-22,2.6299703121185303,2.7212886350170673,2.60988019399283,2.639102144408384,4852450
2018-01-23,2.6464080810546875,2.6573663692007052,2.5970962198378102,2.648234534985724,2476050
2018-01-24,2.6719770431518555,2.6884142557785906,2.6317968030063668,2.6482342333531785,2085060
2018-01-25,2.6062278747558594,2.6774560896444854,2.6062278747558594,2.6774560896444854,1591230
2018-01-26,2.6098806858062744,2.635449733948148,2.5934432539549874,2.626317899937465,1181230
2018-01-29,2.7176361083984375,2.7176361083984375,2.604401207046816,2.61170658622818,3141520
2018-01-30,2.7121567726135254,2.7468576478416558,2.6610184688141336,2.708504083282152,1975280
2018-01-31,2.7212889194488525,2.7377261322006006,2.693893419715887,2.7121570862045306,1520630
2018-02-01,2.7285940647125244,2.7541633262336083,2.681108666550614,2.7249413752723863,1964100
2018-02-02,2.6738033294677734,2.7285943295479953,2.642755139632997,2.7285943295479953,1364800
2018-02-05,2.571526527404785,2.6482340962793334,2.5697000737763185,2.6117065477504604,1345040
2018-02-06,2.529520034790039,2.5386518674249463,2.447333541075873,2.502124536885317,1358160
2018-02-07,2.511256694793701,2.5532631738992264,2.5021248609759823,2.538652196246858,1168310
2018-02-08,2.498471736907959,2.536825519366822,2.4710762402145012,2.511256258487562,903320
2018-02-09,2.45829176902771,2.496645555669617,2.4071534594118598,2.467423602254823,1022570
2018-02-12,2.5404787063598633,2.577006042439673,2.460118436352224,2.472902960436138,1475150
2018-02-13,2.584311008453369,2.6317966248359874,2.518561726957446,2.5404782992694614,2156560
2018-02-14,2.566047430038452,2.6391023106800215,2.529520098577702,2.602574761499202,946410
2018-02-15,2.6190123558044434,2.620838591860156,2.5496103781254504,2.5843112581049055,879320
2018-02-16,2.6738033294677734,2.682935162814477,2.584311232038029,2.6226650191822167,1246830
2018-02-19,2.6555395126342773,2.6811087751914497,2.6098803484822573,2.6756296319491937,854010
2018-02-20,2.5751793384552,2.684761553772483,2.5751793384552,2.6500604572346553,799280
2018-02-21,2.6226649284362793,2.6573660245851207,2.59892211901235,2.600748572706527,1599220
2018-02-22,2.6098806858062744,2.648234475739181,2.575179585933622,2.620838755987036,878680
2018-02-23,2.6007487773895264,2.631796968593556,2.5788322022148322,2.631796968593556,656580
2018-02-26,2.6299703121185303,2.6482339766982377,2.6044010510749067,2.6044010510749067,843850
2018-02-27,2.6025748252868652,2.648234208451958,2.5916167562121055,2.6464077547461273,888410
2018-02-28,2.6299703121185303,2.635449237316398,2.582484697123269,2.582484697123269,1306510
2018-03-01,2.5970959663391113,2.666497943142763,2.566047558862684,2.666497943142763,1375600
2018-03-02,2.5496103763580322,2.6098805205564326,2.5496103763580322,2.5751794228809497,892710
2018-03-05,2.533173084259033,2.5751795638926605,2.518562106422977,2.564221493805689,380170
2018-03-06,2.538652181625366,2.567874136761798,2.4308964125648527,2.551436705352521,612290
2018-03-07,2.525867223739624,2.551436266799,2.4655970877053197,2.5112562486828147,465720
2018-03-08,2.507603883743286,2.5514365968640527,2.4875137632262208,2.511256573550003,195500
2018-03-09,2.525867223739624,2.545957341657743,2.480208062762129,2.520388080878314,588970
2018-03-12,2.529520034790039,2.5550892967998178,2.524040891665082,2.553262843184811,516260
2018-03-13,2.4893393516540527,2.5368249557948355,2.410805568368915,2.5368249557948355,983460
2018-03-14,2.463771104812622,2.502124894448156,2.438202056868996,2.502124894448156,680000
2018-03-15,2.376105308532715,2.4729027858545365,2.3578416417821857,2.4601182626731823,652280
2018-03-16,2.3487095832824707,2.410806174914344,2.3359250613265163,2.410806174914344,568940
2018-03-19,2.2774808406829834,2.337750970299067,2.2701754627925617,2.3140081655751517,732350
2018-03-20,2.3395774364471436,2.348709267720207,2.264696332920012,2.2793073065009195,902540
2018-03-21,2.3304460048675537,2.3450569809543813,2.317661482436605,2.3304460048675537,285020
2018-03-22,2.2975714206695557,2.3377514426250205,2.2920922772847026,2.3304460632585995,501200
2018-03-23,2.2573909759521484,2.2884393797394558,2.2427802185464207,2.2720019510779306,924010
2018-03-26,2.2500860691070557,2.2811342616853176,2.2446069250708685,2.27565533536923,534490
2018-03-27,2.1989474296569824,2.273828545749426,2.1989474296569824,2.2646967129440094,552320
2018-03-28,2.1825103759765625,2.2373013767826477,2.166072945102687,2.2373013767826477,540350
2018-03-29,2.1569411754608154,2.1861631305101312,2.1569411754608154,2.1806839867233734,547060
2018-03-30,2.1806838512420654,2.209905804475883,2.1551145877324562,2.1551145877324562,502130
2018-04-02,2.2099058628082275,2.226343075861076,2.178857455032719,2.1898157422146727,279410
2018-04-03,2.1788570880889893,2.2226900117147714,2.175204398883519,2.2099054906356024,523530
2018-04-04,2.1204135417938232,2.186162822532243,2.1185870882155107,2.186162822532243,991000
2018-04-05,2.098497152328491,2.1496354567446057,2.087538866482161,2.1368507173505353,1513540
2018-04-06,2.0857129096984863,2.107629486611121,2.0838866734358383,2.1021503423829624,1220700
2018-04-09,2.034574031829834,2.1003233089894393,1.9998731574911823,2.0930179305139487,1182990
2018-04-10,1.9596930742263794,2.0455324754101913,1.934124029865285,2.0455324754101913,928300
2018-04-11,1.937776803970337,2.0418798750190987,1.8994230180344693,1.9816097332856246,1044590
2018-04-12,1.9523875713348389,1.9688247819928257,1.9195129322988145,1.9322974536683655,501480
2018-04-13,1.9213393926620483,1.9852622174580519,1.9213393926620483,1.9542140318154317,816740
2018-04-16,2.007178544998169,2.025442208989122,1.954214006512424,1.9797830490117392,1224200
2018-04-17,2.003526210784912,2.036400855338288,1.9578670427163583,2.036400855338288,2745750
2018-04-18,2.029094934463501,2.0893652879735556,1.9633458735544502,2.0893652879735556,2706190
2018-04-19,2.016310691833496,2.0473590996422555,2.0144844557812696,2.0272689790271854,1707740
2018-04-20,1.9779565334320068,2.014484077987278,1.9743038442924923,2.0126576245575,1534130
2018-04-23,1.9779565334320068,1.9779565334320068,1.9779565334320068,1.9779565334320068,0
2018-04-24,1.976130485534668,2.001699529661406,1.954214130894598,1.966998652957967,1031610
2018-04-25,1.9396034479141235,1.9998735955591316,1.9176868722467786,1.9724780936950457,746240
2018-04-26,1.9469085931777954,1.954214190092498,1.9268184738124494,1.9450823572391716,583040
2018-04-27,1.9633461236953735,1.972477957017302,1.8939439291846198,1.9450824570515162,717630
2018-04-30,1.9523875713348389,2.0400532028575538,1.9523875713348389,1.9633458569201971,970910
2018-05-01,1.9523875713348389,1.9523875713348389,1.9523875713348389,1.9523875713348389,0
2018-05-02,1.945082426071167,1.9980469714067266,1.8994230424686847,1.9743041616038604,1706570
2018-05-03,1.9012495279312134,1.9432560047882923,1.8829858612733599,1.9085549075063226,1086070
2018-05-04,1.9176868200302124,1.9231659637978575,1.8355003166758055,1.899423152618122,1226900
2018-05-07,1.8482846021652222,1.9067285045293738,1.844631912697478,1.8756800997533953,241780
2018-05-08,1.7944068908691406,1.8829857563101113,1.7925805460771693,1.8720274698382147,716920
2018-05-09,1.8062784671783447,1.8628958142769267,1.6209020038035058,1.7944070616108894,2075940
2018-05-10,1.9067286252975464,1.9085548612870578,1.788014577176304,1.8245420184674699,836360
2018-05-11,1.8720273971557617,1.9085547270171332,1.8519374963640434,1.8975966586907576,1151250
2018-05-14,1.8738536834716797,1.8902908933540437,1.861069162705392,1.8884646576560256,513160
2018-05-15,1.8720273971557617,1.8829856832021972,1.8464583533408256,1.8628955646904188,1073800
2018-05-16,1.9432557821273804,1.9450822356719204,1.8227155089091855,1.8227155089091855,939650
2018-05-17,1.9213393926620483,1.9797830746458127,1.8848118464871377,1.9797830746458127,1201000
2018-05-18,1.9012495279312134,1.9487351483296642,1.8921176946022866,1.9231658843766213,1240800
2018-05-21,1.8939439058303833,1.9505613588162225,1.8811593828813453,1.8811593828813453,809590
2018-05-22,1.8884650468826294,1.9231659272175239,1.8628957823599994,1.897596880414979,607830
2018-05-23,1.8555899858474731,1.8902908583883802,1.7934934011426447,1.8884646227241428,756960
2018-05-24,1.8464583158493042,1.8975966201608956,1.835500030025372,1.844631862305297,905800
2018-05-25,1.8574163913726807,1.8702011307916888,1.8254549782652723,1.851937466158884,378900
2018-05-28,1.9231659173965454,1.9341242046674385,1.8537639393610845,1.8537639393610845,1599140
2018-05-29,1.9980467557907104,2.0090050415079728,1.926818334068613,1.926818334068613,1645790
2018-05-30,1.999873161315918,2.036400489203324,1.9834357331345565,1.9998731613159182,1401580
2018-05-31,1.9962204694747925,2.0290948903546613,1.966998520114856,2.0254422011146813,1133070
2018-06-01,2.043705940246582,2.0455323937938124,1.9523876172861663,2.0455323937938124,1189550
2018-06-04,2.060462474822998,2.110001551727808,2.0329407411288485,2.0439493033725302,1595170
2018-06-05,2.0567924976348877,2.0916532650885777,2.0476185884393643,2.0916532650885777,892560
2018-06-06,2.069636583328247,2.0751409743364047,2.029271195083971,2.0549582802142665,1041780
2018-06-07,2.095323324203491,2.100827714881878,2.0714711104126837,2.075140850013811,1274560
2018-06-08,2.078810214996338,2.104497077938081,2.071470955067777,2.104497077938081,1329380
2018-06-11,2.122844696044922,2.1338534755201244,1.9650533567577804,2.073305625853046,1645770
2018-06-12,2.09165358543396,2.15403630875164,2.0769752847284306,2.093488455043382,856660
2018-06-13,2.1026620864868164,2.1393577240171524,2.062296710224845,2.1191750358861667,1001120
2018-06-14,2.0769753456115723,2.128349290225228,2.0696363044053165,2.1026624272800443,8559610
2018-06-15,2.0769753456115723,2.0769753456115723,2.0769753456115723,2.0769753456115723,0
2018-06-18,1.9889060258865356,2.06413219265585,1.959549419653799,2.0549582805485347,626990
2018-06-19,1.9870706796646118,2.018262148331382,1.9797316392272923,1.9999143285148184,670140
2018-06-20,2.0182621479034424,2.0256011883392055,1.9797316388075226,1.9980794586201958,322350
2018-06-21,2.025601625442505,2.036610407194993,2.003584280660841,2.0274364953090234,519410
2018-06-22,2.0035839080810547,2.0439490691284865,1.9962448674263478,2.0182622081137405,311020
2018-06-25,1.9980794191360474,2.0824794760958167,1.9852359892656288,2.0641316566457153,1312040
2018-06-26,1.959549069404602,2.012757881350496,1.9558795489622283,1.9980795808577225,1749130
2018-06-27,1.9723930358886719,1.987071120016096,1.9577147330379339,1.974227687042943,951370
2018-06-28,1.94670569896698,1.983401341977185,1.9375317882144285,1.981566691060646,843760
2018-06-29,1.9503750801086426,1.9889055900044739,1.9393665192264549,1.959548990205434,1361410
2018-07-02,1.9375319480895996,1.954045120040745,1.9283580365800643,1.9448709898079064,675660
2018-07-03,1.9045056104660034,1.9558795529333792,1.897166569566355,1.9393666015475308,732660
2018-07-04,1.8806535005569458,1.9118449728654325,1.8696449386156775,1.902670843162773,768930
2018-07-05,1.8714796304702759,1.9081752751895684,1.8531318081106298,1.886157932102652,617240
2018-07-06,1.8531317710876465,1.8879927641084775,1.8366188187831887,1.8879927641084775,750800
2018-07-09,1.856801152229309,1.882488232323579,1.8439577215438117,1.8549665014018235,549320
2018-07-10,1.7889143228530884,1.8549665668864073,1.771483827036991,1.8549665668864073,605450
2018-07-11,1.6980923414230347,1.7714837318917682,1.6889184312846475,1.7714837318917682,624280
2018-07-12,1.605435848236084,1.715522882203881,1.546722756162483,1.7081837320244762,2252080
2018-07-13,1.6155273914337158,1.6513056025717419,1.5870882220130733,1.591675177767264,1237460
2018-07-16,1.619196891784668,1.657727407121187,1.6136925012046939,1.623783847480763,577340
2018-07-17,1.6210315227508545,1.643048973951,1.6054358965017772,1.6164445674210293,478770
2018-07-18,1.6247011423110962,1.6448837237617926,1.6063533211083467,1.6146097969049278,1247230
2018-07-19,1.6210315227508545,1.6971751124599215,1.6100228518316024,1.6329576284807281,660250
2018-07-20,1.5980968475341797,1.6164446700180308,1.5751620694293658,1.6100229540210127,1189750
2018-07-23,1.6228663921356201,1.6687359454271875,1.5980967458688606,1.5980967458688606,1346970
2018-07-24,1.5898401737213135,1.7797403096967355,1.5705749187611326,1.6494705893884205,2262370
2018-07-25,1.6467185020446777,1.6687359533460977,1.5898402775655494,1.5944272329164733,970550
2018-07-26,1.6513055562973022,1.686166550286225,1.6384621242901398,1.6494707959193717,1529380
2018-07-27,1.6283706426620483,1.6632315243883287,1.615527211723669,1.655892374125695,624010
2018-07-30,1.627453327178955,1.6384619979593824,1.6054358762564602,1.6136923520013706,596550
2018-07-31,1.6237839460372925,1.651305681884311,1.6201144250023527,1.6247013809768558,911460
2018-08-01,1.6623144149780273,1.6687361312817335,1.6247013333451497,1.6274535287214962,545940
2018-08-02,1.5880053043365479,1.628370574408288,1.5788313942331935,1.628370574408288,407710
2018-08-03,1.5623185634613037,1.6191969019388954,1.5412185452546148,1.5907577327000995,1119390
2018-08-06,1.5448880195617676,1.5641532754068468,1.5237880034842142,1.5586488853477842,509100
2018-08-07,1.5595661401748657,1.5742443297024737,1.541218211882508,1.5687400496402308,631590
2018-08-08,1.5513097047805786,1.5714923950288253,1.543970554632274,1.5558966599530641,590080
2018-08-09,1.561401128768921,1.5678228444624251,1.5347967218077698,1.5458053929054405,710930
2018-08-10,1.552227258682251,1.6091054853137488,1.4320488708339896,1.541218477934129,1752430
2018-08-13,1.7302013635635376,1.733870884356299,1.5100272725949615,1.5503925481235854,3355010
2018-08-14,1.697175145149231,1.7604751955370255,1.667818542983599,1.7256143124865704,345530
2018-08-15,1.697175145149231,1.7384577439128017,1.6788273234765327,1.697175145149231,1199590
2018-08-16,1.65680992603302,1.706349111786313,1.5751620513024924,1.6421316244701967,624220
2018-08-17,1.6870839595794678,1.7054317829932721,1.6256186636538996,1.7054317829932721,475010
2018-08-20,1.6907533407211304,1.7375403272762229,1.647635874563378,1.647635874563378,78010
2018-08-21,1.6907533407211304,1.6907533407211304,1.6907533407211304,1.6907533407211304,0
2018-08-22,1.6907533407211304,1.6907533407211304,1.6907533407211304,1.6907533407211304,0
2018-08-23,1.6907533407211304,1.6907533407211304,1.6907533407211304,1.6907533407211304,0
2018-08-24,1.6907533407211304,1.6907533407211304,1.6907533407211304,1.6907533407211304,0
2018-08-27,1.670570731163025,1.7035968537812642,1.6540576698539051,1.692588182695732,281930
2018-08-28,1.6870839595794678,1.701762262055173,1.6531405081362602,1.6935056759019684,456400
2018-08-29,1.670570731163025,1.6990098983821555,1.6604793855403286,1.6971751380948408,351380
2018-08-30,1.670570731163025,1.670570731163025,1.670570731163025,1.670570731163025,0
2018-08-31,1.6540576219558716,1.6733228778189038,1.6237836953260953,1.6632315324884317,351050
2018-09-03,1.6797447204589844,1.6971752174071442,1.6522229867781884,1.6613968980051204,227260
2018-09-04,1.6494706869125366,1.7329534268886497,1.640296776267502,1.675157658590962,194370
2018-09-05,1.6513055562973022,1.6696534881615532,1.6467186006716517,1.6604794675486034,87970
2018-09-06,1.6503881216049194,1.6769924187289809,1.6467184917301805,1.654057642118017,243410
2018-09-07,1.6476359367370605,1.6540576523555484,1.637544591221121,1.6458011764691558,141910
2018-09-10,1.5971792936325073,1.63479225872881,1.5852531888510912,1.63479225872881,359500
2018-09-11,1.5898401737213135,1.631122769183157,1.572409678909332,1.5971793236757459,314940
2018-09-12,1.5962618589401245,1.6265357835825371,1.559566219218808,1.6265357835825371,238990
2018-09-13,1.6366273164749146,1.645801227460312,1.5595663985805894,1.5595663985805894,844630
2018-09-14,1.6558924913406372,1.6843316596108389,1.6265359975736966,1.6513055357720012,453230
2018-09-17,1.6604794263839722,1.6880012688172357,1.6412142788508273,1.6568099057190815,362530
2018-09-18,1.6182795763015747,1.6806621960277939,1.6091055554908225,1.6439665502313887,581480
2018-09-19,1.6357097625732422,1.6485533026349426,1.6155271817467274,1.6485533026349426,432690
2018-09-20,1.6237839460372925,1.6604795938333172,1.6155274690278496,1.6604795938333172,174020
2018-09-21,1.6155273914337158,1.6338752144504782,1.6072708054591818,1.6329577795549794,779770
2018-09-24,1.6072707176208496,1.64213160131986,1.604518522446414,1.6412142758361452,686510
2018-09-25,1.6017662286758423,1.613692223947298,1.5980965991324754,1.613692223947298,355130
2018-09-26,1.5825010538101196,1.6045183947297736,1.5797488588547535,1.5980966794083442,214920
2018-09-27,1.5825010538101196,1.5962619192253127,1.5742444689440216,1.5962619192253127,248210
2018-09-28,1.605435848236084,1.623783669003777,1.573327161892621,1.5907575478772742,592370
2018-10-01,1.563235878944397,1.576996745067866,1.5503924476404831,1.576996745067866,421680
2018-10-02,1.5127791166305542,1.5586486626982456,1.5127791166305542,1.5586486626982456,347990
2018-10-03,1.463240385055542,1.539383876494257,1.4513142775884758,1.5292926389157067,3888520
2018-10-04,1.4237923622131348,1.4632402006979095,1.421957492555799,1.4632402006979095,792250
2018-10-05,1.4256269931793213,1.4302139481832554,1.4081964985473912,1.4302139481832554,394120
2018-10-08,1.4210400581359863,1.424709578446024,1.3760878328490311,1.4210400581359863,214340
2018-10-09,1.4036093950271606,1.4283790369168294,1.397187680573463,1.4210398878147654,413620
2018-10-10,1.411866307258606,1.4182880232063628,1.40727935167283,1.4146185024824012,532380
2018-10-11,1.3669140338897705,1.4036096774213151,1.3595748833111327,1.3907662459299321,337880
2018-10-12,1.402692198753357,1.4063617189610826,1.3412269150617064,1.3604921695563479,377700
2018-10-15,1.416453242301941,1.4403054547467127,1.403609701231046,1.4348010643789513,631610
2018-10-16,1.3760881423950195,1.412783791196489,1.375170707430319,1.409114270061006,599330
2018-10-17,1.368748664855957,1.3935183093884909,1.3650791445942065,1.3926008746422363,1194790
2018-10-18,1.3412269353866577,1.373335620456547,1.3338877854983562,1.3687486654465628,633270
2018-10-19,1.2916879653930664,1.3439793484867388,1.2889357700678754,1.3366401974067803,887500
2018-10-22,1.2559094429016113,1.2916877576515817,1.2522399226326248,1.2916877576515817,792660
2018-10-23,1.2430660724639893,1.2522399829399002,1.1999486057378954,1.2522399829399002,3356880
2018-10-24,1.1825182437896729,1.2384791425831523,1.1825182437896729,1.2293052319194109,808440
2018-10-25,1.1384836435317993,1.178848813543383,1.0329835436708552,1.178848813543383,1048300
2018-10-26,1.1072921752929688,1.1421530604087573,1.1036225451240358,1.1283921933389711,545410
2018-10-29,1.1072921752929688,1.1072921752929688,1.1072921752929688,1.1072921752929688,0
2018-10-30,1.0513310432434082,1.1274745129911803,1.0458266538692074,1.10178754484762,1849280
2018-10-31,1.05500066280365,1.147657309417281,1.0458267525553984,1.0577528577504527,2035790
2018-11-01,1.0871094465255737,1.0962834669612351,1.0467442815445671,1.0467442815445671,1463010
2018-11-02,1.086192011833191,1.1192181321239716,1.0779354270796782,1.0999528770607436,2094430
2018-11-05,1.0770182609558105,1.0981182792974176,1.0614225239022412,1.091696563113881,1599210
2018-11-06,1.05500066280365,1.083439828317884,1.051331142449004,1.0797703079632381,4106190
2018-11-07,1.099953055381775,1.1238052693877019,1.0430747157309728,1.0550008227339362,6162810
2018-11-08,1.1192182302474976,1.1779313259828346,1.104539928973252,1.1054573638135092,5500120
2018-11-09,1.1467398405075073,1.1733442450523626,1.1027050507545595,1.1283920205572484,2546230
2018-11-12,1.1880226135253906,1.2384792353156033,1.1632530747509715,1.1751791813791435,3079920
2018-11-13,1.1742615699768066,1.1907746297979525,1.146739840062108,1.1742615699768066,1128710
2018-11-14,1.186187744140625,1.2164616706885236,1.15958344741281,1.18068335409132,1744850
2018-11-15,1.186187744140625,1.1962790894438045,1.1696746833543494,1.186187744140625,721160
2018-11-16,1.1788486242294312,1.200866075632185,1.165087758113326,1.1898574046116293,1300920
2018-11-19,1.164170503616333,1.1880226073878022,1.1568313527014005,1.1880226073878022,976410
2018-11-20,1.0907790660858154,1.1916921962914828,1.0861921105929053,1.1751791346446774,2086040
2018-11-21,1.0816051959991455,1.0990355837866477,1.0687616545163523,1.0916965422097937,2924570
2018-11-22,1.110044240951538,1.1320615819474154,1.0797703150609788,1.0834398354397459,1566840
2018-11-23,1.1036221981048584,1.1274744039371423,1.0916962045503322,1.096283158797955,622150
2018-11-26,1.164170503616333,1.1687574592679597,1.1164660773500963,1.1274747490416703,1997750
2018-11-27,1.1577485799789429,1.1742616407959838,1.1283920881717813,1.1650877302711433,1022990
2018-11-28,1.1669224500656128,1.1806833153760088,1.1577485398586822,1.1650876898965539,1752910
2018-11-29,1.2054530382156372,1.2201313392386168,1.1742616758822164,1.1834355866811679,3797330
2018-11-30,1.192609429359436,1.2072877295440054,1.190774669176774,1.2072877295440054,2496230
2018-12-03,1.1944442987442017,1.2311399398390872,1.1916921037897579,1.2293051796566703,2196060
2018-12-04,1.177931308746338,1.2027008460927389,1.1724269185086296,1.2027008460927389,4607240
2018-12-05,1.1834356784820557,1.1898575040287869,1.1678400507863906,1.178848722726763,1116840
2018-12-06,1.1403181552886963,1.1880224665375279,1.138483395117902,1.1880224665375279,1772340
2018-12-07,1.1008703708648682,1.1430704035707155,1.0981181757994187,1.1384834482488468,2120870
2018-12-10,1.0733485221862793,1.0972007334405247,1.0715137619424853,1.0972007334405247,2013300
2018-12-11,1.0513310432434082,1.0816049660782605,1.0504136085604994,1.0816049660782605,1600860
2018-12-12,1.0192222595214844,1.0550005720281717,0.9981223552553157,1.0513310519892625,3669570
2018-12-13,1.0091310739517212,1.0357353689354445,1.0017919241543254,1.0311484139822762,1054220
2018-12-14,0.9660137295722961,1.0027094831051406,0.9595920137146656,1.0027094831051406,1577410
2018-12-17,0.9595920443534851,0.9907834085119006,0.9540876538073971,0.9687659556891985,1032160
2018-12-18,1.0054616928100586,1.0458269719887088,0.9173920922036034,0.9559226108199648,3874380
2018-12-19,1.0008747577667236,1.0183052568790887,0.9788574118330288,1.0017921927479867,2807170
2018-12-20,0.9907833933830261,1.0045442601764731,0.9871137632877848,0.9999573045786575,872140
2018-12-21,1.003626823425293,1.0228920806445567,0.9751876550276459,0.9907833915202156,2906530
2018-12-24,1.0091310739517212,1.0320658487175627,1.004544118998553,1.0320658487175627,3369060
2018-12-25,1.0063791275024414,1.0366530595379042,0.9871138681994215,1.0082138880642386,2074050
2018-12-26,0.999957263469696,1.0091311742881814,0.999957263469696,1.0045442188789386,934550
2018-12-27,0.9641789197921753,1.010048472653945,0.9641789197921753,1.0091311472136937,1675230
2018-12-28,0.9687659740447998,0.9834442762047169,0.9614268229648412,0.9733529297995674,1404750
2018-12-31,0.9403267502784729,0.9788572638811385,0.9357397947887884,0.9715181132253143,4465530
2019-01-01,0.9403267502784729,0.9403267502784729,0.9403267502784729,0.9403267502784729,0
2019-01-02,0.9458311200141907,0.966931136679591,0.9311528190221793,0.9394094043408018,2278200
2019-01-03,0.9311528205871582,0.9650963780180278,0.9284006254763251,0.946748447066355,1431590
2019-01-04,0.9586745500564575,0.9751876113095896,0.9311528177551184,0.9394094030625058,2021660
2019-01-07,0.97335284948349,0.9834441950559534,0.9540875931584751,0.9632615039110265,1855070
2019-01-08,0.9614267349243164,0.9898659017442827,0.949500629181697,0.9898659017442827,1736670
2019-01-09,0.9339050054550171,0.9751876035798008,0.9329875706409206,0.9678484531519553,3818140
2019-01-10,0.9531701803207397,0.9733527602538371,0.9228962557402774,0.9357396858718032,4056850
2019-01-11,0.9540876746177673,0.978857323253784,0.9531703490811773,0.9614268257187482,2506690
2019-01-14,0.9384918808937073,0.9513353110276431,0.9265657761341196,0.9513353110276431,1538040
2019-01-15,0.9504179954528809,0.9641788604646834,0.9412440854450126,0.9439962803196998,2714050
2019-01-16,0.9568398594856262,0.9678485313358666,0.9522529037678884,0.9531703386560963,3546850
2019-01-17,0.97335284948349,0.9871137156123169,0.9568397882565691,0.9586745485347509,7363590
2019-01-18,1.0118834972381592,1.0155530182844696,0.9733529794436129,0.974270414386019,7150640
2019-01-21,1.022891879081726,1.0467440871900575,1.004544060340433,1.0183049243964026,5682350
2019-01-22,1.0421572923660278,1.050413768321458,1.021057275704587,1.0265615565543262,3116440
2019-01-23,1.0403223037719727,1.055000603082931,1.032983263478124,1.046744128071536,3211950
2019-01-24,1.0531660318374634,1.0705965290646409,1.0403224902971773,1.0403224902971773,4629100
2019-01-25,1.0467443466186523,1.0641747349982358,1.0375704349743131,1.0531660628973591,3018720
2019-01-28,1.0513310432434082,1.0696788620085762,1.048578848556308,1.048578848556308,3133730
2019-01-29,1.0806876420974731,1.0861920320355258,1.0467441957771817,1.0467441957771817,4236410
2019-01-30,1.112796425819397,1.1146311859921327,1.0788528704964224,1.0871093459545513,5548850
2019-01-31,1.1760965585708618,1.1916922960415062,1.1109617413748023,1.1293095648822382,7979250
2019-02-01,1.1742615699768066,1.2146268394686779,1.1559137500336742,1.1742615699768066,4731180
2019-02-04,1.2109575271606445,1.213709613135374,1.1705922507375708,1.1742617716116448,6403240
2019-02-05,1.193527102470398,1.232974946402448,1.1760966038502714,1.2247184692508912,5252420
2019-02-06,1.1907747983932495,1.20178347004546,1.1742617362341095,1.1971965144102348,2494030
2019-02-07,1.159583568572998,1.1916922587050252,1.082522537277491,1.1907748238137355,1465990
2019-02-08,1.1458224058151245,1.1540789904100797,1.1256398257412896,1.1467398405573306,2217560
2019-02-11,1.18160080909729,1.1926094800225568,1.150409447220452,1.151326882031575,1879750
2019-02-12,1.162335753440857,1.2017835979753462,1.1586662322867158,1.1843532084506851,1675580
2019-02-13,1.130226969718933,1.1733444413030703,1.1283922092893564,1.1733444413030703,1796650
2019-02-14,1.1430704593658447,1.1513269356035636,1.0788529723634834,1.1311443530745255,2565440
2019-02-15,1.150409460067749,1.1605008056562305,1.1210529674853158,1.137566028738448,1200830
2019-02-18,1.168757438659668,1.1816008705130991,1.14215303073235,1.1494921815178738,2207910
2019-02-19,1.1494921445846558,1.172426921701493,1.130226888061855,1.1669225314487948,1545960
2019-02-20,1.1540791988372803,1.1687575011936862,1.14949224302111,1.14949224302111,1433820
2019-02-21,1.186187744140625,1.1926094596237211,1.1375659965772293,1.1559138175927266,2915830
2019-02-22,1.2238008975982666,1.2265530927952544,1.1926095343018157,1.1981139246957913,3040430
2019-02-25,1.2412314414978027,1.2549923086446688,1.2293053347648553,1.2366444857821808,5484600
2019-02-26,1.2293052673339844,1.2476530891900424,1.2274705070207075,1.243983459201844,2038810
2019-02-27,1.217379093170166,1.2384791089968892,1.217379093170166,1.233892153789412,1572340
2019-02-28,1.2604964971542358,1.2660008873526956,1.2164617036514855,1.2164617036514855,3710530
2019-03-01,1.2247182130813599,1.2604964190700623,1.207287718107102,1.2559094639760422,3253830
2019-03-04,1.2595791816711426,1.266000897379109,1.2192139084065874,1.2238008638210838,3219990
2019-03-05,1.2540748119354248,1.2770095893829314,1.2412313803094794,1.2577444419440131,3708000
2019-03-06,1.2568268775939941,1.2770094577957931,1.239396382912996,1.239396382912996,2433940
2019-03-07,1.2256356477737427,1.2751748328235757,1.2219661271159679,1.2595792059855646,2311820
2019-03-08,1.1981139183044434,1.2256356514042135,1.1724269455389955,1.2146269800366347,2747180
2019-03-11,1.1696746349334717,1.2091224703561014,1.1660051146269348,1.1981138000748557,1355170
2019-03-12,1.1724268198013306,1.1788485349635802,1.1504093700658025,1.1568311945896863,980510
2019-03-13,1.1742615699768066,1.1916920645397624,1.1696746149910235,1.1889398696759659,1091920
2019-03-14,1.162335753440857,1.1834357734813195,1.1586662322867158,1.1834357734813195,1373320
2019-03-15,1.168757438659668,1.177931349801161,1.1577486578005585,1.1696747641568288,1200610
2019-03-18,1.1696746349334717,1.1770137849081805,1.1632529197162145,1.165087679869483,1571080
2019-03-19,1.2228834629058838,1.2357270040396304,1.1650878012081407,1.1742617122915397,3242060
2019-03-20,1.2027008533477783,1.2228834354050506,1.19260950763832,1.2155443941926927,1734720
2019-03-21,1.2091224193572998,1.21554424366533,1.1999485096162628,1.2100398540760557,1123870
2019-03-22,1.1705920696258545,1.2155442948674262,1.1623354848941527,1.198113800008257,2321710
2019-03-25,1.1228877305984497,1.1742616747685104,1.1146312546318813,1.1650877639782597,1463990
2019-03-26,1.0871094465255737,1.128392155720287,1.0834399258406264,1.1228877653312195,2280310
2019-03-27,1.0045440196990967,1.1733441202683657,1.0017918251269244,1.1082092132656938,11984260
2019-03-28,1.0577528476715088,1.0871093383138588,1.016470251947744,1.0412397875096757,10440700
2019-03-29,1.0751835107803345,1.099953050216857,1.036652994588352,1.0421573852905361,3331490
2019-04-01,1.0953660011291504,1.12930944927066,1.0550007279281406,1.0916964805479874,3336830
2019-04-02,1.1311442852020264,1.154996386991811,1.1045398790159542,1.111879029321134,2555740
2019-04-03,1.1109617948532104,1.137566205836643,1.1082095993222816,1.1146314253483356,1390800
2019-04-04,1.1155486106872559,1.118300805872137,1.1045399393093767,1.1173834803849407,1603660
2019-04-05,1.1412354707717896,1.1513268156658818,1.1219703251034798,1.1348137555490196,1976500
2019-04-08,1.1540791988372803,1.1926096058207791,1.1485748081132148,1.1889400849125042,1891240
2019-04-09,1.1531617641448975,1.175179217683621,1.1531617641448975,1.1568313944155113,1712490
2019-04-10,1.1650878190994263,1.178848685935839,1.1485747570234013,1.1614182983543755,1358520
2019-04-11,1.1449053287506104,1.1705923041256083,1.1366487423649019,1.1614183921603702,1589400
2019-04-12,1.1283921003341675,1.1394007712103051,1.1109616045321118,1.1311442953936122,945490
2019-04-15,1.13206148147583,1.1540789298792742,1.1183006172342878,1.119218051928375,1508760
2019-04-16,1.1476575136184692,1.1504095996933106,1.1283922549246443,1.1283922549246443,4657430
2019-04-17,1.1788486242294312,1.1907747300690508,1.152244326816285,1.1577486076457415,5008200
2019-04-18,1.21554434299469,1.2256355789174673,1.1797660264640086,1.1797660264640086,5011650
2019-04-19,1.2192139625549316,1.228387873791361,1.1981139448388145,1.227470548284707,1595190
2019-04-22,1.20637047290802,1.2210486645677483,1.1962791272856217,1.2201313391049395,2311420
2019-04-23,1.20637047290802,1.20637047290802,1.20637047290802,1.20637047290802,0
2019-04-24,1.1916922330856323,1.2127922508768225,1.1889400378325816,1.2063705348608034,3238310
2019-04-25,1.1540791988372803,1.1944444756365697,1.1504095685673523,1.1779314128260265,3405880
2019-04-26,1.168757438659668,1.1705921990156372,1.1403182703763808,1.1549964625857811,2362290
2019-04-29,1.1650878190994263,1.1779313604304005,1.153161712635539,1.1687574492061252,1858590
2019-04-30,1.164170503616333,1.1705922196562806,1.1568313527014005,1.165087829129669,1022570
2019-05-01,1.164170503616333,1.164170503616333,1.164170503616333,1.164170503616333,0
2019-05-02,1.1338962316513062,1.1742614986927875,1.0412397028185862,1.1641702639536373,2554720
2019-05-03,1.1274745464324951,1.13573113073869,1.1027050122371702,1.1348136960285695,2151390
2019-05-06,1.112796425819397,1.1238050962174477,1.082522390841894,1.1008703206541601,1403740
2019-05-07,1.1183007955551147,1.1384834871502825,1.090779062683499,1.1017877339598163,8200680
2019-05-08,1.1183007955551147,1.125639946193208,1.1036224942789283,1.1238051858740958,2990540
2019-05-09,1.0705963373184204,1.1201354061196294,1.0586702327961648,1.1146311258981785,5989390
2019-05-10,1.0577528476715088,1.0816050578343381,1.0366528324292574,1.0816050578343381,2956660
2019-05-13,0.9907833933830261,1.057752966983465,0.9861964377852104,1.0568355321192429,4267190
2019-05-14,0.9926180839538574,0.9962876044294284,0.9687658727777254,0.9917006491541446,5059410
2019-05-15,0.9559224247932434,0.9953702613331964,0.9384919294394028,0.9944528265497591,6235740
2019-05-16,0.9595920443534851,0.9797746274197248,0.9522528934125843,0.9522528934125843,4902030
2019-05-17,0.947665810585022,0.9540875257860129,0.9412440953840312,0.946748375829894,2442490
2019-05-20,0.9394093751907349,0.953170240933127,0.9348224199432709,0.949500611118172,3173460
2019-05-21,0.9394093751907349,0.953170240933127,0.9274832696750005,0.940326700623244,3942130
2019-05-22,0.9137223362922668,0.9375744923046155,0.9091353811098606,0.9320702117027109,3947370
2019-05-23,0.8715222477912903,0.9128048964100611,0.8706048677510543,0.908217941528066,5494980
2019-05-24,0.8797788619995117,0.8935397279669419,0.8586788456437905,0.8733571464203727,10952750
2019-05-27,0.8531745076179504,0.8944571600764634,0.8495049324348803,0.8825310544016907,9331070
2019-05-28,0.8586788773536682,0.8605136923589085,0.8430832505536496,0.8531745416995924,12077780
2019-05-29,0.8540919423103333,0.8660180487470492,0.8320745444860703,0.8394136953210993,17075780
2019-05-30,0.9073007702827454,0.9128051064716758,0.8595963410425882,0.8595963410425882,21579690
2019-05-31,0.9183093309402466,0.9348223911956358,0.8907875456209919,0.9082179859614987,15128270
2019-06-03,0.9137223362922668,0.9348224066844821,0.9091353811098606,0.9173919113743556,4908330
2019-06-04,0.9137223362922668,0.9137223362922668,0.9137223362922668,0.9137223362922668,0
2019-06-05,0.9137223362922668,0.9137223362922668,0.9137223362922668,0.9137223362922668,0
2019-06-06,0.9137223362922668,0.9137223362922668,0.9137223362922668,0.9137223362922668,0
2019-06-07,0.9293180108070374,0.939409355888768,0.9146397105720905,0.9201441005006048,12829670
2019-06-10,0.9403267502784729,0.946748466091702,0.9173919728300507,0.9293180789755593,14449760
2019-06-11,0.9137223362922668,0.9559224223958785,0.9118875760916318,0.9403266872863869,13309640
2019-06-12,0.8982099294662476,0.9241643937856961,0.8972829961513191,0.9223105271558394,9039980
2019-06-13,0.8611321449279785,0.8954291191864112,0.816638738572294,0.8954291191864112,9338870
2019-06-14,0.8574244379997253,0.8648400156392492,0.8481549935754441,0.8602052381768617,6885610
2019-06-17,0.8768901824951172,0.8833788261669757,0.8481549183775783,0.8592782286004185,5995190
2019-06-18,0.9093332290649414,0.9167488055471871,0.8787440451384763,0.8843056998750414,10362980
2019-06-19,0.9009907841682434,0.9213835933367203,0.8954291290314742,0.9074793726194338,8903010
2019-06-20,0.9084063172340393,0.9408493684208323,0.907479328714225,0.9139679721017273,20627730
2019-06-21,0.8982099294662476,0.9148949501359277,0.8880135525015507,0.9056255064861592,5565070
2019-06-24,0.9260184168815613,0.9371417836272362,0.9121142498871538,0.9269453502978054,27234970
2019-06-25,0.9714385867118835,0.9723655752638019,0.915821870358135,0.9195296588150839,16437670
2019-06-26,0.956607460975647,0.9918314799761632,0.947338017186191,0.976073337133699,11297260
2019-06-27,0.9825619459152222,0.9936853670919675,0.9603153245627086,0.9603153245627086,8704940
2019-06-28,0.9779271483421326,0.9973930233964517,0.9751464037633556,0.9825618699740677,5270020
2019-07-01,1.0261284112930298,1.0326169999176127,0.9918314909912453,1.0103703787760463,10965070
2019-07-02,1.0307631492614746,1.0391057151946048,1.0214937052249893,1.0344709931763623,4505830
2019-07-03,1.0233476161956787,1.0530099267958255,1.0205667607643532,1.033544049277041,7792940
2019-07-04,1.0298360586166382,1.0418863567701668,1.0122241608925813,1.0261283255696194,6939970
2019-07-05,1.0316901206970215,1.046521164608302,1.0261284101674868,1.0326169987849523,9882640
2019-07-08,1.0205668210983276,1.0261285322897766,1.0048087867232234,1.0048087867232234,5363030
2019-07-09,0.9686577916145325,1.0242745666668278,0.9621692028502531,1.0242745666668278,8979140
2019-07-10,0.9844160676002502,0.9964663686434261,0.956607621077265,0.9732926447908543,6582080
2019-07-11,0.9946122169494629,1.0048086492384738,0.9881236284475857,0.9964661940932724,9398180
2019-07-12,0.9751464128494263,1.011297197715168,0.9482649608334431,0.998320021225025,11516620
2019-07-15,0.9751464128494263,0.9751464128494263,0.9751464128494263,0.9751464128494263,0
2019-07-16,0.9788541197776794,0.991831406420799,0.9732924097162743,0.9807079862979886,11414170
2019-07-17,1.0038816928863525,1.010370392096971,0.9807080828498257,0.9807080828498257,7551470
2019-07-18,1.0252013206481934,1.0289091641363426,0.9973929917392189,1.0075894232060334,5998230
2019-07-19,1.0418864488601685,1.050229014704059,1.0289092715481007,1.0409595707667283,8107950
2019-07-22,1.0743294954299927,1.0789642168908444,1.034470868766573,1.0400324682193094,15233970
2019-07-23,1.076183557510376,1.0900877244200107,1.0706218465463238,1.0715488352071645,13576190
2019-07-24,1.0622793436050415,1.0724756659207195,1.0502290440497029,1.0724756659207195,5744920
2019-07-25,1.0604255199432373,1.0817452645609806,1.0548638089993059,1.062279386757716,7559410
2019-07-26,1.0984300374984741,1.1039917477391434,1.0613522638952964,1.0622792524355684,10062520
2019-07-29,1.1216037273406982,1.1327270370323637,1.1002839859730604,1.1030648410210964,11157740
2019-07-30,1.1484850645065308,1.1521929080584787,1.1206767351190747,1.1299461782482267,18307800
2019-07-31,1.151266098022461,1.1605355425886252,1.1206769088540196,1.1586816757754914,11136980
2019-08-01,1.1419965028762817,1.1651701112360944,1.1318000709977718,1.1429234914108666,7790370
2019-08-02,1.1318001747131348,1.1559007738160514,1.1160421416845312,1.1401427407874478,8062630
2019-08-05,1.0956493616104126,1.1373618595306774,1.0937953844135655,1.1336541261379605,5913160
2019-08-06,1.0891605615615845,1.1067725697972657,1.0798911184376927,1.0956492601486914,5010500
2019-08-07,1.10584557056427,1.1336540101668398,1.0891605510029192,1.1012108490472547,11930450
2019-08-08,1.1818550825119019,1.1818550825119019,1.1243845582547873,1.1355078677077004,20188130
2019-08-09,1.2050288915634155,1.22264090243649,1.1855631243885372,1.1892708579931346,14978290
2019-08-12,1.2050288915634155,1.2050288915634155,1.2050288915634155,1.2050288915634155,0
2019-08-13,1.2050288915634155,1.2050288915634155,1.2050288915634155,1.2050288915634155,0
2019-08-14,1.2050288915634155,1.2050288915634155,1.2050288915634155,1.2050288915634155,0
2019-08-15,1.1623893976211548,1.2041020082466398,1.1586816640324644,1.2041020082466398,9442710
2019-08-16,1.2346910238265991,1.2597184982890999,1.1716587881614455,1.1716587881614455,21427350
2019-08-19,1.235617995262146,1.2606455821173324,1.2059557969713735,1.2402528276987066,17293090
2019-08-20,1.208736538887024,1.228202413393366,1.1883436758801982,1.228202413393366,14335520
2019-08-21,1.1855629682540894,1.24766821620527,1.1772204029916893,1.218006019773413,14092970
2019-08-22,1.1549739837646484,1.1985403526952823,1.1345811165839053,1.1864900522249795,12172520
2019-08-23,1.1725858449935913,1.1753667004691575,1.1355080666540296,1.1512661003482443,7524480
2019-08-26,1.160535454750061,1.1772204758064007,1.1429235556075559,1.1577545994905898,5673570
2019-08-27,1.150339126586914,1.164243292308693,1.1484851494236208,1.164243292308693,4617960
2019-08-28,1.13643479347229,1.1586815238137096,1.1355079154375316,1.1475582138932403,6040320
2019-08-29,1.1855629682540894,1.19575928957416,1.140142629826748,1.1419964963848992,9411010
2019-08-30,1.1855629682540894,1.1855629682540894,1.1855629682540894,1.1855629682540894,0
2019-09-02,1.207809567451477,1.2319101637997971,1.189270681183686,1.1939054027506337,8754390
2019-09-03,1.2282025814056396,1.2421067478120573,1.207809715609167,1.208736704236458,9462080
2019-09-04,1.2773306369781494,1.281965359036831,1.2328372831147076,1.2346911498380821,17623350
2019-09-05,1.3079197406768799,1.3292394828778564,1.2764035664013762,1.2893808536326365,15652620
2019-09-06,1.296796441078186,1.3153353282729332,1.2532299677701426,1.3153353282729332,15544110
2019-09-09,1.3079197406768799,1.3236777725643902,1.2940155753936973,1.3032850189158192,8294900
2019-09-10,1.297723412513733,1.3144084342896527,1.2838192461172153,1.3116275789102507,6936740
2019-09-11,1.296796441078186,1.3116274845336935,1.2921617192794992,1.3060658846755597,6355970
2019-09-12,1.3375818729400635,1.3431435829836422,1.2930885240928673,1.2986502341364459,181581580
2019-09-13,1.374659776687622,1.3802213763155142,1.3385088818541657,1.3385088818541657,12239410
2019-09-16,1.3505593538284302,1.3700252312807721,1.3422167875629292,1.362609653656047,6523530
2019-09-17,1.3246047496795654,1.3607556454039869,1.3079197293837157,1.3607556454039869,8390320
2019-09-18,1.364463448524475,1.3709520371664503,1.3190431070296733,1.3236778289882967,8439780
2019-09-19,1.3941254615783691,1.4071027476371771,1.367244121993044,1.367244121993044,12517050
2019-09-20,1.3876370191574097,1.4237879157147586,1.3746598422396852,1.3904178743542033,10560260
2019-09-23,1.4182261228561401,1.4284225544846676,1.402468091657898,1.4274955659728095,5133330
2019-09-24,1.4256418943405151,1.4386191827781862,1.4182263167333449,1.4228610389252645,7294300
2019-09-25,1.4071030616760254,1.4228610956567487,1.3969066282470586,1.4182263732800362,6025090
2019-09-26,1.3931986093521118,1.4135913615350633,1.3931986093521118,1.4043219186791331,4451880
2019-09-27,1.4293497800827026,1.4330575137441808,1.3978336019581532,1.3978336019581532,6499420
2019-09-30,1.436765193939209,1.446034638248456,1.4191532939518363,1.4451077601178268,5424510
2019-10-01,1.4052492380142212,1.4423270181674668,1.397833659883472,1.4423270181674668,5002880
2019-10-02,1.4108107089996338,1.4302765859902182,1.3746599208748238,1.3913449425095403,8169580
2019-10-03,1.388564109802246,1.4228610317493842,1.3626096435582926,1.4108107320110674,12823130
2019-10-04,1.392271876335144,1.4052491650149421,1.3746599758774483,1.3894910208680091,11590270
2019-10-07,1.3663175106048584,1.4015414246278646,1.362609776707912,1.3811486671936517,11423390
2019-10-08,1.3153352737426758,1.3440705919034388,1.2838191005178907,1.3440705919034388,19006760
2019-10-09,1.2903077602386475,1.3375819674478242,1.2838191717296685,1.323677801856947,9802380
2019-10-10,1.2726958990097046,1.2977233757136228,1.239325856404154,1.2967964976137674,10927550
2019-10-11,1.269914984703064,1.2884538718446368,1.2662072514749427,1.2847461386165158,5939840
2019-10-14,1.1800012588500977,1.258791637377555,1.1586815171662312,1.258791637377555,8800580
2019-10-15,1.2467412948608398,1.2560107378300265,1.1874167935577598,1.1892706600515017,8721000
2019-10-16,1.2819652557373047,1.2884538439965167,1.2078095982733,1.232837183773874,7285180
2019-10-17,1.2671340703964233,1.2884538117143676,1.2328371528851976,1.2791843685761726,5639300
2019-10-18,1.3255316019058228,1.334801155667845,1.3153352806184142,1.3264585904321688,6289740
2019-10-21,1.321824073791504,1.3329473853302753,1.3162623627718695,1.3255318074709288,3456710
2019-10-22,1.316262125968933,1.3329471455256103,1.3134813814598845,1.3283124240098931,3094450
2019-10-23,1.358901858329773,1.3616827138513405,1.322751068050886,1.3301665354410697,6053850
2019-10-24,1.358901858329773,1.3969066259567033,1.355194124634681,1.378367736480249,7544830
2019-10-25,1.3570477962493896,1.3737328164778935,1.3440706196830432,1.3635363845325628,4530540
2019-10-28,1.3607556819915771,1.3681711485442443,1.3449975393159463,1.3626095486297438,2087340
2019-10-30,1.355193853378296,1.377440472096946,1.3348011011361207,1.360755563308196,4866630
2019-10-31,1.3802214860916138,1.3848562080670535,1.3459245655734575,1.3579748648096983,8004660
2019-11-01,1.3894908428192139,1.3913448198933995,1.355193924453997,1.3830022545610077,4859760
2019-11-04,1.4210071563720703,1.430276600652997,1.39319882352929,1.4089568567067672,4933130
2019-11-05,1.4015411138534546,1.4274955768785096,1.3969063922597118,1.4274955768785096,3556720
2019-11-06,1.385783076286316,1.4108105506795818,1.3783674996696686,1.4089566841505397,5657790
2019-11-07,1.4126646518707275,1.4145185185627094,1.3811484761050832,1.3885640533734989,8162420
2019-11-08,1.403395175933838,1.4376920957057522,1.3811484446354847,1.433057373831156,14747040
2019-11-11,1.3904180526733398,1.408956942362238,1.3811486078288908,1.4071030754934477,12006230
2019-11-12,1.3913449048995972,1.4210071033925664,1.3894909277121401,1.3894909277121401,12963820
2019-11-13,1.4080299139022827,1.4219340796849964,1.395052626204791,1.3987603595466531,13557100
2019-11-14,1.4080299139022827,1.4219340796849964,1.39319875953386,1.4043220700599335,12238380
2019-11-15,1.4692083597183228,1.4719892151115668,1.4098838498309214,1.4163724387481624,26899990
2019-11-18,1.5062861442565918,1.6221543091994066,1.4756969557837203,1.4756969557837203,39442620
2019-11-19,1.5090669393539429,1.5322405493162816,1.4988705067703185,1.5183363833388783,14855350
2019-11-20,1.4988704919815063,1.5387291228235558,1.4858933147308333,1.5099938025535815,20024780
2019-11-21,1.5072132349014282,1.5081401130994025,1.4868203675389835,1.4970168012202059,12888780
2019-11-22,1.510920763015747,1.5294596504575806,1.502578307867116,1.509993774443461,13611790
2019-11-25,1.4766238927841187,1.525751968249826,1.4673543382523824,1.5201902576308821,11338570
2019-11-26,1.4553042650222778,1.4590119987291252,1.3783677408504627,1.4182263754513136,28065330
2019-11-27,1.4590117931365967,1.4794045466516663,1.4265687410215597,1.451596216267349,9802510
2019-11-28,1.4645735025405884,1.4766238011333723,1.4599387808126316,1.4599387808126316,6320090
2019-11-29,1.4831124544143677,1.496089631620868,1.4710621552937675,1.4738430105524425,7980950
2019-12-02,1.508139967918396,1.5229711226632716,1.4933088131735202,1.4942358017827586,8550950
2019-12-03,1.5424368381500244,1.575806877586013,1.5035050886412116,1.5035050886412116,16164010
2019-12-04,1.5387290716171265,1.587857255218234,1.5387290716171265,1.5572679587871365,13698560
2019-12-05,1.579514741897583,1.594345896323984,1.5683914313280258,1.5850764524326053,12739010
2019-12-06,1.5600488185882568,1.5860032828033224,1.5517063635372106,1.5841494161809213,6989710
2019-12-09,1.5637568235397339,1.5897112904304205,1.5507795348441429,1.5711724012942867,11265840
2019-12-10,1.5405828952789307,1.5822955007488908,1.526678730289104,1.5758069125204013,9806740
2019-12-11,1.5637568235397339,1.5739531462643104,1.5294597902374898,1.5470718012171143,9409330
2019-12-12,1.6073229312896729,1.6175193628677849,1.56653742597818,1.56653742597818,16418910
2019-12-13,1.5980536937713623,1.635131581324399,1.590638116260755,1.6110309820400481,11372930
2019-12-16,1.5952727794647217,1.6110309225303583,1.5841494688599393,1.594345901372941,6959370
2019-12-17,1.5850764513015747,1.6026883504824325,1.57580700741681,1.5915650399208126,5651820
2019-12-18,1.5767338275909424,1.5924919700166293,1.5507793635668217,1.5748799609821802,6321910
2019-12-19,1.5665374994277954,1.5915649747924137,1.5628296557253258,1.5720990992307757,4080190
2019-12-20,1.5804417133331299,1.5860033133073004,1.5702452809630882,1.5711722695423598,4414000
2019-12-23,1.62956964969635,1.636985226201859,1.581368457660782,1.5860031791641653,12789760
2019-12-24,1.6527434587478638,1.6647937582261625,1.6416201478834689,1.6416201478834689,9549140
2019-12-25,1.6416200399398804,1.6610859155479738,1.64069305138693,1.659231938442073,3654890
2019-12-26,1.640693187713623,1.6518164987708583,1.616592588339203,1.640693187713623,6236520
2019-12-27,1.6388392448425293,1.647181700122889,1.6230812123682459,1.6425469781892474,7339760
2019-12-30,1.6462546586990356,1.6573779681360497,1.6406929487302906,1.645327670204086,6602400
2019-12-31,1.6332776546478271,1.6536705210586105,1.6304967991826753,1.6518165437481789,4134360
2020-01-02,1.6323508024215698,1.645327980797749,1.6212273803842767,1.6314238137516297,7182770
2020-01-03,1.5813685655593872,1.6304966389474111,1.5387290806187286,1.6304966389474111,8324800
2020-01-06,1.5331674814224243,1.5720991226245433,1.5211171825859273,1.556341090530886,7624160
2020-01-07,1.5711722373962402,1.580441680997358,1.5433637960924027,1.5479985178929616,8384880
2020-01-08,1.6119577884674072,1.6212272323182455,1.5201902280438158,1.529459671894654,12306120
2020-01-09,1.6861133575439453,1.7046522442315422,1.6406930188590447,1.6406930188590447,14917240
2020-01-10,1.678697943687439,1.697236832174246,1.6647937773223338,1.6898212546794247,8884400
2020-01-13,1.6953829526901245,1.722264407094359,1.6926020973378948,1.696309941307698,9007420
2020-01-14,1.7213373184204102,1.73616847243655,1.672209245054992,1.6953828541424076,11784680
2020-01-15,1.855744481086731,1.8909682786692532,1.7231911933657653,1.7231911933657653,25844540
2020-01-16,1.8538905382156372,1.9502929310672243,1.821447484737,1.8761371592579366,16045980
2020-01-17,1.8575981855392456,1.9317539539147293,1.8168126786834522,1.8557444294554608,20665220
2020-01-20,1.9150688648223877,1.94843890606717,1.8742833570791955,1.8742833570791955,15834870
2020-01-21,1.9243383407592773,1.9502929159414777,1.883552832331217,1.903945476044761,8501460
2020-01-22,1.889114499092102,1.9391694501412335,1.8761371013007626,1.9336077398022262,9244260
2020-01-23,1.8724294900894165,1.9002378225955783,1.857598335219267,1.881698934258137,5738480
2020-01-24,1.8705755472183228,1.905799568307126,1.8372056138982071,1.8983841012363178,5673170
2020-01-27,1.8742834329605103,1.9020917649568352,1.8650139889617354,1.8687217223610497,7493940
2020-01-28,1.855744481086731,1.9039454556206576,1.8538905039504003,1.8891145225338926,6439710
2020-01-29,1.835351586341858,1.881698803976558,1.8140318441297991,1.8687216272390352,5076650
2020-01-30,1.8511096239089966,1.8538904790756952,1.7611959330218137,1.8538904790756952,7476990
2020-01-31,1.8501827716827393,1.9540006293522536,1.8260821739022124,1.92804605443439,17872720
2020-02-03,1.8010547161102295,1.8631600816314078,1.7954931158026937,1.8557446145546936,6764750
2020-02-04,1.825155258178711,1.8260822467843771,1.784369638037723,1.8066163700693045,8497370
2020-02-05,1.8223744630813599,1.8409133518033716,1.8029086962235432,1.826082307126058,9341510
2020-02-06,1.8047624826431274,1.8409132698413302,1.8010546387635116,1.8307169477984853,4793910
2020-02-07,1.7704654932022095,1.8205205579985886,1.763049915769358,1.8084702584827663,5471120
2020-02-10,1.6898211240768433,1.7843695364525114,1.6647936486540713,1.7611959276350404,8446140
2020-02-11,1.7074332237243652,1.7129949343360171,1.6620128817305109,1.697236791103166,7487350
2020-02-12,1.6898211240768433,1.7333875970540753,1.6888942460244343,1.7231911649741947,8356830
2020-02-13,1.7046524286270142,1.7185565951467516,1.681478817760785,1.6916752507421229,6687980
2020-02-14,1.7315336465835571,1.757488109302141,1.712994760427494,1.7148486269430048,7693490
2020-02-17,1.7500725984573364,1.7806617838636036,1.7398761664884201,1.7537803316275886,5710620
2020-02-18,1.6963099241256714,1.7611960326848424,1.6935290688016091,1.7611960326848424,4931510
2020-02-19,1.6703553199768066,1.7176295250610467,1.660158888134957,1.7055792266571739,7084360
2020-02-20,1.586930274963379,1.673136122855107,1.5767338427663256,1.6703553781654417,6761150
2020-02-21,1.5943459272384644,1.6138118039879996,1.54614472966828,1.5758070390962364,5106320
2020-02-24,1.6026884317398071,1.6073231539171728,1.5526333659239604,1.5758070873112826,4020760
2020-02-25,1.600834608078003,1.6212273641074728,1.5656106964813756,1.61381189682439,3571550
2020-02-26,1.605468988418579,1.6147384310485562,1.5758067941027463,1.5758067941027463,4041580
2020-02-27,1.5220441818237305,1.6128848693615374,1.5220441818237305,1.5943459805988405,4802020
2020-02-28,1.4951627254486084,1.534094366837273,1.2467413915144903,1.3811484354880814,7213160
2020-03-02,1.5313135385513306,1.561902725358927,1.4868201859675985,1.5164824946904112,4226240
2020-03-03,1.5952727794647217,1.5980536347410392,1.546144704584738,1.561902737149887,6869420
2020-03-04,1.5479986667633057,1.642547088987774,1.5479986667633057,1.621227344554796,6701530
2020-03-05,1.636985421180725,1.7723193493991294,1.636985421180725,1.6703554641799314,40338080
2020-03-06,1.5433639287948608,1.6499626498738356,1.5405830733753234,1.6406932054757066,14093230
2020-03-09,1.3839291334152222,1.5062858645891088,1.3570476834753042,1.483112258003217,10865410
2020-03-10,1.3273857831954956,1.4599389748312994,1.316262361169766,1.4599389748312994,12720770
2020-03-11,1.314408302307129,1.3802213941757442,1.2838191172062166,1.3060658475070988,10455730
2020-03-12,1.192051649093628,1.277330622400509,1.1809283383798357,1.2699150450911512,9007550
2020-03-13,1.2189329862594604,1.283819088124703,1.1531197853811876,1.1698048051037742,8952710
2020-03-16,1.0984300374984741,1.1753665503256459,1.0975031594586837,1.1753665503256459,8001350
2020-03-17,1.0613524913787842,1.1216039968983509,0.9881238065168524,1.103065106123255,7661740
2020-03-18,1.0835989713668823,1.1123342894998633,1.0196397469581282,1.0400324999071087,7641840
2020-03-19,1.1049187183380127,1.1271653379384914,1.0585713915861357,1.0585713915861357,6648460
2020-03-20,1.1447772979736328,1.1864897908348473,1.1271652902430573,1.1475581529311423,6611330
2020-03-23,1.1883437633514404,1.2244946600241344,1.0706217401486113,1.0845259056764587,15606570
2020-03-24,1.2893809080123901,1.3088466739295264,1.2309832787595185,1.2513761437686437,14319100
2020-03-25,1.2930885553359985,1.3348011606697276,1.2810382569507417,1.3162621635766922,12196050
2020-03-26,1.314408302307129,1.3218238790740897,1.2838191172062166,1.2903077054396268,8928300
2020-03-27,1.2903077602386475,1.323677801856947,1.2717688727841445,1.3144083581296955,9568630
2020-03-30,1.2838191986083984,1.2977233644903807,1.2708420213187435,1.2967964863985413,10088720
2020-03-31,1.297723412513733,1.3190431564218252,1.2828922574905839,1.3032851232725369,6027690
2020-04-01,1.2652802467346191,1.2921616990463738,1.2597185364630885,1.2754766787322642,6869330
2020-04-02,1.2587916851043701,1.2866000160505913,1.245814397695843,1.2754767057721996,3104260
2020-04-03,1.2652802467346191,1.2958694322270725,1.2615724030534379,1.2838191336390778,4658130
2020-04-06,1.3042118549346924,1.311627431613492,1.280111368854193,1.2967963887563723,6496380
2020-04-07,1.2912348508834839,1.3403629286215808,1.284746261861583,1.3171893174715816,9968530
2020-04-08,1.2838191986083984,1.3014312083592021,1.264353322173428,1.2912347758455531,5125650
2020-04-09,1.3255316019058228,1.3301663235365937,1.2884538288596536,1.306992715382738,11930980
2020-04-10,1.3422167301177979,1.351486174126861,1.3097736760860772,1.3283125641042033,6838710
2020-04-13,1.36909818649292,1.3913449184547515,1.3125545337363154,1.331093421787597,12723380
2020-04-14,1.3941254615783691,1.4108104805108521,1.3811482860200344,1.393198583610187,10927000
2020-04-15,1.4543770551681519,1.5016512604938808,1.303284995833017,1.4089567164139165,37329900
2020-04-16,1.484039545059204,1.4923821120301346,1.445107897363037,1.483112666840547,14003260
2020-04-17,1.4580848217010498,1.5164824487939979,1.4367650793894537,1.510920738451674,8082450
2020-04-20,1.4349113702774048,1.4729161372870512,1.4321305148010046,1.4729161372870512,9822690
2020-04-21,1.4247148036956787,1.439545957848143,1.4089567714714888,1.4386190797764173,5930940
2020-04-22,1.3978334665298462,1.4367651082054815,1.3931987446517828,1.4274956644493546,10884190
2020-04-24,1.3941254615783691,1.4182260567586746,1.3894907402360392,1.3959794385156796,9800040
2020-04-27,1.5062861442565918,1.521117299425406,1.3996874236691628,1.4024682790758771,22219710
2020-04-28,1.508139967918396,1.5507794549345462,1.4692083248387096,1.5294597114264712,11811590
2020-04-29,1.5526331663131714,1.5832223508512548,1.4970165073350121,1.504432083965529,19560280
2020-04-30,1.5442907810211182,1.5758069554910947,1.4784776874077559,1.571172233701435,11865410
2020-05-04,1.4923818111419678,1.5276057178607951,1.4840392458530325,1.5276057178607951,6287150
2020-05-05,1.4858933687210083,1.5072131125507597,1.4738430691215407,1.5016514018123928,6917910
2020-05-06,1.4970165491104126,1.524824879375505,1.4868201171463526,1.4951626825261695,5750110
2020-05-07,1.5025782585144043,1.5322404553469757,1.492381826556107,1.5062859916807951,7682050
2020-05-08,1.4692083597183228,1.5331675917609668,1.4692083597183228,1.5081400037222625,12015560
2020-05-11,1.4794045686721802,1.4933087340712983,1.3996873095170421,1.4710621136329027,7560920
2020-05-12,1.491454839706421,1.5118477036461524,1.4831123848223358,1.4831123848223358,7648740
2020-05-13,1.4821853637695312,1.506285960351243,1.474769787090506,1.506285960351243,7644200
2020-05-14,1.4237878322601318,1.474769769377958,1.4237878322601318,1.4580847496756648,7372750
2020-05-15,1.457157850265503,1.4821853242011607,1.4432536858011957,1.4432536858011957,5243890
2020-05-18,1.5035051107406616,1.5109206874466,1.465500349185528,1.4812584911233266,11407910
2020-05-20,1.5257519483566284,1.5452178247686412,1.5109207938998104,1.5109207938998104,11622730
2020-05-21,1.546144723892212,1.5646836119651826,1.5276058358192413,1.5276058358192413,8960380
2020-05-22,1.564683437347412,1.5702451473488155,1.5405828413419673,1.550779272844381,8667300
2020-05-27,1.6332776546478271,1.6499626769382427,1.5758071205368358,1.6128848987375393,15068710
2020-05-28,1.6258620023727417,1.6759170669493004,1.5906380925967538,1.6555243119738832,16370420
2020-05-29,1.62030029296875,1.6453277683196095,1.6054691391679903,1.6397661685196867,4217030
2020-06-01,1.6416200399398804,1.651816361519919,1.6314236078593585,1.6323505964123088,7269520
2020-06-02,1.671282410621643,1.6870405546547333,1.626789054970406,1.6406932217051369,14322520
2020-06-03,1.7148488759994507,1.7547075091239592,1.682405820514466,1.6870405427266069,25309970
2020-06-04,1.7408033609390259,1.774173405420339,1.7250452168503256,1.7426572277434333,15086950
2020-06-05,1.7139217853546143,1.7509996713455829,1.7018714862201103,1.7408032388855055,7291090
2020-06-08,1.685186505317688,1.7352415697232513,1.6786979165522882,1.7167026815361144,8521970
2020-06-09,1.7333877086639404,1.7426571527877723,1.6425470236497983,1.6861134994322011,11561670
2020-06-10,1.7667577266693115,1.7973469139445084,1.7139218075119311,1.741730139489294,15366310
2020-06-11,1.7537803649902344,1.8056892933641342,1.7519264983698417,1.7611959419722893,11492900
2020-06-12,1.8446210622787476,1.8446210622787476,1.714848740121007,1.7417300826212447,18565820
2020-06-15,1.8307169675827026,1.8779911764301482,1.8177396796145366,1.8307169675827026,14560750
2020-06-16,1.8316439390182495,1.8492559499080718,1.829790072214188,1.8446212276476703,7708650
2020-06-17,1.8399864435195923,1.868721764768083,1.804762533424811,1.86316005404241,9852020
2020-06-18,1.8168126344680786,1.8483286971350572,1.8140317794091148,1.8372053873996812,6627310
2020-06-19,1.765830636024475,1.836278450496222,1.7528534593851712,1.8353515724508331,10541830
2020-06-22,1.7899314165115356,1.812178149386298,1.7676846836367732,1.8084703053235909,7092400
2020-06-23,1.7890044450759888,1.8075434445668312,1.777881133781879,1.7890044450759888,4601810
2020-06-24,1.7751002311706543,1.8084702746668708,1.7574883312979517,1.7917852529187626,4579830
2020-06-25,1.7778809070587158,1.7936389385908793,1.74080313380634,1.7741731739336706,5609190
2020-06-26,1.8297901153564453,1.8381326819221635,1.7964200700945683,1.7964200700945683,14216290
2020-06-29,1.892822265625,1.8946760217699774,1.8260821823844486,1.8362785041847378,17375140
2020-06-30,1.8687217235565186,1.9187766769817294,1.8575983023504816,1.9132149663787108,14574850
2020-07-01,1.8511096239089966,1.8872605200751118,1.8446210355203554,1.8872605200751118,5202890
2020-07-02,1.8687217235565186,1.88169890096291,1.8594522795518136,1.8650139901548322,5904920
2020-07-03,1.8464748859405518,1.9002376801902012,1.840913175655922,1.8613059291987597,6346520
2020-07-06,1.9002376794815063,1.933607720175873,1.8575981953165357,1.8594521724110424,24638300
2020-07-07,1.9076534509658813,1.9410234931315136,1.876137164975522,1.900237763261866,15212180
2020-07-08,2.000347852706909,2.028156183829688,1.89096828435673,1.89096828435673,27218360
2020-07-09,1.9095070362091064,2.028156039843557,1.9095070362091064,2.0096171537445136,12362290
2020-07-10,1.885406494140625,1.926192221528738,1.8103239590864586,1.870575340635944,13831380
2020-07-13,1.9929322004318237,1.9966399333691653,1.9391692993370446,1.9428770322743862,9780530
2020-07-14,1.9929322004318237,2.033717704744482,1.9632698949311904,1.9984936893373613,14352020
2020-07-16,2.0188865661621094,2.048548871870904,1.9984937033621941,1.9984937033621941,11895170
2020-07-17,1.9725394248962402,2.0374255276688715,1.959562248541906,2.03371779456777,14532260
2020-07-20,1.9465850591659546,2.0003479683794825,1.9447313029178226,1.9688319021514051,7811630
2020-07-21,1.9224843978881836,1.9855167493110832,1.896530043244092,1.9558544402884275,9601460
2020-07-22,1.892822265625,1.9484389279918024,1.8724294010234506,1.9280460633902532,5797470
2020-07-23,1.9595624208450317,1.9762473317675613,1.8928223351529552,1.8928223351529552,7046460
2020-07-24,1.9743932485580444,1.9743932485580444,1.9298997917986154,1.9577081193979051,4088870
2020-07-27,1.9540008306503296,2.009617498488331,1.9465851423380003,1.983663141897661,9868990
2020-07-28,1.806616187095642,1.9558542654617632,1.7880773008638495,1.952146532415596,17550370
2020-07-29,1.7760270833969116,1.8251551562431159,1.7129948452452055,1.798273814186005,8070990
2020-07-30,1.722264289855957,1.805689281740981,1.722264289855957,1.77139236273279,3125560
2020-08-04,1.6314235925674438,1.7649037549140902,1.59249195221666,1.7556343114734043,11280700
2020-08-05,1.6193733215332031,1.6620128062856692,1.5832224251994642,1.6342044754907088,7434140
2020-08-06,1.5748800039291382,1.6314236552914716,1.5164824859074877,1.6221542114943996,8609590
2020-08-07,1.605468988418579,1.6267887285676212,1.450669208097581,1.566537351472769,6141460
2020-08-10,1.664793848991394,1.6685015826481762,1.5479986917958133,1.5897113031873404,6350850
2020-08-11,1.6898211240768433,1.6963098229461218,1.659231938337685,1.6647936486540713,6696840
2020-08-12,1.6620129346847534,1.7027985559685521,1.6249351574270232,1.6907482562596914,7375190
2020-08-13,1.5971266031265259,1.6777707353849436,1.5943457481175163,1.662012704334525,5466110
2020-08-14,1.612884759902954,1.613811748478376,1.5387290993842544,1.547071665061595,5796810
2020-08-17,1.5720990896224976,1.6203002839566298,1.5683913564431715,1.613811695642568,3370010
2020-08-18,1.5470716953277588,1.5841494710622375,1.5461447067342016,1.5748800271286176,5704980
2020-08-19,1.5609759092330933,1.5711723420738424,1.547071742905067,1.5526333431359827,5869560
2020-08-20,1.5720990896224976,1.581368533071295,1.5498524695455766,1.5674643678980988,5352790
2020-08-21,1.603615403175354,1.6573782019562449,1.5739530931579715,1.5739530931579715,11233440
2020-08-24,1.586930274963379,1.6351314702580118,1.5841494197732293,1.6258619161240186,3698100
2020-08-25,1.5507792234420776,1.6073228681533163,1.515555319056411,1.5934187040932222,3908790
2020-08-26,1.539656162261963,1.5665376167411293,1.5294597294421943,1.54707173972175,5819340
2020-08-27,1.5433639287948608,1.5544873504730101,1.5378023284562796,1.546144784214398,5267120
2020-08-28,1.546144723892212,1.5517064345142988,1.5248249805081977,1.546144723892212,5808440
2020-08-31,1.4979435205459595,1.5489254587830719,1.4896009552614162,1.5433637485933764,4764590
2020-09-01,1.4942357540130615,1.5035051978071488,1.472916011186564,1.497016609251385,4062080
2020-09-02,1.4988704919815063,1.5294596789300787,1.4970166253029085,1.5238980788942849,2653400
2020-09-03,1.508139967918396,1.52389811127251,1.497016657109984,1.52389811127251,3076550
2020-09-04,1.5211172103881836,1.5387291094323228,1.5025783227625693,1.5025783227625693,4123730
2020-09-07,1.5294595956802368,1.5387290390691701,1.5201901522913037,1.5257518625248563,2507780
2020-09-08,1.5619027614593506,1.5720991941310496,1.5229711184864363,1.5322405625514393,7324840
2020-09-09,1.5924922227859497,1.6110311128171353,1.5730263440530046,1.5822957890685974,8587910
2020-09-10,1.5915650129318237,1.611957767032398,1.5850764244226163,1.6063961670961426,4544280
2020-09-11,1.5887842178344727,1.6026883839519857,1.5767339184325302,1.5897112064425027,2348930
2020-09-14,1.575806975364685,1.5832224419212753,1.5702452649467573,1.578587720073164,2473890
2020-09-15,1.5878573656082153,1.6110309761817885,1.5730262106409318,1.585076510239288,5279190
2020-09-16,1.6388392448425293,1.6406931115158883,1.5961997588528332,1.5999074921995515,6040440
2020-09-17,1.7167025804519653,1.7509996099790572,1.6175194460905662,1.6379121997955375,22543870
2020-09-18,1.6731362342834473,1.7426571766652366,1.6666476454079577,1.7306068770390468,10263450
2020-09-21,1.6499624252319336,1.6907480413310467,1.63142353895974,1.6740630215859766,12064700
2020-09-22,1.661085844039917,1.6703552871684484,1.6545971454495623,1.659231867013828,7601780
2020-09-23,1.6898211240768433,1.7102139882366043,1.6638666601011791,1.6675745038122645,9314550
2020-09-24,1.6898211240768433,1.7102139882366043,1.6731361036281676,1.6842595242609402,8910840
2020-09-25,1.7537803649902344,1.7574882087315038,1.6944558596342798,1.7037254137372113,10171200
2020-09-28,1.7788081169128418,1.7973470058456726,1.755634505746803,1.756561383893148,14126040
2020-09-29,1.7537803649902344,1.80476241530418,1.728752889363723,1.77880795111723,9709580
2020-09-30,1.7528537511825562,1.777881230582097,1.7389495836827558,1.7547076180824295,8384110
2020-10-01,1.783442735671997,1.8047624788078953,1.7602691258504743,1.783442735671997,11141820
2020-10-02,1.8056893348693848,1.824228333000898,1.7815888472493422,1.786223569157099,7290040
2020-10-05,1.8316439390182495,1.8594523830811527,1.8140320386289221,1.8186667608893237,16895550
2020-10-06,1.855744481086731,1.8928222558055838,1.8307168947511174,1.8455480488388525,24667650
2020-10-07,1.8307169675827026,1.8594522883331877,1.812178079485742,1.8529635890988598,10276690
2020-10-08,1.7890044450759888,1.8344247894026378,1.7704655560856408,1.818666755860941,7983650
2020-10-09,1.788077473640442,1.8149588170738138,1.7769541629266496,1.7862236069382247,9426120
2020-10-12,1.8297901153564453,1.8325709708783513,1.7852967585074417,1.7927123363990252,14732130
2020-10-13,1.855744481086731,1.8594522143584222,1.789004287691923,1.8260821729112606,15171150
2020-10-14,1.8724294900894165,1.8965300891282864,1.8381325687652483,1.861306068686559,12269640
2020-10-15,1.8983839750289917,1.9076534187517487,1.8474019240533426,1.8538905125591754,13432720
2020-10-16,1.9020916223526,1.9317539293252186,1.8946759351089648,1.9095070885952743,9785500
2020-10-19,1.9169228076934814,1.9558543376159094,1.9095071203266158,1.9113610974185733,10011400
2020-10-20,1.9039454460144043,1.9280460436602544,1.8687216486096019,1.9206305771542862,10260030
2020-10-21,1.894675850868225,1.9280458894784882,1.870575255149649,1.913214736651599,6805810
2020-10-22,1.8575981855392456,1.9076533568178176,1.8575981855392456,1.8909682260579723,6902590
2020-10-23,1.8779910802841187,1.931753985613435,1.8613059492504824,1.8779910802841187,10618510
2020-10-26,1.7417302131652832,1.877991244519145,1.7333877574193801,1.877991244519145,7308410
2020-10-27,1.7704654932022095,1.7751002152851802,1.7065062621569178,1.7611960490362677,7096970
2020-10-28,1.685186505317688,1.7797349234724773,1.6824057604900093,1.7686116126602933,3102120
2020-10-30,1.6388392448425293,1.6657206983579418,1.5961997588528332,1.6657206983579418,7533800
2020-11-02,1.6221543550491333,1.663866855827361,1.6036154658143653,1.605469332637743,6700760
2020-11-03,1.7000175714492798,1.7435840448184152,1.6240080454438428,1.640693066042609,17496300
2020-11-04,1.7194833755493164,1.7408031170644898,1.684259469198223,1.7380222619972099,9966970
2020-11-05,1.7992007732391357,1.8279360936976927,1.7148487890547173,1.7204103891270106,11658110
2020-11-06,1.8038355112075806,1.8288630985064822,1.7713924570798818,1.8038355112075806,3480870
2020-11-09,1.8761370182037354,1.8872604383890763,1.8214473477945494,1.8251550808560106,11138320
2020-11-10,1.9354616403579712,1.9373153963970033,1.8325706661591108,1.8816987372087928,13804590
2020-11-11,2.0670876502990723,2.08191880238296,1.9261920370035515,1.9595620739420634,26956020
2020-11-12,2.017033100128174,2.0930424103067056,1.9706856579204093,2.0689420320799656,15114170
2020-11-13,2.0596721172332764,2.094896133682347,1.9966399924310863,2.030010031856169,16835340
2020-11-16,2.0392792224884033,2.148658770339254,2.0337175131059992,2.072649257781899,33285670
2020-11-17,1.9892244338989258,2.0800651149271476,1.9799549901818196,2.0726496483538512,11205800
2020-11-18,1.9465850591659546,2.0207408341158177,1.9132150156887622,1.9762473691458997,17251270
2020-11-19,1.9818086624145508,2.0188864315783768,1.92248405495168,1.94843862596692,17440980
2020-11-20,2.0652341842651367,2.0782115836741877,1.9984940938794276,2.002202048568296,13656040
2020-11-23,1.9799549579620361,2.0874807685318655,1.9484388940369302,2.076357347851961,16447580
2020-11-24,1.9762473106384277,2.0022018863527316,1.9447312453433945,1.9799550440259064,7898790
2020-11-25,1.9836633205413818,2.0040559679845638,1.9577087406123146,1.9836633205413818,12377250
2020-11-26,1.9947857856750488,2.031863553877042,1.965123482713082,1.9929320298655078,10888410
2020-11-27,1.9873708486557007,2.0392797821354844,1.9725396932327641,2.0114714485928493,11396710
2020-11-30,1.937315583229065,1.9762473368157207,1.9076534947353565,1.9743935805979151,9698350
2020-12-01,2.0040557384490967,2.007763472014007,1.9336079167118498,1.9336079167118498,10426320
2020-12-02,1.9910781383514404,2.037425350589414,1.968831520677401,2.01703270980527,12535180
2020-12-03,2.063380241394043,2.074503441452138,1.9725395587475743,1.996640157041575,16811510
2020-12-04,2.0411336421966553,2.0893348445212108,2.017033262035379,2.078211643139314,15166690
2020-12-07,2.083772897720337,2.08748085209605,2.011471323409548,2.0374256780336832,11409940
2020-12-08,2.150512933731079,2.2487693024411097,2.085626827640319,2.1041657150948216,37561540
2020-12-09,2.1134352684020996,2.1486592889925764,2.0893346692614534,2.1134352684020996,16583880
2020-12-10,2.1078734397888184,2.1857369435809506,2.0967502399620637,2.1375357479954373,18114670
2020-12-11,2.2042758464813232,2.2710159299156834,2.0874808109716794,2.102311744178451,40489090
2020-12-14,2.2784316539764404,2.371126322998872,2.228376696245065,2.2339384073265505,32074690
2020-12-15,2.254330635070801,2.298824094467331,2.243207435972385,2.28955465138484,10348770
2020-12-16,2.254330635070801,2.335901866797295,2.2320840158730135,2.2747234982526634,12988730
2020-12-17,2.254330635070801,2.2784312312854684,2.2320840158730135,2.2784312312854684,5381230
2020-12-18,2.3173635005950928,2.3544412812444535,2.2413539618635014,2.2636005860529167,15579470
2020-12-21,2.3396100997924805,2.3915190363472885,2.259892828047705,2.308094030777384,18511940
2020-12-22,2.3637101650238037,2.3970802038830192,2.308093507258762,2.3396095691254284,12164790
2020-12-23,2.410057783126831,2.428596672150807,2.3748339823816718,2.382249449590866,15614620
2020-12-24,2.6047158241271973,2.6529170144642564,2.398934108227912,2.411911283779906,41383040
2020-12-25,2.5490994453430176,2.6288167052641502,2.521291114277574,2.604716107473905,13170440
2020-12-28,2.4934825897216797,2.6028621493586535,2.491628612727461,2.5528069805242835,11363230
2020-12-29,2.4675283432006836,2.5398301405246597,2.4638206097227573,2.5398301405246597,14982420
2020-12-30,2.500898599624634,2.591739293080451,2.4619668422862833,2.4934831320368533,20701940
2020-12-31,2.4471354484558105,2.523144750488004,2.437866005207912,2.5157292842900687,9614550
2021-01-04,2.4489893913269043,2.489775121529781,2.434158236798674,2.4564050790915073,13141880
2021-01-05,2.4879212379455566,2.5416841475080796,2.428596617600568,2.436012305644184,17942610
2021-01-06,2.524998903274536,2.576907833275753,2.5083139926674547,2.5175834365604945,20749320
2021-01-07,2.491628885269165,2.562076703740964,2.4842134184830713,2.5342683717916468,13969120
2021-01-08,2.628816604614258,2.6510632244146595,2.5083138412777086,2.5305604610781103,35582440
2021-01-11,2.654771566390991,2.7103882345176515,2.576908054212871,2.630670966002573,22313430
2021-01-12,2.5713460445404053,2.664040701652763,2.5657843341735282,2.641793860185255,11973970
2021-01-13,2.634378433227539,2.660332787327805,2.5769077935757005,2.586177237325934,13981850
2021-01-14,2.599154472351074,2.667748534433595,2.5935929827776603,2.638086225370831,10687300
2021-01-15,2.5713460445404053,2.623254972962977,2.5416839575853416,2.59544664212956,8013610
2021-01-18,2.7048263549804688,2.7326346873111995,2.5249989624409577,2.5880313149912024,20111920
2021-01-19,2.758589029312134,2.90133863329619,2.699264415240388,2.747465608923441,31168720
2021-01-20,2.7956669330596924,2.8086441101180757,2.6862873641368132,2.7622968913374417,16057620
2021-01-21,2.7938132286071777,2.901339051874817,2.7919594722755936,2.8735304968911217,18116020
2021-01-22,2.784543752670288,2.8049366190956144,2.7196576407727844,2.786397729982042,9007860
2021-01-25,2.7752740383148193,2.8605530083472415,2.734488530430127,2.8605530083472415,11783620
2021-01-26,2.7622969150543213,2.7975207132296434,2.7122419625416625,2.7622969150543213,10562510
2021-01-27,2.539829969406128,2.7752740129048776,2.4971904847803166,2.7697123025622123,15512900
2021-01-28,2.6047158241271973,2.6047158241271973,2.430450169140168,2.526852549814287,15019670
2021-01-29,2.5231447219848633,2.6399399707901408,2.5231447219848633,2.5305604090999854,10083090
2021-02-01,2.606570243835449,2.6714563536184137,2.517583534790044,2.543537890302836,13709110
2021-02-02,2.654771566390991,2.743758279593847,2.615839810301931,2.630670966002573,20864020
2021-02-03,2.647355556488037,2.6788718413992534,2.6232549590269167,2.654771243938133,7539500
2021-02-04,2.771566152572632,2.7789816186888006,2.651063170677712,2.651063170677712,22127860
2021-02-05,2.7923402786254883,2.850048678114869,2.7122932225940226,2.7830324865733473,19708140
2021-02-08,2.7588322162628174,2.838879273263613,2.7271857672853685,2.7997864574051197,12372610
2021-02-09,2.7830324172973633,2.827709951184675,2.7458012500155675,2.7588321141811436,14622030
2021-02-10,2.7476630210876465,2.8090944992182387,2.7048471289411555,2.7848944149711388,8509230
2021-02-11,2.6880927085876465,2.766278111326183,2.676923270232748,2.749524175709086,7879910
2021-02-12,2.7532474994659424,2.788617242878612,2.6527232108310224,2.6806468092701143,10739010
2021-02-15,2.969188690185547,3.0268970924086456,2.768140106037064,2.7867556910231888,31253130
2021-02-16,2.898449420928955,3.019450723258352,2.8426024440924174,2.9933889930612083,19065710
2021-02-17,2.838879108428955,2.9319572465883392,2.7923401503068916,2.9319572465883392,13018700
2021-02-18,2.881695508956909,2.9300961228143376,2.784894503157349,2.8388796154546143,15388950
2021-02-19,3.1590676307678223,3.1665137755157704,2.863079493519775,2.8984492358606873,40362250
2021-02-22,3.0324814319610596,3.179544678818303,3.006419703108012,3.162790741972096,16362060
2021-02-23,2.879833698272705,3.0976362095848815,2.8481870277981036,3.0306200181172476,15117940
2021-02-24,2.6992626190185547,2.8761106851036122,2.6918162515079054,2.8090944870842116,10571860
2021-02-25,2.6750621795654297,2.783032616805812,2.5782609601611215,2.7793095441937874,12460650
2021-02-26,2.598738193511963,2.72718586304635,2.544752863911037,2.5596453762807845,7800710
2021-03-01,2.7793095111846924,2.783032583752499,2.624799891425597,2.6266615386671384,11364700
2021-03-02,2.7011237144470215,2.7979249268516484,2.6825081308177103,2.792340207379803,9535780
2021-03-03,2.6992626190185547,2.7904789011805216,2.658308152498205,2.704847117257431,11029390
2021-03-04,2.665754556655884,2.745801621525244,2.6154922964927168,2.6862315682822744,14240550
2021-03-05,2.639692544937134,2.695539302190009,2.61549223907783,2.628523104720444,12866920
2021-03-08,2.6359691619873047,2.7383548715695314,2.6229382978780733,2.658307817876738,11258210
2021-03-09,2.637830972671509,2.6620310552683835,2.6099073736842024,2.6620310552683835,9951200
2021-03-10,2.628523111343384,2.6974009563277073,2.5857074415405283,2.6471389190565344,13722590
2021-03-11,2.570814609527588,2.649000015794161,2.570814609527588,2.639692224050158,13045770
2021-03-12,2.568953037261963,2.606184205322746,2.5484758060624255,2.5726761096849877,9020650
2021-03-15,2.529860019683838,2.574537550932452,2.527998594578843,2.574537550932452,6381960
2021-03-16,2.541029691696167,2.5745377877358564,2.5056599484650013,2.5298602523778473,7464820
2021-03-17,2.4647057056427,2.5466144094466934,2.4628440584526192,2.5410296897917193,6644840
2021-03-18,2.555922508239746,2.6024614744230754,2.4665676487846953,2.4740137946079095,15948620
2021-03-19,2.520552635192871,2.555922380878915,2.4311977801903453,2.5466145881060536,13431640
2021-03-22,2.26924204826355,2.408859164223759,2.26924204826355,2.3381198935246084,3863720
2021-03-23,2.252488136291504,2.373489445889858,2.0477164673636135,2.1836102902186694,16977600
2021-03-24,2.271103620529175,2.3567354014783306,2.202225777545372,2.289719205786358,44674090
2021-03-25,2.233872413635254,2.3250886911438444,2.215256828681233,2.2748266561510437,21199330
2021-03-26,2.2059485912323,2.280411145434306,2.1631327057843666,2.2524877708267743,16768970
2021-03-29,2.191056489944458,2.2469032439421155,2.1798870503788166,2.2469032439421155,8410880
2021-03-30,2.142655611038208,2.209671796156397,2.120316956637227,2.192917638919227,7093200
2021-03-31,2.092393398284912,2.2022254690666347,2.092393398284912,2.150101793264737,12781630
2021-04-01,2.129625082015991,2.164994605208757,2.0663319590456726,2.0663319590456726,13127360
2021-04-02,2.146378993988037,2.1854718112881613,2.129625056239571,2.1407942741001222,9280080
2021-04-05,2.198502779006958,2.2227030850403477,2.146379094146262,2.159409959882614,10330800
2021-04-06,2.142655611038208,2.250626032877403,2.142655611038208,2.202225430079239,14249900
2021-04-07,2.090532064437866,2.1724407648211885,2.0551623227103204,2.142655742515388,11229170
2021-04-08,2.075639486312866,2.129624809760845,2.075639486312866,2.0942550691745305,9541320
2021-04-09,2.0291008949279785,2.1147326802938715,2.0067620139349334,2.075639860471335,10573240
2021-04-12,1.986284613609314,2.0384082892024327,1.978838247430155,2.0291004979149205,8929550
2021-04-13,1.9192687273025513,2.045854752964525,1.9062378618480724,1.986284923804562,15228820
2021-04-14,1.9937307834625244,2.0067616470492413,1.9397456820681602,1.9397456820681602,7157570
2021-04-15,1.973253846168518,2.0197930320188555,1.9620846279732762,2.004900519176582,6332420
2021-04-16,2.0049004554748535,2.0365469055621293,1.9807001506144857,1.9807001506144857,6165630
2021-04-19,1.9546382427215576,2.0477163916558543,1.9229917919181494,2.0365469516474595,9673220
2021-04-20,1.8969299793243408,1.967669245191609,1.8531832667456256,1.94719201336428,5567680
2021-04-21,1.8410831689834595,1.8987914607611536,1.816882863903633,1.893206740832689,11140830
2021-04-22,1.850390911102295,1.8606294160817745,1.788959437394871,1.8261906066823674,9115670
2021-04-26,1.8987914323806763,1.8987914323806763,1.8392214942121023,1.8429446777613097,7929160
2021-04-27,1.9453303813934326,1.9751154057548914,1.9043761393328826,1.906237786573702,10004570
2021-04-28,1.9527769088745117,1.958361629140515,1.906237943183306,1.945330541214743,8205540
2021-04-29,2.0402698516845703,2.077501241256702,1.9564997244566178,1.9564997244566178,12337050
2021-04-30,2.0011773109436035,2.0533009914045857,1.9918695187868305,2.03468540709104,5384550
2021-05-03,2.0533013343811035,2.062609128092619,2.001177645213556,2.0142085120266167,7586930
2021-05-04,2.181748628616333,2.2580726120989207,2.057024037766944,2.057024037766944,38218840
2021-05-05,2.2059485912323,2.246903051522217,2.168717425088924,2.1743021443934816,18156190
2021-05-06,2.2059485912323,2.2338721877550864,2.1798868636980386,2.211533310536857,12567990
2021-05-07,2.230149269104004,2.2729651617609488,2.189195023833779,2.220841476000985,19904290
2021-05-10,2.3809354305267334,2.427474388271554,2.2971650846708007,2.328811753469483,31257310
2021-05-11,2.3641817569732666,2.418167092167162,2.3288122306066428,2.3306736561486594,15496680
2021-05-12,2.3623201847076416,2.373489403011924,2.3232273658544367,2.3641816101340454,3447810
2021-05-17,2.3995511531829834,2.4386437468131117,2.379073921818201,2.379073921818201,7469000
2021-05-18,2.3474276065826416,2.4181668748746756,2.3455659592926086,2.4051360095902887,6345260
2021-05-20,2.3455657958984375,2.3585966602750834,2.269241812968381,2.312057700419016,29192810
2021-05-21,2.3083343505859375,2.3604580237432913,2.2841340499862475,2.353011879827343,5307780
2021-05-24,2.2766880989074707,2.299026754462655,2.2562108685313187,2.284134243454113,5078770
2021-05-25,2.163132905960083,2.3213655986274935,2.118455591219708,2.27854970921739,14175940
2021-05-26,2.150101900100708,2.176163850254269,2.10170129404071,2.163132764219858,5732000
2021-05-27,2.120317220687866,2.16127146250905,2.118455573457928,2.1426558778707596,38657190
2021-05-28,2.157548189163208,2.2189796571352436,2.0849472826816196,2.1221784484931256,7325270
2021-05-31,2.1167001724243164,2.1785700508362402,2.1054512458487644,2.1673211242606887,4754440
2021-06-01,2.12982439994812,2.146697902706554,2.1204501820825494,2.1223248915562736,3981820
2021-06-02,2.1429481506347656,2.146697792889379,2.103576348213892,2.114825498476705,3998250
2021-06-03,2.1429481506347656,2.1823199530556394,2.1073259904685053,2.1541973008975788,7131360
2021-06-04,2.1598215103149414,2.1898190933745814,2.13732343476969,2.1448229422840788,5747130
2021-06-07,2.2048180103302,2.2123172947722445,2.165446208262043,2.165446208262043,5023610
2021-06-08,2.1748204231262207,2.221691509583882,2.1748204231262207,2.2029430750008174,4839030
2021-06-09,2.1598215103149414,2.1973186008889702,2.1560718683072255,2.186069451366866,3080630
2021-06-10,2.2029430866241455,2.2291910292783093,2.1448230732093703,2.1579469327869667,63229120
2021-06-11,2.195443630218506,2.2404400040308414,2.187944346332593,2.2085674887683293,5845940
2021-06-14,2.146697759628296,2.2254413632499848,2.1354488330387467,2.2123172803137243,5127250
2021-06-15,2.1523220539093018,2.171070485945182,2.1279490475628697,2.15607169561669,5044000
2021-06-16,2.11857533454895,2.1635717162177195,2.0923276128664123,2.156072207523428,5573440
2021-06-17,2.1054511070251465,2.131698824136417,2.0792031664149224,2.1054511070251465,6270210
2021-06-18,2.081078290939331,2.112950585654514,2.049205996224148,2.112950585654514,6250670
2021-06-21,2.0848276615142822,2.0848276615142822,2.037956580248015,2.062329587206263,6589190
2021-06-22,2.090452194213867,2.120449775024721,2.056704971676392,2.088577261601086,3404780
2021-06-23,2.0998265743255615,2.1223246499418584,2.0867027155076348,2.1223246499418584,5086820
2021-06-24,2.092327356338501,2.116700141984514,2.088577490701608,2.09795170779591,3253350
2021-06-25,2.0679545402526855,2.1279494905574072,2.064204674265714,2.0979519036555536,6234290
2021-06-28,2.0473310947418213,2.077328680521644,2.0117089336909095,2.0679544629028217,6977000
2021-06-29,2.0398316383361816,2.045455989634843,2.0004598382517993,2.0398316383361816,2734610
2021-06-30,2.0342071056365967,2.049205897574332,2.006084454565455,2.0454560319656756,3614520
2021-07-01,2.0285825729370117,2.058580157436726,2.0154587135304998,2.034207147968079,5351370
2021-07-02,2.052955389022827,2.067954179859839,2.01358359101304,2.0360816655190836,6286400
2021-07-05,2.097951650619507,2.126074301135974,2.060454783264217,2.064204425299954,7085470
2021-07-06,2.1579465866088867,2.163571160810982,2.0867025015465295,2.101701291585805,8867700
2021-07-07,2.1654458045959473,2.2254409629443357,2.154196880029821,2.1560715890413777,9491510
2021-07-08,2.1598215103149414,2.187944384120202,2.1316988600086377,2.1616964430682777,38570630
2021-07-09,2.2310657501220703,2.2423146757628647,2.1598214369022903,2.178569869802564,10381090
2021-07-12,2.1860694885253906,2.2910608075198025,2.176695271597281,2.231065863879693,12565750
2021-07-13,2.1579465866088867,2.1898188757555124,2.142947796569611,2.1879441666874375,7756750
2021-07-14,2.21231746673584,2.2385654113211895,2.156072158551646,2.157947091557381,7766170
2021-07-16,2.270437240600586,2.2723121732204024,2.2085673696328807,2.2291907344550963,8410740
2021-07-19,2.2404398918151855,2.2854360398748708,2.236690026561093,2.259188324089878,3158460
2021-07-26,2.238564968109131,2.270437258403335,2.214191961355112,2.2498141169183525,7415020
2021-07-27,2.3060598373413086,2.3266832061115252,2.2441899545296433,2.257313814883879,12418360
2021-07-28,2.2254412174224854,2.309809167061047,2.2254412174224854,2.3004349504345405,8189500
2021-07-29,2.221691370010376,2.2610631695609418,2.212317153307761,2.2329405194530967,7931500
2021-07-30,2.195443630218506,2.2404400040308414,2.193568697497551,2.2198166380961517,4486110
2021-08-02,2.216067314147949,2.2404403255230023,2.1954439452539076,2.2029432302159306,5330710
2021-08-03,2.206692695617676,2.249814135068989,2.201068121167688,2.2254411281183386,5310500
2021-08-04,2.1766951084136963,2.225441122185035,2.1766951084136963,2.2123170406704054,5569960
2021-08-05,2.1598215103149414,2.178569943852477,2.1279492180009223,2.1729455925903824,11240030
2021-08-06,2.1598215103149414,2.1804448766058138,2.1598215103149414,2.1598215103149414,5032250
2021-08-09,2.1916942596435547,2.2160672705389826,2.1560720980274737,2.165446315795024,10065730
2021-08-10,2.187944173812866,2.2104422471955805,2.176695025372041,2.1916938154601624,5609180
2021-08-11,2.1204497814178467,2.1935685775537115,2.1204497814178467,2.1860692940778583,7246260
2021-08-12,2.1860694885253906,2.1916940633820485,2.1279492541715266,2.129824186956733,6274280
2021-08-13,2.238564968109131,2.240439900743649,2.18044473842639,2.1935685963711866,10554020
2021-08-16,2.223566770553589,2.2629385783873572,2.2160674850133484,2.2460648506733123,12251260
2021-08-17,2.238564968109131,2.276061832807946,2.219816535759723,2.234815326339038,18244950
2021-08-18,2.32480788230896,2.3604298149247604,2.2498141517502668,2.255438502743011,20634380
2021-08-19,2.3698043823242188,2.3773036663842406,2.285436207404701,2.3154337906427056,13632350
2021-08-20,2.3154337406158447,2.386677831642599,2.279811583352991,2.3810532569696266,13290360
2021-08-23,2.358555316925049,2.369804466915584,2.311684231129429,2.3285577326162654,7960220
2021-08-24,2.313558578491211,2.3660542310688264,2.311683869452076,2.362304589491625,10472770
2021-08-25,2.2891857624053955,2.336057068244953,2.2760619040498153,2.3173084118097598,7562590
2021-08-26,2.2404398918151855,2.30980904653176,2.2348153174329894,2.289185681630021,9468360
2021-08-27,2.2460644245147705,2.2498142900724103,2.214192131767556,2.2498142900724103,4834710
2021-08-31,2.259188413619995,2.2704373393312327,2.2179416821819373,2.253563839014901,11577620
2021-09-01,2.247939109802246,2.279811399040417,2.2423145355839957,2.2685624741028523,8046280
2021-09-02,2.27606201171875,2.298560087606721,2.246064428202148,2.251689003048881,9563280
2021-09-03,2.259188413619995,2.285436130445167,2.253563839014901,2.2798115558400727,5207140
2021-09-06,2.2779369354248047,2.300435011223138,2.2629381437262626,2.268562718550586,10033640
2021-09-07,2.2535641193389893,2.307934492453891,2.2498144769688198,2.2891860571040654,8252700
2021-09-08,2.21231746673584,2.276062283443985,2.21231746673584,2.2610634898950694,10620300
2021-09-09,2.223566770553589,2.22919134645827,2.2048183332039852,2.2123176187442257,6801880
2021-09-10,2.184194564819336,2.2404400901207535,2.1673210636781843,2.2273160075676772,5079840
2021-09-13,2.1523220539093018,2.1935685596884507,2.1448227704945255,2.1841943436705105,7093390
2021-09-14,2.150447130203247,2.165445920593794,2.1448227793683645,2.15607170453707,3639780
2021-09-15,2.146697759628296,2.163571484761073,2.133573900191004,2.1541972675202974,4923660
2021-09-16,2.1373236179351807,2.174820488223679,2.1354489085201416,2.1504474778363596,4926430
2021-09-17,2.1260743141174316,2.159821539643039,2.1260743141174316,2.1579468303632034,5228970
2021-09-20,2.081078290939331,2.118575160839305,2.0660794982795463,2.118575160839305,5329890
2021-09-21,2.0829524993896484,2.096076579497508,2.0660790013922874,2.0885770732217424,4132440
2021-09-22,2.11857533454895,2.146697989279809,2.0810784615744717,2.0904526798180916,6141290
2021-09-23,2.0942018032073975,2.1354485320523557,2.0867025198713707,2.1223244509659036,5600830
2021-09-24,2.0960769653320312,2.0960769653320312,2.0417063729454394,2.090452390464596,5546620
2021-09-27,2.103576183319092,2.122324616621483,2.077328466095326,2.0979516086285837,9100060
2021-09-28,2.107325553894043,2.118574701826371,2.082952549039949,2.1035759124162423,5279540
2021-09-29,2.1335740089416504,2.15232244437883,2.109200998173521,2.1167002829488006,5691930
2021-09-30,2.1373236179351807,2.157946985993445,2.120450115704947,2.120450115704947,6035390
2021-10-01,2.21231746673584,2.2385654113211895,2.1391986554959828,2.1391986554959828,18632700
2021-10-04,2.2179417610168457,2.276061994837071,2.206692834905774,2.2216914030538693,10893140
2021-10-05,2.216067314147949,2.2423150350140153,2.2010685207249177,2.217942023638962,10252380
2021-10-06,2.1991934776306152,2.2498144308363432,2.176695400371944,2.2066929857161552,10334500
2021-10-07,2.2291908264160156,2.2535638339843835,2.216066968032725,2.216066968032725,7900370
2021-10-08,2.26106333732605,2.2854363472610553,2.229191042872107,2.229191042872107,11154470
2021-10-11,2.2798116207122803,2.2966853450077065,2.2629381199158116,2.266687761926254,5978320
2021-10-12,2.24981427192688,2.287311139209168,2.2348154803141727,2.2554386232200563,10316180
2021-10-13,2.221691370010376,2.270437386263557,2.208567511326506,2.257313527579687,7640250
2021-10-14,2.2029430866241455,2.2404401794870896,2.1991934443875425,2.214192236832926,5849900
2021-10-15,2.1804449558258057,2.2291909741940232,2.17294567153791,2.2085676071538622,5935360
2021-10-18,2.1710708141326904,2.191694181889243,2.1523223792627237,2.1804450315676736,3724300
2021-10-19,2.302309989929199,2.302309989929199,2.1804449446341563,2.1823198774459893,15114880
2021-10-20,2.2629377841949463,2.3248076504348147,2.253563568810085,2.309808861119252,14578470
2021-10-21,2.3004348278045654,2.319183260058151,2.238564956667945,2.2629379632973947,15629890
2021-10-22,2.3435566425323486,2.366054720144962,2.298560263808145,2.315433989641838,19950080
2021-10-25,2.4541726112365723,2.4672964715749965,2.3116844099934353,2.343556706100747,21159700
2021-10-26,2.5497891902923584,2.553538831962871,2.4410482408538687,2.454172098450132,21681810
2021-10-27,2.568537712097168,2.5966603608593077,2.5254162726287643,2.5497892795890746,15428350
2021-10-28,2.574162721633911,2.5816620065050984,2.5535393529896724,2.5685381462310293,4826620
2021-11-01,2.5479142665863037,2.564787989410816,2.5104174027526382,2.5310407672607296,10899350
2021-11-02,2.5554139614105225,2.5779120366657327,2.514167229360523,2.549789386721981,8289770
2021-11-03,2.6304075717926025,2.636032146218559,2.4279242334518325,2.5554138421103665,21782940
2021-11-04,2.70915150642395,2.70915150642395,2.636032476716944,2.658530553742572,12510810
2021-11-05,2.7560224533081055,2.7597720953720146,2.677278852471206,2.718525585671091,13084900
2021-11-08,2.7560224533081055,2.7822701712544315,2.733524153926728,2.7578971625905795,10136030
2021-11-09,2.8047685623168945,2.8141427795325686,2.6247832788773966,2.756022543395802,17937210
2021-11-10,2.8141427040100098,2.8422653549023105,2.787894762411152,2.8103928384252,13611260
2021-11-11,2.8853867053985596,2.906009847960934,2.8028934646521977,2.8141426140490964,13023710
2021-11-12,2.8685128688812256,2.9116343085473932,2.846014794468122,2.896635517772342,7523040
2021-11-15,2.8760125637054443,2.949131366194467,2.8722626981427575,2.8722626981427575,13044880
2021-11-16,2.9772541522979736,2.9997522275133854,2.857264045317522,2.8928859791170107,16820380
2021-11-17,3.001627206802368,3.0466235847805545,2.9322580421890097,2.988503347037512,12851630
2021-11-18,3.1141178607940674,3.1141178607940674,2.945381732459634,2.945381732459634,16425820
2021-11-19,3.1684882640838623,3.1778624804598934,3.0934943095766636,3.1216169587047573,9461030
2021-11-22,3.159114122390747,3.2453570105900917,3.1234921861991305,3.1947362820813323,12591000
2021-11-23,3.258481025695801,3.3334747622207836,3.059747311006046,3.159114056601441,24914720
2021-11-24,3.374721050262451,3.3765959829516294,3.258480811007139,3.258480811007139,9763140
2021-11-25,3.4440903663635254,3.5059602384629396,3.3747209871466075,3.3840952034192777,9958020
2021-11-26,3.4665889739990234,3.479712834099875,3.397219807609682,3.4440908961834236,10013970
2021-11-29,3.5134596824645996,3.5153346152042992,3.4422155908403504,3.4665885989616667,8658410
2021-11-30,3.5809543132781982,3.590328530453051,3.5003360008746727,3.513459860219673,8558930
2021-12-01,3.614701509475708,3.695319821202748,3.588453791005958,3.6090769345182,9295820
2021-12-02,3.620326042175293,3.6559482008244033,3.57720459933635,3.6165764000803766,5877900
2021-12-03,3.6446988582611084,3.6559480074498167,3.5940781339098224,3.618450917987106,7219300
2021-12-06,3.764688730239868,3.7796877447854444,3.6184509086584273,3.6446988488647607,9917550
2021-12-07,3.76656436920166,3.8209349657771248,3.729067275029524,3.7759383633709707,8717520
2021-12-08,3.9840457439422607,4.030917049140739,3.8321831263372537,3.9371744387437824,16397830
2021-12-09,4.068414211273193,4.077788204797944,3.9840460345608046,3.9840460345608046,6445360
2021-12-10,4.216527462005615,4.216527462005615,3.9915457804185173,4.068414681801718,9902030
2021-12-13,4.452757358551025,4.4996286674402075,4.235275432940829,4.235275432940829,12503870
2021-12-14,4.49962854385376,4.660865162567182,4.413385659704913,4.658990006304526,10825990
2021-12-15,4.389012813568115,4.544624863243611,4.314019076230428,4.529625847577313,11546670
2021-12-16,4.222151756286621,4.424634675128044,3.950299225770171,4.405886240161322,60779720
2021-12-17,3.8003110885620117,4.368389128289012,3.8003110885620117,4.274646958647216,39226340
2021-12-20,3.77781343460083,3.927800913910737,3.425342366524807,3.7178182640776885,19657150
2021-12-21,3.5978281497955322,4.0365421082724895,3.447840446850533,3.954048636978817,10539670
2021-12-22,3.374721050262451,3.652198125321757,3.374721050262451,3.5753294610486415,8965900
2021-12-23,3.6821956634521484,3.702819028791419,3.3278499283445866,3.421592315205768,13830830
2021-12-24,3.787187337875366,3.9071776760485077,3.6634475810080245,3.7965617786067405,13331490
2021-12-27,3.9090523719787598,4.0215429783815315,3.697194795054779,3.8903039375782975,30903160
2021-12-28,3.614701509475708,3.974671624768633,3.5603311397173836,3.9184263221914843,18264140
2021-12-29,3.5847036838531494,3.639074273447285,3.509709952136231,3.609076691360938,7867700
2021-12-30,3.5622055530548096,3.640949148919212,3.4478400245842797,3.635324574429048,7799880
2021-12-31,3.685945510864258,3.685945510864258,3.4478402238451027,3.562205758925153,8162410
2022-01-03,3.729067087173462,3.7628143137790433,3.609076972964613,3.7478155215655664,7591590
2022-01-04,3.674696445465088,3.7759378943063346,3.646573795953747,3.7515648866967157,16721700
2022-01-05,3.614701509475708,3.7028193289790803,3.564080781856067,3.6840708947866974,7187510
2022-01-06,3.6765713691711426,3.704694020323262,3.5228340307403845,3.592203415714784,12831260
2022-01-07,3.625950574874878,3.702819242671533,3.618451067273349,3.6990696006202484,6737060
2022-01-10,3.5790796279907227,3.659697940935929,3.573455052948226,3.6371998642649097,6613310
2022-01-11,3.5153348445892334,3.6072023083489513,3.5153348445892334,3.5997028003997458,5646920
2022-01-12,3.4609639644622803,3.54908177872495,3.449715038715246,3.543457204101957,6999330
2022-01-13,3.4272167682647705,3.550956740486203,3.4272167682647705,3.460963992779897,8178370
2022-01-14,3.489086627960205,3.509709993826916,3.4197174699978325,3.4290916865738006,5889900
2022-01-17,3.4703385829925537,3.54908218983793,3.4665889406425308,3.5078356769897194,7365760
2022-01-18,3.295977830886841,3.489086743443155,3.295977830886841,3.4684636003928055,6919050
2022-01-19,3.374721050262451,3.3859701993996216,3.2359825127327984,3.28097888578253,9617170
2022-01-20,3.299727439880371,3.459089348848688,3.2809790062957407,3.3878452565273007,8907210
2022-01-21,3.27347993850708,3.282854155918655,3.2341081359788775,3.2809792230367507,5379840
2022-01-24,3.061622142791748,3.2697298441810503,3.061622142791748,3.243482126663011,8968570
2022-01-25,3.084120512008667,3.1253672484634625,2.9866286931588326,3.085995444938059,6440740
2022-01-26,3.219109296798706,3.234108089139795,3.0859953220826255,3.095369539358435,5548800
2022-01-27,3.485337018966675,3.485337018966675,3.1572392122082586,3.1853618622019266,12279620
2022-01-28,3.397219657897949,3.5959531540922383,3.384095574876482,3.4834625464725963,12595700
2022-01-31,3.549082040786743,3.562205900210149,3.432841568324943,3.4478403605941077,10098860
2022-02-01,3.700944423675537,3.700944423675537,3.5509569490213666,3.571580092686935,12652080
2022-02-02,3.6915700435638428,3.764688844830702,3.5809541517895944,3.7271922013212273,12469920
2022-02-03,3.5040855407714844,3.749690336482738,3.500335898710777,3.6371997336677566,10076910
2022-02-04,3.45721435546875,3.5603309618750365,3.410343272329053,3.526583737314664,6826330
2022-02-07,3.397219657897949,3.4459656772660487,3.3278502710666604,3.40096930011881,9866590
2022-02-08,3.3615972995758057,3.459089332555848,3.344723798828698,3.4028440320668807,9291720
2022-02-09,3.4422154426574707,3.5247086801707797,3.3597224286431078,3.374720995919213,15447270
2022-02-10,3.4272167682647705,3.520959157917434,3.4253420590410686,3.459089283556195,8526500
2022-02-11,3.43096661567688,3.460963974589028,3.3653468762152277,3.41221818254468,6035380
2022-02-14,3.3184759616851807,3.4028441385578656,3.297852594794241,3.4028441385578656,5342010
2022-02-15,3.339099168777466,3.4103432595833296,3.3072268770613817,3.316601093654286,5868310
2022-02-16,3.4234671592712402,3.4928365416918683,3.355972709591315,3.355972709591315,7951400
2022-02-17,3.354098081588745,3.4572144678479484,3.34847350672936,3.425342174976714,7157490
2022-02-18,3.374721050262451,3.415967781432776,3.339099117159661,3.3728463410722225,4983400
2022-02-21,3.3353497982025146,3.4403411219846673,3.3091018555074907,3.374721376996593,5643180
2022-02-22,3.2697298526763916,3.2997274357740536,3.1984857604436634,3.2997274357740536,4875440
2022-02-23,3.2828540802001953,3.3334748083553456,3.2641056458094755,3.2716049301661765,3243620
2022-02-24,2.9997522830963135,3.095369383907211,2.954755908332791,2.9997522830963135,9109120
2022-02-25,3.0766210556030273,3.12161720840771,2.921008783114505,3.046623471400595,9446470
2022-02-28,3.029749870300293,3.054122655226612,2.909759760936987,2.9641301290788724,10099100
2022-03-01,3.001627206802368,3.0916199627587413,2.9641303369033665,3.037249367305804,7714770
2022-03-02,3.0897445678710938,3.10661806740305,2.9603802519633127,2.9997520488697984,7604280
2022-03-03,3.046623468399048,3.132866355271849,3.029749966988657,3.0972441961291852,9209240
2022-03-04,2.9903781414031982,3.0503730857625486,2.960380557474041,2.9997523584436894,6950740
2022-03-07,2.9716296195983887,3.024125278175237,2.876012519208453,2.986628411120196,7330800
2022-03-08,2.9791290760040283,3.0541228144537955,2.945381849001839,2.9585057085307542,6068250
2022-03-09,3.01287579536438,3.04474808413555,2.98100350659321,2.98100350659321,6098690
2022-03-10,2.9791290760040283,3.0822456898714283,2.9735045009205017,3.0334996704794914,7221840
2022-03-11,3.055997610092163,3.0578725428688056,2.9660050832935534,2.9828785842874974,6594440
2022-03-14,3.207860231399536,3.241607459183632,3.0634971027397353,3.0653720356440086,9732490
2022-03-15,3.144115447998047,3.222858825645255,3.140365582420449,3.2078600338317482,5690810
2022-03-16,3.2153594493865967,3.2884782500719405,3.160988858557407,3.160988858557407,9338760
2022-03-17,3.2753543853759766,3.3334746180690913,3.2303582348063715,3.2303582348063715,10454780
2022-03-18,3.2472314834594727,3.316600860162458,3.2472314834594727,3.2753541312583248,8867580
2022-03-21,3.2341079711914062,3.280979055861058,3.2059853203896154,3.264105554779568,9546250
2022-03-22,3.2284836769104004,3.2584812631055744,3.2191094591617815,3.234108252259368,8519160
2022-03-23,3.1684882640838623,3.23973235324149,3.159113824208883,3.2378574205667046,7642740
2022-03-24,3.1572394371032715,3.2022355908987037,3.1572394371032715,3.177862804633911,61386290
2022-03-25,3.39346981048584,3.4497153380980747,3.1703633034038443,3.1741129456449344,30121580
2022-03-28,3.490961790084839,3.5565813104288257,3.4590894963318384,3.46658878068585,19493010
2022-03-29,3.500335931777954,3.6015776093672294,3.500335931777954,3.513459790863889,26146320
2022-03-30,3.4759631156921387,3.5509570792689367,3.4590896135742186,3.505960701122858,11659200
2022-03-31,3.4347164630889893,3.52095935005626,3.412218386684169,3.492836698675493,10842830
2022-04-01,3.5903286933898926,3.6297004967106377,3.406593983724712,3.4365913459462045,23143980
2022-04-04,3.6072020530700684,3.693444935639283,3.5772044703940926,3.6222008444080562,17623160
2022-04-05,3.7478156089782715,3.7646891109251297,3.6821960870754196,3.7215678896167197,25071620
2022-04-06,3.7046940326690674,3.8153101518343724,3.6953198155871214,3.745940766628801,18489150
2022-04-07,3.6840710639953613,3.730942151629099,3.6746968464686143,3.7065691413597603,8472970
2022-04-08,3.661572217941284,3.7890616020222816,3.6296999277957704,3.691569798959969,22603500
2022-04-11,3.712193012237549,3.7384407269327053,3.6634470009477633,3.672821216695881,15559870
2022-04-12,3.989670515060425,3.9990445083633426,3.691570063162441,3.742191012691737,39182110
2022-04-13,3.847182035446167,4.021542499298854,3.807810014996995,3.9934200745473274,21768820
2022-04-14,3.864055871963501,3.935299737490936,3.850931566763128,3.864055871963501,9084500
2022-04-15,3.858431339263916,3.9146766380260436,3.796561465925785,3.8659306230326194,9730170
2022-04-18,3.8490569591522217,3.9090521242304948,3.820934532832842,3.8865538255766654,11406550
2022-04-19,3.867805242538452,3.9746712630086907,3.792811512594574,3.867805242538452,18813930
2022-04-20,3.9090523719787598,3.9521738157996156,3.837808053058243,3.8715555031778357,12370480
2022-04-21,3.8809292316436768,3.9540482549076654,3.8809292316436768,3.940924396424063,10732740
2022-04-22,3.712193012237549,3.937174190192374,3.695319289791577,3.8790541866534043,11996090
2022-04-25,3.7534401416778564,3.7571895601793033,3.6147013761723037,3.712193409176544,9967330
2022-04-26,3.657822847366333,3.8096854728451275,3.6297001968885088,3.787187173663701,10619560
2022-04-27,3.6840710639953613,3.7234426435083154,3.646574193888372,3.700944566143917,7435070
2022-04-28,3.6934452056884766,3.740316292359859,3.652198470618483,3.7121936403570297,6557670
2022-04-29,3.8434321880340576,3.8434321880340576,3.6803208721248533,3.719692445758693,8337990
2022-05-05,3.864055871963501,3.9071773119135966,3.8396828647309293,3.888428432198177,11308160
2022-05-06,3.8865537643432617,3.93154991394409,3.8228091818255967,3.834058330975279,9204320
2022-05-09,3.841557502746582,3.954048096968079,3.8246837795139914,3.903427374268194,6442330
2022-05-10,3.85280704498291,3.869680322940564,3.835933320027324,3.862181038626281,1037370
2022-05-11,3.5903286933898926,3.7215679632927166,3.556581465329108,3.7121937456924416,13095410
2022-05-12,3.496586322784424,3.6222010104361946,3.4684636715487676,3.61657643548927,8588740
2022-05-13,3.517209529876709,3.569705187830124,3.5153345971466403,3.534083030451506,5004980
2022-05-16,3.447840452194214,3.5303337001167656,3.447840452194214,3.5228341920334567,6451550
2022-05-17,3.370971441268921,3.4890866143656964,3.3690967320604033,3.4684634720782923,6644560
2022-05-18,3.331599712371826,3.402844027766565,3.3278500703770915,3.3822206615470902,5467090
2022-05-20,3.245356798171997,3.3597225541672673,3.245356798171997,3.329724971496411,4138570
2022-05-23,3.3072268962860107,3.3672218381295536,3.252856305631742,3.279104022844869,5083570
2022-05-24,3.3072268962860107,3.3690967708586146,3.2997273888687215,3.3241003968517417,4269020
2022-05-25,3.336148738861084,3.3701332894733778,3.305940424482924,3.3682453964270125,2646220
2022-05-26,3.3984534740448,3.4399902691609126,3.3399247424123724,3.3399247424123724,5052780
2022-05-27,3.3474767208099365,3.473974772362263,3.3418125919974813,3.4078935696445307,5318310
2022-05-30,3.6816582679748535,3.6816582679748535,3.5532720915590583,3.5532720915590583,22555900
2022-05-31,3.7722837924957275,3.7722837924957275,3.608025167628114,3.7194189606458465,16981780
2022-06-01,3.7949399948120117,3.817596511547262,3.747739293398071,3.7760597142464354,8824160
2022-06-02,3.7231948375701904,3.8232605934141626,3.7231948375701904,3.813820228177511,5735620
2022-06-03,3.6835460662841797,3.7703954436568923,3.6552256464979505,3.736410894899279,5832140
2022-06-06,3.7288589477539062,3.76850762627792,3.6910983872817766,3.6910983872817766,5753530
2022-06-07,3.6816582679748535,3.7949399500315835,3.6665539986864837,3.7477392491746127,7460700
2022-06-08,3.5702645778656006,3.7515153642083034,3.5532721900437028,3.6910985104509697,10640230
2022-06-09,3.58725643157959,3.6174649683911837,3.498519164167721,3.5702642702922445,5829110
2022-06-10,3.719419002532959,3.738299283758348,3.5872568088845287,3.5872568088845287,9174830
2022-06-13,3.672217845916748,3.840252238040634,3.640121191741254,3.7288586825972505,10998550
2022-06-14,3.657114028930664,3.7156429907489406,3.628793607096796,3.6948745913758216,5795680
2022-06-15,3.7855000495910645,3.815708138143401,3.615577075706515,3.660889883747108,13364960
2022-06-16,3.964862585067749,4.012063512328171,3.794940057184755,3.794940057184755,28490520
2022-06-17,3.962974786758423,4.01395150132779,3.8345886036484393,3.9761909386733394,14178790
2022-06-20,4.081920623779297,4.112129164076526,3.8799016576198584,3.9629748058311782,23365720
2022-06-21,4.040384292602539,4.1347857001102435,4.038495949353392,4.093248900750287,10329750
2022-06-22,4.2669477462768555,4.2669477462768555,3.9950713277209804,4.049824280088681,17124440
2022-06-23,4.2669477462768555,4.378341544153459,4.206530664344122,4.25561948714679,21666940
2022-06-24,4.444422245025635,4.474630332379928,4.270723492031577,4.293379557547296,18125150
2022-06-27,4.419878005981445,4.419878005981445,4.419878005981445,4.419878005981445,242400
2022-06-28,4.720074653625488,4.847516885341247,4.535047633573959,4.535047633573959,23103340
2022-06-29,4.6181206703186035,4.852236031549835,4.593576263478877,4.823915839129437,24962250
2022-06-30,4.478407382965088,4.653994060821599,4.406662487236618,4.603017341462155,12990390
2022-07-01,4.687978267669678,4.795595823183434,4.540711807388768,4.597352649771872,27618070
2022-07-04,4.610568523406982,4.8333560934366115,4.591688243750643,4.708746157676496,21449810
2022-07-05,4.584136486053467,4.676649996742553,4.4878471893003775,4.597352637560279,11903150
2022-07-06,4.621897220611572,4.7436753285637385,4.5709205057074715,4.629449243163769,13214870
2022-07-07,4.7162981033325195,4.748394983357101,4.61812092079015,4.670985522917475,11189630
2022-07-08,5.088240146636963,5.111840608987486,4.7295148294462495,4.748395109298393,15638050
2022-07-13,5.281763076782227,5.371444742822115,5.092960280079368,5.092960280079368,25605420
2022-07-14,5.305363178253174,5.484726047998703,5.1260003085076455,5.3100833603852164,30092160
2022-07-18,5.272323131561279,5.399764906064175,5.239282754864486,5.362004346941734,19238860
2022-07-19,5.531927585601807,5.678249646872821,5.300643586908555,5.300643586908555,31718360
2022-07-20,5.531927585601807,5.711290475338368,5.48472665930325,5.56496796392596,20601200
2022-07-21,5.531927585601807,5.626328988057525,5.480006476645116,5.574408329242228,17020420
2022-07-22,5.626328945159912,5.749050992487355,5.560247738874044,5.5696881041183355,22598160
2022-07-25,5.44696569442749,5.701849687228933,5.404484953937023,5.649929032263562,19570130
2022-07-26,5.673530101776123,5.9897746979142905,5.446966278256671,5.451686461070731,52698430
2022-07-27,5.914252758026123,6.032254611259677,5.6357683123723215,5.7301701550722415,41062470
2022-07-28,5.975614070892334,6.164417315476838,5.909533317907921,5.966174156240862,31372390
2022-07-29,6.546742916107178,6.560903012785962,5.975613915127464,5.975613915127464,46248130
2022-08-01,7.188673496246338,7.193393678943645,6.796907335197847,6.862988542535946,46615080
2022-08-02,7.04707145690918,7.6606807891418915,6.693065865171206,7.391636683466276,90233240
2022-08-03,7.39635705947876,7.5285190244775135,7.221714350337913,7.268914827052482,51060190
2022-08-04,7.268914222717285,7.7126014578229025,7.268914222717285,7.528518398558909,57985670
2022-08-05,7.5426788330078125,7.703161437989491,6.801627280742116,7.358596215645261,74615060
2022-08-08,7.391636371612549,7.783402507262618,7.268914330287104,7.49075795112289,24953000
2022-08-09,7.268914222717285,7.448277099659836,7.13203208638499,7.401076626869499,16921920
2022-08-10,7.38219690322876,7.533239147749812,7.014030756996601,7.1556330863057855,23784130
2022-08-11,7.320835590362549,7.495478291243171,7.226434191256993,7.410516806977482,14318520
2022-08-12,7.599319934844971,7.670120870516265,7.254754270895958,7.391636409964132,24493490
2022-08-15,7.745642185211182,7.759802732817975,7.410516877587245,7.66540088267155,20115870
2022-08-16,6.971549987792969,7.6229198479299525,6.971549987792969,7.6229198479299525,47548910
2022-08-17,6.853548526763916,7.056511428215931,6.494822749575092,6.494822749575092,43147210
2022-08-18,6.664744853973389,6.85354809595595,6.1974576065604,6.85354809595595,35471780
2022-08-19,6.608104705810547,6.796907517348569,6.542023496701534,6.664745549271953,12374850
2022-08-22,6.7685866355896,6.8724283964956205,6.466501717563613,6.61282421930125,28126730
2022-08-23,6.664744853973389,6.87242837514007,6.664744853973389,6.768586614556729,19362010
2022-08-24,6.518423080444336,6.702505697794042,6.513702897911938,6.674185502882417,14765870
2022-08-25,6.976269721984863,7.009310548335505,6.513702654489528,6.556183395410807,29480690
2022-08-26,6.867708206176758,7.4010766568430535,6.702505425388118,7.0093105254039685,27185710
2022-08-29,6.730826377868652,6.924349361290086,6.69778555011133,6.867708521030743,10198260
2022-08-31,7.009310722351074,7.009310722351074,6.626984494709167,6.778026732720106,14198280
2022-09-01,6.910189151763916,7.179233251170617,6.844107947461666,7.0517910250465725,16380820
2022-09-02,6.905468940734863,7.01875061894921,6.839387736705806,6.89602857581298,7764010
2022-09-05,6.9621100425720215,7.070671542422225,6.811067799252993,6.891309103551575,11461510
2022-09-06,7.410516738891602,7.500198404823942,6.82522761967326,6.971550124548533,30062330
2022-09-07,7.344435691833496,7.570999488696861,7.207553557320276,7.410516442890071,17578770
2022-09-08,7.45299768447876,7.7267624220693145,7.405796758997985,7.405796758997985,24791590
2022-09-09,7.608760833740234,7.722042518822166,7.500198881263999,7.500198881263999,19335540
2022-09-12,8.212929725646973,8.212929725646973,7.353876281854264,7.740922259801942,46778810
2022-09-13,8.316771507263184,8.684936735094045,7.967485208644179,8.30261095993017,47822150
2022-09-14,8.98230266571045,9.053103607631883,8.194050138344096,8.29789145981001,42047400
2022-09-15,8.505574226379395,9.440148735084946,8.505574226379395,8.982301845535114,36871300
2022-09-16,8.604695320129395,8.916220155067291,7.891963985564591,8.307331032336943,66396190
2022-09-19,8.208208084106445,9.01534117539641,8.161008066137056,8.859578775362577,30801600
2022-09-20,7.948606014251709,8.434774041470861,7.882525255316554,8.217650133096635,22741740
2022-09-21,8.057167053222656,8.260130401417003,7.910844995333872,7.95804592054138,18182810
2022-09-22,7.99580717086792,8.217650368125641,7.96276679045537,8.123248509561632,10186880
2022-09-23,7.920285224914551,8.15628894663126,7.858923753109866,8.033566903304642,13515630
2022-09-26,7.9863667488098145,8.26485123930473,7.901405256756066,7.9297254540130355,15905150
2022-09-27,7.788122653961182,8.137408046771574,7.542678572435156,8.071327294161772,12424290
2022-09-28,7.5285186767578125,7.858923799064977,7.5285186767578125,7.788122862192505,8963890
2022-09-29,7.462438583374023,7.740922623176419,7.1603536290018255,7.533239526517758,16058430
2022-09-30,7.717321872711182,7.740921884746872,7.438837409332828,7.523798442972341,7920140
2022-10-03,8.014686584472656,8.090207707272558,7.764523202804031,7.78812321607295,17813290
2022-10-04,8.132688522338867,8.189329815074377,7.929725165437269,8.028847202653708,13772110
2022-10-05,8.434774398803711,8.458374413628114,7.948606350988416,8.15628990251803,14908510
2022-10-06,8.439492225646973,8.666056470177836,8.354531646765938,8.529173887017883,13889900
2022-10-07,8.307331085205078,8.505574245089251,8.302610902793225,8.496133880265543,12755170
2022-10-10,8.321490287780762,8.56221417623395,8.288449912944916,8.354531562899298,15496840
2022-10-11,8.043006896972656,8.354531723235977,7.934444505779363,8.3498115409856,17063020
2022-10-12,7.868363380432129,8.132687271896813,7.830602824508603,8.033566150203557,16772030
2022-10-13,8.373411178588867,8.439491926582246,7.910844142069879,7.925004688189605,18408840
2022-10-14,8.7557373046875,8.774618033674523,8.359250998787122,8.434773014452501,25691800
2022-10-17,8.656615257263184,9.057821702720714,8.543333596242695,8.788777645261726,33830090
2022-10-18,8.316771507263184,8.732137659254672,8.316771507263184,8.67549637020537,19345410
2022-10-19,8.533895492553711,8.628297351876641,8.3450926741907,8.401733069558178,14278010
2022-10-20,8.316771507263184,8.656616540710766,8.307331142374508,8.590535787055535,12177270
2022-10-21,8.212929725646973,8.411172897313197,8.184609529775454,8.354532505570159,11994460
2022-10-24,8.510293960571289,8.548054517511593,8.217648969071913,8.269570072470842,22034210
2022-10-25,8.307331085205078,8.684936675326005,8.227089784769039,8.581095363113436,16402160
2022-10-26,8.151569366455078,8.448933681664972,8.137408818004008,8.363972191524196,9357150
2022-10-27,8.113808631896973,8.29317107372081,8.071327887728705,8.18460957208315,9901490
2022-10-28,8.04772663116455,8.231810148142651,8.038287166416074,8.113808286100458,4126950
2022-10-31,8.123248100280762,8.326211455769304,8.038287512193214,8.198770123496582,10565480
2022-11-01,8.06188678741455,8.231809748598305,8.06188678741455,8.184608826015848,13659320
2022-11-02,7.929725170135498,8.113808696422863,7.929725170135498,8.071327951916764,10203900
2022-11-03,8.288451194763184,8.302611743432502,7.948606129245043,8.019407072025968,20801080
2022-11-04,8.453653335571289,8.599975392612949,8.359251485702808,8.39701294587641,24148640
2022-11-07,8.902060508728027,8.930380702737846,8.477253097167067,8.590535673771814,33719310
2022-11-08,8.5999755859375,9.062543580352113,8.571655390453431,9.02006283698462,30117030
2022-11-09,8.7698974609375,9.001180979034093,8.62357541893408,8.62357541893408,24976470
2022-11-10,8.987021446228027,9.218304967233246,8.651895719677379,8.732137014743083,26071160
2022-11-11,8.6849365234375,9.105023747918324,8.651896147415096,9.029501730932182,19646560
2022-11-14,8.817098617553711,8.949260116992829,8.61413528594913,8.6849362178319,16923980
2022-11-15,8.453653335571289,8.873739676892228,8.420612958202149,8.81709928719735,21240250
2022-11-16,8.481974601745605,8.79821966838117,8.359252541529115,8.458374586439035,22220550
2022-11-17,8.161009788513184,8.533895230807882,8.080768480634655,8.481974119744475,11150290
2022-11-18,8.533895492553711,8.543335858542575,8.15628985582769,8.15628985582769,9741780
2022-11-21,8.543335914611816,8.722698368163105,8.39701384195554,8.543335914611816,10948420
2022-11-22,8.6849365234375,8.741577811106426,8.463093355656554,8.54805483701858,18083940
2022-11-23,8.732137680053711,8.883179917501293,8.58109544260613,8.760457874504445,17135730
2022-11-24,9.100303649902344,9.156944037813311,8.79821828000716,8.864299932946935,29254830
2022-11-25,9.789435386657715,9.864956514208407,9.156945268208528,9.156945268208528,36003460
2022-11-28,9.487350463867188,10.063199261469302,9.487350463867188,10.006558868410899,30008080
2022-11-29,9.685593605041504,9.921597342589594,9.383508208787635,9.534551357055976,22410460
2022-11-30,10.100959777832031,10.21424146371834,9.506230251716802,9.647833034286798,31814880
2022-12-01,9.883835792541504,10.318082662231197,9.770554117876722,10.214240451909772,20903030
2022-12-02,9.534551620483398,10.006559108620541,9.416549748449114,9.912157250879977,17670580
2022-12-05,9.761114120483398,9.902715994071043,9.44014891338313,9.628951711594242,18198320
2022-12-06,9.864954948425293,10.091518295116835,9.610071408467988,9.7139127172976,16775360
2022-12-07,9.440149307250977,10.025438456266603,9.397668563345723,9.902716407238405,14969060
2022-12-08,9.506230354309082,9.515670719972192,9.076703619748608,9.440149595232954,10943620
2022-12-09,9.676152229309082,9.846075190694735,9.506229267923429,9.506229267923429,10093600
2022-12-12,9.987677574157715,10.053758329094888,9.73279401919807,9.73279401919807,22734740
2022-12-13,10.119840621948242,10.270882871483126,9.846076319595559,9.846076319595559,26249350
2022-12-14,9.676152229309082,10.36528263887051,9.676152229309082,10.195360577767575,16180980
2022-12-15,9.931035995483398,10.02543693405285,9.543989176415874,9.770553409604407,11038470
2022-12-16,9.912156105041504,10.138719457088882,9.912156105041504,9.949916663716067,3598140
2022-12-19,10.629607200622559,10.893931100912438,10.506885164703013,10.761768700626149,22122220
2022-12-20,10.66736888885498,10.856171694794854,10.610727596931621,10.76176984168352,12361200
2022-12-21,10.488005638122559,10.922252545657111,10.488005638122559,10.742890103543683,17092280
2022-12-22,10.308642387390137,10.657927779052727,10.223680905580881,10.506885544850821,10249260
2022-12-23,10.05375862121582,10.450244962924655,9.949917303256951,10.32752291427356,15515850
2022-12-26,10.233120918273926,10.469124626166654,10.11983924651934,10.242561282657482,11533070
2022-12-27,10.601286888122559,10.71456946829935,10.091518878458048,10.261441848440473,21354390
2022-12-28,10.167041778564453,11.026095267318652,9.902716935653283,10.620168537355873,28838320
2022-12-29,10.355843544006348,10.403044468328746,10.082079263275736,10.167040746999504,10729410
2022-12-30,10.421924591064453,10.61072739338246,10.233121788746447,10.384164030600852,9148460
2023-01-02,10.554086685180664,10.695688557586664,10.47856556652643,10.497445396048615,18663680
2023-01-03,10.289762496948242,10.686248844197085,10.289762496948242,10.563526793831223,11378100
2023-01-04,10.525765419006348,10.79952969473895,10.091518543677106,10.308642431483094,19137350
2023-01-05,10.05375862121582,10.686248694880733,9.987677864358611,10.610727572677412,12883600
2023-01-06,10.044319152832031,10.100959544324404,9.647832811254268,9.723353933432623,15090290
2023-01-09,9.713912963867188,10.1953607630194,9.676152405126782,10.129279110011641,10993560
2023-01-10,9.232465744018555,9.732794304076132,9.232465744018555,9.723353938727998,10301600
2023-01-11,8.458373069763184,9.350466812576233,8.458373069763184,9.251345685722656,9381100
2023-01-12,8.552775382995605,8.727417635191692,8.085487215636261,8.628296502910038,15413660
2023-01-13,8.595254898071289,8.703817291563901,8.392292458702576,8.54805487513324,6792120
2023-01-16,8.930381774902344,8.958701972312232,8.59525598780111,8.59525598780111,10142680
2023-01-17,9.043663024902344,9.133344696001139,8.87846023086229,8.944541888647992,9634480
2023-01-18,9.14278507232666,9.26550622204024,9.034222670221874,9.06726304901267,7688910
2023-01-19,9.171103477478027,9.322145694045185,9.043661269643504,9.142783286942342,7328980
2023-01-20,9.392948150634766,9.477909636364656,9.175825154020847,9.175825154020847,9415000
2023-01-23,9.38350772857666,9.723353669434934,9.166384733279667,9.440149018813962,8964450
2023-01-24,9.185264587402344,9.383507753331742,8.920940666257401,9.32214718067199,7345510
2023-01-25,8.873740196228027,9.317427476124273,8.675497020128242,9.204145789821942,5187160
2023-01-26,8.991742134094238,9.133344918267197,8.78405949109308,8.873740264091516,15416900
2023-01-27,8.760457992553711,9.024782811931567,8.486693708420244,8.90206076728101,5937510
2023-01-30,8.595254898071289,8.83597879624281,8.595254898071289,8.732137485383278,4856440
2023-01-31,8.590536117553711,8.595255399896862,8.34981220532776,8.590536117553711,4724770
2023-02-01,7.906124114990234,8.623575594030328,7.906124114990234,8.623575594030328,6213570
2023-02-02,7.948606014251709,8.137408825697024,7.50019899946303,7.915565634784132,11944030
2023-02-03,8.279011726379395,8.279011726379395,7.953326309361313,7.981646506407241,8870390
2023-02-06,7.981646537780762,8.222370464324444,7.7503629770504405,8.01940710075137,2712540
2023-02-07,7.306675434112549,7.948605882684014,7.306675434112549,7.948605882684014,6717390
2023-02-08,6.7733073234558105,6.7733073234558105,6.7733073234558105,6.7733073234558105,50
2023-02-15,8.033567428588867,8.033567428588867,7.504918661252708,7.504918661252708,9977470
2023-02-16,7.4577178955078125,8.566935147124049,7.4577178955078125,8.142128616741898,12849350
2023-02-17,7.4577178955078125,7.589879857160266,7.325555933855359,7.481318358338241,5909620
2023-02-20,7.585160255432129,7.599320804299624,7.42939781902107,7.48603866406678,7531760
2023-02-21,7.83060359954834,7.962766008502887,7.504918209796308,7.585159511611076,7304070
2023-02-22,7.608760833740234,7.873084765598074,7.594600285498942,7.835324203904097,4233650
2023-02-23,7.674840927124023,7.764522590988373,7.5332386079612474,7.608760174951728,4674870
2023-02-24,7.802283763885498,7.891964534529972,7.679561714269968,7.684281896980119,5834650
2023-02-27,7.854203224182129,7.948605068817721,7.646520606436166,7.835323395424638,5919700
2023-02-28,8.349812507629395,8.359251972940234,7.882525214137346,7.901405045041837,11879760
2023-03-01,8.505574226379395,9.180545004983207,8.127967736806353,8.326210896254446,48251640
2023-03-02,8.826539993286133,9.071983191918799,8.401732552746756,8.505574771670958,9039030
2023-03-03,8.751018524169922,9.19942505991356,8.425333132743198,8.590535919715174,23317360
2023-03-06,9.05782413482666,9.119184713415969,8.807659836891785,8.807659836891785,9589510
2023-03-07,9.260787010192871,9.459030184731642,9.156944790021301,9.156944790021301,8334640
2023-03-08,9.407109260559082,9.411829443413149,9.109744042732675,9.256067010360258,6286190
2023-03-09,9.506230354309082,9.676153335113778,9.317427542460987,9.449589960896065,7663420
2023-03-10,9.46846866607666,9.846075145155792,9.246625501069104,9.46846866607666,10833020
2023-03-13,9.289107322692871,9.591191820899853,9.223026563780799,9.440149571796363,7090910
2023-03-14,9.32686710357666,9.628951576475421,9.30326619145473,9.322146921152275,7050340
2023-03-15,9.35518741607666,9.73279391225527,9.156944253160647,9.40238834063433,15551400
2023-03-16,9.36462688446045,9.619510412216508,9.265504862351166,9.562870028396347,6275260
2023-03-17,9.171103477478027,9.515668646557184,9.171103477478027,9.440147538273605,5436990
2023-03-20,9.109743118286133,9.251345888689958,9.02478253638312,9.199424782846949,5995200
2023-03-21,8.835979461669922,9.18054559693257,8.684937216214797,9.138064852862966,4486540
2023-03-22,8.987021446228027,9.05782237710184,8.821818674000676,8.920939797167478,2925150
2023-03-23,9.227745056152344,9.237185420983645,8.987022054933362,8.987022054933362,2750830
2023-03-24,9.251346588134766,9.359908090120872,9.10502452457598,9.331587894012062,6136330
2023-03-27,9.114463806152344,9.440149205832753,9.114463806152344,9.440149205832753,3891650
2023-03-28,8.883180618286133,9.142785272126508,8.826540224916362,9.119184357986754,3144970
2023-03-29,9.048382759094238,9.048382759094238,8.538614754368481,8.869020326070423,4400590
2023-03-30,8.812378883361816,9.109743172498836,8.751018312686245,9.062543149032738,4029520
2023-03-31,8.703817367553711,8.906780708977152,8.623576067462647,8.812378861711405,4526200
2023-04-03,8.6849365234375,8.741577811106426,8.486693367020349,8.703817252754718,2548640
2023-04-04,8.788779258728027,8.817099454111588,8.651896663855718,8.713257237233897,3927020
2023-04-05,8.821818351745605,8.977580754091171,8.779337614716574,8.873738552339029,3365220
2023-04-06,8.930381774902344,8.94454232374871,8.779339521672487,8.82182026792874,2584730
2023-04-07,8.887900352478027,9.08142333724142,8.859580157222666,8.95398110816813,3385350
2023-04-10,9.038942337036133,9.071982713941102,8.897340464505483,8.911500111588898,3767090
2023-04-11,9.322147369384766,9.322147369384766,9.06254362554033,9.06254362554033,5631030
2023-04-12,9.322147369384766,9.407108856543392,9.251346430180172,9.3457473823587,6968160
2023-04-13,8.98230266571045,9.37406883797739,8.98230266571045,9.350467923815032,5150740
2023-04-14,8.897340774536133,9.15222433402935,8.897340774536133,8.982302261128131,2826500
2023-04-17,8.666056632995605,8.977581462260428,8.637735539220463,8.977581462260428,2408700
2023-04-18,8.637736320495605,8.774618918608208,8.590536293833273,8.684937247440738,1949510
2023-04-19,8.6849365234375,8.74629799343573,8.609415406734083,8.614135589063387,1455090
2023-04-20,8.6849365234375,8.727417264118513,8.609415406734083,8.6849365234375,605360
2023-04-24,8.817098617553711,8.8973399137629,8.666056389461753,8.6849362178319,2686430
2023-04-25,8.760457992553711,8.883180037204266,8.637735947903154,8.835979112295167,4985300
2023-04-26,8.732137680053711,8.840699175683817,8.58109544260613,8.684936755780654,4607150
2023-04-27,8.878459930419922,9.062543449107402,8.727417689648593,8.751018602445845,7099200
2023-04-28,8.968141555786133,9.180545268536278,8.689657088083836,8.878459888149097,9605620
2023-05-02,8.656615257263184,9.109741901345139,8.585814331660705,9.029500612253631,6863920
2023-05-03,8.694376945495605,8.80293843893814,8.533894346370671,8.656616386894605,4882830
2023-05-04,8.821818351745605,8.864299088774636,8.699096322582031,8.713255968069943,4882620
2023-05-05,8.661336898803711,8.869020429152572,8.647176351183528,8.845419516452267,2299870
2023-05-08,9.043663024902344,9.043663024902344,8.675496875351607,8.968141901961085,7809130
2023-05-09,9.553431510925293,9.695034298411587,8.996462527434787,9.048383639541377,16482640
2023-05-10,9.35518741607666,9.647832428108014,9.18998463026619,9.591191138582257,8915150
2023-05-11,9.978236198425293,10.252000455799942,9.29854618718782,9.350466389258456,20887240
2023-05-12,9.92159652709961,10.469125081185307,9.902715797511885,10.421924157498733,19886340
2023-05-15,8.930381774902344,9.440149829694535,8.930381774902344,9.005902901517272,12084610
2023-05-16,9.010622024536133,9.175824807179362,8.788778853735804,8.920940359624197,5416110
2023-05-17,9.100303649902344,9.251345884708568,9.053102726454716,9.062543091200787,5294690
2023-05-18,8.835979461669922,9.204145610178884,8.774618887059827,9.105024474205008,5759970
2023-05-22,8.703817367553711,8.939821085435343,8.675496273204345,8.835978873386473,4104550
2023-05-23,8.732137680053711,8.859579905506138,8.675496390869494,8.703817485602977,5644840
2023-05-24,8.810359001159668,8.81988393159672,8.591291051191622,8.72939890913944,7574200
2023-05-25,8.57700252532959,8.83893171940215,8.57700252532959,8.810357840203583,3255480
2023-05-26,8.762735366821289,8.762735366821289,8.56271636688054,8.572241297436616,3799460
2023-05-29,8.848457336425781,8.97227870037458,8.686537161134837,8.753209853896763,10280700
2023-05-30,9.07705020904541,9.21515896794724,8.85798227080469,8.92465496360016,14267600
2023-05-31,9.110387802124023,9.296120327730275,8.957992535824747,9.115150267739306,11829340
2023-06-01,9.61996078491211,9.705682441498434,9.162774074714498,9.162774074714498,18560570
2023-06-02,9.810453414916992,10.010472400666611,9.51042448211891,9.905699988678,11606960
2023-06-05,10.210491180419922,10.258114920513272,9.886650837801882,10.000947269017551,13955610
2023-06-06,10.12476921081543,10.296214321648995,10.058096515867861,10.210491766232211,8527680
2023-06-07,10.277165412902832,10.515283240735009,10.134295079542497,10.315264229022084,22080750
2023-06-08,10.343836784362793,10.372411574039617,10.010472413258956,10.277164091811487,8212080
2023-06-09,10.372410774230957,10.477182269925201,10.15334194533741,10.448608390798997,9529020
2023-06-12,10.220015525817871,10.58195469031753,10.220015525817871,10.420034513874333,16679870
2023-06-13,9.877126693725586,10.315263502408039,9.724731439983405,10.229540945091221,8285300
2023-06-14,9.858077049255371,10.058096032839742,9.667582087100886,9.877126000462441,6185970
2023-06-15,10.000946998596191,10.02952087854066,9.76282921291533,9.877125641040472,4855370
2023-06-16,10.115243911743164,10.324787827527103,9.953323737048391,10.01047240802485,7977700
2023-06-19,9.810453414916992,10.172392575242364,9.715205932808676,10.115243904307913,5501390
2023-06-20,9.73425579071045,9.858077154088694,9.705681001075025,9.858077154088694,4373010
2023-06-21,9.58186149597168,9.858078131399877,9.524712819382529,9.810454385633484,7176020
2023-06-22,9.839027404785156,9.905700097988332,9.505662122074638,9.619959465204824,9791350
2023-06-23,10.191442489624023,10.191442489624023,9.877127040653791,9.943799739420994,10404320
2023-06-26,10.296215057373047,10.353362826169544,10.134294865203955,10.23906638022914,8414550
2023-06-27,10.47718334197998,10.47718334197998,10.200966726570766,10.286689281067993,4421390
2023-07-03,11.001042366027832,11.029616247234374,10.6105293255983,10.677202017862667,14642410
2023-07-04,11.039141654968262,11.220110788240229,10.867696543612565,11.143913162825996,13572970
2023-07-05,11.248685836791992,11.334407486086786,10.858171862161335,11.191537162248096,15185460
2023-07-06,11.086764335632324,11.45822749684718,11.086764335632324,11.277258380915232,13132250
2023-07-07,11.296308517456055,11.410604956627672,11.096289521818887,11.162963125929512,9775660
2023-07-10,11.66777229309082,11.696346174981546,11.2772592433107,11.353456867250854,11607510
2023-07-11,11.66777229309082,11.924939955149336,11.439179421270358,11.905890094990633,10767880
2023-07-12,12.201156616210938,12.324977074332105,11.486803207748519,11.648722477987123,17211360
2023-07-13,12.10590934753418,12.28687848123098,11.905890353265427,12.21068085563787,13069340
2023-07-14,12.344026565551758,12.401175236193174,12.105908769849252,12.105908769849252,10578850
2023-07-17,12.64881706237793,12.734539614227382,12.28687790365097,12.477372867026332,10562060
2023-07-18,12.029711723327637,12.848836652721667,12.029711723327637,12.667867519004007,12326230
2023-07-19,12.372600555419922,12.372600555419922,11.753494644492093,12.00113737220215,9034580
2023-07-20,12.486897468566895,12.572620024398386,12.010661854700688,12.477373446633553,11069450
2023-07-21,12.344026565551758,12.524995690612847,12.191631321637724,12.48689687963434,9120400
2023-07-24,12.477374076843262,12.496423030019418,12.20115744318355,12.382126585920302,14599090
2023-07-25,12.23925495147705,12.667866798185969,12.058284919709472,12.524995577051467,9503740
2023-07-26,12.191632270812988,12.372601409963368,11.972563409370556,12.286878851500997,12418200
2023-07-27,12.410699844360352,12.534521212980659,12.229730710744425,12.229730710744425,9370210
2023-07-28,12.734539985656738,12.848836422007267,12.515472043071727,12.563094876957281,13703530
2023-07-31,13.163151741027832,13.382220590162273,12.810737504752476,12.886935128360806,37092970
2023-08-01,13.00123119354248,13.15362734476674,12.696440707788557,13.15362734476674,12238940
2023-08-02,13.134578704833984,13.486992963796919,13.001232400761232,13.001232400761232,12350130
2023-08-03,13.715584754943848,14.020376153026302,13.525090698859382,13.610813251184219,16392560
2023-08-04,14.496612548828125,14.820452916248255,13.486992633244622,13.753684326506406,18101770
2023-08-07,15.944368362426758,15.944368362426758,14.572810174535714,14.572810174535714,17710400
2023-08-08,15.572904586791992,16.44917816928099,15.43955738255379,16.249158271271014,23819990
2023-08-09,16.572998046875,16.706345246447434,15.811021835152197,16.220584730213673,21814480
2023-08-10,17.068283081054688,17.649291063910113,16.401552549361757,16.753967674215346,23943400
2023-08-11,18.77320671081543,18.77320671081543,17.334976779822735,17.439747377758604,20111860
2023-08-14,20.649574279785156,20.649574279785156,19.287540280422476,20.001893624141825,42638160
2023-08-15,19.7923526763916,22.097333109702472,19.316117064688484,20.859119429257557,28607370
2023-08-16,19.37326431274414,20.47813075709362,19.05894889007049,19.82092512179612,16856300
2023-08-17,20.659101486206055,21.1639100753929,19.239919571589688,19.37326496243984,25143620
2023-08-18,19.525659561157227,21.106761604676336,18.763683329350897,20.659100795576947,23932370
2023-08-21,20.363834381103516,20.43050889415381,18.830356914841186,19.049424864779414,16418590
2023-08-22,19.620906829833984,20.57337801752792,19.35421424326962,20.3638331935507,20705390
2023-08-23,19.144672393798828,19.95427331563981,19.144672393798828,19.63043294690342,11374740
2023-08-24,18.839881896972656,19.878075700287468,18.373171204508296,19.335165564127966,16217200
2023-08-25,19.487560272216797,19.64948045214358,18.458891428180348,19.001801549131113,8638550
2023-08-28,20.097143173217773,20.401933673976067,19.716155047269908,19.78282774222395,12125290
2023-08-29,19.97332191467285,20.668627323741358,19.725679166013418,20.56385490250608,9744110
2023-08-31,19.73520278930664,20.668625954475775,19.659005165282085,20.001895381739917,10606520
2023-09-01,20.478132247924805,20.478132247924805,19.7637787974158,19.7637787974158,10893750
2023-09-04,22.525943756103516,22.525943756103516,20.849594208281182,20.95436662273716,25232690
2023-09-05,22.506895065307617,24.76425274993593,21.992561529797914,24.383264609429716,25664760
2023-09-06,21.611572265625,22.754536627716647,21.449652087241848,22.53546868540258,13475540
2023-09-07,22.964080810546875,23.183148746697658,21.621096587438707,21.621096587438707,12771350
2023-09-08,23.183147430419922,24.116568701043587,22.792634412777478,22.973604436002724,12118520
2023-09-11,23.907028198242188,23.907028198242188,22.278301452856383,23.38316793256016,12137930
2023-09-12,22.964080810546875,24.240392341495642,22.906931231529153,24.002274545672282,11239710
2023-09-13,22.430696487426758,23.192674552869626,22.24020333358705,22.96408167824517,6957340
2023-09-14,22.344974517822266,22.735489399319206,21.192485184307124,22.43069707513931,8039930
2023-09-15,21.83064079284668,22.440221802294708,21.582998053584742,22.34497431539478,11575190
2023-09-18,20.725772857666016,21.86873717057184,20.468605206001737,21.86873717057184,7965920
2023-09-19,20.830547332763672,21.09723812386764,20.16381672161423,20.5829045862423,8214200
2023-09-20,20.26858901977539,21.078188135540856,20.24953915861286,20.83054720720691,6684610
2023-09-21,21.13533592224121,21.192483684175738,19.963794994068547,20.268587296673413,6954790
2023-09-22,20.944841384887695,21.716342545078216,20.640050892797348,21.430601912917172,7273130
2023-09-25,21.382980346679688,21.52585067122494,20.56385448813463,20.954367556349194,11213530
2023-09-26,21.373455047607422,21.811590944217365,21.001990030161267,21.430602813101174,9192530
2023-09-27,20.563854217529297,21.573473223283926,20.430508825267754,21.39250317900418,9936360
2023-09-28,20.573379516601562,20.84007030590366,20.192391377102314,20.573379516601562,8207330
2023-09-29,20.640050888061523,20.73529837099156,20.24953784307354,20.573378195018886,10835140
2023-10-02,21.240108489990234,21.37345570248768,20.36383485322672,20.935317975758537,10801470
2023-10-03,21.478225708007812,21.906838492140622,21.06866460135222,21.240107898310633,13920800
2023-10-04,21.09723663330078,21.821114960443918,20.887693624138805,21.525849398285082,9280750
2023-10-05,22.287826538085938,22.287826538085938,20.954367172279802,21.097237494206404,12041480
2023-10-06,21.935413360595703,22.28782670284009,21.66872075878517,21.906838569321273,7183060
2023-10-09,21.001989364624023,21.859214903339005,20.954366531004148,21.535374547978826,9443950
2023-10-10,21.983036041259766,22.02113576269078,21.030564805820966,21.030564805820966,10174630
2023-10-11,21.316303253173828,22.2116266308996,21.10676025698036,22.097331111773897,10133360
2023-10-12,19.982847213745117,21.687771693625923,19.458988731301808,21.51632657087871,16602560
2023-10-13,19.430410385131836,20.07809103408531,19.316114868666208,19.9828435592343,7025650
2023-10-16,19.744728088378906,19.94474799061543,19.144672015058728,19.620907628285586,10472870
2023-10-17,19.754253387451172,20.401934124202807,19.630432925046172,19.801878039679806,8744870
2023-10-18,19.763776779174805,20.03999429051161,19.239918362308245,19.42088657660348,9444080
2023-10-19,19.554235458374023,19.95427345689826,19.316117645364233,19.782828340860053,5430020
2023-10-20,18.64938735961914,19.430413508910963,18.573189730827128,19.430413508910963,6605080
2023-10-23,20.144765853881836,20.144765853881836,18.563663780749962,18.830356375224433,7657940
2023-10-24,20.573379516601562,20.906744819923933,20.16381658537934,20.16381658537934,6954560
2023-10-25,19.011323928833008,21.33535412258091,19.011323928833008,20.782920909452553,9533060
2023-10-26,19.944747924804688,20.297161260080696,18.925604006533177,19.01132474527205,8295760
2023-10-27,20.01141929626465,20.230487227130876,19.46851102555506,19.944746605713586,3761530
2023-10-30,20.46860694885254,20.478131879357935,20.011421184761982,20.011421184761982,3797040
2023-10-31,19.563758850097656,21.287731172013846,19.563758850097656,21.163908901639022,6638940
2023-11-01,20.097143173217773,20.335260979022024,19.668530396092248,20.335260979022024,9422310
2023-11-02,22.106857299804688,22.106857299804688,20.792447746840647,21.068665287093143,16727680
2023-11-03,22.287826538085938,22.77358708599215,21.049614659129105,22.621191833711148,24723760
2023-11-06,21.544898986816406,22.364022969909026,21.44965150505365,22.287825347837746,16084290
2023-11-07,20.659101486206055,21.497275369212982,20.4876563741446,21.363929978362826,13342440
2023-11-08,20.944841384887695,21.22105890377872,20.61147610290339,20.821020928736477,8493230
2023-11-09,20.449554443359375,21.030562412190918,20.297159208369873,20.95436479469617,7690370
2023-11-10,20.69719886779785,21.05913894338182,20.31621074878419,20.573378410378908,5420250
2023-11-13,19.716154098510742,20.982940691762657,19.716154098510742,20.81149558916254,5779050
2023-11-14,19.639955520629883,20.078091368877953,19.487558468310436,19.71615313844235,4346160
2023-11-15,19.401838302612305,19.95427150200612,19.278016034628855,19.687578923552547,4017640
2023-11-16,19.716154098510742,19.8018766498108,19.316116131342003,19.411361795724645,4752090
2023-11-17,19.61138343811035,19.954273673915953,19.33516590000145,19.716155858316455,5190530
2023-11-20,19.982847213745117,20.17334219828531,19.611383992256037,19.620908923152527,6421300
2023-11-21,19.925697326660156,20.240012746048656,19.72567743248859,20.192389913324035,6114300
2023-11-22,19.449462890625,20.144766463291564,19.42088809927216,20.030470931269658,5484840
2023-11-23,19.325641632080078,19.763777514607337,19.297066841904304,19.449462089452453,4853520
2023-11-24,19.420886993408203,19.61138195819052,19.25896681835162,19.297066537985934,3609960
2023-11-27,19.554235458374023,19.69710578284095,19.363740481288296,19.525660666802743,4970960
2023-11-28,19.011323928833008,19.62090672092591,18.95417616656307,19.56375895865597,6753230
2023-11-29,18.373170852661133,19.220869663894074,18.373170852661133,19.14467203835285,7327960
2023-11-30,18.135051727294922,18.87797806813559,18.135051727294922,18.37316951688633,4971950
2023-12-01,18.668437957763672,18.820833221362165,18.182677373782916,18.335072637381405,4105740
2023-12-04,18.57318878173828,18.858929420933308,18.087428241750995,18.66843626703485,3992280
2023-12-05,18.516040802001953,18.811306367963844,18.42079331781257,18.70653395368606,3158080
2023-12-06,17.81121253967285,18.83988138454702,17.76358788865873,18.516041024429718,6207330
2023-12-07,18.096954345703125,18.154102113909747,17.373075953871624,17.811213687975204,6482440
2023-12-08,19.335166931152344,19.47803908148727,17.88741191578615,18.096954950678594,15340170
2023-12-11,18.763683319091797,19.592332243641284,18.37317027341774,19.335164584286765,8019400
2023-12-12,18.53508949279785,18.93512748700833,18.125528384861042,18.7636841895136,6294540
2023-12-13,17.81121253967285,18.6493864138799,17.81121253967285,18.582713719154807,4503210
2023-12-14,18.201725006103516,18.52556535575195,17.515944587227015,17.95408227891974,5438950
2023-12-15,19.039901733398438,19.30659436071488,18.001707834834832,18.192202828160134,8056250
2023-12-18,18.201725006103516,19.01132406352998,18.14457542673406,18.677960600681256,5532660
2023-12-19,18.7160587310791,19.06847387469623,17.83026022372558,18.096952813941098,13190290
2023-12-20,18.763683319091797,18.858928985494533,18.277922790320364,18.525565519695682,6765810
2023-12-21,18.64938735961914,18.83988233994656,18.049331259968888,18.763684711154546,5887450
2023-12-22,18.83035659790039,19.2875423509533,18.477941444487925,18.477941444487925,8814890
2023-12-25,18.077903747558594,18.773207318612066,17.839785936921537,18.76368420487794,2093050
2023-12-26,17.81121253967285,18.53508906814069,17.782637749064378,18.1445760132983,4379620
2023-12-27,17.477846145629883,17.99217962723956,17.41117345511516,17.735013794782002,4392150
2023-12-28,18.21124839782715,18.573186619790317,17.477845208115937,17.487370137206344,4037710
2023-12-29,19.135147094726562,19.611382708200704,18.154101076959744,18.211250658596818,9636740
2024-01-02,20.03046989440918,20.33526038628334,19.24944198811335,19.39231412078717,10296740
2024-01-03,20.020944595336914,20.411457632937854,19.801876660428015,19.859024422427165,9414130
2024-01-04,20.06856918334961,20.116193836427737,19.525660855122247,19.906648996273486,5289210
2024-01-05,20.363834381103516,20.4114590332823,19.878075645742996,20.068568804373957,4759490
2024-01-08,20.287635803222656,20.68767377929693,20.27811268992807,20.420983006377174,4379200
2024-01-09,20.287635803222656,20.563853322826276,19.90664768712683,20.4305079363664,6039630
2024-01-10,20.344785690307617,20.382883594145053,20.00189547229737,20.287636109509464,4550920
2024-01-11,20.420982360839844,20.887693015390646,20.306685021276884,20.344784740029397,7247880
2024-01-12,20.687673568725586,21.135336190189413,20.097142448961492,20.43050772841264,10225200
2024-01-15,21.202011108398438,21.497276699275663,20.687675740391516,20.69720067128366,7353330
2024-01-16,20.9067440032959,21.430602447558343,20.82102144817009,21.192484642585473,4658990
2024-01-17,21.001989364624023,21.25915702623852,20.78292142326115,20.78292142326115,4773790
2024-01-18,21.459177017211914,21.773492443871984,20.897218857926536,21.04961410620447,7862010
2024-01-19,21.23058319091797,21.668719055858187,21.01151344175328,21.49727395507477,4608670
2024-01-22,20.95436668395996,21.15438476665705,20.906743849992466,21.04008923845719,3215430
2024-01-23,20.801971435546875,21.297256902272913,20.506705868215636,21.135336723408425,5885190
2024-01-24,20.91626739501953,21.116287298538523,20.59242884730802,20.735299168853185,6113100
2024-01-25,20.963891983032227,21.28773234645548,20.773397010420418,21.001989887537768,6014200
2024-01-26,21.81159210205078,21.944939317541003,20.84959588448218,20.973418169102043,15209050
2024-01-29,22.259252548217773,22.525943319195353,22.049707723370105,22.287825521282727,11725840
2024-01-30,22.583091735839844,22.73548880227514,21.992560597268618,22.25925319266204,7649310
2024-01-31,21.81159210205078,23.011706141293942,21.735394471782712,23.011706141293942,8771350
2024-02-01,22.449745178222656,22.697387900337688,21.668719109772326,21.84968914068227,13762580
2024-02-02,22.440221786499023,22.745012291008493,22.1925790474114,22.668814664881126,7907460
2024-02-05,22.602142333984375,22.725964613874464,22.211629266690522,22.440222148762917,9553000
2024-02-06,22.544994354248047,22.840259930376646,22.478321658028175,22.6497667721334,9295970
2024-02-07,23.53556251525879,24.02608641934628,23.335544434972455,23.430791918454126,18916040
2024-02-08,24.240392684936523,24.52613331729512,23.526039287345405,23.53556240062201,13668390
2024-02-09,24.526134490966797,24.954747276710123,24.288016680374884,24.383264167950596,9258830
2024-02-12,25.240488052368164,26.002464323497612,24.335639640794053,24.835688498960906,13707890
2024-02-13,24.16895866394043,25.692913071114052,24.026088335669886,25.526229507552763,10247810
2024-02-14,24.288015365600586,24.50232174687128,23.835591186627926,24.192767883180874,6638500
2024-02-15,24.907119750976562,25.2881078406291,24.43088418473726,24.573754491270147,8853740
2024-02-16,25.216676712036133,25.454794524582848,24.78806392277415,25.04999315323659,6267660
2024-02-19,25.19286346435547,25.66909905485977,24.669003224783975,25.454792675793914,7948200
2024-02-20,25.240488052368164,25.78815974622008,24.669004940673712,25.407169793960627,10417090
2024-02-21,25.002368927001953,25.478604525611512,24.240392695904507,25.43098169242841,12932300
2024-02-22,24.740440368652344,25.145239911551304,24.335639009058703,25.145239911551304,8761440
2024-02-23,24.716630935668945,25.145241930201024,24.454699875088707,24.788065193076875,8438410
2024-02-26,25.55004119873047,25.83578183800286,24.62138139605318,24.62138139605318,14340680
2024-02-27,24.764251708984375,26.240581372649803,24.71662887468343,25.55004119181271,11512430
2024-02-28,23.97846221923828,25.002369506665303,23.97846221923828,24.740440284696316,5243070
2024-02-29,24.33563804626465,24.883309704231806,24.002274584922496,24.002274584922496,8369580
2024-03-01,24.33563804626465,24.692814740583767,24.02608600120485,24.454696944371022,8579670
2024-03-04,24.359451293945312,24.85949830295499,24.168956330182287,24.430885542835487,5843270
2024-03-05,24.526134490966797,24.764252301558706,24.097521705223468,24.383264167950596,6670410
2024-03-06,24.264205932617188,24.95474796573933,24.12133560565617,24.502323749783805,6732970
2024-03-07,25.216676712036133,25.216676712036133,24.335639715596443,24.47851185648026,6544990
2024-03-08,25.47860336303711,25.71672115147671,24.930931722948213,25.16904951138781,11082790
2024-03-11,26.35964012145996,26.859688962178744,25.454793558153153,26.09771090094206,10309600
2024-03-12,26.502513885498047,26.76444312211149,25.859594686507105,26.359641741259097,8502740
2024-03-13,27.050182342529297,27.431170468005405,25.81197048055827,26.52632389708648,11199250
2024-03-14,25.71672248840332,27.335924260647317,24.716628451643274,27.145429293314617,20622590
2024-03-15,24.192768096923828,25.859592695563975,24.192768096923828,25.716722379019465,13715900
2024-03-18,23.621286392211914,24.50232339291316,23.573663556150116,24.335639833307372,6904460
2024-03-19,23.726057052612305,24.0260859843038,23.192673698145455,23.707007192921978,9038190
2024-03-20,23.81178092956543,24.240393712975493,23.47841563321257,23.72605837288342,7037340
2024-03-21,24.09752082824707,24.645192499355044,23.764157358906203,24.09752082824707,14801350
2024-03-22,25.002368927001953,25.597663425263903,23.57366213117327,24.12133379625212,17249840
2024-03-25,23.707008361816406,25.264299042739196,23.707008361816406,25.002369817513706,11631230
2024-03-26,24.07370948791504,24.78806289596412,23.65938501992108,24.00227523712693,11930000
2024-03-27,24.954748153686523,26.19296008560064,24.28801753392059,26.19296008560064,18256900
2024-03-28,26.00246238708496,26.026275619848846,24.71662775239742,24.71662775239742,15860410
2024-03-29,26.026275634765625,26.1453345318749,25.19286335500069,26.00246240198809,9358650
2024-04-01,26.335826873779297,26.76443961697441,25.240485417129566,26.645380723497382,9594480
2024-04-02,25.74053382873535,26.954934245966072,25.573852095335024,26.31201691234235,11570270
2024-04-03,25.931028366088867,26.192957578535296,25.28810922641714,25.74053340247622,7397600
2024-04-04,26.3120174407959,26.573946662840452,25.76434576286164,26.121522470202763,8577000
2024-04-05,27.907405853271484,27.907405853271484,26.383453363694834,26.383453363694834,8671410
2024-04-08,28.50269889831543,28.574134962399256,27.81215875674644,28.097899379692603,9265900
2024-04-09,28.50269889831543,28.50269889831543,28.50269889831543,28.50269889831543,0
2024-04-15,27.407360076904297,28.478890241813897,27.288301169692122,28.383642752705203,15469340
2024-04-16,27.59785270690918,27.883593333227754,26.907310740495593,27.05018105365488,10578050
2024-04-17,28.955123901367188,29.52660698045689,27.9074052258185,27.9074052258185,22312060
2024-04-18,29.21705436706543,29.383737922979726,28.621759846003012,28.955125141136907,9381760
2024-04-19,29.288490295410156,29.45517203382811,28.7170071945998,29.09799532290847,8400640
2024-04-22,28.62175750732422,29.85997109997665,28.550323260650433,29.526605832081973,12608680
2024-04-24,29.169429779052734,29.26467726003754,28.455076396708588,29.026559465922823,10765450
2024-04-25,30.360021591186523,30.383833009487716,29.026562182677285,29.16943250917921,9219310
2024-04-26,30.002843856811523,30.47907947358631,29.812348883423727,30.360020569392614,7409840
2024-04-29,30.145713806152344,30.50289233101635,29.502796458125424,30.002843486223547,6760300
2024-04-30,30.931501388549805,31.00293745666395,30.098090888487985,30.19333837374195,6845140
2024-05-02,31.645854949951172,32.02684489273725,30.931501532269298,30.979128000159587,7939840
2024-05-03,31.598230361938477,32.00302988281639,31.360112569258625,31.64585319379661,4808090
2024-05-06,31.598230361938477,31.907784219100115,31.145808009202426,31.62204359456213,7613450
2024-05-07,31.90778350830078,31.95540633909804,30.86006669720475,31.669665720925405,5685450
2024-05-08,31.622045516967773,32.24114963553921,31.074373833831558,31.90778615887685,5841920
2024-05-09,32.57451248168945,32.66975813872865,31.47916925879402,31.62204137774174,5835390
2024-05-10,32.7411994934082,32.93169447168412,32.241150629607624,32.622140586159446,6220320
2024-05-13,32.12208938598633,33.81272719930739,32.12208938598633,33.00312814225713,7310510
2024-05-14,32.00303268432617,32.59832721813722,31.812541340218228,32.217340896531844,7748290
2024-05-15,32.955501556396484,33.71748141131023,32.50307919675702,32.57451526232884,7986190
2024-05-16,34.07466125488281,34.2175297658408,32.71738678374975,32.9555046020693,5977460
2024-05-17,35.00331497192383,35.55098661312835,33.81272602730057,34.146089478439436,8275520
2024-05-20,35.2652473449707,35.5747975757279,34.64613961667781,35.050939146689664,5787180
2024-05-21,35.86054229736328,36.646328134245636,35.16999849417152,35.527175195805064,11380980
2024-05-22,34.66995620727539,35.95579098792481,34.28896624014021,35.836732077368765,8658990
2024-05-23,34.55089569091797,35.02713131100842,34.28896464651245,34.66995459594058,6424280
2024-05-24,33.62223434448242,34.55089599177903,33.05075304875333,34.31277817966033,4555650
2024-05-27,31.93160057067871,33.52698921078726,31.669669519790794,33.336494231358735,11962630
2024-05-28,32.24114990234375,32.741198754864726,32.00303209321746,32.050658561754254,6928460
2024-05-29,32.18104553222656,32.73340749441222,31.844827119334003,32.373171910096254,5672590
2024-05-30,31.436561584472656,32.469237803364635,31.340500214369094,32.30112857343021,5313740
2024-05-31,32.10900115966797,32.853489580346796,31.676717678774015,31.676717678774015,14360410
2024-06-03,34.34246063232422,34.58261769968313,31.484592996555595,32.37317341288236,10774850
2024-06-04,34.582618713378906,35.42316847377353,33.333802659408114,34.43852300293737,12182410
2024-06-05,34.582618713378906,35.038915688933535,33.54994256056428,34.606635886621206,6113500
2024-06-06,33.88616180419922,34.894820698663516,33.718048934700306,34.65466364452888,5826940
2024-06-07,32.56529998779297,34.00624240027043,32.0129379967754,34.00624240027043,9954540
2024-06-10,32.10900115966797,32.75742454875577,31.820813393907418,32.56530181458625,4348300
2024-06-11,31.36451530456543,32.373174281639734,30.83616681059239,32.15703071651273,11798280
2024-06-12,32.06096649169922,32.06096649169922,31.02829043359726,31.316478163542833,8131150
2024-06-13,33.33380126953125,34.15033382263766,32.46923437194306,32.56529939640063,5465420
2024-06-14,32.87750244140625,34.19836636755415,32.8294717588112,34.102305002364055,4822440
2024-06-20,33.742069244384766,33.910178465014276,32.92553665018077,33.525929341361994,4643980
2024-06-21,34.77474594116211,34.9668723381974,33.742069763540414,33.76608693735966,7317290
2024-06-24,33.6460075378418,35.13498066394588,33.57395968273064,34.91883709861239,6290450
2024-06-25,34.05427551269531,34.438524651422206,33.06962999472667,33.69403988385405,9169380
2024-06-26,32.997581481933594,34.414510459324696,32.997581481933594,34.24640123543253,7903080
2024-06-27,33.62199020385742,33.71805156720885,32.94954966687905,32.94954966687905,6681780
2024-06-28,34.94285202026367,35.25505692929092,34.294428695056865,34.31844220220918,12797750
2024-07-01,34.9188346862793,35.99954144476876,34.48655491448822,35.37513529412282,14795070
2024-07-02,36.4798583984375,36.50387557185303,35.062933115069356,35.25505950887508,11528980
2024-07-03,37.416473388671875,37.896787543431444,36.359780049497104,36.59993712687689,16946950
2024-07-04,37.99284744262695,38.184973830018826,36.91214063611699,37.440485453065094,8266180
2024-07-05,38.78536605834961,38.97749244355224,37.75268994432827,38.42513046028444,8418870
2024-07-08,39.6739501953125,39.91410728325568,38.25702484225026,39.04954396536404,9973960
2024-07-09,40.418434143066406,40.562526181119225,39.24166234418572,39.64993227993356,9890710
2024-07-10,41.97945785522461,42.26764561515397,40.226310457603915,41.307017305718645,11392100
2024-07-11,41.931427001953125,43.03614735460276,41.5471742139408,42.02748836670312,10233700
2024-07-12,42.84402084350586,43.612526417430225,41.76331400274416,41.97945756960019,10432820
2024-07-16,44.81330871582031,44.95740075264737,42.48378230980415,42.868035070354786,10060180
2024-07-17,44.81330871582031,45.86999831057571,44.068820366443155,45.053465775037985,8223600
2024-07-18,42.65189743041992,45.41370375695765,42.65189743041992,44.88535526723251,10424180
2024-07-19,42.940086364746094,43.78063613941867,42.24362863845652,42.651898603473875,7968650
2024-07-22,43.75661849975586,44.573154756588174,43.060164445389795,43.060164445389795,6946480
2024-07-23,43.1322135925293,43.94874620930402,42.53182088475192,43.684571952079466,4197750
2024-07-24,43.276302337646484,43.82866431950584,42.868036060448176,43.13221029749143,4296210
2024-07-25,41.859378814697266,43.27630408832451,40.970798372023935,43.06016418709532,6340180
2024-07-26,42.1235466003418,42.555830038596795,41.28299689548715,42.21961162245729,4696420
2024-07-29,41.042842864990234,41.88339263185843,40.94678150029348,41.787331267161676,4385250
2024-07-30,41.35504913330078,41.59520621730893,40.538516513475614,41.06686136539227,5708670
2024-07-31,40.946781158447266,41.64323520794978,40.802685448098956,41.33103394303867,3901640
2024-08-01,41.64323425292969,42.31567477829024,40.994810900245106,41.40307718419421,5322950
2024-08-02,40.10622787475586,42.00346712877732,39.794022972769774,41.54717019360937,5337670
2024-08-05,38.56922912597656,39.64993600312963,36.40781537167042,36.40781537167042,6982990
2024-08-06,36.2156867980957,39.64993362338605,36.2156867980957,39.385759381246,14302280
2024-08-07,36.11962127685547,37.24836241916834,36.09560776894826,36.79206179485934,8805660
2024-08-08,37.3924560546875,37.75269166921147,36.071592134766256,36.11962281713488,7896730
2024-08-09,37.56056213378906,37.9448148896128,37.03221734291081,37.48851794851474,4797990
2024-08-12,36.11962127685547,37.992847125399834,36.04757708862785,37.77670723170495,6592570
2024-08-13,35.44718551635742,36.4078138104104,34.70269712266391,36.28773527365378,6977230
2024-08-14,35.231040954589844,35.99954283518537,34.870805354513244,35.97552932721722,4461560
2024-08-15,33.88616180419922,35.63930536777738,33.3097826755726,35.543244011925864,16036590
2024-08-16,33.62199020385742,34.63064917707192,33.14167605808803,34.17435220439344,9911960
2024-08-19,33.33380126953125,33.621989013891984,32.78143928854468,33.47789330945862,7876910
2024-08-20,32.7334098815918,33.573959639628605,32.32514358916086,33.2377375377102,7703780
2024-08-21,32.18104553222656,32.70939032298881,32.01293632578028,32.18104553222656,7510590
2024-08-22,31.556638717651367,32.4452228416367,31.460577351845163,32.229079271813426,5586610
2024-08-23,30.547977447509766,31.796793432675692,30.547977447509766,31.3885271615934,5801190
2024-08-26,30.475933074951172,31.1483717831943,30.379869878844136,30.57199627105821,5737120
2024-08-27,30.812152862548828,31.124357786942966,30.11569699199862,30.45191725698007,6077690
2024-08-28,31.700733184814453,32.01293810817217,31.220419045650598,31.220419045650598,6761570
2024-08-29,31.724750518798828,32.18104748752095,31.436559102231087,32.08498612500242,6475440
2024-09-02,33.3818359375,33.477897308927645,31.89286269333294,31.89286269333294,6310830
2024-09-03,32.08498764038086,33.45388227570638,31.988922608819085,33.38183441816162,8232100
2024-09-04,31.148372650146484,31.916874575886354,30.836167712172283,31.676717495061006,7906090
2024-09-05,31.50860595703125,31.604670981009015,30.956243978803496,31.412544597559453,5884900
2024-09-06,30.884201049804688,31.700733632101834,30.860183876705193,31.34049802264613,6791600
2024-09-09,32.08498764038086,32.54128463065395,30.475934090657162,30.836167881621606,11167840
2024-09-10,31.436561584472656,32.469237803364635,31.24443884426553,32.181050028547574,7423360
2024-09-11,30.571996688842773,31.532624998534573,30.3558549527115,31.46057714240645,5040270
2024-09-12,30.523963928222656,31.076324102495896,29.779477360656852,30.788136344810127,8279260
2024-09-13,31.02829360961914,31.02829360961914,30.307822378755663,30.523964114465322,5210240
2024-09-16,30.547977447509766,31.700732074011366,30.547977447509766,31.220417951677863,5489180
2024-09-17,31.67671775817871,31.77278279001054,30.451918834499576,30.644043401403835,7822990
2024-09-18,31.196401596069336,32.01293782410601,31.05230955430242,31.676715730971132,4925060
2024-09-19,31.604673385620117,32.03695320063876,31.076324874808442,31.700734752400653,9808700
2024-09-20,31.772781372070312,32.06096912569217,31.412545763916466,31.65270283601903,8165100
2024-09-23,31.796796798706055,32.22908028746922,31.77278328875086,31.988923200879277,8134370
2024-09-24,31.02829360961914,32.109000455914355,30.788136532664648,31.79679552297228,12282050
2024-09-25,31.22041893005371,31.4125453179091,30.812152646177296,31.076323223035658,11248470
2024-09-26,31.796796798706055,32.012940375340804,31.316482625526167,31.340499799987693,6459890
2024-09-27,31.50860595703125,32.301124998444465,31.244435386230826,31.91687223154534,6970980
2024-09-30,29.947586059570312,31.460576341730317,29.827507523914853,31.460576341730317,7063400
2024-10-01,29.010974884033203,30.1877430650896,28.986957711152016,29.99561850781141,7374920
2024-10-02,29.299161911010742,29.683412848311104,28.81884778132204,29.15506803855473,8335320
2024-10-03,28.650739669799805,29.755461844084593,28.650739669799805,29.587350792881715,4858130
2024-10-04,29.755460739135742,29.755460739135742,28.722784626068712,28.81884781858125,3980660
2024-10-07,29.491289138793945,30.13971249950763,29.299162748525347,29.92357076851872,3252510
2024-10-08,29.395225524902344,29.80349180809074,29.107035943604924,29.539319399424542,3227750
2024-10-09,29.61136817932129,29.6353835204509,28.890896951914478,29.39522644464863,2522050
2024-10-10,29.779478073120117,30.067665837700673,29.371211767922137,29.635384190829836,4175480
2024-10-11,29.131053924560547,30.187743588546223,28.938927531697836,29.827507976118447,3938660
2024-10-14,27.978300094604492,29.107037648781706,27.978300094604492,28.914913082247885,6214440
2024-10-15,28.218456268310547,28.55467653923465,27.690111437039153,28.07436238998681,3854810
2024-10-16,28.122392654418945,28.338534384821585,27.57003249033781,28.146407995074117,5121360
2024-10-17,28.290502548217773,28.530659609468337,27.97829763569085,28.122391505990596,4459930
2024-10-18,27.61806297302246,28.554675909862524,27.61806297302246,28.482628056162124,3072370
2024-10-21,27.906251907348633,28.146408986868856,27.209797842542475,27.59404880332421,4884240
2024-10-22,28.33853530883789,28.60270772916457,27.61806407217252,27.906251833937425,4586780
2024-10-23,27.666093826293945,29.61136756578979,27.666093826293945,28.986957715838855,7212880
2024-10-24,27.834203720092773,28.2664853302885,27.618061998868427,27.882234399363533,4123120
2024-10-25,27.954282760620117,28.00231344076732,27.2578269049677,27.834204227999116,3884510
2024-10-28,27.61806297302246,28.21845564634904,27.570032292057547,28.050346430718808,1357840
2024-10-30,27.61806297302246,27.88223538283555,27.377905903691833,27.858220042353093,2894990
2024-10-31,27.834203720092773,28.170423971746985,27.521998808073945,27.57003131959767,5114720
2024-11-01,27.570032119750977,28.05034625541038,27.449953585836123,27.762156674662926,3974710
2024-11-04,26.897592544555664,27.546015917639252,26.801529347588776,27.546015917639252,3358610
2024-11-05,26.417278289794922,27.18578019805136,25.888933456900254,27.089718833709117,5300540
2024-11-06,29.059005737304688,29.059005737304688,26.65743501521339,26.65743501521339,8135060
2024-11-07,29.323177337646484,29.971602513993062,28.45861226810405,29.70742827608168,8456080
2024-11-08,29.323177337646484,29.683412935976914,28.53066012067134,28.91491105910653,7071320
2024-11-11,29.755460739135742,29.875539271713162,29.299161948890937,29.58734969417555,4895360
2024-11-12,31.484594345092773,32.01293918301105,30.283807124613503,30.692075255962262,15682990
2024-11-13,31.86884117126465,32.13301540341655,30.860182250831272,31.43655772979151,9955770
2024-11-14,32.51726531982422,32.9735659446186,31.988920506725577,32.18104689271763,8894120
2024-11-15,31.724750518798828,32.73340948326767,31.724750518798828,32.68537880200841,5003810
2024-11-18,31.532625198364258,31.892860816781578,31.172389579946934,31.724751594421402,4005870
2024-11-19,31.196401596069336,32.01293782410601,30.908213848029465,31.580654369793187,7623270
2024-11-20,30.620027542114258,31.82081293592266,30.547979685584515,31.3404987783993,5034950
2024-11-21,31.50860595703125,31.580653808888083,30.523962364421457,30.716088747871023,5306680
2024-11-22,32.08498764038086,32.34915823203666,30.95624642269413,31.67671766912927,7760670
2024-11-25,32.66136169433594,32.94954944697298,32.44522179598468,32.56530033162562,7317970
2024-11-26,32.56529998779297,32.75742271118512,32.421204280742806,32.421204280742806,4281030
2024-11-27,32.2050666809082,33.18970853426954,32.181049506518725,32.87750358973787,6144340
2024-11-28,31.02829360961914,32.42120538885643,30.932232244639813,32.42120538885643,10599530
2024-11-29,31.268449783325195,31.412545491137887,30.788135643290996,31.076323394410302,5394140
2024-12-02,30.860183715820312,31.244436496372266,30.47593276752141,31.220419323397984,6055790
2024-12-03,31.988922119140625,32.13301783202438,30.83616740958923,30.86018458323859,8885970
2024-12-04,31.940889358520508,32.397186312125555,31.748762975342498,32.253094273121526,4630610
2024-12-05,32.32514190673828,32.565298967963656,31.892858463631413,32.157029032275766,5803230
2024-12-06,34.55860137939453,34.582618552525126,32.469235574747366,32.637344793143136,15184570
2024-12-09,34.48655700683594,35.68734236689978,34.39049197932717,34.67867973284127,10110520
2024-12-10,33.910179138183594,34.94285532041675,33.597974199670375,34.438523984010295,6830150
2024-12-11,34.9188346862793,35.134978236680716,34.05427147819126,34.10230215677851,7657550
2024-12-12,35.92749786376953,36.84009176580298,35.54324509959317,36.11962058135177,10506610
2024-12-13,36.07159423828125,36.215689958296245,35.2070309117104,35.61529723241105,6005650
2024-12-16,35.78340148925781,36.67198186716371,35.78340148925781,36.119619903220304,5585660
2024-12-17,35.735374450683594,36.07159289889249,35.231043113864004,35.78340513406969,6647380
2024-12-18,35.975528717041016,36.3357643110077,35.35111888836304,35.6393066306352,4425900
2024-12-19,34.63064956665039,36.07159202016849,34.63064956665039,35.44718582234767,7005330
2024-12-20,34.84679412841797,35.78340528414682,34.29443210589566,34.29443210589566,6955100
2024-12-23,33.79010009765625,35.08695051586963,33.718052241448916,34.89482412081882,4436310
2024-12-24,33.88616180419922,34.150332365043816,33.52592622299726,33.814113955057664,3640720
2024-12-25,34.41450881958008,34.79875793238158,33.67002043773645,34.77474442411614,3212070
2024-12-26,34.87080383300781,35.25505658879263,34.39048972052973,34.41450689195598,5806290
2024-12-27,36.45584487915039,36.5278927348703,34.99088524936822,35.014902422776906,9038480
2024-12-30,32.829471588134766,37.152298960326775,32.829471588134766,36.455844905053866,9299260
2024-12-31,30.067665100097656,31.148371939143143,29.563335608327044,29.563335608327044,52896740
2025-01-02,31.268449783325195,31.412545491137887,29.971603071035286,30.644041767731345,23615980
2025-01-03,31.556638717651367,32.01293936649636,31.100341733312586,31.388529495237407,10548720
2025-01-06,30.547977447509766,31.652701394679205,30.355852897928145,31.60467071534704,12759100
2025-01-07,29.61136817932129,31.05231063413492,29.61136817932129,30.571996482530377,15515590
2025-01-08,29.107036590576172,29.80349247054233,29.107036590576172,29.77947712963034,11125040
2025-01-09,29.587350845336914,29.65939870058775,29.010975332342525,29.20309989258963,9671880
2025-01-10,29.395225524902344,30.043648876378747,29.32317767151473,29.61136725281215,6330660
2025-01-13,29.107036590576172,29.61136791099333,28.890896690115177,29.419241519191264,5961610
2025-01-14,29.299161911010742,29.851523893053947,28.962941653778053,29.203098718622403,9103660
2025-01-15,28.79483413696289,29.443257517325893,28.482629201378863,29.347194319280568,10075200
2025-01-16,29.707429885864258,29.803493083741767,28.866880110878977,29.20310038732371,10096260
2025-01-17,29.683414459228516,30.139713273646695,29.034991081860067,29.65939911789137,8807790
2025-01-20,30.35585594177246,30.596013027020263,29.515306143405166,30.115698856524663,8008310
2025-01-21,29.82750701904297,30.52396288050676,29.683413145146016,30.35585366633582,4684010
2025-01-22,30.187742233276367,30.716088873802313,29.443255700799753,29.70742810493623,7779920
2025-01-23,30.0916805267334,30.547977477597275,29.56333389229438,30.37986826751616,7078730
2025-01-24,30.25979232788086,30.451918726355956,29.923572046676,30.115698445151097,6068920
2025-01-27,29.779478073120117,30.211761552244077,29.299163910650435,29.971604471009236,6856640
2025-01-28,29.683414459228516,30.04365007604501,29.611368435217077,30.04365007604501,4411020
2025-01-29,29.587350845336914,30.23577604583521,29.587350845336914,29.755461896837836,7206660
2025-01-30,29.947586059570312,30.21176030381476,29.635382966217946,29.659398306898428,6337600
2025-01-31,28.890897750854492,29.947587447803393,28.65074066841099,29.92357210600967,11316740
2025-02-03,28.674755096435547,29.10703673170659,28.43459802164505,28.722785778492415,4249460
2025-02-04,28.290502548217773,28.890895201344186,28.17042401759249,28.72278415911701,8835730
2025-02-05,28.098377227783203,28.57869136842907,28.00231403320342,28.338534298106136,8691010
2025-02-06,27.954282760620117,28.338533698556727,27.546014650356906,28.194439825862123,11495950
2025-02-07,29.17908477783203,29.27514797482695,27.882236199033322,27.954284054842784,9710090
2025-02-10,28.938926696777344,29.70742858154989,28.938926696777344,29.203099105152095,5420140
2025-02-11,28.962942123413086,29.46727160131334,28.67475437382809,29.05900531735909,7122400
2025-02-12,29.107036590576172,29.587350737828274,28.93892737193916,29.034990567840193,5806290
2025-02-13,30.475933074951172,30.740105490055726,29.7314465115645,29.7314465115645,12933160
2025-02-14,30.25979232788086,30.547980093340378,30.043650587659656,30.427901552356722,5609310
2025-02-17,30.235776901245117,30.523964665895523,29.899556620984228,30.283807584602474,6063580
2025-02-18,30.66805648803711,30.932230725515563,30.019633145006175,30.23577487010082,7702820
2025-02-19,30.331838607788086,31.38852824768243,30.235775413546865,30.93223128147943,11121690
2025-02-20,30.596012115478516,30.836167361318257,30.403885720103002,30.54797960050809,4626460
2025-02-21,29.851524353027344,30.692074092934355,29.227114509008288,30.596010899065806,4842590
2025-02-24,29.34719467163086,30.331840173100968,29.32317932989447,30.30782299911145,3462260
2025-02-25,28.938926696777344,29.39522549247174,28.890896016073945,29.34719297951532,4768790
2025-02-26,29.947586059570312,30.30782166653669,28.77081787594925,28.962942433646155,10536690
2025-02-27,30.30782127380371,30.403884467533885,29.731445775928698,29.923570331136027,5954970
2025-02-28,29.65939712524414,30.283805119325,29.491287914925323,30.163726588453567,7507020
2025-03-03,30.451915740966797,30.547977098533732,29.491287507273874,29.779475244480572,10380430
2025-03-04,30.043649673461914,30.788136238455973,30.043649673461914,30.547979163796402,5521420
2025-03-05,31.29246711730957,31.364514971587017,30.01963390676166,30.475932708595046,11490170
2025-03-06,30.692075729370117,31.652704054768204,29.971604485321553,31.50860834015599,20364570
2025-03-07,30.499948501586914,30.74010557640256,30.23577608574032,30.69207489434066,10063230
2025-03-10,30.067665100097656,30.716090302876793,30.0196344179302,30.451917886449625,7914220
2025-03-11,29.395225524902344,30.259790604288554,29.395225524902344,30.259790604288554,9680960
2025-03-12,30.764122009277344,31.052309759218986,29.659398025910637,29.683413366363602,21909890
2025-03-13,31.67671775817871,32.036953382408974,30.956246509718184,31.124359399297322,12730250
2025-03-14,32.805458068847656,32.973567289256316,31.94089112888002,32.34915742544567,9317870
2025-03-17,32.58931350708008,33.093644817421634,32.18104722297342,32.97356628300756,7394990
2025-03-18,32.56529998779297,32.90151841823529,32.036951504946394,32.46923496159084,8554580
2025-03-19,29.491289138793945,31.292467176613126,29.32317808924566,29.491289138793945,13126990
2025-03-20,29.53931999206543,30.475932943630312,29.275147578099197,29.58735067378545,11921770
2025-03-21,26.585386276245117,29.539318899051462,26.585386276245117,29.539318899051462,11642730
2025-03-24,27.353891372680664,27.642079131504417,26.03302745227447,26.70546616694759,11780790
2025-03-25,29.323177337646484,29.51530372299058,26.897591342005516,26.897591342005516,11514250
2025-03-26,29.299161911010742,29.611366828209597,28.91491097371038,29.323177251044577,6882390
2025-03-27,28.602706909179688,29.827507609947503,28.602706909179688,29.779476928448002,7870620
2025-03-28,28.362550735473633,28.65074033035733,27.618064155133695,28.626723156593854,7942420
2025-04-02,28.098377227783203,28.506643514430973,27.786172303462173,28.098377227783203,6327150
2025-04-03,28.05034637451172,28.43459731822016,28.00231386139002,28.29050344336112,5001940
2025-04-04,27.42593765258789,28.33853528448089,27.42593765258789,28.050347522963683,6383380
2025-04-07,27.185781478881836,27.329877196690283,26.513342735539453,26.609405936660696,6599900
2025-04-08,27.473968505859375,27.858219442057848,27.161763589555804,27.858219442057848,5003710
2025-04-09,27.257827758789062,27.666094049587763,26.969640004372692,27.377906295171393,4007690
2025-04-10,27.329875946044922,28.098377855341052,27.30585877267379,28.05034717310495,6039930
2025-04-11,26.969640731811523,27.570033429917274,26.777514335516443,27.52200091471695,7814860
2025-04-14,26.993656158447266,27.329876436897845,26.92160830154603,27.185780723095373,3282120
2025-04-15,26.993656158447266,27.233813238447237,26.873577618447282,27.11373469844725,3414510
2025-04-16,26.561370849609375,27.041684976482067,26.4412923178912,26.993654296695993,3282950
2025-04-17,27.257827758789062,27.570032686284343,26.465308685764455,26.56137188132093,7247360
2025-04-18,26.70546531677246,27.521999717115964,26.681449976343863,27.377905842291355,2908590
2025-04-21,26.70546531677246,27.041685579531908,26.56137144194785,26.94562238556449,4657980
2025-04-22,26.921607971191406,27.377906784042736,26.633420211629034,26.921607971191406,5748380
2025-04-24,27.209796905517578,27.28184292754073,26.657434908741536,27.161764391915767,4946250
2025-04-25,27.42593765258789,27.618064048434768,27.041686693147245,27.257828430411703,5536860
2025-04-28,26.801528930664062,27.594048002996097,26.753498249054328,27.42593695285591,3807880
2025-04-29,26.153104782104492,27.065700531049153,26.129089442020973,26.80152812562446,4898610
2025-04-30,26.22515106201172,26.39326210876682,26.033026507188346,26.153105041047837,4275510
2025-05-02,26.153104782104492,26.417277187529184,26.105072269684456,26.321213994942113,3386080
2025-05-05,26.417278289794922,26.60940468298557,26.057042676752264,26.225151896604274,3331270
2025-05-06,26.081058502197266,26.561372661840874,25.91294927922325,26.393263438866857,5324500
2025-05-07,25.504680633544922,26.417278251497898,25.432634610392682,26.417278251497898,5758230
2025-05-08,25.816884994506836,25.84090033502786,24.976335250499638,25.60074326531152,3281110
2025-05-09,26.68144989013672,26.969639471107836,25.840900152080412,25.984994026439463,6164200
2025-05-12,29.34719467163086,29.34719467163086,27.906252180409968,28.07436323707095,18906150
2025-05-13,28.53066062927246,29.635382784061818,28.14640785173439,29.443256395292785,12427630
2025-05-14,28.386564254760742,28.86687838314758,27.930267298595645,28.62672131895416,10602620
2025-05-15,28.05034637451172,28.578691193079198,28.05034637451172,28.362549464664127,5741340
2025-05-16,28.31451988220215,28.38656590630004,26.94562343730505,28.050347462670352,9504710
2025-05-20,27.570032119750977,28.62672175239925,27.401921072918373,28.530660391069784,5500540
2025-05-21,27.329875946044922,27.546015848360465,27.041686355869064,27.497985166124362,3585940
2025-05-22,26.801528930664062,27.49798480752357,26.801528930664062,27.329875589636437,4724060
2025-05-23,25.86491584777832,27.06570120435583,25.86491584777832,26.77751345167845,6069120
2025-05-26,26.03302574157715,26.441292011791415,25.81688402053602,26.105071760422213,6274280
2025-05-27,25.600744247436523,26.177121603318,25.600744247436523,26.08105840529557,4742750
2025-05-28,25.491308212280273,25.93208086595913,25.246434930955324,25.90759391147361,5455840
2025-05-29,25.246435165405273,25.7606686873161,25.246435165405273,25.66272086846443,3009930
2025-05-30,25.07502555847168,25.417848542067446,24.732202574875913,25.417848542067446,8303820
2025-06-02,24.213069915771484,25.17297461947182,24.213069915771484,25.0750249311471,4723950
2025-06-03,25.02604866027832,25.12399834667509,24.320814281044363,24.320814281044363,10867890
2025-06-04,25.31989860534668,25.393359471538304,24.830152024462738,24.977075625080932,6436670
2025-06-05,25.466821670532227,25.589258313179016,25.07502478770948,25.344385027885437,1971470
2025-06-10,25.907594680786133,26.49528907882939,25.76066921304039,26.32387852410593,7288690
2025-06-11,25.63823127746582,25.956567283901947,25.58925736950711,25.834130645770333,4208570
2025-06-12,24.756689071655273,25.540284715098377,24.732202116474067,25.515795891682245,4404950
2025-06-13,24.1934814453125,24.1934814453125,23.390295496546784,24.183686289667623,9978600
2025-06-16,24.428560256958008,24.585279015174283,23.840863979529484,24.19348211963359,5911380
2025-06-17,24.115121841430664,24.428559346177188,23.93881277795202,24.408969035071806,5466440
2025-06-18,23.95840072631836,24.134709786157963,23.703734160144325,24.115121343691783,3170710
2025-06-19,24.1934814453125,24.359995354805587,23.997582068884782,23.997582068884782,3482540
2025-06-20,24.53630256652832,24.53630256652832,24.0955317716521,24.26204568124576,3016160
2025-06-23,23.80168342590332,24.281636726117448,23.80168342590332,24.281636726117448,2629850
2025-06-24,24.46773910522461,24.634253019990524,24.17389189951298,24.45794394926956,7542810
2025-06-25,24.29142951965332,24.585278587371867,24.193481698648736,24.560791632120722,3627230
2025-06-26,23.89963150024414,24.48732773964253,23.89963150024414,24.291428370431454,3480230
2025-06-27,24.00737762451172,24.16409638097099,23.71352855497438,23.919223090474013,4003650
2025-06-30,25.466821670532227,25.66272104606105,24.007377114370684,24.046555868535506,8008170
2025-07-01,26.152467727661133,26.862598763438978,24.977075205968642,25.466821778634696,9638950
2025-07-02,26.66670036315918,27.621706521554522,26.29939044594827,26.348364354282452,8186420
2025-07-03,27.034011840820312,27.817605628806717,26.66670190240763,26.936062150263275,8433460
2025-07-04,27.107471466064453,27.30337083820652,26.666700681097108,27.131960288758364,4213670
2025-07-07,26.103492736816406,26.74016292683925,25.88310639882216,26.71567597111433,4211040
2025-07-08,26.29939079284668,26.519777119727173,25.491308217029836,26.201441106651476,4581880
2025-07-09,26.348365783691406,26.76465150005501,26.030031625779774,26.29939187270037,5970020
2025-07-10,26.740161895751953,27.058497912605983,26.519777434490592,26.54426438927131,4791490
2025-07-11,26.78913688659668,27.180933756283526,26.470800879094018,27.00952320961892,3872440
2025-07-14,26.05451774597168,26.91157423848236,26.05451774597168,26.78913759669512,4167720
2025-07-16,25.295412063598633,26.274905241383905,25.09951268074759,26.054518902735225,4306950
2025-07-17,26.274904251098633,26.274904251098633,25.46682166258794,25.46682166258794,3696080
2025-07-18,26.54426383972168,26.666700479325346,25.85861791064721,26.25041478373197,6674080
2025-07-21,27.401321411132812,27.768631344611176,26.544264899683302,26.593238810186445,11355760
2025-07-22,27.254398345947266,28.160428785670504,27.180935610516748,27.597219462663105,6790410
2025-07-23,27.229907989501953,27.64619368645504,27.13196017208698,27.37683345209414,4542460
2025-07-24,27.376834869384766,27.71965598455464,27.107472752844206,27.401321825006193,6438880
2025-07-25,27.18093490600586,27.523757882070935,26.69118833112287,27.499270926973768,5952920
2025-07-28,27.327857971191406,27.793117581892083,27.27888406195339,27.327857971191406,8175580
2025-07-29,27.30337142944336,27.57273167079537,27.03401118809135,27.42580807262472,3584690
2025-07-30,27.376834869384766,27.69516902893322,27.156448532322017,27.303372134285528,9288370
2025-07-31,27.42580795288086,27.719655147939193,27.205421622469657,27.42580795288086,5098960
2025-08-01,28.233890533447266,28.99299734399001,27.817604827628088,27.817604827628088,15312580
2025-08-04,28.135940551757812,28.699147980944428,28.135940551757812,28.601200162466675,7916980
2025-08-05,28.992998123168945,29.139921724603994,28.28286520329211,28.40530184919381,13998590
2025-08-06,29.22807502746582,29.87454034112649,28.895047215187915,29.169305963015272,13713874
2025-08-07,30.011669158935547,31.089111984685914,29.3847941482742,29.3847941482742,14767354
2025-08-08,29.854949951171875,30.46223650966897,29.58069307230566,29.77659057603369,8920008
2025-08-11,29.913721084594727,30.638545776549407,29.874540462645072,30.462236714245723,6818055
2025-08-12,29.600282669067383,29.992081428269923,29.34561422287971,29.97249111666281,6609697
2025-08-13,28.992998123168945,29.737413154439462,28.855867809359278,29.737413154439462,7339837
2025-08-14,28.503250122070312,29.169305741569605,28.424890747319505,29.090946366818798,5261141
2025-08-15,28.73832893371582,29.228075504681346,27.543347973124504,28.013504232875032,10224226
2025-08-18,28.326942443847656,29.012588407544914,28.170223686699988,28.83627933869505,4840771
2025-08-19,28.52284049987793,28.738328313890577,28.228991442695378,28.503250189085453,5479465
2025-08-20,29.130125045776367,29.20848442032731,28.4248906748179,28.65996879847072,7196065
2025-08-21,29.11053466796875,29.580692782425352,29.11053466796875,29.561102471774067,6748631
2025-08-22,28.816688537597656,29.26725448968648,28.542429783129514,29.14971635793936,7375625
2025-08-25,28.816688537597656,29.247666046551906,28.640379471742058,29.090947292065803,7312247
2025-08-26,28.699148178100586,29.16930630390414,28.50325067156443,28.77750755436203,10160352
2025-08-27,28.718738555908203,28.973406996407945,28.111453855530662,28.77750762118202,8443561
2025-08-28,28.542428970336914,29.071356152841638,28.444481152748512,28.914637402818357,7304423
2025-08-29,28.111454010009766,28.659969648127714,27.95473525626178,28.562019959976496,4501707
2025-09-01,28.209402084350586,28.385711150965953,28.111454263550872,28.209402084350586,4650260
2025-09-02,26.642213821411133,28.366120082160258,25.83902788735942,28.346531639464267,13055342
2025-09-03,26.250415802001953,26.74016237941419,26.054518291978017,26.642214558519687,5244813
2025-09-04,26.955652236938477,27.269089749515793,26.25041596540457,26.348365655143716,5148199
2025-09-05,27.014421463012695,27.54334866978653,26.661803325163472,27.11237115333025,8337208
2025-09-08,26.250415802001953,26.759752690887066,26.09369704668883,26.465905491733693,7550439
2025-09-09,25.858617782592773,26.54426370827186,25.741079655366836,26.250414653737316,5049110
2025-09-10,26.034927368164062,26.113286743977614,25.46682142645711,25.976158303362624,4036830
2025-09-11,25.23174285888672,26.13287659914106,25.212152548216334,26.034926914023988,6066291
2025-09-12,25.035844802856445,25.40805325219265,24.898716357435184,25.231744183373916,3043719
2025-09-15,26.857702255249023,26.857702255249023,24.66363782282292,25.035844397903766,7441165
2025-09-16,26.896881103515625,26.955652037866045,26.38754608345649,26.857702348850275,4936004
2025-09-17,27.171138763427734,27.42580719730518,26.681392206333,26.896880018890137,4118997
2025-09-18,26.93606185913086,27.817605328146335,26.87729279272581,27.30826843734275,4486692
2025-09-19,28.111454010009766,28.111454010009766,26.896880866110514,27.034011176816186,8451980
2025-09-22,27.739246368408203,28.58161109526529,27.700067612959135,28.366121401473034,7295387
2025-09-23,27.09278106689453,27.62170827806636,26.955652620250707,27.62170827806636,3894931
2025-09-24,26.93606185913086,27.112370926580944,26.387546213468887,27.09278061503428,4278287
2025-09-25,26.27000617980957,27.523758093715337,25.95656866839186,26.994830892021753,5997581
2025-09-26,25.643131256103516,26.27000628136226,25.60395063290737,26.27000628136226,4421978
2025-09-29,25.466821670532227,25.91738761871966,25.40805260516754,25.858618553354972,2950705
2025-09-30,25.329692840576172,25.603949720233288,25.035843781784422,25.46682128040473,2918607
2025-10-01,25.858617782592773,26.01533653105059,25.231742788761508,25.329692473606354,4116708
2025-10-02,25.1729736328125,25.976157682771394,25.153383322268418,25.93697706168323,2802207
2025-10-03,25.01625633239746,25.44723197989491,24.957485397364668,25.29051322294403,2753262
2025-10-06,24.644046783447266,25.29051209407266,24.644046783447266,25.075024279942483,2991793
2025-10-07,24.644046783447266,25.11420303331394,24.60486803007581,24.722406158425045,3545994
2025-10-08,24.937894821166992,25.466822021442017,24.66363793352951,24.66363793352951,6440720
2025-10-09,24.62445640563965,25.486411396284655,24.5852776523748,25.17297389722642,4337395
2025-10-10,24.585277557373047,24.957484119007717,24.585277557373047,24.741996306296574,4112165
2025-10-13,24.6832275390625,24.761586914465703,24.095531289421036,24.38937848012433,4028880
2025-10-14,23.840862274169922,25.11420256065267,23.82127196373546,24.72240569313758,5643897
2025-10-15,24.25225067138672,24.585278492576027,23.72332347247373,23.860453784174275,6199369
2025-10-16,24.07594108581543,24.76158702482547,23.977991399066156,24.29142890207593,4206672
2025-10-17,24.036762237548828,24.467737868375313,23.644963492092206,24.11512161299318,5384766
2025-10-20,25.11420440673828,25.11420440673828,23.40988650659115,24.428560305245508,6783369
2025-10-21,24.50691795349121,25.1729735642984,24.350199206034794,25.114202632826114,4022937
2025-10-22,25.07502555847168,25.310103695391216,24.62445772819968,24.62445772819968,6473303
2025-10-23,24.702816009521484,25.290512259823956,24.487328193979025,25.212152884332617,4232659
2025-10-24,25.760669708251953,26.015338157475963,24.604869333176005,24.859535914165054,10056801
2025-10-27,25.2121524810791,25.819439032599938,25.19256217046088,25.76066810074528,3436699
2025-10-28,24.996665954589844,25.27092284441085,24.89871626469594,25.212153777768485,1908596
2025-10-30,25.094615936279297,25.290513450110026,24.93789530968576,25.03584500071861,2285367
2025-10-31,25.1337947845459,25.21215416401449,24.781176642819762,25.21215416401449,3408012
2025-11-03,25.466821670532227,25.76066886559056,25.290512606203265,25.466821670532227,4634370
2025-11-04,24.89871597290039,25.603950369048764,24.7811759727582,25.603950369048764,3568673
2025-11-05,25.662721633911133,25.89779976898966,24.91830660537832,24.977075672089214,6908970
2025-11-06,25.917387008666992,26.152467001062146,25.48641138182388,25.701899195245435,5157003
2025-11-07,26.250415802001953,27.367039268901607,25.956568602848584,26.622624247046815,13633432
2025-11-10,25.799848556518555,26.563853851615615,25.62353949855501,26.446313856894978,7201465
2025-11-11,25.839027404785156,26.58344239214144,25.623539593274725,25.780258341325013,11368907
2025-11-12,25.956567764282227,26.446314325872457,25.74107994974708,26.250414953942418,3680029
2025-11-13,25.760669708251953,26.191647227572197,25.662721885518454,25.95656909018887,4475383
2025-11-14,25.93697738647461,26.054517382976126,25.329692697882223,25.760668325839767,4138149
2025-11-17,25.99574851989746,26.40713384024732,25.760668525076284,25.936977587074725,6109877
2025-11-18,26.27000617980957,26.759752758458472,25.760669289638326,25.995749291436542,7403266
2025-11-19,26.70098304748535,26.83811148836118,26.23082679170976,26.465904919597556,6188461
2025-11-20,26.779342651367188,27.22990859992818,26.544264521478638,26.8381117167806,6049356
2025-11-21,26.367956161499023,26.740162743375063,26.1524683370692,26.740162743375063,3054716
2025-11-24,27.131959915161133,27.60211615994637,26.328773995026133,26.328773995026133,11254723
2025-11-25,28.13104248046875,28.405301233912475,26.798933072312597,27.22990871142213,12137733
2025-11-26,27.876373291015625,28.679559218518786,27.817604226937053,28.150632037107062,6656714
2025-11-27,28.30735206604004,28.7187392696507,27.87637455077293,27.87637455077293,6272822
2025-11-28,27.347448348999023,28.522840855932074,27.26908897308581,28.30735117099458,3871890
2025-12-01,27.91555404663086,28.033094043587386,26.93606092218767,27.347448109183205,4263745
2025-12-02,28.013504028320312,28.05268278222932,27.562936214839926,27.95473496333935,3854328
2025-12-03,27.64129638671875,28.268173281425437,27.562937008409783,28.033095146498532,3551922
2025-12-04,27.445398330688477,27.739245526459953,27.22990864343681,27.562936461703103,3622219
2025-12-05,27.54334831237793,27.83719551128262,27.38662768896251,27.464988934787684,3054430
2025-12-08,28.07227325439453,28.268172629768415,27.621707306563454,27.621707306563454,4902561
2025-12-09,28.111454010009766,28.248582452480523,27.71965525740489,28.248582452480523,2717586
2025-12-10,28.150632858276367,28.65996974377458,28.05268316979826,28.405301301025474,6057728
2025-12-11,28.992998123168945,29.14971688046432,28.170223713250742,28.170223713250742,8629509
2025-12-12,29.1693058013916,29.345612993766352,28.738328305260858,29.130125179818414,6590241
2025-12-15,29.482744216918945,29.619872660215268,28.855867329918066,29.286844839437123,6976028
2025-12-16,29.22807502746582,29.81577127667594,29.071356276774438,29.737411901330248,4384835
2025-12-17,29.247665405273438,29.54151259643332,29.09094665422352,29.18889447245356,4184927
2025-12-18,29.463153839111328,29.502334461813344,28.973407264745624,29.26725446207108,3680895
2025-12-19,29.40438461303711,29.678641497516836,29.071356794824666,29.482743989779163,5838517
2025-12-22,28.6795597076416,29.384794093316636,28.464070021953614,29.28684440602527,5720681
2025-12-23,27.778425216674805,28.679558953228334,27.778425216674805,28.679558953228334,4423164
2025-12-24,28.013504028320312,28.091863404373218,27.34744839775315,27.621707148055773,4143482
2025-12-25,27.739246368408203,28.22899295504884,27.6608869892751,28.22899295504884,1798829
2025-12-26,27.79801368713379,28.05268212035583,27.38662650550355,27.895963371947627,3497807
2025-12-29,27.60211753845215,28.542430074983734,27.60211753845215,28.091864118287752,5952680
2025-12-30,27.758834838867188,27.95473420782244,27.190728910778766,27.543347027604284,3876263
2025-12-31,28.111454010009766,28.346532140631744,27.73924556868212,27.758835879959342,2827115
2026-01-02,28.73832893371582,28.777507687910912,28.03309454409003,28.2094017403203,4006706
2026-01-05,29.267253875732422,29.46315324884803,28.67955949285535,28.777507311178276,6227768
2026-01-06,29.600282669067383,29.639463292281615,29.090947644926977,29.32602577950754,5702681
2026-01-07,30.0704402923584,30.266337800375524,29.365204032438985,29.698231851126504,7186234
2026-01-08,30.364288330078125,30.364288330078125,29.46315453716576,30.07044112579071,4093115
2026-01-09,30.618955612182617,30.912802805272484,29.894130916757373,30.912802805272484,5170942
2026-01-12,30.442646026611328,30.83444290008586,30.285927277221518,30.618955086733582,4580566
2026-01-13,30.834444046020508,31.089112490302195,30.227159336624506,30.560187158513255,6110379
2026-01-14,32.264503479003906,32.264503479003906,30.91280373462462,30.91280373462462,8381371
2026-01-15,32.14696502685547,32.89138191658473,31.833527516381,31.833527516381,6285091
2026-01-16,33.55743408203125,33.55743408203125,31.911889007621753,32.1469652740503,7353677
2026-01-19,32.87179183959961,33.65538562137525,32.26450338931234,33.59661468656587,11140402
2026-01-20,31.63762855529785,32.930559237167294,31.63762855529785,32.930559237167294,10168215
2026-01-21,31.441728591918945,31.735579525828523,31.0499335741559,31.637627969035385,4879068
2026-01-22,31.853116989135742,32.107783558514555,31.363370424855923,31.53967948691424,7471253
2026-01-23,31.813936233520508,32.205734977885456,31.774755611790063,31.99024529483776,6400080
2026-01-26,32.36245346069336,32.36245346069336,31.500498472100855,31.657217221256793,7527441
2026-01-27,31.911888122558594,32.71507219410828,31.833526878275805,32.40163468991668,5185921
2026-01-28,32.95014953613281,33.087277981661344,31.93147574582098,31.93147574582098,8556494
2026-01-29,33.302764892578125,33.55743145065122,32.832608660118076,33.14604614842478,8204421
2026-01-30,34.28226089477539,34.55651778626322,33.22440647937391,33.40071554860749,11584984
2026-02-02,33.537845611572266,34.399796855058916,32.479991263016366,33.694564359157994,11014847
2026-02-03,34.38020706176758,34.654467676520824,33.890460501135735,34.34103017663403,7457620
2026-02-04,34.301849365234375,34.79159592315639,34.02759248846836,34.63487717408014,5905278
2026-02-05,33.69456481933594,34.77200575664406,33.59661326546355,34.38020701409398,8350600
2026-02-06,34.18431091308594,34.36061997118201,33.49866499120895,33.51825530171625,4809490
2026-02-09,35.18339157104492,35.457652189296326,34.18431186270622,34.18431186270622,9382540
2026-02-10,34.4781608581543,35.55560186703069,34.45857054607855,35.45765404312192,4008584
2026-02-11,34.086360931396484,34.41938875242869,33.47907622356241,34.282260309027755,7514606
2026-02-12,35.1638069152832,35.20298380305425,33.949233719100974,34.18431372807721,7849366
2026-02-13,35.222572326660156,36.78976358849366,34.693645135673734,35.35970076807076,15844362
2026-02-16,35.51641845703125,35.96698812649161,34.967904707814654,35.673137204874514,6442340
2026-02-17,35.26175308227539,35.65355183333304,35.2029821486758,35.516419654934,3989404
2026-02-18,35.10503387451172,35.888627630009125,34.55651637742865,35.359700443872214,6643732
2026-02-19,34.00800323486328,35.30093388904866,33.69456572696803,35.16380544640321,4650940
2026-02-20,34.28226089477539,34.380208717029646,33.47907679558682,33.92964275630823,2969649
2026-02-23,34.38020706176758,34.98749548720927,34.2822592442291,34.39979737256922,3237971
2026-02-24,34.12554168701172,34.38020826339448,33.47907635384178,34.38020826339448,3899307
2026-02-25,33.1656379699707,34.30184985098082,33.126457348029376,34.24307891806883,2326702
2026-02-26,33.00891876220703,33.20481813273488,32.460401272023,33.16563751133537,3090440
2026-02-27,33.087276458740234,33.28317583039422,32.14696395856478,32.989328641148106,2503039
2026-03-02,31.931474685668945,32.06860686311448,30.364287165274927,30.364287165274927,5281129
2026-03-03,30.677724838256836,32.3624542343084,30.677724838256836,31.931474861474854,4242302
2026-03-04,30.638545989990234,31.304599753660437,30.050849734295447,30.67772474397794,5832072
2026-03-05,30.28592872619629,31.343781269305968,30.227159659422124,30.912803753747227,3039816
2026-03-06,29.07135581970215,30.148798614941537,28.855866139713363,30.148798614941537,6686501
2026-03-09,28.483659744262695,28.62078818269504,27.406216942799656,27.81760412633155,5187920
2026-03-10,29.384794235229492,29.659052987322866,29.01258766360661,29.188894859700667,4243080
2026-03-11,28.816688537597656,29.796181687253274,28.5816104058685,29.404384801038013,2870166
2026-03-12,28.699148178100586,29.247665680165582,28.4053009841789,28.89504755287164,2997155
2026-03-13,28.346532821655273,28.581610957924987,27.935145616124537,28.581610957924987,3194057
2026-03-16,28.013504028320312,28.60120028283456,27.543347772002868,28.385710597512897,2829877
2026-03-17,28.503250122070312,28.601199807567536,28.013503562819054,28.131041690827832,5866077
2026-03-18,28.40530014038086,29.071355752934952,28.170222018579683,28.757918257200046,3696744
2026-03-19,28.718738555908203,28.718738555908203,28.072273233191517,28.34653198486083,1242949
2026-03-23,28.209402084350586,28.52284146290842,27.014421109185772,28.405301462419867,8094075
2026-03-24,27.151548385620117,28.24858149282263,27.13195994324326,28.209400871599218,4486891
2026-03-25,27.09278106689453,27.758836724710182,27.05360231138271,27.36703982841714,6865757
2026-03-26,26.857702255249023,27.249499141711734,26.720573812045807,26.975242255305297,4197935
2026-03-27,26.642213821411133,27.01442038792325,26.367955073083607,26.93606101243465,3412465
2026-03-30,26.407135009765625,26.838112528378392,26.30918718719292,26.642215014998015,3028223
2026-03-31,26.857702255249023,26.95565194392343,26.426724746022582,26.426724746022582,6771575
2026-04-01,27.523757934570312,27.602117311971657,27.053601670162237,27.36703917976762,7380491
2026-04-02,27.21031951904297,27.367038268627972,26.936060773151784,27.367038268627972,4330049
2026-04-03,27.386627197265625,27.680476259129506,27.131960625845778,27.425807819474766,5534468
2026-04-06,27.60211753845215,27.895964739059536,27.44539878236355,27.60211753845215,6040992
2026-04-07,26.975242614746094,27.817605464806544,26.798933546429854,27.582527329796537,5292312
2026-04-08,28.6795597076416,28.895047525094693,27.915554388650804,28.033094387047427,8822422
2026-04-09,28.464069366455078,28.640378425872342,28.170222179582872,28.405300302727607,5374098
2026-04-10,30.207569122314453,30.266338188650025,28.601200942085974,28.659970008421546,15511836
2026-04-13,29.40438461303711,29.717822120005316,28.934228352584803,29.678641497516836,9088027
2026-04-14,30.22715950012207,30.34469763305096,29.60028260763989,29.678641985670794,6065528
2026-04-15,30.462236404418945,30.71690483979686,30.14879890494916,30.305517654684053,4520960
2026-04-16,30.187978744506836,30.95198407813147,30.050850300613284,30.854034388963964,3073661
2026-04-17,31.38296127319336,31.48090909313864,29.992080932092374,30.28592812839804,8185629
2026-04-20,30.854034423828125,31.285011935711186,30.71690597977962,30.775675046052562,3003650
2026-04-21,31.30459976196289,31.422141628661873,31.010752568155013,31.049933190388007,3810107
2026-04-22,30.65813446044922,31.83352697289627,30.031259450202736,31.363370715211406,5675023
2026-04-24,30.403467178344727,30.65813374413098,29.87453999963131,30.65813374413098,4428072
2026-04-27,30.266338348388672,31.108703065995723,30.266338348388672,30.403468661541996,4329095
2026-04-28,29.521923065185547,30.383878086959754,29.521923065185547,30.26633808645057,2977864
2026-04-29,30.28592872619629,30.344697792970454,29.60028276363624,29.73741307708922,3958323
2026-04-30,30.736494064331055,31.0107528174622,29.482744034554184,30.266337803164728,4044498
2026-05-04,31.20665168762207,31.637627319250843,30.73649356584587,30.73649356584587,5345910
2026-05-05,32.85219955444336,33.12645642747174,31.6376264633026,31.6376264633026,6809711
2026-05-06,33.47907638549805,33.91005202919556,33.16563887435988,33.18522918586475,9456404
2026-05-07,35.26175308227539,35.26175308227539,33.71415212571446,33.792513370513916,6624392
2026-05-08,34.34103012084961,36.1041169889663,34.34103012084961,35.22257168667309,8017871
2026-05-11,35.26175308227539,35.59478089973345,34.38020776063058,34.4781593166299,6836955
2026-05-12,34.77200698852539,35.653552322259046,34.73282636558837,35.653552322259046,3905857
2026-05-13,36.045345306396484,36.39796341997425,34.96790439177077,35.2421612639003,7338299
2026-05-14,36.0257568359375,37.005249985247126,35.810270883888876,36.16288527900568,9087201
2026-05-15,35.00708770751953,36.0257577694815,34.282261114201084,36.0257577694815,5798652
2026-05-18,33.34194564819336,34.79159497161877,33.34194564819336,34.08635875182872,4351024
2026-05-20,34.29999923706055,34.400001525878906,32.939998626708984,33.34000015258789,3864430
2026-05-21,32.220001220703125,34.41999816894531,31.600000381469727,34.41999816894531,3362859
2026-05-22,34.13999938964844,34.560001373291016,31.920000076293945,32.20000076293945,3960494
2026-05-25,33.81999969482422,34.7400016784668,33.560001373291016,34.13999938964844,2933612
2026-05-26,33.599998474121094,34.36000061035156,33.599998474121094,33.81999969482422,1319777
2026-06-01,33.84000015258789,34.779998779296875,33.41999816894531,33.41999816894531,4295215
2026-06-02,34.79999923706055,35.2599983215332,34.15999984741211,34.20000076293945,4412797
2026-06-03,33.58000183105469,35.08000183105469,33.2599983215332,34.97999954223633,5807966
2026-06-04,32.900001525878906,34.29999923706055,31.68000030517578,33.65999984741211,9799656
2026-06-05,32.29999923706055,32.900001525878906,31.520000457763672,32.900001525878906,9484905
2026-06-08,33.18000030517578,33.18000030517578,31.68000030517578,31.81999969482422,3247689
2026-06-09,32.68000030517578,33.70000076293945,32.619998931884766,33.040000915527344,2339947
2026-06-10,32.279998779296875,32.70000076293945,31.979999542236328,32.599998474121094,2201727
2026-06-11,32.2599983215332,32.779998779296875,31.81999969482422,32.20000076293945,2031465
2026-06-12,33.279998779296875,34.08000183105469,32.720001220703125,33.0,3639770
2026-06-15,34.220001220703125,34.540000915527344,33.900001525878906,34.20000076293945,4353862
2026-06-16,34.15999984741211,34.5,33.7400016784668,34.47999954223633,3557607
2026-06-17,33.720001220703125,34.41999816894531,33.5,34.2599983215332,2789800
2026-06-18,34.34000015258789,34.380001068115234,33.400001525878906,33.400001525878906,4586409
2026-06-19,34.099998474121094,34.279998779296875,33.7400016784668,34.279998779296875,4645199
2026-06-22,33.36000061035156,34.13999938964844,33.220001220703125,34.02000045776367,3547609
2026-06-23,32.84000015258789,33.279998779296875,32.63999938964844,33.119998931884766,2706380
2026-06-24,32.779998779296875,33.18000030517578,32.5,33.0,2001229
2026-06-25,32.34000015258789,33.119998931884766,32.34000015258789,33.02000045776367,2284752
2026-06-26,33.060001373291016,33.060001373291016,32.41999816894531,32.560001373291016,4069178
2026-06-29,33.380001068115234,33.619998931884766,32.68000030517578,33.040000915527344,3263409
2026-06-30,34.58000183105469,34.63999938964844,33.34000015258789,33.58000183105469,6755318
2026-07-01,34.060001373291016,34.779998779296875,33.84000015258789,34.58000183105469,6533864
2026-07-02,34.0,34.459999084472656,33.599998474121094,34.20000076293945,3128397
2026-07-03,33.279998779296875,34.5,32.619998931884766,34.5,7723156
2026-07-06,32.84000015258789,33.7400016784668,32.560001373291016,33.279998779296875,2891143
2026-07-07,33.36000061035156,33.36000061035156,32.7599983215332,33.08000183105469,3518094
2026-07-08,32.34000015258789,33.400001525878906,32.2599983215332,32.939998626708984,5696912
2026-07-09,31.979999542236328,32.68000030517578,31.799999237060547,32.68000030517578,2652521
2026-07-10,33.400001525878906,33.41999816894531,31.8799991607666,31.899999618530273,3916673
2026-07-13,33.15999984741211,33.63999938964844,32.7599983215332,33.08000183105469,2100294
2026-07-14,32.79999923706055,33.720001220703125,32.63999938964844,32.97999954223633,5250300
2026-07-16,34.0,34.13999938964844,32.7400016784668,32.79999923706055,5509874
2026-07-17,33.900001525878906,34.540000915527344,33.86000061035156,34.0,7441597
2026-07-20,35.099998474121094,35.720001220703125,33.720001220703125,34.15999984741211,9996523
2026-07-21,35.040000915527344,35.5,34.779998779296875,35.18000030517578,3410077
2026-07-22,34.65999984741211,35.36000061035156,34.400001525878906,35.040000915527344,4130864
2026-07-23,34.5,35.0,34.0,34.959999084472656,4095290
2026-07-24,33.900001525878906,35.400001525878906,33.060001373291016,34.779998779296875,3577888
2026-07-27,34.15999984741211,35.099998474121094,34.0,35.099998474121094,2730390
2026-07-28,34.380001068115234,35.13999938964844,34.02000045776367,34.13999938964844,4893428
2026-07-29,35.0,35.20000076293945,34.220001220703125,34.380001068115234,3934647
2026-07-30,35.459999084472656,36.040000915527344,35.0,35.099998474121094,5000710
2026-07-31,35.5,35.939998626708984,34.41999816894531,35.939998626708984,3792335
2026-08-03,35.02000045776367,36.119998931884766,34.900001525878906,35.70000076293945,3753205
2026-08-04,35.560001373291016,35.84000015258789,35.040000915527344,35.29999923706055,4210486
2026-08-05,35.2400016784668,35.959999084472656,34.720001220703125,35.5,5527285
2026-08-06,34.720001220703125,35.5,34.540000915527344,35.400001525878906,2616905
2026-08-07,35.2599983215332,35.279998779296875,34.5,34.5,2048479
2026-08-10,35.779998779296875,35.91999816894531,34.959999084472656,35.599998474121094,4533920
2026-08-11,35.29999923706055,35.900001525878906,34.65999984741211,35.84000015258789,4214924
2026-08-12,33.15999984741211,35.36000061035156,33.02000045776367,34.91999816894531,11210474
2026-08-13,31.920000076293945,33.36000061035156,31.3799991607666,33.29999923706055,7367879
2026-08-14,31.139999389648438,32.900001525878906,31.139999389648438,32.31999969482422,7584766
2026-08-17,30.799999237060547,31.360000610351562,30.799999237060547,31.139999389648438,4150926
2026-08-18,31.18000030517578,31.6200008392334,30.6200008392334,30.899999618530273,5491394
2026-08-19,31.200000762939453,31.559999465942383,30.920000076293945,30.940000534057617,4681686
2026-08-20,31.059999465942383,31.5,30.920000076293945,31.299999237060547,4026687
2026-08-21,31.420000076293945,31.579999923706055,31.100000381469727,31.219999313354492,4062218
2026-08-24,31.139999389648438,31.5,31.0,31.399999618530273,4814973
2026-08-25,30.799999237060547,31.139999389648438,30.799999237060547,31.139999389648438,2585151
2026-08-26,30.920000076293945,31.360000610351562,30.81999969482422,30.860000610351562,3328460
2026-08-27,30.260000228881836,31.239999771118164,30.239999771118164,30.979999542236328,4769920
2026-08-28,30.65999984741211,30.780000686645508,30.260000228881836,30.260000228881836,2182282
2026-08-31,32.0,32.70000076293945,30.479999542236328,30.65999984741211,15000737
2026-09-01,32.380001068115234,32.63999938964844,31.739999771118164,32.02000045776367,6433278
2026-09-02,32.63999938964844,33.70000076293945,31.799999237060547,32.2400016784668,6830827
2026-09-03,32.97999954223633,33.380001068115234,32.619998931884766,32.63999938964844,4303258
2026-09-04,32.880001068115234,33.119998931884766,32.459999084472656,33.0,5313939
2026-09-07,34.540000915527344,34.79999923706055,32.63999938964844,32.880001068115234,6111612
2026-09-08,35.15999984741211,35.2400016784668,33.720001220703125,33.720001220703125,7809791
2026-09-09,35.58000183105469,35.70000076293945,34.560001373291016,35.619998931884766,6863503
2026-09-10,34.0,35.52000045776367,34.0,35.52000045776367,3448394
2026-09-11,34.20000076293945,34.34000015258789,33.52000045776367,33.97999954223633,3938433
2026-09-14,34.47999954223633,35.0,33.900001525878906,34.20000076293945,4752383
2026-09-15,33.720001220703125,34.68000030517578,33.52000045776367,34.47999954223633,4709450
2026-09-16,33.220001220703125,33.81999969482422,32.18000030517578,33.720001220703125,5133429
2026-09-17,34.880001068115234,35.08000183105469,32.91999816894531,33.220001220703125,6893660
2026-09-18,34.060001373291016,35.220001220703125,34.060001373291016,34.86000061035156,8901856
2026-09-21,34.02000045776367,34.20000076293945,32.7599983215332,33.91999816894531,4420212
2026-09-22,34.13999938964844,34.86000061035156,33.720001220703125,34.02000045776367,5168442
2026-09-23,34.84000015258789,34.880001068115234,33.619998931884766,34.099998474121094,6729164
2026-09-24,34.099998474121094,35.34000015258789,34.099998474121094,35.0,2453382
2026-09-25,34.0,34.560001373291016,33.63999938964844,34.15999984741211,1824472
2026-09-28,32.939998626708984,34.0,32.720001220703125,34.0,2977015
2026-09-29,32.400001525878906,33.400001525878906,32.2599983215332,32.939998626708984,2433654
2026-09-30,31.479999542236328,32.599998474121094,31.479999542236328,32.400001525878906,2795940
2026-10-01,31.799999237060547,32.560001373291016,31.200000762939453,31.200000762939453,4098477
2026-10-02,32.5,32.70000076293945,31.799999237060547,31.799999237060547,3070883
2026-10-05,32.20000076293945,33.060001373291016,32.18000030517578,32.5,3789346
2026-10-06,32.0,32.58000183105469,32.0,32.20000076293945,3297972
2026-10-07,31.739999771118164,32.439998626708984,31.579999923706055,32.0,2373741
2026-10-08,,,,,879736
