Date,Close,High,Low,Open,Volume
2018-01-01,0.34371691942214966,0.34371691942214966,0.34371691942214966,0.34371691942214966,0
2018-01-02,0.35762619972229004,0.3611037990512179,0.3445196465384403,0.3445196465384403,14841267
2018-01-03,0.3707333505153656,0.37795532593780373,0.3589636907678601,0.3589636907678601,32490129
2018-01-04,0.36912789940834045,0.3798275067645968,0.35227640201612803,0.3696632263039768,28958223
2018-01-05,0.3736755847930908,0.3792927506137257,0.36832576435236297,0.3704653644153513,15247596
2018-01-08,0.3795601427555084,0.3803622793661445,0.37474507986801275,0.37474507986801275,15828519
2018-01-09,0.36538347601890564,0.382502385073327,0.36511609716975235,0.3819676273750205,17328696
2018-01-10,0.36966320872306824,0.37100067213434745,0.36244120093449894,0.3656508519701782,8886591
2018-01-11,0.37394294142723083,0.37715259243805505,0.36645298567352036,0.3704653423953393,21113589
2018-01-12,0.369930624961853,0.37635049685822586,0.3688605402894463,0.37581516993393965,11080104
2018-01-15,0.35602134466171265,0.37554776889634334,0.35602134466171265,0.36859313966228824,11865168
2018-01-16,0.36565086245536804,0.36565086245536804,0.3536138253324784,0.3552186676368113,7972440
2018-01-17,0.37019798159599304,0.3768852319646846,0.36538348810459653,0.36538348810459653,16413579
2018-01-18,0.36805835366249084,0.3739429313160438,0.3664529757648571,0.3718027622619959,9179142
2018-01-19,0.3707333505153656,0.37528043218328433,0.3637787205002828,0.3688605599448176,14496447
2018-01-22,0.37768736481666565,0.3819676701054551,0.36698835934464824,0.3707333376991319,37863651
2018-01-23,0.382235050201416,0.38731688948645054,0.3771526417402034,0.3790248295948417,41461686
2018-01-24,0.3953416049480438,0.3972137928072707,0.3819676722576704,0.3827698088993843,43310778
2018-01-25,0.38250240683555603,0.3993539045186315,0.37768734405334464,0.3953415809866117,32057403
2018-01-26,0.38357242941856384,0.3891896283754859,0.38063015725835125,0.3827697571900572,16262673
2018-01-29,0.4017614722251892,0.40390107259881103,0.37982756347993224,0.38624740251037576,54547374
2018-01-30,0.39507418870925903,0.40523843551928673,0.3940041041119815,0.3996212698156341,23491755
2018-01-31,0.40015602111816406,0.40898340699134,0.3942714766534578,0.39667899118379857,19755288
2018-02-01,0.4060411751270294,0.4100535323384268,0.401493524465233,0.401493524465233,24254874
2018-02-02,0.40069130063056946,0.4081806530111649,0.3972137019311744,0.4065758443996637,11979765
2018-02-05,0.3953416049480438,0.39988868648439096,0.3902591629934229,0.39988868648439096,14394450
2018-02-06,0.39453884959220886,0.3953415553093153,0.37929273095689753,0.3875847898276861,13673751
2018-02-07,0.391864538192749,0.3972137558734275,0.38624733899928554,0.39641161930629815,11416881
2018-02-08,0.382235050201416,0.3918645736687829,0.37661788398037144,0.3918645736687829,10691688
2018-02-09,0.37608253955841064,0.381432326650801,0.3704653735985361,0.3766178664695307,11808405
2018-02-12,0.39132916927337646,0.3915965481003677,0.37875737574398055,0.37982746022801084,9652020
2018-02-13,0.38651466369628906,0.39748164820985604,0.3835723918244499,0.39159653529013094,4148487
2018-02-14,0.382235050201416,0.39052711009302493,0.37742002062011937,0.38597945939164424,5017320
2018-02-15,0.3878522217273712,0.3886543583780905,0.3808975918354456,0.38383986442616924,5382573
2018-02-16,0.39025911688804626,0.39293401024915353,0.3846419513168488,0.3883869292500005,6505485
2018-02-19,0.4012260437011719,0.4014934225108629,0.39480674252635867,0.4012260437011719,26221839
2018-02-20,0.39427149295806885,0.4041683946445436,0.3894570328744078,0.40122612229051646,25476654
2018-02-21,0.40951812267303467,0.40951812267303467,0.39667895048089774,0.39801641377480923,42017850
2018-02-22,0.4212878346443176,0.4212878346443176,0.40711066160982534,0.4095181762078587,21941241
2018-02-23,0.41727548837661743,0.42770714791557407,0.4127278379229236,0.4234274120224307,12767391
2018-02-26,0.41941511631011963,0.4258349884234887,0.4162054648415275,0.4204851675377439,7521129
2018-02-27,0.41406530141830444,0.4207525184898998,0.41326316482225933,0.41781024609972334,5193468
2018-02-28,0.413530558347702,0.4172755031618831,0.4095182011777426,0.41272785254705296,5362203
2018-03-01,0.4087160527706146,0.4159380611016852,0.4052384534505635,0.41192570404739576,7998984
2018-03-02,0.41112300753593445,0.41807763715663193,0.40844811393310376,0.41460060693436507,10263078
2018-03-05,0.4183449447154999,0.4196824080293964,0.412460400766672,0.41460053625838805,6243741
2018-03-06,0.4191477596759796,0.4215552746230724,0.4159381080370146,0.4207525687549852,6350442
2018-03-07,0.41540274024009705,0.4188803396107866,0.4103209011242831,0.41861296073977405,11008095
2018-03-08,0.41593801975250244,0.41781020733141944,0.4132631264758757,0.415670640911964,6733503
2018-03-09,0.4143332540988922,0.4207525572005393,0.41112303337186923,0.4137979606237494,10512621
2018-03-12,0.42369478940963745,0.4252996317723052,0.415670678039148,0.41754286578528643,8584149
2018-03-13,0.42449751496315,0.426102357400613,0.41888034880584657,0.42262475795358484,20659821
2018-03-14,0.42743974924087524,0.4317194849356777,0.42529961354588774,0.42717237038791345,8964984
2018-03-15,0.42503219842910767,0.42904455492861343,0.4239621139324396,0.42877717609846444,6443682
2018-03-16,0.42743974924087524,0.42931197038772845,0.42128782588016783,0.42610231928089387,11416461
2018-03-19,0.44509339332580566,0.4450933933258057,0.42663705362960924,0.42663705362960924,20965518
2018-03-20,0.4405462443828583,0.4493736291721673,0.43974410792832974,0.44750087257378457,12290040
2018-03-21,0.44161638617515564,0.4477683434816853,0.4400115772409447,0.44268647084398466,13482168
2018-03-22,0.44616344571113586,0.45659563995580965,0.44295379475998387,0.44322117359997654,16051455
2018-03-23,0.45766517519950867,0.4614101531694436,0.4413489717187888,0.44402389858711694,16341465
2018-03-26,0.46435245871543884,0.4771916331748774,0.4619449440069821,0.4619449440069821,19569459
2018-03-27,0.4507106840610504,0.46649266919080895,0.44509348365208473,0.46542261784124406,25891866
2018-03-28,0.43840667605400085,0.4552582055136134,0.4338590260770673,0.4501757978620356,23534952
2018-03-29,0.4466988146305084,0.4477683300911899,0.43787142828970843,0.44375654224229066,6978846
2018-03-30,0.44402390718460083,0.4507105883468791,0.44348858029489907,0.4507105883468791,3613176
2018-04-02,0.44402390718460083,0.4504432094900927,0.44161635912126534,0.445361337163713,4959801
2018-04-03,0.44536134600639343,0.44803623949867677,0.43599920204292714,0.4464308614547744,10728291
2018-04-04,0.4508097171783447,0.4531036211111602,0.42815453971233985,0.4531036211111602,18098619
2018-04-05,0.45138299465179443,0.4542507960483465,0.444787406805449,0.45080967128296695,6687051
2018-04-06,0.46572208404541016,0.46686930522609066,0.4459347083060818,0.4533908921743474,16657599
2018-04-09,0.44880256056785583,0.4677293430770127,0.4358974335922994,0.467156019586311,21280161
2018-04-10,0.4424929618835449,0.45568474878717175,0.4287278515681966,0.45568474878717175,11801580
2018-04-11,0.44564804434776306,0.4488025077278971,0.4258600584840987,0.4439268895256321,12304929
2018-04-12,0.44822853803634644,0.4499491183916187,0.43933847203404064,0.44105901649378476,6761223
2018-04-13,0.4439268708229065,0.45023637164585206,0.4419196287022385,0.45023637164585206,4531086
2018-04-16,0.4496625065803528,0.4536775295462712,0.4447874625578651,0.4459347196632956,4726932
2018-04-17,0.44306686520576477,0.4559713792966195,0.4344634250655262,0.45253025450921974,8749440
2018-04-18,0.46113359928131104,0.46142026093058824,0.4416328895929455,0.4450740139365418,17874990
2018-04-19,0.47231757640838623,0.4731781357008516,0.4562586009840752,0.4617069313039328,11821509
2018-04-20,0.47260430455207825,0.47690598885834934,0.4691631796593416,0.4703104007678991,9280068
2018-04-23,0.47260430455207825,0.4726043045520783,0.4726043045520783,0.4726043045520783,0
2018-04-24,0.48579609394073486,0.4860827556375187,0.4685898591473767,0.47289157937559795,9285234
2018-04-25,0.4651481807231903,0.48952451456565277,0.46084707019454924,0.4875166978908947,12319377
2018-04-26,0.453103631734848,0.4731782440251187,0.4490891830978192,0.46715597879329385,10324272
2018-04-27,0.4465080499649048,0.4596998377378086,0.44392690988956923,0.4574053234916907,4890039
2018-04-30,0.376821905374527,0.4232795156200717,0.3762479717451013,0.4232795156200717,43649949
2018-05-01,0.376821905374527,0.376821905374527,0.376821905374527,0.376821905374527,0
2018-05-02,0.365924596786499,0.3848514123754911,0.3621961998748354,0.382844170232547,33697902
2018-05-03,0.35388004779815674,0.3705129586360255,0.3535927758870804,0.365924576866033,18109098
2018-05-04,0.3584684133529663,0.3670712437670812,0.34929168520469606,0.3515855890514059,18469416
2018-05-07,0.3381071388721466,0.3587550732393314,0.3375338154693747,0.3587550732393314,21438081
2018-05-08,0.31918033957481384,0.3392543772298951,0.3186064418144279,0.33753383260575076,20893068
2018-05-09,0.34498998522758484,0.35818116117335697,0.30111351681717907,0.30111351681717907,69214488
2018-05-10,0.3383937478065491,0.346710489507337,0.32921702113570384,0.3447026733582364,35708316
2018-05-11,0.3317982256412506,0.3464238957608255,0.33151156392837,0.3349526890354701,26418357
2018-05-14,0.3363865315914154,0.33954099460737525,0.33151152417598595,0.3323715092115049,27422976
2018-05-15,0.32979097962379456,0.33552600859183335,0.32548929509916036,0.3352393468822586,43817487
2018-05-16,0.3338054120540619,0.34556331568666887,0.32835708095319766,0.3317982058550928,33741477
2018-05-17,0.3369598388671875,0.3415482202806594,0.3329453910072963,0.33380537600177285,33854856
2018-05-18,0.3340921103954315,0.34183556658392816,0.3326582274307562,0.3372471841716069,20241984
2018-05-21,0.3429821729660034,0.35072501882588547,0.33208489949213593,0.3338054441608078,29628669
2018-05-22,0.3435560464859009,0.34843108970608544,0.3409749068750137,0.3435560464859009,13500900
2018-05-23,0.33925434947013855,0.34584993750215043,0.33552598858694793,0.3409749298490267,27604731
2018-05-24,0.3375338315963745,0.346997221851717,0.33667323622709083,0.346997221851717,17223528
2018-05-25,0.3355260193347931,0.3398277039971597,0.33495269589728677,0.3369599022570713,13118973
2018-05-28,0.34040164947509766,0.3432694513147363,0.337533847635459,0.34040164947509766,14649012
2018-05-29,0.337820440530777,0.34183549869120006,0.33667318362565707,0.3415482267969641,18024258
2018-05-30,0.3349526822566986,0.34097494721037835,0.3335187634972832,0.33839380729415725,17473323
2018-05-31,0.33208486437797546,0.33839379072991493,0.3312248792988339,0.33810712903686774,11237289
2018-06-01,0.3338054120540619,0.33552599245277404,0.32720982394605774,0.3317982058550928,9272487
2018-06-04,0.3349526822566986,0.33868046900123644,0.3323715423404775,0.33380542520436235,9383535
2018-06-05,0.33294543623924255,0.33638656123697314,0.33065095805659056,0.33523934009341216,8935962
2018-06-06,0.32950374484062195,0.3355260098696649,0.32634924557523615,0.33294544424963934,8757273
2018-06-07,0.32864367961883545,0.3326581271423771,0.326062540299332,0.3283570179780278,7076454
2018-06-08,0.32090091705322266,0.3300776455339549,0.3191803365498531,0.32921708606578515,7602882
2018-06-11,0.31831973791122437,0.32204752427693667,0.31143687831173816,0.3209008775651446,6405021
2018-06-12,0.31516531109809875,0.3274965028756516,0.3137313923197158,0.31831977447020476,14282352
2018-06-13,0.3074224591255188,0.3163125256335734,0.30598857627275095,0.3137313857373641,6067992
2018-06-14,0.31516531109809875,0.31975365735305666,0.306275244403523,0.31000299530184006,5056611
2018-06-15,0.31516531109809875,0.3151653110980988,0.3151653110980988,0.3151653110980988,0
2018-06-18,0.3165992200374603,0.3183198006683203,0.3131580946712744,0.31516533703659805,4285365
2018-06-19,0.3168858289718628,0.31918030701788414,0.31315804249234336,0.3154519462099165,5809545
2018-06-20,0.3186064064502716,0.32004028919932054,0.31516528168840363,0.31659916443745256,11049150
2018-06-21,0.3211875557899475,0.3254892759571283,0.31774643092490423,0.3180330926176204,7721511
2018-06-22,0.32290810346603394,0.32577594086951667,0.3177464340652202,0.3220475440509202,7610841
2018-06-25,0.3131580650806427,0.3398276905107763,0.30971636571112265,0.3297909770950617,18324726
2018-06-26,0.31573861837387085,0.32004030269798184,0.31115023645801865,0.31143689815423065,6372786
2018-06-27,0.3226214647293091,0.3295037509127091,0.3151653166810357,0.3154519783969848,18922848
2018-06-28,0.32577595114707947,0.3332320988999745,0.32462869410469375,0.32462869410469375,13209735
2018-06-29,0.32778313755989075,0.33409206378391415,0.3263492188997384,0.3297909539229624,12266226
2018-07-02,0.33437931537628174,0.336959844733038,0.32548924995492906,0.32778311764186957,18108153
2018-07-03,0.34040164947509766,0.3461366429303093,0.33409211211434664,0.3383938328215712,26400822
2018-07-04,0.34240880608558655,0.34412938643153973,0.33724713683878316,0.3389676812892083,6386751
2018-07-05,0.3475704789161682,0.34986495675125706,0.34326936945865266,0.34326936945865266,10456572
2018-07-06,0.3475704789161682,0.3535927428880793,0.3452766113049995,0.34986495675125706,9496914
2018-07-09,0.33294543623924255,0.3510122667872293,0.331511553391912,0.349291686340599,19090827
2018-07-10,0.3165992200374603,0.33122492715375085,0.31430474160912913,0.3243420661973011,16750482
2018-07-11,0.29480400681495667,0.31258417639829766,0.29136288167417806,0.31258417639829766,16384221
2018-07-12,0.2965245246887207,0.30541460814034443,0.2913628377555998,0.29738511993009537,12629127
2018-07-13,0.2973851263523102,0.29967960433403645,0.2948039687441535,0.29767177008321355,5929812
2018-07-16,0.29939234256744385,0.30426797832239316,0.2985323754500922,0.29996627616816746,7390929
2018-07-17,0.3039807081222534,0.3045546417262098,0.2985323771316157,0.3002529395477541,7252371
2018-07-18,0.3105769157409668,0.31401804067761707,0.3048413126623917,0.30541463605975444,11551743
2018-07-19,0.31029024720191956,0.3168858352311386,0.3097163494887362,0.31029024720191956,7586586
2018-07-20,0.3143046796321869,0.3148786132120196,0.3097163339043666,0.3102902315886724,7637532
2018-07-23,0.31717249751091003,0.3214742176807413,0.31545195302509266,0.31545195302509266,8879661
2018-07-24,0.301113486289978,0.31774639560487117,0.30053957069211634,0.3165991387375442,12608505
2018-07-25,0.30713579058647156,0.3100029818997238,0.30111352581348655,0.30140018751196457,14045451
2018-07-26,0.3057019114494324,0.3131580591331288,0.30340739738595573,0.3079957793933705,16935534
2018-07-27,0.30684852600097656,0.31086358465214664,0.30484131973516465,0.30914304009166704,5264469
2018-07-30,0.3226214647293091,0.32405538353309293,0.30398073565330896,0.30398073565330896,14181258
2018-07-31,0.3363865315914154,0.33753378852939936,0.31918029789512586,0.32262142258959203,24054198
2018-08-01,0.3300776183605194,0.3435560662065557,0.3297909566708958,0.3355259852397862,25296432
2018-08-02,0.3154519498348236,0.32462867757193575,0.30971634693007377,0.32118755273957345,27314238
2018-08-03,0.3206135928630829,0.3249153126369072,0.3137313437623207,0.3137313437623207,11602668
2018-08-06,0.3292170763015747,0.3309376208583835,0.3211875692403813,0.3249153559542499,14175273
2018-08-07,0.33151155710220337,0.33351876337953795,0.3263492413760531,0.32864375547991553,13567281
2018-08-08,0.32864367961883545,0.33380534803396383,0.3269230995501112,0.3312248189383389,9571107
2018-08-09,0.32778313755989075,0.3346659973823615,0.3254892697335614,0.32806979924712576,11490465
2018-08-10,0.32233479619026184,0.33265817025392047,0.29451730633734113,0.3211875392544716,26520396
2018-08-13,0.3168858289718628,0.3280697986343973,0.29251009123523614,0.3211875490487577,38576874
2018-08-14,0.337820440530777,0.33925432321066556,0.3206135971034321,0.3223347875730826,19216953
2018-08-15,0.30684852600097656,0.3424088279877342,0.30684852600097656,0.3421222021779322,32859897
2018-08-16,0.302260160446167,0.3188930712750462,0.30168683707227817,0.312297483370474,17675175
2018-08-17,0.30455464124679565,0.30684850909153216,0.29279675581833847,0.29967961569604085,9979116
2018-08-20,0.3054146468639374,0.30828244850467473,0.2996796358587206,0.3019735218055557,1532685
2018-08-21,0.3054146468639374,0.3054146468639374,0.3054146468639374,0.3054146468639374,0
2018-08-22,0.3054146468639374,0.3054146468639374,0.3054146468639374,0.3054146468639374,0
2018-08-23,0.3054146468639374,0.3054146468639374,0.3054146468639374,0.3054146468639374,0
2018-08-24,0.3054146468639374,0.3054146468639374,0.3054146468639374,0.3054146468639374,0
2018-08-27,0.31516531109809875,0.31688585569182176,0.3057019209817809,0.31115025236935195,4380726
2018-08-28,0.32204753160476685,0.32376868626400607,0.31545194375711105,0.31831974515423295,5441520
2018-08-29,0.31774643063545227,0.32405535697435933,0.31545195254336383,0.31831975402036233,11377800
2018-08-30,0.31774643063545227,0.31774643063545227,0.31774643063545227,0.31774643063545227,0
2018-08-31,0.3206135928630829,0.326635856964335,0.3171724683127018,0.3171724683127018,8215452
2018-09-03,0.33208486437797546,0.33294542378557795,0.3197536374716149,0.3197536374716149,7648053
2018-09-04,0.326923131942749,0.3352392996785121,0.3226214121282925,0.33323205777009596,6913410
2018-09-05,0.32290810346603394,0.3309376102703304,0.3203269636536295,0.3269231619801797,6042456
2018-09-06,0.32290810346603394,0.3309376102703304,0.32262144177048463,0.32376869877667674,9105264
2018-09-07,0.3200402855873108,0.3249153289387351,0.3183197411735589,0.32290808694857004,5194245
2018-09-10,0.31143689155578613,0.3252026113401543,0.3108635681755092,0.31918031084684073,5000688
2018-09-11,0.3074224591255188,0.3137313857373641,0.30713579742066216,0.3125841645894529,5827143
2018-09-12,0.3039807081222534,0.31057690632080387,0.30111351689393284,0.3094296852324028,6206214
2018-09-13,0.3074224591255188,0.31000298879771326,0.29738515352178785,0.3042679958195961,8480703
2018-09-14,0.3065618574619293,0.3122974964412535,0.3048413129398032,0.308282437879585,6033615
2018-09-17,0.30512797832489014,0.31344472135211154,0.3042679932176743,0.3065618611653963,8945769
2018-09-18,0.3065618574619293,0.31086357772254003,0.3054146363376877,0.308282437879585,3028431
2018-09-19,0.3079957664012909,0.30914302338463484,0.3068485094179469,0.30828242809113116,5976600
2018-09-20,0.3111502230167389,0.3145913477750946,0.30484129686768474,0.30799575994221184,8859795
2018-09-21,0.3174591660499573,0.3211875629144076,0.30971635674151393,0.30971635674151393,16988979
2018-09-24,0.32405540347099304,0.3252026606294142,0.31803313796044475,0.31803313796044475,10457559
2018-09-25,0.31975361704826355,0.3283570568430398,0.31975361704826355,0.32462866029512666,8253966
2018-09-26,0.29480400681495667,0.3097163746888915,0.2884950799647719,0.3068485370839537,23486253
2018-09-27,0.28820833563804626,0.29681175624797584,0.28792167400452773,0.29681175624797584,15304044
2018-09-28,0.28820833563804626,0.2913627981589544,0.28734775846138844,0.2887816589050833,13429836
2018-10-01,0.28362005949020386,0.28878174730184847,0.2830467360476712,0.2873478464192333,9437232
2018-10-02,0.279604971408844,0.2833333681724618,0.27559054112565434,0.2833333681724618,7618863
2018-10-03,0.28103888034820557,0.28992894612838027,0.27845772271556507,0.2796049617173105,15327018
2018-10-04,0.26641321182250977,0.28505393990586414,0.26641321182250977,0.28505393990586414,7764225
2018-10-05,0.26325878500938416,0.2687077271817223,0.25809707890597255,0.26813440370098063,11248566
2018-10-08,0.26039090752601624,0.264979881410267,0.25981758417205136,0.2632587267959882,7663425
2018-10-09,0.26010429859161377,0.2655532586117233,0.25953099306916044,0.261538217491244,13980771
2018-10-10,0.2569498121738434,0.26211211000119833,0.25580257305879467,0.26010427553303267,13554996
2018-10-11,0.26039090752601624,0.2646926274570925,0.2560898157666589,0.25809702183396466,7278495
2018-10-12,0.26325878500938416,0.26354603902607804,0.2578104351133691,0.26211213804790084,9286872
2018-10-15,0.27444329857826233,0.2810389048784007,0.2652665703157202,0.2667004711240082,11471481
2018-10-16,0.2764505445957184,0.28189950449984424,0.27501664367437645,0.2767372063247268,7074081
2018-10-17,0.2773110568523407,0.2796049243251025,0.27559049471791797,0.27559049471791797,6231309
2018-10-18,0.27673718333244324,0.2810389036868338,0.27587721616463357,0.2810389036868338,5789994
2018-10-19,0.27845773100852966,0.2810388887180416,0.275877201470765,0.28046556533819494,7509075
2018-10-22,0.27845773100852966,0.2844800135495594,0.27559053978084164,0.28247278944387716,9810234
2018-10-23,0.27042824029922485,0.2775977618228687,0.2692810012718412,0.2753032658203373,15324813
2018-10-24,0.2638326585292816,0.2755905441605091,0.2638326585292816,0.2721488090503124,18407487
2018-10-25,0.2578103840351105,0.2632587328516804,0.257236450443988,0.26182481420982856,9434670
2018-10-26,0.2569498121738434,0.2704282609637173,0.2566631504641462,0.2704282609637173,8187564
2018-10-29,0.2569498121738434,0.2569498121738434,0.2569498121738434,0.2569498121738434,0
2018-10-30,0.25666311383247375,0.2583836761213536,0.2546558898748098,0.2580970144525695,3999786
2018-10-31,0.2580970525741577,0.26010427682829373,0.25580257433263426,0.25924430964268497,6094725
2018-11-01,0.2586703598499298,0.2623987566383748,0.2529353491566319,0.2529353491566319,5574744
2018-11-02,0.2652665972709656,0.26928104612110065,0.26125155614451745,0.26383269631697076,9083865
2018-11-05,0.26153817772865295,0.26411931750484907,0.2566631341962465,0.26411931750484907,15128001
2018-11-06,0.25981763005256653,0.2646926741984789,0.25781042363081347,0.2646926741984789,4998315
2018-11-07,0.26153817772865295,0.2652665565471832,0.25781039118634486,0.2598175973554986,7443723
2018-11-08,0.26010429859161377,0.2681343987803394,0.25867039763975064,0.2621121332377766,11785137
2018-11-09,0.2529352903366089,0.26039086173172793,0.2509274743984572,0.25981753847859196,5846862
2018-11-12,0.24146415293216705,0.2552292452470853,0.24089082952263904,0.2552292452470853,6570354
2018-11-13,0.2417507916688919,0.2423240970761867,0.23830966698615597,0.24146412999136277,3142524
2018-11-14,0.24777308106422424,0.25064088268198237,0.24089083100260722,0.24175081612218277,5594610
2018-11-15,0.24633914232254028,0.25006752076200867,0.24261135615923385,0.2483463662353851,6877332
2018-11-16,0.24662582576274872,0.24863364212905195,0.24490526336035615,0.24691307972665938,2738589
2018-11-19,0.24547918140888214,0.24834639059005642,0.2431847033324787,0.24691308213757932,5356554
2018-11-20,0.2368757277727127,0.24605247226043658,0.2368757277727127,0.2443319100687114,3944493
2018-11-21,0.23830966651439667,0.24031687258155685,0.23228738424567047,0.23630183227551763,3223143
2018-11-22,0.24605250358581543,0.24777306599658844,0.2394569156318161,0.2394569156318161,6669054
2018-11-23,0.2449052482843399,0.24777304953719453,0.24404526327419018,0.2457658255706674,2793630
2018-11-26,0.25092753767967224,0.2537953392207564,0.24605251197032407,0.246625835368046,4711518
2018-11-27,0.24089084565639496,0.25350869972109313,0.2394569447602893,0.25350869972109313,10766490
2018-11-28,0.24003024399280548,0.24318470719074256,0.23974358229776202,0.24175080643929575,4786908
2018-11-29,0.23744912445545197,0.2437580518667699,0.2371624627142693,0.2408908601263858,8994321
2018-11-30,0.23630185425281525,0.2383096886784333,0.23544186914194723,0.2383096886784333,6302436
2018-12-03,0.23974359035491943,0.2423241200255005,0.2388829950168727,0.24031689581650917,8203251
2018-12-04,0.23486854135990143,0.24289804824077463,0.23458128738538217,0.24060355215427254,7943166
2018-12-05,0.2328607439994812,0.2354418840479939,0.2322874205559382,0.23372132144108032,4536546
2018-12-06,0.2320007085800171,0.234868509729101,0.2317134546441836,0.23458125579326752,3764250
2018-12-07,0.23314738273620605,0.23372129839945371,0.23200073596216333,0.23372129839945371,3294732
2018-12-10,0.2274123728275299,0.23314738354635056,0.2274123728275299,0.2322873984628302,4471572
2018-12-11,0.22597849369049072,0.22884629546228083,0.22425732085862246,0.22741239457638576,3925467
2018-12-12,0.2190956473350525,0.22941963387982958,0.2179484080962017,0.22712515540212805,6513990
2018-12-13,0.2182350605726242,0.22024289517222756,0.2179483988441614,0.22024289517222756,3666096
2018-12-14,0.21221275627613068,0.21938225955519328,0.2110661095724326,0.21938225955519328,4155837
2018-12-17,0.2076244056224823,0.21594114840175765,0.20705108223476415,0.21336000860457194,4756710
2018-12-18,0.20934557914733887,0.21106614174130917,0.20647777739862824,0.20791167827298354,9537024
2018-12-19,0.21536785364151,0.2162278388373996,0.2093455881650601,0.2093455881650601,12240753
2018-12-20,0.2116394340991974,0.2165144594455477,0.21077944906664964,0.21622779776803178,9410814
2018-12-21,0.21077942848205566,0.21307331395435677,0.2104921745563996,0.2113527517810971,8459892
2018-12-24,0.21221275627613068,0.21450723423590667,0.2113527712483571,0.21192609460020614,4350759
2018-12-25,0.21393391489982605,0.21479389994374246,0.21106611353436933,0.21221276025959118,3504060
2018-12-26,0.2165144830942154,0.21852231755628124,0.21307335803578303,0.21393393543852007,10499958
2018-12-27,0.21479389071464539,0.21966891591597515,0.21422056737666856,0.21708836861890385,5998251
2018-12-28,0.213359996676445,0.21536781297366336,0.2127866733207791,0.213359996676445,5094012
2018-12-31,0.21450725197792053,0.21622781445196623,0.21135278872946353,0.21393392857865157,4278246
2019-01-01,0.21450725197792053,0.2145072519779205,0.2145072519779205,0.2145072519779205,0
2019-01-02,0.21221275627613068,0.21565447321579467,0.21192609460020614,0.21450723423590667,6505611
2019-01-03,0.20991891622543335,0.21422061912798973,0.20848501525791455,0.2119261406694322,7368165
2019-01-04,0.21221275627613068,0.21221275627613068,0.20877163161265658,0.20877163161265658,2763327
2019-01-07,0.21393391489982605,0.21508056162504793,0.21221276025959118,0.21307333757970862,2994516
2019-01-08,0.21450725197792053,0.21508057537718944,0.21135278872946353,0.21393392857865157,4173267
2019-01-09,0.2165144830942154,0.21852231755628124,0.21508058227382557,0.21508058227382557,8594376
2019-01-10,0.21680179238319397,0.21852235520887248,0.21536787336796673,0.2156545351261865,5757129
2019-01-11,0.21766172349452972,0.2196689477444568,0.21651448437617363,0.21766172349452972,6556473
2019-01-14,0.21536785364151,0.21680177252539853,0.21336003696515624,0.21651450056936278,5324508
2019-01-15,0.2165144830942154,0.21823504562343155,0.21565449796773625,0.21565449796773625,7984284
2019-01-16,0.22139009833335876,0.2222500654310296,0.216514462689991,0.2168017345957683,11511192
2019-01-17,0.22569119930267334,0.22798569535023,0.2216767689901405,0.2216767689901405,9742047
2019-01-18,0.22683846950531006,0.22769904691188556,0.2248312452583146,0.2256912124408641,6398385
2019-01-21,0.22597849369049072,0.22884629546228083,0.22483125452651767,0.22741239457638576,7117845
2019-01-22,0.2271251231431961,0.2274123771193524,0.22483123726762233,0.2254045606674559,7643685
2019-01-23,0.2274123728275299,0.2276990345220367,0.22483123302451222,0.22683845716228804,6481860
2019-01-24,0.23400796949863434,0.23458129290869975,0.2274123811778817,0.2274123811778817,16315509
2019-01-25,0.2394569367170334,0.24232412818888138,0.2331473996725634,0.23372131537750157,15218343
2019-01-28,0.2417507916688919,0.24605249366040843,0.24060353473481874,0.24089080663630455,13550229
2019-01-29,0.24232414364814758,0.24318473907008833,0.23744911736464788,0.24089085293280316,12361713
2019-01-30,0.24461859464645386,0.245191918005379,0.24203743703113267,0.24232409871059524,13612158
2019-01-31,0.24863368272781372,0.24978032966583233,0.24490530335032035,0.24490530335032035,21845775
2019-02-01,0.2469131350517273,0.2500675988756271,0.24519197998746656,0.2489203595915689,6161820
2019-02-04,0.24662582576274872,0.24834638816514132,0.24318470095796357,0.24691307972665938,8241282
2019-02-05,0.2563764750957489,0.26268541942577783,0.24633916985727392,0.246625831551699,38321178
2019-02-06,0.2692809998989105,0.2695682538614527,0.2578103865122003,0.25867035362342855,26635350
2019-02-07,0.26497992873191833,0.2681343922944517,0.26010429229996573,0.2681343922944517,12950322
2019-02-08,0.26010429859161377,0.2655532586117233,0.2583837359046404,0.26239879497288676,5735688
2019-02-11,0.2644059658050537,0.2644059658050537,0.26039090755058114,0.26096484112855567,10045518
2019-02-12,0.2675604224205017,0.2695682386640455,0.2638326361559398,0.2641192978261095,8965110
2019-02-13,0.26239874958992004,0.2695682531092401,0.26153817225711773,0.2695682531092401,10655022
2019-02-14,0.25580257177352905,0.2661265571523414,0.25150146159716147,0.26153819299146014,8358336
2019-02-15,0.2595309615135193,0.2664132114246192,0.2575237373354885,0.25895763811300765,10331475
2019-02-18,0.2563764750957489,0.2629720811202029,0.2563764750957489,0.2609648569829992,7721805
2019-02-19,0.2586703598499298,0.2598175988990797,0.25178811010748203,0.255802558365168,18115293
2019-02-20,0.26096484065055847,0.27214879196678804,0.2595309399919453,0.2595309399919453,35170653
2019-02-21,0.27042824029922485,0.27071490198701714,0.2595309502296162,0.2623987516599681,16658964
2019-02-22,0.2750166058540344,0.27788440730233754,0.2710021576473845,0.2710021576473845,11619762
2019-02-25,0.27472996711730957,0.28103891186794683,0.27415666163800245,0.27645052967479566,9427845
2019-02-26,0.2758772373199463,0.27731113823211173,0.272722755820675,0.27472998018718825,6713133
2019-02-27,0.2701415717601776,0.27645049783646086,0.2695682483991335,0.27645049783646086,7927164
2019-02-28,0.2721487879753113,0.2744432659059167,0.2681343400110254,0.27042822566544844,6415311
2019-03-01,0.26813435554504395,0.2712888186752394,0.26813435554504395,0.2695682562656979,6696375
2019-03-04,0.26727378368377686,0.27100216254443055,0.26440598218365213,0.2689943461286059,5184165
2019-03-05,0.2695682644844055,0.27415664642291154,0.2672737863509175,0.2672737863509175,11044950
2019-03-06,0.2707149088382721,0.2741566439552906,0.2681343613066184,0.2681343613066184,10172904
2019-03-07,0.26096484065055847,0.2732960309489168,0.2586703447385376,0.2712888069373348,9709980
2019-03-08,0.26096484065055847,0.2629720646621404,0.2569497824034401,0.2629720646621404,8908074
2019-03-11,0.2580970525741577,0.26383267384946923,0.2580970525741577,0.261251533896821,3835272
2019-03-12,0.25522923469543457,0.2595309548655673,0.2546559113096088,0.25752373073895213,5609898
2019-03-13,0.26469263434410095,0.27817106399869806,0.25408198813856553,0.25494256546809624,35867643
2019-03-14,0.2621120810508728,0.2664131907737927,0.2609648420625368,0.2638326433952796,6845832
2019-03-15,0.26899436116218567,0.27358272536357436,0.2641193352500093,0.2649799126586343,9832200
2019-03-18,0.2692809998989105,0.2735827020225062,0.2681343531535875,0.2718621396283102,7640577
2019-03-19,0.27559056878089905,0.27759779309779903,0.26985494732624027,0.26985494732624027,17320338
2019-03-20,0.2707149088382721,0.27673717353917976,0.2687076846967127,0.2755905447067557,12439623
2019-03-21,0.2684210240840912,0.27358271144444285,0.2672737850230469,0.27214881068719543,5257140
2019-03-22,0.2595309615135193,0.27071491375717677,0.25781039903574426,0.2695682669561536,10086195
2019-03-25,0.25522923469543457,0.2603909219965416,0.2517881098280299,0.2580970361770135,7247898
2019-03-26,0.26469263434410095,0.2675604357409265,0.25522922715253726,0.25809702854936284,11942742
2019-03-27,0.24777308106422424,0.26469265473576004,0.24719975765117388,0.2592443054830221,15042930
2019-03-28,0.2555158734321594,0.25666311237696515,0.25006752492763284,0.25236141054107253,9581481
2019-03-29,0.25924432277679443,0.2612515471326226,0.25322203948525085,0.2543686863878426,7823487
2019-04-01,0.26813435554504395,0.2732960427736683,0.26211209097354055,0.26325873772909036,9175572
2019-04-02,0.2710021734237671,0.27530328357039263,0.26698713270716357,0.269568272616141,12602499
2019-04-03,0.273296058177948,0.2764505214859442,0.2698549331649068,0.2698549331649068,6880083
2019-04-04,0.28017890453338623,0.28304670599411696,0.2770244413818265,0.2790316654938498,16374582
2019-04-05,0.2853405773639679,0.286201154669146,0.278171056127023,0.28046555203780077,15482880
2019-04-08,0.2862011790275574,0.28964230398876034,0.28189947668793314,0.288781726610339,13059144
2019-04-09,0.28382983803749084,0.29189336875728655,0.2835074308422437,0.29189336875728655,22199079
2019-04-10,0.28576499223709106,0.2867328801054693,0.27737907319028166,0.2838298826310079,15146187
2019-04-11,0.2822171747684479,0.28544257942592544,0.27931417735058606,0.28512017218630975,6782685
2019-04-12,0.2796372175216675,0.2812499196589424,0.27608940604577886,0.2799596247230062,4956357
2019-04-15,0.2796372175216675,0.28705524767478335,0.2793141441897475,0.28382984340023354,7584465
2019-04-16,0.27899178862571716,0.2831850814109818,0.27866938136470554,0.2793141958867288,7259364
2019-04-17,0.2822171747684479,0.28576498666554107,0.2799596579604778,0.2799596579604778,7733712
2019-04-18,0.2809268534183502,0.2828626289364092,0.2806044462088731,0.2825395555963339,3477831
2019-04-19,0.28060445189476013,0.2815723396734019,0.27931415690010825,0.28060445189476013,2229759
2019-04-22,0.27899178862571716,0.28028208380046815,0.2777021595816707,0.27963726927844496,2610720
2019-04-23,0.27899178862571716,0.27899178862571716,0.27899178862571716,0.27899178862571716,0
2019-04-24,0.27060583233833313,0.27866936420643623,0.2693162235594696,0.2780245497241156,10496409
2019-04-25,0.26415568590164185,0.2735088466203202,0.2631877980593012,0.2735088466203202,4727373
2019-04-26,0.25996237993240356,0.2651228938521688,0.25802727047881924,0.26447807941118096,5253549
2019-04-29,0.2673804461956024,0.2673804461956024,0.2593176000851632,0.261252709796897,5803287
2019-04-30,0.26447808742523193,0.2686707136799369,0.2599623878096226,0.26705801139797936,3406179
2019-05-01,0.26447808742523193,0.26447808742523193,0.26447808742523193,0.26447808742523193,0
2019-05-02,0.26093026995658875,0.2638326010964823,0.25931756770970277,0.2625429722034748,2188725
2019-05-03,0.2551242709159851,0.2618974870073235,0.23899789467639182,0.26125267257219215,12660186
2019-05-06,0.25415703654289246,0.25544666534861005,0.2509316322674355,0.25480185094575125,3989538
2019-05-07,0.26351022720336914,0.2641557078621432,0.24738386882539018,0.24835107043170598,17685675
2019-05-08,0.26415568590164185,0.2689931267213788,0.26189750297973213,0.2625429835848444,4243197
2019-05-09,0.2618975043296814,0.2660907968272313,0.26028480200457127,0.2625429849381208,4357269
2019-05-10,0.26351022720336914,0.26738044663317034,0.26189752475250017,0.26189752475250017,3489066
2019-05-13,0.2596399784088135,0.2686707114338957,0.25834968336790587,0.26318779017333277,7265916
2019-05-14,0.2712513208389282,0.27189613529201384,0.25738246086674427,0.26157508707306737,8381037
2019-05-15,0.2683482766151428,0.2731864031088973,0.2635101703071631,0.2722184952092998,4624053
2019-05-16,0.2689931094646454,0.2715737196440069,0.26738040725130774,0.2706058116779831,4870551
2019-05-17,0.2689931094646454,0.2699610174306692,0.26480048338833506,0.2689931094646454,3150714
2019-05-20,0.2683482766151428,0.2699609989035775,0.2648004652154044,0.2699609989035775,3776787
2019-05-21,0.26028478145599365,0.2686706996583955,0.25834967204476345,0.2686706996583955,3768639
2019-05-22,0.2560921609401703,0.2622198965193818,0.2560921609401703,0.2622198965193818,1969926
2019-05-23,0.25705936551094055,0.25867206763627604,0.2531891468623658,0.255446663385605,2467458
2019-05-24,0.2618975043296814,0.2638326138936818,0.25802728520168067,0.26060720924346154,2807364
2019-05-27,0.2654452919960022,0.26738040138341723,0.2615750732211721,0.26254296098017865,4596858
2019-05-28,0.2651228606700897,0.26996098694961024,0.2651228606700897,0.26609074834105406,4576110
2019-05-29,0.27318644523620605,0.2770566644271786,0.26931622604523353,0.2725409444314863,6098253
2019-05-30,0.27383121848106384,0.2770566226979661,0.26996099987300887,0.2757663277850913,7543935
2019-05-31,0.275443971157074,0.2780245614565829,0.27060584375773505,0.2767342663068284,11191677
2019-06-03,0.2773790657520294,0.2789917680689644,0.2757663634350944,0.2770566585147735,3353826
2019-06-04,0.2773790657520294,0.2773790657520294,0.2773790657520294,0.2773790657520294,0
2019-06-05,0.2773790657520294,0.2773790657520294,0.2773790657520294,0.2773790657520294,0
2019-06-06,0.2773790657520294,0.2773790657520294,0.2773790657520294,0.2773790657520294,0
2019-06-07,0.27931419014930725,0.2802820780431652,0.27834696838614026,0.27995967078877615,5845497
2019-06-10,0.2873776853084564,0.29028068268908525,0.2789917665327023,0.2793141737681829,12868632
2019-06-11,0.2886679768562317,0.2889903840877755,0.2847977578164187,0.28608738674259393,3194016
2019-06-12,0.2938285171985626,0.29608603399657196,0.2877000949644859,0.2886679828097227,8214108
2019-06-13,0.28931280970573425,0.29415093706407225,0.28834558794963394,0.29350612256000536,5398050
2019-06-14,0.29286059737205505,0.2935060981388775,0.2877000833768417,0.29028067343976366,7160475
2019-06-17,0.3002793490886688,0.3015696442692261,0.2896359126431632,0.29189342961110776,19552596
2019-06-18,0.3051174283027649,0.3054398355355192,0.29802180465958544,0.30092413588502037,7108206
2019-06-19,0.30318230390548706,0.3093100394192119,0.302536823340991,0.3051174133377483,5542782
2019-06-20,0.29898902773857117,0.3080197609506263,0.29834421327008487,0.30705253924789677,11048646
2019-06-21,0.29318371415138245,0.3015696333246,0.2899583093824,0.2983442285556176,13267485
2019-06-24,0.29576361179351807,0.3028592351973768,0.2925381871276924,0.2999569040698315,24544506
2019-06-25,0.29350611567497253,0.2983442227340404,0.2931837084305021,0.293828522919443,3446205
2019-06-26,0.2938285171985626,0.29640910736542253,0.29060309236953896,0.29350610996036947,5435136
2019-06-27,0.2973763048648834,0.29898900705518544,0.2938284932723396,0.2947963810387621,9104739
2019-06-28,0.2976987361907959,0.30060173359460657,0.2947964049176423,0.2964091072385752,9381918
2019-07-01,0.29673153162002563,0.30156963886234167,0.2941509413051788,0.30156963886234167,16301418
2019-07-02,0.29608601331710815,0.30124652715974604,0.2957636061014328,0.297053901094745,6696543
2019-07-03,0.29673153162002563,0.29898904854749486,0.2964091243633437,0.29769875339007146,2707425
2019-07-04,0.2951188087463379,0.29834421335094224,0.2941509209126968,0.2973763255173012,1604043
2019-07-05,0.29253819584846497,0.29640910120406916,0.2918934015712593,0.2960860278419342,2854320
2019-07-08,0.2886679768562317,0.2925381958960447,0.2864104601047814,0.287055274567869,1823304
2019-07-09,0.27995967864990234,0.2918934304980041,0.27963727138646033,0.2877001174953497,3174213
2019-07-10,0.28415223956108093,0.2870552365214986,0.27737902407381,0.27802450458198913,2410317
2019-07-11,0.28608736395835876,0.2883455466606092,0.28189473802090614,0.28705525170655044,1936725
2019-07-12,0.27673426270484924,0.2877001060083012,0.2757663748224585,0.2841522939906736,2151114
2019-07-15,0.27673426270484924,0.27673426270484924,0.27673426270484924,0.27673426270484924,0
2019-07-16,0.2773790657520294,0.2854425773367045,0.2764118440402617,0.2777021391199408,4165686
2019-07-17,0.2822171747684479,0.2831850626179553,0.27737906778223165,0.27737906778223165,3212853
2019-07-18,0.2886679768562317,0.2886679768562317,0.280926872645962,0.280926872645962,3946761
2019-07-19,0.2918933928012848,0.29415090948454053,0.2886679681362152,0.2886679681362152,3551730
2019-07-22,0.29318371415138245,0.2967315261711264,0.2902806964473833,0.29124860451612966,4530015
2019-07-23,0.2947963774204254,0.2973763012148807,0.2938284896658828,0.2947963774204254,2840166
2019-07-24,0.29608601331710815,0.2996338249507585,0.2922157742820064,0.29511879167008215,5228748
2019-07-25,0.2954411804676056,0.30027928679295485,0.2928605704560834,0.29576358766318167,4512963
2019-07-26,0.30253684520721436,0.302859252447458,0.2957636286394509,0.2967315164908435,10084977
2019-07-29,0.31221306324005127,0.3151160605134565,0.3028592367869144,0.3028592367869144,9864351
2019-07-30,0.30963245034217834,0.31447055704604593,0.306730119224355,0.3122130605555994,4129062
2019-07-31,0.3047949969768524,0.31124513951401206,0.30318229480991415,0.3109227323067431,4236855
2019-08-01,0.2976987361907959,0.3051174333193502,0.2964091072385752,0.3051174333193502,5535264
2019-08-02,0.2909255027770996,0.2993114419005428,0.2902806882936887,0.29769873956135084,3766161
2019-08-05,0.2873776853084564,0.2967315121070814,0.2828626517504247,0.29028068268908525,2530500
2019-08-06,0.28641045093536377,0.2935060945105125,0.2860873775835195,0.2902806698512719,2904006
2019-08-07,0.2844753563404083,0.29060309225564857,0.28318506125748405,0.2899582979652925,2719731
2019-08-08,0.2944732904434204,0.29673149339647287,0.28415226277493055,0.2860873721964462,5748078
2019-08-09,0.27705666422843933,0.2935061151600554,0.2751215546343412,0.2902806902738909,23931600
2019-08-12,0.27705666422843933,0.27705666422843933,0.27705666422843933,0.27705666422843933,0
2019-08-13,0.27705666422843933,0.27705666422843933,0.27705666422843933,0.27705666422843933,0
2019-08-14,0.27705666422843933,0.27705666422843933,0.27705666422843933,0.27705666422843933,0
2019-08-15,0.2654452919960022,0.27673422742739673,0.2648004775770632,0.2764118202179272,9477615
2019-08-16,0.26447808742523193,0.2728640262510599,0.2638326068340643,0.26609078970718947,6513801
2019-08-19,0.26641321182250977,0.26931622950413614,0.2660908045742329,0.26770352713207357,3793146
2019-08-20,0.27254095673561096,0.27544397451101266,0.267703535779618,0.267703535779618,6752613
2019-08-21,0.26963862776756287,0.2741536411685688,0.26867071973852835,0.27254093885024444,5155878
2019-08-22,0.27028343081474304,0.27221854043330374,0.2683483211961824,0.2709289316271598,3961377
2019-08-23,0.2751215696334839,0.27576638415644766,0.2706058493948417,0.2718961647572538,2985339
2019-08-26,0.27318644523620605,0.2773790716713147,0.27286403799207,0.2735088524803422,5344164
2019-08-27,0.27770212292671204,0.2854425606921191,0.27286401625802426,0.27415362494607143,45555048
2019-08-28,0.28028205037117004,0.2809268648162861,0.27673423866178143,0.27673423866178143,3830337
2019-08-29,0.27899178862571716,0.2828626741499702,0.2777021595816707,0.2815723789752192,4271799
2019-08-30,0.27899178862571716,0.27899178862571716,0.27899178862571716,0.27899178862571716,0
2019-09-02,0.2809268534183502,0.2822171483868568,0.2757663396749218,0.27931415124036646,7246554
2019-09-03,0.28705525398254395,0.2886679561552564,0.2802820380832706,0.2802820380832706,10709874
2019-09-04,0.2918933928012848,0.29350609504093134,0.2860873781005313,0.28737767311837326,8190021
2019-09-05,0.2944732904434204,0.2947963839749573,0.2886679621788735,0.2925381810219048,5763597
2019-09-06,0.2980217933654785,0.3031823072859184,0.29253818590810526,0.2938285011066469,10054065
2019-09-09,0.300924152135849,0.30253685451735757,0.2983442280038445,0.2983442280038445,4307415
2019-09-10,0.30640706419944763,0.30898765438143994,0.3002793282458732,0.3006017354859569,8833503
2019-09-11,0.3073749244213104,0.3099555345571167,0.30479500060188136,0.3064070366573986,8775501
2019-09-12,0.3002793490886688,0.3089876758286923,0.29769875872755425,0.30673015886074767,8449560
2019-09-13,0.3044719398021698,0.3054398276059514,0.3022144231008512,0.3031823109046328,3446919
2019-09-16,0.30253684520721436,0.3067301377223669,0.30124655011557805,0.302859252447458,2799069
2019-09-17,0.3012465834617615,0.3044719884825543,0.29866665912356843,0.3031823593788255,4999554
2019-09-18,0.30608466267585754,0.3076973650370565,0.29866663149274647,0.2999569266078404,4998462
2019-09-19,0.30285924673080444,0.30801976086928007,0.3002793227268912,0.307374946400964,4036557
2019-09-20,0.29898902773857117,0.30382713464416655,0.29802180603584166,0.30382713464416655,5475414
2019-09-23,0.2970539331436157,0.3015696330420976,0.2957636380110948,0.2999569306591171,4453050
2019-09-24,0.3015696108341217,0.30382712755177477,0.2973763184948988,0.29866661353240076,5614140
2019-09-25,0.3051174283027649,0.30801975952819977,0.30027932141951175,0.30156961648117514,8417346
2019-09-26,0.305439829826355,0.3096324560350863,0.3035047203353533,0.30898764158163033,6487929
2019-09-27,0.31221306324005127,0.31253545027784696,0.305117419613175,0.305117419613175,13356126
2019-09-30,0.31576091051101685,0.31834150085138935,0.31350339356121754,0.31350339356121754,10229856
2019-10-01,0.31479302048683167,0.3186639264053936,0.31253550340743086,0.31576092863849226,8761179
2019-10-02,0.3102779984474182,0.31543851315956084,0.3102779984474182,0.31479301230306156,7870317
2019-10-03,0.3076973259449005,0.31189063818931584,0.30576221658344716,0.3106003230523751,10237563
2019-10-04,0.308342844247818,0.3109227479808445,0.3073749362608483,0.3076973434843703,6460188
2019-10-07,0.30673012137413025,0.31189065552074297,0.3057622335743245,0.3080197502663697,10794798
2019-10-08,0.3047949969768524,0.30898762293253584,0.3018919998502448,0.3035047020171831,10170069
2019-10-09,0.30253684520721436,0.30931006177497783,0.30189203072672705,0.303504733058607,6590514
2019-10-10,0.29640913009643555,0.30285927374691884,0.2922158171005984,0.30285927374691884,6516741
2019-10-11,0.2983441948890686,0.30124652594909346,0.2964090854721826,0.2986666021034482,5088111
2019-10-14,0.28705525398254395,0.2980217821688837,0.27899174311898145,0.2980217821688837,8915004
2019-10-15,0.2918933928012848,0.2918933928012848,0.2883455609144106,0.29092548481947095,4038930
2019-10-16,0.2947963774204254,0.2947963774204254,0.28576495862756884,0.28963586370091987,5415942
2019-10-17,0.2947963774204254,0.29705389400689813,0.29221576730959953,0.2964090795909331,5131140
2019-10-18,0.3070525527000427,0.3160833064935175,0.3041495552033737,0.30640707207262824,20764947
2019-10-21,0.30608466267585754,0.30737495779095153,0.29802181700053637,0.3006017411000505,13819470
2019-10-22,0.31898626685142517,0.32640429722294084,0.30576222197677283,0.30963244076794616,21316113
2019-10-23,0.3212438225746155,0.3235020055866053,0.3167287888119999,0.3225341177056551,21455070
2019-10-24,0.31963106989860535,0.3225340669539789,0.3160832584445164,0.32156617922532865,20627754
2019-10-25,0.32479164004325867,0.32801704485970146,0.3176960158993618,0.3193087183075832,12850236
2019-10-28,0.33898356556892395,0.3399507873095369,0.3257595192160327,0.327694628827934,10373538
2019-10-30,0.3386611342430115,0.34349857486348156,0.33027521576723373,0.33801565366448827,14051415
2019-10-31,0.33253276348114014,0.340918683248132,0.3299521730309593,0.3383381129837309,13941858
2019-11-01,0.3338230550289154,0.3347902565947659,0.32962974219403035,0.32962974219403035,6817335
2019-11-04,0.34220895171165466,0.3425313589410139,0.3347902345974203,0.33704843764999,10588683
2019-11-05,0.3412410318851471,0.3438216622634491,0.33801564762779446,0.3418858463215264,7920003
2019-11-06,0.3505949079990387,0.3528524046620025,0.34220896877849827,0.34511127993233903,22053906
2019-11-07,0.363495796918869,0.3660764272055512,0.35188449474773936,0.35188449474773936,17675091
2019-11-08,0.36156076192855835,0.3709145691097265,0.3602704465918097,0.365108573995707,13460097
2019-11-11,0.36188313364982605,0.3638182229351475,0.35123969849347364,0.35994800399295146,14601510
2019-11-12,0.36801156401634216,0.3699466938236009,0.36188316177275454,0.36188316177275454,11936568
2019-11-13,0.36865636706352234,0.38381552263254326,0.36801155258661505,0.3747847691167736,24773007
2019-11-14,0.36156076192855835,0.3741393279768919,0.3593032248266013,0.3670436634710375,16714929
2019-11-15,0.3667212426662445,0.36801151744171906,0.3615607087660628,0.3634957979568652,11906748
2019-11-18,0.37252727150917053,0.3747847681172057,0.3670436435758966,0.3670436435758966,15354780
2019-11-19,0.3734944760799408,0.37671988056915684,0.3693018499223353,0.37413929052553374,10437042
2019-11-20,0.3709145784378052,0.37607511322655357,0.36930189617698705,0.3728497083333591,9146382
2019-11-21,0.38155797123908997,0.3818803784653693,0.36930185391182074,0.36930185391182074,16803696
2019-11-22,0.38575059175491333,0.388975996231421,0.3773646935278945,0.3773646935278945,8364741
2019-11-25,0.37542960047721863,0.38768575919001547,0.37155938118041026,0.3863961301782046,13029975
2019-11-26,0.38768574595451355,0.39316933359025286,0.36930187185695107,0.3747847731762475,19419939
2019-11-27,0.3925238251686096,0.3944589143285736,0.38413788706424196,0.38768569855319446,7913430
2019-11-28,0.39220142364501953,0.3989746395184724,0.38994388687829085,0.3983298251040839,8639379
2019-11-29,0.38865363597869873,0.39349172258980847,0.38833122875169984,0.39155663328295753,7012404
2019-12-02,0.3963947296142578,0.40058735592932165,0.3896215131586541,0.3896215131586541,14662788
2019-12-03,0.40090978145599365,0.40800540547024455,0.3951044727566614,0.39768437669848306,13484016
2019-12-04,0.4018777012825012,0.40703823600518646,0.39962016415266977,0.4018777012825012,7908768
2019-12-05,0.3989746868610382,0.404780681801851,0.3986522796155869,0.4031679592581442,9508464
2019-12-06,0.41445618867874146,0.42122940435369655,0.4015552176691216,0.4025224392623587,20793297
2019-12-09,0.4218749701976776,0.42510041561446077,0.4128435696187566,0.41864956515245444,11888289
2019-12-10,0.4125211238861084,0.4251003759875777,0.4118763093894681,0.42413246792616077,13148268
2019-12-11,0.4102635681629181,0.4141337868471628,0.40736053071289285,0.41123074939713755,7607691
2019-12-12,0.4186495542526245,0.4199398696490476,0.41187633706014937,0.4125211516001096,8606913
2019-12-13,0.4225197732448578,0.4257451782022199,0.4180040932641858,0.41929436828749567,11213832
2019-12-16,0.4247772693634033,0.4257451370235078,0.41800405283420305,0.4238100476481792,5014338
2019-12-17,0.43058323860168457,0.43155046025945787,0.42058461802098424,0.425745111735187,10576272
2019-12-18,0.428970605134964,0.43090569461447203,0.42445488497638734,0.42445488497638734,6448008
2019-12-19,0.4292929470539093,0.4305832623184061,0.42542272794840613,0.428970580188448,5029857
2019-12-20,0.4263899326324463,0.42961533713511735,0.42510034410743386,0.4286481558342463,6194013
2019-12-23,0.43606624007225037,0.4370341078084056,0.42671307858441976,0.42671307858441976,8873172
2019-12-24,0.43735647201538086,0.43800128647938313,0.43380866020207925,0.43638860437451,5203401
2019-12-25,0.43445345759391785,0.43864677002286423,0.43445345759391785,0.43864677002286423,2806293
2019-12-26,0.4415490925312042,0.4467096267535968,0.4354213769969825,0.4467096267535968,4348869
2019-12-27,0.43864676356315613,0.44283938961396524,0.43703404117385153,0.4418714816538286,3437763
2019-12-30,0.4454200565814972,0.4454200565814972,0.4354214344175072,0.4396140611930004,5499018
2019-12-31,0.44283947348594666,0.44380734125784144,0.44090434351555235,0.4434842880372398,3953208
2020-01-02,0.4421946108341217,0.4483223266112782,0.43864679892645925,0.43864679892645925,3330495
2020-01-03,0.4299377202987671,0.4386467520185279,0.42058460085472654,0.4386467520185279,12457956
2020-01-06,0.4218749701976776,0.4305833175532639,0.41671447553724866,0.4305833175532639,8150814
2020-01-07,0.4299377202987671,0.4321959433741907,0.42381000517689515,0.42381000517689515,4603263
2020-01-08,0.426067590713501,0.4296154029841017,0.41381147158895704,0.41929437344585757,6079374
2020-01-09,0.43800124526023865,0.4405818351346844,0.4325183446260441,0.434131026579152,8512266
2020-01-10,0.45058053731918335,0.4644493773211526,0.4418715049118104,0.44832231406546413,41439972
2020-01-13,0.4534827768802643,0.45509549910029373,0.4428393431325009,0.4515476474794915,28582848
2020-01-14,0.44703274965286255,0.4541283736528242,0.4463872488384735,0.4515477430281838,31013451
2020-01-15,0.4492902457714081,0.450902968330651,0.4428394362775488,0.4473551563351642,8433768
2020-01-16,0.4418714940547943,0.45154770754752527,0.4415490868311621,0.4457423993160397,9340527
2020-01-17,0.4415490925312042,0.4444520898426243,0.4396140032195796,0.4431618149865882,5422578
2020-01-20,0.4509029686450958,0.4557410555830861,0.44412971152639963,0.44445211877518165,17718813
2020-01-21,0.4628366529941559,0.46315906022441916,0.4473551309515251,0.45090294274570347,15783936
2020-01-22,0.4596112370491028,0.46315904875542835,0.453160428081011,0.46315904875542835,15708609
2020-01-23,0.4583210051059723,0.46831962671608585,0.45670828252725015,0.45670828252725015,130391163
2020-01-24,0.4625142514705658,0.4660620633085184,0.45832097921925863,0.46154638382297,17249715
2020-01-27,0.46025609970092773,0.4715450367632692,0.45928887793278184,0.46444941260742173,31687656
2020-01-28,0.4592887759208679,0.46412690226487047,0.45122528584292804,0.4612239053438242,12147555
2020-01-29,0.45670822262763977,0.4634814385635242,0.4531604110546146,0.46251421693302613,7339500
2020-01-30,0.4515477418899536,0.4563858691900591,0.4486447443952216,0.4563858691900591,5885943
2020-01-31,0.4525156617164612,0.45864341816850235,0.44961266414625006,0.4554179729701983,5815005
2020-02-03,0.4547732174396515,0.45670830700297266,0.45154777210935054,0.45412840290019213,6486711
2020-02-04,0.46380385756492615,0.46444935831804396,0.4563858270201219,0.4576761422099648,10055346
2020-02-05,0.4596112370491028,0.46735236122271434,0.45896642260454346,0.46444936396094816,9739653
2020-02-06,0.45703065395355225,0.4631590557924768,0.45638583949919587,0.4631590557924768,4706772
2020-02-07,0.4579985439777374,0.4628366304016711,0.45735372954868625,0.46057913395515937,9092811
2020-02-10,0.4486447870731354,0.46315912998259107,0.44058194057961253,0.45799863531499024,20115774
2020-02-11,0.4547732174396515,0.46283670965072693,0.44735518571297844,0.45961130469198497,26140884
2020-02-12,0.4571925401687622,0.460014269514279,0.45211262799007695,0.460014269514279,19743396
2020-02-13,0.46452996134757996,0.4662232654526461,0.4560634408222493,0.457192552454953,26609112
2020-02-14,0.4854138195514679,0.49105865074906707,0.4628366344533476,0.4701740833562474,42597852
2020-02-17,0.456063449382782,0.4882362683544923,0.4554992568998294,0.4854138525637444,54277356
2020-02-18,0.44703274965286255,0.4571925747793567,0.435179579967063,0.4560634630915193,25415652
2020-02-19,0.4340505003929138,0.4521126536146067,0.43292138872655794,0.44816112612636116,14880648
2020-02-20,0.40865087509155273,0.4363079729114954,0.40865087509155273,0.4346146688495948,19927752
2020-02-21,0.4306638240814209,0.4306638240814209,0.4030067290991144,0.40808664076361384,18278100
2020-02-24,0.4504193067550659,0.4543701071807379,0.42276152371156794,0.4289705472558508,40544868
2020-02-25,0.4509834945201874,0.4583209432314065,0.44251697463290773,0.4543701024750993,17187036
2020-02-26,0.4611433446407318,0.4628366487145983,0.43800128006856853,0.44590360797593376,25106808
2020-02-27,0.44703274965286255,0.4600143043384853,0.439130421214029,0.4588858789671057,20439132
2020-02-28,0.44025948643684387,0.4436460947654691,0.4063934031505911,0.41203750813563184,13130148
2020-03-02,0.44251710176467896,0.4532411615117501,0.4391304928368203,0.44759701515646694,20861244
2020-03-03,0.43969467282295227,0.4475970023241113,0.43630806399218575,0.44308128165371874,15943152
2020-03-04,0.4317930042743683,0.4588859137005959,0.43122812541524264,0.4402595258539521,24459396
2020-03-05,0.4453394412994385,0.44703274547134847,0.43292139291342707,0.43461469708533707,10847280
2020-03-06,0.43122804164886475,0.444210281111773,0.42671300843728877,0.4436460483072004,10434192
2020-03-09,0.3962334990501404,0.4216330994028572,0.38720210030310037,0.4159883086533059,11572176
2020-03-10,0.3894602954387665,0.41824650470428226,0.38889541666748684,0.39905524098300305,15420768
2020-03-11,0.3894602954387665,0.3894602954387665,0.3894602954387665,0.3894602954387665,0
2020-03-12,0.3651891350746155,0.37196239194427133,0.35502931032746393,0.3612383343467189,11929380
2020-03-13,0.3838155269622803,0.3951044635358894,0.35954503597986387,0.35954503597986387,11364420
2020-03-16,0.35107851028442383,0.382122217436837,0.3465627903808852,0.382122217436837,20918520
2020-03-17,0.3352745473384857,0.35277182183651035,0.3290655231764467,0.34825610183793615,20791548
2020-03-18,0.3397895395755768,0.34825605936021703,0.33358120248723316,0.33696781040108925,13961844
2020-03-19,0.3409186601638794,0.34825610984992034,0.3347096560447738,0.3386611634566582,10372536
2020-03-20,0.34938517212867737,0.35446508401741117,0.3448694526649414,0.3448694526649414,9196872
2020-03-23,0.3324521481990814,0.34148288159919954,0.3313230365392903,0.3409186487417467,13772244
2020-03-24,0.3572874963283539,0.36123833746187556,0.33978957613692884,0.3409186474207898,23027844
2020-03-25,0.3488209843635559,0.3668824515458802,0.3471276801820457,0.3612383465035166,22628628
2020-03-26,0.3595450222492218,0.3601092147155568,0.3465627820197492,0.34825608610672515,17163264
2020-03-27,0.3499493896961212,0.36406074152617035,0.3482560856115529,0.35841591011896273,24513516
2020-03-30,0.34825608134269714,0.3539008723091581,0.34374104792628546,0.34486947321507294,18972612
2020-03-31,0.3555941879749298,0.3589807962130488,0.34994939682429643,0.3516427009433559,20836752
2020-04-01,0.3663182556629181,0.377042313522268,0.35051428530598067,0.3527718223360182,32191848
2020-04-02,0.37252727150917053,0.38042891335284285,0.3555941898573803,0.37252727150917053,47009784
2020-04-03,0.3838155269622803,0.3838155269622803,0.3725272767051144,0.37534900620407313,30704916
2020-04-06,0.395668625831604,0.3979268086152551,0.3866379132746198,0.38946028850310016,59907156
2020-04-07,0.3899899125099182,0.40955226950463036,0.3893583649561926,0.40955226950463036,63512460
2020-04-08,0.39188310503959656,0.3944070838277954,0.38241733827754565,0.38935840407001726,18194820
2020-04-09,0.39062076807022095,0.39566940257465916,0.38620363603198027,0.3931447016635906,18085776
2020-04-10,0.38935843110084534,0.39188313224569954,0.38746527761700483,0.38935843110084534,12481044
2020-04-13,0.38431045413017273,0.38746521290999275,0.38304812633672514,0.3849412795044075,16406988
2020-04-14,0.38809677958488464,0.3944070647730387,0.3849412984683019,0.3855720787372798,27323424
2020-04-15,0.376106321811676,0.3887276146840727,0.37484471610592496,0.3887276146840727,20177520
2020-04-16,0.38935843110084534,0.39062080424144213,0.3798926636816429,0.38998997876185904,21151872
2020-04-17,0.3899899125099182,0.3950378244428809,0.3893583649561926,0.39440704420679484,20299296
2020-04-20,0.3887275755405426,0.3931446619967807,0.38557204952668556,0.38998990330054517,20519532
2020-04-21,0.3817857801914215,0.3874652400929155,0.38052417449077497,0.3874652400929155,19660212
2020-04-22,0.38431045413017273,0.38746521290999275,0.37673784145944333,0.3824173009624904,93582804
2020-04-24,0.38809677958488464,0.40071730482485873,0.3855720787372798,0.38746523199822713,67273512
2020-04-27,0.3956694006919861,0.39756255399151386,0.39125154649340277,0.3944070728106258,34488480
2020-04-28,0.38935843110084534,0.39756259269722105,0.38872765075760163,0.39630026469296364,31537884
2020-04-29,0.4089215099811554,0.4095522902491916,0.3880967790054897,0.390620757667981,60308076
2020-04-30,0.40008655190467834,0.4177557578663342,0.3963002451239622,0.4177557578663342,74613672
2020-05-04,0.39062076807022095,0.39440707468729247,0.38746524173798325,0.3931447016635906,34766244
2020-05-05,0.3925139009952545,0.3981933606259238,0.3906207477850314,0.39314468124733154,31092864
2020-05-06,0.3994556963443756,0.4038728282405518,0.38998993010613614,0.39440706200231235,40768128
2020-05-07,0.39630019664764404,0.4032420290478397,0.3944070434888607,0.3981933498064274,26807784
2020-05-08,0.3887275755405426,0.40071727446687583,0.38746520264420936,0.40071727446687583,22587528
2020-05-11,0.39503782987594604,0.401348837003157,0.3887275900663852,0.3887275900663852,61909044
2020-05-12,0.40008655190467834,0.4089215385443723,0.3956694196755288,0.3975625730658868,73368852
2020-05-13,0.4032420217990875,0.4076591082721897,0.40008649577318295,0.401348823538005,41300916
2020-05-14,0.4051351845264435,0.41586255598799293,0.39756252671161707,0.40261043866429563,66921180
2020-05-15,0.40955233573913574,0.4133386426759319,0.4082899626088361,0.4089215554010373,33577764
2020-05-18,0.4139694571495056,0.41964891740377336,0.41207630373141635,0.4133386316918317,40487196
2020-05-20,0.4127078056335449,0.41775571768931546,0.410814652425258,0.41460095884183185,27832572
2020-05-21,0.4158625602722168,0.4228043476473441,0.41144542851258253,0.41901804126909026,46104948
2020-05-22,0.41207626461982727,0.41396941785823077,0.4082899130066867,0.4133385924604307,15801300
2020-05-27,0.4127078056335449,0.41775571768931546,0.4114454326766899,0.4152317390932638,25501944
2020-05-28,0.40828990936279297,0.41396941416364874,0.40639675614128545,0.41270780851564176,18826860
2020-05-29,0.40955233573913574,0.4101831160772342,0.40261050220364186,0.406396809140438,16011264
2020-06-01,0.4171249270439148,0.4202804534718807,0.41018309388401325,0.41018309388401325,28753896
2020-06-02,0.41901811957359314,0.4209112731165054,0.4158626379870354,0.41838733921066734,20877816
2020-06-03,0.4240666925907135,0.4253282981338393,0.4183872333983419,0.4196488389414677,29125032
2020-06-04,0.4291146695613861,0.43227019596641886,0.42217360376965174,0.4246975374212463,31855404
2020-06-05,0.4278530180454254,0.43163932434470365,0.42722147049589987,0.43037699656328704,21539928
2020-06-08,0.4209112226963043,0.4303770344133136,0.41964889480387074,0.42911466138454457,22828176
2020-06-09,0.420280396938324,0.42406670316094874,0.4152317178235078,0.4215420025128964,11955768
2020-06-10,0.42848387360572815,0.42911469908485117,0.4183873258506461,0.4183873258506461,19229052
2020-06-11,0.42722150683403015,0.43416333979114624,0.420911221480157,0.42217359450527864,35111748
2020-06-12,0.4701332747936249,0.4701332747936249,0.4234352201173825,0.42532837351704,120239256
2020-06-15,0.46003666520118713,0.48275450292157596,0.45877429228762223,0.4669777302272173,59625456
2020-06-16,0.45561882853507996,0.47518195532769514,0.45246411450071566,0.4638230349142054,44825052
2020-06-17,0.45688119530677795,0.46192987512768774,0.4530948885546114,0.45561882223803474,15425724
2020-06-18,0.4619298577308655,0.4701332512335892,0.4581435511212957,0.4625606380144496,26343504
2020-06-19,0.4581435024738312,0.46697772045842245,0.45435719626630616,0.4650845673546599,22737888
2020-06-22,0.46066752076148987,0.4669778065896066,0.4581435869755979,0.4644538276673759,20572188
2020-06-23,0.46382296085357666,0.47644348502034584,0.45940510712070315,0.46192980775361636,45445032
2020-06-24,0.44615301489830017,0.4619298332376512,0.4448914092616918,0.4612982856698567,28872036
2020-06-25,0.4392119348049164,0.4448913942261828,0.4354256285240721,0.44425984667973195,21934680
2020-06-26,0.4524640738964081,0.46571614652289983,0.4398427815293679,0.4398427815293679,65283300
2020-06-29,0.453725665807724,0.461298324397419,0.4493085787779507,0.45435725856487563,26529516
2020-06-30,0.4587743580341339,0.4631914903200125,0.4568812046194622,0.45814357771393655,39735288
2020-07-01,0.45688119530677795,0.463823028503771,0.45120173517852813,0.4612983275026214,29118144
2020-07-02,0.4644537568092346,0.47076404167463964,0.4568811441527579,0.4568811441527579,48577188
2020-07-03,0.4663469195365906,0.47644351093728177,0.4612982853137496,0.4650845917196327,44991420
2020-07-06,0.4764435291290283,0.4789682299956759,0.4701332438932785,0.4783366824042549,32007108
2020-07-07,0.4701332747936249,0.4777059335285922,0.4638230342794577,0.4764435604441295,34088712
2020-07-08,0.5035792589187622,0.5168313316140014,0.47328876190759595,0.47328876190759595,298265808
2020-07-09,0.46129828691482544,0.5029476575240955,0.4568811551076278,0.5029476575240955,86120640
2020-07-10,0.4512017071247101,0.4631914520794149,0.4392119621700053,0.46192984640683926,42485568
2020-07-13,0.4644537568092346,0.46697773534640125,0.4562503639160422,0.4612982758540437,41003424
2020-07-14,0.4587743580341339,0.46697779714935594,0.4562504242992648,0.46697779714935594,32971644
2020-07-16,0.4682401418685913,0.4758127557983471,0.4619299010784977,0.4619299010784977,48356676
2020-07-17,0.47581273317337036,0.47707510625300653,0.4669777916603947,0.47076409844523304,29884620
2020-07-20,0.48780250549316406,0.4978998657709894,0.479599111164781,0.48086143917669805,65402952
2020-07-21,0.4713956415653229,0.4909580007514576,0.4638230280681027,0.4878024743095951,52405788
2020-07-22,0.4631914496421814,0.47707506996355253,0.46129829639376785,0.4764435223810763,26419812
2020-07-23,0.4663469195365906,0.4726572045313987,0.4625606131307075,0.46382298608399813,24836136
2020-07-24,0.46760931611061096,0.4707640751085459,0.46066748319783735,0.46066748319783735,20614908
2020-07-27,0.47202640771865845,0.48401615304806817,0.4695024741132844,0.47076407982528784,58509480
2020-07-28,0.4587743580341339,0.47833671763738633,0.4575119849396595,0.47328880503131043,40403280
2020-07-29,0.472657173871994,0.47518187447847515,0.444891380059903,0.45814349675721383,30255156
2020-07-30,0.4669778048992157,0.47833672557575624,0.4669778048992157,0.4770751197780864,6607284
2020-08-04,0.4411051273345947,0.4745503844386265,0.43290096649385046,0.4732887787319979,32284200
2020-08-05,0.4486777186393738,0.4543572234264964,0.42974618647007523,0.44362908437922893,21096732
2020-08-06,0.43227019906044006,0.44930857935227586,0.42532836590130224,0.44930857935227586,23983512
2020-08-07,0.4530948996543884,0.4543572727540569,0.42091124633621085,0.4341633654297769,31902456
2020-08-10,0.454988032579422,0.45940516468448106,0.4423667395135819,0.45309487924224834,15986748
2020-08-11,0.4619298577308655,0.4638230110356504,0.44993934516453943,0.45372565177410923,34856364
2020-08-12,0.46003666520118713,0.4695024309180158,0.4556187662306916,0.4612982707971201,21208896
2020-08-13,0.46003666520118713,0.4726571896573145,0.4518324599439601,0.4638229714879186,42781488
2020-08-14,0.46508461236953735,0.47581270667753367,0.4530948672335562,0.459405152508543,39793512
2020-08-17,0.4411051273345947,0.4568811792318733,0.43416333951817837,0.4568811792318733,39048144
2020-08-18,0.4335324466228485,0.44299821169699466,0.4335324466228485,0.44047351117761185,27794400
2020-08-19,0.4411051273345947,0.4429982806440693,0.4335325140966964,0.4335325140966964,26490492
2020-08-20,0.4429982900619507,0.4474154221962874,0.4398428087973998,0.4436291154968436,25436256
2020-08-21,0.43984276056289673,0.4512016794155744,0.4354256289129562,0.4448913946235209,38048208
2020-08-24,0.43542566895484924,0.44552226095961467,0.43416334106236687,0.43921197558726516,25062696
2020-08-25,0.4303770065307617,0.43794961930469894,0.4278530279544451,0.4360564661112146,18269112
2020-08-26,0.4253283739089966,0.4322702071988289,0.42469754845688307,0.43037705379742686,12060672
2020-08-27,0.4253283739089966,0.42974622834531334,0.42469754845688307,0.4272215273103987,15487512
2020-08-28,0.42469751834869385,0.42785304461201645,0.42154203722170547,0.4253283437560861,15007872
2020-08-31,0.42469751834869385,0.43163935114639707,0.42280436508150354,0.42469751834869385,23430192
2020-09-01,0.4215420186519623,0.42532832501954876,0.4171248869047727,0.4221735662128815,19994892
2020-09-02,0.4234352111816406,0.42848384582253973,0.4209112323837145,0.42217360544153737,17184372
2020-09-03,0.4152317941188812,0.42595993453884073,0.4133386406597177,0.4240667810796772,17116236
2020-09-04,0.4158625602722168,0.4183872610240422,0.4146009546457884,0.4158625602722168,15752748
2020-09-07,0.42848387360572815,0.43921201415770267,0.41712495271097005,0.41712495271097005,61342764
2020-09-08,0.42217355966567993,0.4329009310411566,0.4177557058056877,0.4297461722834144,18954168
2020-09-09,0.4240666925907135,0.42785299871896126,0.4196488389414677,0.42217353952658965,17421456
2020-09-10,0.42595988512039185,0.4322701702371445,0.42280435890318,0.42848381862175855,33825816
2020-09-11,0.4303770065307617,0.43290093997074586,0.42659065500746063,0.42848380820094495,19404600
2020-09-14,0.4411051273345947,0.449308565993975,0.4316393607872218,0.43290096649385046,140967492
2020-09-15,0.43858039379119873,0.44804615963430366,0.4335324818411936,0.44110509451567753,44229636
2020-09-16,0.4360564947128296,0.4411051292415979,0.4335325159709613,0.4411051292415979,24122652
2020-09-17,0.43163934350013733,0.43479410238989297,0.4291146426889306,0.43479410238989297,16686324
2020-09-18,0.432900995016098,0.436687301884513,0.4310078415818906,0.43353254266055435,18479388
2020-09-21,0.4373188018798828,0.4751819115749073,0.42785303574021005,0.43227016759039083,683881920
2020-09-22,0.4429982900619507,0.4524641019468964,0.44047358909595646,0.4417359621471217,68762808
2020-09-23,0.4442598521709442,0.4556187711538774,0.442998246561379,0.4436290719343275,50014896
2020-09-24,0.44173598289489746,0.4455222897721792,0.4385804563457993,0.44299831086901637,31894164
2020-09-25,0.44173598289489746,0.4505709697599183,0.44173598289489746,0.44362913633353834,33778848
2020-09-28,0.43858039379119873,0.44489140085291956,0.43605646038436213,0.4429982476842986,35009100
2020-09-29,0.44236671924591064,0.4512017052326157,0.4373188070777532,0.43984278572999885,49800588
2020-09-30,0.45183247327804565,0.4581435255781532,0.44678456124641164,0.448046166879576,71742336
2020-10-01,0.45183247327804565,0.4575119328757501,0.4505709127812139,0.4530948462288646,46729140
2020-10-02,0.45940518379211426,0.46571619167820977,0.4512017446715094,0.4518325249921207,90681444
2020-10-05,0.46129828691482544,0.46887089975287455,0.45940513370531316,0.46066746152665233,45039372
2020-10-06,0.5073655247688293,0.5073655247688293,0.4612982579293223,0.463191411019879,391187028
2020-10-07,0.5237724781036377,0.5471219133419357,0.4978998762874219,0.513675884930331,309781464
2020-10-08,0.5149381756782532,0.5382868398613013,0.5079963430085805,0.523772394262532,214843176
2020-10-09,0.5092587471008301,0.5275587329647417,0.5061032207028804,0.5256655796167821,124887324
2020-10-12,0.5079963803291321,0.5168313668801515,0.5035792932806529,0.5124135125139481,89181528
2020-10-13,0.5117826461791992,0.5180929312311654,0.495375047453758,0.5098894929591097,113565672
2020-10-14,0.5168313980102539,0.5313450782318166,0.514306696863338,0.518093003834111,99862608
2020-10-15,0.49600666761398315,0.5218793140448277,0.49095803260657883,0.516831401218859,149996460
2020-10-16,0.5061032176017761,0.5143066563776543,0.4966374509199788,0.49979297729859323,80426880
2020-10-19,0.5143066644668579,0.517462145758767,0.5010545457675716,0.5105203577345866,80909040
2020-10-20,0.5149381756782532,0.5256655474948061,0.5130450224459789,0.5187244821428015,74659392
2020-10-21,0.530083417892456,0.5357628777645215,0.517462125136524,0.5187244981483251,108620424
2020-10-22,0.5212484002113342,0.5300833858518635,0.5187244667943162,0.5288210580526979,48511704
2020-10-23,0.5338696837425232,0.5389175956328818,0.5193552388032747,0.5193552388032747,92305560
2020-10-26,0.4978998005390167,0.5363936908857383,0.48969559483138725,0.5345005376384404,87872208
2020-10-27,0.5086272358894348,0.5092587835503214,0.48401619546812275,0.5004237964761409,61582956
2020-10-28,0.49853065609931946,0.5086272492615176,0.4972682829257883,0.5035793363393135,15372036
2020-10-30,0.5111518502235413,0.5193552431072923,0.48906479251624685,0.4972681853999979,57471288
2020-11-02,0.5326074361801147,0.5332382165058798,0.5067340684665342,0.5130450764041934,81561432
2020-11-03,0.5199860334396362,0.5382867835898286,0.5098894429379858,0.536393630555461,60028008
2020-11-04,0.5332382321357727,0.5351313856226453,0.5193553322470713,0.5206177053896899,55123296
2020-11-05,0.5477526187896729,0.5704704581064701,0.5319765671680138,0.5338697204444136,141078192
2020-11-06,0.5679464936256409,0.5824601714546134,0.5433354572364237,0.5490149618926523,111921336
2020-11-09,0.5894019603729248,0.5957121996665012,0.5837225012725312,0.5862464344991786,84084828
2020-11-10,0.5862464904785156,0.6026540891532377,0.577412271978404,0.5837225570108636,54815232
2020-11-11,0.5944507122039795,0.6051780842099697,0.581829419614602,0.5887712072705278,65247852
2020-11-12,0.6253719925880432,0.6348377589578318,0.5849849032889494,0.5963438680690302,87979800
2020-11-13,0.6266342997550964,0.6474590302171407,0.6234788187210514,0.6310514315667646,69959220
2020-11-16,0.6253719925880432,0.6411479990530178,0.6177993343558779,0.6304206270002691,173306328
2020-11-17,0.6253719925880432,0.6367309122317896,0.6083335679860893,0.6241096195873983,109167876
2020-11-18,0.6316822171211243,0.6455658824241228,0.6209548453326549,0.624741151787291,139332372
2020-11-19,0.6600795984268188,0.6651282330034719,0.6266343408609768,0.6310514729623995,143339028
2020-11-20,0.6790111660957336,0.6992050735141111,0.660079631782907,0.6613419597521195,96830328
2020-11-23,0.6739632487297058,0.6935256083677266,0.6638659340004618,0.6790111613447535,56100768
2020-11-24,0.6935255527496338,0.69857423227754,0.6752248003582381,0.6796426544790777,56211156
2020-11-25,0.676487147808075,0.6992049861447531,0.6752247748602644,0.6992049861447531,43938132
2020-11-26,0.6815357804298401,0.6992049845246533,0.6758563208588302,0.6809042328667381,69657552
2020-11-27,0.6708076596260071,0.6878460376521349,0.6651281551476339,0.6834289060677547,26154180
2020-11-30,0.6701769232749939,0.6834289968330842,0.6518761699243735,0.6657590689225946,37957548
2020-12-01,0.6840597987174988,0.6884768856000729,0.6727008789159963,0.6865837322998225,30685404
2020-12-02,0.6783803105354309,0.6910016028289355,0.6783803105354309,0.6865837036765108,17579148
2020-12-03,0.6720699667930603,0.6821665574101478,0.6701768137370477,0.6796425790171104,17684976
2020-12-04,0.676487147808075,0.6809042344444339,0.6720700160353835,0.6727008414186286,12844836
2020-12-07,0.6815357804298401,0.6916323717633067,0.6733316201053915,0.6777494740491669,28663008
2020-12-08,0.677749514579773,0.6928947861445122,0.6771179669789033,0.6910016328409616,18679020
2020-12-09,0.683428943157196,0.6891084479437939,0.6764871556807627,0.680904242368526,19580952
2020-12-10,0.7212920188903809,0.7263399307326158,0.6796426049335796,0.6827973636476115,100428516
2020-12-11,0.7370681166648865,0.7484270361643967,0.7074084449314959,0.7130879046812509,43642824
2020-12-14,0.7376989126205444,0.7547373373685392,0.73580575933036,0.7408544389221939,36774576
2020-12-15,0.7383305430412292,0.754737375893962,0.7238160962575859,0.7383305430412292,29074392
2020-12-16,0.7427476048469543,0.7490578902399035,0.7307578594868408,0.7414852318140156,26734416
2020-12-17,0.7698826193809509,0.7724072751658229,0.7414852293662045,0.7433784278186782,40483164
2020-12-18,0.754737377166748,0.7761936120866009,0.7528442237767353,0.7698826494231867,14342772
2020-12-21,0.7496894598007202,0.7534757665563734,0.7257092461968954,0.7421168462894138,47601540
2020-12-22,0.7484270334243774,0.7572620193763209,0.742747573695415,0.7496894064043711,16752252
2020-12-23,0.8109011650085449,0.8209978021255708,0.7465339072746194,0.7490578860085347,96164700
2020-12-24,0.8418224453926086,0.8834719086202444,0.8039593790699131,0.8153182989667218,127009752
2020-12-25,0.8475019931793213,0.8670650749314363,0.8209978454180047,0.8405609271701197,38303832
2020-12-28,0.901772677898407,0.9200734771576429,0.8506574897381312,0.8531814235138748,78670308
2020-12-29,0.8973554372787476,0.9547809494499542,0.8676958111985146,0.9093451819709715,76184688
2020-12-30,0.9036658406257629,0.9225973743279356,0.8708513627540101,0.8942000286383398,49525428
2020-12-31,0.8942000269889832,0.9137623860967954,0.8878897865845851,0.9024034658964433,26494380
2021-01-04,0.9093452095985413,0.9232281530658173,0.8935691579931524,0.9188110211071123,35634516
2021-01-05,0.8891512751579285,0.9099760056411165,0.8708512905952033,0.9099760056411165,27627420
2021-01-06,0.8878896832466125,0.9017725355021418,0.8803170706610576,0.8891512437082286,15251364
2021-01-07,0.8859965801239014,0.9024034577914624,0.8771615936738486,0.8885206040448523,13598208
2021-01-08,0.8828411102294922,0.8916760967933312,0.8771616049708437,0.8859965915346827,15555840
2021-01-11,0.8872582912445068,0.9055590005495745,0.8733753462824789,0.8796856773313877,29050872
2021-01-12,0.9295390248298645,0.9623534978462952,0.8853649110915475,0.8853649110915475,96442308
2021-01-13,0.9200733304023743,0.9686637645824506,0.9194417828549415,0.9352185555493001,71170308
2021-01-14,0.8967239856719971,0.9276460782967215,0.8923069436474576,0.9225973983599461,23340444
2021-01-15,0.8954623937606812,0.9118692714603397,0.8834719260226199,0.8967239543602625,14603724
2021-01-18,0.9200733304023743,0.9314322492625687,0.8929375485751586,0.8973554024093228,41797128
2021-01-19,0.9137623906135559,0.9326939243743887,0.9087145232467092,0.9314323637597085,27835404
2021-01-20,0.9181801080703735,0.9301698519826213,0.8992485771326395,0.9093451228147836,25805904
2021-01-21,0.9156556129455566,0.9339563217387815,0.9099761075332251,0.9207042026251252,26055516
2021-01-22,0.9225974082946777,0.9427913158051499,0.9137624214237042,0.9150247945350121,56403456
2021-01-25,0.932063102722168,0.9680329683939594,0.9257527725994067,0.9295390790002619,66914808
2021-01-26,0.950994610786438,0.9623535297030581,0.9112383494419365,0.9333253619059108,46337196
2021-01-27,0.8916760683059692,0.9756057298008376,0.8872582140744976,0.9598296778690041,48959796
2021-01-28,0.9181801080703735,0.9251211729145782,0.8418223465158882,0.8853649128090065,29998332
2021-01-29,0.9213350415229797,0.9421597746416916,0.8834719724641193,0.9024035069935495,43065540
2021-02-01,0.9339562654495239,0.9402665056689502,0.9207041471345687,0.9276460252300976,42629256
2021-02-02,0.938373327255249,0.9434220065253092,0.9188109701851426,0.937111676505551,36139008
2021-02-03,0.9377425909042358,0.956674124396743,0.9339562842057343,0.9421597230374732,30079488
2021-02-04,0.9402665495872498,0.9516254699851947,0.9282768940104476,0.9427912957561753,39707532
2021-02-05,0.9459460973739624,0.9857023656872566,0.9427913380660012,0.9427913380660012,57458904
2021-02-08,0.9402665495872498,0.9642467634676023,0.9326939359886198,0.9509947348063373,33144876
2021-02-09,0.9453153014183044,0.9579365958613099,0.9396358859234131,0.9453153014183044,34038948
2021-02-10,0.9636159539222717,0.9636159539222716,0.9371117180998403,0.9478390900369762,28813536
2021-02-11,1.005265235900879,1.005265235900879,0.9680329092784974,0.9680329092784974,44614764
2021-02-12,1.0084201097488403,1.0399729355851701,0.9844406192982681,1.0216722279928696,40578228
2021-02-15,1.0734189748764038,1.0835155218055097,0.9989543120826951,1.0223037898952738,75986736
2021-02-16,1.0790983438491821,1.087932607639001,1.042496839435814,1.0740497546449004,51361668
2021-02-17,1.0443902015686035,1.1201164335985436,1.0374491350739374,1.0917190853032308,105333168
2021-02-18,1.0140997171401978,1.0645840810828384,1.0109449578196459,1.0538559856121623,69072960
2021-02-19,1.1150683164596558,1.1150683164596558,1.009051642848885,1.0153618829438609,191561280
2021-02-22,1.0614285469055176,1.1182231488521597,1.0538559333126318,1.1125437337938329,117584016
2021-02-23,1.0115755796432495,1.061428480606835,1.0084200984949572,1.061428480606835,51018936
2021-02-24,0.9756056666374207,1.03303108775104,0.9743432936920572,1.0077892257489933,57584016
2021-02-25,1.0311379432678223,1.0380798212851703,0.9756057175817957,0.997061184049437,71826432
2021-02-26,1.003372073173523,1.0412351328027425,0.9907507824791518,1.003372073173523,52339524
2021-03-01,1.0223037004470825,1.034293444791046,1.0090515831771683,1.0191481292228597,39873192
2021-03-02,0.9976925849914551,1.0368172958685093,0.9951678393400117,1.0254583777987345,45652128
2021-03-03,1.060166835784912,1.0835155006883959,1.0046337976220325,1.0077892787881872,115379568
2021-03-04,1.0759427547454834,1.0873016730878304,1.0324001892968233,1.0500694372840464,51331212
2021-03-05,1.0513317584991455,1.074680421379172,1.0399728397394088,1.072156488028327,36224760
2021-03-08,1.059535264968872,1.0721565574482115,1.034924227592932,1.0589044395674743,40304448
2021-03-09,1.0721566677093506,1.1030779482779163,1.0620601201599502,1.0690011862878361,61614924
2021-03-10,1.0955052375793457,1.158610888428685,1.0721565728520877,1.0828846671000252,102112872
2021-03-11,1.1459894180297852,1.1699696266296242,1.0955050676710323,1.1024468542895278,93351864
2021-03-12,1.1220093965530396,1.1567177937980806,1.1081265431819751,1.1466204345700066,37338048
2021-03-15,1.1295820474624634,1.164290445866376,1.1213786988493644,1.1302135950827383,32872008
2021-03-16,1.1339997053146362,1.1699696580910357,1.128951116679487,1.1371544638711673,70383204
2021-03-17,1.125795841217041,1.155455562485497,1.1043403720206488,1.1365240271786423,58394124
2021-03-18,1.0727875232696533,1.134630808323039,1.0721566977856851,1.1283205674844092,35664204
2021-03-19,1.091088056564331,1.1005538676571123,1.0538558181206363,1.072156524651433,30888012
2021-03-22,0.9825475215911865,1.05953530529195,0.9825475215911866,1.0191482149839841,26758848
2021-03-23,0.9598296880722046,1.0096825001791665,0.8847342898792678,0.9459460219887049,75504996
2021-03-24,1.0159927606582642,1.0216722659086719,0.9642467490531877,0.9642467490531877,66257940
2021-03-25,0.9781297445297241,1.0563806296190998,0.9762365459227406,1.0159928139426144,45618024
2021-03-26,0.9939063191413879,1.014731048247362,0.9686637363301024,0.997061077788674,44819892
2021-03-29,0.9749748706817627,1.004002949669367,0.9686638182184514,0.9995859080445894,33243828
2021-03-30,1.0456523895263672,1.0456523895263672,0.9749748502845076,0.9749748502845076,75083916
2021-03-31,1.0223037004470825,1.0424967925384654,1.0109447814754404,1.0424967925384654,44124336
2021-04-01,1.0361864566802979,1.0431283335843409,1.026720736885148,1.0317693253939129,29652564
2021-04-02,1.0513317584991455,1.064583875521836,1.0368173588467164,1.042496773090254,37353108
2021-04-05,1.0721566677093506,1.0847779614866704,1.0481764532686708,1.0513319346901853,34103004
2021-04-06,1.0740498304367065,1.0854087507208943,1.0576422303193025,1.0828847267586448,46111944
2021-04-07,1.055118203163147,1.0765737608674288,1.049438788174582,1.0765737608674288,25189140
2021-04-08,1.069632649421692,1.0816223946039902,1.0576421820580353,1.0576421820580353,32835936
2021-04-09,1.040603756904602,1.0753120637877123,1.0178859173809047,1.0715257572004293,35527272
2021-04-12,1.0330311059951782,1.0507010777263963,1.0090516165149983,1.041235266467624,41363820
2021-04-13,1.0190352201461792,1.0510258479903027,0.9870445923020557,1.038363224823907,53911404
2021-04-14,1.03569757938385,1.0423621031576047,1.0190352688837063,1.0210347308893881,23825016
2021-04-15,1.0257004499435425,1.066354965578691,1.004373079867544,1.0383631677535634,50273616
2021-04-16,1.0070385932922363,1.0276997285746658,1.0037067610607617,1.0230339049681723,16776324
2021-04-19,0.9983749389648438,1.0330312650563755,0.9917105102200424,1.012370887638209,25882488
2021-04-20,0.9663842916488647,1.0043732128245162,0.9657180585328466,0.9983749219695822,20472348
2021-04-21,0.9797139167785645,1.0123707772090116,0.9543877174206508,0.9690498022824378,47364600
2021-04-22,0.9570533037185669,0.973715612946336,0.9330603335201214,0.9630515939379726,27385428
2021-04-26,0.9863784313201904,0.9897110269798046,0.9570534009679549,0.9570534009679549,18377052
2021-04-27,0.9923765659332275,1.0030398216298446,0.9783806197620165,0.9897108711835524,28834380
2021-04-28,1.0296993255615234,1.0416958108954555,0.9857121173308493,0.9863783503893137,50108964
2021-04-29,1.0690205097198486,1.0730193377735466,1.0190351113788325,1.0303654578861778,26722224
2021-04-30,1.0923473834991455,1.104343868133696,1.057024067275533,1.0710200136856345,34209288
2021-05-03,1.0936803817749023,1.114340753299212,1.0890145584036146,1.0950128476495038,25089012
2021-05-04,1.1043438911437988,1.1170066090618134,1.0850158873635356,1.0943467727369145,33336708
2021-05-05,1.1276705265045166,1.1396670103105713,1.0970122736293506,1.1056770205298718,45240840
2021-05-06,1.1443321704864502,1.156328655333159,1.1176736012903012,1.1276706243260988,37187724
2021-05-07,1.0596905946731567,1.1123415979147915,1.0536923042905064,1.0883486270633729,77563152
2021-05-10,1.0270328521728516,1.065021769485247,1.0270328521728516,1.059023574579894,45521676
2021-05-11,1.0083718299865723,1.0476938765188928,0.9983747124396541,1.0290322027170251,59139144
2021-05-12,1.0303655862808228,1.0310317240175795,1.007705748498703,1.012370810127048,18308400
2021-05-17,1.096346139907837,1.106343162112103,1.0343642590189035,1.0350303966553152,72562764
2021-05-18,1.0610231161117554,1.1023446355750743,1.0576912829437344,1.0963464396803517,39284700
2021-05-20,1.0796847343444824,1.0930135905243312,1.0583573631778778,1.0636894204836087,34960380
2021-05-21,1.114340901374817,1.114340901374817,1.0690205618699633,1.0830165084104624,43747860
2021-05-24,1.1190060377120972,1.1390001802971659,1.1130078426063728,1.1143409761245617,41340144
2021-05-25,1.0583572387695312,1.1230047196757018,1.0583572387695312,1.1190058916805399,31476384
2021-05-26,1.0856828689575195,1.0890147014587113,1.0516928765643994,1.0623561325261641,21835116
2021-05-27,1.110342025756836,1.1283367997784186,1.0883485189966593,1.0883485189966593,23930832
2021-05-28,1.0890147686004639,1.117006663364722,1.0743526834920323,1.1116753687436958,15627624
2021-05-31,1.0730195045471191,1.0990119386058093,1.0630224805288817,1.0890148192479758,16060068
2021-06-01,1.0883485078811646,1.0910141072206456,1.073686329090097,1.0750187950713048,16192308
2021-06-02,1.0723532438278198,1.0956800775209532,1.0683544152556104,1.0790177674356487,18892560
2021-06-03,1.0650217533111572,1.0930135515700778,1.0483602069821973,1.077685234034115,25698096
2021-06-04,1.056357741355896,1.0736862814339543,1.0556916037344397,1.066354858675297,13104636
2021-06-07,1.0543584823608398,1.0663549671608366,1.0503596540941744,1.0663549671608366,12042456
2021-06-08,1.0576910972595215,1.0763520101654125,1.0483602117784299,1.0543585019597201,25689792
2021-06-09,1.0536922216415405,1.0656887061262759,1.0490263977519885,1.0523589929022632,17322936
2021-06-10,1.0576910972595215,1.072353181824415,1.0550246396613283,1.057024101501621,17154912
2021-06-11,1.0583572387695312,1.06968748977144,1.0536921777907917,1.0610228380809,15752772
2021-06-14,1.049026608467102,1.0656889201883024,1.0470271463148944,1.061023095361539,12520104
2021-06-15,1.0410288572311401,1.0556918008255116,1.0183690191407209,1.0483602813585287,19897116
2021-06-16,1.0217015743255615,1.0456945427778501,1.0217015743255615,1.0450275470642538,11200824
2021-06-17,1.0203683376312256,1.0590234847116282,1.0203683376312256,1.0230339369752113,31367304
2021-06-18,1.0130369663238525,1.0316986415148908,0.9997080155267037,1.0263665844981023,11711184
2021-06-21,1.0110377073287964,1.013037169523913,0.9877117289012907,1.0110377073287964,9433200
2021-06-22,1.0203683376312256,1.0223677039834815,1.0090380864906767,1.0110374528429327,13552308
2021-06-23,1.035030484199524,1.0410287743010898,1.0183689380157899,1.0263665945914864,13849704
2021-06-24,1.0656887292861938,1.0656887292861938,1.031698641504301,1.0336981032983352,16168692
2021-06-25,1.0203683376312256,1.0663549078080843,1.0203683376312256,1.0656886748163545,14922516
2021-06-28,1.0103713274002075,1.0403625885931154,1.0063724989304592,1.0237010416514751,18166932
2021-06-29,1.0330311059951782,1.0336981017366398,1.001040384716065,1.0097051322819939,19936884
2021-06-30,0.9983749389648438,1.0336982609005378,0.9970417099933222,1.0303656651697357,13029972
2021-07-01,1.0303655862808228,1.034364414832818,1.0037069199467081,1.0037069199467081,11245116
2021-07-02,1.0197020769119263,1.0403624495623272,1.015703248976569,1.0303654273937226,11693184
2021-07-05,1.0290323495864868,1.0410288351512493,1.0197022264007443,1.0210346925433118,13229736
2021-07-06,1.0416958332061768,1.047027032542341,1.0270328898908927,1.0290323518258337,11675496
2021-07-07,1.056357741355896,1.061689797854419,1.043695024815328,1.0503595472359166,10281336
2021-07-08,1.0956799983978271,1.1076764832481452,1.077018227704257,1.077018227704257,46490232
2021-07-09,1.0730195045471191,1.1050101339488325,1.0730195045471191,1.1023445341841445,15163752
2021-07-12,1.0523589849472046,1.076351953735306,1.0450275616907716,1.0730193586102232,12380580
2021-07-13,1.0303655862808228,1.0543585575927936,1.0270328954655845,1.0496934959644486,10749228
2021-07-14,1.0463608503341675,1.0623561637754535,1.0283660750429264,1.0310316745977086,14655744
2021-07-16,1.0430283546447754,1.0610231332996565,1.0350306964291853,1.0483604128073212,8709420
2021-07-19,1.0456945896148682,1.059023540431906,1.0390293038198686,1.0390293038198686,4568844
2021-07-26,1.0476940870285034,1.0610230395115894,1.045694720321141,1.0463609534312002,13170144
2021-07-27,1.0523589849472046,1.0610228742161725,1.0470269280866553,1.0483601568158545,8212560
2021-07-28,1.074352502822876,1.0776850976857921,1.0543583637390124,1.0543583637390124,12403764
2021-07-29,1.082350254058838,1.088348543983605,1.0696875365361838,1.0796846546309342,13385016
2021-07-30,1.0856828689575195,1.093013529701407,1.074352617254251,1.0823502737396422,10337064
2021-08-02,1.0856828689575195,1.0976793536856067,1.0816840407148238,1.0890147014587113,11712648
2021-08-03,1.0783514976501465,1.095680040225326,1.0736864361570122,1.0850159256915326,11697408
2021-08-04,1.0936803817749023,1.1010110415558199,1.075018709062495,1.075018709062495,17319432
2021-08-05,1.1116752624511719,1.1123414954533644,1.0876822938098245,1.0943467213025624,16538688
2021-08-06,1.106343150138855,1.1170065005432874,1.0970122656719825,1.1163402675745073,13007652
2021-08-09,1.1056770086288452,1.1250041524073349,1.1056770086288452,1.1096758365211552,11985672
2021-08-10,1.1150072813034058,1.127670763460663,1.0990119662009223,1.1056772528645475,13207344
2021-08-11,1.0863490104675293,1.119672862368192,1.0630222760012342,1.1156740344623604,11550228
2021-08-12,1.1076765060424805,1.1110083386461842,1.0823503070407627,1.0936805590926337,12235380
2021-08-13,1.1996495723724365,1.218310484127206,1.1456653454292602,1.1456653454292602,101753592
2021-08-16,1.1929844617843628,1.2156450630126607,1.1763229139637053,1.202315348058154,38335608
2021-08-17,1.2589651346206665,1.2656303250272947,1.1929843258951405,1.1929843258951405,65520372
2021-08-18,1.262963891029358,1.28095856934982,1.246968483698443,1.2662964860431691,29281500
2021-08-19,1.2489681243896484,1.2762936913072087,1.2429698338633348,1.2589652434869731,23133792
2021-08-20,1.3202807903289795,1.3296116755651448,1.245636187268881,1.2489680197645208,46585776
2021-08-23,1.2676297426223755,1.3449399422504942,1.2676297426223755,1.3302778586212,30693780
2021-08-24,1.2489681243896484,1.2842914437888246,1.2436368296596012,1.2696292630409707,26848656
2021-08-25,1.274294137954712,1.288290083572063,1.2476354754004209,1.2509673076869146,50441340
2021-08-26,1.2929551601409912,1.332943538761936,1.2596321627773865,1.2756274760899295,46996872
2021-08-27,1.3129494190216064,1.3129494190216064,1.2736280355005256,1.2996204677367624,16596480
2021-08-31,1.2996203899383545,1.3296116487740794,1.2976209281908337,1.3162819355704694,27654384
2021-09-01,1.2929551601409912,1.318947591943667,1.2849575034847198,1.3069511069592599,18152376
2021-09-02,1.274294137954712,1.2996203345452282,1.2709615429515817,1.2996203345452282,11096748
2021-09-03,1.2749603986740112,1.2969539054002979,1.269629104609234,1.2762935320438458,13043088
2021-09-06,1.2529667615890503,1.2842912476328765,1.251634390973107,1.2789591910004716,11483004
2021-09-07,1.2283077239990234,1.2762936658957402,1.2243088955076302,1.2562995234387748,13809504
2021-09-08,1.2682958841323853,1.2816255971443673,1.228973836153385,1.228973836153385,35195244
2021-09-09,1.281625509262085,1.30628470915971,1.2549660850661828,1.2696290257907834,25221948
2021-09-10,1.300952672958374,1.3096174197519768,1.2789591672551175,1.2862905900617423,22412556
2021-09-13,1.2696291208267212,1.3009527500899085,1.2636309263118735,1.3009527500899085,15620616
2021-09-14,1.2736279964447021,1.2842913478247644,1.2536338550836366,1.2709616342319614,13836444
2021-09-15,1.359602928161621,1.3862614969155607,1.273627978510303,1.273627978510303,75038520
2021-09-16,1.3502720594406128,1.3715994295376366,1.3122831432564097,1.3662673724993117,28194444
2021-09-17,1.3942592144012451,1.432914364835171,1.3662674156641696,1.3689330152394092,41020260
2021-09-20,1.3969247341156006,1.4235841605691135,1.329611651082886,1.3969247341156006,22980876
2021-09-21,1.359602928161621,1.4115876949683757,1.3529376424309372,1.4075888667524716,19313652
2021-09-22,1.3795971870422363,1.388927214971842,1.346273329712154,1.3596030442554548,12349032
2021-09-23,1.3795971870422363,1.4035901583863744,1.358269815384223,1.3835960155995928,11226732
2021-09-24,1.3569364547729492,1.3902603088677394,1.3462731990073689,1.3795970531021589,7973388
2021-09-27,1.3689329624176025,1.3862615041287758,1.350272049998372,1.3596029352361223,9383016
2021-09-28,1.3396087884902954,1.3795971688769202,1.3342768264715072,1.3702662830138368,10401588
2021-09-29,1.376930594444275,1.4049223916042746,1.3489387972842752,1.355604082931302,45697032
2021-09-30,1.3609352111816406,1.3929258348478113,1.3609352111816406,1.3795969803577135,11063076
2021-10-01,1.359602928161621,1.374265012267848,1.3409411577832244,1.3609352988627454,7284252
2021-10-04,1.3382755517959595,1.3715994061180132,1.3356098570108648,1.3596029215288252,9433416
2021-10-05,1.3196145296096802,1.3449399645417695,1.312283106315193,1.338275536973676,11318652
2021-10-06,1.3076181411743164,1.3516053494171365,1.3062849123402955,1.3202808595702091,17406768
2021-10-07,1.3649342060089111,1.375598320572175,1.3149488027498024,1.3149488027498024,14712876
2021-10-08,1.3476063013076782,1.3622684802435734,1.336942283071545,1.3622684802435734,9660204
2021-10-11,1.3529376983642578,1.368933011889155,1.3329435564581364,1.3502720987955419,13448040
2021-10-12,1.3582696914672852,1.3782638324299719,1.3436075121071505,1.355604092024347,16447752
2021-10-13,1.3422744274139404,1.3676006262379585,1.3302779424009252,1.3582697407646274,9900456
2021-10-14,1.330277919769287,1.3582697176567726,1.321614030200698,1.3396087097442884,8995272
2021-10-15,1.3256127834320068,1.3462731566400064,1.3116168376107327,1.3356098058704189,9743136
2021-10-18,1.335609793663025,1.362268456362078,1.3256127713159849,1.3256127713159849,14967456
2021-10-19,1.3795971870422363,1.388927214971842,1.3369424437262099,1.340941272283566,24108252
2021-10-20,1.4169189929962158,1.4302487064367961,1.3702661876990005,1.3795970729130336,26009988
2021-10-21,1.4435783624649048,1.4862323406562201,1.3889271365620615,1.4155865641436451,42311148
2021-10-22,1.462239384651184,1.4755690985694592,1.4462440711717734,1.450242899541626,14799612
2021-10-25,1.498228907585144,1.523555107755783,1.4555750224007906,1.462239450632501,19237944
2021-10-26,1.4995620250701904,1.5128909758831621,1.4862323115405314,1.5035608533234608,13859892
2021-10-27,1.5715410709381104,1.596866411847644,1.4968956075064848,1.5062264930320635,27855768
2021-10-28,1.562210202217102,1.5862031726355694,1.5395503652788394,1.5728734586065412,7055640
2021-11-01,1.5728733539581299,1.5928674946432437,1.547547919121568,1.562210098278152,14682012
2021-11-02,1.5635433197021484,1.5822042315689617,1.559544491583814,1.5782054034506272,10097460
2021-11-03,1.528886318206787,1.584869914825844,1.486232340033348,1.5635434024370631,22894284
2021-11-04,1.5768721103668213,1.5768721103668213,1.5462147153962646,1.5462147153962646,12893256
2021-11-05,1.558211326599121,1.6781761750564388,1.5422160134714786,1.624858273951791,51576588
2021-11-08,1.5435490608215332,1.5795386086910377,1.5262205198809744,1.5608768390454415,18732324
2021-11-09,1.5355514287948608,1.5582112641381944,1.516889754196065,1.5435490850380957,18387372
2021-11-10,1.530219554901123,1.5542125250045695,1.5155573749615268,1.5395503450649732,16957020
2021-11-11,1.5395504236221313,1.5808711753218931,1.5208887470026113,1.5222218805333372,31033284
2021-11-12,1.5542124509811401,1.5702077636216192,1.538217138340661,1.5462147946609006,13784784
2021-11-15,1.5755398273468018,1.5888686825674478,1.5475479347651004,1.5595445146370204,29156460
2021-11-16,1.5888686180114746,1.6195269668366576,1.5635432792874646,1.5808709619815298,34214316
2021-11-17,1.5768721103668213,1.596866250142447,1.5662088551718905,1.5888685942321967,15963804
2021-11-18,1.5715410709381104,1.5875363843783616,1.554212528692406,1.583537556018299,26872932
2021-11-19,1.6248583793640137,1.6301903414316439,1.570207913311642,1.578205570394309,33557736
2021-11-22,1.6461855173110962,1.6581820972669308,1.6155281204216567,1.632855899280538,27445776
2021-11-23,1.7048349380493164,1.731494366839235,1.6475188727296903,1.6475188727296903,36124704
2021-11-24,1.6995035409927368,1.756819599643423,1.6675129166121279,1.7194977765701986,28614264
2021-11-25,1.728827953338623,1.7461564966895888,1.7035027061533652,1.7128326388781474,16827444
2021-11-26,1.7354930639266968,1.7394917965774723,1.6901726320110162,1.72882768323238,17252772
2021-11-29,1.8594568967819214,1.8594568967819216,1.7368254044234308,1.7368254044234308,26916648
2021-11-30,1.847460389137268,1.9514301155277889,1.847460389137268,1.8594569693666256,30164760
2021-12-01,1.943432331085205,1.9660920705897764,1.8754521591756839,1.8754521591756839,24589476
2021-12-02,1.979421615600586,2.058065135375331,1.948763458434405,1.948763458434405,23821044
2021-12-03,1.992750883102417,2.0287402427669976,1.9794218366814467,1.9874194933490397,19900464
2021-12-06,1.9834208488464355,2.0114127437714755,1.926104020819361,2.003415086747062,18618324
2021-12-07,2.0034148693084717,2.008746068041912,1.967425321265107,1.9874193663165156,24632328
2021-12-08,1.9980827569961548,2.0207424972054193,1.932768277731948,2.012744840889649,19302960
2021-12-09,2.0274078845977783,2.0687286323288276,2.0087461144310628,2.0087461144310628,24055200
2021-12-10,2.1233794689178467,2.146039206085183,2.0087458384098187,2.0287398811755857,25787700
2021-12-13,2.335317850112915,2.335317850112915,2.1593692266831184,2.1593692266831184,30862716
2021-12-14,2.4112958908081055,2.568582758683344,2.385969691777151,2.447285250801627,90544896
2021-12-15,2.441953182220459,2.5285941737719693,2.4059636331209187,2.4139612895120197,45999720
2021-12-16,2.5179312229156494,2.5245956511110195,2.424624842559211,2.479275975813185,35907216
2021-12-17,2.32065486907959,2.768524189785119,2.2806665879485153,2.545922662815889,67680840
2021-12-20,2.5139319896698,2.5525870413359844,2.232680607747085,2.2713364221299153,69449796
2021-12-21,2.263338804244995,2.619234982184784,2.263338804244995,2.612569601301305,62963100
2021-12-22,2.1473727226257324,2.3393166648574786,2.0647297020030924,2.1913599276961153,57658776
2021-12-23,2.084723949432373,2.2859987778079494,2.0140780802758265,2.232680687395929,53668860
2021-12-24,2.1886932849884033,2.1886932849884033,2.079392372629577,2.099386607063749,44585352
2021-12-27,2.1833624839782715,2.2526749400838004,2.100719455308572,2.1993577981651375,47778420
2021-12-28,2.1327099800109863,2.2166854707495665,2.0673962602874894,2.2060221191558553,26510196
2021-12-29,2.1660337448120117,2.2006900650666017,2.0713949064478707,2.1193810353430127,31097892
2021-12-30,2.2366795539855957,2.28333321957448,2.1793634900233885,2.1793634900233885,49400004
2021-12-31,2.284665584564209,2.284665584564209,2.168699470230869,2.2353471796211153,35425296
2022-01-03,2.4232921600341797,2.4272910835451897,2.2993283913803895,2.3126572465809723,38796060
2022-01-04,2.415294647216797,2.444618816845631,2.376638829231358,2.4352888846016403,39060816
2022-01-05,2.4099626541137695,2.4592818232054245,2.3992993025069165,2.424624738738296,26599476
2022-01-06,2.3886351585388184,2.4259579374350775,2.3326515622319532,2.39929927273003,36681468
2022-01-07,2.3473145961761475,2.403298387617035,2.320655166633008,2.3886353486118073,22648200
2022-01-10,2.3326516151428223,2.384636479660799,2.3326516151428223,2.3579778143510612,20886036
2022-01-11,2.2833333015441895,2.3579779106834957,2.279334377642891,2.3379836725353775,19709616
2022-01-12,2.2726688385009766,2.328652429788121,2.2686701058914736,2.293996302254394,28925988
2022-01-13,2.2300150394439697,2.29266325355783,2.222017382917998,2.2766679405058863,25888668
2022-01-14,2.284665584564209,2.3059928591962544,2.204688829061759,2.2313482560403655,27019932
2022-01-17,2.2753353118896484,2.319322514979443,2.2726688545339773,2.2993282797534023,19794576
2022-01-18,2.1607017517089844,2.2753353967017578,2.1607017517089844,2.274002167974227,18280932
2022-01-19,2.158036231994629,2.186028126488877,2.099386938730718,2.1593694608302894,36502080
2022-01-20,2.143373966217041,2.183362247350366,2.1127156166377468,2.1726981336773172,30309252
2022-01-21,2.1367084980010986,2.1540370384694896,2.106051103070446,2.1407074212905974,12785976
2022-01-24,2.030073404312134,2.1393750898400157,2.002081702242445,2.1367086323349573,21465540
2022-01-25,2.0100796222686768,2.0660632244295183,1.9660924109455613,2.034072594623323,20798208
2022-01-26,2.007413625717163,2.066062914209792,1.9927507792263002,2.016743747978398,16009248
2022-01-27,2.0354056358337402,2.0394043688511307,1.895446357320705,1.9860864667455655,16014228
2022-01-28,2.0673961639404297,2.1180477966969473,2.0607309736325514,2.0860571713691463,23529864
2022-01-31,2.135376214981079,2.164700381136635,2.0593983888686607,2.0927214782992074,23472336
2022-02-01,2.1087169647216797,2.187361063997367,2.0660629872230865,2.140707590855004,26009904
2022-02-02,2.0713951587677,2.130044455274438,2.0620642725147875,2.116714835689353,15702276
2022-02-03,1.9874192476272583,2.0780591546408766,1.9834205151274473,2.0780591546408766,16355388
2022-02-04,1.975422978401184,2.010079297750258,1.9634263988210585,2.000748412877756,14263272
2022-02-07,1.9994157552719116,2.00474695349709,1.878117505099567,1.9767552549579364,16930668
2022-02-08,1.988752007484436,2.046068834339264,1.9700909988216442,2.014078206895883,17669964
2022-02-09,2.0660629272460938,2.0660629272460938,2.0007484481011844,2.006080409647793,19109916
2022-02-10,2.048734426498413,2.0940548611279044,2.0447355029290204,2.080725052336872,23093796
2022-02-11,2.0727274417877197,2.078059403558069,2.0007485320568703,2.0327391586039147,15654252
2022-02-14,2.0020813941955566,2.044735173755163,1.9794214665474994,2.019409933087158,17295780
2022-02-15,2.023408889770508,2.0607309033551426,2.0020816162668,2.0087460436307287,22601988
2022-02-16,2.1873607635498047,2.216685118785792,2.0927213642067635,2.0967200965845922,92566284
2022-02-17,2.1886932849884033,2.2859985719466525,2.150038235424243,2.187360819079975,80851980
2022-02-18,2.2673377990722656,2.2793341884218963,2.1993576238271237,2.211354203855925,39764100
2022-02-21,2.304659605026245,2.34198238289071,2.2673377805576265,2.2673377805576265,42777768
2022-02-22,2.420625686645508,2.443286380178462,2.2060220048618455,2.2406783247740103,99099984
2022-02-23,2.505934476852417,2.531260675215989,2.4379543010083324,2.4526163852944656,65383104
2022-02-24,2.296661853790283,2.4979366747630727,2.272668885598575,2.272668885598575,82993644
2022-02-25,2.499269723892212,2.5085998452651803,2.3686407788630457,2.415294245915102,55331520
2022-02-28,2.3953001499176025,2.4992698679503325,2.3953001499176025,2.4659460154721167,44501412
2022-03-01,2.4592819213867188,2.512599062907906,2.4166271785021727,2.432622492569795,41058936
2022-03-02,2.4832746982574463,2.5046012099753243,2.4312898362641064,2.476609507885964,36594720
2022-03-03,2.4379541873931885,2.5925755397662824,2.4272910272085437,2.509933283487413,55954080
2022-03-04,2.340649127960205,2.4486175834134922,2.329985776899747,2.441953155844977,34307100
2022-03-07,2.340649127960205,2.3659753256105653,2.2806666103352304,2.331319005635951,27796188
2022-03-08,2.3673086166381836,2.392634052238268,2.3246538765198004,2.3393167234955285,29650596
2022-03-09,2.359311103820801,2.4046305881294647,2.3459812941253113,2.399299388832167,19878084
2022-03-10,2.3246538639068604,2.3873026496336487,2.300660894491552,2.3873026496336487,20337084
2022-03-11,2.363309621810913,2.372639744099463,2.3166561501806693,2.3446478518004827,19914000
2022-03-14,2.4246246814727783,2.468611887703338,2.3713073526602457,2.3739730474896175,27982152
2022-03-15,2.393967390060425,2.451284217048765,2.389968466281097,2.4339556744577986,20881776
2022-03-16,2.3966329097747803,2.4152946813180383,2.3753063966629413,2.4086294905109003,12151548
2022-03-17,2.415294647216797,2.44062008377617,2.399299333580594,2.4059637615769094,13532028
2022-03-18,2.376638650894165,2.43528870186349,2.376638650894165,2.416626931984049,15375756
2022-03-21,2.4166269302368164,2.4392874328692793,2.379304915938239,2.379304915938239,19028808
2022-03-22,2.499269723892212,2.5232626903600797,2.423291901404391,2.4272908244886096,31745856
2022-03-23,2.632564067840576,2.7178727895560972,2.5125990235341416,2.5125990235341416,72931416
2022-03-24,2.676551103591919,2.73786665994916,2.5925756161280185,2.6365626309487897,49187964
2022-03-25,2.8591649532318115,2.90581766329391,2.693879671472726,2.693879671472726,75593976
2022-03-28,2.927145004272461,2.973797712353432,2.8271742072906316,2.888488998927055,53008440
2022-03-29,2.8658292293548584,3.059106393878917,2.8325053764695385,2.945805789834647,60433824
2022-03-30,2.89648699760437,2.9444729400675893,2.8445021312629573,2.8791592173017273,24262284
2022-03-31,2.905817747116089,2.925811984209944,2.8631637687194957,2.8991533192167647,17690412
2022-04-01,2.89115571975708,2.9884600681897675,2.871161482267359,2.9324764701694,28207524
2022-04-04,3.0204508304595947,3.0551079171044173,2.8671628771639335,2.893821543874942,45237000
2022-04-05,3.0591065883636475,3.064437787363752,2.999124068850797,3.021783809741937,34286988
2022-04-06,3.227057456970215,3.289705863572843,3.0417781227479903,3.059106665073555,59871108
2022-04-07,3.1644086837768555,3.283041260269537,3.1430821710295724,3.239054243240437,34991160
2022-04-08,3.1217546463012695,3.195066784892024,3.109758256674531,3.1937337467784,22001328
2022-04-11,3.132417917251587,3.1910679698382824,3.0071216810730323,3.1310854512097586,32182152
2022-04-12,3.217726469039917,3.2457181698005453,3.116422444652271,3.1310852907359954,32918100
2022-04-13,3.1724061965942383,3.268378264449493,3.1417487996261886,3.2537161803441244,40581984
2022-04-14,3.145747661590576,3.2057303733058236,3.137750004831046,3.184402907255386,20253180
2022-04-15,3.207063674926758,3.225724302418442,3.123087991026446,3.145747733007453,22086948
2022-04-18,3.189734935760498,3.2577149242974346,3.188401706920617,3.219060059183246,19519104
2022-04-19,3.2363877296447754,3.3310271434389573,3.1963992556854968,3.212394568997538,44048148
2022-04-20,3.255049467086792,3.2857068646009715,3.239054153939171,3.239054153939171,28692828
2022-04-21,3.2446587085723877,3.283450892370599,3.237731900954314,3.2598980420673995,25350948
2022-04-22,3.107501745223999,3.2432727948449656,3.085334812701891,3.2432727948449656,27743640
2022-04-25,3.2030961513519287,3.252971307737222,3.046543676235664,3.104731358685173,38893344
2022-04-26,3.0784080028533936,3.2751383771391316,3.0673250313539517,3.2155649775480626,37959324
2022-04-27,3.162919044494629,3.16984585184209,3.0548560141299315,3.0825642344509854,28118136
2022-04-28,3.1365957260131836,3.2169503372654744,3.129668918717885,3.169845827971549,20359440
2022-04-29,3.196169137954712,3.254356816660761,3.1559912375772616,3.1864708942243416,21270132
2022-05-05,3.205866813659668,3.264054496444461,3.1961693619945075,3.232190110294076,28348020
2022-05-06,3.380429983139038,3.380429983139038,3.1864710449446063,3.1989397347354087,47049396
2022-05-09,3.347179889678955,3.5674619263947456,3.319471668038456,3.4289202236334972,53363064
2022-05-10,3.3735029697418213,3.4878005477478,3.361034279978942,3.4635552346087275,11981568
2022-05-11,3.3430233001708984,3.463555017310073,3.323627605798001,3.420607266779916,30613992
2022-05-12,3.2418882846832275,3.3236278257408123,3.189241692551516,3.3236278257408123,31166316
2022-05-13,3.337482213973999,3.345794938043405,3.2668258430602983,3.2820651765667095,22667460
2022-05-16,3.2529709339141846,3.3333259378595073,3.244658408805223,3.325013214564314,20514216
2022-05-17,3.2502005100250244,3.28483553607527,3.208637686019798,3.2792942490052037,23760948
2022-05-18,3.319471597671509,3.3928986113764967,3.2266478977539657,3.2557418370484386,36872388
2022-05-20,3.239116668701172,3.319471477970249,3.223877335948419,3.319471477970249,20355348
2022-05-23,3.3596484661102295,3.3596484661102295,3.216950406098306,3.2682104855819922,35361600
2022-05-24,3.428920269012451,3.467019198138752,3.3596486239700676,3.3596486239700676,27391392
2022-05-25,3.405367136001587,3.4455450356045314,3.3541070583571413,3.4400029556525924,27962172
2022-05-26,3.4233782291412354,3.441388999759644,3.3735030722024018,3.4053674585228273,18993744
2022-05-27,3.7648847103118896,3.76488471031189,3.4774096110131323,3.4774096110131323,69845304
2022-05-30,3.851473331451416,3.9865519068971422,3.7544932824010404,3.882645249420054,75578652
2022-05-31,4.021188259124756,4.225537702519382,3.8514738443381233,3.8549373471989226,77276988
2022-06-01,4.277491092681885,4.353689742080404,3.990016387847471,4.031578819079163,62721948
2022-06-02,4.239391803741455,4.440277729747173,4.2012920859105565,4.32251705550649,67515924
2022-06-03,4.2255377769470215,4.3536897632888065,4.211683368887301,4.256709699615765,40982352
2022-06-06,4.197829246520996,4.280954495721199,4.159729529865666,4.242854779065868,36163752
2022-06-07,4.159729480743408,4.308662464867805,4.156266374653306,4.218610211724126,37963932
2022-06-08,4.204756259918213,4.488768249010567,4.138948516900413,4.204756259918213,107548212
2022-06-09,4.329444408416748,4.440278086337641,4.156266885758477,4.26710056367937,67209072
2022-06-10,4.242855072021484,4.353689538019429,4.1909017381375895,4.329444226076298,41257500
2022-06-13,4.173584461212158,4.284418140753268,4.156266946516674,4.225537798043616,26156796
2022-06-14,4.163193702697754,4.2636364710247845,4.083531950758915,4.201292232742771,25205952
2022-06-15,4.287881374359131,4.301736177990269,4.183974707222869,4.183974707222869,32377320
2022-06-16,4.246318817138672,4.350225481138161,4.204755992989889,4.319053561212808,34283352
2022-06-17,4.280954837799072,4.315589865601168,4.2290015033509585,4.291345346139701,20463480
2022-06-20,4.235928058624268,4.4472052928802945,4.232464555888141,4.315589810672613,37708032
2022-06-21,4.201292037963867,4.280954578954378,4.190901530251493,4.267100172298751,22351884
2022-06-22,4.180510997772217,4.23246432877122,4.152802580997578,4.194365404345765,15676020
2022-06-23,4.107776165008545,4.260173048485418,4.0800677488416,4.215146723574464,25633260
2022-06-24,4.097385406494141,4.1631935413292265,4.045432074792453,4.128557722613125,18665820
2022-06-27,3.95884370803833,3.95884370803833,3.95884370803833,3.95884370803833,185700
2022-06-28,3.948453187942505,4.135485101781078,3.879181550885493,4.059286855939813,23942400
2022-06-29,3.7752749919891357,3.962306910977239,3.764884483967981,3.948453296654839,22334736
2022-06-30,4.007333755493164,4.007333755493164,3.657514822074215,3.76834810008724,32120364
2022-07-01,3.9623069763183594,4.080068051029109,3.879181721660908,4.0073337009366385,28596624
2022-07-04,3.816838026046753,4.000406848796325,3.816838026046753,3.969234926651631,13437552
2022-07-05,3.858400344848633,3.9276719856005697,3.785665597706079,3.820301418082048,21367836
2022-07-06,3.9449894428253174,3.965770855478293,3.799520346999444,3.886109500324763,20654628
2022-07-07,3.9692347049713135,4.038505551119103,3.9276718801846613,3.9484532925779874,20305296
2022-07-08,4.0939226150512695,4.173583965942267,3.9692345421777238,3.9796250497619954,21193836
2022-07-13,4.035041809082031,4.156266785488772,3.9969428818555457,4.0939229422554355,15826800
2022-07-14,4.048895835876465,4.204755825673699,4.003869510902388,4.017723917191509,28426404
2022-07-18,4.15280294418335,4.1597299498897,4.086995200855543,4.100849608640737,13360404
2022-07-19,4.0939226150512695,4.194365377483267,4.076604309665902,4.149338655500719,19033752
2022-07-20,4.107776165008545,4.197829211202905,4.107776165008545,4.111240063855307,25941168
2022-07-21,4.000406265258789,4.128557438007783,3.996942366527994,4.121630433291067,21538332
2022-07-22,4.010797023773193,4.041969339697501,3.9934787181508336,4.007333521197706,15390996
2022-07-25,3.955380439758301,4.014260383634627,3.9345990266197526,4.003869875251596,17800008
2022-07-26,3.9969427585601807,4.086995017827396,3.976161345999292,3.9830883513954296,20001312
2022-07-27,3.9311351776123047,4.045432356773965,3.910353764208596,4.045432356773965,17769588
2022-07-28,4.021188259124756,4.05582328773275,3.951916616418789,3.9553805156520836,20065164
2022-07-29,4.073141574859619,4.11470400535842,3.9900163174895233,4.05928716711169,17314680
2022-08-01,4.177048206329346,4.2809548761565805,4.135485379849456,4.135485379849456,40509372
2022-08-02,4.121631145477295,4.263636748569636,4.118167246147964,4.177048381904007,30221328
2022-08-03,4.156266212463379,4.197829033136986,4.138947908081536,4.149338415063721,14817840
2022-08-04,4.294808387756348,4.384861440545691,4.194365619528086,4.194365619528086,49192776
2022-08-05,4.2186102867126465,4.377933384684319,4.1909014737747965,4.329443952974222,32051736
2022-08-08,4.2186102867126465,4.2774906223675515,4.1839744687265625,4.253245311953818,31748136
2022-08-09,4.132021427154541,4.305198943708895,4.1285579243881525,4.242855101168924,40042224
2022-08-10,4.2255377769470215,4.253245800321459,4.107776695743153,4.152803026471617,31122588
2022-08-11,4.260173320770264,4.336371172820137,4.19436558043495,4.277490834248655,38803896
2022-08-12,4.062750339508057,4.12163067580956,3.9588436771536566,4.0004065006444005,89854512
2022-08-15,3.951916217803955,4.080067792589841,3.9138172938055615,4.069677285055494,61029804
2022-08-16,3.9865527153015137,4.0350421551008635,3.872255131075666,3.962307400843055,40583316
2022-08-17,3.9969427585601807,4.038505583681958,3.9657708379050858,4.007333663026863,31815204
2022-08-18,3.9969427585601807,4.01772417112107,3.9034269965948964,4.0038697639563186,39428496
2022-08-19,3.9969427585601807,4.0627504989409156,3.9657708379050858,4.01772417112107,27804300
2022-08-22,4.052359580993652,4.111239913650654,3.9969423543119866,3.9969423543119866,42298632
2022-08-23,4.017724514007568,4.100849774972843,3.9761616853386754,4.080068360638397,40141704
2022-08-24,3.910353660583496,4.045432249569258,3.910353660583496,4.041969539567468,29053416
2022-08-25,3.893036127090454,3.9588438680621896,3.875718613444587,3.9380628516871488,21512004
2022-08-26,3.8722546100616455,3.9311349476168838,3.816837775142307,3.9311349476168838,33538032
2022-08-29,3.8376190662384033,3.8757187870836862,3.8029840373949577,3.872254887826844,19019052
2022-08-31,3.827228546142578,3.9068906977343163,3.823765439641085,3.8410829540110316,20596812
2022-09-01,3.744103193283081,3.858400370721758,3.740640086869242,3.830692348431156,24608580
2022-09-02,3.834155797958374,3.8445463050988544,3.7544932613524913,3.757957160105091,28465668
2022-09-05,3.8549370765686035,3.899963006970509,3.7960563429511667,3.8687910870391997,46768212
2022-09-06,3.9623069763183594,4.066213643733294,3.854937202545071,3.879181721660908,106629960
2022-09-07,3.910353660583496,4.007333719354978,3.882645638609475,3.986552306501981,37213500
2022-09-08,3.865328073501587,3.996942761618821,3.8653280735015874,3.938062819334119,46552800
2022-09-09,3.8964998722076416,3.9380626960601757,3.854937048355108,3.8895720742781124,34478184
2022-09-12,3.910353660583496,3.962306994529749,3.830692304663222,3.9484533799152204,47141520
2022-09-13,3.7787387371063232,3.993478668736623,3.775274838201235,3.944989236907337,64005408
2022-09-14,3.8306922912597656,3.8722547204478532,3.6609778826553394,3.775275058388181,37987356
2022-09-15,3.893036127090454,4.066213641784006,3.813374771574505,3.8341561843220258,45160200
2022-09-16,4.017724514007568,4.038505928342015,3.8826459153924318,3.8965003237395663,52589748
2022-09-19,3.910353660583496,4.194365642286993,3.910353660583496,4.114703889994237,60824772
2022-09-20,3.9865527153015137,4.0177246395912825,3.844547106260336,3.9415259858590352,31169364
2022-09-21,3.9623069763183594,4.024651214590808,3.91728144081752,3.9900161872824698,31766508
2022-09-22,4.132021427154541,4.1562667392642325,3.9761614244321324,3.9761614244321324,55245696
2022-09-23,4.07660436630249,4.211682948636965,4.059286853421444,4.142412104367854,46608276
2022-09-26,4.066213607788086,4.170120274284488,4.028114681713228,4.080068014961428,35939652
2022-09-27,3.983088493347168,4.1354853921007395,3.958843973596646,4.080068157839218,33392760
2022-09-28,3.9034266471862793,4.003869405556738,3.896499642410201,3.983087994856062,28034220
2022-09-29,3.8410823345184326,3.9657703997347435,3.7579570898317027,3.9103531735711576,28836720
2022-09-30,3.9865527153015137,4.0177246395912825,3.7960568737159415,3.844547106260336,34272600
2022-10-03,4.156266212463379,4.1909012357373285,4.052359557151794,4.055822663106755,45458064
2022-10-04,4.571893215179443,4.571893215179443,4.197829383395566,4.208219891244715,98226336
2022-10-05,4.907857894897461,4.973665635998354,4.70697196160377,4.713898967075712,122930424
2022-10-06,4.800488471984863,5.0186923312863305,4.7831701642937015,4.918248762736158,68837448
2022-10-07,4.855904579162598,5.1329895555399965,4.769316217696504,4.800488138808593,78807060
2022-10-10,4.672336101531982,4.897466948424185,4.655018588000261,4.883613333971285,56861184
2022-10-11,4.6134562492370605,4.710435119653331,4.592674836220725,4.6758000919135805,34033320
2022-10-12,4.447205543518066,4.682727310200628,4.447205543518066,4.606528660221487,41457252
2022-10-13,4.585747241973877,4.665409791182369,4.457596444517185,4.457596444517185,47035944
2022-10-14,4.616919040679932,4.682727180035846,4.544184688398903,4.606528532174782,38865408
2022-10-17,4.727753162384033,4.751997680448627,4.523402942773148,4.6273096056826875,66259152
2022-10-18,4.620382785797119,4.807414707259712,4.582283859509683,4.755461373721632,45565656
2022-10-19,4.554574966430664,4.696581350089255,4.554574966430664,4.634237113095664,32171352
2022-10-20,4.488768577575684,4.679263625781585,4.488768577575684,4.554575532665382,59201124
2022-10-21,4.835123062133789,4.835123062133789,4.492231144542785,4.530330466704271,83642820
2022-10-24,4.980592250823975,5.087962817624926,4.71736287160769,4.918248408759856,96898260
2022-10-25,4.855904579162598,5.167624583028448,4.8039512451849555,4.987520061853607,96663948
2022-10-26,4.939029693603516,4.994446925124367,4.883613254827606,4.918248281329755,43883268
2022-10-27,4.745070934295654,4.95634817060036,4.727753420447102,4.939029864006837,44544876
2022-10-28,4.710434913635254,4.783169657825019,4.703507908390267,4.745070732605123,13077768
2022-10-31,4.824732303619385,4.85936812415389,4.693117612529215,4.717362924726859,36455340
2022-11-01,4.945957183837891,4.987520009129629,4.817805601622923,4.838587014268792,53286324
2022-11-02,5.1433796882629395,5.243822449763464,4.970201392484754,5.015227717677287,83493216
2022-11-03,5.288849830627441,5.417000628070794,5.036009756805948,5.195333666088841,118671432
2022-11-04,5.229968070983887,5.354656143358575,5.205723553384251,5.28884919921568,53420052
2022-11-07,5.167624473571777,5.316557466852427,5.1468430611464004,5.2784585410496305,61303788
2022-11-08,5.316557884216309,5.378901730014124,5.1606978733492666,5.195333695568057,75833556
2022-11-09,5.320022106170654,5.54168908285345,5.240359551687273,5.320022106170654,67943136
2022-11-10,5.410073757171631,5.534761442034818,5.306167088870652,5.333875110953597,50744976
2022-11-11,5.593641757965088,5.6213505726753965,5.417000343328643,5.444709554411433,54981336
2022-11-14,5.6144232749938965,5.739111358014093,5.52783491200048,5.593641861761782,59575224
2022-11-15,5.545152187347412,5.718329698624433,5.423928008727993,5.673303767660991,65131740
2022-11-16,5.610960006713867,5.801455034000726,5.465490514657479,5.552078875153341,98432148
2022-11-17,5.337338924407959,5.635204517115404,5.323484517216403,5.6109599981820155,55755588
2022-11-18,5.458562850952148,5.49319866913557,5.271530938977014,5.271530938977014,28897116
2022-11-21,5.45163631439209,5.610960219709127,5.351193542870742,5.458563320075116,39277560
2022-11-22,5.815310001373291,5.815310001373291,5.4412461234429745,5.4862724557555635,62744784
2022-11-23,5.8464813232421875,6.092393581377847,5.794527990190889,5.929606973222246,64323924
2022-11-24,5.908825874328613,5.974633617993387,5.780673889869977,5.888044460730659,40822476
2022-11-25,6.009268283843994,6.009268283843994,5.811845461143181,5.908825517535173,32335200
2022-11-28,5.912289619445801,6.092393745900491,5.853408486685311,6.0508313161605605,34490232
2022-11-29,5.8603363037109375,5.939997660664638,5.763356243681358,5.9226801467062185,22421544
2022-11-30,5.915752410888672,6.057758801455672,5.811845740550247,5.836091053093203,44415504
2022-12-01,6.043904781341553,6.165128973595012,5.95731561959192,5.95731561959192,52943088
2022-12-02,6.3244524002075195,6.4006506505502,6.061221828604862,6.064685727760312,64827408
2022-12-05,6.24825382232666,6.622318072595035,6.24825382232666,6.407577726705638,54426192
2022-12-06,6.255181789398193,6.34523405429325,6.144347317898506,6.251717890111172,34277520
2022-12-07,6.005805015563965,6.303670596539462,5.950387785352921,6.275962575992631,31226688
2022-12-08,5.891508102416992,6.016196182181276,5.756429514494218,6.005805277650307,31138320
2022-12-09,6.123565673828125,6.130493472141724,5.856872392083606,5.856872392083606,22473912
2022-12-12,6.1824469566345215,6.265572214592083,6.151275034446998,6.151275034446998,32617500
2022-12-13,6.35908842086792,6.379869834592071,6.17898309950694,6.282889771755198,36679212
2022-12-14,6.047368049621582,6.386796069604352,6.047368049621582,6.372941662476241,28435068
2022-12-15,6.054294586181641,6.269034921304223,5.898434588810901,6.19630017659005,22642176
2022-12-16,5.9850239753723145,6.10278465549757,5.981560472588923,6.075076236857952,5301276
2022-12-19,6.050831317901611,6.147810981276831,5.946924648963158,6.130493467368746,29675832
2022-12-20,6.272499084472656,6.2967440003983866,6.064685745893534,6.116639080538315,32379660
2022-12-21,6.144347190856934,6.32445250966816,6.123565777426984,6.279425783592861,30066204
2022-12-22,6.272499084472656,6.303671005985027,6.147811002050686,6.158201510430647,31722732
2022-12-23,6.16859245300293,6.320988558705809,6.092393805592756,6.303671044633033,31113120
2022-12-26,6.251717567443848,6.386796156000927,6.165128413559901,6.1997642336624725,49071192
2022-12-27,6.137420654296875,6.4352858660429115,6.054294999591705,6.30367117096222,70157628
2022-12-28,6.040440559387207,6.147811130078562,5.919216373606556,6.140884124347667,30073884
2022-12-29,6.2690348625183105,6.2690348625183105,5.998877694824665,6.040440122576974,31672416
2022-12-30,6.369478702545166,6.37294180894119,6.17551898015635,6.255181525694459,32155860
2023-01-02,6.345233917236328,6.497630024046018,6.345233917236328,6.372941939954006,36132288
2023-01-03,6.095858097076416,6.445677056701326,6.095858097076416,6.352160889200179,58244100
2023-01-04,6.120102882385254,6.203228137220588,6.061221750345156,6.1235655923785375,29957112
2023-01-05,5.867263317108154,6.178983346303426,5.839555292865923,6.158201931749239,23677680
2023-01-06,5.7217936515808105,5.797991899954893,5.389292240164128,5.6421319005132435,57665160
2023-01-09,5.392756462097168,5.815309761587876,5.358120640343709,5.763356425330187,36199080
2023-01-10,5.247286796569824,5.458563241466985,5.1987965683694695,5.392756292053428,25396068
2023-01-11,4.994447231292725,5.351193575348632,4.987520225567657,5.247286903982639,25767012
2023-01-12,5.219577789306641,5.2368960953721295,4.866294968352916,5.032545474464979,35815068
2023-01-13,5.354656219482422,5.451635876749486,5.164161200256689,5.219577637644703,23213664
2023-01-16,5.5728607177734375,5.576324617123217,5.3269484390346165,5.354656859225293,19724856
2023-01-17,5.687158107757568,5.711403024160439,5.538225502851362,5.5763244307001605,19040232
2023-01-18,5.718329906463623,5.77721064295547,5.6490590579840765,5.704476291689195,17170416
2023-01-19,5.673304080963135,5.770283349939753,5.593641929874583,5.718330014413085,15982548
2023-01-20,5.649058818817139,5.697548252150907,5.614422999671272,5.697548252150907,14928456
2023-01-23,5.4966630935668945,5.6836950234234385,5.48280828932197,5.666376716303532,22848720
2023-01-24,5.403146743774414,5.513980417434561,5.2992400756249065,5.50358951279612,19901952
2023-01-25,5.2576775550842285,5.479344915274838,5.18147930092558,5.472417909362008,22935444
2023-01-26,5.354656219482422,5.4135369521788315,5.1676243064477,5.271530968841708,21692460
2023-01-27,5.455100059509277,5.455100059509277,5.202260395496186,5.320021470643544,27441960
2023-01-30,5.2576775550842285,5.507053731671171,5.2576775550842285,5.462027400492763,18116112
2023-01-31,5.361584186553955,5.41700062978763,5.126062023668946,5.257677513199247,26630700
2023-02-01,5.2161149978637695,5.42392834123386,5.202260589998598,5.361584100399335,31872924
2023-02-02,5.195333003997803,5.385828018981119,4.869758617440129,5.24382243517899,29345868
2023-02-03,5.385828018188477,5.437781348220809,5.167624190601663,5.202260008204853,21635916
2023-02-06,5.202260494232178,5.385828521365862,5.039473483954956,5.302703264822545,6314844
2023-02-07,4.790097236633301,5.229968427920756,4.713898987002388,5.229968427920756,11066112
2023-02-08,4.530330657958984,4.530330657958984,4.530330657958984,4.530330657958984,180
2023-02-15,5.268068790435791,5.268068790435791,4.9182490243297385,4.963275358329604,6186384
2023-02-16,5.12606143951416,5.7945277342851575,5.056790596086644,5.7945277342851575,22435704
2023-02-17,5.056791305541992,5.129526058080603,4.869759367851647,5.122599052040501,12891912
2023-02-20,5.43778133392334,5.43778133392334,5.081035822351562,5.153770167107626,18536436
2023-02-21,5.285385608673096,5.607496117757894,5.167624534456812,5.437781710052289,16745448
2023-02-22,5.344265460968018,5.600569414114801,5.216114673512041,5.285385519412964,22898868
2023-02-23,5.389292240142822,5.5174438216636155,5.326948002542923,5.344265516010276,16773756
2023-02-24,5.926143169403076,5.926143169403076,5.3338750838252995,5.389292316826786,62798172
2023-02-27,6.518411636352539,6.518411636352539,6.324452696803095,6.511484630461756,127527936
2023-02-28,6.345233917236328,6.89247529336031,6.151274983605138,6.7019802589413215,159443616
2023-03-01,6.213618755340576,6.559973791761154,6.199764347770059,6.386796273550865,73978668
2023-03-02,6.043904781341553,6.50109431869736,6.043904781341553,6.279426159747705,59324052
2023-03-03,6.043904781341553,6.217082312095784,5.867263351164422,6.040440881918654,46669524
2023-03-06,6.002341270446777,6.165128273565958,5.950387937845126,6.095857427678737,31804764
2023-03-07,6.016196250915527,6.123565629191572,5.950388113003322,6.033513764710863,36066972
2023-03-08,5.901898384094238,6.030049565287828,5.874189570656612,6.019658661155602,21280212
2023-03-09,5.832627296447754,5.93307086278533,5.815309781883086,5.915752555475661,22610640
2023-03-10,5.683695316314697,5.863799456957381,5.683695316314697,5.832627533103692,24407568
2023-03-13,5.590178489685059,5.770283005478372,5.565933574795099,5.746038486960883,32933520
2023-03-14,5.714866638183594,5.825700309709646,5.586714660469442,5.607496072973696,45488736
2023-03-15,5.8360915184021,5.8360915184021,5.5070539670114025,5.711403424780167,28265952
2023-03-16,5.825700283050537,6.04044022337023,5.721793617377234,5.8360907910688775,47966664
2023-03-17,5.922679901123047,5.939997414363397,5.735647983519971,5.891507980917946,24569508
2023-03-20,5.593641757965088,5.919216168900153,5.593641757965088,5.919216168900153,19111836
2023-03-21,5.365046977996826,5.628277545224202,5.365046977996826,5.593641725225282,23798952
2023-03-22,5.503589630126953,5.579788277858384,5.378901546414826,5.403146858963911,16460124
2023-03-23,5.37890100479126,5.524370487202905,5.35811998990884,5.472417157251954,23571792
2023-03-24,5.392756462097168,5.4897353360658565,5.361584143244555,5.403146970799706,17425992
2023-03-27,5.4412455558776855,5.524370809372406,5.389292222896927,5.437781656822824,24580404
2023-03-28,5.160697937011719,5.45856355425826,5.160697937011719,5.455100447640666,19668264
2023-03-29,5.184942722320557,5.240358764515097,4.987519901022751,5.1641613101251345,37350672
2023-03-30,5.036009788513184,5.236896526938592,5.011764871493954,5.181479290628563,24028164
2023-03-31,4.973665714263916,5.081036282631007,4.959811306729538,5.008301534913618,15472848
2023-04-03,4.928638935089111,5.029082893151702,4.8489775790325265,4.973665659991388,19141668
2023-04-04,5.042936325073242,5.049863726700088,4.939029660767705,4.945957062394551,16330104
2023-04-05,5.067181587219238,5.174552157885276,5.042936670794326,5.091426900016646,19413060
2023-04-06,5.039473056793213,5.129525311322234,5.004837238889973,5.091426387275617,13007364
2023-04-07,5.146842956542969,5.146842956542969,5.022154880897316,5.022154880897316,19021980
2023-04-10,5.212651252746582,5.2265056610214025,5.157234016019809,5.18840593917252,29535144
2023-04-11,5.1990532875061035,5.295663539343996,5.191897503371542,5.213366493722955,19780296
2023-04-12,5.252725601196289,5.295663582246978,5.199053329626395,5.199053329626395,16515972
2023-04-13,5.209787845611572,5.306397685332753,5.202631652184874,5.302820407593245,14033568
2023-04-14,5.309976577758789,5.374383551744527,5.188319233221473,5.202632030602842,19949172
2023-04-17,5.1990532875061035,5.381539091262717,5.1990532875061035,5.338601520046822,18013356
2023-04-18,5.016567707061768,5.234834880312459,5.009411513705854,5.1990530945590585,21349944
2023-04-19,5.066662311553955,5.088131301204121,5.020145826072831,5.048771009110745,13460664
2023-04-20,5.038036346435547,5.073818132610159,5.023724369042162,5.063083842449927,4015332
2023-04-24,5.066662311553955,5.138225064405283,5.030880525641373,5.059505299192369,17417172
2023-04-25,5.059505462646484,5.234835072719025,5.048771172218075,5.127490530487205,19798572
2023-04-26,4.887754440307617,5.066662559657435,4.866285449606162,5.059505546945386,17014212
2023-04-27,4.7983012199401855,4.948583336513344,4.7983012199401855,4.8877544610202905,14464848
2023-04-28,4.6981120109558105,4.877019294999648,4.6337054542179335,4.8126127382617705,15806376
2023-05-02,4.401126384735107,4.783988489495219,4.3939693718931245,4.698112525130344,21971352
2023-05-03,4.204327583312988,4.48342322614948,4.0397322655392145,4.401126181492984,40799052
2023-05-04,4.193593502044678,4.34387562126047,4.129186528534812,4.207906299320297,21166668
2023-05-05,4.168545722961426,4.222217992518645,4.100561476068893,4.204327508990851,13936068
2023-05-08,4.225796699523926,4.250843787140011,4.122030661670933,4.175702933778695,19834260
2023-05-09,4.079092502593994,4.243686999139802,4.079092502593994,4.225796515540758,22816332
2023-05-10,4.028997898101807,4.100561470055715,3.98963842491146,4.100561470055715,15286188
2023-05-11,4.365344524383545,4.404703999495479,4.03615469804032,4.03615469804032,26410740
2023-05-12,4.422595500946045,4.526361543429849,4.28304766913559,4.3689232264430276,34119492
2023-05-15,4.215062141418457,4.415438439611009,4.079092817617297,4.222218335410738,17379960
2023-05-16,4.229374885559082,4.250843465186633,4.147076616218928,4.154233628401928,24985992
2023-05-17,4.365344524383545,4.365344524383545,4.232952483086928,4.257999980185803,17947668
2023-05-18,4.211483478546143,4.408282062786657,4.211483478546143,4.393968857751381,16821708
2023-05-22,4.193593502044678,4.279469057237552,4.129186528534812,4.211483986780518,19610868
2023-05-23,4.250843524932861,4.275890201517039,4.154233686790291,4.200748943303764,12917220
2023-05-24,4.218640327453613,4.308093564536169,4.1685457448519685,4.2544212946970985,10526592
2023-05-25,4.275890350341797,4.279468856608145,4.1864371118824355,4.218640392384145,11046300
2023-05-26,4.283047199249268,4.3116719723910775,4.18643695194801,4.293781489177446,26049780
2023-05-29,4.515626907348633,4.519205004110554,4.283047341928321,4.3116721160236935,35251800
2023-05-30,4.615815162658691,4.676643625373186,4.50131361163712,4.569299086706705,34292400
2023-05-31,4.569299221038818,4.716002827615112,4.554986014881682,4.626549588745781,33894384
2023-06-01,4.683799743652344,4.733894329358217,4.5764551973223435,4.5800337037553644,22867236
2023-06-02,4.794722557067871,4.816191547159551,4.694534209631315,4.730315996279758,23270316
2023-06-05,5.030880928039551,5.030880928039551,4.866285600547632,4.866285600547632,31137864
2023-06-06,4.970052242279053,5.038036491403662,4.8913328837114705,5.030880707244524,30675324
2023-06-07,5.188318729400635,5.3028202783588165,5.10959978465157,5.145380750913044,40613364
2023-06-08,5.120334625244141,5.216944465275511,5.034459075387281,5.188318872502969,24947988
2023-06-09,5.131068706512451,5.202631457069435,5.063083643047721,5.156115382566562,23476200
2023-06-12,5.109600067138672,5.338601539767867,5.109600067138672,5.145381035378317,50916120
2023-06-13,4.898488521575928,5.109599913212526,4.894910834346674,5.109599913212526,30172200
2023-06-14,4.819769859313965,4.934270179722315,4.794722363976602,4.898488394514863,19094916
2023-06-15,4.837660312652588,4.88775407455823,4.8054566242667285,4.819769829645897,15018432
2023-06-16,4.812613010406494,4.934270347163759,4.812613010406494,4.85912908706253,21757332
2023-06-19,4.590767860412598,4.819770153137407,4.580033569888123,4.812613140480553,22090044
2023-06-20,4.580033302307129,4.605080797708081,4.487001561402772,4.59076759220447,16466844
2023-06-21,4.4655327796936035,4.644440076553614,4.451219983011598,4.5836120214876175,23345124
2023-06-22,4.81619119644165,4.81619119644165,4.440485330400617,4.4941575969779075,33947028
2023-06-23,4.919957637786865,4.934270434506278,4.794722611554931,4.837660592226237,27800256
2023-06-26,5.052350044250488,5.1060223192516965,4.902067510452323,4.937849300111102,22102404
2023-06-27,5.1811628341674805,5.195476040469184,5.009411729311861,5.052349710269232,14436480
2023-07-03,5.474571704864502,5.481727898550162,5.224100830997058,5.2276793373268235,36420120
2023-07-04,5.3815388679504395,5.538977987498733,5.320710815204931,5.49246191191539,32343768
2023-07-05,5.524665355682373,5.646322693252578,5.385117534268702,5.4030080181121685,46414968
2023-07-06,5.4888834953308105,5.617697024709021,5.485305808097077,5.5389780778807545,30426408
2023-07-07,5.524665355682373,5.542555839525839,5.420899320929489,5.488883569021587,25627752
2023-07-10,5.911105632781982,5.911105632781982,5.531821253286964,5.556868338814813,73580232
2023-07-11,5.918262004852295,6.043497854429587,5.771557983163843,6.00771606612552,47458368
2023-07-12,5.7608232498168945,5.91826155020995,5.699994787654561,5.907527260235508,30206508
2023-07-13,5.68568229675293,5.957622161726417,5.678526512539413,5.757245052731325,40048944
2023-07-14,5.954043388366699,6.004137151510233,5.689260547942323,5.703572525214438,45966576
2023-07-17,6.154419898986816,6.215249182929562,5.9719340945932435,6.011294388109641,43583628
2023-07-18,5.821651935577393,6.225983425268247,5.785870967621642,6.157998357691532,42144552
2023-07-19,5.907527446746826,5.918261737060169,5.674947880728976,5.7966052183815,32103492
2023-07-20,6.132950782775879,6.200935849483814,5.871746444141386,5.9611996818615,50726580
2023-07-21,6.082857131958008,6.272498720149778,6.004137364049074,6.129373209545312,47801076
2023-07-24,6.14010763168335,6.247452169267021,5.975512319166396,6.097169652855116,62919744
2023-07-25,5.828808784484863,6.1794676085703015,5.721464238142649,6.15442011097104,45053460
2023-07-26,5.875324249267578,5.903949842814483,5.760823513027692,5.828808581099457,26888484
2023-07-27,5.982668876647949,6.082857227021141,5.9611998859269875,6.011294470600523,30769584
2023-07-28,5.982668876647949,6.079278720661866,5.925418917203618,6.018450664345197,33618360
2023-07-31,6.200936317443848,6.225983815556887,5.950465431183014,6.004137705455056,66457716
2023-08-01,6.2295613288879395,6.480032208144669,6.2224051350483025,6.23671793221452,81398592
2023-08-02,6.2760772705078125,6.387000320030065,6.190201717850173,6.22956119259399,36396396
2023-08-03,6.211670875549316,6.3870004919113805,6.11863912670502,6.3333282188701086,37353336
2023-08-04,6.347640037536621,6.361952834415003,6.140107963439026,6.21524922570493,34980996
2023-08-07,6.462141990661621,6.583798519425016,6.390578411359358,6.419204006875048,48541284
2023-08-08,6.268921375274658,6.508656725819766,6.208092092098253,6.469297251773096,33687144
2023-08-09,5.839543342590332,5.989825458117173,5.803761555023088,5.975512661192888,77174616
2023-08-10,5.556868553161621,5.8610116878049,5.549712769217948,5.839543107513118,70498344
2023-08-11,5.621275424957275,5.642744414363447,5.474571414741113,5.556868456738761,62256828
2023-08-14,5.517509937286377,5.703573029023766,5.510352924300829,5.632010269933466,59912952
2023-08-15,5.5282440185546875,5.535400212294811,5.399430483797773,5.5175097279445025,36030228
2023-08-16,5.564024448394775,5.6749474880587885,5.538977772730045,5.653478499430692,37559244
2023-08-17,5.646322727203369,5.778713946388782,5.51035259225389,5.564024863080868,60768924
2023-08-18,5.467414379119873,5.674947669502272,5.399430133512209,5.6570571863126,33729972
2023-08-21,5.549713134765625,5.592650707664313,5.370805011321124,5.449524372703491,46384452
2023-08-22,5.578337669372559,5.721463998149893,5.528243904736114,5.553290582310871,43396500
2023-08-23,5.4137420654296875,5.603384871040909,5.4137420654296875,5.5962278588509005,47142624
2023-08-24,5.2563042640686035,5.488883841473646,5.238413779337106,5.431633880845907,47061396
2023-08-25,5.360069751739502,5.3922734399122385,5.152537693313884,5.2563037225266935,48450132
2023-08-28,5.5031962394714355,5.610540778020021,5.453102476370757,5.51035243284483,48561828
2023-08-29,5.510352611541748,5.546134398542933,5.41016508209138,5.535400108134736,26245164
2023-08-31,5.74293327331543,5.832386516636808,5.581916452568268,5.596228430976914,82846404
2023-09-01,5.778714179992676,5.796605483640829,5.6606353431947705,5.7894484707972325,42342504
2023-09-04,5.782292366027832,5.939730669872678,5.77513617255464,5.86458940994339,54644568
2023-09-05,5.7286200523376465,5.793026612079273,5.628431297042044,5.782292321951308,34340844
2023-09-06,5.746510982513428,5.821652247710054,5.6821040082790555,5.785871277835878,40911996
2023-09-07,6.000560283660889,6.011294574463366,5.739354703110861,5.76797988807108,65104392
2023-09-08,6.397734642028809,6.548017167034204,6.032763439066605,6.032763439066605,151160268
2023-09-11,6.576642036437988,6.862893884152855,6.440672715888635,6.454984694043963,123001452
2023-09-12,6.630313873291016,6.730502627636698,6.422780990222692,6.576641604186237,90281940
2023-09-13,6.5337042808532715,6.72692437501566,6.326170980475993,6.65536161983666,66342540
2023-09-14,6.490766525268555,6.569486295772083,6.14368579930611,6.540860291836429,56452392
2023-09-15,6.490766525268555,6.701877110803946,6.336905900169741,6.51581402278291,48710988
2023-09-18,6.000560283660889,6.583798273667759,5.9898255833714655,6.476453727695199,45081708
2023-09-19,6.0613884925842285,6.172311547751354,6.011294724766536,6.082857484212929,32717208
2023-09-20,5.964777946472168,6.218826081315769,5.957621753262355,6.082856772381703,30866964
2023-09-21,6.415625095367432,6.451406882760025,5.896792863557258,5.964778341500572,39003204
2023-09-22,6.361952781677246,6.487187808262006,6.272498723274493,6.39773456883312,37832592
2023-09-25,6.995285987854004,6.995285987854004,6.383421992603905,6.440672772133781,78658536
2023-09-26,6.673252105712891,7.213552913948054,6.644627331223008,7.059692294143346,90410124
2023-09-27,7.013176441192627,7.220709338785147,6.576642064452729,6.676830825810124,85609260
2023-09-28,6.8092217445373535,7.116943817674695,6.78059696869363,7.020333561254325,50396352
2023-09-29,7.349522590637207,7.48549189891908,6.787752417649559,6.812799503250669,118278876
2023-10-02,7.220708847045898,7.564211861347873,7.109786211951988,7.370991364617147,114467112
2023-10-03,7.141989231109619,7.413929498469088,7.077582670513472,7.406773304955499,49182012
2023-10-04,6.887940883636475,7.263646764907079,6.887940883636475,7.156302227401192,38456760
2023-10-05,7.227865695953369,7.270803679007177,6.798487503363114,6.9416138405511685,50192928
2023-10-06,7.385304927825928,7.46402305864351,7.0847398781337345,7.088317156015205,37839480
2023-10-09,7.120521068572998,7.521274480650649,7.084740098904565,7.156302857215331,56888952
2023-10-10,7.199240684509277,7.385304998667466,7.145568412190397,7.242178666159158,32997996
2023-10-11,6.920145034790039,7.263647250167607,6.887941343797319,7.199240687156048,29327700
2023-10-12,6.737658500671387,7.048957829393823,6.519391324688176,6.97739507596495,35228280
2023-10-13,6.490766525268555,6.726924608318302,6.444250446148086,6.726924608318302,22745556
2023-10-16,6.583797931671143,6.769862238477844,6.304702290434941,6.57306364142626,50773908
2023-10-17,6.648204803466797,6.673252300851745,6.501501191968525,6.576642046175594,19405056
2023-10-18,6.558751583099365,6.598111058789874,6.347640178988653,6.544438785902034,17334636
2023-10-19,6.326170921325684,6.590954996652108,6.297546147111274,6.55517320991024,24391884
2023-10-20,6.011294364929199,6.3082804949819025,5.993403061908143,6.3082804949819025,25884024
2023-10-23,6.3655314445495605,6.390578122893017,6.082857284602754,6.082857284602754,28339656
2023-10-24,6.655361652374268,6.762706195154498,6.379843282794325,6.440672566813807,29859588
2023-10-25,6.29754638671875,6.683986586133452,6.082857296046816,6.633892819865352,25371804
2023-10-26,6.4263596534729,6.490766214178242,6.064966557093944,6.297546122575289,23961156
2023-10-27,6.465719223022461,6.530125784680806,6.168732682954433,6.426359748561679,16967904
2023-10-30,6.548017501831055,6.719768616772823,6.426360154965416,6.454984931302086,33703908
2023-10-31,6.340484142303467,6.440672490237001,6.22956109452738,6.404890703411065,35349360
2023-11-01,6.60526704788208,6.651783125472732,6.172311190760315,6.358374682149054,29861232
2023-11-02,6.422780990600586,6.6195795836543,6.3691087214926485,6.605266787464956,14290656
2023-11-03,6.429938316345215,6.501501072319427,6.251030197948876,6.440672606895266,11936016
2023-11-06,6.283233165740967,6.544438317635262,6.265342682383081,6.505078844760996,20526144
2023-11-07,6.268921375274658,6.358374613702474,6.190201608207461,6.304702343056242,13816524
2023-11-08,6.265343189239502,6.340484453882181,6.251030391908395,6.3225939690769835,11101500
2023-11-09,6.254608154296875,6.3154366183546005,6.168732603364747,6.2653428540927205,9711672
2023-11-10,6.197357654571533,6.304702193314477,6.154419675279588,6.233139440477127,12030720
2023-11-13,6.000560283660889,6.258186948302866,5.982668980016201,6.20093616889548,10600848
2023-11-14,6.025606155395508,6.064966447536751,5.878902143333647,6.011294178089523,9989916
2023-11-15,6.025606155395508,6.1651539740609165,5.95404340245715,6.025606155395508,8976624
2023-11-16,6.086435794830322,6.1222167639149445,6.011294531291786,6.0434978129548895,9394116
2023-11-17,6.304702281951904,6.304702281951904,6.064966524243355,6.093591298191194,14115108
2023-11-20,6.415625095367432,6.4585630764437685,6.333328049030501,6.387000320632454,19779312
2023-11-21,6.440672874450684,6.5337046248766155,6.326171313571953,6.447829068447997,15443412
2023-11-22,6.286811828613281,6.469297220334099,6.247452354757887,6.44067244624794,10216128
2023-11-23,6.286811828613281,6.35121838928099,6.193780084372487,6.326170892981748,12867876
2023-11-24,6.304702281951904,6.369108842308391,6.197357741699809,6.254608108569337,9887172
2023-11-27,6.5086565017700195,6.544438287293731,6.311858728824178,6.311858728824178,24791316
2023-11-28,6.379843235015869,6.590955041141437,6.347639954320356,6.540860047980364,14727072
2023-11-29,6.3082804679870605,6.465719183850217,6.261764390689553,6.390577922712766,11282316
2023-11-30,6.175889015197754,6.351218629515799,6.118639055373031,6.30828064778858,9772176
2023-12-01,6.2617645263671875,6.44067264584548,6.122216700937924,6.222405051292037,16798428
2023-12-04,6.254608154296875,6.454984439805175,6.125795032642146,6.261764347836154,15148092
2023-12-05,6.197357654571533,6.3476397631195045,6.165153965359115,6.2617642140225325,8034504
2023-12-06,6.025606155395508,6.261764222860694,6.0220284681842005,6.200935760017014,9571704
2023-12-07,6.161576747894287,6.161576747894287,5.928996365694262,6.0256062058155155,6958848
2023-12-08,5.939730644226074,6.222404789552791,5.939730644226074,6.161576735806378,17471172
2023-12-11,5.74293327331543,5.971934346053624,5.725041969472033,5.943309570262431,10700616
2023-12-12,5.746510982513428,5.796605568798131,5.689261021227795,5.72504199110197,9592140
2023-12-13,5.692838668823242,5.7465109422321845,5.617697404153334,5.7465109422321845,10712064
2023-12-14,5.810917377471924,5.857433865410045,5.5640250071714785,5.739354620840657,8915520
2023-12-15,6.14010763168335,6.14010763168335,5.789448017235325,5.810917006649442,15015708
2023-12-18,5.821651935577393,6.122216570761922,5.818074248268748,6.115060377170772,7044480
2023-12-19,5.925418853759766,5.950465122111013,5.725041745671892,5.818074310791244,9978276
2023-12-20,5.889636993408203,6.054232312140798,5.889636993408203,5.9039497900537485,12231828
2023-12-21,6.107904434204102,6.154419691336746,5.86101166686164,5.896792633886752,13312296
2023-12-22,5.868167877197266,6.150842021867317,5.868167877197266,6.104325945626628,6996588
2023-12-25,5.939730644226074,5.939730644226074,5.653478811665131,5.868167890829299,6042432
2023-12-26,6.11863899230957,6.11863899230957,5.782292564211515,5.932574679733973,10343244
2023-12-27,6.2939677238464355,6.297546230157354,5.954043611724587,6.0470753576090175,18291516
2023-12-28,6.802065372467041,6.802065372467041,6.23313940249373,6.293967455393963,19697976
2023-12-29,7.370991230010986,7.370991230010986,6.648204247784922,6.751971506593435,37239960
2024-01-02,6.984551429748535,7.213552901156983,6.984551429748535,7.213552901156983,24274224
2024-01-03,6.612423896789551,6.970238505600478,6.612423896789551,6.963082311701126,16582548
2024-01-04,6.619579792022705,6.759127614198587,6.440672495689289,6.612423598446232,13029456
2024-01-05,6.454984188079834,6.666095574638185,6.444249898189521,6.619579499473008,10570128
2024-01-08,6.462141990661621,6.558751839950969,6.462141990661621,6.476453969445544,10474788
2024-01-09,6.304702281951904,6.50865666273873,6.304702281951904,6.465719092330046,8333160
2024-01-10,6.340484142303467,6.404890703411065,6.286811871551492,6.304702355477531,8968332
2024-01-11,6.265343189239502,6.4048910181547924,6.265343189239502,6.354797251213289,8163348
2024-01-12,6.397734642028809,6.472875904531506,6.225983535868588,6.265343010806037,14331012
2024-01-15,6.444250106811523,6.512235173445143,6.340484072718512,6.433515407086782,16661484
2024-01-16,6.401312351226807,6.494344917316269,6.369109069897832,6.454984623270743,7733436
2024-01-17,6.286811828613281,6.401312153418694,6.283233322365585,6.401312153418694,10573884
2024-01-18,6.29754638671875,6.45140701089682,6.29754638671875,6.340484368647914,9753420
2024-01-19,6.24029541015625,6.3619527487806735,6.24029541015625,6.333327974383081,7631460
2024-01-22,6.247452259063721,6.297546022434123,6.225983269341023,6.240295246677955,6323328
2024-01-23,6.254608154296875,6.576641777407552,6.233139573679039,6.3011246407629695,10107792
2024-01-24,6.2939677238464355,6.333328017371079,6.200935977962005,6.26176444294363,9066468
2024-01-25,6.465719223022461,6.50150101015437,6.319015206139815,6.319015206139815,10880748
2024-01-26,6.669673919677734,6.669673919677734,6.437094339884029,6.465719525235361,12486084
2024-01-29,6.6088457107543945,6.77344062514246,6.587376719858789,6.687565071046984,15415248
2024-01-30,6.573063373565674,6.680407909587777,6.5694856864501,6.619579448371761,9755184
2024-01-31,6.666096210479736,6.75197217574111,6.5480173724757735,6.573064051275566,16837236
2024-02-01,6.780596733093262,6.794909530004758,6.673252189461316,6.691142673742015,14417220
2024-02-02,6.712611675262451,6.880785094182584,6.662517909708238,6.812800025344754,13176744
2024-02-05,6.726924419403076,6.830690456046015,6.655361663751872,6.69114263209054,13708728
2024-02-06,6.938035488128662,7.002442050851365,6.637470436790879,6.74839348734855,24555780
2024-02-07,7.045380115509033,7.113364775909363,6.884363297314217,6.96308224846609,24982224
2024-02-08,6.980972766876221,7.177771374170265,6.963082282203632,7.048958246579842,19893312
2024-02-09,7.041801929473877,7.141989460860907,6.984551560549626,6.99528585116532,13303344
2024-02-12,7.020333290100098,7.199240589134937,6.977395309019053,7.095474142761524,16004388
2024-02-13,6.94161319732666,7.1240985846784755,6.94161319732666,7.070426315578079,14815728
2024-02-14,7.084739685058594,7.084739685058594,6.8306903108962365,6.941613357823702,12376812
2024-02-15,7.081161975860596,7.292272153048616,7.0489582843036995,7.163459024768825,25658100
2024-02-16,7.106208324432373,7.370991581573239,6.755549106444901,6.841425067291507,89513952
2024-02-19,7.091896057128906,7.413929687284955,7.059692366523753,7.145568328821581,46547424
2024-02-20,7.249334335327148,7.356678884323683,7.070427026657562,7.149146799374442,21998172
2024-02-21,7.664400100708008,7.9291825274302825,7.263646726044152,7.285115305840935,76297740
2024-02-22,7.64293098449707,7.979276994257667,7.5785244237517855,7.871932453357575,54690960
2024-02-23,7.728806972503662,7.836151513788435,7.6071492251334245,7.836151513788435,22526304
2024-02-26,8.072308540344238,8.193965459145264,7.671556000010473,7.828993883768394,50367696
2024-02-27,8.158185005187988,8.322779092246874,7.943495926104093,8.022214872913729,44407260
2024-02-28,7.836151123046875,8.387186189105556,7.7431189735126615,8.172497117241258,48418812
2024-02-29,7.614305019378662,7.979276604401766,7.535586075419152,7.836151102843782,35892456
2024-03-01,7.657242774963379,7.850463261118819,7.585680026263558,7.693024558800183,30873264
2024-03-04,7.442553997039795,7.800369392291758,7.442553997039795,7.750275220577007,32333052
2024-03-05,7.757431983947754,7.972121073082453,7.413929768921786,7.499804913191338,42267300
2024-03-06,7.3566789627075195,7.821838952973323,7.3566789627075195,7.764588580830108,21152712
2024-03-07,7.6357741355896,7.6357741355896,7.392459481578584,7.392459481578584,18443448
2024-03-08,7.6357741355896,7.778900450829832,7.521273410986928,7.6357741355896,16312056
2024-03-11,7.485491752624512,7.871931909364995,7.478335559588884,7.778900580928036,18790308
2024-03-12,7.449711322784424,7.599993844253338,7.335209769064878,7.49980467763354,17664384
2024-03-13,7.227865695953369,7.506961357342254,7.227865695953369,7.485492775302305,21402012
2024-03-14,7.242178440093994,7.41392954235841,7.081161628163506,7.27796022684761,26057796
2024-03-15,7.227865695953369,7.335210244100933,7.152724839839638,7.26364748499386,20446080
2024-03-18,7.013176441192627,7.320897690655597,7.013176441192627,7.235022545462275,12708720
2024-03-19,7.1563029289245605,7.177771510940745,6.988129912876058,7.03822408988773,12583704
2024-03-20,7.370991230010986,7.592836496147554,7.134833577407237,7.156302157108008,32946960
2024-03-21,7.177771091461182,7.471179942378569,7.163458704286829,7.406773381120122,26107452
2024-03-22,7.016754627227783,7.299429201799915,6.966661269630287,7.192084654714622,45202368
2024-03-25,6.948770046234131,7.356678838495563,6.941613852208796,7.023910902474052,51275400
2024-03-26,6.848581790924072,7.031067596705418,6.726924450574197,6.959504021748734,54393060
2024-03-27,6.862894058227539,6.948770024207153,6.809221784233757,6.855738273711842,10340232
2024-03-28,7.116943359375,7.124098733901254,6.916565846502851,6.916565846502851,13301652
2024-03-29,7.277959823608398,7.499804268473071,6.9237225293984865,7.120520298205051,20641188
2024-04-01,7.227865695953369,7.363835839128107,7.120521147805805,7.306585468047667,19333368
2024-04-02,7.106208324432373,7.335209794724844,6.998863782861045,7.2493338338782385,18152148
2024-04-03,6.797242641448975,7.158958557539955,6.797242641448975,7.158958557539955,13419024
2024-04-04,6.782172203063965,6.921583118119088,6.72942148612583,6.816082977839506,19092624
2024-04-05,7.1966376304626465,7.2041732619872,6.801010938639348,6.801010938639348,26116956
2024-04-08,7.494300365447998,7.746746612600339,7.302138309022446,7.3134417564833,18104916
2024-04-09,7.494300365447998,7.494300365447998,7.494300365447998,7.494300365447998,0
2024-04-15,7.588496685028076,7.837175980779025,7.388798995338921,7.464156174754834,16001184
2024-04-16,7.633710861206055,7.7693548258902965,7.426478391734999,7.580961436626296,17209776
2024-04-17,7.837175369262695,7.935140298537847,7.671388897565401,7.671388897565401,17260140
2024-04-18,7.904996871948242,7.9878905385790535,7.776890281259448,7.837175329867023,15834180
2024-04-19,7.844712257385254,8.018033506517218,7.791961112139533,7.867319151863925,17584140
2024-04-22,7.505603790283203,7.9200695660494125,7.505603790283203,7.844712387473127,19140576
2024-04-24,7.588496685028076,7.93514091769815,7.456621405450788,7.535746400717607,18646560
2024-04-25,7.7542829513549805,7.874854779985089,7.596032102878809,7.618639859745544,17623620
2024-04-26,8.522929191589355,8.522929191589355,7.761818359468759,7.784425253287151,73361532
2024-04-29,8.779144287109375,9.374467794023527,8.666108090870209,9.374467794023527,206238672
2024-04-30,8.771608352661133,8.892180176164677,8.63596526681907,8.77914398383039,54874680
2024-05-02,9.012752532958984,9.525183244368783,8.741465482824912,8.794216628926456,96581136
2024-05-03,9.042895317077637,9.163467139652312,8.937394756725372,9.042895317077637,44634672
2024-05-06,9.186074256896973,9.299110451115707,8.95246623716462,9.07303806267824,39489492
2024-05-07,8.854501724243164,9.216217217888655,8.733929893028,9.186074691283746,41458128
2024-05-08,8.74146556854248,8.960002337115707,8.74146556854248,8.899716421205621,21675300
2024-05-09,8.779144287109375,8.907252608605438,8.73392963613416,8.786679918538955,19819704
2024-05-10,8.967537879943848,8.967537879943848,8.718858587078667,8.786680134005739,25100580
2024-05-13,8.960001945495605,9.216216861315496,8.914787294939822,9.027823490130416,34045560
2024-05-14,9.201146125793457,9.231288650134058,8.83942979692235,8.997680636903603,34973496
2024-05-15,9.012752532958984,9.201146772928684,8.809287029758991,9.201146772928684,50999016
2024-05-16,9.26896858215332,9.34432576283498,9.035359683484385,9.06550307319572,38329584
2024-05-17,9.59300422668457,9.645754507283616,9.148395088377342,9.268967774316382,40830180
2024-05-20,9.419682502746582,9.653291390484384,9.39707560831925,9.60807673923198,24940512
2024-05-21,9.276503562927246,9.510111582803045,9.261431437930497,9.464896932608244,24852840
2024-05-22,9.17853832244873,9.351860423699705,9.14085930482106,9.276503250842058,18921192
2024-05-23,9.216217041015625,9.38200438375197,9.208682271906763,9.238824797933193,20659680
2024-05-24,9.193610191345215,9.397075692607167,9.06550273031245,9.268968231574402,20419728
2024-05-27,8.862037658691406,9.404610864898405,8.862037658691406,9.208681867145305,27857076
2024-05-28,9.005216598510742,9.133324918853404,8.85450138408288,8.944930685219143,18036828
2024-05-29,9.148395538330078,9.329253282537344,9.020288939714066,9.042895834340818,21416196
2024-05-30,9.140859603881836,9.238824535480274,9.012752147113247,9.208682010310122,13171152
2024-05-31,8.929859161376953,9.299110261690979,8.929859161376953,9.163467176350665,14504688
2024-06-03,8.944931030273438,9.0202890715932,8.824359199039133,8.967537925230708,13865964
2024-06-04,9.336790084838867,9.495040939645854,8.95246682670698,8.95246682670698,40650900
2024-06-05,9.095645904541016,9.397075471161198,8.960001952763635,9.359397314332256,26054172
2024-06-06,9.374467849731445,9.487504046642332,9.155931949781776,9.155931949781776,28484340
2024-06-07,9.15593147277832,9.397075116985771,8.997680632868045,9.351860468097449,17677416
2024-06-10,8.944931030273438,9.155932166132352,8.899716377961132,9.088110618862776,15694128
2024-06-11,8.914787292480469,9.005216593567088,8.869573504334888,8.944930680308586,10208460
2024-06-12,9.080574035644531,9.148395582248124,8.862038132676902,8.922323185304313,16925040
2024-06-13,9.193610191345215,9.291575126204508,9.103180888029291,9.193610191345215,19363836
2024-06-14,9.2086820602417,9.351860780371712,9.193609935177177,9.268967973306609,16466316
2024-06-20,9.2086820602417,9.351860780371712,9.095645865445277,9.2991104986402,16757604
2024-06-21,9.525182723999023,9.53271835520249,9.216216670270567,9.306645969507606,32770164
2024-06-24,9.992400169372559,10.022542695843054,9.555325773970544,9.623148183324677,53912724
2024-06-25,10.030077934265137,10.06022132195172,9.79646991368558,9.992399777654063,19953756
2024-06-26,10.045149803161621,10.444545186525398,9.886899811048846,10.0300785396076,41335128
2024-06-27,9.675898551940918,10.045149678830803,9.638219531124449,10.045149678830803,24281028
2024-06-28,9.706040382385254,9.92457799752514,9.570397297013136,9.72111250706926,30341556
2024-07-01,9.683433532714844,9.984863091791533,9.562861709084169,9.75879070688459,26882388
2024-07-02,10.278757095336914,10.346578638828584,9.721112622540517,9.758790778703824,34007820
2024-07-03,10.30136489868164,10.399329829951006,10.067756879806785,10.34657868628499,21420588
2024-07-04,10.286293983459473,10.527437641743665,10.14311439735464,10.369186792595508,16928400
2024-07-05,10.075292587280273,10.323971870570508,10.075292587280273,10.203400044587502,13666752
2024-07-08,9.954721450805664,10.210936383166711,9.909506797330836,10.097900180678534,12494736
2024-07-09,10.278757095336914,10.346578638828584,9.947185009111227,9.954720640343888,21386700
2024-07-10,10.550044059753418,10.625402096361547,10.02254211548506,10.308900412361908,25015572
2024-07-11,10.474687576293945,10.768581523732834,10.459615450539767,10.550044755473778,18247116
2024-07-12,10.791189193725586,10.791189193725586,10.414401576083954,10.474687491418884,23798556
2024-07-16,10.889153480529785,10.919296869986818,10.685687973288692,10.79118940518942,17120268
2024-07-17,11.175511360168457,11.213190379908793,10.730902204343916,10.889153052376036,18080520
2024-07-18,11.167976379394531,11.40911916900919,10.987117777987518,11.198118904697216,21584244
2024-07-19,11.130297660827637,11.258405121617724,11.0021893376398,11.145368923885824,16419852
2024-07-22,10.994653701782227,11.220726097157025,10.572651437137138,11.03233272181061,31368804
2024-07-23,11.190583229064941,11.45433377401008,11.017261122067556,11.15290421018804,31441272
2024-07-24,10.643488883972168,11.258405218494493,10.607316472484863,10.987118169124,23221725
2024-07-25,9.721113204956055,10.670617457919688,9.630683899950846,10.625402805417083,72951536
2024-07-26,9.495040893554688,9.811542601632286,9.404611587704581,9.730156398846745,50211253
2024-07-29,9.630683898925781,10.019528703049922,9.458869254311491,9.495040803830172,42747641
2024-07-30,9.558340072631836,9.730155566571126,9.495040081389835,9.675897815222482,15400675
2024-07-31,9.160453796386719,9.522169293200522,9.15141069336693,9.495040846538929,21305242
2024-08-01,9.332267761230469,9.39556861535508,9.205667777776661,9.205667777776661,14883634
2024-08-02,9.187582015991211,9.37748286272479,9.097153575221446,9.268968216362424,15192669
2024-08-05,8.880123138427734,9.268967922357312,8.645008509965818,8.645008509965818,21526372
2024-08-06,9.042895317077637,9.2418392555247,9.033852214785112,9.088109966142566,12752329
2024-08-07,8.9976806640625,9.241839251467301,8.907252228370044,9.196624602422224,13825818
2024-08-08,9.13332462310791,9.205667716715293,8.997680675795792,9.00672377809614,15086719
2024-08-09,9.070024490356445,9.33226844112774,9.060982249735055,9.187582242412235,14421487
2024-08-12,8.852994918823242,9.151410410055664,8.825866473001497,9.088110415672345,9601855
2024-08-13,8.871081352233887,8.952466691790212,8.7263942918723,8.843952043317346,8255848
2024-08-14,9.070024490356445,9.16045379575252,8.889166741962065,8.889166741962065,12303465
2024-08-15,9.17853832244873,9.187581424663003,8.943423701661517,9.079066785284821,9806918
2024-08-16,8.663093566894531,9.051938338000742,8.663093566894531,9.024809031367035,34254138
2024-08-19,8.635965347290039,8.726393784561468,8.437021405456552,8.68117999712461,15867216
2024-08-20,8.536493301391602,8.663094153731754,8.527451060965538,8.663094153731754,10421250
2024-08-21,8.500321388244629,8.663093782507287,8.482236045769731,8.536492935592142,8782211
2024-08-22,8.3737211227417,8.608836603809932,8.35563491847598,8.518407307276709,13844935
2024-08-23,8.048176765441895,8.382764662649468,8.048176765441895,8.373721560044348,16989208
2024-08-26,7.70454740524292,8.16573442183461,7.70454740524292,8.075305983976389,20993054
2024-08-27,7.695504188537598,7.776890385080642,7.56890334253756,7.72263263325271,17190134
2024-08-28,7.5869903564453125,7.894448108268814,7.559861046439103,7.785933455437378,15652686
2024-08-29,8.075305938720703,8.238077470912385,7.605074959861424,7.6412465072815445,32099198
2024-09-02,8.102434158325195,8.4551073826604,8.084347953919327,8.229035001973198,19316665
2024-09-03,8.048176765441895,8.310420704206242,8.048176765441895,8.129562964092509,11949830
2024-09-04,8.156692504882812,8.283292495379564,7.930620107684035,7.975833897205587,14702836
2024-09-05,8.111477851867676,8.283292494260523,8.03913475376566,8.274249391398332,12012306
2024-09-06,8.048176765441895,8.138606066697628,8.030091422629386,8.11147762128,7034578
2024-09-09,8.084348678588867,8.147649537285913,7.9487055829767685,7.98487713263318,10324803
2024-09-10,7.948705196380615,8.219992236808165,7.948705196380615,8.093391387969248,10009769
2024-09-11,7.695504188537598,8.002962769967898,7.695504188537598,7.948705018139964,9741915
2024-09-12,7.9034905433654785,7.9034905433654785,7.641246605596071,7.7407190090795295,9701362
2024-09-13,8.048176765441895,8.057219868047014,7.7768905864701585,7.957748326583893,10003830
2024-09-16,7.993919849395752,8.138606041030434,7.92157675357841,8.057219842636494,10305450
2024-09-17,7.98487663269043,8.129562822257096,7.98487663269043,8.030091282529442,7691162
2024-09-18,7.88540506362915,8.03913435507129,7.876361961215444,8.012005047830176,7864630
2024-09-19,8.021048545837402,8.021048545837402,7.876362349673126,7.966791653474677,15558938
2024-09-20,7.930619716644287,8.1114774530061,7.912533511809249,8.084348145753541,10506542
2024-09-23,7.831147193908691,7.9939195853194445,7.822104091630827,7.93966183404996,8048935
2024-09-24,8.608837127685547,8.608837127685547,7.813062201919827,7.86731909322332,49279058
2024-09-25,8.427978515625,8.80778020398042,8.400850069998967,8.690222456403957,37394444
2024-09-26,8.608837127685547,8.997681056686377,8.49127937999766,8.49127937999766,40101090
2024-09-27,8.337550163269043,8.68118030691763,8.274249306282627,8.608837209559796,15975102
2024-09-30,8.337550163269043,8.482236357984712,8.219992414463125,8.337550163269043,13294084
2024-10-01,8.084348678588867,8.45510814056429,7.975834029619635,8.346592629197287,14934698
2024-10-02,7.948705196380615,8.210949134234443,7.948705196380615,8.030091394748652,12552542
2024-10-03,7.767847537994385,8.057219924192818,7.767847537994385,7.957748382036541,13879469
2024-10-04,7.686460971832275,7.885404909045172,7.668374767359423,7.804018713712728,15385269
2024-10-07,7.840190410614014,7.984876599580732,7.677418016827599,7.713589564069279,16494422
2024-10-08,7.912533760070801,7.966791513880578,7.713589812631939,7.840190663256259,8227952
2024-10-09,7.993919849395752,8.030091397304423,7.767847459367129,7.82210435003127,7460101
2024-10-10,7.713589668273926,8.048176700378903,7.713589668273926,8.002962912514283,10111603
2024-10-11,7.505603790283203,7.804019286818516,7.505603790283203,7.75880463471364,10301802
2024-10-14,7.324746131896973,7.550818532728388,7.30665992587953,7.5056038800825515,10300526
2024-10-15,7.469432353973389,7.559860797152133,7.342831498645819,7.342831498645819,10025409
2024-10-16,7.460389137268066,7.614118436967229,7.433260690967555,7.46943224016749,10392243
2024-10-17,7.668375015258789,7.668375015258789,7.487517276672068,7.505603481729602,8230390
2024-10-18,7.505603790283203,7.740719291310346,7.478475343979381,7.740719291310346,8010745
2024-10-21,7.297616958618164,7.541775570008763,7.297616958618164,7.505604019698799,8322192
2024-10-22,7.379003047943115,7.451346147440772,7.26144529565998,7.315703051482108,10968224
2024-10-23,7.279531478881836,7.460389227058239,7.270488375873573,7.379003024779416,7813764
2024-10-24,7.41517448425293,7.442302930550091,7.315702939564833,7.351874488760301,11180485
2024-10-25,7.424217700958252,7.469432353745129,7.315703051708411,7.415174597921323,8082915
2024-10-28,7.469432353973389,7.5327323504382875,7.397089254471283,7.451346147898977,5717757
2024-10-30,7.460389137268066,7.568903784867871,7.433260690967555,7.478475343066913,11588028
2024-10-31,7.541775226593018,7.541775226593018,7.3880459291763065,7.4242174778391945,14417641
2024-11-01,7.650289535522461,8.084348100353209,7.505603347245545,7.5417748943147735,38555631
2024-11-04,7.514647006988525,7.749761649178579,7.478475457236381,7.650290102959624,16982682
2024-11-05,7.424217700958252,7.641246999457934,7.32474615474534,7.623161655781847,8783288
2024-11-06,7.505603790283203,7.568903785791373,7.397089142670159,7.4603891381783285,11724340
2024-11-07,7.596031665802002,7.596031665802002,7.406130831037068,7.505603230731559,10745568
2024-11-08,7.713589668273926,7.731675873337953,7.5327319296222806,7.605075025082939,15682547
2024-11-11,7.96679162979126,8.138606271626134,7.713589924858732,7.767847679457917,19047432
2024-11-12,7.876361846923828,8.021048033852765,7.840190300191595,7.966791144953263,11055457
2024-11-13,7.776890754699707,7.903490744319065,7.758804549098228,7.8763622983145956,10981095
2024-11-14,7.858275890350342,7.91253364335981,7.7859327946028705,7.822104342476607,9676420
2024-11-15,8.002963066101074,8.147649259799099,7.8763622154164326,7.8763622154164326,15445284
2024-11-18,8.183820724487305,8.26520692320914,7.894447477654363,8.048176772485002,13771540
2024-11-19,7.98487663269043,8.28329211427111,7.9125335379070965,8.210949019487776,12494975
2024-11-20,7.794975757598877,8.111477442625283,7.794975757598877,8.00296280094707,11108053
2024-11-21,8.075305938720703,8.093391281231906,7.804018901870943,7.858275791802265,10490023
2024-11-22,8.192863464355469,8.201905704170418,7.975833323240494,8.075305722784185,11472078
2024-11-25,8.16573429107666,8.283292034567845,8.156692051114037,8.256163589884558,13677261
2024-11-26,8.120519638061523,8.265206688569359,8.10243429574661,8.174777389801676,9594728
2024-11-27,8.319463729858398,8.36467838006804,8.138605991417553,8.16573443658425,18336152
2024-11-28,8.427978515625,8.527450920250018,8.292335425097095,8.44606472097418,34363989
2024-11-29,8.898209571838379,8.952466463492318,8.382764789137243,8.455107886274323,31039294
2024-12-02,8.943424224853516,9.02480956234994,8.726394071003153,8.898209573534784,14476489
2024-12-03,9.603554725646973,9.71206936599128,8.907252234504915,8.94342378128635,28596172
2024-12-04,9.639726638793945,9.84771368749019,9.522168891686977,9.62164129591473,25314745
2024-12-05,9.504083633422852,9.766327575489239,9.359397439510051,9.657812930054638,17844891
2024-12-06,9.350354194641113,9.603555030139198,9.332267989478101,9.549298139445614,11408603
2024-12-09,9.34131145477295,9.513126960902076,9.223753703841906,9.440782999838712,11589255
2024-12-10,9.476954460144043,9.540255317680112,9.187582068200028,9.359397572715102,15299978
2024-12-11,9.856756210327148,10.010485509997745,9.4046114142131,9.476954512599526,28202193
2024-12-12,9.847713470458984,10.010485002375576,9.684941076144678,9.856755710500446,18022950
2024-12-13,10.372201919555664,10.462630361821315,9.730156271159156,9.811542472876678,27427407
2024-12-16,10.263687133789062,10.516887976094996,10.182300933162718,10.399330226567804,17211087
2024-12-17,10.67966079711914,10.70678924426164,10.010485822554449,10.263687537210402,25004447
2024-12-18,10.444544792175293,10.878603375406536,10.40837324357269,10.679660289291089,21020733
2024-12-19,10.860518455505371,11.041376205565863,10.137086592865622,10.39933054605278,33298853
2024-12-20,10.317943572998047,10.896689192403228,10.317943572998047,10.860517645090262,25965522
2024-12-23,10.345072746276855,10.462630498920632,9.929099491690327,10.091871897258292,28509524
2024-12-24,10.399330139160156,10.779131830625651,10.272729287872409,10.444544790505619,24895133
2024-12-25,10.896689414978027,10.996160956521054,10.363158434415626,10.580187722726448,20360598
2024-12-26,10.761045455932617,10.932860955864374,10.516887722342398,10.878603202623363,31495788
2024-12-27,10.878602981567383,10.94190383612856,10.55305905592965,10.770088339688138,21435420
2024-12-30,10.969033241271973,10.97807634448634,10.670617734380135,10.842432383464185,18790314
2024-12-31,11.701506614685059,12.063222958835912,10.75200325948369,10.96903254853556,35240855
2025-01-02,11.285533905029297,11.665335609756031,11.258405458233895,11.665335609756031,19374451
2025-01-03,11.11371898651123,11.39404913785495,11.059461231851953,11.285533628536394,14009736
2025-01-06,10.987117767333984,11.158933266024503,10.959989322108328,11.113718615716591,9436255
2025-01-07,10.580187797546387,11.122761884558095,10.580187797546387,10.996161034282633,13333735
2025-01-08,10.399330139160156,10.661574082086545,10.390287036411515,10.580187882144262,11544115
2025-01-09,10.498802185058594,10.643489248773637,10.417416843615975,10.489759944274605,7650558
2025-01-10,10.580187797546387,11.068504130897828,10.52593090628386,10.544016249238789,21954296
2025-01-13,10.046656608581543,10.61635912962086,10.001442820916258,10.580187582050002,25117940
2025-01-14,10.064743041992188,10.308900778037385,9.94718529411941,10.064743041992188,22677955
2025-01-15,10.09187126159668,10.17325745925435,9.8386704285266,10.07378591900482,15788285
2025-01-16,9.965271949768066,10.245601246870983,9.856756437291954,10.146129699898623,16711546
2025-01-17,10.010485649108887,10.091871851524044,9.874842553348806,10.001443408483247,13151951
2025-01-20,10.028571128845215,10.227515068963061,9.983356479400562,10.100914222997575,11839582
2025-01-21,9.7391996383667,10.019528938113716,9.703027225601629,10.019528938113716,19402864
2025-01-22,9.495040893554688,9.793456395503156,9.395569347037789,9.739199501911312,21166967
2025-01-23,9.630683898925781,9.77537095939827,9.504083906809283,9.504083906809283,14653533
2025-01-24,9.947185516357422,10.046657061057804,9.612598470658586,9.630683814059672,19345914
2025-01-27,9.92005729675293,10.109958149991696,9.757284890434622,9.965271949885546,13452262
2025-01-28,9.947185516357422,10.010485511857869,9.856756212158706,9.920057070056911,12556233
2025-01-29,10.082828521728516,10.21847247683561,9.911013880136831,9.983356977901515,20359592
2025-01-30,10.236557960510254,10.281772612832905,10.100914865940062,10.155171758809034,15608788
2025-01-31,10.435502052307129,10.616359801609256,10.236558096875902,10.236558096875902,30281962
2025-02-03,10.453587532043457,10.643488371214415,10.164214290870078,10.43550132717112,21295323
2025-02-04,10.562102317810059,10.625402310929173,10.417416126453384,10.507844564852443,12701579
2025-02-05,10.453587532043457,10.562102174084332,10.290815137783289,10.516887524301206,16124396
2025-02-06,10.788174629211426,10.833388416884382,10.48975914610177,10.48975914610177,18352587
2025-02-07,10.85147476196289,10.941904063271675,10.643488576309514,10.85147476196289,12349586
2025-02-10,10.715831756591797,10.950946389526013,10.661574002900677,10.860517949904464,11835091
2025-02-11,10.688702583312988,10.815303435256656,10.516887942187351,10.706788788903976,15697633
2025-02-12,10.308900833129883,10.77008872438827,10.227515495611707,10.715831832709485,17849940
2025-02-13,10.22751522064209,10.426458301312651,10.22751522064209,10.336029863479956,11920766
2025-02-14,10.290815353393555,10.426458443187174,10.227515359809562,10.227515359809562,11488978
2025-02-17,10.444544792175293,10.45358789492538,10.290815495014792,10.290815495014792,10208906
2025-02-18,10.806260108947754,10.860517862200716,10.100914491045621,10.218472237762265,45235377
2025-02-19,11.37596321105957,11.556820960361437,10.752003760368687,10.80626065396036,68250083
2025-02-20,11.84619426727295,11.999923570371134,11.276491707979282,11.43926325177906,67431338
2025-02-21,11.791935920715332,11.981836764305902,11.656292830606812,11.84619367419738,42531603
2025-02-24,11.828107833862305,12.180781086383075,11.538735439423371,11.83715093678796,34303323
2025-02-25,11.611078262329102,11.981836849499796,11.556820508461266,11.82810755300496,24151823
2025-02-26,11.665335655212402,11.773851167612415,11.375963255206445,11.647250311410918,19890440
2025-02-27,11.773850440979004,12.036094377899236,11.629163387507734,11.665334935276121,28216500
2025-02-28,11.737678527832031,11.999923338254456,11.565863884256325,11.78289318005651,33279481
2025-03-03,11.5025634765625,11.864278956606274,11.484477271361445,11.800978963198046,27330309
2025-03-04,11.385005950927734,11.719592992061873,11.366919745375634,11.502563699823147,19905054
2025-03-05,11.656292915344238,11.746721355274726,11.403091213784297,11.484477413400153,20480962
2025-03-06,11.95470905303955,12.045137497866902,11.665335787357783,11.773851300987063,41353202
2025-03-07,12.072266578674316,12.343552770412622,11.909494173713117,11.954708826468758,45947863
2025-03-10,12.02705192565918,12.325467426483094,11.918537276486646,12.072266578413846,33002117
2025-03-11,11.602035522460938,12.063223426368662,11.394049327991434,11.394049327991434,33128312
2025-03-12,11.665335655212402,11.800979614513528,11.556821005210168,11.647250311410918,15422018
2025-03-13,11.755764961242676,11.891408058144057,11.683421861242236,11.683421861242236,24837783
2025-03-14,11.710550308227539,11.945665814429558,11.692464964426188,11.846194267527679,23941443
2025-03-17,11.493520736694336,11.800979335633718,11.48447763380841,11.71959313445591,19539223
2025-03-18,11.258404731750488,11.565863316917914,11.104675439166774,11.502563324347346,24776643
2025-03-19,10.200386047363281,10.869560980599179,10.137086053807646,10.390286890427921,26037029
2025-03-20,10.173257827758789,10.507844870606236,9.992400083300405,10.173257827758789,20143023
2025-03-21,9.567383766174316,10.173257858754162,9.31418292316114,10.173257858754162,18515353
2025-03-24,10.010485649108887,10.064743404851582,9.386526201255634,9.567383949735,23657627
2025-03-25,10.317943572998047,10.41741597490699,10.010484989638973,10.010484989638973,22461767
2025-03-26,10.046656608581543,10.263686756404416,9.947185068361112,10.263686756404416,12299538
2025-03-27,9.92005729675293,10.218472800071309,9.911014193646851,10.055700393753002,11615635
2025-03-28,10.10091495513916,10.137086504837152,9.811542557555224,9.9200572066492,10655918
2025-04-02,9.829627990722656,10.119000390941872,9.811542646907844,10.100915047127062,17449791
2025-04-03,10.001442909240723,10.227515299154504,9.811542067217236,9.829627409963521,19662946
2025-04-04,9.856756210327148,10.146129466270615,9.820584661133934,10.04665705919096,12465508
2025-04-07,9.748241424560547,9.874842276141035,9.332268183536375,9.766327630099651,18654214
2025-04-08,9.947185516357422,10.046657061057804,9.856756212158706,9.856756212158706,12678165
2025-04-09,9.721113204956055,9.947185605071311,9.67589855245345,9.811542509961264,14813009
2025-04-10,9.793456077575684,10.01952847246413,9.793456077575684,9.983356923777889,13749386
2025-04-11,9.829627990722656,9.911014193883755,9.75728489066785,9.793456440695254,12180498
2025-04-14,9.874842643737793,10.137086597032754,9.84771419681701,9.84771419681701,16674372
2025-04-15,9.748241424560547,9.947185373501956,9.721112978649638,9.929099167962852,12618843
2025-04-16,9.485997200012207,9.847713538498986,9.467911857406614,9.739198895672269,10532293
2025-04-17,9.65781307220459,9.70302686166952,9.395569126278327,9.48599756760594,11559578
2025-04-18,9.495040893554688,9.703027089653048,9.440783137565068,9.65781329912577,8909510
2025-04-21,9.422697067260742,9.621641007351982,9.395568622556663,9.495040161403429,11812528
2025-04-22,9.088109970092773,9.485996984762146,9.042895321008192,9.467911642566934,17405958
2025-04-24,9.160453796386719,9.1966253460681,8.988638288601834,9.088110697023959,13407983
2025-04-25,9.07906723022461,9.268968074042363,9.0338525793351,9.16949653200363,11446073
2025-04-28,8.934381484985352,9.133325441429347,8.907253038051373,9.079067685163611,10249279
2025-04-29,8.871081352233887,9.051939099688664,8.871081352233887,8.907252901724842,8975434
2025-04-30,8.64500904083252,8.90725299292651,8.617879731638201,8.86203834000042,12128846
2025-05-02,8.925337791442871,8.952466236582241,8.690222300507747,8.690222300507747,12192707
2025-05-05,8.81682300567627,9.015766945737246,8.798736800944496,8.93438074923968,9552309
2025-05-06,8.852994918823242,9.033852661631112,8.789694924439925,8.79873716478201,11485158
2025-05-07,8.635965347290039,8.852994631618726,8.527450705125696,8.825866186677068,13408253
2025-05-08,8.4822359085083,8.626922095557003,8.418935917273918,8.608836753374765,11254522
2025-05-09,8.590750694274902,8.626922241649625,8.40989295740129,8.482236052150736,14316139
2025-05-12,9.287054061889648,9.332267849322687,8.753523091161723,8.825866185931844,32614330
2025-05-13,9.413654327392578,9.449825875856806,9.097153493930005,9.323225887430874,30371878
2025-05-14,9.314183235168457,9.648770290243334,9.19662548137494,9.413654782656302,25352793
2025-05-15,9.160453796386719,9.386526197494788,9.060982250362365,9.323226201151815,13701255
2025-05-16,9.241839408874512,9.259924751361954,9.07002391205639,9.169496314129319,12604868
2025-05-20,9.250882148742676,9.37748300258584,9.187582153019974,9.323226109794314,17246639
2025-05-21,9.364739418029785,9.459620626239092,9.174977906465434,9.38371602161335,16393036
2025-05-22,9.326786994934082,9.440643900398236,9.250882391291315,9.393203296907942,11301133
2025-05-23,9.203442573547363,9.412180703813174,9.203442573547363,9.31729948873208,10105007
2025-05-26,8.966239929199219,9.288834956246573,8.956751627261525,9.222418652391273,8876258
2025-05-27,8.785966873168945,8.975728391031865,8.776478571062226,8.966240088925145,7281993
2025-05-28,8.653133392333984,8.814430909366605,8.653133392333984,8.757502001356265,5584709
2025-05-29,8.615180969238281,8.814430787232187,8.548764664858407,8.814430787232187,8823450
2025-05-30,8.615180969238281,8.700573877643425,8.529788060833138,8.615180969238281,6107433
2025-06-02,8.577228546142578,8.975728176559839,8.501323940811126,8.586716848022578,13851261
2025-06-03,8.757501602172852,8.96623971555703,8.615180695915699,8.615180695915699,12494987
2025-06-04,8.91879940032959,8.956751703549338,8.729037884230845,8.757501885432085,8026451
2025-06-05,8.994704246520996,9.089585459526548,8.909312240641167,8.994704246520996,4791742
2025-06-10,9.080097198486328,9.174978411922721,9.042144894082634,9.051633196397136,7285225
2025-06-11,9.156002044677734,9.260371563134576,8.994704520566557,9.080097433902397,10801347
2025-06-12,8.814431190490723,9.118049629951242,8.757502280664713,9.118049629951242,8700669
2025-06-13,8.586716651916504,8.653132953851122,8.3779785395951,8.539276048454242,10202570
2025-06-16,8.72903823852539,8.795455450496409,8.453883802800659,8.548765017128217,8209033
2025-06-17,8.586716651916504,8.842894462845921,8.558252651780846,8.700573557313383,9113255
2025-06-18,8.377979278564453,8.558253406651058,8.321051273271873,8.539276801650646,10360087
2025-06-19,8.178729057312012,8.472860086703966,8.178729057312012,8.406442877248454,8437896
2025-06-20,8.444395065307617,8.444395065307617,8.197705549504189,8.245145249369362,8842996
2025-06-23,8.207193374633789,8.340026893805689,8.131288765065367,8.340026893805689,8507540
2025-06-24,8.510812759399414,8.577229066883133,8.415931544547536,8.529788459457194,12723661
2025-06-25,8.491835594177246,8.691085408335786,8.482347292347253,8.510812197837234,11156302
2025-06-26,8.434907913208008,8.567740524454964,8.434907913208008,8.49183591664119,5472424
2025-06-27,8.425419807434082,8.482347812194389,8.283097985824671,8.434908109845573,9767693
2025-06-30,8.710062026977539,8.79545493388583,8.396955304883312,8.425419305567987,15505107
2025-07-01,8.823919296264648,8.91879960405415,8.65313347544752,8.710062384004665,11898860
2025-07-02,8.890335083007812,9.19395349796981,8.814430479267314,8.823918780948437,17743982
2025-07-03,8.947264671325684,9.080097285585634,8.909312366557938,8.966240371282396,12320642
2025-07-04,8.975728034973145,9.118048941511024,8.871359430502316,8.95675143151249,14944363
2025-07-07,8.890335083007812,8.947263988240312,8.785966479078189,8.890335083007812,10809799
2025-07-08,8.653133392333984,8.966240124255119,8.586717087033833,8.928287820532992,13492302
2025-07-09,8.72903823852539,8.804942848045707,8.615181324244913,8.624669626648533,9244719
2025-07-10,8.890335083007812,8.918799083196937,8.776478177397063,8.776478177397063,8044445
2025-07-11,8.871359825134277,9.013680738003135,8.776478613318842,8.89982382673719,12484186
2025-07-14,8.738526344299316,8.947264468210435,8.729038042109197,8.871359860398082,10306842
2025-07-16,8.681597709655762,8.861871837533041,8.56774079434848,8.738526619736568,10339594
2025-07-17,8.852383613586426,8.8618719161598,8.681597786683042,8.681597786683042,8019534
2025-07-18,8.994704246520996,9.137026066029325,8.823919329907032,8.852383331866974,29262692
2025-07-21,9.05163288116455,9.11804918534442,8.98521657698468,9.032657182050707,19945425
2025-07-22,8.956751823425293,9.118049340481582,8.928287821843094,9.070609639462681,18626905
2025-07-23,8.947264671325684,9.051633283223405,8.852383456979158,8.95675206887688,13804401
2025-07-24,9.156002044677734,9.212930955186406,8.92828821235172,8.96624051773939,23878166
2025-07-25,9.146513938903809,9.250882544426728,9.042144428526624,9.23190594077478,13698840
2025-07-28,9.032657623291016,9.250883150458945,9.013681018395895,9.184466843034675,11763634
2025-07-29,8.91879940032959,9.080096915227095,8.909312003165365,9.032657214843121,10691416
2025-07-30,8.994704246520996,9.108562064069382,8.890335636098333,8.918799638058276,15027839
2025-07-31,9.023168563842773,9.184466072501904,8.975727960439338,9.03265686549431,16898409
2025-08-01,9.60194206237793,9.668358368868743,9.032657496340292,9.032657496340292,47997782
2025-08-04,9.573477745056152,9.867607868276966,9.526037139901552,9.687334654514624,24428484
2025-08-05,9.53552532196045,9.763239138013086,9.431155810962288,9.649382229986767,18592781
2025-08-06,9.668357849121094,9.67784615092523,9.374227732026954,9.53552524328023,19091496
2025-08-07,9.611430168151855,9.791703384163862,9.582966166645601,9.668358171164366,19490992
2025-08-08,9.53552532196045,9.649382229986767,9.478596415520155,9.611429927311328,12224432
2025-08-11,9.668357849121094,9.715798453287515,9.526036941476091,9.53552524328023,14081995
2025-08-12,9.5545015335083,9.70631075235523,9.49757352886786,9.67784675003501,14007445
2025-08-13,9.48808479309082,9.611430003983514,9.459620792070746,9.58296600296344,15337950
2025-08-14,9.383716583251953,9.535525801589591,9.345764278667545,9.535525801589591,12043076
2025-08-15,9.402691841125488,9.4691081448126,9.345763839352042,9.402691841125488,11940978
2025-08-18,9.60194206237793,9.649382669094644,9.402692238051179,9.421668842679589,19834666
2025-08-19,9.421669006347656,9.526037619054012,9.174978571018821,9.488085313992217,25634000
2025-08-20,9.78221607208252,9.820168376039451,9.307811820193741,9.459621036021462,32666837
2025-08-21,9.744263648986816,9.886584560871636,9.649382437827411,9.84863225737873,27340767
2025-08-22,10.009929656982422,10.085834263085163,9.74426353562283,9.791703235796334,32075265
2025-08-25,10.417917251586914,10.541262469383387,10.009930197949396,10.12378711325668,34504267
2025-08-26,10.275595664978027,10.626654690543766,10.275595664978027,10.465357178141364,29886171
2025-08-27,10.256620407104492,10.531774839236027,10.237643802545065,10.275596106809612,15744325
2025-08-28,10.266107559204102,10.41791677263455,10.24713185995244,10.266107559204102,9051980
2025-08-29,10.0383939743042,10.294572706612243,10.00044167005719,10.266107799786255,11657838
2025-09-01,9.896072387695312,10.085833896046456,9.877095784433074,10.03839329274511,7640219
2025-09-02,9.592453956604004,10.000441915930997,9.336276122851805,9.924537305570766,20399787
2025-09-03,9.459620475769043,9.611429682605761,9.307811268932324,9.592453079324049,15475850
2025-09-04,9.953001022338867,9.953001022338867,9.47859676878768,9.497573373259794,38369849
2025-09-05,10.256620407104492,10.436893626147508,9.96248937041353,10.00992997695779,40038988
2025-09-08,9.915048599243164,10.370477147710242,9.772727686827743,10.085834418025104,26390802
2025-09-09,9.867608070373535,10.161739104472671,9.677846550722949,9.915048676499756,15592173
2025-09-10,9.801191329956055,10.066857445682674,9.763239027709394,9.953000538942694,10517506
2025-09-11,9.63040542602539,9.962488746172854,9.63040542602539,9.791702935256529,13436289
2025-09-12,9.696823120117188,9.820168333658465,9.497573298989632,9.630405909838471,11139187
2025-09-15,10.142762184143066,10.417916605279194,9.526037038275485,9.649382248419856,16562952
2025-09-16,10.228155136108398,10.30405974193503,10.085834226397035,10.190202833195084,13104065
2025-09-17,10.342012405395508,10.683584048377623,10.14276258194071,10.218668095267864,60428589
2025-09-18,10.17122745513916,10.54126219400761,10.104810244304222,10.436893583916,22483695
2025-09-19,10.237643241882324,10.342011846680519,10.057370032711939,10.180714336176052,15107984
2025-09-22,10.75,10.806928906904046,10.37047697015395,10.550750183117254,31983522
2025-09-23,10.778464317321777,10.949250138191394,10.579214494591993,10.72153631360144,25645494
2025-09-24,11.063106536865234,11.205428349267182,10.693071815299549,10.778463816915602,29577900
2025-09-25,11.053618431091309,11.233892549026551,10.901809219053806,11.148499641041887,16264532
2025-09-26,10.674095153808594,11.034642476475305,10.674095153808594,11.034642476475305,12698892
2025-09-29,10.531774520874023,10.854368644943904,10.484333915763832,10.674095431350315,10809534
2025-09-30,10.50330924987793,10.65511845707135,10.43689294794437,10.569726456665737,12822840
2025-10-01,10.911297798156738,10.911297798156738,10.398941242089638,10.522286456216534,21498886
2025-10-02,11.395190238952637,11.594440059041512,10.787952476573611,10.95873829517959,31496595
2025-10-03,11.25286865234375,11.546999689873266,11.205428950518552,11.395190472382282,18125266
2025-10-06,11.157988548278809,11.5185358988531,11.157988548278809,11.357238376100014,10190844
2025-10-07,11.546998977661133,11.831641695327287,11.16747595734243,11.16747595734243,22283799
2025-10-08,11.357237815856934,11.651367939412076,11.357237815856934,11.546999331836748,17213380
2025-10-09,11.480583190917969,11.708297013335937,11.319285673825,11.433142585033984,15454261
2025-10-10,11.651368141174316,11.765225052733822,11.490070623584776,11.499558925761644,14097633
2025-10-13,11.271844863891602,11.57546328828595,11.233892560842307,11.442630680040562,16899875
2025-10-14,10.740511894226074,11.423654265281495,10.740511894226074,11.300309052114942,16030499
2025-10-15,11.395190238952637,11.670344666232104,10.759488475090713,10.759488475090713,24398872
2025-10-16,11.214916229248047,11.717785387931363,11.167476527925052,11.39519035175091,13697680
2025-10-17,11.537510871887207,11.727272385269377,10.920785727181585,11.214915846710381,23304018
2025-10-20,11.537510871887207,11.670344383681861,11.328772754739683,11.575463174563641,23517493
2025-10-21,11.471095085144043,11.698808911460247,11.442631083068097,11.537511391606024,15788648
2025-10-22,11.641880989074707,11.90754712164284,11.4331428610583,11.499559167986755,25553605
2025-10-23,11.584951400756836,11.717784911683632,11.565974797115466,11.660856005613786,8807432
2025-10-24,11.679832458496094,11.898057968429484,11.603926949764638,11.632391854859279,19247824
2025-10-27,11.471095085144043,11.812665824618348,11.442631083068097,11.68932060915016,11031962
2025-10-28,11.347749710083008,11.518535529845412,11.347749710083008,11.499558925492124,4248492
2025-10-30,11.727272987365723,11.812665898985472,11.366725641001405,11.366725641001405,16010458
2025-10-31,11.76522445678711,11.983450871529678,11.584951248829556,11.727272154856347,22834881
2025-11-03,11.594440460205078,12.002427511757142,11.56597555288301,11.77471368230655,27070202
2025-11-04,11.13901138305664,11.689320231292537,11.09157077789404,11.594439925821618,23737418
2025-11-05,11.442630767822266,11.461606467065344,10.987202222882658,11.148499738293115,22329537
2025-11-06,10.731024742126465,11.148500092121056,10.702559835077006,11.148500092121056,38481320
2025-11-07,10.512798309326172,10.9966908707759,10.49382260948631,10.987202568428813,16372243
2025-11-10,10.474845886230469,10.645631707127727,10.370477276156759,10.531774794814323,15560331
2025-11-11,10.152250289916992,10.53177421491881,9.990952780140715,10.474845309469549,15874172
2025-11-12,10.256620407104492,10.351500715338704,10.161739194015974,10.180714893721092,9195803
2025-11-13,10.398941040039062,10.51279794974682,10.247131827095384,10.285084130331304,9201561
2025-11-14,10.152250289916992,10.436893007454792,10.085833987604733,10.398940705440037,8220202
2025-11-17,10.285083770751953,10.436892978388192,10.199690865243006,10.209179166933835,10259061
2025-11-18,10.152250289916992,10.323036101410523,10.123786289619488,10.209179195366254,9877884
2025-11-19,9.839143753051758,10.237643383963377,9.829655451159988,10.228155082071607,22296311
2025-11-20,9.810680389404297,9.94351300509906,9.791703784388286,9.896073302267691,11048266
2025-11-21,9.820168495178223,9.896073104012961,9.677846674972352,9.810680192860302,12721344
2025-11-24,9.829655647277832,9.905560254217871,9.820168250051045,9.820168250051045,8669713
2025-11-25,9.791703224182129,9.96248904013786,9.791703224182129,9.905560133201192,9602547
2025-11-26,9.649382591247559,9.839144111729189,9.611430287151233,9.801191807632863,8417545
2025-11-27,9.592453956604004,9.725287477161574,9.582966558949723,9.649382866801343,9200730
2025-11-28,9.639894485473633,9.70631079278221,9.497573568425446,9.6304061830426,8608038
2025-12-01,9.943512916564941,9.943512916564941,9.6778467826865,9.696823387533549,12709580
2025-12-02,9.858120918273926,10.00993013777098,9.810680310967516,9.96248953046457,7755810
2025-12-03,9.867608070373535,9.99095328435999,9.772727762975391,9.896072976961849,10751280
2025-12-04,10.114298820495605,10.180715128275153,9.74426407160461,9.90556068980432,19778423
2025-12-05,9.725287437438965,10.009930177554384,9.69682343488372,10.009930177554384,26213373
2025-12-08,9.67784595489502,9.839143462881124,9.658870256525372,9.744263161324398,16017374
2025-12-09,9.620918273925781,9.744263484408014,9.582965971073884,9.687334577703032,10250956
2025-12-10,9.53552532196045,9.67784623077978,9.53552532196045,9.639893928104339,9114168
2025-12-11,9.5545015335083,9.630406142931765,9.507061831259374,9.563989835899813,11308321
2025-12-12,9.563989639282227,9.715798855008245,9.535525637547172,9.59245364101728,16516402
2025-12-15,9.668357849121094,9.687334452729369,9.601941546200662,9.601941546200662,14945667
2025-12-16,9.60194206237793,9.715798975585457,9.56398975797542,9.696823275811358,9449055
2025-12-17,9.73477554321289,9.763239545193006,9.563989721623585,9.649382632418238,15777582
2025-12-18,9.639894485473633,9.839144312253689,9.61143048303486,9.829656009822656,14021245
2025-12-19,9.582965850830078,9.658870455581447,9.535525246646907,9.639893851966473,9955506
2025-12-22,9.421669006347656,9.639894534239401,9.402692401389595,9.58296652907387,10924477
2025-12-23,9.364739418029785,9.440644022655526,9.260370812882957,9.421668323926221,15810561
2025-12-24,9.336276054382324,9.412180664185895,9.231906537261674,9.364740056845083,17948822
2025-12-25,9.459620475769043,9.58296568253744,9.374227570709827,9.374227570709827,10884166
2025-12-26,9.326786994934082,9.507061107226345,9.2888346931127,9.488084503888528,11768111
2025-12-29,9.212930679321289,9.364739896326302,9.212930679321289,9.34576419662783,7750430
2025-12-30,9.421669006347656,9.450133008930422,9.193954271122553,9.222419178559647,10345322
2025-12-31,9.317298889160156,9.649382215719962,9.317298889160156,9.469108099637461,19287098
2026-01-02,9.592453956604004,9.601942259112615,9.345764425360416,9.393204128194814,16088927
2026-01-05,9.611430168151855,9.630405867537927,9.516548956658614,9.592453563911489,11364553
2026-01-06,9.687335014343262,9.782216228176752,9.563989798301451,9.630406105072305,19538703
2026-01-07,9.469108581542969,9.744263920604231,9.45013288169472,9.725287315901669,22290463
2026-01-08,9.48808479309082,9.526037096069013,9.317298977261817,9.469108189174586,12411024
2026-01-09,9.402691841125488,9.535525353353986,9.38371614215243,9.497573050553596,21149524
2026-01-12,9.526037216186523,9.545013820342042,9.374228002359533,9.42166860789404,28411438
2026-01-13,9.516549110412598,9.601942021165305,9.469108503899504,9.526037412686078,16929874
2026-01-14,9.440644264221191,9.639894082675697,9.431155962186622,9.535525474858302,22276815
2026-01-15,9.639894485473633,9.639894485473633,9.421668958685837,9.45013296112461,22651416
2026-01-16,9.668357849121094,9.696822754533505,9.573477545642513,9.67784615092523,15525064
2026-01-19,9.706310272216797,9.867607785476396,9.658870572314552,9.725286876061114,30337033
2026-01-20,9.48808479309082,9.734775214876208,9.478596491132704,9.715798610959974,23947155
2026-01-21,9.440644264221191,9.535525474858302,9.402691960937203,9.497573171574315,19693388
2026-01-22,9.658870697021484,9.668358094211861,9.459620878354984,9.497573181679352,22949878
2026-01-23,9.67784595489502,9.77272716130599,9.630405351689534,9.706309954876613,24258765
2026-01-26,10.228155136108398,10.228155136108398,9.620918289495352,9.677846291438188,55417562
2026-01-27,9.981465339660645,10.247131452603028,9.93402473613594,10.237643150927239,29500540
2026-01-28,10.019417762756348,10.095322367372708,9.953000555076336,9.981465460448169,23218257
2026-01-29,10.17122745513916,10.332524973824388,10.04788224056491,10.04788224056491,36964471
2026-01-30,10.512798309326172,10.512798309326172,9.971977743502542,10.171227568519825,35504757
2026-02-02,10.332525253295898,10.911298132856373,10.218668337883395,10.49382277634386,41718575
2026-02-03,10.465357780456543,10.579214694907378,10.332525166024396,10.342012563587891,24104462
2026-02-04,10.31354808807373,10.569726812477123,10.304059786091171,10.503309603453495,17000809
2026-02-05,10.294572830200195,10.484334353713358,10.21866822079493,10.313548530124352,18831213
2026-02-06,10.05737018585205,10.313548003295358,9.971977278419525,10.294572304340502,16691011
2026-02-09,10.323036193847656,10.351500194400039,10.114298078470235,10.114298078470235,19751536
2026-02-10,10.266107559204102,10.427405074687526,10.190202952488878,10.389452771329912,15907284
2026-02-11,10.247132301330566,10.323036911315254,10.152251086422542,10.228155696407232,14498052
2026-02-12,10.579214096069336,10.579214096069336,10.237643372051494,10.247131673932223,22677985
2026-02-13,10.60767936706543,10.617166764418657,10.44638184895463,10.57921446044284,17306487
2026-02-16,10.731024742126465,10.835393353411533,10.6361435283369,10.759488744321608,23128819
2026-02-17,10.60767936706543,10.759488582968698,10.569727063089612,10.750000280761169,15789847
2026-02-18,10.389452934265137,10.693072270741908,10.389452934265137,10.655119061934798,22103198
2026-02-19,10.142762184143066,10.588702420072057,10.11429818329568,10.465357209927687,20885521
2026-02-20,10.683584213256836,10.977714349414832,10.408429777082747,10.550750693952189,78361591
2026-02-23,10.304059982299805,10.89232114360581,10.304059982299805,10.712047926775865,53299329
2026-02-24,10.133275032043457,10.436893461366191,10.123786729913549,10.342012249775689,24765553
2026-02-25,9.896072387695312,10.199690801057143,9.820167784354854,10.152250197755794,21463604
2026-02-26,9.820168495178223,9.95300110821186,9.763239586125012,9.90556050147657,18474906
2026-02-27,9.658870697021484,9.943512519527095,9.55450118423876,9.867607912878361,20046338
2026-03-02,9.336276054382324,9.46910866911141,8.78596718087928,8.78596718087928,25225999
2026-03-03,9.364739418029785,9.573477533177703,9.288834813404044,9.336275417508698,20427201
2026-03-04,9.279346466064453,9.459620579806405,9.203441861811292,9.383715975553244,18479020
2026-03-05,9.412179946899414,9.592453155230992,9.336275342880407,9.336275342880407,15087069
2026-03-06,9.545013427734375,9.668357730254662,9.402691616984868,9.469107919088755,18164791
2026-03-09,9.450132369995117,9.744263392978214,9.298323160011945,9.545013578661733,22745911
2026-03-10,9.649382591247559,9.820168412108178,9.573477983054905,9.6398942890099,26622401
2026-03-11,9.763238906860352,9.829655208756343,9.56398909631813,9.64938200152969,16547770
2026-03-12,10.275595664978027,10.379964271004294,9.668357918001083,9.734775126248953,37560048
2026-03-13,10.266107559204102,10.474845680098111,10.085834344469015,10.275595861257077,33524629
2026-03-16,10.370476722717285,10.427404723408769,10.104809703309513,10.294572118559138,23720297
2026-03-17,10.550750732421875,10.77846456218499,10.379964907672376,10.379964907672376,28442843
2026-03-18,10.541261672973633,10.712047485458573,10.465357068503495,10.626654579216103,19714930
2026-03-19,10.531774520874023,10.598190825115722,10.436893310653641,10.531774520874023,4618907
2026-03-23,10.446381568908691,10.655118782752723,10.076345936423637,10.54126187387754,25603766
2026-03-24,10.408429145812988,10.655118659768046,10.332524540772313,10.446381448333325,21449741
2026-03-25,10.256620407104492,10.617166845190525,10.256620407104492,10.446381928427222,13911792
2026-03-26,10.674095153808594,10.85436836271482,10.20917922649662,10.256619830373287,43437006
2026-03-27,10.237643241882324,10.958737888272381,10.199690939696229,10.768976377341907,40723571
2026-03-30,10.028905868530273,10.37047751830025,9.867608346106524,10.275596303396519,17005354
2026-03-31,10.275595664978027,10.417916573636962,10.019417848421092,10.066857548071223,18210034
2026-04-01,10.522286415100098,10.61716672223552,10.275595987810261,10.408429503625012,25864417
2026-04-02,10.75,10.806928906904046,10.37047697015395,10.522286182092369,46000715
2026-04-03,10.5600004196167,11.100000381469727,10.520000457763672,11.100000381469727,24895118
2026-04-06,10.380000114440918,10.720000267028809,10.350000381469727,10.600000381469727,19768909
2026-04-07,10.140000343322754,10.5,10.079999923706055,10.420000076293945,21256010
2026-04-08,10.279999732971191,10.520000457763672,10.270000457763672,10.5,24858260
2026-04-09,10.15999984741211,10.369999885559082,10.140000343322754,10.279999732971191,16498305
2026-04-10,10.300000190734863,10.350000381469727,10.210000038146973,10.260000228881836,24814396
2026-04-13,10.289999961853027,10.3100004196167,10.140000343322754,10.260000228881836,27008195
2026-04-14,10.319999694824219,10.40999984741211,10.260000228881836,10.300000190734863,24840794
2026-04-15,10.630000114440918,10.640000343322754,10.34000015258789,10.359999656677246,36700647
2026-04-16,10.699999809265137,10.949999809265137,10.65999984741211,10.680000305175781,36508290
2026-04-17,10.949999809265137,10.949999809265137,10.710000038146973,10.739999771118164,22180449
2026-04-20,10.6899995803833,10.859999656677246,10.670000076293945,10.819999694824219,21103658
2026-04-21,10.5,10.789999961853027,10.460000038146973,10.739999771118164,22731943
2026-04-22,10.390000343322754,10.670000076293945,10.289999961853027,10.579999923706055,30120590
2026-04-24,10.670000076293945,10.710000038146973,10.399999618530273,10.4399995803833,18950473
2026-04-27,10.90999984741211,11.0600004196167,10.680000305175781,10.680000305175781,31737925
2026-04-28,10.289999961853027,10.6899995803833,10.119999885559082,10.649999618530273,66017478
2026-04-29,10.220000267028809,10.4399995803833,10.220000267028809,10.300000190734863,21159715
2026-04-30,10.59000015258789,10.699999809265137,10.119999885559082,10.229999542236328,62206148
2026-05-04,10.270000457763672,10.670000076293945,10.270000457763672,10.609999656677246,26025681
2026-05-05,10.550000190734863,10.59000015258789,10.270000457763672,10.300000190734863,32645495
2026-05-06,11.0,11.039999961853027,10.489999771118164,10.569999694824219,46386178
2026-05-07,11.09000015258789,11.289999961853027,10.90999984741211,11.079999923706055,30195631
2026-05-08,11.199999809265137,11.449999809265137,10.850000381469727,11.270000457763672,61019777
2026-05-11,11.180000305175781,11.4399995803833,11.100000381469727,11.3100004196167,45637669
2026-05-12,11.4399995803833,11.5600004196167,11.100000381469727,11.1899995803833,55853714
2026-05-13,10.970000267028809,11.569999694824219,10.970000267028809,11.550000190734863,30290705
2026-05-14,11.010000228881836,11.229999542236328,10.989999771118164,11.039999961853027,21028517
2026-05-15,11.069999694824219,11.170000076293945,10.8100004196167,10.989999771118164,23737047
2026-05-18,10.619999885559082,11.109999656677246,10.619999885559082,11.079999923706055,23821805
2026-05-20,11.0,11.15999984741211,10.449999809265137,10.619999885559082,40266099
2026-05-21,10.199999809265137,11.010000228881836,10.199999809265137,11.0,24852980
2026-05-22,10.5600004196167,10.630000114440918,9.989999771118164,9.989999771118164,44588028
2026-05-25,10.649999618530273,10.699999809265137,10.479999542236328,10.579999923706055,19786261
2026-05-26,10.420000076293945,10.699999809265137,10.420000076293945,10.6899995803833,8314741
2026-05-27,10.420000076293945,10.420000076293945,10.420000076293945,10.420000076293945,0
2026-05-28,10.420000076293945,10.420000076293945,10.420000076293945,10.420000076293945,0
2026-05-29,10.420000076293945,10.420000076293945,10.420000076293945,10.420000076293945,0
2026-06-01,10.470000267028809,10.649999618530273,10.430000305175781,10.510000228881836,22221338
2026-06-02,10.859999656677246,10.890000343322754,10.550000190734863,10.5600004196167,20527357
2026-06-03,10.5600004196167,10.960000038146973,10.329999923706055,10.869999885559082,19791176
2026-06-04,10.75,10.949999809265137,10.40999984741211,10.569999694824219,18248729
2026-06-05,10.649999618530273,11.149999618530273,10.630000114440918,10.850000381469727,29693292
2026-06-08,11.180000305175781,11.229999542236328,10.510000228881836,10.59000015258789,38767956
2026-06-09,11.029999732971191,11.380000114440918,10.970000267028809,11.15999984741211,27155561
2026-06-10,10.779999732971191,11.079999923706055,10.760000228881836,11.029999732971191,16150504
2026-06-11,10.850000381469727,10.960000038146973,10.510000228881836,10.779999732971191,16549344
2026-06-12,11.119999885559082,11.1899995803833,10.869999885559082,11.0,24398304
2026-06-15,12.020000457763672,12.119999885559082,11.289999961853027,11.289999961853027,58944353
2026-06-16,12.539999961853027,12.600000381469727,12.010000228881836,12.079999923706055,62417863
2026-06-17,12.289999961853027,12.789999961853027,12.25,12.579999923706055,41843866
2026-06-18,12.170000076293945,12.430000305175781,11.9399995803833,12.359999656677246,28757446
2026-06-19,11.789999961853027,12.119999885559082,11.6899995803833,12.0,22947863
2026-06-22,12.329999923706055,12.329999923706055,11.829999923706055,11.829999923706055,31472915
2026-06-23,11.859999656677246,12.279999732971191,11.779999732971191,12.220000267028809,27269133
2026-06-24,11.609999656677246,11.970000267028809,11.489999771118164,11.880000114440918,19212052
2026-06-25,11.5,11.789999961853027,11.4399995803833,11.680000305175781,13327305
2026-06-26,11.630000114440918,11.75,11.390000343322754,11.510000228881836,19935453
2026-06-29,11.789999961853027,11.989999771118164,11.600000381469727,11.699999809265137,21766315
2026-06-30,12.100000381469727,12.1899995803833,11.6899995803833,11.890000343322754,32342666
2026-07-01,11.90999984741211,12.15999984741211,11.90999984741211,12.149999618530273,23631012
2026-07-02,11.8100004196167,12.09000015258789,11.710000038146973,11.920000076293945,17151114
2026-07-03,12.149999618530273,12.479999542236328,11.800000190734863,11.880000114440918,40709117
2026-07-06,11.84000015258789,12.510000228881836,11.770000457763672,12.149999618530273,24415727
2026-07-07,11.989999771118164,12.100000381469727,11.760000228881836,11.84000015258789,20463317
2026-07-08,11.399999618530273,11.989999771118164,11.399999618530273,11.989999771118164,22617664
2026-07-09,11.680000305175781,12.289999961853027,11.220000267028809,11.510000228881836,21669327
2026-07-10,11.760000228881836,11.899999618530273,11.579999923706055,11.739999771118164,12516432
2026-07-13,11.579999923706055,11.789999961853027,11.510000228881836,11.729999542236328,13757135
2026-07-14,11.890000343322754,12.0,11.539999961853027,11.579999923706055,22090152
2026-07-16,12.130000114440918,12.180000305175781,11.949999809265137,12.0,19127869
2026-07-17,12.369999885559082,12.430000305175781,12.09000015258789,12.119999885559082,26661306
2026-07-20,12.59000015258789,12.630000114440918,12.369999885559082,12.460000038146973,19761372
2026-07-21,12.010000228881836,12.649999618530273,12.010000228881836,12.649999618530273,21332306
2026-07-22,11.970000267028809,12.170000076293945,11.8100004196167,12.010000228881836,22140565
2026-07-23,12.010000228881836,12.149999618530273,11.9399995803833,11.979999542236328,16637323
2026-07-24,12.050000190734863,12.229999542236328,11.8100004196167,12.010000228881836,29246510
2026-07-27,12.4399995803833,12.640000343322754,12.210000038146973,12.210000038146973,31084815
2026-07-28,12.4399995803833,12.609999656677246,12.350000381469727,12.40999984741211,16575144
2026-07-29,12.149999618530273,12.550000190734863,12.130000114440918,12.4399995803833,17483969
2026-07-30,12.319999694824219,12.430000305175781,12.069999694824219,12.100000381469727,15126253
2026-07-31,13.0,13.020000457763672,12.229999542236328,12.399999618530273,53203567
2026-08-03,12.5,13.279999732971191,12.5,13.100000381469727,25459112
2026-08-04,12.539999961853027,12.5600004196167,12.350000381469727,12.529999732971191,17295769
2026-08-05,12.529999732971191,12.619999885559082,12.359999656677246,12.5,19223174
2026-08-06,12.649999618530273,12.800000190734863,12.569999694824219,12.619999885559082,21250083
2026-08-07,12.539999961853027,12.75,12.4399995803833,12.710000038146973,17838798
2026-08-10,12.220000267028809,12.729999542236328,12.149999618530273,12.539999961853027,25120850
2026-08-11,12.40999984741211,12.5,12.079999923706055,12.25,20057390
2026-08-12,11.960000038146973,12.449999809265137,11.960000038146973,12.420000076293945,34267347
2026-08-13,12.289999961853027,12.289999961853027,11.9399995803833,12.010000228881836,19221046
2026-08-14,11.739999771118164,12.09000015258789,11.720000267028809,12.069999694824219,48267691
2026-08-17,11.520000457763672,11.880000114440918,11.520000457763672,11.789999961853027,18437764
2026-08-18,11.4399995803833,11.609999656677246,11.40999984741211,11.5,13506579
2026-08-19,11.319999694824219,11.460000038146973,11.239999771118164,11.4399995803833,24938950
2026-08-20,11.300000190734863,11.449999809265137,11.25,11.369999885559082,15961341
2026-08-21,11.149999618530273,11.399999618530273,11.09000015258789,11.350000381469727,27061045
2026-08-24,11.270000457763672,11.329999923706055,11.1899995803833,11.229999542236328,15976429
2026-08-25,11.0,11.289999961853027,10.949999809265137,11.25,17134217
2026-08-26,11.100000381469727,11.1899995803833,10.989999771118164,11.010000228881836,17906798
2026-08-27,10.949999809265137,11.170000076293945,10.9399995803833,11.140000343322754,14331230
2026-08-28,11.020000457763672,11.029999732971191,10.890000343322754,10.960000038146973,21533980
2026-08-31,10.770000457763672,11.020000457763672,10.670000076293945,11.020000457763672,21821719
2026-09-01,10.699999809265137,10.880000114440918,10.630000114440918,10.819999694824219,12525235
2026-09-02,10.710000038146973,10.789999961853027,10.510000228881836,10.699999809265137,17252955
2026-09-03,10.640000343322754,10.779999732971191,10.619999885559082,10.729999542236328,7461415
2026-09-04,10.75,10.800000190734863,10.649999618530273,10.65999984741211,14067179
2026-09-07,10.90999984741211,11.050000190734863,10.8100004196167,10.8100004196167,17274015
2026-09-08,11.550000190734863,11.65999984741211,10.880000114440918,10.899999618530273,51421864
2026-09-09,11.289999961853027,11.600000381469727,11.270000457763672,11.550000190734863,24265445
2026-09-10,11.34000015258789,11.380000114440918,11.239999771118164,11.380000114440918,13073823
2026-09-11,11.390000343322754,11.470000267028809,11.319999694824219,11.369999885559082,16099262
2026-09-14,11.09000015258789,11.460000038146973,11.079999923706055,11.380000114440918,11785668
2026-09-15,10.920000076293945,11.210000038146973,10.920000076293945,11.079999923706055,10660590
2026-09-16,10.609999656677246,10.960000038146973,10.1899995803833,10.90999984741211,26503402
2026-09-17,11.119999885559082,11.170000076293945,10.5,10.59000015258789,20645643
2026-09-18,10.850000381469727,11.079999923706055,10.65999984741211,11.050000190734863,17820941
2026-09-21,10.75,10.859999656677246,10.539999961853027,10.850000381469727,10947233
2026-09-22,10.90999984741211,11.0,10.699999809265137,10.75,8967823
2026-09-23,11.0,11.119999885559082,10.899999618530273,10.90999984741211,10652766
2026-09-24,10.65999984741211,11.069999694824219,10.65999984741211,11.0,11327396
2026-09-25,10.8100004196167,10.890000343322754,10.680000305175781,10.760000228881836,6485918
2026-09-28,10.430000305175781,10.739999771118164,10.420000076293945,10.699999809265137,11095812
2026-09-29,10.289999961853027,10.569999694824219,10.289999961853027,10.4399995803833,7047136
2026-09-30,10.25,10.539999961853027,10.180000305175781,10.319999694824219,13399078
2026-10-01,10.479999542236328,10.529999732971191,10.300000190734863,10.300000190734863,13949489
2026-10-02,10.75,10.829999923706055,10.449999809265137,10.510000228881836,14781276
2026-10-05,,,,,2164809
