Date,Close,High,Low,Open,Volume
2018-01-01,1.9108421802520752,1.9108421802520752,1.9108421802520752,1.9108421802520752,0
2018-01-02,1.9386024475097656,1.9571093742137275,1.8923351307498604,1.9200955208058035,10163068
2018-01-03,1.9617360830307007,1.989496694944135,1.9293490701649916,1.94322915550173,13277412
2018-01-04,2.0635242462158203,2.07740433048411,1.9709896156940192,1.9709896156940192,25040664
2018-01-05,2.0403904914855957,2.0959114907781005,2.0403904914855957,2.0727777226878934,8879216
2018-01-08,2.09128475189209,2.1236719846892145,2.054270897621075,2.054270897621075,10904938
2018-01-09,2.0450174808502197,2.1097917273067486,2.0311371748709743,2.1097917273067486,9854776
2018-01-10,2.1190452575683594,2.128298721638178,1.9941233823158138,2.04501754500981,12985992
2018-01-11,2.1051652431488037,2.13292563629947,2.091284936263474,2.1282987937976956,6046008
2018-01-12,2.128298759460449,2.160685994590365,2.105165209184786,2.114418673419049,8887052
2018-01-15,2.0542709827423096,2.1653125501564965,2.0542709827423096,2.123672072686168,7196668
2018-01-16,2.1745660305023193,2.183819494523266,1.9941233717838678,2.0450175342090664,13879178
2018-01-17,2.197699785232544,2.211580091475226,2.1468056231693526,2.1884463212774166,9649222
2018-01-18,2.1791927814483643,2.2208334781066057,2.1421789269165834,2.21158001447366,10627002
2018-01-19,2.13755202293396,2.2069531084827183,2.12829855956879,2.179192718387209,6841384
2018-01-22,2.2208335399627686,2.2300870038534475,2.1190452165453184,2.1375521443266763,6641964
2018-01-23,2.2300870418548584,2.2578474339999413,2.1838195009930677,2.2300870418548584,9432216
2018-01-24,2.239340305328369,2.2717273162867766,2.230086842108829,2.239340305328369,6559526
2018-01-25,2.2162065505981445,2.262473866980367,2.2023264659934614,2.2393403190992394,4188586
2018-01-26,2.2624740600585938,2.285607830533911,2.220833582071003,2.220833582071003,9980484
2018-01-29,2.243967056274414,2.2948612172323015,2.2347135925202504,2.276354289723975,7502662
2018-01-30,2.2856078147888184,2.2948612787912026,2.230087030774511,2.239340494776896,5853826
2018-01-31,2.313368320465088,2.331875249379209,2.294861391550967,2.3179951630036157,4994634
2018-02-01,2.294861078262329,2.3226214678437325,2.2671006886809257,2.3179948465568145,3283258
2018-02-02,2.290234327316284,2.3133680965295693,2.253220473071007,2.2994877908776035,2572502
2018-02-05,2.257847547531128,2.294861405585737,2.230087153990171,2.294861405585737,5796736
2018-02-06,2.211580276489258,2.24396729273161,2.1699395748976604,2.1976999690853916,6135370
2018-02-07,2.257847547531128,2.2763544765584327,2.230087153990171,2.239340618503823,4909358
2018-02-08,2.197699785232544,2.257847411250862,2.1699393933671622,2.257847411250862,6732940
2018-02-09,2.1653125286102295,2.197699762427085,2.1282986731738123,2.1653125286102295,3182614
2018-02-12,2.2162065505981445,2.225460013874589,2.165312392267716,2.188446160768811,4532680
2018-02-13,2.188446283340454,2.2393404445213894,2.1745659773383883,2.2393404445213894,3025594
2018-02-14,2.183819532394409,2.225460231520782,2.165312604031574,2.2023266813772326,4011978
2018-02-15,2.2162065505981445,2.225460013874589,2.188446160768811,2.211579929269906,2804826
2018-02-16,2.239340305328369,2.2578472317674496,2.2208333788892887,2.2439669266281563,3248736
2018-02-19,2.1791927814483643,2.253220490511926,2.174565939321904,2.243967026878981,3316296
2018-02-20,2.128298759460449,2.211580158188808,2.109791830991923,2.1930730091002917,2941686
2018-02-21,2.183819532394409,2.2023266813772326,2.1560591398501567,2.1745660682129917,2450238
2018-02-22,2.1745660305023193,2.202326643185144,2.156059102460426,2.179192872822785,1504824
2018-02-23,2.202326536178589,2.2439670119396307,2.1560589977019164,2.1791927669402527,9959666
2018-02-26,2.2254600524902344,2.234713515927243,2.1976996621792093,2.2115799676447074,3208438
2018-02-27,2.211580276489258,2.239340670676989,2.2069534338146353,2.2300872059477452,2141682
2018-02-28,2.206953287124634,2.220833593605915,2.174566052414969,2.202326665377531,1958898
2018-03-01,2.1745660305023193,2.230087035247984,2.151432480759945,2.206953264885625,9391136
2018-03-02,2.151432514190674,2.188446370849612,2.12367212169647,2.174566064292516,5900776
2018-03-05,2.183819532394409,2.206953303157947,2.1282987473059047,2.2023266813772326,7264220
2018-03-06,2.188446283340454,2.216206674724606,2.179192819545737,2.1930729049278233,7268456
2018-03-07,2.2717273235321045,2.285607628715667,2.188446154290631,2.1930727756051738,14133204
2018-03-08,2.290234327316284,2.3087412544389228,2.276354242284292,2.276354242284292,5249228
2018-03-09,2.3920226097106934,2.3920226097106934,2.2809808280910633,2.2902342915077014,13224768
2018-03-12,2.401276111602783,2.405902733075249,2.3457553302133483,2.3920226480378775,8220932
2018-03-13,2.253220558166504,2.364262345715932,2.2254601664341425,2.364262345715932,19906606
2018-03-14,2.1699392795562744,2.2717273777240017,2.160685816086481,2.253220450784415,10084376
2018-03-15,2.1097917556762695,2.2069532369775433,2.091284827868406,2.1745660030037914,13929676
2018-03-16,2.086658000946045,2.1190450111136587,2.035763844171274,2.11441838992684,16701172
2018-03-19,2.0727779865264893,2.1468057008460093,2.0681511440715235,2.0820314508164293,12875540
2018-03-20,2.09128475189209,2.132925448256968,2.0635243611888288,2.0866581304182,15747502
2018-03-21,2.0635242462158203,2.119045024528901,2.0588974043797497,2.1144184033127917,9520338
2018-03-22,2.0496442317962646,2.0774046248869147,2.0403907674327146,2.072778003015136,5286064
2018-03-23,2.1144185066223145,2.1236719701266145,1.9941232604464405,2.017257029517177,12017944
2018-03-26,2.1097917556762695,2.128298683484133,2.091284827868406,2.128298683484133,7756844
2018-03-27,2.0635242462158203,2.137551950633261,2.0542707831636404,2.119045024528901,6598374
2018-03-28,2.0496442317962646,2.0774046248869147,2.035764145560936,2.054271074288036,4508252
2018-03-29,2.0403904914855957,2.0681508808218667,2.035763870239532,2.0542707964637126,2338220
2018-03-30,2.0681509971618652,2.077404460794492,2.049644069896612,2.054270912022913,2974498
2018-04-02,2.0635242462158203,2.0866580141562516,2.0635242462158203,2.0727777092680006,2406212
2018-04-03,2.026510715484619,2.0820315026052945,2.0126304083944517,2.07740466003524,4901802
2018-04-04,2.0588977336883545,2.0588977336883545,1.9848700174306149,2.0357641826678092,5625138
2018-04-05,2.03576397895813,2.0635243697769257,2.012630209632479,2.05427090617066,2247454
2018-04-06,2.077404499053955,2.091284805068516,2.0265105584471845,2.0403906438417656,7333724
2018-04-09,1.9941232204437256,2.119045085555793,1.97561629380638,2.086658074250422,13378282
2018-04-10,1.9432291984558105,2.0080036668589925,1.864574865029062,2.0080036668589925,7863762
2018-04-11,1.8969618082046509,1.9663628957065231,1.8136806355743893,1.9339756627069893,8944984
2018-04-12,1.9062153100967407,1.9432291653421176,1.873828297067026,1.915468773908085,6780584
2018-04-13,1.8923351764678955,1.9247221886723016,1.8830817128923545,1.9154687250967606,2857534
2018-04-16,1.9339756965637207,1.947856002555078,1.901588683617186,1.9154687689885639,2737916
2018-04-17,1.8599481582641602,1.9617362693405074,1.8460679612992037,1.9478561826855507,8756618
2018-04-18,1.9571095705032349,1.9663630347832977,1.8275609602723581,1.8969619423728301,12225446
2018-04-19,1.975616455078125,2.0033768473002547,1.9432292205089805,1.975616455078125,9765160
2018-04-20,2.0080037117004395,2.0126303334782807,1.9524827060264267,1.989496783349098,6303054
2018-04-23,2.0080037117004395,2.0080037117004395,2.0080037117004395,2.0080037117004395,0
2018-04-24,2.021883726119995,2.0450174960506966,1.9941233345751417,2.0172571045058434,5834230
2018-04-25,1.9386024475097656,2.021883617677595,1.8969617521158664,2.017256996311589,4608604
2018-04-26,1.9200955629348755,1.9756163442649508,1.910842099379863,1.9617360386224452,3784346
2018-04-27,1.9200955629348755,1.9386024900449006,1.892335172269838,1.9200955629348755,7733230
2018-04-30,1.9015886783599854,1.9617360825029697,1.8692014448830103,1.91546876369299,3447446
2018-05-01,1.9015886783599854,1.9015886783599854,1.9015886783599854,1.9015886783599854,0
2018-05-02,1.864574909210205,1.94322924450067,1.832187674241198,1.9015887659633623,5426184
2018-05-03,1.8830819129943848,1.9108423066709117,1.850694676728438,1.8599481412872803,4674660
2018-05-04,1.864574909210205,1.9247223161240914,1.832187674241198,1.8738283733984944,6471560
2018-05-07,1.864574909210205,1.9015887659633623,1.818307477958764,1.859948066806066,4306450
2018-05-08,1.781293511390686,1.9015887664918696,1.7535331188181025,1.8830818381101473,7366366
2018-05-09,1.7674133777618408,1.79517388162857,1.7165193229078342,1.7581599132429306,3335620
2018-05-10,1.8183075189590454,1.8229342511575164,1.739652961275042,1.7674133544658677,3322246
2018-05-11,1.864574909210205,1.9108422301516517,1.8553214450219158,1.864574909210205,7431626
2018-05-14,1.8784550428390503,1.9062154361081993,1.8460679173583763,1.8692015784160005,3162716
2018-05-15,1.8136807680130005,1.8738283962813886,1.7720400683471944,1.8738283962813886,6946580
2018-05-16,1.7951738834381104,1.8692015996640128,1.7812935763357551,1.8692015996640128,5541482
2018-05-17,1.7766667604446411,1.8090539950790177,1.7674132963519602,1.7951737989399963,3063588
2018-05-18,1.8044272661209106,1.8229341943379467,1.753533103214068,1.781293495539622,12420186
2018-05-21,1.7905470132827759,1.8275609811355702,1.776666816704227,1.7859202810899262,5234058
2018-05-22,1.8044272661209106,1.8136807302294287,1.785920227593881,1.7951738020123926,3923272
2018-05-23,1.8044272661209106,1.8368143905007237,1.776666763485363,1.8044272661209106,4467402
2018-05-24,1.7350261211395264,1.82293413775166,1.71651919349697,1.82293413775166,2197320
2018-05-25,1.753533124923706,1.7951738242375637,1.7350261964775446,1.7766667854814078,7336964
2018-05-28,1.8090541362762451,1.82293433349862,1.7674134342991181,1.7812936315214931,9593416
2018-05-29,1.8090541362762451,1.8368145307209953,1.7951739390538701,1.8136808686837036,3744388
2018-05-30,1.8460679054260254,1.8553214800992606,1.7951738514282136,1.8136807801546908,8484136
2018-05-31,1.8692015409469604,1.9154688621347586,1.8229342197591625,1.859948076709401,9593346
2018-06-01,1.8229341506958008,1.8923352401581752,1.7581597931769184,1.8830817762711909,9273718
2018-06-04,1.7951738834381104,1.8414412060792993,1.7951738834381104,1.8090540802304669,3505270
2018-06-05,1.7766667604446411,1.8183074591716986,1.7720400283983007,1.8090539950790177,3743108
2018-06-06,1.758159875869751,1.8090540399518993,1.7211460185809129,1.7720400723530652,7670562
2018-06-07,1.7905470132827759,1.7951738557856223,1.7581598879328282,1.776666816704227,10066692
2018-06-08,1.758159875869751,1.8599480937240518,1.7442796793864366,1.7859202688363796,6236424
2018-06-11,1.7442797422409058,1.790547065519179,1.7118926159461143,1.7766668685356972,6959812
2018-06-12,1.8136807680130005,1.850694625218165,1.7350262111420298,1.7489064075939664,16987234
2018-06-13,1.762786626815796,1.8229342558611104,1.758159894605387,1.8183075236507014,2443638
2018-06-14,1.8506945371627808,1.8506945371627808,1.776666715964673,1.776666715964673,7682940
2018-06-15,1.8506945371627808,1.8506945371627808,1.8506945371627808,1.8506945371627808,0
2018-06-18,1.8090541362762451,1.8506947279433703,1.7998006714613284,1.8414412631284536,2175678
2018-06-19,1.8414411544799805,1.8692015472868155,1.799800565269728,1.8136807616731454,5182322
2018-06-20,1.8877084255218506,1.9062153535665758,1.8414411054100375,1.8414411054100375,9464770
2018-06-21,1.9247223138809204,1.9293491562796672,1.887708457170901,1.8923352995696476,4821492
2018-06-22,1.8738282918930054,1.9339756961906736,1.8645748281072119,1.9293490746077664,5005202
2018-06-25,1.8692015409469604,1.9802433324176658,1.8645749191381757,1.9339757906098778,4641710
2018-06-26,1.8784550428390503,1.9617362226464978,1.850694649569901,1.8599481139929508,5777662
2018-06-27,1.9524825811386108,1.9571094232404909,1.8738282509864181,1.8830817145702041,12469222
2018-06-28,1.9339756965637207,1.9756163939178133,1.9293490749799211,1.9524826241388775,3085034
2018-06-29,1.9386024475097656,1.9709896795516837,1.9247221421718095,1.9571093742137275,2279020
2018-07-02,1.9478559494018555,1.9802431820845845,1.929349022331717,1.938602485866786,3015306
2018-07-03,1.9478559494018555,1.9894966456196537,1.9339756437892648,1.9432291073243342,5159198
2018-07-04,1.97098970413208,1.9756163255557853,1.938602471686258,1.952482556577345,2707572
2018-07-05,1.9848698377609253,2.00337676515012,1.9802432162236152,1.9802432162236152,7301040
2018-07-06,1.975616455078125,1.9941233832262115,1.9571095269300385,1.9941233832262115,2484938
2018-07-09,1.975616455078125,2.012630311374298,1.961736148657067,1.9941233832262115,5360632
2018-07-10,1.9432291984558105,1.9848698966264298,1.9108421848742034,1.9432291984558108,5263440
2018-07-11,1.8877084255218506,1.994123372089013,1.8692014974771254,1.9571095159995626,16763914
2018-07-12,1.8506945371627808,1.9478560180134252,1.8044272178577074,1.8784549287458248,8186304
2018-07-13,1.8830819129943848,1.892335377553227,1.81830755077249,1.850694676728438,9838472
2018-07-16,1.9200955629348755,1.9339756479574075,1.8830817087148255,1.8969617937373573,2664272
2018-07-17,1.9432291984558105,1.9432291984558108,1.9108421848742034,1.9432291984558108,3052134
2018-07-18,1.9108421802520752,1.952482657701987,1.892335252358785,1.9386025720920106,2425038
2018-07-19,1.9015886783599854,1.9200956058839773,1.8923352145979895,1.906215299930994,2917974
2018-07-20,1.9617360830307007,1.9617360830307005,1.896961836679304,1.9062153004437892,5159830
2018-07-23,1.975616455078125,2.0080036896472695,1.961736148657067,1.975616455078125,3563560
2018-07-24,1.9571095705032349,1.9802433415133875,1.8969619423728301,1.9802433415133875,4609362
2018-07-25,1.9848698377609253,1.9941233014555226,1.9617360682144436,1.9709897525290179,6119662
2018-07-26,1.9987502098083496,2.0496441515041757,1.975616439495713,1.9941233674978287,9768786
2018-07-27,2.026510715484619,2.0450176445248442,1.9848700148341143,1.9987503219242815,5589790
2018-07-30,2.03576397895813,2.0588975276638055,2.017257051745599,2.0265105153518643,2674856
2018-07-31,1.9802433252334595,2.049644196453379,1.9617361762054932,2.031137268045402,6556208
2018-08-01,1.9339756965637207,2.017257091271906,1.8784549138382503,1.9756163939178133,8698856
2018-08-02,1.8506945371627808,1.9200956264303812,1.841441073301766,1.9200956264303812,6676712
2018-08-03,1.864574909210205,1.9247223161240914,1.8506946026177766,1.8553214450219158,6952682
2018-08-06,1.8506945371627808,1.8923352348473372,1.8368143413712588,1.873828307125308,4322266
2018-08-07,1.8553215265274048,1.887708542299206,1.8414412193252054,1.8553215265274048,5483110
2018-08-08,1.9062153100967407,1.920095616123747,1.8599479910400198,1.869201454851364,11652428
2018-08-09,1.8969618082046509,1.9386025048297693,1.8784548809534816,1.8784548809534816,8735194
2018-08-10,1.8969618082046509,1.9894966650804724,1.7674132071364783,1.9524825899581586,12298318
2018-08-13,1.9663629531860352,1.9941233448742637,1.8136806885907872,1.906215327551549,21747648
2018-08-14,1.9848698377609253,2.0774044747068983,1.9663629103717306,1.9987501436128097,15501766
2018-08-15,1.8599481582641602,2.0265107424636373,1.8275610320125952,1.98949688389042,12809402
2018-08-16,1.8368144035339355,1.9571095481082237,1.8044272789243179,1.8969619206660826,8419154
2018-08-17,1.8506945371627808,1.8923352348473372,1.813680681718722,1.8183074136492294,3232630
2018-08-20,1.8784550428390503,1.9062154361081993,1.850694649569901,1.8599481139929508,2482674
2018-08-21,1.8784550428390503,1.8784550428390503,1.8784550428390503,1.8784550428390503,0
2018-08-22,1.8784550428390503,1.8784550428390503,1.8784550428390503,1.8784550428390503,0
2018-08-23,1.8784550428390503,1.8784550428390503,1.8784550428390503,1.8784550428390503,0
2018-08-24,1.8784550428390503,1.8784550428390503,1.8784550428390503,1.8784550428390503,0
2018-08-27,1.8692015409469604,1.9154688621347586,1.859948076709401,1.8923353118508546,3144138
2018-08-28,1.9386024475097656,1.9432290688757716,1.8738282040458982,1.8923351307498604,5858384
2018-08-29,1.9571095705032349,1.9709898772333245,1.920095713382983,1.943229263773145,22417464
2018-08-30,1.9571095705032349,1.9571095705032346,1.9571095705032346,1.9571095705032346,0
2018-08-31,1.9386024475097656,1.9848697642696709,1.9108420574538223,1.9617359955797338,2423994
2018-09-03,1.9432291984558105,1.9802432749519074,1.8923352569361467,1.9339757344867823,6493488
2018-09-04,1.9941232204437256,1.998750062413046,1.9478559038503613,1.9478559038503613,5737250
2018-09-05,1.975616455078125,2.0080036896472695,1.9663629910040816,1.989496761499183,3025476
2018-09-06,1.97098970413208,1.994123252490549,1.9571093986210215,1.9848697890231672,2156154
2018-09-07,1.9524825811386108,1.9802431925099426,1.947855959656705,1.9802431925099426,1936528
2018-09-10,1.915468692779541,1.9571093884769128,1.9015886079603974,1.952482546457218,1390832
2018-09-11,1.9108421802520752,1.9339757298086966,1.892335252358785,1.9062153379687612,6641430
2018-09-12,1.864574909210205,1.9339757803123807,1.859948066806066,1.9339757803123807,2702182
2018-09-13,1.8923351764678955,1.9062152615212198,1.846067748280204,1.8692014072190561,9567740
2018-09-14,1.9247223138809204,1.9756164771671916,1.896961921348406,1.896961921348406,9226970
2018-09-17,1.9524825811386108,1.9802431925099426,1.9200955689053474,1.9200955689053474,5713008
2018-09-18,1.9524825811386108,1.9709897289261569,1.9432291175548249,1.9617360447223966,2863698
2018-09-19,1.9478559494018555,1.970989718549515,1.9432291073243342,1.9663628764719938,1090040
2018-09-20,1.9802433252334595,1.989496789437448,1.8877084625735845,1.9571095544134933,9211638
2018-09-21,1.975616455078125,2.0080036896472695,1.9663629910040816,1.9941233832262115,2471834
2018-09-24,2.0033769607543945,2.008003803363434,1.9617362597530335,1.9802434095691928,10655862
2018-09-25,1.975616455078125,2.0080036896472695,1.975616455078125,2.0080036896472695,2398470
2018-09-26,2.01725697517395,2.0311370597464964,1.9617359750238668,1.9848697434713987,4089930
2018-09-27,2.021883726119995,2.040390653816564,1.984869870726857,2.026510568354128,3024156
2018-09-28,2.026510715484619,2.026510715484619,1.9941234793542268,2.026510715484619,1839338
2018-10-01,1.9848698377609253,2.0450174620857964,1.9663629103717306,2.0218836925393147,4607092
2018-10-02,1.9617360830307007,1.9802432311796496,1.9386025339294768,1.9617360830307005,1858256
2018-10-03,1.9663629531860352,1.9756164170821113,1.9339757192397777,1.9709897954440643,1596126
2018-10-04,1.8553215265274048,1.9617362590576066,1.8553215265274048,1.9617362590576066,7803554
2018-10-05,1.8275609016418457,1.9894967419678273,1.8183074376586459,1.8599480255830452,7666734
2018-10-08,1.753533124923706,1.9062153949145317,1.7396529285890852,1.8321876811298863,19792490
2018-10-09,1.7766667604446411,1.8645748899450967,1.7489063681665982,1.7535331002129388,19699958
2018-10-10,1.725772738456726,1.8321876877145935,1.7165192742003894,1.7951738306892466,7062982
2018-10-11,1.702639102935791,1.7489064249000803,1.6795054419536466,1.7303994961143645,11992666
2018-10-12,1.7165192365646362,1.7442796287249824,1.6841321123775657,1.7350261646715337,7980644
2018-10-15,1.7396528720855713,1.7535330679693668,1.70263901639545,1.7118924803179802,10560858
2018-10-16,1.758159875869751,1.7674133401919605,1.735026215064227,1.753533143708646,2690734
2018-10-17,1.8090541362762451,1.82293433349862,1.7442797722618264,1.7674134342991181,11505138
2018-10-18,1.7905470132827759,1.8275609811355702,1.776666816704227,1.8044273201713217,4956106
2018-10-19,1.762786626815796,1.7998005948090652,1.758159894605387,1.7951738625986562,3913458
2018-10-22,1.7674133777618408,1.7905470390591165,1.73965298420511,1.772040110021296,14232536
2018-10-23,1.7489063739776611,1.7812934984096567,1.7396529098542337,1.776666766347943,3362428
2018-10-24,1.7951738834381104,1.804427347966348,1.7627866472792795,1.7627866472792795,4704100
2018-10-25,1.8460679054260254,1.8460679054260254,1.7859202767549787,1.804427315791452,6546794
2018-10-26,1.8368144035339355,1.8784549923177296,1.8275609393597592,1.8506945997952002,5587318
2018-10-29,1.8368144035339355,1.8368144035339355,1.8368144035339355,1.8368144035339355,0
2018-10-30,1.785920262336731,1.86920155124352,1.7674133337596656,1.8553214651207168,5118026
2018-10-31,1.753533124923706,1.7951738242375637,1.7396529285890852,1.7859202497044884,6835336
2018-11-01,1.7396528720855713,1.758159799930632,1.7118924803179802,1.758159799930632,9765822
2018-11-02,1.7720400094985962,1.7951737797935583,1.748906349513626,1.758159813507614,3934616
2018-11-05,1.8090541362762451,1.8136808686837036,1.7627867018916599,1.7812936315214931,7784988
2018-11-06,1.8183075189590454,1.8368144477529293,1.7859202832597516,1.8090540545621034,9195084
2018-11-07,1.8460679054260254,1.8506946376076447,1.8090540479730715,1.8275609766995484,7257434
2018-11-08,1.8692015409469604,1.883081847613295,1.8414411482342816,1.8506946124718413,10062078
2018-11-09,1.4990626573562622,1.721146022172745,1.4990626573562622,1.6702518579843866,27059388
2018-11-12,1.5083160400390625,1.5777171291531564,1.4990625761985152,1.573090397232883,21137880
2018-11-13,1.4481686353683472,1.5221963517306918,1.3972744700592366,1.5221963517306918,12675730
2018-11-14,1.420408010482788,1.4666754395798431,1.401901082967962,1.4666754395798431,9282398
2018-11-15,1.4065278768539429,1.448168575908036,1.401901144771265,1.420408073101976,7539996
2018-11-16,1.4065278768539429,1.434288269350009,1.4065278768539429,1.415781341019298,4492072
2018-11-19,1.429661512374878,1.457422014697588,1.4065278523642797,1.415781316368519,8114868
2018-11-20,1.3880208730697632,1.4527952290160802,1.3833941412385968,1.438914923212593,5998112
2018-11-21,1.369513988494873,1.4204080402263755,1.3556337925680997,1.4157813082507844,4412494
2018-11-22,1.3510069847106934,1.3787673750050262,1.3371267895635268,1.3741406432893042,4224972
2018-11-23,1.374140739440918,1.374140739440918,1.3325001510857362,1.3463803472041302,5316152
2018-11-26,1.420408010482788,1.4620487077011366,1.3741406916957224,1.378767423574429,29825250
2018-11-27,1.4435416460037231,1.4620486835224782,1.4250347187949555,1.4250347187949555,13376764
2018-11-28,1.4481686353683472,1.4759290290042264,1.443541792785702,1.4527953676409937,9176458
2018-11-29,1.4435416460037231,1.471302147126862,1.4296614505971474,1.4666754153246702,3856992
2018-11-30,1.4250348806381226,1.4435418099487476,1.4157814159828102,1.4389150776210913,2217178
2018-12-03,1.4666754007339478,1.471302132490112,1.429661436374646,1.4435416316431393,10866366
2018-12-04,1.420408010482788,1.4851823670946693,1.411154546725375,1.4620487077011366,6757960
2018-12-05,1.4157812595367432,1.4342881868023234,1.397274332271163,1.4204079913531382,5638672
2018-12-06,1.3833942413330078,1.4204080986604475,1.378767509167078,1.4157813664945174,4166566
2018-12-07,1.3880208730697632,1.4065278003944286,1.3833941412385968,1.397274336732096,3567358
2018-12-10,1.3648872375488281,1.39727436092782,1.355633773726259,1.3926476290165355,3631910
2018-12-11,1.3371268510818481,1.3695139745819649,1.3186198130575053,1.3648872426533767,4220574
2018-12-12,1.2445921897888184,1.3417536774369414,1.2353387252804255,1.337126945182745,7547984
2018-12-13,1.2584723234176636,1.2723525194839254,1.235338663307227,1.249218859373489,3903200
2018-12-14,1.202951431274414,1.2677257900245715,1.1890712351800932,1.258472325961691,5250950
2018-12-17,1.1890711784362793,1.2260851432314468,1.1844444466256319,1.2122048374895167,2759132
2018-12-18,1.2260851860046387,1.2260851860046387,1.1659375600579245,1.1798177559740912,5956076
2018-12-19,1.2538455724716187,1.258472304423876,1.207578142639055,1.226085180758075,3398724
2018-12-20,1.2492188215255737,1.2677257490532137,1.2353386258798438,1.2492188215255737,1851082
2018-12-21,1.3093664646148682,1.3093664646148682,1.2353387472322608,1.2492189442414998,20852820
2018-12-24,1.3093664646148682,1.337126968943346,1.2954862676056293,1.3093664646148682,4374732
2018-12-25,1.2908594608306885,1.3093663891091223,1.2630990684130379,1.3001129249699055,2726192
2018-12-26,1.2816059589385986,1.3047396186051818,1.2723524950719654,1.290859422805232,1108298
2018-12-27,1.2492188215255737,1.2954861403446734,1.2399653577617538,1.2862326765808534,2099388
2018-12-28,1.2538455724716187,1.2677257683283905,1.2445921085671041,1.2538455724716187,1329634
2018-12-31,1.2445921897888184,1.2538456542972112,1.239965457534622,1.2538456542972112,718232
2019-01-01,1.2445921897888184,1.2445921897888184,1.2445921897888184,1.2445921897888184,0
2019-01-02,1.1936980485916138,1.2538456794108814,1.189071316244747,1.244592214717148,2311852
2019-01-03,1.1705642938613892,1.2168317239643243,1.1381771700063286,1.1890712217785666,3423220
2019-01-04,1.207578182220459,1.2214584888421838,1.189071253804819,1.193697985908729,1937098
2019-01-07,1.207578182220459,1.2353386851539137,1.198324718012639,1.2168317567382736,1415460
2019-01-08,1.2723525762557983,1.3556338666793408,1.2029514825178467,1.2029514825178467,8707058
2019-01-09,1.2445921897888184,1.3325002129285486,1.2445921897888184,1.286232780076586,6442438
2019-01-10,1.2538455724716187,1.2816059641851623,1.2307119127103323,1.2492188405193614,3102884
2019-01-11,1.3093664646148682,1.3093664646148682,1.2538456765779127,1.2584724089143255,4445072
2019-01-14,1.2908594608306885,1.3047396570395138,1.2723525325522547,1.295486192900297,5089334
2019-01-15,1.2908594608306885,1.3093663891091223,1.2816059966914717,1.2908594608306885,2957714
2019-01-16,1.3139930963516235,1.3232465603160017,1.2908594364406778,1.295486168422867,6793126
2019-01-17,1.3093664646148682,1.3186199292876941,1.2954862676056293,1.3186199292876941,3604044
2019-01-18,1.3139930963516235,1.3232465603160017,1.304739632387245,1.3093663643694344,2601372
2019-01-21,1.3186198472976685,1.364887278094951,1.3093663832002107,1.3139931152489397,9341128
2019-01-22,1.3278732299804688,1.3510069991157274,1.3139930346853055,1.31861976645036,3142962
2019-01-23,1.3278732299804688,1.3371268038205641,1.3093663029202511,1.3371268038205641,3328362
2019-01-24,1.3510069847106934,1.3556337164264154,1.3278732158220972,1.3278732158220972,4760388
2019-01-25,1.3602606058120728,1.3787675348201285,1.351007141308045,1.3648873380640867,3162090
2019-01-28,1.3833942413330078,1.4019011699967276,1.3695140448352179,1.3695140448352179,7320422
2019-01-29,1.4065278768539429,1.4065278768539429,1.3833942164405544,1.3833942164405544,3851482
2019-01-30,1.3880208730697632,1.411154532225595,1.3833941412385968,1.411154532225595,4157934
2019-01-31,1.401901125907898,1.4157813219691653,1.3926476618670531,1.3972743938874757,4654134
2019-02-01,1.369513988494873,1.401901112324011,1.3510070605925086,1.3972743803484198,2449472
2019-02-04,1.378767490386963,1.3880209545927817,1.3648872940782344,1.3695140261811438,3091902
2019-02-05,1.3648872375488281,1.4019010928391047,1.3510070418149744,1.374140701371397,2800780
2019-02-06,1.3278732299804688,1.378767389706054,1.3232464982154144,1.378767389706054,2701894
2019-02-07,1.3371268510818481,1.378767438439141,1.3278732769146815,1.33250011915326,3840132
2019-02-08,1.3278732299804688,1.369513926175945,1.31861976645036,1.3417535355856185,3993804
2019-02-11,1.346380352973938,1.3556338170925224,1.3371268888553538,1.35100708503323,1903576
2019-02-12,1.3325002193450928,1.355633880727473,1.3186199122056659,1.3510071484509971,2047222
2019-02-13,1.2954862117767334,1.3371269113199469,1.286232747502685,1.3371269113199469,1410942
2019-02-14,1.2862327098846436,1.3001129058897665,1.267725781877813,1.2954861738880588,1606890
2019-02-15,1.2769792079925537,1.2954861354502736,1.2630990123992636,1.2816059398569837,1620426
2019-02-18,1.3278732299804688,1.3325000720555098,1.2677257170347613,1.272352448799816,9068572
2019-02-19,1.3093664646148682,1.346380433616172,1.3093664646148682,1.3325002366069332,5802112
2019-02-20,1.3186198472976685,1.3371268858025775,1.3093663832002107,1.3186198472976685,5029928
2019-02-21,1.3232465982437134,1.3371269048981185,1.3139931340141067,1.31861986612891,5228374
2019-02-22,1.369513988494873,1.374140720470464,1.318619826453379,1.32324655842897,7452946
2019-02-25,1.420408010482788,1.4296614742402012,1.3926476192105488,1.3972743510892554,10693698
2019-02-26,1.4111546277999878,1.425034824233562,1.3972744313664136,1.4204080920890372,4396570
2019-02-27,1.4250348806381226,1.45279538491406,1.3972744866721851,1.4157814159828102,7894414
2019-02-28,1.4250348806381226,1.4435418099487476,1.4157814159828102,1.4157814159828102,5281836
2019-03-01,1.392647624015808,1.4296614791731752,1.3741406964371246,1.4204080153838334,6309392
2019-03-04,1.4065278768539429,1.4111546089366205,1.3833942164405544,1.3972744126885874,3379764
2019-03-05,1.429661512374878,1.4481685506933486,1.40190112036216,1.40190112036216,9533470
2019-03-06,1.4111546277999878,1.4481685952661811,1.3972744313664136,1.4435417528116607,4446352
2019-03-07,1.2954862117767334,1.4157813576493588,1.2723525510916123,1.4157813576493588,8971610
2019-03-08,1.3093664646148682,1.3093664646148682,1.2630991412507386,1.3047397322784553,8684680
2019-03-11,1.3001128435134888,1.3510070034004862,1.2954861117337606,1.3417535398410296,6743320
2019-03-12,1.3047395944595337,1.3139930581549213,1.290859398916452,1.3047395944595337,2636814
2019-03-13,1.2954862117767334,1.327873336735903,1.286232747502685,1.3186198724618545,8614074
2019-03-14,1.3232465982437134,1.3278733303585168,1.2908594734400896,1.295486205554893,4486968
2019-03-15,1.3833942413330078,1.3833942413330078,1.3186198806999925,1.3186198806999925,15912302
2019-03-18,1.401901125907898,1.4111545899487428,1.3833941978262085,1.3880209298466308,5719576
2019-03-19,1.2816059589385986,1.3787674398482381,1.253845567338699,1.290859422805232,38720146
2019-03-20,1.2630990743637085,1.2908594669121431,1.253845610180897,1.2677258064551142,11841130
2019-03-21,1.2538455724716187,1.3093663558987059,1.2492188405193614,1.2677257683283905,16929610
2019-03-22,1.2122048139572144,1.2677257049171553,1.2075780822363846,1.2677257049171553,12603160
2019-03-25,1.1705642938613892,1.2168317239643243,1.1474306339649174,1.2122048816750384,7095112
2019-03-26,1.1659375429153442,1.1890712024354921,1.1566840791072852,1.1798177386274329,4091034
2019-03-27,1.1196701526641846,1.1890711268107357,1.1150434210544145,1.1890711268107357,4582672
2019-03-28,1.1104167699813843,1.1335504297080816,1.0734028041086776,1.1104167699813843,4205418
2019-03-29,1.1242969036102295,1.1335503669889158,1.096536403164186,1.1104167085422,2732534
2019-04-01,1.1242969036102295,1.1474305620569452,1.105789976852857,1.138177098678259,2638354
2019-04-02,1.1613107919692993,1.1705642556256295,1.1335504010003092,1.1520573283129694,5615718
2019-04-03,1.1474305391311646,1.1613107339218662,1.142803807534264,1.142803807534264,2881528
2019-04-04,1.152057409286499,1.1705643378999375,1.1428039449797798,1.152057409286499,4935596
2019-04-05,1.156684160232544,1.1705643569181348,1.1474306957754834,1.1659376246896045,2939832
2019-04-08,1.1335504055023193,1.156684064735022,1.1289236736557788,1.1520573328884816,2406106
2019-04-09,1.1428039073944092,1.1474306393956013,1.1335504433920247,1.1381771753932168,2691478
2019-04-10,1.1242969036102295,1.1474305620569452,1.1150434402315432,1.142803830367602,3485298
2019-04-11,1.1150435209274292,1.1289237169999706,1.1104167889032486,1.1242969849757902,3674522
2019-04-12,1.1150435209274292,1.1242969849757902,1.082656286448173,1.1057900568790682,5496996
2019-04-15,1.1011632680892944,1.115043463446304,1.1011632680892944,1.1104167316606341,3074996
2019-04-16,1.1242969036102295,1.1335503669889158,1.105789976852857,1.1104167085422,10841788
2019-04-17,1.1474305391311646,1.1520572707280652,1.1196701495497612,1.1289236127435622,8646764
2019-04-18,1.1474305391311646,1.184444391906369,1.1381770759373635,1.1566840023249656,16058900
2019-04-19,1.152057409286499,1.1613108735932183,1.1381772128264203,1.1474306771331395,5133976
2019-04-22,1.1335504055023193,1.1428038691954006,1.1242969418092383,1.1428038691954006,3034912
2019-04-23,1.1335504055023193,1.1335504055023193,1.1335504055023193,1.1335504055023193,0
2019-04-24,1.1104167699813843,1.1289236977627422,1.1057900380360448,1.1242969658174027,4954872
2019-04-25,1.0872830152511597,1.115043517623992,1.0826562832406863,1.1104167856135185,3857480
2019-04-26,1.105790138244629,1.1196703353384945,1.0919098308407627,1.0965365632053845,2771036
2019-04-29,1.0919097661972046,1.105790072779325,1.0734028378343698,1.1011633406886163,2795612
2019-04-30,1.0919097661972046,1.105790072779325,1.082656302015787,1.0919097661972046,3761286
2019-05-01,1.0919097661972046,1.0919097661972046,1.0919097661972046,1.0919097661972046,0
2019-05-02,1.0872830152511597,1.1104167856135185,1.0826562832406863,1.0872830152511597,4846132
2019-05-03,1.0826562643051147,1.091909728164219,1.0780295323755626,1.0872829962346668,1593810
2019-05-06,1.0363889932632446,1.0641493861330646,1.0271355289733046,1.0641493861330646,2894482
2019-05-07,1.0502691268920898,1.0595225906286732,0.9854948807360078,0.994748344472591,8996882
2019-05-08,1.0317621231079102,1.0641492437905407,1.0271353915818202,1.0502690492122704,2233664
2019-05-09,1.0132553577423096,1.0595226803428723,1.0086286254822532,1.0363890190425908,6109508
2019-05-10,1.0225087404251099,1.0502691317636221,1.0132552766456058,1.017882008535358,5125268
2019-05-13,1.0548958778381348,1.1104167715717161,1.0225087541743738,1.0919097334538617,12863826
2019-05-14,1.0548958778381348,1.0687760736940324,1.0317622180783055,1.0502691458861688,10087004
2019-05-15,1.0502691268920898,1.0641493224969647,1.027135467550632,1.0595225906286732,4888284
2019-05-16,1.0502691268920898,1.0687760543652562,1.0410156631555068,1.0502691268920898,4645268
2019-05-17,1.0595226287841797,1.0687760928539984,1.0363889686096328,1.050269164714361,4749268
2019-05-20,1.073402762413025,1.082656225944259,1.0595225671161739,1.0641492988817909,6426720
2019-05-21,1.0410157442092896,1.0734028698090015,1.031762279752229,1.0687761375804712,4188298
2019-05-22,0.9947483539581299,1.0363889411698228,0.9901216220457195,1.027135477345002,3305664
2019-05-23,0.9762412905693054,0.9947483280468643,0.9716145587774124,0.9854948644630784,3343756
2019-05-24,0.9901216626167297,1.0040018589227127,0.9808680881027466,0.9808680881027466,3883200
2019-05-27,0.9901216626167297,1.0178820552286956,0.9901216626167297,1.0086285910247068,4313374
2019-05-28,1.017881989479065,1.0317621848884628,0.9993750622665344,0.9993750622665344,10528532
2019-05-29,1.0040018558502197,1.0132553200258905,0.9993751237623844,1.008628587938055,5260684
2019-05-30,1.0363889932632446,1.0456424575531846,1.0132553325383944,1.0178820646833646,7110220
2019-05-31,1.045642375946045,1.1242969265819378,1.0132552534589072,1.041015644162168,6436006
2019-06-03,1.0872830152511597,1.1057900536030452,1.0595226231883197,1.0595226231883197,3623268
2019-06-04,1.0872830152511597,1.0872830152511597,1.0872830152511597,1.0872830152511597,0
2019-06-05,1.0872830152511597,1.0872830152511597,1.0872830152511597,1.0872830152511597,0
2019-06-06,1.0872830152511597,1.0872830152511597,1.0872830152511597,1.0872830152511597,0
2019-06-07,1.0919097661972046,1.1011633406886163,1.0734028378343698,1.0965364982879133,4279660
2019-06-10,1.1104167699813843,1.1150435019267237,1.0826562679993565,1.1011633060907053,9933764
2019-06-11,1.09653639793396,1.128923629914867,1.0872829345994106,1.115043434913043,10251732
2019-06-12,1.0780295133590698,1.0965364407508154,1.0780295133590698,1.0872829770549426,5228318
2019-06-13,1.0410157442092896,1.0734028698090015,1.0225088152951685,1.0734028698090015,7998278
2019-06-14,1.0363889932632446,1.0456424575531846,1.0225087968283346,1.0410157254082146,3811988
2019-06-17,1.0502691268920898,1.0548958587603814,1.0317621994189237,1.0317621994189237,6208252
2019-06-18,1.06877601146698,1.0826562065147347,1.0502690847366403,1.0548958164192253,10082522
2019-06-19,1.0641493797302246,1.082656308198751,1.0548959154959614,1.0734028439644878,7285676
2019-06-20,1.0826562643051147,1.1011633023333138,1.0734028004460106,1.0780295323755626,12809078
2019-06-21,1.0826562643051147,1.096536460093771,1.0734028004460106,1.0826562643051147,5853702
2019-06-24,1.0919097661972046,1.105790072779325,1.0780295699250784,1.1011633406886163,7156426
2019-06-25,1.0780295133590698,1.0919097089028789,1.0734027815111336,1.0872829770549426,3827250
2019-06-26,1.073402762413025,1.091909689475493,1.068776030647408,1.078029494178642,4409146
2019-06-27,1.0826562643051147,1.0872829962346668,1.0734028004460106,1.0780295323755626,4328270
2019-06-28,1.0780295133590698,1.0872829770549426,1.0780295133590698,1.0872829770549426,3806572
2019-07-01,1.128923773765564,1.13355050602239,1.0919098054009566,1.0919098054009566,12663200
2019-07-02,1.1428039073944092,1.1613108353991781,1.12429697938964,1.1335504433920247,14246168
2019-07-03,1.128923773765564,1.1428039705360424,1.1196703092519116,1.1381772382792164,4520178
2019-07-04,1.1242969036102295,1.1335503669889158,1.1104167085422,1.1335503669889158,4400962
2019-07-05,1.1335504055023193,1.1520573328884816,1.1242969418092383,1.1242969418092383,6462284
2019-07-08,1.1196701526641846,1.1335503474934947,1.1057899578348744,1.1104166894446443,3359820
2019-07-09,1.0641493797302246,1.1196702754457988,1.059522647613093,1.1196702754457988,4257856
2019-07-10,1.0826562643051147,1.0826562643051147,1.054895872727802,1.0734028004460106,2838330
2019-07-11,1.0826562643051147,1.096536460093771,1.0780295323755626,1.0872829962346668,1770940
2019-07-12,1.0548958778381348,1.0965364654058274,1.045642413934203,1.0872830015018957,5160964
2019-07-15,1.0548958778381348,1.0548958778381348,1.0548958778381348,1.0548958778381348,0
2019-07-16,1.0780295133590698,1.0872829770549426,1.0595225859673243,1.0641493178152608,4055340
2019-07-17,1.0872830152511597,1.0965364792721062,1.0734028192197398,1.0826562832406863,4497680
2019-07-18,1.09653639793396,1.1057899715784936,1.0780294712648613,1.0872829345994106,6934344
2019-07-19,1.1104167699813843,1.1242969658174027,1.1011633060907053,1.1057900380360448,7815296
2019-07-22,1.1196701526641846,1.142803810713035,1.1011632262251043,1.1104166894446443,7601348
2019-07-23,1.1428039073944092,1.1428039073944092,1.12429697938964,1.12429697938964,6247816
2019-07-24,1.1381771564483643,1.1705642799176295,1.124296960675822,1.1474306202967257,7379182
2019-07-25,1.1150435209274292,1.1428039130725123,1.1057900568790682,1.1381771810483317,4758416
2019-07-26,1.1335504055023193,1.1428038691954006,1.1104167462696166,1.1196702099626976,4508294
2019-07-29,1.152057409286499,1.1566841414398585,1.1335504806730605,1.1335504806730605,4806420
2019-07-30,1.128923773765564,1.156684167306521,1.1242970415087379,1.1474307027928685,4981608
2019-07-31,1.1196701526641846,1.1335503474934947,1.1057899578348744,1.1289236158837248,5549006
2019-08-01,1.0919097661972046,1.119670269051451,1.0872830341064958,1.1150435369607425,7822774
2019-08-02,1.0641493797302246,1.0919097724330142,1.0502691833788298,1.0872830403158826,7554032
2019-08-05,1.045642375946045,1.068776034865429,1.0317621805944144,1.0502691077299218,5447218
2019-08-06,1.045642375946045,1.0548958395137986,1.045642375946045,1.045642375946045,3021178
2019-08-07,1.045642375946045,1.0595225712976755,1.0317621805944144,1.0595225712976755,6310070
2019-08-08,1.0872830152511597,1.091909747261633,1.0456424271568998,1.0456424271568998,5736980
2019-08-09,1.1613107919692993,1.1936979147664544,1.0965364360650012,1.1057900100313192,45825908
2019-08-12,1.1613107919692993,1.1613107919692993,1.1613107919692993,1.1613107919692993,0
2019-08-13,1.1613107919692993,1.1613107919692993,1.1613107919692993,1.1613107919692993,0
2019-08-14,1.1613107919692993,1.1613107919692993,1.1613107919692993,1.1613107919692993,0
2019-08-15,1.2214584350585938,1.2538455583598853,1.147430614345652,1.1798177376469436,25266188
2019-08-16,1.1890711784362793,1.2260851432314468,1.1751909830043368,1.2214584114207994,13575708
2019-08-19,1.207578182220459,1.2584723456734637,1.193697985908729,1.198324718012639,20845364
2019-08-20,1.1936980485916138,1.2214585529828144,1.1844445838978803,1.2122049779790807,9028236
2019-08-21,1.1705642938613892,1.1983246857371552,1.1659375618820946,1.1890712217785666,4918550
2019-08-22,1.1705642938613892,1.1751910258406835,1.1335504380270343,1.1705642938613892,7515804
2019-08-23,1.1659375429153442,1.1844444705314625,1.1613108110113148,1.1705642748193739,4507668
2019-08-26,1.202951431274414,1.24459212986737,1.1566841109600108,1.1613108429914512,19576202
2019-08-27,1.1983246803283691,1.2307119143472376,1.1890712164115471,1.2029514122867802,10695540
2019-08-28,1.207578182220459,1.2168317567382736,1.193697985908729,1.202951450116549,9798986
2019-08-29,1.2260851860046387,1.2399653819208054,1.207578147806425,1.207578147806425,10592164
2019-08-30,1.2260851860046387,1.2260851860046387,1.2260851860046387,1.2260851860046387,0
2019-09-02,1.2677258253097534,1.2723525574699717,1.2260852358677892,1.2307119680280074,9970940
2019-09-03,1.2630990743637085,1.3001129310949546,1.253845610180897,1.2677258064551142,10744976
2019-09-04,1.2630990743637085,1.2862327348207374,1.253845610180897,1.2769792706379257,7461182
2019-09-05,1.2538455724716187,1.2816059641851623,1.2445921085671041,1.2723525002806477,7815054
2019-09-06,1.2214584350585938,1.2538455583598853,1.2075781290480505,1.2492188264597006,7695628
2019-09-09,1.2538455724716187,1.2630990363761332,1.226085180758075,1.226085180758075,9570672
2019-09-10,1.2538455724716187,1.2723525002806477,1.2353386446625896,1.2538455724716187,9453170
2019-09-11,1.2492188215255737,1.2677257490532137,1.2399653577617538,1.2584722852893937,6405630
2019-09-12,1.2630990743637085,1.2677258064551142,1.2399654139066798,1.2492188780894913,9528966
2019-09-13,1.2630990743637085,1.2862327348207374,1.2584723422723028,1.2677258064551142,8536018
2019-09-16,1.2445921897888184,1.263099118805604,1.2353387252804255,1.2584723865514076,11307012
2019-09-17,1.2492188215255737,1.2584722852893937,1.2353386258798438,1.2445920896436637,11312018
2019-09-18,1.2538455724716187,1.2630990363761332,1.2307119127103323,1.2538455724716187,14624632
2019-09-19,1.2399654388427734,1.2538456353961258,1.226085242289421,1.2538456353961258,6695380
2019-09-20,1.2260851860046387,1.244592113892861,1.2122048797784806,1.244592113892861,5513288
2019-09-23,1.2122048139572144,1.2307118511505182,1.193697887073896,1.2260851194296887,7302082
2019-09-24,1.2168316841125488,1.2260851477680825,1.212204841974794,1.2214584159403157,5109786
2019-09-25,1.2399654388427734,1.2445921710272243,1.2168317779205196,1.2214585101049702,6829264
2019-09-26,1.2260851860046387,1.2538455778369724,1.2214584540325832,1.2492188458649167,5297904
2019-09-27,1.2492188215255737,1.2538455534074837,1.2260851621160238,1.2307118939979338,7691222
2019-09-30,1.2630990743637085,1.3001129310949546,1.2492188780894913,1.253845610180897,21851864
2019-10-01,1.2445921897888184,1.286232780076586,1.239965457534622,1.2723525833139968,13561694
2019-10-02,1.2492188215255737,1.2584722852893937,1.2445920896436637,1.2445920896436637,7456688
2019-10-03,1.2214584350585938,1.2584722902600698,1.2168317031584093,1.2538455583598853,12258068
2019-10-04,1.2445921897888184,1.2492189220430148,1.212204953699445,1.2260852607720325,19695148
2019-10-07,1.2307119369506836,1.2584723292110016,1.2260852049072972,1.2492188651242289,15020962
2019-10-08,1.202951431274414,1.2260852017416086,1.1890712351800932,1.2214584697101682,11490638
2019-10-09,1.1705642938613892,1.207578149695744,1.1613108299028003,1.2029514177164495,7217316
2019-10-10,1.1428039073944092,1.175191031402755,1.12429697938964,1.1705642994015626,7894782
2019-10-11,1.152057409286499,1.1613108735932183,1.1428039449797798,1.1566841414398585,8897434
2019-10-14,1.0872830152511597,1.1335504456658851,1.0595226231883197,1.1335504456658851,10623312
2019-10-15,1.1011632680892944,1.1104167316606341,1.087282962422298,1.1104167316606341,8448772
2019-10-16,1.0826562643051147,1.0872829962346668,1.0687760685164582,1.0780295323755626,5882282
2019-10-17,1.0872830152511597,1.091909747261633,1.0687760872092664,1.0826562832406863,7162216
2019-10-18,1.128923773765564,1.1381772382792164,1.1150435769950855,1.1196703092519116,9289920
2019-10-21,1.105790138244629,1.138177264796982,1.101163405880007,1.138177264796982,9477354
2019-10-22,1.1381771564483643,1.1520573522209065,1.087282994972386,1.11041676490328,15497992
2019-10-23,1.179817795753479,1.189071260009585,1.1474306708571076,1.1566841351132138,37675532
2019-10-24,1.179817795753479,1.2029514563937442,1.175191063625426,1.189071260009585,20147146
2019-10-25,1.202951431274414,1.2075781633058544,1.175191039085772,1.1798177711172124,17013976
2019-10-28,1.2214584350585938,1.2260851669587782,1.2075781290480505,1.2075781290480505,5847150
2019-10-30,1.2168316841125488,1.2214584159403157,1.1936979146637265,1.207578110147027,18760996
2019-10-31,1.2214584350585938,1.2445920945595161,1.212204860948235,1.2260851669587782,21071720
2019-11-01,1.207578182220459,1.2307119530500037,1.184444521700909,1.2260852209460937,19502796
2019-11-04,1.2307119369506836,1.23533866899407,1.2122048984671452,1.2168317408205247,16636798
2019-11-05,1.2677258253097534,1.2677258253097534,1.221458503707571,1.2307119680280074,28661930
2019-11-06,1.2584723234176636,1.2862327155501874,1.249218859373489,1.2723525194839254,21793546
2019-11-07,1.2677258253097534,1.2862327539506264,1.2353387001882257,1.27697928963019,41993020
2019-11-08,1.2630990743637085,1.27235253854652,1.253845610180897,1.27235253854652,10514292
2019-11-11,1.3278732299804688,1.3325000720555098,1.2492187899745437,1.253845521739598,47550280
2019-11-12,1.3510069847106934,1.3741406432893042,1.3186197523906529,1.3325000578478048,33082504
2019-11-13,1.3510069847106934,1.36488717985786,1.3371267895635268,1.3510069847106934,25221662
2019-11-14,1.4250348806381226,1.4296616129657789,1.3278733914473415,1.337126966412654,42002780
2019-11-15,1.4713022708892822,1.5407032537600052,1.4250348386654703,1.4435417674309963,49409868
2019-11-18,1.5453299283981323,1.5592101244553318,1.485182412150267,1.485182412150267,28108234
2019-11-19,1.5545833110809326,1.5777170802756084,1.5221961886423678,1.568463616721733,25015962
2019-11-20,1.5777171850204468,1.6054775775250893,1.5453299501217026,1.5545834142899169,24862438
2019-11-21,1.6054775714874268,1.633237963887672,1.5684637149537666,1.582343911153889,21873178
2019-11-22,1.6378647089004517,1.6748785657266783,1.5823439236611119,1.6101043162807818,24180602
2019-11-25,1.619357705116272,1.665625023995598,1.605477509452474,1.6563715602197329,13422878
2019-11-26,1.6887588500976562,1.6887588500976562,1.5684637066872746,1.6239844911951462,16388622
2019-11-27,1.647118091583252,1.7118924481331503,1.6424913597089728,1.6933855206360333,16783038
2019-11-28,1.647118091583252,1.6748784828289274,1.6193577003375765,1.6609982872060896,14674600
2019-11-29,1.6841320991516113,1.7026390271131688,1.642491400928115,1.6517448649088937,18473328
2019-12-02,1.725772738456726,1.7303994705848944,1.6887588814313792,1.711892542072221,13513852
2019-12-03,1.762786626815796,1.7674133590262049,1.7072658402908876,1.7257727691325238,13353112
2019-12-04,1.762786626815796,1.7674133590262049,1.7350262335533417,1.758159894605387,6696896
2019-12-05,1.7674133777618408,1.7859203067996614,1.7674133777618408,1.7859203067996614,9414628
2019-12-06,1.758159875869751,1.7859202688363796,1.758159875869751,1.77666680451417,3329656
2019-12-09,1.781293511390686,1.8136807463686944,1.7257727262455191,1.7627865830089637,12163292
2019-12-10,1.7674133777618408,1.8183075429258457,1.7442797164645651,1.8183075429258457,6691090
2019-12-11,1.7998005151748657,1.8090539791862539,1.7303994247794625,1.758159816813627,9344130
2019-12-12,1.8460679054260254,1.8553214800992606,1.8136807801546908,1.81830751233631,5961450
2019-12-13,1.8229341506958008,1.8599480062437388,1.7998004909783394,1.8506945423567542,5874292
2019-12-16,1.8414411544799805,1.8414411544799805,1.7859202585563152,1.799800565269728,6331816
2019-12-17,1.762786626815796,1.8553214916439706,1.7396529657637507,1.8460679169131555,5865316
2019-12-18,1.7165192365646362,1.7627865568318801,1.7072657725111875,1.7581598248051558,8979696
2019-12-19,1.698012351989746,1.7303994770071267,1.6933856198444062,1.7072658162804264,4505528
2019-12-20,1.7442797422409058,1.7859203331913518,1.707265883618287,1.707265883618287,10409474
2019-12-23,1.8229341506958008,1.8368143465262774,1.7581597931769184,1.767413257063903,10131492
2019-12-24,1.8414411544799805,1.8692015472868155,1.8136807616731454,1.8321876902110354,8281358
2019-12-25,1.8553215265274048,1.864574991122205,1.804427360946005,1.8368144870278054,4786382
2019-12-26,1.8553215265274048,1.8923353849066051,1.8414412193252054,1.8784550777044058,5713912
2019-12-27,1.8044272661209106,1.8645748931362711,1.7951738020123926,1.8506945866635007,6903364
2019-12-30,1.8044272661209106,1.8414411225549827,1.8044272661209106,1.8368143905007237,2985994
2019-12-31,1.762786626815796,1.7998005948090652,1.7489064301845687,1.79054702007825,5171852
2020-01-02,1.7951738834381104,1.8229342770228236,1.7627866472792795,1.7720401118075173,4687928
2020-01-03,1.7489063739776611,1.8044272690282184,1.7026390533605247,1.7812934984096567,9666276
2020-01-06,1.679505467414856,1.735026254613695,1.6656251603051477,1.735026254613695,5601226
2020-01-07,1.7118924856185913,1.7489063414233204,1.693385557716227,1.7118924856185913,5472562
2020-01-08,1.6748785972595215,1.7257727616637593,1.647118204117208,1.647118204117208,5137600
2020-01-09,1.7442797422409058,1.7859203331913518,1.7350262775852512,1.7812936008635245,6533700
2020-01-10,1.7766667604446411,1.8044272630326772,1.7581598322592793,1.7627865643056198,9618700
2020-01-13,1.7998005151748657,1.82756090720903,1.7859202088477912,1.7905469408534853,9532558
2020-01-14,1.7951738834381104,1.8136808124945858,1.7720401118075173,1.8090540802304669,8132658
2020-01-15,1.781293511390686,1.8044272821778333,1.7720400471998248,1.7998005500824026,3927210
2020-01-16,1.864574909210205,1.9663630152813876,1.7812935108956123,1.7905469750839016,22870134
2020-01-17,1.8553215265274048,1.9247224006784063,1.8414412193252054,1.887708542299206,8838990
2020-01-20,1.8692015409469604,1.8923353118508546,1.8414411482342816,1.8506946124718413,10637586
2020-01-21,1.9247223138809204,1.9339757780584252,1.8414411362833767,1.846067868372129,13877150
2020-01-22,1.8784550428390503,1.952482758223448,1.8692015784160005,1.9386026718988707,11840896
2020-01-23,1.8877084255218506,1.9200956599101122,1.878454961499488,1.8877084255218506,6026526
2020-01-24,1.915468692779541,1.9386024616380744,1.8784548391018643,1.9108420713798167,8793968
2020-01-27,1.9524825811386108,1.9941232775756343,1.9062152632196816,1.9154687268034674,15867378
2020-01-28,1.9200955629348755,1.980243186352444,1.910842099379863,1.9524825750674326,8065156
2020-01-29,1.8923351764678955,1.9432291158233834,1.8830817128923545,1.9339756522478424,8431098
2020-01-30,1.8830819129943848,1.9015888421120695,1.8414412121695958,1.8969619995226494,4234776
2020-01-31,1.8877084255218506,1.901588731865387,1.8692014974771254,1.8923352678430243,5285566
2020-02-03,1.8877084255218506,1.9154688175889385,1.859948033454763,1.8877084255218506,7558264
2020-02-04,1.915468692779541,1.9339756196183795,1.8923351445409782,1.9062152293601218,6302410
2020-02-05,1.9802433252334595,2.012630339637425,1.9247223193895389,1.9293491618015277,17462244
2020-02-06,1.975616455078125,2.031137239522385,1.961736148657067,2.012630311374298,10099232
2020-02-07,1.9432291984558105,1.9894967389209357,1.924722270517754,1.9663629686883732,5755924
2020-02-10,1.8460679054260254,1.9524827456032683,1.8136807801546908,1.9432292812400298,7225940
2020-02-11,1.8599481582641602,1.8738284655391164,1.8044273704043345,1.8645750008958122,8522722
2020-02-12,1.8599481582641602,1.9015888594690293,1.8414412289775517,1.8830819301824206,8350516
2020-02-13,1.864574909210205,1.8784549951826446,1.8368144063353427,1.846067870523632,5957142
2020-02-14,1.8599481582641602,1.9015888594690293,1.8460679612992037,1.8645750008958122,6715268
2020-02-17,1.9247223138809204,1.96173617059094,1.8599480646383864,1.878454992993396,9576296
2020-02-18,1.8599481582641602,1.920095788755638,1.8368144966558995,1.920095788755638,8884812
2020-02-19,1.8044272661209106,1.8738283572447891,1.79054695964814,1.8599480507720187,9715432
2020-02-20,1.702639102935791,1.7998005893707951,1.6748785994472208,1.7998005893707951,10308754
2020-02-21,1.7211459875106812,1.7396529158210121,1.6471181639593637,1.6841321308900195,10036728
2020-02-24,1.7396528720855713,1.7442796040468365,1.6795053565891243,1.7118924803179802,6537982
2020-02-25,1.7674133777618408,1.7905470390591165,1.7211460551672895,1.7812935745402063,8176200
2020-02-26,1.7396528720855713,1.7720399958144275,1.7211459442405106,1.7442796040468365,6567486
2020-02-27,1.6286113262176514,1.739653012564764,1.6239845938827717,1.725772815560125,6012166
2020-02-28,1.6609983444213867,1.8229341862192334,1.4574220246306546,1.5036893449671862,25421266
2020-03-02,1.7489063739776611,1.7951738049047912,1.6933855892370973,1.7489063739776611,13784752
2020-03-03,1.8229341506958008,1.8923352401581752,1.7720399890073952,1.7812934528943796,20026916
2020-03-04,1.758159875869751,1.8321877007574232,1.7442796793864366,1.8090540399518993,9936994
2020-03-05,1.915468692779541,2.026510474432542,1.7674131677588485,1.772039899468558,97952332
2020-03-06,1.8553215265274048,1.9617362590576066,1.8275610224330054,1.9200957786910056,27399430
2020-03-09,1.7211459875106812,1.8090540072947467,1.5962241111059536,1.790546968674422,19806676
2020-03-10,1.6147310733795166,1.7998005809954483,1.6147310733795166,1.7905470063356552,17962282
2020-03-11,1.596224069595337,1.6471181211252213,1.4990625881828394,1.5823438737235502,17614818
2020-03-12,1.489809274673462,1.5638371037732,1.4157814455737239,1.5360765989170468,9522658
2020-03-13,1.5823439359664917,1.6054775966627863,1.41115462619392,1.4851824507320586,15830122
2020-03-16,1.420408010482788,1.5268229540030285,1.420408010482788,1.5268229540030285,6463736
2020-03-17,1.4065278768539429,1.4713022363214243,1.318619856973073,1.4527953079907137,5916014
2020-03-18,1.4944359064102173,1.5499566917618068,1.3648872969465136,1.3880209575096758,11801978
2020-03-19,1.489809274673462,1.5407033313414054,1.4574221477029525,1.4759290774003864,8288720
2020-03-20,1.4944359064102173,1.5499566917618068,1.471302245847055,1.531449763311277,6937146
2020-03-23,1.4157812595367432,1.499062542541842,1.3695139413727924,1.3695139413727924,9116286
2020-03-24,1.5499566793441772,1.5545834114197423,1.4527953057573135,1.4759289661351382,14324498
2020-03-25,1.568463683128357,1.6378646627207674,1.5360764490085739,1.5777171470740117,10500134
2020-03-26,1.6286113262176514,1.6563717202269295,1.545330033879817,1.5638370735293359,13050402
2020-03-27,1.5083160400390625,1.6286111802761658,1.5036893081187888,1.6239844483558923,10441868
2020-03-30,1.4990626573562622,1.5453299790638644,1.4713022643317009,1.5083161216977825,9791960
2020-03-31,1.540703296661377,1.5499567613018057,1.5036894380996622,1.512942902740091,10733798
2020-04-01,1.5545833110809326,1.586970543829484,1.4666754073191142,1.5129427250884924,13311810
2020-04-02,1.5730904340744019,1.6286112184179726,1.5407031995639928,1.5823438981316638,16750604
2020-04-03,1.559210181236267,1.5962241490467102,1.5499567168611554,1.5915974168591545,7789184
2020-04-06,1.6147310733795166,1.6332380020791106,1.568463751630532,1.6008508768548213,15163740
2020-04-07,1.6147310733795166,1.6656251273034,1.6101043412046183,1.6332380020791106,15818932
2020-04-08,1.6332379579544067,1.6517448861540045,1.5915973695053118,1.6286112259045074,11074516
2020-04-09,1.6378647089004517,1.6609983694168433,1.61473104838406,1.6517449052102868,9866948
2020-04-10,1.619357705116272,1.6378646326680024,1.605477509452474,1.6378646326680024,9144812
2020-04-13,1.619357705116272,1.6841320618573181,1.5962240456766088,1.6147309732283393,27686006
2020-04-14,1.6286113262176514,1.6471182555571702,1.6239845938827717,1.6332380585525312,10733210
2020-04-15,1.5314496755599976,1.6378646183630174,1.5221962118649515,1.6332378865154944,12318846
2020-04-16,1.4944359064102173,1.5453299596491743,1.4666755137344225,1.5407032275365418,17923668
2020-04-17,1.559210181236267,1.5684637559213752,1.4990626627980415,1.5129428593607088,24748932
2020-04-20,1.6517449617385864,1.6702518907850694,1.5777172455526542,1.5869707100758959,34996940
2020-04-21,1.6887588500976562,1.7118925103092693,1.6101042950681783,1.637864687322114,37530704
2020-04-22,1.6841320991516113,1.7350261510458944,1.679505367161222,1.6887588311420005,20155982
2020-04-24,1.7118924856185913,1.730399413520956,1.6702517875282796,1.698012289691818,19778888
2020-04-27,1.8460679054260254,1.864574944462499,1.7396529549387862,1.7396529549387862,27710200
2020-04-28,1.781293511390686,1.8738283739192862,1.7766667792952555,1.864574909728425,18616126
2020-04-29,1.8090541362762451,1.82293433349862,1.7720401667065764,1.7905470963364098,15770518
2020-04-30,1.758159875869751,1.8321877007574232,1.735026215064227,1.8275609685963183,11789190
2020-05-04,1.8275609016418457,1.8414410976166455,1.7257726875166552,1.735026151499855,41483636
2020-05-05,1.7720400094985962,1.8599480277514748,1.748906349513626,1.8368143677665048,21959802
2020-05-06,1.8183075189590454,1.8183075189590454,1.7720400866643387,1.7859202832597516,15594466
2020-05-07,1.8877084255218506,1.901588731865387,1.8090539813317685,1.8275609093764937,29131018
2020-05-08,1.864574909210205,1.94322924450067,1.8506946026177766,1.9062153877475125,23945574
2020-05-11,1.8460679054260254,1.8784550306973602,1.836814441062787,1.8692015663341217,10381006
2020-05-12,2.021883726119995,2.021883726119995,1.8321876069201728,1.836814338844315,34794972
2020-05-13,2.2208335399627686,2.2208335399627686,2.058897590945914,2.1282986804359973,28538318
2020-05-14,2.1699392795562744,2.419783013860667,2.045017412404078,2.350381927527231,74376292
2020-05-15,2.1560590267181396,2.2671008116885893,2.114418550396701,2.2671008116885893,28336502
2020-05-18,2.2162065505981445,2.248593782375684,2.169939234215922,2.188446160768811,25153582
2020-05-20,2.350382089614868,2.350382089614868,2.2115801279958722,2.2485939844276044,36782834
2020-05-21,2.1745660305023193,2.248593963289877,2.1606859447808917,2.183819494523266,35361572
2020-05-22,2.1097917556762695,2.1930729308116548,2.091284827868406,2.1699393813618166,21743870
2020-05-27,2.142179012298584,2.2439671163180055,2.1236720842950527,2.1282987059859435,25689168
2020-05-28,2.095911741256714,2.193073005235247,2.0774045922008146,2.179192919218309,12183272
2020-05-29,2.151432514190674,2.188446370849612,2.086658265037532,2.091284886809905,17841628
2020-06-01,2.2254600524902344,2.230086894518724,2.1653124298396946,2.1791927353051928,18680150
2020-06-02,2.19307279586792,2.2393403331606354,2.1699392478415307,2.2347134911833764,13592504
2020-06-03,2.206953287124634,2.220833593605915,2.18844635889625,2.220833593605915,8783422
2020-06-04,2.211580276489258,2.2717276869193412,2.2069534338146353,2.2254603632731227,19702262
2020-06-05,2.211580276489258,2.2578476001354764,2.1976999690853916,2.2347138280023664,16238734
2020-06-08,2.1653125286102295,2.2254601540043977,2.160685906990668,2.2069532262861893,9599088
2020-06-09,2.1236720085144043,2.1699393268722393,2.0820313116823645,2.1653124847264675,9535558
2020-06-10,2.1606860160827637,2.1884464090616866,2.128298780630691,2.142179087430148,11516622
2020-06-11,2.142179012298584,2.206953260310943,2.137552169987709,2.1560590979912404,13532208
2020-06-12,2.2162065505981445,2.225460013874589,2.1097916126090492,2.1282985391619382,23580116
2020-06-15,2.2300870418548584,2.2624740557141294,2.193072965041429,2.2069532714239632,16148044
2020-06-16,2.253220558166504,2.308741341631227,2.2393404726103143,2.2578474004318885,33818942
2020-06-17,2.243967056274414,2.2856077534781383,2.2208335071989946,2.2624739837827406,19820870
2020-06-18,2.304114818572998,2.382769375490107,2.225460261655889,2.262474118882766,48601606
2020-06-19,2.313368320465088,2.4012763431171606,2.2994880134694995,2.3596356427503906,41644318
2020-06-22,2.2671008110046387,2.3550088263988975,2.2624739688481097,2.3365018990127355,17221626
2020-06-23,2.253220558166504,2.294861256075037,2.2347136303449298,2.2717274859880785,20074576
2020-06-24,2.2300870418548584,2.2763543620966633,2.2254601995206853,2.2578474339999413,13429384
2020-06-25,2.3226215839385986,2.368888902220249,2.2023265564063084,2.2208334837189683,46661534
2020-06-26,2.3179948329925537,2.3596353068110076,2.3087411492329375,2.3365017592718584,28772332
2020-06-29,2.466050624847412,2.5308248768487704,2.3133683491056396,2.3272486562730723,73955742
2020-06-30,2.516944646835327,2.5770922734324544,2.470677326614454,2.493810876414898,59190068
2020-07-01,2.6002256870269775,2.674253616122603,2.4938107457832412,2.5261979785513256,60969820
2020-07-02,2.637239694595337,2.6881338574413487,2.5955992164667703,2.6326130728566013,34368948
2020-07-03,2.586345672607422,2.6835071529443004,2.58171883039139,2.6372396132638976,15286748
2020-07-06,2.692760705947876,2.715894255934343,2.627986236497799,2.6464931647349674,29929474
2020-07-07,2.7621614933013916,2.8778299016085183,2.674253697133558,2.715894174102537,60951962
2020-07-08,2.678880214691162,2.7945486185055297,2.6557464456803,2.7714148494946675,24105506
2020-07-09,2.581718921661377,2.715894261990016,2.5585853716233284,2.6881338695723653,12259584
2020-07-10,2.6002256870269775,2.6372395412648033,2.4614237336351303,2.590972223467521,11632020
2020-07-13,2.697387456893921,2.7251478505793134,2.632613204961339,2.678880527770326,22145990
2020-07-14,2.6603734493255615,2.7205210759112837,2.623359593155882,2.7205210759112837,11588146
2020-07-16,2.739027976989746,2.7760418327944754,2.6835071932826526,2.7066407428506167,17261944
2020-07-17,2.7020139694213867,2.7575347500100524,2.692760505989942,2.7575347500100524,9097006
2020-07-20,2.692760705947876,2.734401184171512,2.678880399460006,2.715894255934343,11554886
2020-07-21,2.641866683959961,2.7806688737654226,2.618732912119051,2.7020143142503277,36007216
2020-07-22,2.641866683959961,2.7066409362465103,2.5909725182819585,2.641866683959961,12977930
2020-07-23,2.6464931964874268,2.697387360060259,2.641866574682618,2.6464931964874268,10052758
2020-07-24,2.6094791889190674,2.6464930437006178,2.577092176295199,2.63723958000523,9725300
2020-07-27,2.6187329292297363,2.683507402559518,2.6141063072033237,2.6418667012218013,11347912
2020-07-28,2.4984376430511475,2.6557465270360865,2.4984376430511475,2.6279861357446266,10798496
2020-07-29,2.5493319034576416,2.6418665447036593,2.424409806845537,2.526198132836144,13636262
2020-07-30,2.535451650619507,2.5863458146919034,2.516944721978634,2.535451650619507,3245510
2020-08-04,2.3272485733032227,2.627986271469214,2.2856078739054744,2.56783886420801,19091248
2020-08-05,2.211580276489258,2.359635712157157,2.179193039626904,2.3365021606440486,15184866
2020-08-06,2.095911741256714,2.2532206329619493,2.095911741256714,2.2023266900731917,17846786
2020-08-07,2.211580276489258,2.2485941354062327,2.0080038318258953,2.077404706985222,30389094
2020-08-10,2.1745660305023193,2.230087035247984,2.128298710397586,2.206953264885625,17777456
2020-08-11,2.206953287124634,2.2393405218342988,2.1606859665536744,2.169939430667866,18335480
2020-08-12,2.183819532394409,2.2208336097400676,2.1606859822508597,2.2162067673393646,10397878
2020-08-13,2.142179012298584,2.2115801026218183,2.1236720842950527,2.1976997963091773,12253062
2020-08-14,2.355008840560913,2.355008840560913,2.243967054956205,2.2763542883867403,61259394
2020-08-17,2.3179948329925537,2.4151560856489223,2.28098075981398,2.387395696229965,39894660
2020-08-18,2.299487829208374,2.382769223268461,2.2671008165138753,2.299487829208374,32782534
2020-08-19,2.5030643939971924,2.5261981649124303,2.304114802482107,2.3226217309663015,74076954
2020-08-20,2.7158942222595215,2.743654614271069,2.544705027878322,2.5585853341940874,86170144
2020-08-21,2.4567971229553223,2.845443070299665,2.4567971229553223,2.845443070299665,101279096
2020-08-24,2.3781423568725586,2.4891841409480735,2.359635429629969,2.4706772137054833,31353156
2020-08-25,2.257847547531128,2.4197832868300417,2.257847547531128,2.37351596426178,23746300
2020-08-26,2.3365020751953125,2.3735159327586453,2.243967210666987,2.243967210666987,49353038
2020-08-27,2.470677137374878,2.4753037587326,2.3457552720368207,2.3457552720368207,26973470
2020-08-28,2.4567971229553223,2.540078302834827,2.415156422705573,2.4799308943429597,46073502
2020-08-31,2.3735158443450928,2.461423863093428,2.359635537965888,2.4521703990472865,18019426
2020-09-01,2.415156364440918,2.4290366710626428,2.3365020289844427,2.3827693500235427,17762396
2020-09-02,2.5678389072418213,2.627986315511022,2.4244098781614367,2.43366356317823,70891958
2020-09-03,2.461423873901367,2.5770922852960183,2.4521704098145944,2.563211978855866,27123970
2020-09-04,2.4521703720092773,2.493810849447786,2.433663444121055,2.4567969936713414,17552240
2020-09-07,2.4891843795776367,2.4984378440860295,2.4475436789798706,2.452170521544065,9944218
2020-09-08,2.4567971229553223,2.5354516809292957,2.4290367296621542,2.530824838403771,20648212
2020-09-09,2.6603734493255615,2.692760683784024,2.4521703980611202,2.456797019772338,82559358
2020-09-10,2.530824661254883,2.63723960507335,2.521571197471537,2.63723960507335,45412170
2020-09-11,2.526198148727417,2.5817189338242863,2.4984377561789826,2.5354516129102285,25439184
2020-09-14,2.5678389072418213,2.600225922320623,2.5354516715430258,2.5400782934314288,20093650
2020-09-15,2.5632119178771973,2.618732701076997,2.5261980624106646,2.581718845610464,29269806
2020-09-16,2.586345672607422,2.660373383104099,2.5724653665793054,2.586345672607422,32527140
2020-09-17,2.7112677097320557,2.757535031614174,2.5770923659639156,2.5863458303403393,56743268
2020-09-18,2.7251474857330322,2.776041644319141,2.7066405590871687,2.7436544123788957,28004774
2020-09-21,2.6511199474334717,2.7852952844429506,2.6279861773477067,2.7158941948056383,49855886
2020-09-22,2.641866683959961,2.697387471634146,2.6141062901228684,2.6603736131846896,34508560
2020-09-23,2.688133955001831,2.7251478127350066,2.651120097268655,2.6603735617019493,31687282
2020-09-24,2.6742537021636963,2.702014093735225,2.66500023830652,2.6835071660208722,24918616
2020-09-25,2.692760705947876,2.7390280265407974,2.6603734712228375,2.692760705947876,28899074
2020-09-28,2.7760417461395264,2.794548673464192,2.6835071095161993,2.7020140368408647,42730016
2020-09-29,2.7760417461395264,2.8685763827628534,2.7158941220243755,2.7899220519430132,58706254
2020-09-30,2.8963372707366943,2.9240976643725736,2.7991757827011186,2.7991757827011186,39694432
2020-10-01,2.9287242889404297,3.0027520053686243,2.8546965725122346,2.9194708243869054,61042258
2020-10-02,2.970364809036255,3.0721529129326446,2.93797757475923,2.93797757475923,54324044
2020-10-05,3.0490195751190186,3.090660055659916,2.98424510206429,3.0073788739581215,60187424
2020-10-06,3.141554117202759,3.2063283674879726,3.0814064887707784,3.099913417423697,67432088
2020-10-07,3.081406593322754,3.1693146177168265,3.0721531286823254,3.10916698724404,36904232
2020-10-08,3.012005567550659,3.118420295260878,2.9842449544036587,3.104540209307366,27770050
2020-10-09,3.062899351119995,3.086033120667599,2.947230944621929,3.016632032644764,46528300
2020-10-12,3.141554117202759,3.2433424454138007,3.072153024444319,3.1045402598969223,82400092
2020-10-13,3.072153091430664,3.150807650230575,3.062899626902439,3.146181028276461,26035840
2020-10-14,3.2711026668548584,3.331250071512686,3.0675262417284195,3.0721528633390305,104771544
2020-10-15,3.2063283920288086,3.2849829497157192,3.1461809837564596,3.2711028634297903,51573004
2020-10-16,3.169314384460449,3.266475866344024,3.169314384460449,3.252595780714932,25142574
2020-10-19,3.0999133586883545,3.1600609859806927,3.0860332727716537,3.146180900063992,28800544
2020-10-20,3.1091666221618652,3.160060782018168,3.076779610033287,3.1091666221618652,19357274
2020-10-21,3.1508076190948486,3.1785680124052003,3.113793761347713,3.1184203832561077,36732386
2020-10-22,3.076779842376709,3.178567949155883,3.067526378124057,3.1693144849032304,41660228
2020-10-23,3.0536460876464844,3.1045402516162564,3.0073787661375966,3.095286787314479,27364108
2020-10-26,2.859323024749756,3.0258855974460475,2.808429083036432,3.02125897575392,21250040
2020-10-27,2.9888718128204346,3.0073787412709643,2.7436546799209296,2.863949935469363,20631580
2020-10-28,2.961111307144165,3.002751784258799,2.9009636816652726,2.9287240732816886,5602978
2020-10-30,2.859323024749756,2.9749914351127393,2.8223091687327986,2.845442939053389,23153968
2020-11-02,2.854696273803711,2.8963369702473876,2.845442810218447,2.8685763588716204,19689190
2020-11-03,2.9842448234558105,3.132300464389889,2.8593229522557992,2.8685764160254306,133122624
2020-11-04,3.132300615310669,3.220208635667747,2.9796183454452136,3.0166322023071435,65895226
2020-11-05,3.229462146759033,3.271102846643116,3.1184203539414774,3.127674038911267,42379000
2020-11-06,3.3127434253692627,3.4191583788969346,3.2525960155997087,3.2803564094825797,59567954
2020-11-09,3.2572226524353027,3.377517913762175,3.210955329086506,3.3728910711172952,38777076
2020-11-10,3.3312501907348633,3.3821443539929206,3.234088706614931,3.2618493197520446,35944800
2020-11-11,3.396024703979492,3.428411718686877,3.2803562900359946,3.3358770757800755,82529352
2020-11-12,3.405278205871582,3.5255732429787336,3.3636375057937253,3.42841175654373,39931842
2020-11-13,3.396024703979492,3.446918647268238,3.3867712396888123,3.414531632560853,15397218
2020-11-16,3.359010934829712,3.437665273051402,3.321996856077156,3.414531722028551,20960162
2020-11-17,3.3127434253692627,3.4469187727798056,3.247969172975897,3.33125035462451,39180850
2020-11-18,3.3312501907348633,3.4006512823376704,3.317370104786295,3.359010803871977,18809880
2020-11-19,3.3728909492492676,3.4145316490686386,3.275729463417396,3.331250249429896,27527424
2020-11-20,3.3219966888427734,3.391397779657564,3.3127432247754673,3.3775176938665976,23080128
2020-11-23,3.2757294178009033,3.3497571314533565,3.266475953594347,3.317370117040403,15338714
2020-11-24,3.284982919692993,3.3266236194101975,3.2433424405957805,3.252595904908494,19191120
2020-11-25,3.2618491649627686,3.331250032652207,3.2525957012295117,3.3081164836290533,17657186
2020-11-26,3.2572226524353027,3.284983046444581,3.183194935077228,3.2757295817748218,21797932
2020-11-27,3.294236183166504,3.335876880345006,3.25259570660798,3.2572223281722703,23568744
2020-11-30,3.2202086448669434,3.3497571442537803,3.173941323657359,3.2618493442655647,20063392
2020-12-01,3.3358771800994873,3.3405038020795152,3.23871569169892,3.2572226208590283,21179514
2020-12-02,3.3867712020874023,3.6690019701296945,3.340503660527693,3.340503660527693,26833342
2020-12-03,3.4237849712371826,3.4330384351883647,3.3312501111053767,3.3775176514812713,21240274
2020-12-04,3.409904718399048,3.4839326517877565,3.396024632564906,3.428411646591228,36545734
2020-12-07,3.340503454208374,3.4099045416415343,3.317369905477304,3.400651078025111,23835922
2020-12-08,3.303489923477173,3.456172198420656,3.266476065384207,3.437665269374173,53326492
2020-12-09,3.298863172531128,3.345130493338159,3.284982865979025,3.312743258463243,26699004
2020-12-10,3.298863172531128,3.3405036509474617,3.284982865979025,3.308116636692534,22872828
2020-12-11,3.298863172531128,3.3219967226246494,3.2757294018176184,3.284982865979025,14091572
2020-12-14,3.3127434253692627,3.35901096912738,3.3081168033654507,3.3081168033654507,14866514
2020-12-15,3.3081166744232178,3.3497571533144814,3.2988632101562714,3.3173701386901646,13924242
2020-12-16,3.2757294178009033,3.3219967388336866,3.266475953594347,3.31274327462713,24581628
2020-12-17,3.2803564071655273,3.3173702656498776,3.2803564071655273,3.2803564071655273,11343438
2020-12-18,3.298863172531128,3.3636374216609712,3.284982865979025,3.2942363301404307,15468144
2020-12-21,3.234088897705078,3.261849512482462,3.2017018814981326,3.261849512482462,13603040
2020-12-22,3.234088897705078,3.27110297720159,3.2202088109363878,3.2479692050937703,19313528
2020-12-23,3.405278205871582,3.409904827758014,3.2479690905730054,3.2479690905730054,37025358
2020-12-24,3.3266236782073975,3.4237851655181832,3.3219968356592666,3.409904858493787,21978194
2020-12-25,3.3081166744232178,3.3590108382014185,3.2988632101562714,3.326623602957111,8626770
2020-12-28,3.354383945465088,3.3913978019779187,3.3358770172086727,3.3358770172086727,21841182
2020-12-29,3.409904718399048,3.5440800581023493,3.363637397918597,3.3682642402766354,62730662
2020-12-30,3.3682641983032227,3.4654254597914074,3.359010734322444,3.423784982187895,23190618
2020-12-31,3.4422919750213623,3.483932674029601,3.34975711284972,3.3728908835476274,32996898
2021-01-04,3.627361536026001,3.636615000327292,3.488559350886642,3.493186193347283,51047936
2021-01-05,3.562587022781372,3.6227346503319637,3.497812773445344,3.599601100164805,28399172
2021-01-06,3.7569100856781006,3.8448183286270643,3.5903477260632055,3.5903477260632055,60675062
2021-01-07,3.775416851043701,3.821684391775499,3.687508832521264,3.775416851043701,30542978
2021-01-08,3.784670352935791,3.8633249036378756,3.7800435108380332,3.8031772800868726,15359628
2021-01-11,3.7707901000976562,3.8263113268172115,3.719896157051374,3.784670627397535,21101542
2021-01-12,3.8078036308288574,3.8448179258838113,3.7800434610875704,3.803177230031938,23330258
2021-01-13,3.7476565837860107,3.84944446480976,3.7291496562144237,3.8216842940723588,26464112
2021-01-14,3.8772048950195312,3.9280988331454423,3.7430295661058213,3.7476564080917965,45234556
2021-01-15,3.8263111114501953,3.918845748707767,3.775416730028564,3.863324966353224,27442926
2021-01-18,3.891085386276245,3.9836200294640305,3.7939239006190744,3.8633252139399015,25243468
2021-01-19,3.8725783824920654,3.9234723249477645,3.854071454213632,3.8910853107704995,16558822
2021-01-20,4.006753921508789,4.150182953709033,3.8401915587433417,3.854071645330463,61058332
2021-01-21,4.270477294921875,4.372265614728838,4.025260400206868,4.029887242298082,57202446
2021-01-22,4.302865028381348,4.464800540954208,4.233463716215856,4.302865028381348,40151060
2021-01-25,4.742404937744141,4.742404937744141,4.47405425461489,4.5295750399616335,49736914
2021-01-26,4.8534464836120605,5.19119847762711,4.751658598283669,4.881207096763426,81012898
2021-01-27,4.4092793464660645,4.871952952973226,4.4092793464660645,4.834939099751848,49881038
2021-01-28,4.612855911254883,4.668376690254429,4.177942480565213,4.395399195910048,57099766
2021-01-29,4.575842380523682,4.7146441171680324,4.469427215691058,4.487934143326302,26147510
2021-02-01,4.710017681121826,4.830312489235305,4.534201649276026,4.6174826023945945,45802590
2021-02-02,4.811805725097656,4.890460279942134,4.677630385875894,4.75165853961891,35661732
2021-02-03,4.802552223205566,4.871953089632373,4.737777757631252,4.811805466150498,21735606
2021-02-04,5.0662760734558105,5.1310505393924695,4.770165237722399,4.797925407952431,47576902
2021-02-05,5.218958377838135,5.357760553888927,5.1356774251996224,5.158810753508126,37811010
2021-02-08,5.538203716278076,5.56133748703539,5.22358549295455,5.22358549295455,37516038
2021-02-09,5.468802452087402,5.77879383573689,5.3207470239228645,5.593724550531217,37211622
2021-02-10,5.380894184112549,5.556710210392573,5.343880330289379,5.528949599405225,17619166
2021-02-11,5.3346266746521,5.482682531973993,5.209705027642942,5.371640528672587,42107648
2021-02-12,5.274479389190674,5.468802355857275,5.251346059877009,5.343880700851588,18501370
2021-02-15,5.228212356567383,5.306866912717403,5.228212356567383,5.283733141866225,15328064
2021-02-16,5.316120147705078,5.4595491737581385,5.163437878070519,5.251346118914646,37923050
2021-02-17,5.242092132568359,5.385521150371392,5.168064423214518,5.357760538743725,20502144
2021-02-18,5.172691345214844,5.283732910959859,5.10329003569424,5.251345897927553,26728342
2021-02-19,5.371641159057617,5.459549403602641,5.117170993113593,5.168064938054399,41409354
2021-02-22,5.265225887298584,5.473428929582878,5.2235851905937345,5.413281305591425,23969590
2021-02-23,5.181944847106934,5.311493346943612,5.061649590924313,5.274479489847418,22312376
2021-02-24,4.996875286102295,5.265225955873052,4.987621601718496,5.126423778795774,20011484
2021-02-25,5.218958377838135,5.242092147386592,4.987621564833466,5.080156201787343,30953674
2021-02-26,4.885833740234375,5.029262318830105,4.779418575600163,4.858073128213289,30269814
2021-03-01,5.12179708480835,5.140304012871507,4.918220876113624,4.9506078899141555,19263560
2021-03-02,5.107916831970215,5.126423759427935,4.839566163213298,5.089409904512495,55003678
2021-03-03,5.01075553894043,5.135677634857934,4.99224861079413,5.12179710781823,17672434
2021-03-04,5.19582462310791,5.246719004507656,4.969114651614358,4.99687526339967,30978654
2021-03-05,5.154184341430664,5.283732832885596,5.080156190787893,5.1495574992829996,27967270
2021-03-08,5.228212356567383,5.339253927165067,5.17269157126854,5.186571657283256,24225844
2021-03-09,5.441042423248291,5.542830312172601,5.260599534489754,5.2791064634978095,40543000
2021-03-10,5.316120147705078,5.4317885605336835,5.2837331333098625,5.4040283885492055,16824426
2021-03-11,5.228212356567383,5.431788569329804,5.2189586717309195,5.343880769583299,16122354
2021-03-12,5.348507404327393,5.380894417517519,5.218958469086964,5.228212153564121,17636036
2021-03-15,5.297613143920898,5.505816195801812,5.297613143920898,5.34850752723488,13488998
2021-03-16,5.367014408111572,5.4040282640648964,5.297613097269114,5.316120025245776,14955210
2021-03-17,5.528949737548828,5.616857973505243,5.343880463808933,5.343880463808933,27697236
2021-03-18,5.413281440734863,5.533576691720962,5.371640742990447,5.501189678470844,14638154
2021-03-19,5.283733367919922,5.519697046465207,5.200451965788646,5.380894856659745,24762100
2021-03-22,4.756284713745117,4.996875209138737,4.756284713745117,4.899713730805152,7482784
2021-03-23,4.700764179229736,4.881207060264412,4.284358073752761,4.432413499479691,30657386
2021-03-24,5.01075553894043,5.024635624740162,4.723897932052793,4.737778017852525,31608540
2021-03-25,5.168064594268799,5.302239932223603,5.033889256313994,5.043142499669514,30018384
2021-03-26,5.089410305023193,5.274479594164404,4.941354873710225,5.251346263951746,18305806
2021-03-29,5.242092132568359,5.2837328293898835,5.075529786522217,5.075529786522217,17901622
2021-03-30,5.399401664733887,5.431788679840469,5.144931062673629,5.22358562042389,18612858
2021-03-31,5.357760429382324,5.482682517297015,5.348507186521945,5.413281210264428,11305452
2021-04-01,5.394774913787842,5.445669299807724,5.330000882475257,5.367014740722447,11335532
2021-04-02,5.5196967124938965,5.58447074024127,5.385521373422945,5.417908387296632,17720538
2021-04-05,5.723273277282715,5.922223097703407,5.528950299485759,5.533577142109496,27397626
2021-04-06,5.727899551391602,5.811180945392887,5.60760430255418,5.727899551391602,19138438
2021-04-07,5.7880473136901855,5.894462038569047,5.6399914495787735,5.732526530113393,20571780
2021-04-08,5.681632041931152,5.834314304238458,5.681632041931152,5.811180975774893,12261348
2021-04-09,5.672379016876221,5.885208912099243,5.538203676925183,5.663125332143058,28599492
2021-04-12,5.533576965332031,5.774167037960389,5.46880249438902,5.658498623502144,15453150
2021-04-13,5.478055953979492,5.7741668004173246,5.394774557798868,5.727899701281396,23027896
2021-04-14,5.630738258361816,5.658498429787052,5.524323091258495,5.524323091258495,12178532
2021-04-15,5.593724250793457,5.667751960908977,5.515069698485728,5.635364948043427,13057154
2021-04-16,5.764913558959961,6.148932643988822,5.542829982819434,5.56133735196778,14600242
2021-04-19,5.644618511199951,6.098038923223347,5.612231496498274,5.797300782279263,27284162
2021-04-20,5.362387657165527,5.6770058793688465,5.362387657165527,5.6214846532529865,14399610
2021-04-21,5.274479389190674,5.482682882933442,5.181944748216096,5.39014780071889,16978818
2021-04-22,5.140304088592529,5.242092415059306,5.010755590242073,5.228212329117465,14938098
2021-04-26,5.181944847106934,5.246719317645264,5.112543975361566,5.126424061462643,10147000
2021-04-27,5.288359642028809,5.380894278204826,5.186571321615214,5.186571321615214,9166136
2021-04-28,5.288359642028809,5.316119812261639,5.1726912364988,5.260599030556029,9153790
2021-04-29,5.251346111297607,5.3623876815544085,5.228212340517446,5.311493297590058,10022902
2021-04-30,5.2929863929748535,5.380894634086102,5.195824908253988,5.255972536056427,13719776
2021-05-03,5.283733367919922,5.32537406898556,5.251346352086647,5.288360210536103,10513456
2021-05-04,5.524322986602783,5.575217368651494,5.288359768998615,5.288359768998615,27232868
2021-05-05,5.422535419464111,5.5613376057304595,5.422535419464111,5.533576991981195,8134588
2021-05-06,5.709392547607422,5.769540171221627,5.4364150409121645,5.4364150409121645,30804042
2021-05-07,5.760286808013916,5.829688119700815,5.612231382399156,5.700139181047927,14038858
2021-05-10,5.9546098709106445,6.042518112218964,5.727899886467049,5.7834206719691545,20244392
2021-05-11,5.968489646911621,6.116545508465679,5.815807384402716,5.829687910987131,25837208
2021-05-12,6.209080696105957,6.236840869253616,5.991623947329311,5.991623947329311,13651568
2021-05-17,6.1211724281311035,6.306242160446569,6.08415856991601,6.2692283022314745,16941806
2021-05-18,6.301615238189697,6.380269796212358,6.10729226439724,6.144306122144376,21878480
2021-05-20,6.269227981567383,6.421910249205115,6.2137071970845685,6.27385482391761,16197606
2021-05-21,6.264601230621338,6.329375700749704,6.2229605313416725,6.278481316634567,8228196
2021-05-24,6.204453468322754,6.306241793105043,6.181319697975875,6.292361707392902,8139442
2021-05-25,5.852821350097656,6.3154949885635565,5.806554250995045,6.222960349118369,30771006
2021-05-26,6.010130405426025,6.014757247667976,5.718645962782551,5.903715681300928,11723742
2021-05-27,6.079531669616699,6.1766931497671935,5.968489662844736,6.024010886850697,17873682
2021-05-28,6.028637886047363,6.074905430230199,5.8620755212211595,6.051771658138781,9426032
2021-05-31,5.968489646911621,6.047144199263476,5.922222548683444,6.033264113919019,5051982
2021-06-01,6.195199966430664,6.27848091846854,5.949982628721494,5.99625016748472,12033704
2021-06-02,6.3340020179748535,6.398776487244681,6.130425807932494,6.148932736118163,17432522
2021-06-03,6.2877349853515625,6.40803024046445,6.172066572644551,6.347882612908006,12295522
2021-06-04,6.283108234405518,6.394149806323027,6.278481391932291,6.292361919351968,7790072
2021-06-07,6.204453468322754,6.329375563451922,6.185946540293244,6.2877348650755325,4808958
2021-06-08,6.144306182861328,6.2322144268094615,6.0841585531178675,6.172066797066,21447104
2021-06-09,6.102664947509766,6.236840281723705,6.084158020074739,6.139679243619776,7922348
2021-06-10,6.051771640777588,6.116546114199734,5.973117080636412,6.107292428893713,6755892
2021-06-11,6.010130405426025,6.093411800821293,5.751033417236245,6.051771103123659,5891770
2021-06-14,5.973116874694824,6.070278360858102,5.94998310346738,6.065651518364615,6233042
2021-06-15,6.047144412994385,6.074905025904432,5.829688117032242,5.940729686192482,14562372
2021-06-16,5.820434093475342,6.10729168439302,5.778793397154398,6.047144060956096,13532834
2021-06-17,5.561337471008301,5.783420610662555,5.542830101463804,5.783420610662555,11322490
2021-06-18,5.552083492279053,5.677005582650509,5.482682625121545,5.556710334420207,14797968
2021-06-21,5.59835147857666,5.59835147857666,5.404028505519289,5.505816393318874,7157548
2021-06-22,5.552083492279053,5.616857958535357,5.487309026022747,5.589097346928384,6512690
2021-06-23,5.59835147857666,5.6631255087691255,5.533577007144207,5.533577007144207,7284748
2021-06-24,5.59835147857666,5.63536533618378,5.5752177072622136,5.5798445497731,3862258
2021-06-25,5.496562957763672,5.649245225375998,5.468802344906898,5.621484612519224,7770222
2021-06-28,5.343880653381348,5.5289499336865155,5.316120040715588,5.524323091368894,8430034
2021-06-29,5.436415195465088,5.436415195465088,5.2143320631051,5.3068667015884285,6773438
2021-06-30,5.348507404327393,5.496562826042212,5.348507404327393,5.441042042899155,5369900
2021-07-01,5.413281440734863,5.538203533968112,5.302239874243063,5.320746801991696,6584382
2021-07-02,5.214332580566406,5.547457312165108,5.191198808339828,5.436415734965541,23161258
2021-07-05,5.330000877380371,5.330000877380371,5.1726917593601875,5.223585704091425,9252306
2021-07-06,5.487309455871582,5.575217698480007,5.30224016812751,5.30224016812751,16167430
2021-07-07,5.510443210601807,5.547457068039469,5.4132817245179465,5.491936281882976,11688368
2021-07-08,5.510443210601807,5.5659639967583,5.436415495726482,5.505816368112102,6706440
2021-07-09,5.4595489501953125,5.547456746199729,5.4364151803289,5.515069733130727,4624766
2021-07-12,5.279106140136719,5.496562873591491,5.255972369983664,5.464175860121193,5523794
2021-07-13,5.3068671226501465,5.348507823581524,5.177318177254748,5.242092649952448,13219592
2021-07-14,5.445669174194336,5.5104432040128,5.297613303380737,5.30686698834908,10843278
2021-07-16,5.487309455871582,5.519696912156785,5.413281740773954,5.441042354555558,6392074
2021-07-19,5.491936206817627,5.533576906175837,5.422535335380597,5.431788578993544,2803208
2021-07-26,5.653872013092041,5.700139112419622,5.501189746955085,5.510442990324614,10257198
2021-07-27,5.820434093475342,5.894461801939266,5.649244907342531,5.653871749431514,12539740
2021-07-28,5.82968807220459,5.871328329389505,5.7649136034058825,5.797300617185251,4810162
2021-07-29,5.783420562744141,5.875955203500053,5.778793720396352,5.852821433001081,9790864
2021-07-30,5.936102867126465,5.936102867126465,5.774166913869058,5.783420598622041,11653344
2021-08-02,5.977743625640869,6.005503797696674,5.875955298542965,5.936102926317182,7172176
2021-08-03,5.917595863342285,6.051771201868421,5.908342619947363,5.9777434897491695,7529214
2021-08-04,6.079531669616699,6.199826478323058,5.945356334288871,5.945356334288871,12538658
2021-08-05,6.162813186645508,6.685634490379728,5.996250823117791,6.065651697611006,15632132
2021-08-06,6.12579870223999,6.2507207930530795,6.107291774849898,6.19982641180036,8997568
2021-08-09,6.047144412994385,6.199826680899708,6.042518011876021,6.125798968126215,7471946
2021-08-10,6.042518138885498,6.084158397265857,5.996250596809567,5.996250596809567,5637888
2021-08-11,5.9499831199646,6.11654592027203,5.908342861127729,6.042518205130944,6673696
2021-08-12,5.926849842071533,6.037891415760369,5.917596156977468,5.991623872770026,4492168
2021-08-13,6.084158420562744,6.107292191689291,5.936102991336817,5.94535667628343,9195272
2021-08-16,6.098039150238037,6.130426166145401,6.037891519810074,6.10729239425157,7686808
2021-08-17,6.167439937591553,6.269228267743099,6.056398363557134,6.0841585364457424,15155678
2021-08-18,6.435790538787842,6.523698781265655,6.144306080094016,6.222960637578381,27313518
2021-08-19,6.269227981567383,6.417283406854887,6.232214125245506,6.394149636343721,12395256
2021-08-20,6.338628768920898,6.482057791221401,6.246094129327011,6.264601057245788,15674900
2021-08-23,6.412656784057617,6.449670641646753,6.2692281962097125,6.361762840182553,11156026
2021-08-24,6.417283535003662,6.574592648132977,6.408030291358398,6.45429739206468,14617630
2021-08-25,6.53757905960083,6.556085988891504,6.343256081428746,6.412656955958776,14970034
2021-08-26,6.755035400390625,6.759661801502968,6.5468319069361405,6.560712433993088,15121974
2021-08-27,6.76891565322876,6.893837311143885,6.662500482699595,6.731901795976872,10706660
2021-08-31,6.681006908416748,6.824435925401268,6.62548612671821,6.7781683866991775,9085552
2021-09-01,6.643993377685547,6.71802153146397,6.606979521416322,6.6948877609857105,4773830
2021-09-02,6.745781898498535,6.782795755840202,6.620860240280406,6.63936716895124,11790188
2021-09-03,6.708767890930176,6.750408589817104,6.648620263786833,6.750408589817104,7042414
2021-09-06,6.657873630523682,6.8105558916562785,6.653246788370583,6.7041407283347985,6663352
2021-09-07,6.7226481437683105,6.736528671235323,6.643993586415179,6.6486204289041835,6411438
2021-09-08,6.569965839385986,6.718021709629378,6.523698738442413,6.718021709629378,6768108
2021-09-09,6.912343978881836,6.912343978881836,6.505191564477951,6.560712348260299,13170528
2021-09-10,6.912343978881836,6.977118447247892,6.856823195099488,6.91697082117369,7854954
2021-09-13,6.819809436798096,6.990998632885758,6.801302508605915,6.912344077758998,6678670
2021-09-14,6.8892107009887695,6.907717629053455,6.722647907166628,6.81980938981622,9514128
2021-09-15,6.893836975097656,6.967865127232847,6.870703646372869,6.889210574096676,8128770
2021-09-16,6.7874226570129395,6.912344316311343,6.676381084027694,6.898464229998185,5239712
2021-09-17,6.819809436798096,6.852196892064391,6.699514182928937,6.782795580413735,4930784
2021-09-20,6.63011360168457,6.782795876239149,6.602353428805552,6.764288947239806,5089116
2021-09-21,6.509818077087402,6.699514201904537,6.491311148842803,6.6301133312972835,5035776
2021-09-22,6.546832084655762,6.597726469432864,6.477431212446966,6.5005649835965595,6611724
2021-09-23,6.588472366333008,6.606979293830125,6.491310886663155,6.546831669154506,7499818
2021-09-24,6.509818077087402,6.583845790065799,6.4080301923620935,6.583845790065799,6990510
2021-09-27,6.398776531219482,6.565338886035183,6.384896445294835,6.53295187179768,10395948
2021-09-28,6.361762523651123,6.445043919702981,6.301614897751444,6.421910149550802,10637638
2021-09-29,6.449670314788818,6.477430927193804,6.31086857648378,6.384896287910458,7756234
2021-09-30,6.338628768920898,6.505191561429864,6.334001926631212,6.477430948931715,15428180
2021-10-01,6.283108234405518,6.408030333742703,6.2692281482258245,6.27385499069905,7290542
2021-10-04,6.153559684753418,6.287735026726869,6.098038899237506,6.269228098221565,12259900
2021-10-05,6.098039150238037,6.227587655107495,6.079532220970972,6.144306252785701,8906136
2021-10-06,5.996250629425049,6.130425972687091,5.9037159860098445,6.065651501676456,9147236
2021-10-07,5.875955104827881,6.098038680152696,5.78342046562586,6.079531752312292,7315461
2021-10-08,5.91296911239624,5.968489897343626,5.848195083910945,5.91296911239624,4787324
2021-10-11,6.01475715637207,6.135052405397102,5.903715591690483,5.9222225191374145,5535378
2021-10-12,6.061025142669678,6.144306101703681,5.986996986181691,6.005503914993691,5946503
2021-10-13,5.91296911239624,6.107292080332077,5.875955255764651,6.0702782237004875,7472942
2021-10-14,5.885209083557129,6.033264513681337,5.82968829726055,5.903716012322655,5572494
2021-10-15,5.959237098693848,6.024011573254871,5.857448764737956,5.9129695538302585,5138774
2021-10-18,6.098039150238037,6.199827040586897,5.996250818649178,5.996250818649178,9329147
2021-10-19,6.1720662117004395,6.24609392090537,6.088784818224917,6.153559284399207,9558511
2021-10-20,6.329375743865967,6.357135916081529,6.1350527733971,6.181319874169699,8337183
2021-10-21,6.560712814331055,6.597726672815405,6.209080717489729,6.329375978183867,11035702
2021-10-22,6.542205333709717,6.58847243229575,6.458923938518913,6.560712261392123,7191846
2021-10-25,6.690260887145996,6.764288599335943,6.468177309336187,6.542205462766103,9204907
2021-10-26,6.736528396606445,6.801302423851912,6.708767784044125,6.718021468644888,4497803
2021-10-27,6.903090953826904,6.940104810852252,6.643993513409495,6.727274912336516,7873524
2021-10-28,6.958611488342285,6.958611488342285,6.866076849116982,6.89383702026459,2639010
2021-11-01,6.7272748947143555,6.81055629342322,6.4774311398277415,6.801302608571133,12311352
2021-11-02,6.764288902282715,6.856823546664423,6.690261186777349,6.727275044530032,7540246
2021-11-03,6.7272748947143555,6.792049364959025,6.431163598047266,6.764288751642744,8682144
2021-11-04,6.829063415527344,6.856823588390792,6.745782014457013,6.773542628560453,6431741
2021-11-05,6.708767890930176,6.856823316981498,6.551458780130659,6.856823316981498,15385795
2021-11-08,6.718021869659424,6.792049585924543,6.634740468241168,6.718021869659424,6154499
2021-11-09,6.523698329925537,6.736528216410425,6.523698329925537,6.708767604590677,9811029
2021-11-10,6.579219341278076,6.6439933690449955,6.458924087939553,6.523698556946443,9681922
2021-11-11,6.569965839385986,6.662500482513116,6.532951982135135,6.579219524318691,10372334
2021-11-12,6.569965839385986,6.606979696636838,6.5514589107605605,6.569965839385986,4671962
2021-11-15,6.819809436798096,6.847570049706353,6.6439933983523956,6.6532470830684725,12640050
2021-11-16,7.152934551239014,7.236215948324944,6.745781691721092,6.829063088807022,20488640
2021-11-17,7.1159210205078125,7.236216279303027,7.069653477512732,7.143681193312867,8182827
2021-11-18,7.199202060699463,7.328750556858896,7.078906807931433,7.134427591999762,12963582
2021-11-19,7.449045658111572,7.449045658111572,7.20845515746918,7.21770884191233,14196430
2021-11-22,7.772916793823242,7.874705559342504,7.495313315992361,7.495313315992361,11726678
2021-11-23,8.429913520812988,8.531702287821409,7.985747243801522,7.985747243801522,31828191
2021-11-24,8.392899513244629,8.938854547432216,8.28185794599155,8.568715989921953,27711135
2021-11-25,8.485434532165527,8.642743638583596,8.272604201284643,8.411406821201721,12482641
2021-11-26,8.402153015136719,8.420660383849842,8.26335127970795,8.420660383849842,14080939
2021-11-29,8.217083930969238,8.503941092835905,8.170816390593345,8.439167065797612,9887904
2021-11-30,8.328125953674316,8.420661039484912,8.106042806704863,8.170816837284292,10291025
2021-12-01,8.429913520812988,8.522448603097017,8.365139492702136,8.392899664395365,8897040
2021-12-02,8.50394058227539,8.577969171920245,8.429912875110416,8.429912875110416,8178345
2021-12-03,8.466927528381348,8.559462612317304,8.439167356192547,8.531702440128502,12015118
2021-12-06,8.753785133361816,8.790798988540686,8.36513921274373,8.46692709386564,11975439
2021-12-07,8.892587661743164,9.03139029288729,8.726025739842207,8.800053456793743,10632098
2021-12-08,8.77229118347168,8.975867818071704,8.679756991366123,8.929600280778988,9651433
2021-12-09,8.874080657958984,8.97586854223115,8.753785404284637,8.781545575907964,10720610
2021-12-10,9.003628730773926,9.077657326041821,8.670504023228151,8.864826989916505,13176481
2021-12-13,9.2997407913208,9.475556394752667,9.07765764515003,9.114671502845159,13225220
2021-12-14,9.623611450195312,9.642118819561045,9.42003568205191,9.4385421689377,10048662
2021-12-15,9.253473281860352,9.706893260876313,9.197952053877998,9.632865545219829,14563400
2021-12-16,9.623611450195312,9.632865134878179,9.299740428614475,9.299740428614475,11775665
2021-12-17,8.883334159851074,10.58597239821593,8.670503828505513,9.706892666741483,25838623
2021-12-20,9.197951316833496,9.521823208738299,8.374392825527988,8.559462099839342,18927674
2021-12-21,8.281858444213867,9.197952091022332,8.281858444213867,9.197952091022332,13142409
2021-12-22,8.457674026489258,8.901840274695664,8.059774433944435,8.281857558047639,13926876
2021-12-23,8.5872220993042,8.72602471413263,8.198576189752425,8.624235953429135,10847431
2021-12-24,9.207205772399902,9.207205772399902,8.494688785998052,8.605730359886133,9186280
2021-12-27,9.142431259155273,9.512569819250654,9.105417403145735,9.299740367815794,9142403
2021-12-28,9.318245887756348,9.697638093109866,9.123922943248466,9.438541127925975,13887456
2021-12-29,9.373767852783203,9.447795563009178,9.160937524023588,9.308993826955454,14348452
2021-12-30,9.253473281860352,9.521823971735103,9.253473281860352,9.420036083327432,9064436
2021-12-31,9.244218826293945,9.31824653578035,9.086909723015358,9.290486365342925,6000024
2022-01-03,9.410781860351562,9.697639021504344,9.364514320090812,9.364514320090812,9814308
2022-01-04,9.53107738494873,9.669879127225478,9.38302195785888,9.420035814631342,14954933
2022-01-05,9.99375057220459,10.03076442725987,9.549583429061318,9.595850968500397,13117778
2022-01-06,10.03076457977295,10.132552462102627,9.743906536873054,9.919723012918775,12300431
2022-01-07,9.965991020202637,10.123299252093032,9.771668048479244,10.040018734908694,7724745
2022-01-10,10.132552146911621,10.225087224318262,10.012256899274947,10.0862846082083,9053507
2022-01-11,9.910470008850098,10.225088244445336,9.8642024655308,10.197328071445753,13004076
2022-01-12,10.095539093017578,10.206580665223164,9.780920863861764,9.965991033351045,13992494
2022-01-13,10.539705276489258,10.567465446318849,10.040017807157188,10.10479183091953,14460450
2022-01-14,10.641493797302246,10.845070447475456,10.456424516453847,10.567466084962886,13424807
2022-01-17,10.724775314331055,10.854323371134809,10.604480059813318,10.724775314331055,9334614
2022-01-18,10.373143196105957,11.0671536662759,10.373143196105957,10.789549301711933,13085463
2022-01-19,10.993125915527344,10.993125915527344,10.363889475680207,10.373143160379122,15646235
2022-01-20,10.660001754760742,11.067154195090636,10.548959297645327,11.057900509917687,15454563
2022-01-21,10.808055877685547,10.891337269188517,10.391648920170699,10.632239410628193,13177221
2022-01-24,10.03076457977295,10.808056430232098,9.956736868536833,10.789549061183104,12011325
2022-01-25,10.104792594909668,10.19732767797776,9.762414199525654,10.086285225304069,7728378
2022-01-26,10.252847671508789,10.400903093374922,10.07703207866274,10.104792249642658,10332004
2022-01-27,10.567466735839844,10.567466735839844,9.928976574486722,9.928976574486722,8068553
2022-01-28,10.937604904174805,11.048646475298208,10.511945106961777,10.62298667808518,11643268
2022-01-31,11.576094627380371,11.613108483098234,11.057899764850378,11.057899764850378,12187190
2022-02-01,11.354012489318848,11.576095643112465,11.316997747873236,11.576095643112465,7168216
2022-02-02,11.178194999694824,11.520573385188664,11.057899748173217,11.363264278005017,7213232
2022-02-03,11.104166984558105,11.32625011245409,11.057899445626465,11.159688207772053,6596500
2022-02-04,11.270730018615723,11.381771584996182,10.89133777952917,11.150434767750243,6708205
2022-02-07,11.326250076293945,11.391024983583403,11.113420633359747,11.252222367231624,5169887
2022-02-08,11.150435447692871,11.381772279045503,11.10416790492635,11.326251051229681,4159317
2022-02-09,11.502066612243652,11.548333268809404,11.168941037098826,11.168941037098826,9101809
2022-02-10,11.279982566833496,11.557586917778812,11.279982566833496,11.49281289280087,5485964
2022-02-11,11.418785095214844,11.548333144168595,11.150434430622205,11.252222309440139,6097436
2022-02-14,11.326250076293945,11.363263930825106,10.97461801700797,11.196702026674833,8011612
2022-02-15,11.733403205871582,11.788923545705611,11.298489758932208,11.31699624471692,11183782
2022-02-16,11.946233749389648,11.983247606857566,11.77967094954404,11.807432004504955,7839761
2022-02-17,11.770418167114258,12.094289199890971,11.687136767049397,12.07578271236543,6451838
2022-02-18,11.936979293823242,11.964740346992073,11.677882308273567,11.853698781756497,5298000
2022-02-21,12.11279582977295,12.149809685042358,11.890712698156497,11.946233039820651,7531778
2022-02-22,12.149810791015625,12.33488008420916,11.78892500742823,11.899966583344352,8593274
2022-02-23,11.992501258850098,12.28861211777875,11.955487401484016,12.260851945374181,8248528
2022-02-24,10.919097900390625,11.594600980058152,10.798802650077246,11.094913492399458,10751345
2022-02-25,11.798177719116211,12.011007168105982,11.131927436118799,11.131927436118799,10323065
2022-02-28,11.927726745605469,11.955486916884817,11.428039250177525,11.474305908149795,8650176
2022-03-01,11.84444522857666,12.307118863423561,11.622362095645329,12.214583783462212,9194167
2022-03-02,11.67788314819336,11.992501380229374,11.55758788991606,11.862952436896903,7423863
2022-03-03,11.529827117919922,11.788924108637243,11.446545721712228,11.733403766152069,6622426
2022-03-04,11.539081573486328,11.650123148355933,11.335504911652055,11.428039998616724,10044111
2022-03-07,11.242969512939453,11.428039681737113,10.965366024702897,11.354011967210036,8693952
2022-03-08,11.19670295715332,11.511320305573848,11.067154014288414,11.076407699310188,9015038
2022-03-09,11.168941497802734,11.455799545734411,11.150435010909048,11.344757976932456,8260181
2022-03-10,11.298490524291992,11.381771922164408,11.131927728547163,11.196702639381236,7179788
2022-03-11,11.557587623596191,11.74265690803521,11.252223083651822,11.298490625381566,7931555
2022-03-14,11.3817720413208,11.71489675381801,11.32625081466462,11.594601498129585,7669283
2022-03-15,11.502066612243652,11.640868346900724,11.307743654235805,11.418785218457446,8027429
2022-03-16,11.42803955078125,11.650122691817591,11.344758152272632,11.539081121299422,5128196
2022-03-17,11.483559608459473,11.539080833574124,11.409531896626563,11.455799437142115,4771458
2022-03-18,11.511320114135742,11.59460151298675,11.409532228028933,11.502067311747822,5928980
2022-03-21,11.788924217224121,11.872205614198913,11.539080908779686,11.594601251776254,7983827
2022-03-22,11.983246803283691,12.085035566354678,11.77967015962163,11.84444506770678,9194969
2022-03-23,11.88145923614502,12.057274831346072,11.853699064793261,12.001754488642556,7048961
2022-03-24,12.307119369506836,12.344133226517446,11.881459572644857,11.89996605991018,11514056
2022-03-25,12.677257537841797,13.139931177051206,12.584723339487876,12.723525078258724,17331626
2022-03-28,12.843820571899414,12.880834428433074,12.556962521903586,12.68651146101137,7130229
2022-03-29,12.917848587036133,13.047397529173276,12.779046842409171,12.890088414606735,10662364
2022-03-30,12.964116096496582,13.112171525717505,12.779046809970428,12.92710223919135,8858402
2022-03-31,13.232466697692871,13.250973184986783,12.890088299195863,13.019636357693132,8901638
2022-04-01,12.816060066223145,13.18619862191655,12.695764815002805,13.18619862191655,18319134
2022-04-04,12.908594131469727,13.102917091835074,12.714271171104379,12.843820105507916,11828958
2022-04-05,13.454549789428711,13.639619074070655,12.871580880946619,12.917848422727095,22620990
2022-04-06,13.74140739440918,13.91722298846611,13.269480072100677,13.584098286973012,17190735
2022-04-07,13.91722297668457,14.167067164452837,13.695139842543842,13.741407382776476,9769483
2022-04-08,14.787049293518066,14.888838060362925,14.139306366010558,14.139306366010558,14052775
2022-04-11,14.638994216918945,14.92585138991012,14.546460015058553,14.796303330809577,11829106
2022-04-12,14.685261726379395,14.861077327258508,14.509446125500281,14.63899418431227,9397268
2022-04-13,14.713021278381348,15.101667203393378,14.62974076514728,14.796302674095344,11744662
2022-04-14,14.713021278381348,14.907345123367291,14.62974076514728,14.814810043133978,7466136
2022-04-15,14.805556297302246,14.870330323709368,14.620487020081953,14.713021217452138,8920779
2022-04-18,14.851822853088379,15.055400380357124,14.768542340769235,14.851822853088379,8125833
2022-04-19,15.277483940124512,15.379272706614657,14.861076954446542,14.898091693155644,13899345
2022-04-20,15.407032012939453,15.490313410168307,15.157187821252895,15.407032012939453,6596142
2022-04-21,15.3792724609375,15.444046487683806,15.24046895795558,15.407031749565999,5924265
2022-04-22,15.638368606567383,15.962240506059105,15.092413572699588,15.31449670707566,13215876
2022-04-25,15.388525009155273,15.619861836962516,15.138682576493,15.536582202715042,8530354
2022-04-26,14.944357872009277,15.619860947134146,14.740782110521735,15.545833237051419,9998294
2022-04-27,14.898091316223145,15.036893052950722,14.629740644731221,14.944357973479057,8696791
2022-04-28,14.898091316223145,15.314496526405875,14.759288697015647,14.99062639569481,9121695
2022-04-29,15.407032012939453,15.453300436377642,14.851823286400398,14.916599079213862,7260546
2022-05-05,15.407032012939453,15.740157601854865,15.333004300398239,15.629115150563099,7433565
2022-05-06,15.860450744628906,15.878958112570958,15.268229090161286,15.370017848882815,10474832
2022-05-09,15.740159034729004,16.054777282909786,15.675385000978851,15.860453416699281,7011855
2022-05-10,16.2305908203125,16.60998303310569,15.95298559988059,15.95298559988059,5002281
2022-05-11,15.915973663330078,16.2768585318781,15.684636847089582,16.175069767945136,6678395
2022-05-12,15.60135555267334,15.814185001396963,15.31449662791383,15.777170263379018,7992114
2022-05-13,16.452674865722656,16.545208179459728,15.647621975507414,15.647621975507414,9886240
2022-05-16,16.369394302368164,16.702518131643956,16.23059255975659,16.45267570092709,7796398
2022-05-17,16.582223892211914,16.637744236711573,16.165816896064655,16.42491477866294,7084123
2022-05-18,16.73027801513672,16.952361140762807,16.44342086515633,16.51744857369836,8320299
2022-05-20,17.220714569091797,17.30399597092199,16.656252126678282,16.721026158110657,8822119
2022-05-23,16.795053482055664,17.40578257122424,16.69326647716753,17.266980826405916,9364440
2022-05-24,17.063404083251953,17.091163371664198,16.748785871540985,17.035643029879864,6123273
2022-05-25,17.10041618347168,17.285486333254955,16.878333062707604,17.063403212490876,6458653
2022-05-26,17.424291610717773,17.424291610717773,17.007884571404347,17.11892703687463,6863858
2022-05-27,18.294116973876953,18.803057294835696,17.396528942239968,17.433543682289304,16727811
2022-05-30,18.636491775512695,18.729026847175437,18.20157923314541,18.377395692808648,7860813
2022-05-31,19.5433349609375,19.5433349609375,18.506945250336337,18.673508039982938,11618708
2022-06-01,21.48656463623047,21.48656463623047,19.654377323481512,19.654377323481512,19980095
2022-06-02,21.93073081970215,22.504445133877606,21.394029478234863,21.74566066128177,19128761
2022-06-03,23.041147232055664,23.24472476599588,21.727154006004753,22.11579993948347,15260434
2022-06-06,22.819063186645508,23.54083468154917,22.6154874257567,23.133681394811735,10872762
2022-06-07,22.837570190429688,23.33725678279401,22.59697969597287,22.819062822019212,8632857
2022-06-08,21.782676696777344,23.09666819300319,21.375523382969934,22.948612763429576,9406673
2022-06-09,22.596981048583984,22.652501392178962,21.59760603907491,21.801181808896423,8194874
2022-06-10,22.152814865112305,22.671008859132268,21.80118190259311,22.282362922377317,6709880
2022-06-13,21.264480590820312,22.522953487182704,21.171945507565447,22.134307549480198,7122106
2022-06-14,22.078786849975586,22.078786849975586,21.208959905322562,21.375522699507172,8114230
2022-06-15,22.485939025878906,22.63399445493306,22.041772738716443,22.11580045324352,7767943
2022-06-16,22.967119216918945,23.355765145281694,22.596980657754393,22.633993631190915,10263736
2022-06-17,23.72590446472168,23.966494977128114,22.61548875164574,23.041147667084868,10183670
2022-06-20,23.522329330444336,24.02201597365322,23.411286873642375,23.855454935890243,8223712
2022-06-21,23.22621726989746,24.299619982230965,23.170696926834662,23.9664943939344,12870313
2022-06-22,23.72590446472168,23.855454288300486,23.041147667084868,23.226217835077488,8697322
2022-06-23,24.15156364440918,24.57722253339904,23.5223272302852,23.633369677172887,9968924
2022-06-24,23.92948341369629,24.59573288083251,23.78142797655491,24.207086917096373,6577045
2022-06-27,23.522329330444336,23.522329330444336,23.522329330444336,23.522329330444336,52224
2022-06-28,23.76291847229004,24.614238041903416,23.355765174224544,24.133057031913275,7063735
2022-06-29,22.522953033447266,23.79993150876737,22.504445664177148,23.688890823066426,7272912
2022-06-30,22.28236198425293,22.83757069409335,21.875208695041977,22.48593774637849,6568373
2022-07-01,23.31875228881836,23.44830034393583,22.115799759299385,22.263855183707893,6553134
2022-07-04,23.041147232055664,23.94798715518604,22.985626888690103,23.355765452727002,5038059
2022-07-05,23.133682250976562,23.42979310139548,22.55996615456999,23.115174881585407,5543056
2022-07-06,22.985628128051758,23.48531477520419,22.50444708637905,23.133683561649516,7363847
2022-07-07,24.336633682250977,24.336633682250977,23.004134819217633,23.004134819217633,9794820
2022-07-08,24.114551544189453,24.503197503357267,24.096045938484327,24.33663469729106,2650563
2022-07-13,24.70677375793457,25.021391982938976,23.910974510575205,24.170072391449395,8478160
2022-07-14,26.15031623840332,26.81656569286761,25.076913457064187,25.132433803696212,16057845
2022-07-18,26.372398376464844,27.0386478053268,26.076287519192864,26.33538363682588,6272798
2022-07-19,26.00225830078125,28.112048919283815,25.92823059074537,27.00163326874558,18436223
2022-07-20,26.7114200592041,27.24035855299914,26.088027812556792,26.579184084588725,8762300
2022-07-21,26.352497100830078,26.957000059763498,26.069137633698094,26.786983658862084,7204657
2022-07-22,25.899120330810547,26.749200504156395,25.78577546697187,26.598075220075152,6774685
2022-07-25,26.579185485839844,26.78698411338106,25.82355902629612,26.03135585228175,5421148
2022-07-26,28.033767700195312,28.24156451897455,26.522513031962568,26.768092073186494,12200700
2022-07-27,27.58039093017578,28.487142620263796,27.58039093017578,28.24156358714276,6873649
2022-07-28,28.392688751220703,28.827175285421486,27.693733875950752,27.863750267526907,8960415
2022-07-29,28.449363708496094,28.676051643033023,28.109330905912916,28.524926353341737,6176509
2022-08-01,28.58159637451172,28.99719179995396,28.203783170271258,28.524924844264515,6846431
2022-08-02,28.354907989501953,28.78939271690322,28.0715467397766,28.619376327379094,6748559
2022-08-03,28.827177047729492,29.299444030287752,28.411581598642666,28.411581598642666,7592215
2022-08-04,28.75161361694336,29.110535721195625,28.562706108459736,28.978301546190398,6012071
2022-08-05,28.562705993652344,28.99719254079606,28.298235843149406,28.86495656476684,4982008
2022-08-08,28.317127227783203,28.883847954875293,28.052658876280947,28.65716002434956,7663382
2022-08-09,28.336017608642578,28.50603400254331,27.863750648498534,28.241563856302673,5927510
2022-08-10,28.392688751220703,28.524924723310747,28.090438189109964,28.298235000172234,5104054
2022-08-11,27.807079315185547,28.770502551538865,27.16479595657967,28.581596847073044,9063802
2022-08-12,27.99598503112793,28.10932989509828,27.240358609843902,27.71262557353529,7853255
2022-08-15,28.336017608642578,28.676050396444044,27.863750648498534,28.052658153178346,8294390
2022-08-16,29.299442291259766,29.941725637666046,28.373799492759165,28.430471022866936,14695586
2022-08-17,30.225086212158203,30.413993721606403,29.37500602275236,29.37500602275236,8581185
2022-08-18,28.090438842773438,28.921629709475212,27.485937704485238,28.524925387084707,25728512
2022-08-19,27.259248733520508,28.279345266087,27.127012763418353,28.147109295984844,14185201
2022-08-22,27.297029495239258,27.844859088098122,26.730308791906364,27.240357965372606,11110550
2022-08-23,27.297029495239258,27.788187558231467,27.14590421455788,27.504828107342743,6598263
2022-08-24,26.91921615600586,27.561499496398028,26.616965596187296,27.315920466156584,12115039
2022-08-25,26.59807586669922,27.693735103702455,26.48473280166056,27.56150092730551,10755982
2022-08-26,27.202577590942383,27.240359814455122,25.861339282684963,26.82476436359288,12906024
2022-08-29,26.59807586669922,27.297030772956074,26.163591114791796,27.183687707917414,9681108
2022-08-31,26.900325775146484,27.164795922937696,26.18247977533219,26.692528960024777,12397325
2022-09-01,27.788188934326172,28.0526590893931,27.08923402617309,27.08923402617309,18835320
2022-09-02,28.78939437866211,29.129427177337465,27.977096406295647,28.014876827506498,19811427
2022-09-05,28.827177047729492,29.488349742377714,27.977096839435738,29.356115563759182,18299887
2022-09-06,27.58039093017578,29.034972216747505,27.58039093017578,28.921629156264235,14789280
2022-09-07,27.3914852142334,28.147111671934844,26.975889761719813,27.674844685482547,11818893
2022-09-08,27.070341110229492,27.882640831135618,26.900324721988174,27.580390274953455,9748455
2022-09-09,27.032562255859375,27.448155893882547,26.93810850119755,27.070342676790787,7176194
2022-09-12,27.50482940673828,27.655954694559192,26.69252963353425,27.03256243190906,15240471
2022-09-13,26.163591384887695,27.788189145805553,26.163591384887695,27.67484427804126,10769412
2022-09-14,27.825969696044922,27.825969696044922,25.521308122549467,26.0691377492401,10624021
2022-09-15,28.090438842773438,28.75161331394278,27.67484340942255,27.97709578012215,13848843
2022-09-16,28.524925231933594,28.65715940482602,27.95820451709313,28.24156397373562,17039017
2022-09-19,28.41158103942871,29.847273070520995,28.41158103942871,28.619377859104357,14302308
2022-09-20,28.317127227783203,29.12942699666705,27.674843857182537,28.50603473733241,8108727
2022-09-21,28.05265998840332,28.808286453445216,27.920424005854287,28.373801686435026,7090421
2022-09-22,30.848478317260742,30.848478317260742,29.46945963045741,29.507240051225253,23458854
2022-09-23,32.37862014770508,33.92765512935055,31.679667096528853,31.811901262799445,42820054
2022-09-26,31.64188575744629,33.62540551293737,31.24518324759243,32.37862104895253,22739114
2022-09-27,31.056276321411133,32.076371082146935,30.50844491791321,31.660777454159902,10706817
2022-09-28,30.886260986328125,32.529748046944576,30.58401040959151,30.886260986328125,15846676
2022-09-29,32.11415481567383,32.66198624496396,30.451776622349023,31.018495560204695,19244594
2022-09-30,34.83441162109375,35.32556968682812,31.73633794516242,32.13304406111018,27547710
2022-10-03,35.420021057128906,36.53457134130877,34.588830220783905,35.21222244726494,22022304
2022-10-04,38.34807586669922,38.70699976662986,35.51447409517629,36.118978833047734,24940880
2022-10-05,37.47910690307617,39.97267591990361,37.17685633152806,38.707000300379256,28639342
2022-10-06,36.836822509765625,38.121389204552635,36.723479449375866,37.66801335988268,14939837
2022-10-07,36.836822509765625,37.61134002813234,36.55346305723577,36.93127445957194,17669629
2022-10-10,36.1000862121582,37.17685426379877,36.06230399203833,36.931273436130425,10970952
2022-10-11,36.270103454589844,37.25241597908699,36.10008706315342,36.251212344084585,13077368
2022-10-12,38.442535400390625,38.442535400390625,36.00563589512808,36.32677760660195,16495133
2022-10-13,40.63385009765625,41.55949291660737,38.15917221012935,38.442531668484015,26733510
2022-10-14,40.1426887512207,41.91841340367511,39.689312934168434,41.0872226041906,16785051
2022-10-17,41.65394592285156,42.33401152260787,40.142693037960996,40.59606890342817,17578702
2022-10-18,40.42605209350586,42.48513638023136,40.048240677670364,42.126212472543244,12633640
2022-10-19,39.42484664916992,41.33280196019751,39.405955538759336,40.63384889056029,10929552
2022-10-20,39.198158264160156,40.0482402460731,38.36696739330206,39.55708216798018,16355044
2022-10-21,40.12379837036133,40.936098075163,38.21583952034388,39.198155610016165,22785879
2022-10-24,39.46262741088867,40.690524432512284,39.14148572268283,40.27492718712173,11971672
2022-10-25,38.631439208984375,39.65153398057837,38.102498910643526,39.557082028747615,13147267
2022-10-26,40.237144470214844,40.652741710502674,39.06592440039343,39.87822416665305,16591972
2022-10-27,38.914798736572266,40.21825657219119,38.78256456253039,40.21825657219119,7443773
2022-10-28,38.15917205810547,39.02814154067933,38.15917205810547,38.858125145721665,3326350
2022-10-31,39.10370635986328,39.36817470873281,38.31029771014368,38.36696744026656,9033165
2022-11-01,41.8995246887207,41.975085527658884,39.34928241933833,39.5759721423747,19458947
2022-11-02,43.127418518066406,44.69534467659717,41.33280263402389,41.95619487529249,20019489
2022-11-03,42.59847640991211,43.92082527890852,42.20177391107967,43.22186862458509,10154231
2022-11-04,44.39309310913086,44.86536005710033,42.5984772656025,42.74960254482829,14247582
2022-11-07,44.374202728271484,46.56552111462235,44.374202728271484,44.67645329169154,14773275
2022-11-08,43.089637756347656,44.52532979159544,42.7873871808335,43.731921130093006,16831340
2022-11-09,44.997596740722656,45.90434846675122,43.46745275266057,43.46745275266057,18938514
2022-11-10,44.752017974853516,45.35651910494565,44.034170180535895,44.58200158162623,11611898
2022-11-11,43.44855880737305,44.865359638048254,43.08963492139763,44.73312547034964,12153038
2022-11-14,45.50764465332031,46.26327107034978,43.48634263659987,43.48634263659987,15995790
2022-11-15,47.557281494140625,48.171229984203286,45.39430155282211,46.07436352601305,22753974
2022-11-16,45.33763122558594,47.88787370264738,45.26206677738325,47.69896618525187,13247243
2022-11-17,43.44855880737305,45.432078529074005,42.63625908795486,45.356517691722296,11407425
2022-11-18,44.185298919677734,44.78980009706003,43.54301551793123,43.864157218804486,7324051
2022-11-21,45.809898376464844,46.09325785198568,45.01648968313977,45.904350333934715,10323776
2022-11-22,46.96223068237305,47.226699044024,45.56432082304328,45.84768029668518,16065849
2022-11-23,46.41439437866211,47.698961034504926,45.69655021380862,47.13224214662642,12786237
2022-11-24,47.27392578125,48.124007818931766,46.45218221356513,47.000010057651295,16837256
2022-11-25,50.10752487182617,50.579791842537276,47.93509752717729,48.59627200679505,18111642
2022-11-28,48.17123031616211,51.42987308758351,48.17123031616211,50.86315056905618,15921383
2022-11-29,47.41560363769531,48.73794896753993,46.98111889802255,48.54904506549853,11229590
2022-11-30,46.773319244384766,48.832403438332044,46.773319244384766,47.79341398459934,24156727
2022-12-01,47.887874603271484,49.068542105309184,47.22670008150811,47.74619306178245,16132766
2022-12-02,47.27392578125,48.45459327630176,46.8677758747033,48.02955225746087,11935101
2022-12-05,47.15113067626953,48.076777071318965,46.47106871668644,47.84064359572921,12280070
2022-12-06,47.982322692871094,48.59627118566609,46.50885207514068,47.18891405135818,13168169
2022-12-07,45.4698600769043,48.3129090528254,45.33762591116114,47.982320035356715,15269265
2022-12-08,44.336421966552734,45.658770927378356,43.316327182207836,45.46986341824455,11232205
2022-12-09,45.22428512573242,45.37541040889908,44.166404540454835,44.29864231594776,11335855
2022-12-12,46.187713623046875,46.508855324263614,45.337631589499274,45.337631589499274,12518809
2022-12-13,45.998802185058594,46.73553748262286,45.75322135046322,46.64108553276983,11677394
2022-12-14,43.61857604980469,46.16881831560228,43.61857604980469,46.05547165268796,15238301
2022-12-15,44.053062438964844,45.05426971370897,43.22187156187747,44.865362204855785,10214049
2022-12-16,44.015281677246094,44.73312951408819,43.95861194488725,44.31753226019714,2611780
2022-12-19,47.018898010253906,47.05668023230328,43.901936753400754,44.43087705275896,21946011
2022-12-20,48.31291198730469,48.83240492846808,46.3955056582351,47.15113208202831,24126568
2022-12-21,46.905555725097656,48.87963182102786,46.75443043750491,48.64349833396975,13809791
2022-12-22,46.09325408935547,47.46282897953642,46.09325408935547,47.32114745178597,9597345
2022-12-23,46.338836669921875,47.05668088323481,45.507645788892894,46.112146937600855,8036376
2022-12-26,45.5643196105957,47.321149741671476,45.5643196105957,46.697757475003016,11775891
2022-12-27,45.7154426574707,46.54662990352586,44.978703758002865,45.80989460716895,16154717
2022-12-28,43.92082595825195,45.866567072017006,43.070744014589835,45.75322041078815,10599484
2022-12-29,44.44976806640625,45.05426920542789,43.92082776820681,43.93971887919011,6966895
2022-12-30,44.39309310913086,45.0542675569103,43.61857560270978,44.82757783651617,11340329
2023-01-02,44.317527770996094,44.92203247877526,44.166402494829,44.563108596711864,13663697
2023-01-03,44.487548828125,44.6953474558395,43.33521982752657,44.39309687176996,14548719
2023-01-04,42.031761169433594,44.7709110913827,42.031761169433594,44.676455533629664,11805898
2023-01-05,39.85933303833008,42.598479305879394,39.25483189247398,42.56070068659667,12529338
2023-01-06,39.42484664916992,40.312707219802114,36.666805782109535,38.5936558066586,15226571
2023-01-09,38.55587387084961,40.59606696983278,38.31029663991842,39.68931528208713,10648343
2023-01-10,36.742374420166016,39.08481833195012,36.62902774475697,38.55587798937514,9755122
2023-01-11,35.306678771972656,38.04582496518888,35.306678771972656,36.799040484917306,12983197
2023-01-12,36.799041748046875,36.98794925826248,34.30547270191182,36.02452419896284,11220849
2023-01-13,36.9312744140625,37.85692081595614,36.08119605752045,36.64791496188182,9896952
2023-01-16,38.87701416015625,38.914796379911856,36.477897252336945,36.91238557330487,9059921
2023-01-17,39.44373321533203,39.519297655171385,38.536981555924584,38.89590543893991,9781886
2023-01-18,39.084815979003906,39.95378548615926,38.89590846780589,39.67042602091778,8504114
2023-01-19,38.744781494140625,39.25483067125571,38.253623427634714,38.91479788651232,7153969
2023-01-20,38.442535400390625,38.97147214650428,38.045829237694036,38.763677111864496,7723961
2023-01-23,36.81793212890625,39.17926695197446,36.81793212890625,38.76367332023442,10309003
2023-01-24,36.761260986328125,37.252419091163624,36.00563451854705,36.81793432257841,9089323
2023-01-25,36.21343231201172,37.082401829113486,35.042208611666815,36.87460680721718,8722474
2023-01-26,35.93007278442383,36.47790060884529,35.117773000488555,36.08119807424124,6584259
2023-01-27,35.76005554199219,36.04341500334696,34.43770658485521,35.87339860591189,7908876
2023-01-30,35.13666534423828,36.36455881745208,35.02332227367841,35.760057636984435,7653137
2023-01-31,33.5687370300293,35.306679620527404,33.5687370300293,35.136663223394144,8863402
2023-02-01,32.07637023925781,34.00322025159479,32.07637023925781,33.62540525199939,9706694
2023-02-02,31.793012619018555,33.54984634285578,29.84727318607815,32.43529599339154,14787677
2023-02-03,33.24759292602539,33.24759292602539,31.358525187082023,31.830792121817865,7439144
2023-02-06,31.963027954101562,33.20981243858229,31.30185349036519,33.19092132783428,2168423
2023-02-07,29.48834991455078,31.774122195540876,29.299444201357858,31.736339971968945,5707368
2023-02-08,27.844860076904297,27.844860076904297,27.844860076904297,27.844860076904297,6
2023-02-15,32.43529510498047,32.43529510498047,30.697352540122914,30.697352540122914,2112370
2023-02-16,32.1330451965332,35.66560012817249,31.30185431721941,35.66560012817249,7603522
2023-02-17,32.37862014770508,33.30426291471004,31.622993766793968,31.830792372711073,6144286
2023-02-20,32.68087387084961,33.05868889951712,31.88746519313675,32.37862328916006,5628066
2023-02-21,33.304264068603516,33.833204355122895,32.473076822358536,32.68087183236432,8505456
2023-02-22,32.30305862426758,33.96543662692272,31.641884203863217,33.30426220651836,7139083
2023-02-23,34.664398193359375,34.664398193359375,32.13304680900869,32.303063215652486,13580539
2023-02-24,33.24759292602539,35.2877859399598,33.19091959673721,34.8533012247494,8444671
2023-02-27,33.70096969604492,33.738751916629866,32.43529413133622,32.945343299900365,8367420
2023-02-28,34.1165657043457,34.94775659991756,33.85209734793648,33.98433152614109,10760918
2023-03-01,33.87098693847656,33.90876916001291,32.88867079719736,33.15313914172985,11180300
2023-03-02,32.416404724121094,33.90877008763377,32.416404724121094,33.87098786506384,7762748
2023-03-03,31.622995376586914,32.52974707983914,30.810695624590178,32.416404017710356,9233905
2023-03-06,32.2086067199707,32.8886723268101,31.566323336424855,31.736339738134706,9844025
2023-03-07,32.30305862426758,32.83199527810249,32.20860307671797,32.52974473216519,6721749
2023-03-08,32.189720153808594,32.6619871494705,31.717453158146693,32.32195433609613,8460669
2023-03-09,33.24759292602539,33.32315376196552,32.47307544130747,32.5486362772476,10054053
2023-03-10,32.529747009277344,33.24759480846147,32.22749644218223,33.24759480846147,8515011
2023-03-13,32.01970291137695,33.002015498349884,31.868577620834106,32.529748515014596,7341511
2023-03-14,31.1318359375,32.265277318398134,30.697351215807476,32.0763698210633,8153725
2023-03-15,30.130630493164062,31.169618124284632,29.6772546619114,31.112944794211494,7369421
2023-03-16,30.886260986328125,30.961821828956733,29.71503729914043,30.24397760998505,6482835
2023-03-17,30.07396125793457,31.585214144017275,30.07396125793457,31.282963566800735,10337463
2023-03-20,29.223880767822266,30.735135440396423,29.091644790441492,30.22508624526099,6681624
2023-03-21,28.430471420288086,30.16841398136793,28.430471420288086,29.242769368372556,5747565
2023-03-22,29.601694107055664,29.96061621500664,28.336018471216867,28.61937793530682,8389901
2023-03-23,29.677257537841797,29.790602407416564,29.12942790493419,29.601694891977147,5362715
2023-03-24,30.30065155029297,30.546228797636275,29.50724106815809,29.771711228869716,6893301
2023-03-27,30.017288208007812,31.056275865845418,30.017288208007812,30.60290002293443,6576760
2023-03-28,28.298234939575195,29.998397050140618,28.298234939575195,29.998397050140618,6801349
2023-03-29,28.430471420288086,28.581596703724987,27.58039125056665,28.147110162677283,6528434
2023-03-30,27.523717880249023,28.75161305842908,27.523717880249023,28.524925133585565,7903593
2023-03-31,26.46584129333496,27.410375228415678,26.42805907118509,27.391484117340738,7516977
2023-04-03,26.56029510498047,26.805872343267268,25.502416302702457,26.371387596930838,8756372
2023-04-04,27.37259292602539,27.48593779058724,26.371387462210325,26.61696650079808,8413763
2023-04-05,28.16600227355957,28.562706607055716,27.22146831776452,27.391484718056518,8682343
2023-04-06,28.449363708496094,29.129427512106886,28.01487714946697,28.14711132755796,9927518
2023-04-07,28.827177047729492,30.3762121740228,28.808285936053824,28.808285936053824,16037749
2023-04-10,30.28175926208496,30.54622761096686,28.99719253361114,28.99719253361114,11540791
2023-04-11,30.5273380279541,31.28296449337649,30.13063368321845,30.905153062220897,11640074
2023-04-12,30.357318878173828,31.056275547439842,30.168413179675404,30.546226378227686,7396841
2023-04-13,29.639474868774414,30.6595714733972,29.639474868774414,30.6029017417947,7022431
2023-04-14,29.752819061279297,30.036178522193083,29.09164458373977,29.696147529407643,7744305
2023-04-17,31.396310806274414,31.981920859887087,29.582803706900336,30.111742226643685,20247174
2023-04-18,30.5273380279541,31.717452863716662,30.47066469188072,31.396311165523247,12683218
2023-04-19,31.452980041503906,31.66077866499999,30.527337196193045,30.527337196193045,12042482
2023-04-20,30.81069564819336,31.52854344948453,30.697352585977747,31.26407150016679,3042147
2023-04-24,30.9051513671875,31.811903075962388,30.9051513671875,31.150728603814073,10230130
2023-04-25,28.940519332885742,31.075168054126834,28.883847800945208,30.999603609465435,9832524
2023-04-26,28.147109985351562,29.186097653601283,27.958204283023278,28.94051861917459,7079938
2023-04-27,27.674842834472656,28.184892010473586,27.542608663608178,28.014875618473276,7017985
2023-04-28,26.428058624267578,27.958204365906894,26.428058624267578,27.82596839217405,7052670
2023-05-02,26.938108444213867,28.298236022867044,26.730309824086323,28.298236022867044,11394238
2023-05-03,26.603076934814453,27.6726435789084,25.494614159476395,27.22537052477183,8030738
2023-05-04,26.48639678955078,27.53651818280764,26.33082338718541,26.603077768615428,7727611
2023-05-05,26.466949462890625,26.914224382454655,26.291930777406854,26.447504178668805,7522979
2023-05-08,26.95311737060547,26.95311737060547,26.09746364572425,26.641970561557752,6107800
2023-05-09,26.29193115234375,28.003238590629355,26.039123908042605,27.36149783762694,10145995
2023-05-10,26.058568954467773,26.447504314196948,25.514062047260666,26.31137619645924,5468365
2023-05-11,27.536518096923828,27.964345879384858,25.825208821660944,26.01967650130175,11609611
2023-05-12,27.61430549621582,28.50885350693997,27.205924842307375,27.61430549621582,12852577
2023-05-15,26.466949462890625,27.944898629460386,25.125128413360997,26.447504178668805,7258063
2023-05-16,27.517070770263672,27.692091309829788,26.466949387448196,26.466949387448196,6588047
2023-05-17,28.469959259033203,28.664425076553517,27.517069891233334,27.517069891233334,7508700
2023-05-18,27.886558532714844,28.78110650010253,27.22537066274379,28.46995970354702,7741060
2023-05-22,27.57541275024414,28.469960750528795,26.97256441881222,28.29494020738465,5564898
2023-05-23,28.003238677978516,28.294940201350304,27.16703209530775,27.614305168064057,6897517
2023-05-24,27.517070770263672,28.586639291826764,27.205923968626674,28.003238111466782,6164619
2023-05-25,27.49762535095215,28.022685112488713,27.225370973567237,27.594857335049912,5510104
2023-05-26,28.119918823242188,28.431065621934465,27.43928381016692,27.45873094873049,7255262
2023-05-29,30.375734329223633,30.550754863450834,28.353278325695978,28.567191281650793,10812524
2023-05-30,31.036922454833984,31.30917682757664,30.51186084766912,30.667436099651482,10294291
2023-05-31,33.09827423095703,33.09827423095703,30.82301087408954,31.153604821981826,18309306
2023-06-01,32.82601547241211,33.487203317457336,32.475978121354856,32.86490974780589,10817601
2023-06-02,32.903804779052734,33.75946031156038,32.12593779911957,33.27329298545686,10243085
2023-06-05,33.681671142578125,34.05115934222026,33.137166121171056,33.273292376522825,13109318
2023-06-06,33.487205505371094,34.012267130005675,32.98159101970399,33.662226046915954,7881681
2023-06-07,34.362308502197266,35.35409034290819,33.99282027703143,34.10950311181803,15897854
2023-06-08,34.01226806640625,34.86792365872035,33.17605961359504,34.342862019630154,10998412
2023-06-09,33.681671142578125,34.32341185292379,33.44831290745003,34.012265066644815,9716714
2023-06-12,34.517879486083984,35.2179616090717,33.79835022532858,34.01226503161089,17056475
2023-06-13,32.378746032714844,34.49843605823204,32.06759921329605,34.49843605823204,16193923
2023-06-14,31.386962890625,32.67044439631998,31.367515751549316,32.51487099287703,8634798
2023-06-15,31.737003326416016,32.28151208190855,31.464750803250972,31.795344742449572,7716708
2023-06-16,30.90079689025879,32.41763847630238,30.90079689025879,32.08704453574937,12332566
2023-06-19,28.761659622192383,30.395182173486265,28.761659622192383,30.336842612248972,13952905
2023-06-20,28.31438636779785,29.072806222431478,28.081024415284674,28.742212286715876,8926204
2023-06-21,27.886558532714844,28.78110650010253,27.730985134437088,28.431065426686985,7153904
2023-06-22,29.28672218322754,29.461740872593683,27.439284756743717,27.88655968622948,12789824
2023-06-23,30.609094619750977,30.745222733124095,29.811780496116196,29.811780496116196,9684101
2023-06-26,31.523088455200195,31.581429871132105,30.531308493913563,30.803562871185488,7617167
2023-06-27,31.523088455200195,31.91202380975472,30.47296893256287,31.523088455200195,13206077
2023-07-03,33.66222381591797,34.090053426522786,32.184274734804205,32.3398481270708,12677061
2023-07-04,33.487205505371094,33.953925713103224,32.962147589899004,33.68167318588344,11297392
2023-07-05,33.409420013427734,33.8177987963704,32.437085338807194,33.54554627440862,14935451
2023-07-06,33.89558792114258,34.18728758660506,33.40942057565095,33.46775828324595,13873899
2023-07-07,34.05116271972656,34.49843580572195,33.75946304230186,33.992821300576566,11096981
2023-07-10,37.084842681884766,37.43488374674891,34.24562730538639,34.71234748881781,28283405
2023-07-11,36.59867858886719,37.92105441315077,35.87915296687694,37.72658672560978,22725238
2023-07-12,35.91804122924805,36.94871731057843,35.645788709681014,36.59867623732802,13198055
2023-07-13,37.02650833129883,37.62935482586245,35.976385041579,36.09306417071588,21391711
2023-07-14,38.21275329589844,38.2905418529636,36.50144584125295,37.57101253676106,19213357
2023-07-17,38.69892120361328,39.8462764725982,38.504453517331285,39.18508856473697,20394013
2023-07-18,35.49021530151367,38.990618614710336,35.12072708994614,38.93228090862657,22224628
2023-07-19,36.52089309692383,36.52089309692383,34.53732939539053,35.49021696750063,21379623
2023-07-20,37.68769073486328,38.19330521584475,36.773697466836666,37.43488534895378,23935915
2023-07-21,37.726585388183594,38.62113523549487,36.94871837475803,37.68769111022169,22107257
2023-07-24,39.943511962890625,40.740826134259954,38.17385936516074,38.30998934126503,38778269
2023-07-25,37.143184661865234,39.94350951429704,37.143184661865234,39.94350951429704,22727940
2023-07-26,37.4543342590332,37.74603393631231,36.67646721656804,37.1626345817541,11145889
2023-07-27,37.37654495239258,38.1738591186124,37.20152440769432,37.92105372580523,10080413
2023-07-28,36.987613677978516,37.88215984092319,36.9487193989385,37.55156588740829,13602876
2023-07-31,38.44611358642578,39.45734252933279,37.571010903301946,37.62935231856433,32140135
2023-08-01,37.60990524291992,39.18508636600964,37.43488470600302,38.40721937369141,23315984
2023-08-02,37.512672424316406,38.07662459025062,37.2987576152574,37.60990440525469,17521609
2023-08-03,37.220970153808594,38.076625705954314,36.695912248529616,37.590458368692815,16258327
2023-08-04,37.20152282714844,37.66824673262292,36.754249769328005,37.318205658098265,11173190
2023-08-07,38.173858642578125,38.40722060231993,37.337653917312736,37.59045930696739,16439027
2023-08-08,37.27931213378906,38.69891988987898,37.27931213378906,38.54334648796724,10908162
2023-08-09,37.74603271484375,38.09607379991634,37.220971087234865,37.43488590792645,15795794
2023-08-10,37.590457916259766,40.099083126733646,37.43488451857504,37.86271043491744,40233301
2023-08-11,38.81559753417969,38.95172750117968,37.18207873096549,37.88215715829662,19504506
2023-08-14,39.846275329589844,40.507463218484595,38.99061975999148,39.86572246857645,22431640
2023-08-15,41.26588439941406,42.27711340375308,39.49623549640209,40.13797626662443,31851059
2023-08-16,39.107303619384766,40.7213791059728,39.107303619384766,40.7213791059728,24223655
2023-08-17,39.340660095214844,39.67125403337474,38.97117558898388,39.185086695443275,13100285
2023-08-18,37.473777770996094,39.651805279049064,37.473777770996094,39.47678474779238,14405319
2023-08-21,38.173858642578125,38.562794005760296,37.24041822193594,37.473780181677746,10598608
2023-08-22,37.62935256958008,38.660024948620844,37.22097007834394,38.465560981440454,12410971
2023-08-23,37.143184661865234,38.38777183665166,36.98761126501693,37.78492538750978,14427593
2023-08-24,35.529109954833984,37.92105236783703,35.43187426172668,37.27931162997859,16612879
2023-08-25,37.02650833129883,37.551566266996105,34.98460317100893,35.62634394500572,12264167
2023-08-28,37.29875946044922,37.92105307122903,37.084844640807724,37.473780002126354,11977795
2023-08-29,38.485008239746094,38.87393988447954,36.754249994988115,37.357096455280534,17558243
2023-08-31,38.8544921875,39.76848914327175,38.562792530851254,38.776707343336106,17711444
2023-09-01,38.56279373168945,38.97117623104455,38.13496780255969,38.89338767529597,9313861
2023-09-04,38.173858642578125,39.3017667448114,38.134968073589924,38.64058256206174,15293721
2023-09-05,38.173858642578125,38.504452588534214,37.454333042602386,38.27109433795493,8254982
2023-09-06,37.86271286010742,38.87394186441077,37.70713945245788,38.50445363030712,12005327
2023-09-07,39.12675094604492,39.223982934830204,37.804375127254396,38.15441622154161,13671741
2023-09-08,38.73781204223633,39.53512614693339,38.30998613774301,39.37955275355744,10736979
2023-09-11,38.19330596923828,40.17686965471701,38.11552112171732,38.91283528191048,17566197
2023-09-12,37.921051025390625,38.66002372103349,37.41543656661928,38.21275067606117,10661402
2023-09-13,36.637569427490234,38.50445015057041,36.38476034468003,38.29053905261057,11463135
2023-09-14,37.62935256958008,37.84326367531099,35.8402566237186,36.81259129627022,12898405
2023-09-15,36.559783935546875,37.998842583132124,36.559783935546875,37.882159746303536,10355859
2023-09-18,34.57622146606445,36.85148469390205,34.57622146606445,36.5597813317682,9451716
2023-09-19,35.17906951904297,35.29574864373554,34.32341394991825,34.73179645008601,8915969
2023-09-20,36.46255111694336,36.90982418711219,35.217963892417025,35.217963892417025,15534465
2023-09-21,38.29054260253906,38.50445372033068,36.30697886849783,36.462552276511104,12538475
2023-09-22,38.11552047729492,39.08785516442406,37.376544037945784,38.407220141601165,9552927
2023-09-25,41.732601165771484,41.90762169853221,38.29053934285601,38.44611273762528,23911525
2023-09-26,39.6129150390625,41.732601151113485,39.34065881644016,41.732601151113485,20899048
2023-09-27,38.81559753417969,40.23520894530948,38.698918414484886,39.76848875736795,10961499
2023-09-28,38.44611358642578,39.08785431766246,38.42666644800499,38.8933866426169,11148753
2023-09-29,40.00185012817383,40.33244408415719,39.30176793687667,39.45734505419838,17516076
2023-10-02,39.710147857666016,40.50746198604629,39.57402159806388,40.06018893045002,12738919
2023-10-03,39.28232192993164,40.04074178131869,39.06840711680714,39.72959498540798,10542661
2023-10-04,39.06840896606445,40.64359015856705,39.06840896606445,39.3601086373927,17189028
2023-10-05,39.49623489379883,40.02129652755956,38.21275337293654,39.223982361847,14438104
2023-10-06,39.6712532043457,39.962952859176305,38.91283335995366,39.3795535495151,7943456
2023-10-09,37.143184661865234,39.087853977050194,37.143184661865234,38.99061828579353,9185314
2023-10-10,38.504451751708984,38.89338710643835,37.51267364455775,37.51267364455775,10451548
2023-10-11,37.41543960571289,38.58224201233166,37.12373993134885,38.5044534542812,7414724
2023-10-12,36.83203887939453,38.40722002937559,35.80136277875078,37.82382070246778,9303074
2023-10-13,36.34587097167969,37.9404992356323,35.91804134338637,37.31820564083737,14639978
2023-10-16,35.49021530151367,37.00705871545217,35.1790685051923,36.94871730020601,8118474
2023-10-17,36.50144577026367,36.50144577026367,35.217964254485075,35.54855820304396,7679492
2023-10-18,34.65400695800781,35.956935560891,34.65400695800781,35.52910964246757,6050222
2023-10-19,34.517879486083984,35.15962019576863,34.12894414905475,34.7706848587394,6885137
2023-10-20,33.409420013427734,34.16783987269978,32.475979615991,34.03171361171889,7467825
2023-10-23,34.22618103027344,34.595669242407304,33.098272964589036,33.759460835076005,8018333
2023-10-24,35.25685501098633,35.392984986308434,34.3234145780387,34.576223680188626,5593940
2023-10-25,32.28151321411133,35.859705254759575,32.28151321411133,35.626343291603135,7048598
2023-10-26,33.526100158691406,33.7400149805664,31.77589843280861,32.96214795896989,9112433
2023-10-27,33.89558792114258,33.89558792114258,32.592659286858506,33.642778824355936,6409783
2023-10-30,34.65400695800781,34.90681604870169,33.58444030736803,33.89558710425096,8704085
2023-10-31,34.07061004638672,35.06239192240266,33.020486750900666,34.75124510355405,5855796
2023-11-01,34.05116271972656,34.10950413887656,32.787128311444434,34.07060985944322,6459713
2023-11-02,34.32341384887695,34.65400779216813,33.837246503399484,34.10950273909736,5023822
2023-11-03,35.15962219238281,35.19851647012688,34.12894608713979,34.38175518331378,5926678
2023-11-06,35.21796417236328,35.529110980968156,34.92626079377899,35.21796417236328,7122506
2023-11-07,34.109500885009766,35.21796177897988,34.109500885009766,35.21796177897988,7294396
2023-11-08,33.75946044921875,34.440091741209166,33.70111903454999,34.342859759256925,5092383
2023-11-09,33.93448257446289,34.34286136879654,33.545547210101056,34.34286136879654,4920642
2023-11-10,35.529109954833984,36.3069769538802,33.58444060263721,33.95392510895765,19899684
2023-11-13,34.031715393066406,36.073616832985344,33.81780056652081,35.529111760560355,8329396
2023-11-14,33.54554748535156,34.24562966328222,33.195506396386236,34.031714840211734,7431494
2023-11-15,33.54554748535156,34.031714840211734,33.31218552298716,33.642779472658574,5424915
2023-11-16,33.33163070678711,34.01226570549249,33.1955044488785,33.584439793613676,7628895
2023-11-17,33.38997268676758,33.62333463939357,33.059378750892165,33.40941982524995,5233572
2023-11-20,34.109500885009766,34.28451770743879,33.54554501451281,33.6816712703811,7159603
2023-11-21,34.28451919555664,34.90681650664891,34.206734349896635,34.323413472967864,5050967
2023-11-22,33.778907775878906,34.42064850416582,33.623334378390034,34.34285995084019,4973669
2023-11-23,33.29273986816406,34.01226542814585,33.27329273016965,33.778907190537495,3789593
2023-11-24,33.17605972290039,33.52610081678047,32.96214860598904,33.31218599070651,3854023
2023-11-27,34.22618103027344,34.265075307163826,33.31218406916137,33.31218406916137,6064815
2023-11-28,34.420650482177734,34.84847642256693,34.0122679720749,34.32341478493297,6843830
2023-11-29,33.95392608642578,34.71234967784653,33.91503551722571,34.42065000845203,4402607
2023-11-30,33.46775817871094,34.26507603525632,32.8843588496082,34.01226693925931,6537243
2023-12-01,33.156612396240234,33.91503599842171,33.02048612920224,33.77890973138371,5315951
2023-12-04,33.44831466674805,33.603888068070304,32.86491162991772,33.48720523520676,3993691
2023-12-05,33.29273986816406,33.72056577655425,33.23439845418082,33.44831326295707,5285024
2023-12-06,32.47597885131836,33.48720407015018,32.30095831727466,33.29274010713482,4398779
2023-12-07,32.67044448852539,32.67044448852539,31.853683190854127,32.475980515544755,4053963
2023-12-08,32.164833068847656,33.03993205736484,32.087044513870595,32.67044383954872,3587632
2023-12-11,31.017475128173828,32.3981904126614,30.881348869919663,32.16483217255778,4975809
2023-12-12,31.348072052001953,31.561983161669524,30.84245571328943,31.01747625430266,3761346
2023-12-13,29.77288818359375,31.464750273897888,29.675654346421545,31.211941184501434,4525451
2023-12-14,29.81178092956543,30.297948266126614,29.558973692003867,30.23960870502201,6935488
2023-12-15,29.909015655517578,30.375735867369457,29.656208410452493,29.831228953542265,10034334
2023-12-18,29.792333602905273,30.7063287091524,29.675654481432737,29.733994042169005,9878325
2023-12-19,29.1117000579834,30.39518150443962,28.839445687233436,29.558973108592795,11010279
2023-12-20,28.52829933166504,29.325613463367795,28.4894050547131,29.20893434167438,4526699
2023-12-21,30.628541946411133,31.36751465975341,28.43106538103951,28.54774635685109,11746164
2023-12-22,29.18948745727539,30.803562873206427,29.18948745727539,30.511861357271396,4461419
2023-12-25,28.042133331298828,28.89778706455423,27.730986519205956,28.89778706455423,4283517
2023-12-26,27.730985641479492,28.431065946529884,27.49762553979603,28.100472005499668,6645754
2023-12-27,28.042133331298828,28.858894640333265,27.59485839797936,28.081025755519793,6346758
2023-12-28,28.761659622192383,28.80055389940472,28.11991888483853,28.11991888483853,4730627
2023-12-29,28.917232513427734,29.325613144070648,28.664425279736292,28.78110625474049,5110440
2024-01-02,29.208934783935547,29.403400607896106,28.781107003892348,29.170040506394695,8123827
2024-01-03,28.392173767089844,29.1894879183264,28.294939926909016,29.111701217097988,4314201
2024-01-04,28.995019912719727,28.995019912719727,28.04213236971514,28.392173448607124,4610656
2024-01-05,29.22838020324707,29.325614042967477,28.625533735226785,29.20893491896798,4351294
2024-01-08,31.1924991607666,31.386963134710683,29.286722171897978,29.345061734997458,18740338
2024-01-09,31.05636978149414,31.484197554232512,30.62854200875577,30.998028366179,5611118
2024-01-10,32.067596435546875,32.47597891888593,30.939688385564377,30.998027945506596,8862467
2024-01-11,31.98981285095215,32.534317904616444,31.698109476017713,31.98981285095215,4653147
2024-01-12,31.60087776184082,32.32040707214193,31.309178093564025,31.892577430117615,5577746
2024-01-15,31.698108673095703,32.12593830060917,31.44530329160698,31.620323828469328,5393403
2024-01-16,32.573211669921875,33.09827328554646,32.3592968541128,32.573211669921875,10438555
2024-01-17,33.09827423095703,33.273294774497806,32.3009600700102,32.37874491760469,5677004
2024-01-18,32.92325210571289,33.409419434600174,32.728784432325504,33.0982726408453,5388202
2024-01-19,32.35929870605469,33.176060029604756,31.931472759114232,33.059380900286925,5382946
2024-01-22,32.26206588745117,32.689891823397865,32.04815106489655,32.3592978745237,4301980
2024-01-23,32.067596435546875,32.80657284952713,31.853681624790116,32.456531780711465,4869055
2024-01-24,32.22317123413086,32.43708605419718,31.89257728910223,32.32040692923487,5208466
2024-01-25,34.245628356933594,34.28451892487533,32.300959011675126,32.300959011675126,11059723
2024-01-26,34.517879486083984,34.7706848587394,34.051159307146264,34.24562697566088,5650380
2024-01-29,34.90681838989258,35.58744973549726,34.42065102351058,34.69290356175245,7396602
2024-01-30,35.023494720458984,35.451320633388136,34.73179506577264,34.90681560041691,5331515
2024-01-31,35.04294204711914,35.54855651557041,34.75124239086404,34.82902723492296,4885266
2024-02-01,35.29574966430664,35.587449339053784,35.10128197808768,35.10128197808768,4579436
2024-02-02,35.95693588256836,36.81259143623248,35.39298369910872,35.39298369910872,9724216
2024-02-05,36.09306335449219,36.695913544585345,35.64579027861344,35.95693708871714,6573722
2024-02-06,36.618125915527344,37.12374042205078,35.840258870553846,36.17085282831291,8995546
2024-02-07,37.60990524291992,37.746031502930315,36.42365576140812,36.6959119905913,9733720
2024-02-08,37.18207931518555,38.076625428838376,37.026505916760605,37.94049916886185,6522359
2024-02-09,37.143184661865234,37.337652335216205,36.94871698851427,37.220969505708204,3987913
2024-02-12,37.86271286010742,38.11552196576457,37.25986636911077,37.532118905206815,8237045
2024-02-13,36.540340423583984,38.17385933474547,36.540340423583984,38.01828592848426,9072612
2024-02-14,37.06539535522461,37.1431839066483,35.74301965432018,36.54033746976385,5565274
2024-02-15,37.94049835205078,38.057177471066936,36.948716567507674,37.10428996258332,7375569
2024-02-16,39.02951431274414,39.28232341218743,37.94050048596447,38.309988710986374,13747809
2024-02-19,37.78492736816406,40.15742272175549,37.726585950351854,39.24342943100624,17241979
2024-02-20,38.5433464050293,38.990619470917785,37.53211744019774,38.01828478377109,7140759
2024-02-21,37.55156326293945,38.854491846417716,37.259863608851376,38.7961541410975,5766641
2024-02-22,37.318206787109375,37.99884181825873,36.89037714567477,37.726585580301474,7921058
2024-02-23,37.590457916259766,38.387772043039284,37.39599024186327,37.39599024186327,11096705
2024-02-26,36.890377044677734,38.15441511727841,36.870929905650996,37.92105315812001,7094406
2024-02-27,36.92927169799805,37.47378046879247,36.26808380102001,37.22097136803835,6659892
2024-02-28,36.67646408081055,37.065395714209004,36.32642301433831,36.92926945706143,5782367
2024-02-29,36.618125915527344,37.16263470159012,36.28753195776827,36.71535790521304,8015203
2024-03-01,36.034725189208984,37.2404181357922,35.937489494057104,37.123739010772454,5725273
2024-03-04,36.481998443603516,36.94871865520129,35.74302199336847,36.093063079357435,7579227
2024-03-05,36.034725189208984,36.793145065581086,35.62634268789611,36.77369792655071,10899906
2024-03-06,36.365318298339844,37.25986441819592,35.490215607904624,36.28752974400675,9007061
2024-03-07,37.843265533447266,37.99884264949041,36.462552011027725,36.462552011027725,7091122
2024-03-08,39.262874603271484,39.28232174156795,37.259863868683915,37.84326318092842,10359630
2024-03-11,37.86271286010742,40.29354967285819,37.823822290067,40.09908569516822,9779842
2024-03-12,38.19330596923828,38.34887937344274,37.14318641814883,37.88215916082937,6810924
2024-03-13,36.83203887939453,38.46556144573135,36.38476210565859,38.46556144573135,6330943
2024-03-14,36.65701675415039,36.968163542933105,36.05417031452917,36.832037286485956,4329410
2024-03-15,35.704132080078125,36.81259306662808,35.704132080078125,36.65701965990463,3274069
2024-03-18,34.517879486083984,35.85970231875635,34.44009093501323,35.80136090545328,4277173
2024-03-19,34.82902908325195,34.94570821011352,34.2845203092937,34.42065028465519,3430358
2024-03-20,34.6151123046875,35.21796246260964,34.38175406414413,34.848474254393224,3155757
2024-03-21,34.16783905029297,35.004047443805405,33.915033673008026,34.71234779027283,4529812
2024-03-22,34.109500885009766,35.120726089672324,33.97337091997919,34.226180003016545,5408705
2024-03-25,34.71234893798828,36.52089204251449,34.09005533410022,34.10950247286703,9229777
2024-03-26,33.2149543762207,34.96515615617555,32.76768128862963,34.77068846747776,6419309
2024-03-27,33.37052536010742,33.68167215574591,32.53431695589311,33.19550482391548,4101174
2024-03-28,34.20673370361328,34.63455961956631,33.4677572834116,33.4677572834116,5594302
2024-03-29,33.62333679199219,34.303968136637664,33.09827514684056,34.22618328689074,6838807
2024-04-01,33.2149543762207,34.12894769118889,32.76768128862963,33.62333689340234,4379673
2024-04-02,33.37052536010742,33.93448124542866,32.68989035371235,33.292740515778995,5143358
2024-04-03,32.9621467590332,33.58444035365677,32.6704433910363,33.312184124137154,3268469
2024-04-04,33.156612396240234,33.837247440592805,32.981591850287785,32.981591850287785,3826983
2024-04-05,34.84847640991211,35.08183837405221,33.27329520674482,33.27329520674482,5717139
2024-04-08,35.801361083984375,35.91804020201008,34.86792072145414,34.86792072145414,6491611
2024-04-15,36.365318298339844,37.007059034938194,36.01527722216576,36.832038496851155,6225739
2024-04-16,35.37353515625,36.40420749829448,34.90681497527777,36.38476036044202,5058693
2024-04-17,36.559783935546875,38.23220083846413,35.47077008928481,35.490217228756244,6475193
2024-04-18,35.645790100097656,36.715356790827364,35.37353756991101,36.63757194327226,4045759
2024-04-19,36.4431037902832,36.96816541386285,35.04294316989998,35.04294316989998,4682543
2024-04-22,36.481998443603516,37.45433314505618,36.423657026217846,36.55978329095522,4641989
2024-04-24,36.22918701171875,36.83203715840591,35.82080824379741,36.598675213049226,6482919
2024-04-25,37.70713806152344,37.74603233929175,36.38476229070057,36.520892262889674,8852596
2024-04-26,37.512672424316406,38.71836530826531,37.04594853015816,38.387771380247905,8483908
2024-04-29,37.70713806152344,38.7378141674089,37.5321175207285,37.97939429673916,8662498
2024-04-30,37.395992279052734,37.72658623078756,36.94871919998873,37.72658623078756,5325997
2024-05-02,38.64058303833008,39.068408975773664,37.92105372032319,37.92105372032319,9322274
2024-05-03,38.44611358642578,39.010065763979284,38.23219877295942,38.71836610599213,5036800
2024-05-06,38.40721893310547,38.835044846682116,37.24041660343182,38.48500748602614,7065752
2024-05-07,37.43488693237305,38.465563076718745,36.793146161898875,38.42666879749907,9337552
2024-05-08,37.16263198852539,37.78492557907354,36.89037576078879,37.60990504308657,4524260
2024-05-09,37.78492736816406,37.843265076813715,36.71535696324893,37.16263374815074,3963047
2024-05-10,39.08785629272461,39.96295531090375,37.82382190480191,38.11552157752829,20788900
2024-05-13,38.485008239746094,40.137974220897505,38.46556110113506,39.37955436087921,11444388
2024-05-14,37.80437469482422,38.6794737113697,37.60990701031548,38.485009736023535,9122083
2024-05-15,39.65180587768555,39.92406210217422,37.726583713958576,37.843262833503815,10697967
2024-05-16,41.75204849243164,41.75204849243164,39.476785265423125,39.729594351292036,14102470
2024-05-17,43.30778884887695,43.30778884887695,41.36311942998706,41.77149822755591,14124002
2024-05-20,45.15522003173828,45.4080291191067,43.36612411861409,43.36612411861409,11947836
2024-05-21,44.24122619628906,45.699728158804085,43.94952654561852,45.291349389697785,10711931
2024-05-22,44.6107177734375,44.72739690069989,43.81340360367977,44.20233526427526,7524156
2024-05-23,45.38858413696289,46.224792573243754,43.988423502896985,44.63016425715584,11862190
2024-05-24,46.04977035522461,46.24423803017262,44.86352087628788,45.213561949361825,7676902
2024-05-27,46.477596282958984,46.86653163294019,45.25245623609426,46.088664642140174,9292405
2024-05-28,47.333251953125,47.50827249016511,45.952534795271056,46.47759640639139,7603329
2024-05-29,46.069217681884766,47.89720419004343,45.89419714463262,47.333252010468385,5837294
2024-05-30,44.43569564819336,46.224791608982265,44.20233369280244,46.06921820844247,6007093
2024-05-31,45.310794830322266,45.33024196911875,44.377354423065725,44.6496069478916,7401332
2024-06-03,45.01909637451172,45.64138999604485,44.49403474040718,45.5052637299798,5698566
2024-06-04,45.038543701171875,45.971984137354305,44.766291167909316,45.019096561772756,4300623
2024-06-05,45.85530471801758,45.99143098378172,43.968976718269765,45.05799055354543,6266798
2024-06-06,45.86000061035156,46.619998931884766,45.58000183105469,46.439998626708984,4189104
2024-06-07,46.41999816894531,46.779998779296875,45.29999923706055,45.70000076293945,4828035
2024-06-10,44.720001220703125,46.2599983215332,44.0,46.2599983215332,6185778
2024-06-11,45.5,46.65999984741211,45.099998474121094,45.599998474121094,7560308
2024-06-12,47.599998474121094,47.959999084472656,45.13999938964844,45.20000076293945,6433200
2024-06-13,48.13999938964844,48.58000183105469,47.20000076293945,48.15999984741211,6012012
2024-06-14,44.70000076293945,46.5,44.58000183105469,44.58000183105469,16669533
2024-06-20,43.900001525878906,45.0,43.900001525878906,44.599998474121094,5934818
2024-06-21,43.880001068115234,45.02000045776367,43.880001068115234,44.0,5537640
2024-06-24,43.959999084472656,44.2599983215332,43.0,44.040000915527344,4996487
2024-06-25,44.7400016784668,45.20000076293945,43.959999084472656,43.959999084472656,7508365
2024-06-26,44.29999923706055,45.560001373291016,44.29999923706055,45.20000076293945,7798405
2024-06-27,44.97999954223633,45.0,44.02000045776367,44.36000061035156,4467382
2024-06-28,44.060001373291016,45.540000915527344,43.7599983215332,45.220001220703125,8265461
2024-07-01,41.619998931884766,44.36000061035156,41.619998931884766,44.13999938964844,6023364
2024-07-02,42.34000015258789,42.47999954223633,41.380001068115234,41.779998779296875,3293827
2024-07-03,42.41999816894531,42.65999984741211,41.81999969482422,42.34000015258789,3223398
2024-07-04,43.02000045776367,43.2599983215332,42.18000030517578,42.619998931884766,4098327
2024-07-05,43.459999084472656,43.720001220703125,42.81999969482422,43.13999938964844,3866480
2024-07-08,42.79999923706055,43.84000015258789,42.720001220703125,43.79999923706055,3507727
2024-07-09,42.400001525878906,42.91999816894531,42.18000030517578,42.79999923706055,3056149
2024-07-10,42.720001220703125,43.2599983215332,41.599998474121094,42.400001525878906,4960667
2024-07-11,43.119998931884766,43.439998626708984,42.779998779296875,43.08000183105469,3114471
2024-07-12,43.279998779296875,44.0,42.63999938964844,43.459999084472656,2915202
2024-07-16,44.7400016784668,44.79999923706055,43.2400016784668,43.439998626708984,5437907
2024-07-17,44.97999954223633,45.220001220703125,44.0,44.97999954223633,4584463
2024-07-18,43.900001525878906,45.599998474121094,43.900001525878906,45.5,8255371
2024-07-19,43.52000045776367,44.040000915527344,41.86000061035156,44.040000915527344,4620714
2024-07-22,43.0,43.97999954223633,42.97999954223633,43.63999938964844,3824380
2024-07-23,42.959999084472656,43.459999084472656,42.619998931884766,43.20000076293945,3696790
2024-07-24,42.70000076293945,43.5,42.5,43.47999954223633,4550237
2024-07-25,42.86000061035156,43.47999954223633,42.20000076293945,42.65999984741211,5980999
2024-07-26,43.599998474121094,44.060001373291016,42.84000015258789,42.86000061035156,4877709
2024-07-29,43.79999923706055,44.18000030517578,42.599998474121094,43.220001220703125,4884608
2024-07-30,42.7400016784668,43.84000015258789,42.459999084472656,43.79999923706055,5425288
2024-07-31,41.279998779296875,42.5,40.91999816894531,42.5,4813476
2024-08-01,41.720001220703125,41.959999084472656,41.36000061035156,41.63999938964844,5052789
2024-08-02,40.099998474121094,41.459999084472656,40.099998474121094,41.0,5137854
2024-08-05,36.81999969482422,38.279998779296875,36.58000183105469,37.52000045776367,6818286
2024-08-06,37.31999969482422,38.31999969482422,37.31999969482422,37.5,4518111
2024-08-07,39.13999938964844,39.41999816894531,35.84000015258789,37.720001220703125,6567815
2024-08-08,38.86000061035156,40.119998931884766,38.63999938964844,39.13999938964844,3495863
2024-08-09,38.5,39.2400016784668,38.099998474121094,39.15999984741211,3593177
2024-08-12,38.040000915527344,38.91999816894531,37.91999816894531,38.5,3728919
2024-08-13,37.0,38.13999938964844,36.79999923706055,37.900001525878906,5173480
2024-08-14,36.060001373291016,37.47999954223633,36.0,37.29999923706055,5695682
2024-08-15,37.119998931884766,37.119998931884766,35.380001068115234,36.13999938964844,5584212
2024-08-16,36.97999954223633,37.7400016784668,36.720001220703125,37.119998931884766,3339419
2024-08-19,37.29999923706055,37.31999969482422,36.2400016784668,37.02000045776367,3367203
2024-08-20,37.34000015258789,38.02000045776367,37.040000915527344,37.380001068115234,4062077
2024-08-21,37.7599983215332,37.86000061035156,36.7400016784668,37.36000061035156,3406551
2024-08-22,39.2400016784668,39.41999816894531,37.560001373291016,37.7599983215332,21080124
2024-08-23,38.119998931884766,39.47999954223633,37.7599983215332,39.279998779296875,4122106
2024-08-26,37.560001373291016,38.880001068115234,37.279998779296875,38.20000076293945,5846446
2024-08-27,37.34000015258789,37.58000183105469,36.459999084472656,37.560001373291016,4752697
2024-08-28,36.97999954223633,38.060001373291016,36.91999816894531,37.599998474121094,3790884
2024-08-29,37.70000076293945,37.70000076293945,36.58000183105469,37.0,3102563
2024-09-02,40.02000045776367,40.279998779296875,37.70000076293945,37.70000076293945,7214429
2024-09-03,39.880001068115234,40.439998626708984,39.52000045776367,40.02000045776367,5135924
2024-09-04,39.040000915527344,39.560001373291016,38.5,39.5,2796081
2024-09-05,38.5,39.279998779296875,38.41999816894531,39.0,1969806
2024-09-06,37.900001525878906,38.439998626708984,37.58000183105469,37.91999816894531,2718269
2024-09-09,37.599998474121094,38.220001220703125,37.439998626708984,37.63999938964844,2232742
2024-09-10,38.0,38.0,36.900001525878906,37.599998474121094,2248607
2024-09-11,36.540000915527344,38.2599983215332,35.63999938964844,37.880001068115234,4355728
2024-09-12,36.79999923706055,36.91999816894531,35.63999938964844,36.540000915527344,3633548
2024-09-13,36.97999954223633,37.29999923706055,36.599998474121094,36.81999969482422,2731290
2024-09-16,37.0,37.400001525878906,36.68000030517578,36.900001525878906,2996526
2024-09-17,37.65999984741211,37.70000076293945,36.81999969482422,37.2400016784668,2146877
2024-09-18,36.97999954223633,37.599998474121094,36.68000030517578,37.380001068115234,2198058
2024-09-19,37.720001220703125,37.880001068115234,37.220001220703125,37.31999969482422,4455985
2024-09-20,37.63999938964844,38.2400016784668,37.439998626708984,37.720001220703125,3273806
2024-09-23,38.5,38.58000183105469,37.220001220703125,37.7599983215332,4426609
2024-09-24,38.86000061035156,39.18000030517578,38.41999816894531,38.880001068115234,3429348
2024-09-25,38.599998474121094,39.79999923706055,38.34000015258789,38.939998626708984,4763919
2024-09-26,39.540000915527344,40.5,38.900001525878906,39.0,5830201
2024-09-27,39.41999816894531,39.560001373291016,38.58000183105469,39.52000045776367,3728009
2024-09-30,38.34000015258789,39.540000915527344,38.15999984741211,39.400001525878906,3285562
2024-10-01,36.900001525878906,38.599998474121094,36.439998626708984,38.34000015258789,4124183
2024-10-02,35.279998779296875,37.119998931884766,35.060001373291016,36.900001525878906,3050816
2024-10-03,35.2400016784668,36.08000183105469,35.040000915527344,35.08000183105469,3241898
2024-10-04,35.2400016784668,35.560001373291016,34.34000015258789,35.29999923706055,3053393
2024-10-07,35.20000076293945,35.880001068115234,35.119998931884766,35.459999084472656,4394820
2024-10-08,34.84000015258789,35.20000076293945,33.779998779296875,35.20000076293945,6255023
2024-10-09,35.34000015258789,35.380001068115234,34.18000030517578,34.900001525878906,2657482
2024-10-10,35.119998931884766,36.02000045776367,34.7599983215332,35.34000015258789,3927843
2024-10-11,35.7599983215332,35.7599983215332,34.7400016784668,35.41999816894531,2952668
2024-10-14,33.900001525878906,35.7599983215332,33.31999969482422,35.7599983215332,5676856
2024-10-15,34.52000045776367,34.52000045776367,33.7400016784668,34.439998626708984,3099402
2024-10-16,34.52000045776367,34.81999969482422,34.2599983215332,34.79999923706055,2498096
2024-10-17,35.2599983215332,35.34000015258789,34.459999084472656,34.619998931884766,2803879
2024-10-18,34.18000030517578,35.7400016784668,34.040000915527344,35.2599983215332,4832723
2024-10-21,33.5,34.459999084472656,33.41999816894531,34.36000061035156,1985328
2024-10-22,34.220001220703125,34.34000015258789,33.52000045776367,33.58000183105469,3048523
2024-10-23,33.540000915527344,34.880001068115234,33.380001068115234,34.119998931884766,4118199
2024-10-24,33.86000061035156,35.97999954223633,33.63999938964844,35.97999954223633,4935946
2024-10-25,34.119998931884766,34.29999923706055,33.41999816894531,33.86000061035156,3736252
2024-10-28,34.619998931884766,34.65999984741211,34.08000183105469,34.2400016784668,1171969
2024-10-30,34.31999969482422,34.7599983215332,34.220001220703125,34.619998931884766,3758920
2024-10-31,33.0,34.47999954223633,32.880001068115234,34.31999969482422,6255418
2024-11-01,32.63999938964844,33.29999923706055,32.439998626708984,33.099998474121094,5977971
2024-11-04,32.599998474121094,33.13999938964844,32.36000061035156,32.65999984741211,6301699
2024-11-05,32.34000015258789,32.91999816894531,31.979999542236328,32.720001220703125,4706153
2024-11-06,33.439998626708984,33.63999938964844,32.119998931884766,32.18000030517578,5793526
2024-11-07,32.79999923706055,33.47999954223633,32.31999969482422,33.380001068115234,5585905
2024-11-08,33.20000076293945,33.34000015258789,32.63999938964844,32.79999923706055,4351573
2024-11-11,34.060001373291016,34.36000061035156,33.29999923706055,33.29999923706055,4677331
2024-11-12,33.7599983215332,34.31999969482422,33.68000030517578,34.20000076293945,2971296
2024-11-13,33.5,33.79999923706055,32.959999084472656,33.68000030517578,3789786
2024-11-14,33.279998779296875,33.81999969482422,33.08000183105469,33.720001220703125,6732622
2024-11-15,33.70000076293945,34.08000183105469,33.34000015258789,33.36000061035156,6310237
2024-11-18,34.060001373291016,34.29999923706055,33.459999084472656,33.779998779296875,3835072
2024-11-19,33.97999954223633,34.36000061035156,33.5,34.119998931884766,4826160
2024-11-20,32.91999816894531,34.2599983215332,32.86000061035156,34.0,2861307
2024-11-21,33.65999984741211,33.779998779296875,32.599998474121094,33.34000015258789,4823059
2024-11-22,34.91999816894531,34.91999816894531,33.540000915527344,33.68000030517578,4908808
2024-11-25,35.20000076293945,35.5,34.84000015258789,34.939998626708984,3728973
2024-11-26,34.720001220703125,35.18000030517578,34.380001068115234,35.18000030517578,2940679
2024-11-27,34.20000076293945,35.220001220703125,34.20000076293945,34.79999923706055,4055540
2024-11-28,34.900001525878906,35.220001220703125,34.47999954223633,34.5,4538234
2024-11-29,35.560001373291016,35.7599983215332,34.70000076293945,35.040000915527344,7467049
2024-12-02,35.880001068115234,36.380001068115234,35.34000015258789,35.65999984741211,6525758
2024-12-03,36.2599983215332,36.52000045776367,35.720001220703125,35.900001525878906,3567689
2024-12-04,35.880001068115234,36.599998474121094,35.779998779296875,36.31999969482422,2851900
2024-12-05,35.939998626708984,36.41999816894531,35.7599983215332,35.900001525878906,3297588
2024-12-06,36.47999954223633,36.65999984741211,36.0,36.060001373291016,3105391
2024-12-09,37.060001373291016,37.279998779296875,36.79999923706055,36.84000015258789,3578031
2024-12-10,36.52000045776367,37.099998474121094,36.2400016784668,37.08000183105469,3086536
2024-12-11,35.91999816894531,36.619998931884766,35.81999969482422,36.5,3334218
2024-12-12,35.7400016784668,36.279998779296875,35.65999984741211,36.02000045776367,2832690
2024-12-13,36.7400016784668,36.91999816894531,35.41999816894531,35.779998779296875,4105331
2024-12-16,36.08000183105469,37.34000015258789,36.060001373291016,37.13999938964844,5999851
2024-12-17,36.0,36.34000015258789,35.68000030517578,36.02000045776367,4024474
2024-12-18,36.34000015258789,36.959999084472656,35.84000015258789,36.0,4313298
2024-12-19,36.58000183105469,37.0,35.959999084472656,37.0,4182251
2024-12-20,35.959999084472656,36.58000183105469,35.86000061035156,36.58000183105469,2826886
2024-12-23,35.41999816894531,36.02000045776367,35.220001220703125,35.959999084472656,2849248
2024-12-24,36.400001525878906,36.63999938964844,34.959999084472656,35.20000076293945,9722311
2024-12-25,36.880001068115234,37.36000061035156,36.619998931884766,36.779998779296875,3609061
2024-12-26,38.060001373291016,38.2400016784668,36.86000061035156,36.900001525878906,6603626
2024-12-27,38.599998474121094,39.220001220703125,38.15999984741211,38.15999984741211,5237974
2024-12-30,38.86000061035156,39.540000915527344,38.65999984741211,38.720001220703125,5738170
2024-12-31,39.20000076293945,39.5,38.040000915527344,38.779998779296875,5301089
2025-01-02,39.5,39.68000030517578,38.119998931884766,39.279998779296875,5747763
2025-01-03,40.84000015258789,41.220001220703125,39.599998474121094,39.599998474121094,5925448
2025-01-06,40.86000061035156,41.52000045776367,40.68000030517578,41.0,5077966
2025-01-07,41.040000915527344,41.68000030517578,40.84000015258789,40.86000061035156,4171285
2025-01-08,40.540000915527344,41.18000030517578,40.34000015258789,40.70000076293945,4427260
2025-01-09,41.119998931884766,41.31999969482422,40.47999954223633,40.619998931884766,2997521
2025-01-10,40.939998626708984,42.119998931884766,40.560001373291016,41.15999984741211,5194502
2025-01-13,39.79999923706055,40.939998626708984,39.439998626708984,40.58000183105469,5144344
2025-01-14,39.70000076293945,40.599998474121094,39.41999816894531,39.5,4369446
2025-01-15,39.70000076293945,39.84000015258789,39.099998474121094,39.65999984741211,2551250
2025-01-16,40.65999984741211,40.7599983215332,39.52000045776367,40.02000045776367,2513946
2025-01-17,40.68000030517578,40.959999084472656,39.7599983215332,40.70000076293945,3759907
2025-01-20,40.2599983215332,41.099998474121094,40.02000045776367,40.900001525878906,2841074
2025-01-21,39.79999923706055,40.86000061035156,39.7599983215332,40.20000076293945,2654287
2025-01-22,41.540000915527344,41.560001373291016,39.79999923706055,39.79999923706055,3867265
2025-01-23,41.959999084472656,42.65999984741211,41.459999084472656,41.68000030517578,4544105
2025-01-24,42.58000183105469,42.68000030517578,41.65999984741211,42.29999923706055,3092527
2025-01-27,41.5,42.86000061035156,41.15999984741211,42.52000045776367,4925066
2025-01-28,41.2599983215332,42.36000061035156,41.220001220703125,41.5,3870792
2025-01-29,40.86000061035156,42.060001373291016,40.86000061035156,41.29999923706055,2513238
2025-01-30,40.900001525878906,41.439998626708984,40.52000045776367,40.86000061035156,4060588
2025-01-31,41.099998474121094,41.459999084472656,40.400001525878906,41.099998474121094,3255642
2025-02-03,39.13999938964844,40.959999084472656,39.0,40.959999084472656,4845698
2025-02-04,38.86000061035156,39.459999084472656,38.86000061035156,39.20000076293945,1893975
2025-02-05,38.68000030517578,39.34000015258789,38.0,38.86000061035156,3013265
2025-02-06,38.97999954223633,39.279998779296875,38.70000076293945,38.91999816894531,2160538
2025-02-07,39.84000015258789,40.0,38.70000076293945,38.97999954223633,2990494
2025-02-10,40.099998474121094,40.459999084472656,39.36000061035156,39.84000015258789,3929056
2025-02-11,39.599998474121094,40.36000061035156,39.29999923706055,40.29999923706055,4872714
2025-02-12,37.939998626708984,39.63999938964844,37.91999816894531,39.599998474121094,4837520
2025-02-13,38.0,38.47999954223633,37.47999954223633,38.279998779296875,4205536
2025-02-14,37.560001373291016,38.13999938964844,37.279998779296875,38.0,3191521
2025-02-17,37.65999984741211,38.400001525878906,37.63999938964844,38.0,3125179
2025-02-18,37.84000015258789,38.29999923706055,37.29999923706055,37.65999984741211,3389192
2025-02-19,37.20000076293945,38.34000015258789,37.040000915527344,37.84000015258789,3049449
2025-02-20,37.220001220703125,37.7400016784668,36.939998626708984,37.220001220703125,3183153
2025-02-21,36.34000015258789,37.52000045776367,36.220001220703125,37.400001525878906,2746656
2025-02-24,36.29999923706055,36.959999084472656,36.13999938964844,36.400001525878906,2873932
2025-02-25,35.560001373291016,36.380001068115234,35.0,36.29999923706055,3417927
2025-02-26,35.34000015258789,35.939998626708984,34.79999923706055,35.619998931884766,4254866
2025-02-27,35.68000030517578,35.939998626708984,35.119998931884766,35.52000045776367,3893628
2025-02-28,35.34000015258789,36.15999984741211,34.97999954223633,35.70000076293945,3537450
2025-03-03,36.380001068115234,37.0,35.599998474121094,35.599998474121094,5145135
2025-03-04,34.2400016784668,35.380001068115234,33.91999816894531,35.15999984741211,7745394
2025-03-05,34.13999938964844,34.439998626708984,33.779998779296875,34.2599983215332,6214182
2025-03-06,34.97999954223633,35.13999938964844,34.279998779296875,34.400001525878906,6814013
2025-03-07,35.84000015258789,36.380001068115234,35.08000183105469,35.08000183105469,6902352
2025-03-10,35.779998779296875,36.380001068115234,35.5,35.939998626708984,5371986
2025-03-11,36.02000045776367,36.47999954223633,35.15999984741211,35.5,8557616
2025-03-12,36.20000076293945,36.84000015258789,35.959999084472656,36.79999923706055,7500111
2025-03-13,37.15999984741211,37.380001068115234,36.20000076293945,36.439998626708984,9235331
2025-03-14,37.279998779296875,37.91999816894531,37.13999938964844,37.91999816894531,6699741
2025-03-17,37.439998626708984,37.81999969482422,37.18000030517578,37.400001525878906,6233273
2025-03-18,36.7599983215332,37.459999084472656,36.52000045776367,37.459999084472656,6061322
2025-03-19,33.2400016784668,35.47999954223633,33.099998474121094,34.439998626708984,7017971
2025-03-20,34.099998474121094,34.52000045776367,32.91999816894531,33.02000045776367,6212747
2025-03-21,31.100000381469727,33.720001220703125,30.959999084472656,33.540000915527344,6987799
2025-03-24,31.84000015258789,32.7599983215332,29.920000076293945,31.399999618530273,6544644
2025-03-25,33.599998474121094,33.959999084472656,31.84000015258789,32.02000045776367,6293412
2025-03-26,33.560001373291016,33.900001525878906,32.880001068115234,33.47999954223633,3325390
2025-03-27,33.599998474121094,34.459999084472656,33.599998474121094,33.91999816894531,3088306
2025-03-28,35.15999984741211,35.279998779296875,32.65999984741211,33.65999984741211,4581073
2025-04-02,34.400001525878906,35.439998626708984,34.36000061035156,35.02000045776367,4024884
2025-04-03,33.720001220703125,35.02000045776367,33.70000076293945,34.599998474121094,4000022
2025-04-04,32.939998626708984,33.900001525878906,32.86000061035156,33.68000030517578,3022821
2025-04-07,33.599998474121094,34.13999938964844,31.6200008392334,32.439998626708984,6680707
2025-04-08,34.13999938964844,34.47999954223633,33.70000076293945,34.2400016784668,2874751
2025-04-09,33.439998626708984,34.29999923706055,33.20000076293945,34.02000045776367,4209226
2025-04-10,33.52000045776367,34.58000183105469,33.52000045776367,34.5,3876934
2025-04-11,33.119998931884766,33.7400016784668,32.439998626708984,33.41999816894531,5593537
2025-04-14,33.040000915527344,33.65999984741211,32.779998779296875,33.599998474121094,3497926
2025-04-15,32.900001525878906,33.41999816894531,32.86000061035156,33.099998474121094,3449490
2025-04-16,32.20000076293945,32.880001068115234,31.68000030517578,32.779998779296875,4219474
2025-04-17,33.060001373291016,33.31999969482422,31.899999618530273,31.920000076293945,4832360
2025-04-18,32.79999923706055,33.52000045776367,32.41999816894531,33.5,3538831
2025-04-21,32.52000045776367,33.2599983215332,32.41999816894531,32.79999923706055,3302836
2025-04-22,31.920000076293945,32.7400016784668,31.65999984741211,32.540000915527344,4565108
2025-04-24,32.18000030517578,32.34000015258789,31.700000762939453,31.920000076293945,3277869
2025-04-25,32.63999938964844,33.119998931884766,32.34000015258789,32.36000061035156,4880092
2025-04-28,31.899999618530273,32.84000015258789,31.739999771118164,32.63999938964844,3358502
2025-04-29,32.15999984741211,32.560001373291016,31.459999084472656,31.780000686645508,3823418
2025-04-30,31.100000381469727,32.36000061035156,30.799999237060547,32.08000183105469,4421708
2025-05-02,31.420000076293945,31.860000610351562,31.200000762939453,31.479999542236328,2811987
2025-05-05,31.31999969482422,31.739999771118164,31.239999771118164,31.520000457763672,1668066
2025-05-06,31.579999923706055,31.760000228881836,31.219999313354492,31.31999969482422,2814679
2025-05-07,31.299999237060547,32.540000915527344,31.299999237060547,31.600000381469727,5316389
2025-05-08,31.360000610351562,31.600000381469727,31.15999984741211,31.420000076293945,1606409
2025-05-09,32.2599983215332,32.31999969482422,31.299999237060547,31.559999465942383,3820904
2025-05-12,33.36000061035156,33.560001373291016,32.619998931884766,32.65999984741211,5710565
2025-05-13,34.5,35.15999984741211,33.84000015258789,34.0,9230518
2025-05-14,34.29999923706055,35.15999984741211,33.84000015258789,34.47999954223633,3902055
2025-05-15,33.779998779296875,34.47999954223633,33.540000915527344,34.18000030517578,3053389
2025-05-16,34.41999816894531,34.599998474121094,33.380001068115234,33.47999954223633,3423239
2025-05-20,34.79999923706055,35.13999938964844,34.02000045776367,34.599998474121094,3580735
2025-05-21,34.02000045776367,34.91999816894531,33.70000076293945,34.79999923706055,3994344
2025-05-22,33.91999816894531,34.29999923706055,33.52000045776367,34.02000045776367,2648323
2025-05-23,33.41999816894531,33.959999084472656,33.2400016784668,33.779998779296875,2274511
2025-05-26,33.52000045776367,33.65999984741211,33.119998931884766,33.34000015258789,1657610
2025-05-27,32.619998931884766,33.65999984741211,32.52000045776367,33.47999954223633,2528213
2025-05-28,32.400001525878906,32.79999923706055,32.119998931884766,32.619998931884766,2467174
2025-05-29,33.560001373291016,33.959999084472656,32.459999084472656,32.5,3923174
2025-05-30,32.459999084472656,33.599998474121094,32.459999084472656,33.41999816894531,3749157
2025-06-02,32.36000061035156,32.41999816894531,31.6200008392334,32.400001525878906,2483530
2025-06-03,32.779998779296875,33.279998779296875,32.380001068115234,32.380001068115234,2477982
2025-06-04,33.34000015258789,33.5,32.79999923706055,33.20000076293945,2637088
2025-06-05,33.279998779296875,33.36000061035156,32.900001525878906,33.34000015258789,1157260
2025-06-10,34.02000045776367,34.29999923706055,33.459999084472656,33.459999084472656,3104595
2025-06-11,33.900001525878906,34.29999923706055,33.58000183105469,34.119998931884766,2959244
2025-06-12,32.70000076293945,33.65999984741211,32.36000061035156,33.65999984741211,3709970
2025-06-13,34.0,34.31999969482422,30.15999984741211,31.739999771118164,9689257
2025-06-16,33.540000915527344,34.220001220703125,33.02000045776367,34.0,4565322
2025-06-17,33.29999923706055,34.279998779296875,32.81999969482422,34.13999938964844,5006554
2025-06-18,32.459999084472656,33.380001068115234,32.31999969482422,33.29999923706055,2713383
2025-06-19,31.8799991607666,32.7400016784668,31.8799991607666,32.47999954223633,2933166
2025-06-20,32.2599983215332,32.65999984741211,31.8799991607666,32.15999984741211,2264973
2025-06-23,31.81999969482422,32.31999969482422,31.579999923706055,31.920000076293945,2448599
2025-06-24,32.7400016784668,33.0,32.13999938964844,32.939998626708984,3898477
2025-06-25,32.34000015258789,32.939998626708984,32.279998779296875,32.779998779296875,2624421
2025-06-26,31.860000610351562,32.619998931884766,31.860000610351562,32.400001525878906,2826392
2025-06-27,32.599998474121094,32.84000015258789,31.579999923706055,31.860000610351562,4056267
2025-06-30,33.34000015258789,33.720001220703125,32.41999816894531,32.599998474121094,7359283
2025-07-01,33.599998474121094,33.91999816894531,33.18000030517578,33.380001068115234,5834761
2025-07-02,33.459999084472656,34.15999984741211,33.279998779296875,33.68000030517578,5994381
2025-07-03,33.880001068115234,34.459999084472656,33.7599983215332,34.0,5853951
2025-07-04,34.08000183105469,34.29999923706055,33.70000076293945,34.02000045776367,2945695
2025-07-07,33.08000183105469,33.779998779296875,32.7400016784668,33.7599983215332,3858850
2025-07-08,32.880001068115234,33.31999969482422,32.47999954223633,33.08000183105469,3701994
2025-07-09,34.63999938964844,34.97999954223633,33.0,33.0,6876392
2025-07-10,34.65999984741211,35.400001525878906,34.65999984741211,34.97999954223633,5907708
2025-07-11,35.0,35.400001525878906,34.540000915527344,34.68000030517578,4730152
2025-07-14,34.5,35.380001068115234,34.20000076293945,35.040000915527344,2426903
2025-07-16,35.08000183105469,35.7599983215332,34.380001068115234,34.459999084472656,6472141
2025-07-17,36.400001525878906,36.459999084472656,35.099998474121094,35.18000030517578,4671087
2025-07-18,36.41999816894531,36.900001525878906,36.2400016784668,36.599998474121094,3327388
2025-07-21,36.720001220703125,37.220001220703125,36.439998626708984,36.439998626708984,2662614
2025-07-22,36.81999969482422,37.20000076293945,36.31999969482422,36.720001220703125,4871243
2025-07-23,36.97999954223633,37.400001525878906,36.20000076293945,36.880001068115234,5454059
2025-07-24,37.720001220703125,38.41999816894531,37.02000045776367,37.040000915527344,5375750
2025-07-25,37.97999954223633,38.29999923706055,37.29999923706055,37.619998931884766,2765880
2025-07-28,37.779998779296875,39.18000030517578,37.560001373291016,38.20000076293945,7190433
2025-07-29,38.68000030517578,38.959999084472656,37.720001220703125,38.08000183105469,4419123
2025-07-30,39.560001373291016,40.29999923706055,38.599998474121094,38.68000030517578,7454345
2025-07-31,39.84000015258789,40.619998931884766,39.20000076293945,39.58000183105469,5725767
2025-08-01,41.34000015258789,41.34000015258789,39.84000015258789,39.84000015258789,6790474
2025-08-04,41.68000030517578,41.959999084472656,41.040000915527344,41.439998626708984,4307486
2025-08-05,42.2599983215332,42.70000076293945,41.779998779296875,41.86000061035156,3953034
2025-08-06,43.0,43.099998474121094,41.70000076293945,42.34000015258789,4779374
2025-08-07,42.939998626708984,43.31999969482422,42.63999938964844,42.65999984741211,3532344
2025-08-08,41.86000061035156,42.70000076293945,41.099998474121094,42.400001525878906,7586840
2025-08-11,41.63999938964844,42.18000030517578,41.2400016784668,41.779998779296875,3218284
2025-08-12,42.099998474121094,42.68000030517578,41.380001068115234,41.63999938964844,5595726
2025-08-13,41.900001525878906,42.31999969482422,41.79999923706055,42.099998474121094,2190286
2025-08-14,41.86000061035156,43.02000045776367,41.720001220703125,41.84000015258789,4498934
2025-08-15,42.91999816894531,43.20000076293945,41.86000061035156,42.20000076293945,4649321
2025-08-18,43.619998931884766,43.7400016784668,42.52000045776367,43.08000183105469,4518135
2025-08-19,43.08000183105469,43.68000030517578,42.84000015258789,43.619998931884766,3761476
2025-08-20,42.63999938964844,43.13999938964844,41.91999816894531,43.099998474121094,4857633
2025-08-21,42.099998474121094,42.97999954223633,41.79999923706055,42.70000076293945,7276750
2025-08-22,42.099998474121094,42.279998779296875,41.459999084472656,42.220001220703125,5490567
2025-08-25,41.720001220703125,42.86000061035156,41.560001373291016,42.220001220703125,6760852
2025-08-26,40.720001220703125,41.91999816894531,40.15999984741211,41.7599983215332,6566309
2025-08-27,40.08000183105469,41.119998931884766,39.880001068115234,40.7400016784668,5972703
2025-08-28,39.060001373291016,40.29999923706055,39.040000915527344,40.08000183105469,6109521
2025-08-29,38.599998474121094,39.41999816894531,38.459999084472656,39.15999984741211,6551621
2025-09-01,39.099998474121094,39.91999816894531,39.0,39.380001068115234,6298090
2025-09-02,37.220001220703125,39.68000030517578,36.5,39.29999923706055,8554754
2025-09-03,36.79999923706055,37.5,36.459999084472656,37.220001220703125,5484544
2025-09-04,36.880001068115234,38.040000915527344,36.560001373291016,36.939998626708984,9950174
2025-09-05,36.36000061035156,37.29999923706055,36.02000045776367,37.220001220703125,7236356
2025-09-08,35.65999984741211,36.2599983215332,35.36000061035156,35.900001525878906,3026485
2025-09-09,35.560001373291016,36.5,35.41999816894531,35.70000076293945,4213136
2025-09-10,36.2400016784668,36.599998474121094,35.79999923706055,35.79999923706055,3159139
2025-09-11,36.400001525878906,37.060001373291016,36.13999938964844,36.5,5920106
2025-09-12,37.47999954223633,37.5,36.220001220703125,36.439998626708984,7747683
2025-09-15,38.86000061035156,39.0,36.619998931884766,37.47999954223633,8874731
2025-09-16,39.220001220703125,39.459999084472656,38.540000915527344,39.0,5642118
2025-09-17,38.68000030517578,39.47999954223633,38.58000183105469,39.220001220703125,3816149
2025-09-18,38.36000061035156,39.29999923706055,38.36000061035156,38.880001068115234,4536005
2025-09-19,38.91999816894531,39.02000045776367,38.13999938964844,38.540000915527344,3858335
2025-09-22,39.5,39.7599983215332,39.099998474121094,39.619998931884766,5201425
2025-09-23,39.099998474121094,39.7599983215332,38.86000061035156,39.279998779296875,4100095
2025-09-24,40.08000183105469,40.58000183105469,38.29999923706055,39.29999923706055,6638149
2025-09-25,39.86000061035156,40.439998626708984,39.459999084472656,40.29999923706055,4040097
2025-09-26,38.439998626708984,39.79999923706055,38.220001220703125,39.79999923706055,3982966
2025-09-29,36.41999816894531,37.79999923706055,36.36000061035156,37.79999923706055,8647165
2025-09-30,37.279998779296875,37.939998626708984,36.18000030517578,36.439998626708984,14086148
2025-10-01,38.619998931884766,39.18000030517578,37.439998626708984,37.5,9118223
2025-10-02,39.31999969482422,39.5,38.119998931884766,38.720001220703125,12983298
2025-10-03,37.63999938964844,39.7599983215332,37.63999938964844,39.619998931884766,5641745
2025-10-06,36.959999084472656,38.0,36.959999084472656,37.63999938964844,4970424
2025-10-07,40.380001068115234,40.63999938964844,36.959999084472656,36.959999084472656,22843132
2025-10-08,39.0,41.0,38.84000015258789,40.599998474121094,11187011
2025-10-09,41.36000061035156,41.720001220703125,39.2599983215332,39.31999969482422,15226698
2025-10-10,44.18000030517578,45.15999984741211,41.380001068115234,41.400001525878906,23930408
2025-10-13,44.939998626708984,47.18000030517578,43.5,44.18000030517578,23435283
2025-10-14,44.7400016784668,45.599998474121094,44.31999969482422,45.2400016784668,10876794
2025-10-15,48.119998931884766,48.400001525878906,44.380001068115234,44.7599983215332,19619026
2025-10-16,48.63999938964844,50.150001525878906,47.060001373291016,48.34000015258789,24268400
2025-10-17,48.58000183105469,50.25,47.29999923706055,48.34000015258789,19412044
2025-10-20,48.86000061035156,49.939998626708984,46.34000015258789,48.7599983215332,22522152
2025-10-21,48.099998474121094,49.900001525878906,47.400001525878906,49.18000030517578,12511680
2025-10-22,48.13999938964844,49.81999969482422,47.459999084472656,48.20000076293945,14087641
2025-10-23,48.02000045776367,49.65999984741211,47.79999923706055,48.220001220703125,15563417
2025-10-24,48.0,49.040000915527344,47.439998626708984,48.29999923706055,15419755
2025-10-27,48.0,48.880001068115234,47.68000030517578,48.0,12010049
2025-10-28,48.47999954223633,48.97999954223633,48.0,48.0,5194489
2025-10-30,49.220001220703125,51.0,49.0,49.099998474121094,21237034
2025-10-31,52.0,52.20000076293945,49.08000183105469,49.5,21113765
2025-11-03,54.75,55.849998474121094,51.599998474121094,52.650001525878906,21905720
2025-11-04,57.5,57.599998474121094,54.5,55.0,27256125
2025-11-05,56.20000076293945,57.599998474121094,55.650001525878906,57.400001525878906,12887912
2025-11-06,56.45000076293945,57.349998474121094,56.099998474121094,56.20000076293945,7354304
2025-11-07,56.25,58.099998474121094,54.79999923706055,56.5,16129206
2025-11-10,54.75,57.04999923706055,54.75,56.29999923706055,8518784
2025-11-11,51.79999923706055,54.5,51.349998474121094,54.04999923706055,15788465
2025-11-12,52.099998474121094,53.150001525878906,50.95000076293945,53.0,9265493
2025-11-13,53.5,54.099998474121094,51.400001525878906,52.400001525878906,9180778
2025-11-14,50.400001525878906,53.900001525878906,49.65999984741211,53.5,9394919
2025-11-17,51.0,52.400001525878906,50.20000076293945,50.20000076293945,12624594
2025-11-18,52.099998474121094,52.650001525878906,50.349998474121094,51.0,5710754
2025-11-19,53.400001525878906,53.900001525878906,51.849998474121094,52.29999923706055,8789298
2025-11-20,53.900001525878906,55.25,53.150001525878906,53.900001525878906,11308430
2025-11-21,53.400001525878906,54.650001525878906,52.95000076293945,53.75,6170765
2025-11-24,52.20000076293945,53.650001525878906,51.95000076293945,53.400001525878906,5971361
2025-11-25,51.20000076293945,53.099998474121094,51.0,52.70000076293945,6710635
2025-11-26,51.0,51.70000076293945,50.650001525878906,51.29999923706055,4170867
2025-11-27,53.0,53.0,50.849998474121094,51.29999923706055,7734170
2025-11-28,52.70000076293945,54.04999923706055,52.5,52.79999923706055,8956453
2025-12-01,55.75,55.75,51.29999923706055,52.599998474121094,11177449
2025-12-02,61.29999923706055,61.29999923706055,55.5,55.75,22407474
2025-12-03,60.70000076293945,63.0,60.150001525878906,61.29999923706055,18279171
2025-12-04,62.45000076293945,64.0999984741211,60.400001525878906,60.900001525878906,18640606
2025-12-05,62.25,63.599998474121094,60.29999923706055,62.599998474121094,13122764
2025-12-08,61.5,63.04999923706055,61.29999923706055,62.25,7590668
2025-12-09,62.349998474121094,63.0,60.349998474121094,61.5,9205344
2025-12-10,61.349998474121094,63.79999923706055,61.099998474121094,62.5,7084545
2025-12-11,62.25,62.45000076293945,61.0,61.45000076293945,5667491
2025-12-12,60.95000076293945,62.599998474121094,60.54999923706055,62.599998474121094,7338149
2025-12-15,60.70000076293945,61.5,58.70000076293945,60.900001525878906,7530486
2025-12-16,60.79999923706055,61.75,60.650001525878906,60.70000076293945,5262075
2025-12-17,59.79999923706055,62.349998474121094,59.70000076293945,61.0,6878667
2025-12-18,61.849998474121094,62.70000076293945,59.29999923706055,60.099998474121094,10559634
2025-12-19,59.54999923706055,62.54999923706055,59.54999923706055,61.95000076293945,6895408
2025-12-22,61.0,61.70000076293945,59.400001525878906,59.95000076293945,7648816
2025-12-23,62.599998474121094,62.849998474121094,60.70000076293945,61.0,8028601
2025-12-24,64.94999694824219,67.05000305175781,62.650001525878906,63.0,20912348
2025-12-25,64.0999984741211,66.1500015258789,64.0999984741211,65.5,5816594
2025-12-26,68.0,69.05000305175781,63.70000076293945,64.0999984741211,18117283
2025-12-29,66.55000305175781,70.05000305175781,66.55000305175781,68.80000305175781,9278474
2025-12-30,69.44999694824219,70.05000305175781,65.9000015258789,66.55000305175781,13114581
2025-12-31,72.5,75.0,68.30000305175781,69.44999694824219,17088857
2026-01-02,68.9000015258789,71.75,68.9000015258789,71.5,13543316
2026-01-05,67.5,69.44999694824219,67.3499984741211,68.9000015258789,8818076
2026-01-06,68.55000305175781,69.1500015258789,67.55000305175781,67.55000305175781,5269477
2026-01-07,69.5,69.9000015258789,67.94999694824219,68.75,7115271
2026-01-08,68.8499984741211,69.8499984741211,67.5999984741211,69.44999694824219,6729562
2026-01-09,66.69999694824219,69.19999694824219,66.69999694824219,69.0,5837448
2026-01-12,68.5999984741211,69.1500015258789,65.80000305175781,66.94999694824219,9847303
2026-01-13,68.4000015258789,69.6500015258789,67.80000305175781,69.19999694824219,8486104
2026-01-14,67.4000015258789,69.4000015258789,67.30000305175781,68.55000305175781,11899841
2026-01-15,68.55000305175781,69.5,67.1500015258789,67.5999984741211,6466265
2026-01-16,68.9000015258789,69.69999694824219,68.44999694824219,68.5999984741211,6703455
2026-01-19,68.75,70.5999984741211,67.4000015258789,69.25,12051705
2026-01-20,67.5,69.25,67.5,69.1500015258789,4613754
2026-01-21,70.5,71.05000305175781,66.8499984741211,67.75,10867347
2026-01-22,70.3499984741211,71.94999694824219,69.69999694824219,71.25,9592272
2026-01-23,69.5999984741211,71.0,69.5,70.6500015258789,5473001
2026-01-26,69.5,70.30000305175781,68.5999984741211,70.0,8206717
2026-01-27,71.0,71.80000305175781,69.5999984741211,69.5999984741211,9134442
2026-01-28,73.6500015258789,74.30000305175781,71.0999984741211,71.0999984741211,11524867
2026-01-29,73.5,75.0999984741211,72.80000305175781,74.1500015258789,8741446
2026-01-30,73.69999694824219,75.0999984741211,72.69999694824219,73.69999694824219,7782936
2026-02-02,72.94999694824219,74.9000015258789,71.0999984741211,72.9000015258789,10433327
2026-02-03,73.80000305175781,74.80000305175781,73.4000015258789,73.5999984741211,8130178
2026-02-04,74.0,76.0999984741211,73.8499984741211,74.5999984741211,10615717
2026-02-05,70.69999694824219,74.19999694824219,70.4000015258789,74.0999984741211,6927924
2026-02-06,67.5,71.25,66.5999984741211,71.25,10180438
2026-02-09,68.30000305175781,70.05000305175781,67.94999694824219,67.94999694824219,6744944
2026-02-10,69.44999694824219,70.25,67.94999694824219,68.30000305175781,9381556
2026-02-11,70.0,70.4000015258789,68.44999694824219,69.44999694824219,5077523
2026-02-12,72.5,73.1500015258789,69.6500015258789,70.0999984741211,7572745
2026-02-13,71.69999694824219,73.19999694824219,71.0,72.5999984741211,4756875
2026-02-16,71.3499984741211,73.4000015258789,71.05000305175781,72.05000305175781,7353032
2026-02-17,71.80000305175781,72.55000305175781,71.05000305175781,71.3499984741211,5112823
2026-02-18,70.9000015258789,73.0999984741211,70.69999694824219,71.69999694824219,8647761
2026-02-19,68.25,71.05000305175781,67.75,71.0,6748691
2026-02-20,70.5999984741211,71.4000015258789,68.1500015258789,68.3499984741211,6893884
2026-02-23,69.8499984741211,72.5,69.80000305175781,71.05000305175781,5923257
2026-02-24,69.5999984741211,70.44999694824219,68.75,70.0,5459185
2026-02-25,69.0999984741211,70.4000015258789,68.0999984741211,70.30000305175781,4843348
2026-02-26,69.75,70.6500015258789,68.69999694824219,69.0999984741211,4105553
2026-02-27,67.1500015258789,72.25,66.05000305175781,69.80000305175781,19877643
2026-03-02,66.69999694824219,69.80000305175781,62.75,62.900001525878906,17812008
2026-03-03,65.69999694824219,68.75,65.5,67.0,10510787
2026-03-04,67.05000305175781,68.3499984741211,65.5,65.69999694824219,7485020
2026-03-05,67.8499984741211,69.19999694824219,67.3499984741211,67.6500015258789,4923778
2026-03-06,68.05000305175781,70.1500015258789,66.75,69.19999694824219,9239875
2026-03-09,67.0,68.6500015258789,65.94999694824219,68.05000305175781,6764708
2026-03-10,71.9000015258789,71.9000015258789,68.25,68.25,13783218
2026-03-11,72.05000305175781,73.3499984741211,70.8499984741211,72.5,7725294
2026-03-12,78.5,78.5999984741211,71.19999694824219,72.0999984741211,16404911
2026-03-13,77.55000305175781,80.30000305175781,77.0,78.5999984741211,9321184
2026-03-16,76.19999694824219,78.5,74.69999694824219,78.05000305175781,7315572
2026-03-17,79.25,79.44999694824219,76.25,76.3499984741211,5682641
2026-03-18,78.0,81.25,77.3499984741211,79.3499984741211,5076479
2026-03-19,77.94999694824219,78.80000305175781,77.0,77.75,2610874
2026-03-23,76.05000305175781,77.30000305175781,74.3499984741211,76.75,7918883
2026-03-24,74.80000305175781,77.19999694824219,74.55000305175781,76.0,4724550
2026-03-25,76.5,78.0999984741211,75.5,75.5,5924668
2026-03-26,74.69999694824219,76.5999984741211,74.5,76.5,3571627
2026-03-27,71.5999984741211,75.4000015258789,71.55000305175781,75.30000305175781,7059292
2026-03-30,78.75,78.75,70.55000305175781,71.69999694824219,14807186
2026-03-31,77.0999984741211,79.6500015258789,76.9000015258789,79.0,10929922
2026-04-01,78.5,81.44999694824219,77.5999984741211,78.0,19182360
2026-04-02,78.5999984741211,79.8499984741211,77.5,77.94999694824219,4522415
2026-04-03,78.1500015258789,79.80000305175781,77.6500015258789,78.8499984741211,3341471
2026-04-06,80.44999694824219,81.30000305175781,78.5,78.6500015258789,7611877
2026-04-07,79.4000015258789,81.1500015258789,78.44999694824219,80.5999984741211,3831918
2026-04-08,81.69999694824219,83.44999694824219,81.05000305175781,81.0999984741211,8096181
2026-04-09,81.1500015258789,82.6500015258789,80.55000305175781,82.0,3848809
2026-04-10,81.30000305175781,82.1500015258789,79.5999984741211,81.25,7637258
2026-04-13,82.94999694824219,83.19999694824219,80.55000305175781,81.5999984741211,6877402
2026-04-14,83.69999694824219,84.75,82.05000305175781,83.5,8792374
2026-04-15,82.1500015258789,84.4000015258789,82.0,84.19999694824219,3920256
2026-04-16,81.4000015258789,83.0,81.19999694824219,83.0,3313944
2026-04-17,80.0999984741211,82.94999694824219,78.55000305175781,81.80000305175781,10501617
2026-04-20,79.5,81.80000305175781,79.5,80.0999984741211,6780827
2026-04-21,79.94999694824219,81.94999694824219,78.5999984741211,79.94999694824219,7238177
2026-04-22,79.0,81.19999694824219,78.69999694824219,80.5,5110654
2026-04-24,81.25,81.5999984741211,79.05000305175781,79.05000305175781,6176923
2026-04-27,84.05000305175781,84.94999694824219,81.5,81.55000305175781,8078118
2026-04-28,83.05000305175781,85.0999984741211,83.0,84.05000305175781,3961978
2026-04-29,83.1500015258789,85.1500015258789,82.69999694824219,83.30000305175781,6949519
2026-04-30,82.19999694824219,83.75,81.5999984741211,83.1500015258789,5466833
2026-05-04,85.94999694824219,86.1500015258789,82.75,83.5999984741211,8679767
2026-05-05,87.30000305175781,88.25,86.1500015258789,86.5,7648585
2026-05-06,88.5999984741211,89.75,87.55000305175781,87.75,7537045
2026-05-07,88.30000305175781,89.6500015258789,86.8499984741211,88.5999984741211,9006009
2026-05-08,86.69999694824219,89.0,86.4000015258789,88.6500015258789,5367011
2026-05-11,88.19999694824219,90.30000305175781,86.55000305175781,86.75,9172320
2026-05-12,84.55000305175781,87.0,84.19999694824219,87.0,11018974
2026-05-13,85.0999984741211,86.9000015258789,84.1500015258789,85.4000015258789,6095974
2026-05-14,82.9000015258789,86.19999694824219,82.8499984741211,85.4000015258789,6160305
2026-05-15,82.0,83.6500015258789,80.0,82.75,6039968
2026-05-18,79.8499984741211,81.80000305175781,79.55000305175781,81.80000305175781,3977157
2026-05-20,80.0,81.0,78.55000305175781,79.8499984741211,6909834
2026-05-21,73.5,80.6500015258789,73.5,80.0,5276577
2026-05-22,77.69999694824219,78.05000305175781,70.05000305175781,70.1500015258789,8576874
2026-05-25,77.94999694824219,79.0,77.0,78.80000305175781,4782677
2026-05-26,80.0,80.0,77.44999694824219,77.94999694824219,2347610
2026-05-27,80.0,80.0,80.0,80.0,0
2026-05-28,80.0,80.0,80.0,80.0,0
2026-05-29,80.0,80.0,80.0,80.0,0
2026-06-01,77.3499984741211,81.4000015258789,77.30000305175781,80.05000305175781,8852111
2026-06-02,79.30000305175781,80.1500015258789,77.3499984741211,77.3499984741211,6362362
2026-06-03,80.44999694824219,82.1500015258789,78.8499984741211,79.44999694824219,8146122
2026-06-04,82.80000305175781,83.6500015258789,80.75,80.75,8073276
2026-06-05,79.80000305175781,83.5,79.80000305175781,83.0,6098490
2026-06-08,79.1500015258789,79.94999694824219,78.0,78.19999694824219,3767627
2026-06-09,77.19999694824219,80.05000305175781,76.94999694824219,79.1500015258789,4220895
2026-06-10,76.6500015258789,84.9000015258789,75.6500015258789,77.19999694824219,8815514
2026-06-11,76.30000305175781,79.0,74.8499984741211,76.6500015258789,11727233
2026-06-12,79.8499984741211,79.9000015258789,77.0999984741211,77.8499984741211,6854155
2026-06-15,82.0,82.75,80.5,81.8499984741211,4373783
2026-06-16,81.75,83.05000305175781,81.0,82.0999984741211,3133385
2026-06-17,80.5,85.19999694824219,78.30000305175781,82.30000305175781,14083798
2026-06-18,87.4000015258789,87.5999984741211,80.5999984741211,81.0,10067152
2026-06-19,87.0,87.44999694824219,85.25,86.94999694824219,9130420
2026-06-22,86.30000305175781,88.0,85.6500015258789,87.5999984741211,3308092
2026-06-23,83.25,86.19999694824219,82.0999984741211,86.19999694824219,4007129
2026-06-24,83.0,83.75,81.44999694824219,83.69999694824219,3206258
2026-06-25,81.25,83.69999694824219,81.05000305175781,83.30000305175781,3018696
2026-06-26,82.5999984741211,83.25,80.80000305175781,81.0999984741211,2988438
2026-06-29,83.4000015258789,84.3499984741211,82.30000305175781,82.9000015258789,4266782
2026-06-30,81.25,84.0999984741211,81.25,83.55000305175781,2880361
2026-07-01,81.5,82.44999694824219,80.55000305175781,81.30000305175781,2110516
2026-07-02,81.30000305175781,83.1500015258789,80.75,81.69999694824219,3451929
2026-07-03,80.9000015258789,82.0999984741211,80.5,81.30000305175781,2604753
2026-07-06,85.05000305175781,85.55000305175781,80.80000305175781,80.9000015258789,9825561
2026-07-07,89.8499984741211,90.69999694824219,85.3499984741211,85.3499984741211,14378461
2026-07-08,89.0,90.69999694824219,87.5999984741211,89.80000305175781,10362742
2026-07-09,89.44999694824219,90.5999984741211,87.5,89.19999694824219,11191713
2026-07-10,92.0999984741211,92.80000305175781,88.30000305175781,89.44999694824219,7236872
2026-07-13,92.0999984741211,92.75,90.9000015258789,92.4000015258789,5968927
2026-07-14,95.5999984741211,95.69999694824219,91.3499984741211,92.0999984741211,9145674
2026-07-16,102.69999694824219,102.80000305175781,95.3499984741211,95.69999694824219,19165037
2026-07-17,106.0,106.69999694824219,101.30000305175781,102.9000015258789,16734526
2026-07-20,106.0,109.19999694824219,105.69999694824219,106.19999694824219,8620890
2026-07-21,111.30000305175781,111.30000305175781,104.69999694824219,106.5999984741211,13680460
2026-07-22,116.0,117.5,109.5,110.19999694824219,30320090
2026-07-23,104.4000015258789,116.19999694824219,104.4000015258789,116.0,16842294
2026-07-24,105.80000305175781,108.69999694824219,101.0,104.0,9016395
2026-07-27,106.4000015258789,107.4000015258789,103.19999694824219,106.19999694824219,7220782
2026-07-28,106.9000015258789,109.0999984741211,106.0999984741211,106.4000015258789,4355706
2026-07-29,96.8499984741211,107.9000015258789,96.8499984741211,107.19999694824219,8581161
2026-07-30,97.0,99.30000305175781,96.0,96.8499984741211,5729440
2026-08-03,91.0,97.94999694824219,90.25,94.1500015258789,7427137
2026-08-04,94.8499984741211,95.05000305175781,90.8499984741211,91.05000305175781,6576739
2026-08-05,96.1500015258789,96.94999694824219,92.8499984741211,95.44999694824219,4614887
2026-08-06,96.19999694824219,99.94999694824219,95.75,96.80000305175781,6742438
2026-08-07,91.4000015258789,96.5999984741211,91.05000305175781,95.44999694824219,5307308
2026-08-10,,,,,20307500
