Date,Close,High,Low,Open,Volume
2018-01-01,3.017887592315674,3.017887592315674,3.017887592315674,3.017887592315674,0
2018-01-02,2.947220802307129,3.046985549670996,2.9181229117612446,3.034515245633951,10087416
2018-01-03,2.8807101249694824,2.9680047453329346,2.8516122397187598,2.9680047453329346,4897473
2018-01-04,2.876554012298584,2.9181229795361427,2.839142520551671,2.8807107161000434,5190370
2018-01-05,2.9181227684020996,2.938907057594783,2.864083500747753,2.880710507672878,4933100
2018-01-08,2.9389069080352783,2.9721616918823397,2.918122619900297,2.9305927297678314,4987445
2018-01-09,2.943063974380493,2.9929463459569767,2.938907077928739,2.9513773814394337,6893643
2018-01-10,2.926435947418213,2.955533834267716,2.9014947637455903,2.9472204279139547,3814977
2018-01-11,3.00541615486145,3.013730525697213,2.926435901895299,2.9513770851799426,11084197
2018-01-12,3.034514904022217,3.0594560880554194,3.001259541825982,3.0137306161482593,7983879
2018-01-15,3.0095739364624023,3.134280058520581,3.005416461237306,3.017887536456606,16847642
2018-01-16,3.1010243892669678,3.1093387606507057,2.9638481615439534,3.009573828014661,12015712
2018-01-17,3.0594563484191895,3.1425935069901008,3.0012597972371484,3.105182017139935,18411231
2018-01-18,3.0428287982940674,3.1218090612845013,3.0428287982940674,3.0760833920238695,11483752
2018-01-19,2.943063974380493,3.063613199792232,2.934749602710133,3.03867201400399,5479475
2018-01-22,2.976318597793579,2.9971030802658007,2.92227952213266,2.959691590582659,6194233
2018-01-23,2.976318597793579,3.030357673454498,2.9721618942214203,2.988789673121484,4545712
2018-01-24,2.997102975845337,3.017887457593418,2.976318494097256,2.984632672641047,3581816
2018-01-25,2.943063974380493,3.026200938804159,2.943063974380493,2.997103049486447,5774946
2018-01-26,2.976318597793579,2.976318597793579,2.9513774117491987,2.955534115321357,2578184
2018-01-29,2.959691286087036,3.005416178210278,2.959691286087036,2.976318291587355,3078726
2018-01-30,2.9638476371765137,2.988789010614575,2.9555334601860066,2.9596909345257463,1851060
2018-01-31,2.9804749488830566,3.013730502750251,2.972161542721916,2.9763182458024864,3259750
2018-02-01,3.076083183288574,3.076083183288574,2.98878951894208,2.98878951894208,9641402
2018-02-02,3.0386717319488525,3.0927108020388,3.017887251619335,3.0885540988951625,3870235
2018-02-05,3.0095739364624023,3.0303576470644846,2.9887896470934674,3.0262009435285253,2142462
2018-02-06,3.0095739364624023,3.0095739364624023,2.8973383108566715,2.92643620021981,4250427
2018-02-07,3.0012595653533936,3.113495376688319,2.9680049745855515,3.017887343042994,12371244
2018-02-08,2.959691286087036,3.0303573616886874,2.9472204049644324,3.022043955399661,3403802
2018-02-09,2.9014952182769775,2.9389072890300705,2.8682404301188242,2.8848674383533055,3297440
2018-02-12,2.926435947418213,2.9472204279139547,2.913965644965303,2.9305926505950937,2386869
2018-02-13,2.9056520462036133,2.9430643114768587,2.8640838486140163,2.926436530843024,2547401
2018-02-14,2.8599255084991455,2.913965345150235,2.8432985045800914,2.913965345150235,1942175
2018-02-15,2.9098079204559326,2.9222789935279723,2.8765533332825854,2.880710036102847,1897119
2018-02-16,2.9139652252197266,2.938906405299667,2.893180940640149,2.9305922284544605,1741453
2018-02-19,2.893181324005127,2.934749319905587,2.8599257697511673,2.922279210518847,2018246
2018-02-20,2.785101890563965,2.9472200457181823,2.7019649439735427,2.8931809822038472,4965332
2018-02-21,2.8599255084991455,2.8765532841071906,2.8141998490354503,2.855768805749944,2372018
2018-02-22,2.8682405948638916,2.8973386808653254,2.8474563028406696,2.851613006907467,2044501
2018-02-23,2.876554012298584,2.893181792115904,2.859926232481264,2.8807107161000434,1494866
2018-02-26,2.8848671913146973,2.893181562870297,2.859926005870711,2.889024666475919,1591501
2018-02-27,2.855769157409668,2.8807103415873767,2.834984676493018,2.8807103415873767,1479564
2018-02-28,2.83498477935791,2.8599259644405874,2.8266713725341486,2.8557692610287067,1895523
2018-03-01,2.7975735664367676,2.855769345139929,2.785102491222421,2.8391423380804106,2266458
2018-03-02,2.7435343265533447,2.797573595200088,2.7352201477101086,2.78510251985752,1998829
2018-03-05,2.7643182277679443,2.776789303969524,2.739377039976282,2.7476912193922014,1422330
2018-03-06,2.8308281898498535,2.872397154864054,2.768475514017698,2.780945817677386,3266526
2018-03-07,2.822514772415161,2.843299061924302,2.801730289983735,2.8100436971117344,1861317
2018-03-08,2.7975735664367676,2.8516126416056204,2.7643180089394574,2.8142003805740017,2266493
2018-03-09,2.772632122039795,2.8225146854153778,2.768475418603919,2.797573500188726,1592122
2018-03-12,2.8474559783935547,2.8557693855798965,2.7767891234753477,2.7851025306616894,4792955
2018-03-13,2.7934165000915527,2.8848670590410928,2.7934165000915527,2.855769171459173,4363775
2018-03-14,2.8142004013061523,2.8599260697432483,2.8058869941762907,2.8142004013061523,2779861
2018-03-15,2.789259195327759,2.834984863437356,2.7851024917925993,2.8266714563670368,1764412
2018-03-16,2.7643182277679443,2.7975737878978255,2.756004820041223,2.7975737878978255,2084148
2018-03-19,2.681180715560913,2.7726318476222342,2.6603962358272537,2.7560042638353064,3408049
2018-03-20,2.7061221599578857,2.7227497453524356,2.6853376782146983,2.7144355668106024,1944840
2018-03-21,2.7601613998413086,2.77263228256005,2.7102790265000887,2.7102790265000887,2280176
2018-03-22,2.7393765449523926,2.7767888021849862,2.7310631387279596,2.7726319061505054,2634875
2018-03-23,2.7227494716644287,2.7435339513183816,2.689494111295845,2.7061218879412667,2725242
2018-03-26,2.7435343265533447,2.7892592234345654,2.7435343265533447,2.780945816280474,2906182
2018-03-27,2.751847505569458,2.768475089022599,2.731063026253032,2.7643176143925436,2344170
2018-03-28,2.7061221599578857,2.743534227095623,2.693651085067415,2.7393767519801484,1968382
2018-03-29,2.7310636043548584,2.75184808807087,2.69365134074374,2.710279120638847,2901623
2018-03-30,2.8017303943634033,2.826671581288024,2.714435757821499,2.73522024102726,7628707
2018-04-02,2.83498477935791,2.851612557616826,2.8017301874514713,2.8142002976871137,4181733
2018-04-03,2.805886745452881,2.8432988105214956,2.7934164429412127,2.839142107325029,2356292
2018-04-04,2.780945301055908,2.822514258347765,2.75184741679611,2.8183573626185794,2544609
2018-04-05,2.772632122039795,2.8142003139322287,2.7643179434789253,2.7851024252697014,1917934
2018-04-06,2.772632122039795,2.8017302036246017,2.7643179434789253,2.7767890183979502,1774832
2018-04-09,2.785101890563965,2.8100430710022124,2.764317412763556,2.7809451879261253,3512278
2018-04-10,2.7061221599578857,2.801730197209711,2.6853376782146983,2.801730197209711,3159860
2018-04-11,2.6770243644714355,2.7601613297243723,2.5356906553911567,2.714435661221257,3580625
2018-04-12,2.647926092147827,2.6770241725924286,2.5897295454140803,2.6645530981620817,2973799
2018-04-13,2.577259063720703,2.656239507179961,2.568944886062919,2.6520826112733276,3240930
2018-04-16,2.610513925552368,2.6312984057258504,2.581416039154022,2.589729445378886,2352190
2018-04-17,2.544003963470459,2.6396120003246812,2.5149060749955634,2.6312985935065374,5284239
2018-04-18,2.602200508117676,2.614670811248041,2.4982782929156095,2.544003959568043,4410349
2018-04-19,2.5980429649353027,2.6188274460154433,2.585572855054037,2.6188274460154433,1707435
2018-04-20,2.602200508117676,2.622984989742545,2.585572922817781,2.598043033025868,2352940
2018-04-23,2.602200508117676,2.602200508117676,2.602200508117676,2.602200508117676,0
2018-04-24,2.5481603145599365,2.6146704537432854,2.544003611725588,2.6105137509089373,2957527
2018-04-25,2.473337411880493,2.5689454603390303,2.448396223787462,2.5440042722459992,3999425
2018-04-26,2.489964723587036,2.527376788069867,2.4400823567877925,2.4858080204556536,1578961
2018-04-27,2.4858076572418213,2.5232189445692392,2.469179882534532,2.494121062289873,1301075
2018-04-30,2.4276115894317627,2.4982784454256945,2.3818866916771158,2.4941217417692485,2083260
2018-05-01,2.4276115894317627,2.4276115894317627,2.4276115894317627,2.4276115894317627,0
2018-05-02,2.390200138092041,2.4400825079821358,2.3527878783687766,2.4276114332039187,2791735
2018-05-03,2.3777291774749756,2.4317690250377213,2.3694157702979397,2.4068278388951807,1768904
2018-05-04,2.4982783794403076,2.5440040476763914,2.415141414672879,2.435925704095307,5760736
2018-05-07,2.3777291774749756,2.5481607768842416,2.365259066709422,2.514906183564665,2869922
2018-05-08,2.2280819416046143,2.3860432288883877,2.1989840534278473,2.377729050466315,4997704
2018-05-09,2.248866319656372,2.2779642064953585,2.140787214039846,2.2280818391681425,6896073
2018-05-10,2.2280819416046143,2.2738076078586977,2.1574150905402476,2.1823562753505312,4411445
2018-05-11,2.1698858737945557,2.2447094248276778,2.1491013932945764,2.2447094248276778,2713994
2018-05-14,2.1574151515960693,2.1906705157695674,2.1407873730481795,2.1532584481119494,3781698
2018-05-15,2.111689329147339,2.1615716965205345,2.0950623235082317,2.1449446908814274,2644419
2018-05-16,2.124160051345825,2.1491012331651667,2.0867479892334333,2.1033757653167497,1793108
2018-05-17,2.1033761501312256,2.178199709278284,2.090905074634328,2.1283173365135784,1735113
2018-05-18,2.1158461570739746,2.1366306388067873,2.0950624470302777,2.1075327502254075,726006
2018-05-21,2.095062494277954,2.157415169193449,2.08674831555277,2.120003679997522,1126983
2018-05-22,2.1075327396392822,2.1200036215386078,2.090904961414274,2.1200036215386078,1870086
2018-05-23,2.020238161087036,2.1075327932235677,1.9869835684029082,2.099219193283106,3556701
2018-05-24,1.9495716094970703,2.045179625613015,1.9371007302857919,2.0368654489091806,2366212
2018-05-25,1.9661991596221924,1.9745133386397777,1.9454146766896805,1.9537288557072656,2541812
2018-05-28,2.028552293777466,2.0368658935293364,1.9869835233289983,1.9952969301585903,2962839
2018-05-29,2.0327093601226807,2.0659639548337307,2.0119248766989717,2.0368660638851277,2864285
2018-05-30,2.02439546585083,2.0659636549757816,2.011924584684358,2.036865768250502,1777442
2018-05-31,1.9786696434020996,2.036865605113895,1.9703554660606613,2.036865605113895,1159318
2018-06-01,1.9329441785812378,1.986983442932126,1.924630772088021,1.986983442932126,1862203
2018-06-04,1.9412577152252197,1.9703556016219383,1.9329441160785563,1.9412577152252197,1546648
2018-06-05,1.895532250404358,1.9495720974375796,1.8872188433087833,1.941257918652866,1433644
2018-06-06,1.903846263885498,1.9163165663683968,1.8705909020900704,1.9121598631815198,1609359
2018-06-07,1.9246305227279663,1.953728406295583,1.891375164763311,1.9163163456228722,2546420
2018-06-08,1.8830618858337402,1.9246308491877644,1.8705910039052547,1.9246308491877644,1183051
2018-06-11,1.8705905675888062,1.8913750444178257,1.8207082090436266,1.878904744164881,1441728
2018-06-12,1.887218713760376,1.9163166012088824,1.8581206333895983,1.878905114313205,1217695
2018-06-13,1.8581207990646362,1.8996889929290952,1.8456499164762634,1.8872188820298772,934675
2018-06-14,1.8664343357086182,1.8789052178724086,1.8373362537340479,1.8789052178724086,683611
2018-06-15,1.8664343357086182,1.8664343357086182,1.8664343357086182,1.8664343357086182,0
2018-06-18,1.853963851928711,1.883061738149896,1.8414929709782855,1.8622774510252225,816342
2018-06-19,1.9412577152252197,1.9495718931386767,1.8373360860526782,1.8539638631127988,2089978
2018-06-20,2.0160813331604004,2.0202380364129686,1.9412577807801046,1.9412577807801046,3280253
2018-06-21,1.9537285566329956,2.0368657039473548,1.9495718536050861,2.032709000919445,4711842
2018-06-22,1.9412577152252197,1.9703556016219383,1.9246307098541573,1.9703556016219383,1204563
2018-06-25,1.8996886014938354,2.0202378050707166,1.8830615974652891,2.011924399517568,3324445
2018-06-26,1.8913755416870117,1.899688948759864,1.87059105939346,1.8955322452234378,3327733
2018-06-27,1.9532431364059448,1.9576622672931596,1.8869563781903511,1.8913753039849366,3942263
2018-06-28,1.9797582626342773,2.001853715782455,1.9444056196342587,1.9620815309489386,1938593
2018-06-29,2.032787322998047,2.068139759005788,1.988596008890919,1.988596008890919,3398400
2018-07-02,2.094654083251953,2.1211686633435107,2.032787071526033,2.0460446692107546,5235782
2018-07-03,2.072558879852295,2.1079115102774,2.054882154454559,2.103492380201114,2909662
2018-07-04,2.081397771835327,2.1123312846224076,2.0504640539555723,2.081397771835327,6695503
2018-07-05,2.0858163833618164,2.130007490122484,2.0769783260837973,2.107912039288472,4939152
2018-07-06,2.054882526397705,2.103492760942935,2.041624928676569,2.099073835159395,2958539
2018-07-09,2.0504636764526367,2.0990739127957654,2.0416250041881336,2.068139585333187,6089261
2018-07-10,1.9532431364059448,2.0416249337797243,1.9532431364059448,2.0327870821905534,3116613
2018-07-11,1.8206703662872314,1.9444054247566354,1.8029938414661835,1.9444054247566354,2929109
2018-07-12,1.8206703662872314,1.8692806044524695,1.7764792593272556,1.8560230057440392,3606417
2018-07-13,1.8560229539871216,1.8648608059659055,1.8339272985769692,1.8383462245663613,2111009
2018-07-16,1.8427661657333374,1.8781188079415896,1.8295085659930876,1.8604420766521432,1677148
2018-07-17,1.9223096370697021,1.931147693782256,1.842765896100937,1.8560228786234527,3312594
2018-07-18,1.9355666637420654,1.9753388427725878,1.909052082814352,1.939985589652822,2785460
2018-07-19,1.9620811939239502,1.9709198658874056,1.944405285645446,1.9488242114419145,1225940
2018-07-20,2.006272554397583,2.010691480307665,1.9444053356374476,1.9576623184603295,2317739
2018-07-23,2.0460448265075684,2.0548826787298142,2.028368096599856,2.0372061539147457,3801692
2018-07-24,1.944405436515808,2.0460448395735864,1.9311478377272,2.0416250930636624,2626131
2018-07-25,2.0372061729431152,2.0725594279961106,1.9444054422604296,1.9532432945652247,2442471
2018-07-26,1.9930148124694824,2.0637207055938225,1.9753389031931605,2.0637207055938225,3421716
2018-07-27,2.023949146270752,2.0327872034798884,1.9753389087036144,1.9797580398545034,1817822
2018-07-30,2.099073886871338,2.103492812763741,2.019529324048039,2.032787127188418,2918463
2018-07-31,2.196293592453003,2.23164684630267,2.0946541925544637,2.1079119960236277,8834265
2018-08-01,2.2095513343811035,2.2581613648828385,2.152103041936277,2.2095513343811035,9465564
2018-08-02,2.1344268321990967,2.1697792698968006,2.121169027147884,2.165360343367502,3556600
2018-08-03,2.169779062271118,2.1830368660536945,2.1300074967571847,2.1300074967571847,2229467
2018-08-06,2.130007028579712,2.1741983308573847,2.0813970062594693,2.1653596602166525,2371755
2018-08-07,2.125588893890381,2.1432648060968207,2.0946545606072164,2.125588893890381,2334077
2018-08-08,2.138845443725586,2.1565219676100873,2.112330862991467,2.143264369604078,2362967
2018-08-09,2.0769782066345215,2.156521948117904,2.0769782066345215,2.1167497697372655,5138036
2018-08-10,1.944405436515808,2.081397479244196,1.833927360808764,2.032787240784978,7116612
2018-08-13,1.9355666637420654,1.9620812446697788,1.7499645972480713,1.9444053359341178,5346288
2018-08-14,2.0858163833618164,2.0946542355471918,1.9797580552844434,1.984176981377131,2933296
2018-08-15,1.9620811939239502,2.112330823782772,1.9488242114419145,2.112330823782772,3386794
2018-08-16,1.957662582397461,2.0106917513943263,1.9399858509107348,1.9974347667841037,2333316
2018-08-17,1.9709200859069824,1.975339012196749,1.9002141888809343,1.96208141295684,1862051
2018-08-20,1.966500163078308,1.966500163078308,1.8957950927569611,1.9134710014251883,977673
2018-08-21,1.966500163078308,1.966500163078308,1.966500163078308,1.966500163078308,0
2018-08-22,1.966500163078308,1.966500163078308,1.966500163078308,1.966500163078308,0
2018-08-23,1.966500163078308,1.966500163078308,1.966500163078308,1.966500163078308,0
2018-08-24,1.966500163078308,1.966500163078308,1.966500163078308,1.966500163078308,0
2018-08-27,2.081397771835327,2.1034932260086734,1.9665005487446934,1.9709202958759204,2520343
2018-08-28,2.130007028579712,2.143264009077816,2.0813970062594693,2.0902348565298063,1260490
2018-08-29,2.1521029472351074,2.165359929381117,2.1079118445568708,2.1167496959257943,2038817
2018-08-30,2.1521029472351074,2.1521029472351074,2.1521029472351074,2.1521029472351074,0
2018-08-31,2.138845443725586,2.1565219676100873,2.121168714748451,2.134426517847094,1529136
2018-09-03,2.138845443725586,2.1565219676100873,2.112330862991467,2.112330862991467,1245467
2018-09-04,2.1609413623809814,2.1962937991877793,2.1211689736929533,2.1521033044524467,3135452
2018-09-05,2.222808361053467,2.328867516253056,2.121168952598496,2.121168952598496,11137090
2018-09-06,2.174198627471924,2.2449036952991284,2.169778881363397,2.2316467129924438,4069123
2018-09-07,2.2183892726898193,2.22722794516302,2.1300074701812073,2.1697790351989132,5916114
2018-09-10,2.2404849529266357,2.262580608888217,2.2228082230647273,2.2404849529266357,6539149
2018-09-11,2.2758371829986572,2.311190639550555,2.196293443951576,2.2493226033162967,5826009
2018-09-12,2.2183892726898193,2.28909516590052,2.213970346638502,2.28909516590052,2536613
2018-09-13,2.2846760749816895,2.293514132332573,2.1874558033808102,2.24932282011493,4330765
2018-09-14,2.2967898845672607,2.3484030897031745,2.270983281999304,2.3225964871352174,3514360
2018-09-17,2.2279717922210693,2.313993995047082,2.2021651929010515,2.305391795273743,2086174
2018-09-18,2.236574172973633,2.27098317994392,2.2193697720348076,2.2623809794745076,1543983
2018-09-19,2.219369649887085,2.253778449870974,2.2021652498951405,2.2365740498790294,1990912
2018-09-20,2.1591544151306152,2.236574221018415,2.150552214476415,2.2193698197100153,2168671
2018-09-21,2.2279717922210693,2.253778391541087,2.1591541940343553,2.1763585935810337,3049832
2018-09-24,2.2279717922210693,2.2451761917677477,2.210767392674391,2.2279717922210693,1628857
2018-09-25,2.176359176635742,2.23657459118105,2.167756974557841,2.23657459118105,1771000
2018-09-26,2.1677565574645996,2.193563158732912,2.159154357041829,2.1849609583101413,793591
2018-09-27,2.1591544151306152,2.1935632177474154,2.150552214476415,2.1677566157848154,1748824
2018-09-28,2.1247456073760986,2.176358811176496,2.116143406742699,2.176358811176496,1444854
2018-10-01,2.0559277534484863,2.1419497493699224,2.047325553856343,2.107540951001348,3322365
2018-10-02,2.021519184112549,2.0645303964026263,2.0129169826730653,2.0559281949631427,1291541
2018-10-03,2.10754132270813,2.184961132691944,2.021519106522351,2.0301213076316635,7180354
2018-10-04,1.9613037109375,2.184961146261268,1.9527015097747649,2.1247457381221215,6010955
2018-10-05,1.9699057340621948,2.030121136759135,1.9354969325210858,1.9613035336769176,2957645
2018-10-08,1.9613037109375,1.9957125155884408,1.9440993086120297,1.9527015097747649,2510145
2018-10-09,1.9440993070602417,1.978508111683717,1.9354971059043728,1.978508111683717,1671199
2018-10-10,1.8924860954284668,1.9699059056391546,1.875281693159425,1.9613037045046338,2376653
2018-10-11,1.840872883796692,1.8924860904685468,1.8236682764800882,1.8924860904685468,2398521
2018-10-12,1.9354969263076782,1.9527013270230025,1.8322705220157331,1.8752815238040437,4151647
2018-10-15,1.9699057340621948,1.9871101348327491,1.9354969325210858,1.9699057340621946,2066669
2018-10-16,1.952701210975647,1.9871100103614099,1.9440990111292062,1.9785078105149692,1572863
2018-10-17,1.952701210975647,1.9871100103614099,1.9354968112827655,1.9785078105149692,1617800
2018-10-18,1.9096903800964355,1.9613035837251565,1.8924859788868618,1.9613035837251565,1356290
2018-10-19,1.866679310798645,1.9440991134930439,1.8494749101998897,1.9354969131936661,2095674
2018-10-22,1.7978615760803223,1.8838837876485228,1.7720549741376543,1.875281587000967,2191304
2018-10-23,1.7376459836959839,1.8150657811543764,1.7118393845431865,1.7806569822839797,3356100
2018-10-24,1.694635272026062,1.754850680244305,1.6774308696779927,1.754850680244305,2994237
2018-10-25,1.7032374143600464,1.7204418161137724,1.6516241065525452,1.6688286108525945,2476036
2018-10-26,1.6860328912734985,1.73764609282041,1.6860328912734985,1.720441692304773,1688138
2018-10-29,1.6860328912734985,1.6860328912734985,1.6860328912734985,1.6860328912734985,0
2018-10-30,1.7032374143600464,1.7290440169906354,1.6516241065525452,1.7032374143600464,1070879
2018-10-31,1.6774308681488037,1.746248477478345,1.6516241621038987,1.7376462763121525,1290467
2018-11-01,1.7204418182373047,1.7290440191247853,1.686033014687382,1.6946352155748627,1229792
2018-11-02,1.7548506259918213,1.772055027808004,1.7290440232675472,1.7290440232675472,2736982
2018-11-05,1.7548506259918213,1.815066032348461,1.74624842508373,1.772055027808004,3245880
2018-11-06,1.7118395566940308,1.7720549607727765,1.7118395566940308,1.7634527601900987,1487509
2018-11-07,1.7290438413619995,1.7634526413743576,1.703237241352731,1.72044164135891,1986224
2018-11-08,1.7376459836959839,1.7634525828487815,1.7118393845431865,1.7376459836959839,1964467
2018-11-09,1.7290438413619995,1.7462482413681786,1.7118394413558207,1.7376460413650892,1377963
2018-11-12,1.6774308681488037,1.7290440751459597,1.6602263632700915,1.7032374716473817,1807382
2018-11-13,1.6860328912734985,1.7032372917891359,1.67743069101568,1.6860328912734985,941040
2018-11-14,1.6774308681488037,1.7032374716473817,1.6516241621038987,1.6860330693149963,5016633
2018-11-15,1.6602262258529663,1.686032929761847,1.6516240253987786,1.668828528853472,2467828
2018-11-16,1.6602262258529663,1.686032929761847,1.6516240253987786,1.668828528853472,1754247
2018-11-19,1.6774308681488037,1.6860330693149963,1.6516241621038987,1.6602263632700915,1625545
2018-11-20,1.6516239643096924,1.7118394678081152,1.6430217641736768,1.6774306672640533,2725552
2018-11-21,1.6516239643096924,1.6860328674000689,1.6430217641736768,1.660226164445708,2569012
2018-11-22,1.7032374143600464,1.7548506196212244,1.6516241065525452,1.6516241065525452,7096268
2018-11-23,1.780657172203064,1.7892593728381458,1.686032965217164,1.6946351658522458,6550225
2018-11-26,1.8064639568328857,1.823668359843282,1.7720551508120934,1.8064639568328857,4527828
2018-11-27,1.8580772876739502,1.8666794887935803,1.7978616747438878,1.8064638758635179,5976607
2018-11-28,1.815065860748291,1.875281466504667,1.815065860748291,1.875281466504667,2772550
2018-11-29,1.8752814531326294,1.901088053233074,1.7978614477386683,1.8322704529652212,4754672
2018-11-30,1.866679310798645,1.9268947128942886,1.8580771104992675,1.866679310798645,3829635
2018-12-03,1.866679310798645,1.9010881119961556,1.8580771104992675,1.8752815110980228,3480423
2018-12-04,1.8752814531326294,1.9096902532665558,1.840872652998703,1.8494748530321845,3499752
2018-12-05,1.8494750261306763,1.8838838294850364,1.8494750261306763,1.8580772269692662,1655892
2018-12-06,1.8236680030822754,1.8838836069314493,1.8236680030822754,1.849474807641991,3124149
2018-12-07,1.8580772876739502,1.90969049439173,1.8408728854346903,1.8580772876739502,3173306
2018-12-10,1.8838837146759033,1.909690315618947,1.8494749134185113,1.8580771137328593,2668508
2018-12-11,1.8838837146759033,1.9010881153045993,1.8666793140472073,1.8752815143615553,1967258
2018-12-12,1.780657172203064,1.8838837849166867,1.7376461690276548,1.8838837849166867,5175618
2018-12-13,1.7978615760803223,1.815065977375434,1.7806571747852102,1.7978615760803223,1273505
2018-12-14,1.780657172203064,1.8064637741083094,1.7376461690276548,1.7892593728381458,1542175
2018-12-17,1.7376459836959839,1.7806569822839797,1.7118393845431865,1.7720547825663806,1176817
2018-12-18,1.7376459836959839,1.7548503831311824,1.694634985107988,1.7376459836959839,1635993
2018-12-19,1.8064639568328857,1.8064639568328857,1.7290441432861032,1.7548507478016975,2040210
2018-12-20,1.8236680030822754,1.8408726078196262,1.7720548041480877,1.7720548041480877,3088916
2018-12-21,1.832270622253418,1.840872823081679,1.7978616138477284,1.8064638146759893,1366388
2018-12-24,1.815065860748291,1.8408726661253825,1.8064636606534699,1.8408726661253825,787977
2018-12-25,1.7634527683258057,1.7978615708152628,1.746248367081077,1.7978615708152628,1061500
2018-12-26,1.7462482452392578,1.7806570453278934,1.7462482452392578,1.7634526452835757,1102265
2018-12-27,1.7548506259918213,1.772055027808004,1.74624842508373,1.7634528268999128,894803
2018-12-28,1.7376459836959839,1.7634525828487815,1.7290437839783848,1.7548503831311824,1237406
2018-12-31,1.780657172203064,1.780657172203064,1.7290439683925731,1.7462483696627367,1160046
2019-01-01,1.780657172203064,1.780657172203064,1.780657172203064,1.780657172203064,0
2019-01-02,1.7204418182373047,1.7806572244496692,1.7032374164623434,1.7806572244496692,1818957
2019-01-03,1.6344196796417236,1.7118395888881617,1.6258174788972664,1.694635187399247,2509329
2019-01-04,1.6516239643096924,1.660226164445708,1.6258173639016458,1.660226164445708,1667317
2019-01-07,1.6516239643096924,1.6688284671280378,1.6430217641736768,1.6688284671280378,808689
2019-01-08,1.6602262258529663,1.6774307293076596,1.6516240253987786,1.6602262258529663,906444
2019-01-09,1.7118395566940308,1.7204417572767088,1.6516240500689654,1.677430754363319,2513397
2019-01-10,1.7548506259918213,1.7978616305322783,1.7204418223594558,1.7376462241756385,6683806
2019-01-11,1.7892593145370483,1.806463715246625,1.7548505131178949,1.7548505131178949,3409178
2019-01-14,1.7978615760803223,1.7978615760803223,1.7290439708998746,1.7806571747852102,1657554
2019-01-15,1.832270622253418,1.8580772247382014,1.8064638146759893,1.8150660155042504,2276213
2019-01-16,1.8838837146759033,1.8838837146759033,1.8494749134185113,1.8494749134185113,2591466
2019-01-17,1.8838837146759033,1.918292515933295,1.8580771137328593,1.8752815143615553,2715072
2019-01-18,1.9354969263076782,1.9440991266653405,1.8752815238040437,1.8838837241617057,2654048
2019-01-21,1.9010883569717407,1.9699059682346478,1.883883954156014,1.9354971626031943,2426276
2019-01-22,1.91829252243042,1.926894722773903,1.8838837210564878,1.892485921399971,1372739
2019-01-23,1.9440993070602417,1.9527015082161105,1.9010883012808975,1.9096905024367663,2448840
2019-01-24,2.0817346572875977,2.1247456615512577,2.0129168453730957,2.0473258538766697,13972040
2019-01-25,2.1247456073760986,2.141950008642898,2.012916794049264,2.081734604209101,8948853
2019-01-28,2.1419501304626465,2.1677567338305517,2.1247457282173765,2.1333479293400113,5616392
2019-01-29,2.1677565574645996,2.1677565574645996,2.107541154505204,2.1333477557735163,2975967
2019-01-30,2.2709829807281494,2.2709829807281494,2.159154179343025,2.167756379057833,5636644
2019-01-31,2.2279717922210693,2.305391795273743,2.193562993127712,2.288187395727064,3923409
2019-02-01,2.236574172973633,2.2795853804133324,2.19356317062657,2.210767571565395,3993255
2019-02-04,2.193563222885132,2.262381033372557,2.1763588215364362,2.253778627605567,2085826
2019-02-05,2.133347511291504,2.2107673062241187,2.1161431124175896,2.2021651067871613,3882288
2019-02-06,2.1591544151306152,2.2021654184016155,2.0559280072802153,2.1333478131680153,4074380
2019-02-07,2.133347511291504,2.17635850847629,2.1161431124175896,2.1677563090393326,2427572
2019-02-08,2.1247456073760986,2.141950008642898,2.0903368048425004,2.141950008642898,1833464
2019-02-11,2.2021656036376953,2.210767805015473,2.133347992615473,2.141950193993251,3523657
2019-02-12,2.1677565574645996,2.2107675595784535,2.150552156619058,2.202165359155683,1779481
2019-02-13,2.1419501304626465,2.1763589349531864,2.1333479293400113,2.1763589349531864,1639528
2019-02-14,2.1677565574645996,2.202165359155683,2.107541154505204,2.1419499561962874,2673913
2019-02-15,2.245176076889038,2.2623806806480307,2.159154083557125,2.167756282890316,3261171
2019-02-18,2.2709829807281494,2.305391779587382,2.245176176491106,2.253778376205914,3379412
2019-02-19,2.3053925037384033,2.313994706155265,2.2451768817276894,2.2709836940709573,3600332
2019-02-20,2.2967898845672607,2.35700529055916,2.2795854828552895,2.3225964871352174,7090009
2019-02-21,2.4000165462493896,2.4172209497635833,2.2709835198929356,2.296790125164226,10649775
2019-02-22,2.4000165462493896,2.4430275550348743,2.3742099409780986,2.4000165462493896,5166314
2019-02-25,2.3656070232391357,2.4430268156208967,2.3570048240856067,2.4172202181603097,4769855
2019-02-26,2.374209403991699,2.408618203237683,2.365607204180203,2.408618203237683,2592960
2019-02-27,2.4860384464263916,2.5032428477088464,2.3742096329977955,2.3742096329977955,15908517
2019-02-28,2.451629877090454,2.4860388908999176,2.417221068373668,2.4774366887207213,8027750
2019-03-01,2.4430270195007324,2.4774360240790156,2.400016020143657,2.4430270195007324,10638231
2019-03-04,2.5290496349334717,2.537651836204974,2.4516296183972974,2.4516296183972974,11967593
2019-03-05,2.494640827178955,2.546254034752757,2.4774364246543543,2.529049632228156,12945976
2019-03-06,2.477435827255249,2.5204468231952486,2.434424626222643,2.4946402256312488,11328241
2019-03-07,2.4430270195007324,2.4946404238218456,2.4430270195007324,2.4774360240790156,5733704
2019-03-08,2.494640827178955,2.494640827178955,2.3828120056763953,2.451629615774798,9045195
2019-03-11,2.4602315425872803,2.529049350101405,2.451629342284594,2.511844949496032,7006905
2019-03-12,2.4602315425872803,2.4602315425872803,2.3828117398631026,2.4430271419819074,6747995
2019-03-13,2.4688336849212646,2.494640490316008,2.4258226844177395,2.486038290215303,3672439
2019-03-14,2.408618450164795,2.4344250522449276,2.3914140487780395,2.4172206508581726,3828113
2019-03-15,2.494640827178955,2.5118452297035554,2.3914142069386957,2.400016408200996,8286197
2019-03-18,2.494640827178955,2.5204474309658558,2.4774364246543543,2.4860386259166547,4832224
2019-03-19,2.5978667736053467,2.632275572446326,2.572060174474612,2.580662374184857,11455450
2019-03-20,2.520447254180908,2.580662658793483,2.511845053521969,2.5634582574756046,7581349
2019-03-21,2.4602315425872803,2.537651550404091,2.451629342284594,2.511844949496032,4940667
2019-03-22,2.348402738571167,2.4602313329784242,2.3225961398618002,2.4516291334086353,9508909
2019-03-25,2.3398008346557617,2.3828118379395247,2.288187630715246,2.3656074366260196,7135591
2019-03-26,2.3053925037384033,2.3570057182395723,2.2881880989046803,2.3398013134058493,4943209
2019-03-27,2.1591544151306152,2.3398008339614567,2.150552214476415,2.322596432653057,8695475
2019-03-28,2.1849608421325684,2.2021652420633266,2.107541042444155,2.1505520422710513,5461249
2019-03-29,2.2021656036376953,2.2021656036376953,2.1591545967488064,2.167756798126584,5209213
2019-04-01,2.219369649887085,2.2623808549595714,2.150552049919307,2.1935630498991685,7141321
2019-04-02,2.2021656036376953,2.2279722077710287,2.1849612008821397,2.1935634022599175,4129907
2019-04-03,2.1419501304626465,2.1763589349531864,2.1247457282173765,2.1763589349531864,7343946
2019-04-04,2.193563222885132,2.210767624233828,2.124745617490349,2.1419500188390446,9212619
2019-04-05,2.193563222885132,2.2193698249081755,2.167756620862088,2.20216542355948,10275990
2019-04-08,2.1677565574645996,2.262380967207714,2.159154357041829,2.236574160846766,9779767
2019-04-09,2.176359176635742,2.219370187025248,2.15915477247994,2.176359176635742,7590076
2019-04-10,2.1505517959594727,2.193562790860142,2.1419495969793387,2.184960591880008,4773338
2019-04-11,2.176359176635742,2.2021657828694456,2.15915477247994,2.167756974557841,6912873
2019-04-12,2.10754132270813,2.141950127145381,2.081734719380192,2.141950127145381,5942738
2019-04-15,2.1419501304626465,2.1763589349531864,2.1075413259721065,2.1161435270947413,8212615
2019-04-16,2.219369649887085,2.227971849883057,2.1591542499152796,2.1677564499112516,7409033
2019-04-17,2.3053925037384033,2.3053925037384033,2.2193702744771047,2.236574679310828,12645260
2019-04-18,2.2967898845672607,2.3225964871352174,2.2623810811433183,2.305392085423246,5674836
2019-04-19,2.451629877090454,2.4860388908999176,2.296790237864917,2.3053924400441135,34265337
2019-04-22,2.5548558235168457,2.572060223263683,2.4258226203229416,2.443027020069779,22078927
2019-04-23,2.5548558235168457,2.5548558235168457,2.5548558235168457,2.5548558235168457,0
2019-04-24,2.518897533416748,2.6101618500802446,2.491518238417699,2.5554032600821466,16988262
2019-04-25,2.4093806743621826,2.5097714360645837,2.38200115812475,2.5097714360645837,11083322
2019-04-26,2.4367597103118896,2.4641390060063566,2.391127333229811,2.4276332784137336,6293233
2019-04-29,2.4093806743621826,2.4458864058903287,2.3637482923606767,2.427633540126256,5051616
2019-04-30,2.4458863735198975,2.4641392390424004,2.3911275593610686,2.409380642474892,7539555
2019-05-01,2.4458863735198975,2.4458863735198975,2.4458863735198975,2.4458863735198975,0
2019-05-02,2.391127586364746,2.4641392668706192,2.3820011535004273,2.4458864011419816,5337770
2019-05-03,2.42763352394104,2.4458863895834195,2.3363689781378194,2.3911275750649588,8200729
2019-05-06,2.354621410369873,2.3820007037937923,2.308989254663341,2.372874272652486,7457661
2019-05-07,2.42763352394104,2.4458863895834195,2.2816103812106805,2.2907368140318702,10574100
2019-05-08,2.4550130367279053,2.5097716384354847,2.4093808686382556,2.427633735874115,16062567
2019-05-09,2.4367597103118896,2.5006447335989797,2.4093804146174223,2.4732654379045127,11426103
2019-05-10,2.42763352394104,2.491518553689369,2.4185070911198503,2.4550128224046097,8271682
2019-05-13,2.418506622314453,2.500644501783485,2.382000680514715,2.400253760210224,14466882
2019-05-14,2.5371506214141846,2.54627705388868,2.4093805667712482,2.4276334317202393,22622470
2019-05-15,2.619288682937622,2.655794632785856,2.509771486166904,2.537150785359583,29339132
2019-05-16,2.683173894882202,2.692300327820251,2.610162213786488,2.610162213786488,21660692
2019-05-17,2.619288682937622,2.6831739319785357,2.5919093837449423,2.6740474989143093,15472434
2019-05-20,2.619288682937622,2.6466681997216295,2.5462772184238096,2.6010358168091687,11478760
2019-05-21,2.518897533416748,2.6284149310042384,2.5006446700840486,2.6101618500802446,14379411
2019-05-22,2.400254487991333,2.537150995281439,2.3820014027613063,2.491518826184737,12910866
2019-05-23,2.391127586364746,2.427633535413344,2.3728747206361085,2.3820011535004273,11355589
2019-05-24,2.4367597103118896,2.4732654379045127,2.4002539827192666,2.4093804146174223,12958026
2019-05-27,2.400254487991333,2.4823923923653965,2.400254487991333,2.4550130909073755,9343142
2019-05-28,2.4458863735198975,2.500644970087406,2.4185070752361435,2.4185070752361435,17589760
2019-05-29,2.4458863735198975,2.482392104564903,2.427633507997395,2.4458863735198975,10531917
2019-05-30,2.5006449222564697,2.509771354843156,2.4641391919097253,2.4732656244964115,12577373
2019-05-31,2.619288682937622,2.6284153335931766,2.4915186200384505,2.500645053102677,22303783
2019-06-03,2.591909408569336,2.628415358767211,2.5736565422660633,2.619288708024245,4280493
2019-06-04,2.591909408569336,2.591909408569336,2.591909408569336,2.591909408569336,0
2019-06-05,2.591909408569336,2.591909408569336,2.591909408569336,2.591909408569336,0
2019-06-06,2.591909408569336,2.591909408569336,2.591909408569336,2.591909408569336,0
2019-06-07,2.6466681957244873,2.6557946287749306,2.5919093798304997,2.6101622459313862,8926868
2019-06-10,2.719679594039917,2.7561853253546023,2.6192886153332102,2.6466681314105465,27303076
2019-06-11,2.747058868408203,2.7926910321509335,2.6923002719169267,2.728806002911111,23054976
2019-06-12,2.8291969299316406,2.847449796504774,2.7379325970659747,2.747059030352541,26337315
2019-06-13,2.874829053878784,2.88395548633971,2.774438079217284,2.801817376600062,22628580
2019-06-14,2.84744930267334,2.8930816787835103,2.8109435758582397,2.87482881537596,13589539
2019-06-17,2.91133451461792,2.956966672704614,2.8109435492358985,2.8200699808532375,20190443
2019-06-18,2.947840452194214,2.966093316736054,2.902208290839613,2.9113347231105333,18988459
2019-06-19,2.9387142658233643,2.9752199979617013,2.911334966719612,2.9478406988579486,15604444
2019-06-20,2.947840452194214,2.9934726135488146,2.9295875876523736,2.956966884465134,12366234
2019-06-21,2.9569671154022217,2.9934728473369745,2.9113349504837807,2.9387142494348453,12685442
2019-06-24,2.920461654663086,3.002599559143649,2.9022087870007387,2.984346691481302,8995003
2019-06-25,2.9934730529785156,3.0117259201998023,2.90220871687208,2.9113351504827234,13958234
2019-06-26,3.011725425720215,3.039104722056881,2.984346129383549,3.002598993607993,11349338
2019-06-27,2.9569671154022217,3.0299785792717273,2.9478406824185335,3.011725713304351,7245910
2019-06-28,2.9295878410339355,3.002599305516096,2.8839556757325857,2.984346439395556,9825304
2019-07-01,2.984346628189087,3.011725929101946,2.9295880263633687,2.9569673272762276,11227092
2019-07-02,3.0299787521362305,3.0573580526493225,2.947840850596955,2.9934730181187748,15575312
2019-07-03,2.9934730529785156,3.0573580882530202,2.9752201857572285,3.0482316546423767,7064445
2019-07-04,2.947840452194214,3.0025990458197347,2.9295875876523736,2.9934726135488146,6753952
2019-07-05,2.8930821418762207,2.9660936071932915,2.874829275546953,2.9478407408640237,8735041
2019-07-08,2.810943603515625,2.9295874344233535,2.7926907399284815,2.8200700353091963,6981455
2019-07-09,2.7014267444610596,2.829196804822926,2.674047445812088,2.8018175061739545,7212723
2019-07-10,2.719679594039917,2.747058892525931,2.664920997067889,2.7014267283825744,6353374
2019-07-11,2.7653119564056396,2.810944123819989,2.7288062224741596,2.7470590894398996,7632098
2019-07-12,2.7653119564056396,2.829196990785729,2.69230048854268,2.7561855229227694,17697193
2019-07-15,2.7653119564056396,2.7653119564056396,2.7653119564056396,2.7653119564056396,0
2019-07-16,2.883955955505371,2.8930823894509974,2.7926913984577615,2.8018178324033878,11503594
2019-07-17,2.9387142658233643,2.956967131892533,2.8839556676158593,2.9022085336850276,10608542
2019-07-18,2.9295878410339355,2.9660935732750158,2.902208541853126,2.9387142740942056,11915386
2019-07-19,2.984346628189087,3.002599495464326,2.920461592725749,2.938714460000988,15516362
2019-07-22,2.920461654663086,2.993473125312476,2.893082353169565,2.984346691481302,8873366
2019-07-23,2.9569671154022217,2.9843464143532863,2.9022085175000925,2.9113349504837807,8867875
2019-07-24,2.9934730529785156,3.020852353810446,2.9295880177040106,2.9569673185359413,16325213
2019-07-25,3.011725425720215,3.0482311541691027,2.966093265159105,3.002598993607993,16370077
2019-07-26,3.0208523273468018,3.084737579652992,2.98434659322403,3.0025994602854156,15960984
2019-07-29,3.066484212875366,3.093863728539794,3.0208520494201845,3.039104914802257,9850729
2019-07-30,3.0208523273468018,3.057358061469574,2.9752201596933365,3.048231627938881,10565338
2019-07-31,3.039104700088501,3.057357564181003,3.011725403949748,3.02997826804225,7141956
2019-08-01,3.112116575241089,3.121243007877343,3.0025991660147224,3.0117255986509766,11479754
2019-08-02,3.139495849609375,3.1486222821771976,3.0756106040433013,3.102990119338085,12003320
2019-08-05,3.066484212875366,3.1394958919949763,3.0299784821112206,3.1394958919949763,11154200
2019-08-06,3.0299787521362305,3.0938640042581165,3.0208523186318663,3.066484486153686,4777656
2019-08-07,3.0025994777679443,3.0573580792709327,2.9478408762649564,3.0482316456871015,7803558
2019-08-08,3.139495849609375,3.1486222821771976,3.039104873772011,3.0664841714754787,17342773
2019-08-09,3.2672653198242188,3.2763917507559124,3.139495286780507,3.148621717712201,17264174
2019-08-12,3.2672653198242188,3.2672653198242188,3.2672653198242188,3.2672653198242188,0
2019-08-13,3.2672653198242188,3.2672653198242188,3.2672653198242188,3.2672653198242188,0
2019-08-14,3.2672653198242188,3.2672653198242188,3.2672653198242188,3.2672653198242188,0
2019-08-15,3.2672653198242188,3.385909139527514,3.148621717712201,3.358529846732433,34556213
2019-08-16,3.4224157333374023,3.4406685998412287,3.258139717211634,3.2855190169673736,28006336
2019-08-19,3.367656707763672,3.4589210287364116,3.322024547277302,3.4406681645418637,11193309
2019-08-20,3.5319323539733887,3.595817593866307,3.376783014098022,3.395035877612771,13307924
2019-08-21,3.522806406021118,3.568438788666217,3.5045535399996095,3.541059489633954,7877271
2019-08-22,3.4771742820739746,3.5501859646144696,3.376783517768871,3.531932880785849,9806295
2019-08-23,3.5501861572265625,3.614071192523107,3.4680480371110933,3.477174470724885,10273701
2019-08-26,3.6140711307525635,3.6688297314993994,3.4954272782097484,3.5045537116675542,11765875
2019-08-27,3.6323235034942627,3.705334961223576,3.541059181332621,3.6231970712780983,12721492
2019-08-28,3.6688296794891357,3.7144620637226065,3.623197512846999,3.650576812832281,7321388
2019-08-29,3.814852714538574,3.878737967133598,3.687082644531206,3.696209295694501,9994944
2019-08-30,3.814852714538574,3.814852714538574,3.814852714538574,3.814852714538574,0
2019-09-02,3.823978900909424,3.8969903606107525,3.7783465210047797,3.842231765834756,6283542
2019-09-03,3.915242910385132,3.9517486372973285,3.805725729648542,3.8331048072413934,6214468
2019-09-04,3.8422319889068604,3.9791287013861076,3.787473390951692,3.933496318832141,6857391
2019-09-05,3.878737688064575,3.9243700702325124,3.8331053058966384,3.8604848222339303,4329289
2019-09-06,3.8696107864379883,3.8969903009984757,3.796599327853516,3.8878640862667266,4573974
2019-09-09,3.7965993881225586,3.8878641479845495,3.769220308310063,3.8696108478660496,6440457
2019-09-10,3.7053349018096924,3.7600934942286406,3.687082037670043,3.75096727975012,6612841
2019-09-11,3.7965993881225586,3.8148522530584312,3.7053350634431945,3.7053350634431945,5002334
2019-09-12,3.9334964752197266,3.942623126166437,3.7144620746907036,3.7783468905870006,14826981
2019-09-13,4.070393085479736,4.0886459517077,3.970002103634609,4.0065078360905355,11617023
2019-09-16,4.061266899108887,4.116025939236168,3.997382077598238,4.0338878142279535,6935184
2019-09-17,4.033886909484863,4.10689836636887,3.979128316821858,4.043013124004059,5723588
2019-09-18,4.143404960632324,4.143404960632324,4.015634884385998,4.024761100812242,4459884
2019-09-19,4.152531147003174,4.225542610963929,4.088645898446186,4.143404496416753,9477958
2019-09-20,4.079519748687744,4.1707845250255895,4.052140663932556,4.143405005087695,7550022
2019-09-23,4.216415882110596,4.216415882110596,4.01563435994551,4.052140091248253,7849945
2019-09-24,4.3898186683654785,4.408071535451258,4.207289997507681,4.24379573167924,6760141
2019-09-25,4.3898186683654785,4.563221123271726,4.353312934193919,4.362439585328148,13595245
2019-09-26,4.380692005157471,4.4445768158439,4.252921513419346,4.426323950621686,8889506
2019-09-27,4.3533124923706055,4.417197738278378,4.307680111696106,4.371565357603878,4855715
2019-09-30,4.554094314575195,4.590600482666395,4.335059917123978,4.389818516486782,10257395
2019-10-01,4.6818647384643555,4.736623336932735,4.563220890858204,4.590600407683723,10957292
2019-10-02,4.65448522567749,4.736623341042659,4.636232359505526,4.672738091849455,4546814
2019-10-03,4.627105236053467,4.70924290011845,4.563219999396194,4.654484312347604,5672204
2019-10-04,4.645358562469482,4.727496234735677,4.627105698056704,4.645358562469482,3833737
2019-10-07,4.53584098815918,4.681864340168336,4.499335258952546,4.654484825672051,5324456
2019-10-08,4.709242820739746,4.727495683022359,4.417197024217941,4.47195561106578,11986044
2019-10-09,4.709242820739746,4.873519016465825,4.6636108826244955,4.736622331754947,9201023
2019-10-10,4.745748996734619,4.782254724772377,4.608852734184328,4.654484676640223,6744675
2019-10-11,4.6818647384643555,4.809634801557241,4.672738087794964,4.800508586070507,4473129
2019-10-14,4.481082439422607,4.654484872489614,4.398944765472801,4.654484872489614,8366497
2019-10-15,4.66361141204834,4.736622869467219,4.554093790737408,4.590599954629461,7695564
2019-10-16,4.563220500946045,4.672737688524921,4.490209042560127,4.599726230139003,5767134
2019-10-17,4.380692005157471,4.654484983490667,4.243795298399556,4.544967792157388,15234300
2019-10-18,4.1981635093688965,4.554094648952115,4.1981635093688965,4.544968432646236,17276296
2019-10-21,4.106898307800293,4.298553596978914,4.061265930307248,4.234668355525173,12955943
2019-10-22,4.189036846160889,4.271174524881833,3.9152434232706756,3.9882548866593597,25220501
2019-10-23,4.152531147003174,4.262048342944307,4.125151630426564,4.243795476954118,8304559
2019-10-24,4.052140235900879,4.179910300021593,4.02476071885511,4.161657433718634,8873225
2019-10-25,4.143404960632324,4.189037348311649,4.052140620456377,4.052140620456377,8417076
2019-10-28,4.152531147003174,4.179910228397131,4.143404496416753,4.152531147003174,2409014
2019-10-30,4.271174907684326,4.289427775167404,4.0612667140375915,4.125151967819706,8582807
2019-10-31,4.170783996582031,4.362439306316209,4.134278264745297,4.289427407460091,12548206
2019-11-01,4.325933933258057,4.3898191932888615,4.033888024963476,4.179910979110766,33667132
2019-11-04,4.243794918060303,4.398944476135549,4.189036327301262,4.398944476135549,13387241
2019-11-05,4.207290172576904,4.289427860289399,4.1799106532176085,4.2255430404222025,14791400
2019-11-06,4.335060119628906,4.380692505487547,4.161657662621828,4.198163397235668,30221154
2019-11-07,4.371565341949463,4.453703452796375,4.307680096270461,4.353312476781553,28764544
2019-11-08,4.289427280426025,4.453703504008836,4.262048199950649,4.398944907875445,27728907
2019-11-11,4.243794918060303,4.298553508819343,4.225542054473956,4.280300645232996,7634811
2019-11-12,4.435450553894043,4.453703418923128,4.216415738362389,4.243795253497332,33919416
2019-11-13,4.508461952209473,4.535841031786481,4.444576707892082,4.4537033578728344,39561948
2019-11-14,4.46282958984375,4.57234721412107,4.453703375010504,4.508461969557852,34434905
2019-11-15,4.453704357147217,4.526715832644266,4.4080719673702005,4.4719572260214795,17059774
2019-11-18,4.426323890686035,4.490209135690045,4.398944810814766,4.481082485611203,10498667
2019-11-19,4.46282958984375,4.499335319541982,4.389818130447287,4.435450510161389,12276801
2019-11-20,4.408071041107178,4.508462016411938,4.380691961140281,4.444576771184795,15166258
2019-11-21,4.3989458084106445,4.435451546639552,4.389819156262054,4.3989458084106445,7671890
2019-11-22,4.426323890686035,4.490209135690045,4.398944810814766,4.435450540764877,11904222
2019-11-25,4.426323890686035,4.5175882155613145,4.417197675789821,4.435450540764877,14396356
2019-11-26,4.3989458084106445,4.435451546639552,4.362440070181737,4.435451546639552,7987933
2019-11-27,4.52671480178833,4.5449676665059195,4.344186154612439,4.40807096353269,28641257
2019-11-28,4.52671480178833,4.599726260658687,4.499335287120635,4.554093881273403,16864447
2019-11-29,4.499335289001465,4.563220533131044,4.490209074230166,4.508461938955385,6702406
2019-12-02,4.6727375984191895,4.718369976621755,4.499335170505094,4.508461820218652,29429417
2019-12-03,4.86439323425293,4.992163292991565,4.681864578912022,4.681864578912022,25426349
2019-12-04,4.937405109405518,4.983037494649236,4.900899375283615,4.946531760527332,20730958
2019-12-05,5.028669357299805,5.074301302618648,4.91915173113279,4.946531246470202,13149846
2019-12-06,5.010416507720947,5.110807492746403,4.964784558296774,5.056048892327793,7393982
2019-12-09,4.92827844619751,5.056048504028322,4.919151795903989,5.001289907815117,7631476
2019-12-10,4.86439323425293,4.946531346747659,4.855267019077205,4.937404696389293,8641138
2019-12-11,4.964783668518066,5.046921772016691,4.873519350843259,4.873519350843259,14558564
2019-12-12,5.019542217254639,5.0743008074027784,5.001289353871925,5.065174593302717,7576793
2019-12-13,5.0012898445129395,5.165565631073289,4.973910329161565,5.046922225037687,16851253
2019-12-16,5.110807418823242,5.183818884992013,4.964784486485701,5.028669736974708,18650235
2019-12-17,5.028669357299805,5.165565628438966,5.001289841962393,5.138186548284187,7166809
2019-12-18,5.0012898445129395,5.174692281251292,4.964784114166195,4.983036979339567,21117505
2019-12-19,5.037795066833496,5.0834274427565385,4.992162690910453,5.019542203500797,8473164
2019-12-20,5.165565490722656,5.192945005330118,5.037795437980618,5.065174952588079,22583613
2019-12-23,5.348094463348389,5.357220677909228,5.220323978035744,5.220323978035744,14516443
2019-12-24,5.430233001708984,5.4758653873432515,5.3572215328403034,5.3846010512574,17557040
2019-12-25,5.402853488922119,5.448485435745748,5.375473972681824,5.4211063546881,7314686
2019-12-26,5.484991550445557,5.539750147224217,5.375473921705592,5.402853437686244,25569893
2019-12-27,5.466738224029541,5.539750121241286,5.4393591433599475,5.503244390226734,8412176
2019-12-30,5.530623912811279,5.548876779777019,5.43935957798258,5.47586531191406,12419752
2019-12-31,5.448485374450684,5.5397501374365135,5.430232508890046,5.530623487064873,6564038
2020-01-02,5.457611560821533,5.503243938434828,5.430232047217036,5.439358696812737,5568504
2020-01-03,5.320715427398682,5.430232623065197,5.2020715811686316,5.430232623065197,9651051
2020-01-06,5.238577365875244,5.311589265571712,5.192945418145439,5.2659568826592515,6740007
2020-01-07,5.320715427398682,5.421106407684313,5.275083480128959,5.302462561454263,7021137
2020-01-08,5.247704029083252,5.320715493771707,5.165565913717412,5.174692564394797,4426435
2020-01-09,5.448485374450684,5.4667382400113205,5.348094831458498,5.375473912208133,6349969
2020-01-10,5.402853488922119,5.521497333992318,5.375473972681824,5.466738301511729,8186091
2020-01-13,5.539750576019287,5.640141126959405,5.439359589896492,5.4758653239079305,14910902
2020-01-14,5.548876762390137,5.59450914725284,5.494118161664498,5.548876762390137,6833316
2020-01-15,5.457611560821533,5.603634472891908,5.448484911225832,5.548875880865518,7628500
2020-01-16,5.457611560821533,5.548875880865518,5.4119791832082385,5.4758644248303305,6418146
2020-01-17,5.411979675292969,5.484991573149375,5.3572210782876475,5.457612057055392,4693830
2020-01-20,5.494117736816406,5.548876333307683,5.43935914032513,5.43935914032513,5116965
2020-01-21,5.475864887237549,5.54887634943816,5.411979640220693,5.439359156137243,6759644
2020-01-22,5.439359188079834,5.5123706507092045,5.421106322422491,5.484991569814513,4323636
2020-01-23,5.548876762390137,5.640141096932868,5.430232909893249,5.448485776801795,15432582
2020-01-24,5.62188720703125,5.722278174351835,5.56712861626982,5.585381479856963,12191659
2020-01-27,5.649267673492432,5.7770377401675965,5.567129555895635,5.567129555895635,9145561
2020-01-28,5.640141010284424,5.7131529119796145,5.621888143656293,5.694899610168816,5320719
2020-01-29,5.62188720703125,5.7587839015261215,5.62188720703125,5.685772447177548,6373341
2020-01-30,5.5762553215026855,5.640140127106217,5.494117216946604,5.5945081852726375,6415940
2020-01-31,5.649267673492432,5.676646755902919,5.558003340153029,5.603635289231396,4242247
2020-02-03,5.640141010284424,5.7131529119796145,5.612761927933561,5.649267661189823,4151638
2020-02-04,5.731405735015869,5.758784817158491,5.640140967386688,5.6766467003652945,7001436
2020-02-05,5.658393859863281,5.822670094204146,5.649267644168048,5.7496586279116135,9091530
2020-02-06,5.658393859863281,5.767911494484746,5.649267644168048,5.722279110460581,5121607
2020-02-07,5.612761497497559,5.70402582363926,5.603634847292071,5.68577295841092,4360779
2020-02-10,5.448485374450684,5.649267330800338,5.32984196589786,5.585382083746786,8698180
2020-02-11,5.484991550445557,5.521497281631331,5.411979652891366,5.503244416038443,5417653
2020-02-12,5.5762553215026855,5.621887263336265,5.466737703700377,5.5032438664228795,6670094
2020-02-13,5.685772895812988,5.813542951004676,5.64926716575822,5.704025760840372,14149815
2020-02-14,5.7222795486450195,5.767911936163492,5.676647161126546,5.694900029097395,4979506
2020-02-17,5.81354284286499,5.877428086863798,5.722278519425709,5.767910898736661,8640576
2020-02-18,5.603635311126709,5.786164413701388,5.567129577648307,5.767911546962187,7513025
2020-02-19,5.475864887237549,5.631014462005169,5.448485371320999,5.603634946088619,9566682
2020-02-20,5.375473976135254,5.603635015947919,5.247703915691303,5.475864955503968,10858292
2020-02-21,5.558002471923828,5.576255335740384,5.320714807125999,5.348094320442133,9735807
2020-02-24,5.62188720703125,5.631013856416119,5.430231921774949,5.475864298334104,10143419
2020-02-25,5.631014347076416,5.758784403319704,5.594508616721191,5.676646292429131,11295431
2020-02-26,5.5762553215026855,5.67664585464612,5.548875808256459,5.6127610490425885,8547314
2020-02-27,5.348094463348389,5.558002620439033,5.338967813604937,5.521496891830452,7320206
2020-02-28,5.156439304351807,5.238576978260963,4.8370139531475616,4.928278277036971,5488771
2020-03-02,5.329841613769531,5.3846002068336905,5.156439184808387,5.156439184808387,5365878
2020-03-03,5.119933605194092,5.220324144477169,4.973910250921444,5.019542630728389,17659246
2020-03-04,5.010416507720947,5.183818959971218,5.001290291909181,5.129060359552607,7885351
2020-03-05,4.937405109405518,5.092554697014945,4.928278893466381,5.065175614014857,5927105
2020-03-06,4.745748996734619,4.937404286524152,4.4354503084136745,4.910025208087136,9764657
2020-03-09,4.289427280426025,4.6362321577868055,4.1525310076838675,4.563220696275618,8578805
2020-03-10,4.079519748687744,4.444577548491009,4.033887795701527,4.398945595504792,5627971
2020-03-11,4.079519748687744,4.079519748687744,4.079519748687744,4.079519748687744,0
2020-03-12,3.3402774333953857,3.6597029940790984,3.331151001238211,3.6140706157019205,7603556
2020-03-13,3.623197078704834,3.623197078704834,3.130369302839168,3.294645083066851,9943361
2020-03-16,3.3037712574005127,3.5319322630527457,3.267265531310762,3.3676564956488675,7074350
2020-03-17,3.431541919708252,3.5228062456614033,3.011725585141121,3.3402775937551,11148668
2020-03-18,3.4041624069213867,3.5136795911482555,3.258139277027592,3.285518573084309,8246594
2020-03-19,3.4041624069213867,3.458920999034821,3.3220245187512347,3.3859095428835753,5954377
2020-03-20,3.395035743713379,3.5136793518799725,3.358530018123658,3.4680471948928213,7034602
2020-03-23,3.230760335922241,3.3494041827942675,3.1394960057063184,3.249013201965426,8186831
2020-03-24,3.522806406021118,3.522806406021118,3.2946453631609303,3.3402777458060293,9296437
2020-03-25,3.595817804336548,3.7783464501677964,3.5319325607043015,3.5866913720449856,23243901
2020-03-26,3.687082290649414,3.7235880214334567,3.5684386656012754,3.614070829081329,13539271
2020-03-27,3.6049444675445557,3.7509676111544463,3.5593123031637535,3.6962090138974837,13820004
2020-03-30,3.623197078704834,3.650576375409448,3.5136796742950707,3.559312053060735,5860624
2020-03-31,3.7692203521728516,3.7692203521728516,3.6414500785435533,3.696208891579719,13851699
2020-04-01,3.9700019359588623,4.033887182649826,3.586691543769681,3.6505765728693245,41474142
2020-04-02,3.988255023956299,4.061266489858425,3.9334964245297037,4.052140274211991,18163630
2020-04-03,3.9973816871643066,4.061266502435171,3.942623087568138,3.9973816871643066,14389511
2020-04-06,4.070393085479736,4.097772167230352,4.024760702318499,4.061266434774425,15006340
2020-04-07,4.061266899108887,4.207290280810457,4.015634945913096,4.097772635738602,36182985
2020-04-08,4.043013095855713,4.106898337775741,3.979128289118292,4.052139745493977,15045032
2020-04-09,4.061266899108887,4.116025939236168,4.024761162479171,4.088646419172528,17330489
2020-04-10,3.988255023956299,4.070393140687523,3.979128808309865,4.070393140687523,10960593
2020-04-13,3.9426233768463135,4.006508196804535,3.8969909895767003,3.933496725319312,9438973
2020-04-14,3.9700019359588623,4.015634317192785,3.93349620504478,3.9700019359588623,15900416
2020-04-15,3.7965993881225586,3.970001822604664,3.7783465231866855,3.970001822604664,10489448
2020-04-16,3.8331053256988525,3.869611057548735,3.7874733784778254,3.86048484217759,6819721
2020-04-17,3.8969905376434326,3.9517491349070055,3.860484806134384,3.896990537643433,10306740
2020-04-20,3.9608755111694336,3.9882545903144795,3.896990267859966,3.924369782187628,15297637
2020-04-21,3.8969905376434326,3.9608757853755914,3.887864322357494,3.942622919621067,6820973
2020-04-22,3.9426233768463135,3.988255328933229,3.8969909895767003,3.9061176411037017,9427719
2020-04-24,3.9973816871643066,4.043013635903114,3.9243702210360816,3.933496436710777,11426648
2020-04-27,4.1981635093688965,4.307680716135626,4.0612667833191365,4.0612667833191365,25309035
2020-04-28,4.116024971008301,4.234668369554595,4.106898321406414,4.216415505533426,9219353
2020-04-29,4.170783996582031,4.198163077868256,4.070393016439687,4.125151614194788,9852335
2020-04-30,4.134278297424316,4.252921709240183,4.0430135319284375,4.243795493800187,13951167
2020-05-04,4.161657333374023,4.170783983896774,4.01563440647121,4.061266353537015,10147086
2020-05-05,4.207290172576904,4.298554511803396,4.1799106532176085,4.2255430404222025,19655875
2020-05-06,4.271174907684326,4.3350601614664415,4.170784354118744,4.216416305235094,23852082
2020-05-07,4.298553466796875,4.353312057020598,4.189036286349428,4.2620477399810595,17173365
2020-05-08,4.143404960632324,4.3624398122373,4.143404960632324,4.335060292593164,14401928
2020-05-11,4.116024971008301,4.16165691346992,4.061265943762189,4.143404049448751,8363549
2020-05-12,4.189036846160889,4.216415927340321,4.088645866410124,4.106898732257295,9688933
2020-05-13,4.2255425453186035,4.271174491993841,4.161657297754096,4.17991016346072,12047982
2020-05-14,4.307680130004883,4.344186295809224,4.170783857764808,4.170783857764808,33289345
2020-05-15,4.371565341949463,4.4354505876284644,4.344186261788915,4.353312476781553,33720804
2020-05-18,4.408071041107178,4.481082501262411,4.398944826179089,4.417197691217897,19838773
2020-05-20,4.408071041107178,4.481082501262411,4.398944826179089,4.426323906145986,14961806
2020-05-21,4.727496147155762,4.754875660859013,4.43545032196165,4.43545032196165,55908184
2020-05-22,4.727496147155762,4.8643928453068055,4.681864204560485,4.7457490112303935,32141668
2020-05-27,4.745748996734619,4.864392830448636,4.72749613271574,4.8096342383919986,15366867
2020-05-28,4.627105236053467,4.75487527418544,4.554093350509768,4.727495762708731,13308691
2020-05-29,4.627105236053467,4.70924290011845,4.599725724576758,4.6088523734631845,7769065
2020-06-01,4.690990924835205,4.745749522963711,4.663611843362279,4.700117575447949,9484393
2020-06-02,4.754875183105469,4.773128045346116,4.681863734142881,4.690989947671922,11102982
2020-06-03,4.873519420623779,4.919151362523258,4.745748938866998,4.791381315949077,21107965
2020-06-04,4.873519420623779,4.9556570901158805,4.855266556827467,4.928278012012713,12314630
2020-06-05,4.873519420623779,4.937404226319569,4.8278870435417005,4.873519420623779,5085185
2020-06-08,4.827886581420898,4.955656615765051,4.818760367987595,4.910024678233419,5879498
2020-06-09,4.809634685516357,4.873519933112784,4.718370356937637,4.827887551232101,5324114
2020-06-10,4.873519420623779,4.928278012012713,4.791381315949077,4.809634179745388,7082666
2020-06-11,4.800508975982666,4.919152398042746,4.800508975982666,4.809635192210661,6068998
2020-06-12,4.8461408615112305,4.873520380187845,4.727497005883712,4.764002740664074,8097739
2020-06-15,4.818761348724365,4.891772811780657,4.791381832486932,4.800508482960293,5430774
2020-06-16,4.882646083831787,4.955657545729568,4.846140352882897,4.864393218357343,19195111
2020-06-17,5.110807418823242,5.202071751534205,4.891773020316931,4.910025886859124,31183459
2020-06-18,5.0651750564575195,5.202071326754239,5.028669326354044,5.129059866547287,19762228
2020-06-19,5.010416507720947,5.1655660931650145,4.983037425102978,5.0925546259402,19304858
2020-06-22,5.074301242828369,5.165565567573323,5.001289783032406,5.056048377879378,15344140
2020-06-23,5.147313117980957,5.220324583668498,5.0834283030956895,5.092554518715301,13111370
2020-06-24,5.05604887008667,5.229451321574158,5.05604887008667,5.165566070442135,13142680
2020-06-25,5.0012898445129395,5.083427955384431,4.973910329161565,5.046922225037687,8162914
2020-06-26,5.046922206878662,5.119933667309453,5.010416041480635,5.046922206878662,9292440
2020-06-29,5.0651750564575195,5.147312731599025,5.056048406340336,5.083427921509258,9599550
2020-06-30,5.092554569244385,5.174692686549187,5.065175486931229,5.101681220137215,14595357
2020-07-01,5.028669357299805,5.129059898110839,4.992163191789045,5.1108070329467745,9389441
2020-07-02,5.110807418823242,5.129060285365434,5.056048819196664,5.065175470059093,12049351
2020-07-03,5.110807418823242,5.229451268938827,5.065175470059093,5.1655660184498196,21609646
2020-07-06,5.22032356262207,5.2659559373428495,5.147312111214886,5.1564387602320725,15047852
2020-07-07,5.366347789764404,5.43023260273942,5.192945346350155,5.247703943978447,22305608
2020-07-08,5.348094463348389,5.448484999430679,5.329841599044099,5.411979270822099,14577625
2020-07-09,5.119933605194092,5.402853228522322,5.119933605194092,5.3846003636360695,7678251
2020-07-10,4.964783668518066,5.101680362621575,4.818760760238375,5.101680362621575,8588997
2020-07-13,5.275083541870117,5.293336408028174,5.010416329804318,5.010416329804318,5657255
2020-07-14,5.1746931076049805,5.293336967769614,5.156440239516783,5.284210316134164,5622648
2020-07-16,5.165565490722656,5.24770359936242,5.1564392759752495,5.202071220077524,7234124
2020-07-17,5.156439304351807,5.19294503390757,5.129059789593672,5.183818383927318,3456632
2020-07-20,5.25683069229126,5.284209774023365,5.129060193599242,5.147313059814865,11126141
2020-07-21,5.183818817138672,5.375474130914364,5.138186868971821,5.302462665701274,12966425
2020-07-22,5.101680278778076,5.229450321422972,5.083427415543091,5.202070808979201,6646515
2020-07-23,5.156439304351807,5.265956493019098,5.119933574796042,5.147312654371554,7416624
2020-07-24,5.110807418823242,5.156439802770056,5.074301685738857,5.110807418823242,2970656
2020-07-27,5.25683069229126,5.25683069229126,5.147313059814865,5.147313059814865,5360130
2020-07-28,5.028669357299805,5.311588984934107,5.028669357299805,5.293336119770044,8263682
2020-07-29,4.92827844619751,5.110807100241527,4.8370141191755005,5.019542773219519,7216961
2020-07-30,4.955657005310059,4.97390986879401,4.910025064191476,4.946530791159379,1532725
2020-08-04,4.65448522567749,5.065175367320674,4.471956563957846,5.0012901181274705,9420564
2020-08-05,4.645358562469482,4.745749099148455,4.471956132956783,4.700117155707817,5773954
2020-08-06,4.271174907684326,4.6727384274947195,4.252922040201248,4.663612211344525,8117371
2020-08-07,4.508461952209473,4.563220546546111,3.970001788458592,4.280300924882167,9963482
2020-08-10,4.499335289001465,4.590600047810184,4.316806641749272,4.481082424276245,6857665
2020-08-11,4.636231422424316,4.6636109337396086,4.5084613850456146,4.517587598695665,9986802
2020-08-12,4.53584098815918,4.663611475565019,4.490209044242197,4.654484825672051,8430522
2020-08-13,4.408071041107178,4.563220611528363,4.362439096101472,4.526714881450746,5563527
2020-08-14,4.490209579467773,4.53584152882401,4.262048527138579,4.380692378793602,7430831
2020-08-17,4.499335289001465,4.6271057772606214,4.444576694825807,4.490209074230166,8741659
2020-08-18,4.408071041107178,4.544967746489554,4.38981817606837,4.535841096378836,6882749
2020-08-19,4.481082439422607,4.554093898570268,4.408070980274947,4.444576709848777,10390252
2020-08-20,4.426323890686035,4.471956270714989,4.398944810814766,4.471956270714989,10619771
2020-08-21,4.417198181152344,4.544968250595645,4.398945314089015,4.47195678234233,14219822
2020-08-24,4.380692005157471,4.4445768158439,4.371565354955047,4.417197735601897,5339597
2020-08-25,4.307680130004883,4.453703487674338,4.28942726469403,4.408071106805889,7001776
2020-08-26,4.325933933258057,4.3898191932888615,4.289428194721234,4.316807716215216,5138146
2020-08-27,4.435450553894043,4.435450553894043,4.335059578642759,4.353312443671844,5080631
2020-08-28,4.490209579467773,4.526715313025831,4.426324328149837,4.481082928486924,9895429
2020-08-31,4.508461952209473,4.572347196526863,4.4810824374498415,4.4993353022287215,12726733
2020-09-01,4.508461952209473,4.535841031786481,4.335059519218806,4.517588167007601,10925180
2020-09-02,4.5175886154174805,4.581473866076036,4.499335748826845,4.508462399713497,10633590
2020-09-03,4.773128509521484,4.928278071246191,4.471956035671221,4.526714627718305,32060713
2020-09-04,4.636231422424316,4.791380971118311,4.617978559941645,4.782254322285691,10643955
2020-09-07,4.65448522567749,4.727496690365348,4.627106144010872,4.627106144010872,7393918
2020-09-08,4.71837043762207,4.73662330364994,4.636232322905332,4.6909909209889395,14138949
2020-09-09,4.773128509521484,4.809634237552873,4.7001170534587065,4.7183699174744005,11570319
2020-09-10,4.727496147155762,4.7913813890082775,4.7183699327097495,4.773128524933645,7621967
2020-09-11,4.6818647384643555,4.74574955241947,4.672738087794964,4.727496686263343,3759493
2020-09-14,4.690990924835205,4.736623307533621,4.681864709405114,4.70924379087804,5494540
2020-09-15,5.156439304351807,5.156439304351807,4.736622979277899,4.736622979277899,31997900
2020-09-16,5.010416507720947,5.238577560389829,4.983037425102978,5.192945610965656,16124503
2020-09-17,5.028669357299805,5.083427952791996,4.9374045962968545,4.955657461460918,8089127
2020-09-18,5.147313117980957,5.311589350960587,5.05604878587153,5.074301652293416,17843785
2020-09-21,5.046922206878662,5.220324207810474,5.001289826518102,5.1381865324171505,7590744
2020-09-22,5.165565490722656,5.192945005330118,4.983036843948316,5.065174952588079,11462262
2020-09-23,5.293336391448975,5.402853588054294,5.174692544201884,5.202071625761886,17759465
2020-09-24,5.512370586395264,5.548876317284029,5.247703819860394,5.28420955074916,20345270
2020-09-25,5.402853488922119,5.612761662822223,5.384600623156138,5.548876415049967,18077268
2020-09-28,5.357220649719238,5.4393587562476355,5.293335842581694,5.384600163622908,10008346
2020-09-29,5.357220649719238,5.494117348872363,5.302462057094511,5.366347299414665,10932767
2020-09-30,5.494117736816406,5.512370602313498,5.375473893493988,5.4028534093309455,8798180
2020-10-01,5.439359188079834,5.54887638202389,5.421106322422491,5.5123706507092045,9138537
2020-10-02,5.366347789764404,5.475864985020988,5.366347789764404,5.402853521516599,6466032
2020-10-05,5.393726825714111,5.430232557159889,5.375473959991222,5.402853476166879,6594215
2020-10-06,5.466738224029541,5.640140663939984,5.3846005468381195,5.411979627507713,27881785
2020-10-07,5.466738224029541,5.539750121241286,5.448485358522265,5.4576120088672235,8539421
2020-10-08,5.348094463348389,5.512370242087001,5.329841599044099,5.4849911632218715,7844456
2020-10-09,5.503243923187256,5.512370137575067,5.338967712380631,5.357220576338856,13096506
2020-10-12,5.603635311126709,5.685773429044448,5.539750495130842,5.548876710909107,9377215
2020-10-13,5.512370586395264,5.585382048172795,5.48499150582001,5.567129182728412,5480052
2020-10-14,5.676646709442139,5.704026226811205,5.503244695107823,5.5123709107757355,11350301
2020-10-15,5.558002471923828,5.667519654823164,5.494117230974582,5.667519654823164,6612584
2020-10-16,5.503243923187256,5.56712872944974,5.494117273616841,5.548875865491516,6435890
2020-10-19,5.52149772644043,5.585382543570741,5.4849919923137715,5.503244859377101,8467892
2020-10-20,5.667520523071289,5.777037722748351,5.475865206045097,5.539750456781383,27127916
2020-10-21,5.612761497497559,5.7496582043014275,5.603634847292071,5.70402582363926,11479241
2020-10-22,5.685772895812988,5.713152410945379,5.503244245539148,5.631014300730836,19233569
2020-10-23,5.786529541015625,5.897453320139856,5.712579914160887,5.749554507202298,26568354
2020-10-26,5.463000297546387,5.71257898015582,5.435269577685252,5.71257898015582,16937695
2020-10-27,5.731066703796387,5.805016324110637,5.435269985626897,5.472244575398084,30050732
2020-10-28,5.620142936706543,5.8050163264075,5.601655641813635,5.731066706063991,13585752
2020-10-30,5.731066703796387,5.9159400934241955,5.50921916516927,5.573924917654785,35073892
2020-11-02,5.694092273712158,5.943670982052869,5.647874255587962,5.749554159924329,23470171
2020-11-03,5.703336715698242,5.795773202019945,5.592412932112199,5.758798607491264,11829063
2020-11-04,5.703336715698242,5.8882096883416475,5.6756055494157645,5.731067441208785,33677975
2020-11-05,5.694092273712158,5.814259914224473,5.647874255587962,5.731066864520272,18989686
2020-11-06,5.749554634094238,5.805016965652317,5.684849315229691,5.740311206015844,18324064
2020-11-09,6.073082447052002,6.165518923408646,5.814259872481511,5.851234463024168,30141689
2020-11-10,6.008376121520996,6.0638380020578,5.943670373842137,6.045350708545532,10823571
2020-11-11,6.248712062835693,6.304173949451337,6.0268640756012255,6.0545952392949935,25103053
2020-11-12,5.989889144897461,6.331904313354286,5.952914555916824,6.239467840902694,17843683
2020-11-13,6.128543853759766,6.1377872802868705,5.999132356205474,6.036107384629453,12332312
2020-11-16,6.137787818908691,6.257955459709341,6.110057096122013,6.239468164260925,7598997
2020-11-17,5.943671226501465,6.350392182890037,5.934427798805222,6.100813464284767,17816291
2020-11-18,6.01762056350708,6.063838581316886,5.952914809647087,5.971402104925386,8539955
2020-11-19,6.119300365447998,6.220980708174647,5.934427415737619,6.008376595621771,13259849
2020-11-20,6.137787818908691,6.211737000702355,6.119300523460275,6.137787818908691,7802997
2020-11-23,6.008376121520996,6.1932490566436735,5.962157667354404,6.156274469619138,11913530
2020-11-24,5.989889144897461,6.073082190489828,5.952914555916824,6.0176203070188725,12432978
2020-11-25,5.915940284729004,6.045351353112944,5.897452989245584,6.01762063027376,10511522
2020-11-26,5.841990947723389,5.943670849797224,5.786529062745329,5.934427422686821,8955344
2020-11-27,5.8974528312683105,5.925183553364661,5.832747078423692,5.8697216684000795,11070977
2020-11-30,5.860478401184082,6.008376765124763,5.814259942066673,5.860478401184082,8836337
2020-12-01,6.008376121520996,6.082325295570067,5.888208493305333,5.888208493305333,10402142
2020-12-02,6.276443004608154,6.304174169268869,5.999133121088644,5.999133121088644,15566772
2020-12-03,6.239468097686768,6.396610327707566,6.18400621193329,6.2579553929379275,10767547
2020-12-04,6.378122806549072,6.470559279530853,6.174762125217284,6.239467876690465,9155964
2020-12-07,6.378122806549072,6.599970341705347,6.368878938864959,6.433584690338141,11179766
2020-12-08,6.470559597015381,6.544508779029196,6.341148528491203,6.396610415001565,9960982
2020-12-09,6.433584690093994,6.5537523253516845,6.424340822410231,6.470559279285303,7373913
2020-12-10,6.285686492919922,6.433584853440242,6.23022416695292,6.40585369045674,8644943
2020-12-11,6.220980644226074,6.3226609859075,6.100813007763651,6.276442528569067,9719530
2020-12-14,6.285686492919922,6.341148378115042,6.239468034871381,6.267199197854882,10572818
2020-12-15,6.230224609375,6.294930367083481,6.202493885194161,6.285686939280506,6787932
2020-12-16,6.193249702453613,6.313417343199928,6.1285443887993605,6.239468161439701,9444481
2020-12-17,6.470559597015381,6.470559597015381,6.202493591829352,6.220980887332806,13250527
2020-12-18,6.396610260009766,6.526021325398274,6.387366392096074,6.516777898256464,7154036
2020-12-21,6.285686492919922,6.4150975583752015,6.248711902789842,6.35039180526162,6923574
2020-12-22,6.914255619049072,6.914255619049072,6.322661680311783,6.350392405142947,37968065
2020-12-23,7.126859664916992,7.533580189754734,6.960473995665189,7.052910478582858,94027626
2020-12-24,7.015934467315674,7.265513141133094,6.96047258877534,7.1083709315495645,38411690
2020-12-25,7.210052490234375,7.293245101824006,6.988204497527581,7.02517908951673,21138652
2020-12-28,7.635261058807373,7.820134026499496,7.228540089112779,7.228540089112779,42086792
2020-12-29,7.709208965301514,7.9403003569158574,7.5520667484802635,7.699965098066452,43770558
2020-12-30,7.755427837371826,7.9587876382269,7.718453247985108,7.736940101906594,26482155
2020-12-31,7.940300941467285,8.180636218009765,7.6907217970092265,7.764670977246333,27516205
2021-01-04,8.023492813110352,8.171391151897774,7.9772743618533735,8.069710382823695,29143778
2021-01-05,8.273073196411133,8.689037603088277,7.949545716348405,8.023494905022392,50697099
2021-01-06,8.411727905273438,8.670550044676743,8.319290986143217,8.485677087960097,37034073
2021-01-07,8.347021102905273,8.51340719263523,8.254585072033754,8.439458015320522,11305062
2021-01-08,8.393239974975586,8.531894468924692,8.310046925988614,8.411727710992146,12761249
2021-01-11,8.291559219360352,8.522650606554558,8.217610045981699,8.374752259797255,21773334
2021-01-12,8.73525619506836,8.966347633464581,8.356266377145579,8.365510246251958,35815049
2021-01-13,8.568869590759277,8.855422434954727,8.439458088563557,8.76298552173725,19786623
2021-01-14,9.41928482055664,9.41928482055664,8.753742241325634,8.827691416795746,55925802
2021-01-15,9.687350273132324,10.35289369757111,9.437772039932566,9.456258892018935,86162799
2021-01-18,9.761301040649414,10.094072336456293,9.271386642115187,9.705838717243072,29977977
2021-01-19,9.622647285461426,9.946175649536992,9.576428821801507,9.835251865679508,15000978
2021-01-20,9.641134262084961,9.899956403977285,9.465504290357318,9.631890393774285,18027809
2021-01-21,9.511723518371582,9.770545681161973,9.502479649314528,9.63189117148166,11681434
2021-01-22,9.779788970947266,9.853738155935826,9.474748362483497,9.520966823487303,18434134
2021-01-25,9.65962028503418,9.98314859568708,9.650376417519817,9.909199418659627,10988923
2021-01-26,9.502479553222656,9.650377930464431,9.456261089948637,9.650377930464431,10723177
2021-01-27,8.864667892456055,9.53021149497286,8.818449427558072,9.502479887107734,13639116
2021-01-28,9.382311820983887,9.465504877855942,8.605845347113712,8.68903752244191,13309429
2021-01-29,9.105002403259277,9.317606088914955,9.040296205480047,9.197438443375034,8241909
2021-02-01,9.178951263427734,9.326849627618733,8.920128244549698,9.178951263427734,7816242
2021-02-02,9.70583724975586,9.770542549326949,9.225166791388931,9.225166791388931,13687131
2021-02-03,9.641134262084961,9.807519483958126,9.428529698658414,9.752058037181671,8629077
2021-02-04,9.641134262084961,9.752058037181671,9.557941210376478,9.641134262084961,7162973
2021-02-05,9.567184448242188,9.927686473164687,9.567184448242188,9.715082805291802,10907764
2021-02-08,9.946174621582031,10.103316852858503,9.53021025472116,9.65962088174147,15373900
2021-02-09,9.853736877441406,10.057097550546388,9.807518422434313,9.94617378745559,6324754
2021-02-10,9.927685737609863,10.389868509918074,9.862980431580691,9.881467284070307,15877686
2021-02-11,9.983148574829102,10.075584605148427,9.77054403016158,9.872224809519677,6089195
2021-02-12,10.436088562011719,10.704154575749905,9.973905718908377,10.020124179527473,19907713
2021-02-15,10.778103828430176,10.852053013271865,10.491550957554583,10.491550957554583,9360704
2021-02-16,10.778103828430176,11.092388304779266,10.30667711390654,10.81507842085102,11226598
2021-02-17,10.519281387329102,10.879784314509306,10.371383021781469,10.81507811842437,7838704
2021-02-18,10.796590805053711,10.898270706664189,10.399113303364445,10.519280940655241,11260529
2021-02-19,10.907515525817871,11.018439304942873,10.56550031979649,10.768860140753743,8729206
2021-02-22,10.962977409362793,11.249531177957337,10.842809756825975,10.89827208935984,6949619
2021-02-23,10.35289478302002,11.036925131262313,10.35289478302002,10.953732965835886,7045284
2021-02-24,9.899957656860352,10.482308210974951,9.872226929962679,10.168023700988286,6786763
2021-02-25,9.909199714660645,10.26970174305222,9.752057488397329,10.260458756805484,5143139
2021-02-26,9.899957656860352,9.964662980136225,9.437774761360885,9.61340387377136,5187131
2021-03-01,10.445331573486328,10.445331573486328,10.010879489780322,10.010879489780322,5915561
2021-03-02,10.297432899475098,10.473061972152657,10.232726709293921,10.445331251528561,4483454
2021-03-03,10.926000595092773,11.323478066458355,10.343650188746816,10.343650188746816,35859295
2021-03-04,11.055414199829102,11.20331257603382,10.694911246672204,10.824322766623261,15324407
2021-03-05,11.29574966430664,11.45289191166899,10.833566791251224,11.03692662068402,20187894
2021-03-08,11.175581932067871,11.767175441184458,11.01843968582281,11.406673366952504,17029851
2021-03-09,11.23104190826416,11.360453412165048,11.073899682650135,11.277260365481887,7823248
2021-03-10,11.29574966430664,11.86885632111009,11.203312737078008,11.258775069723962,21868753
2021-03-11,11.332722663879395,11.702468557666753,11.323478796148775,11.637763246639903,17829938
2021-03-12,11.166337013244629,11.378941571752252,11.009194781774058,11.36045383555864,8451621
2021-03-15,11.018438339233398,11.40667197291614,10.999950603561002,11.15709283060134,8977019
2021-03-16,10.981462478637695,11.092386235204502,10.907513307593158,11.027680930926445,8924141
2021-03-17,11.203311920166016,11.452891076558434,10.990708237204007,11.036925815904405,15617969
2021-03-18,11.110875129699707,11.378941123131968,11.08314352650262,11.212555030124445,9044989
2021-03-19,11.129362106323242,11.286504333330916,10.805833784473618,11.110875252198447,9898556
2021-03-22,10.020123481750488,10.352894788255739,10.020123481750488,10.020123481750488,6436420
2021-03-23,10.047855377197266,10.260459953455266,9.021809734469281,9.14197738512922,14783820
2021-03-24,10.140292167663574,10.445332783910743,10.029368387350408,10.103317574225851,17470138
2021-03-25,9.779788970947266,10.288190278901485,9.779788970947266,10.149534895890069,12626067
2021-03-26,9.641134262084961,10.241971597578093,9.447017435279767,9.853737943967706,19612249
2021-03-29,9.594915390014648,9.826006798594355,9.539453064076262,9.641133848039342,5693207
2021-03-30,9.243656158447266,9.650376641539696,9.215925436804172,9.548696741152526,12460736
2021-03-31,9.326848983764648,9.557940382246255,9.271386660249822,9.28987439526934,12846603
2021-04-01,9.733570098876953,9.733570098876953,9.391554912362833,9.43777337141475,10779692
2021-04-02,9.955419540405273,10.001637122622654,9.56718585528093,9.761302697843101,8911026
2021-04-05,10.010879516601562,10.158777873609965,9.89995574884526,9.9646610596505,5966054
2021-04-06,9.70583724975586,10.09407081026958,9.687349517567782,10.020121644604451,5308031
2021-04-07,9.70583724975586,9.798274147609066,9.622644217996692,9.715081115849898,3657392
2021-04-08,9.862982749938965,10.057099595198588,9.7428150951074,9.7428150951074,6634937
2021-04-09,9.594915390014648,9.955418304754746,9.373067849348635,9.862981388705357,8090503
2021-04-12,9.447016716003418,9.622645792815224,9.382310524299081,9.594915071538356,3245968
2021-04-13,9.576427459716797,9.659620506163076,9.160463109029152,9.447016837728139,6135463
2021-04-14,9.899957656860352,9.90920152634088,9.622647743251889,9.622647743251889,5186455
2021-04-15,9.70583724975586,10.075583078081502,9.63188808409073,9.90919789610676,7585827
2021-04-16,9.715084075927734,9.853738583410436,9.613403280999485,9.66886561291888,3218765
2021-04-19,9.354580879211426,9.835251471542021,9.354580879211426,9.65962149298129,4231177
2021-04-20,9.594915390014648,9.789032208483352,9.22516860736086,9.336093259237632,7927177
2021-04-21,8.994077682495117,9.530210590254269,8.790717866719513,9.465504392922202,8207228
2021-04-22,8.975590705871582,9.04953988907092,8.587357053303162,8.818448471187041,7110476
2021-04-26,8.910884857177734,9.151219247407154,8.827691810675965,8.957102432750942,4362451
2021-04-27,9.0772705078125,9.178951294698052,8.920128274938273,8.929372143117648,5271059
2021-04-28,8.92937183380127,9.068027207057467,8.873910389733798,9.058783339198301,3494839
2021-04-29,9.003321647644043,9.178951623161845,8.966347055147216,8.966347055147216,4716173
2021-04-30,8.901640892028809,9.012564658969337,8.864666303048633,9.012564658969337,3595289
2021-05-03,9.19743824005127,9.19743824005127,8.910885376020158,8.910885376020158,5944196
2021-05-04,9.012565612792969,9.243657038762018,8.966347151290393,9.206682445868724,3824198
2021-05-05,9.049539566040039,9.141976482511497,9.003321107804311,9.03105271167201,5514826
2021-05-06,9.141977310180664,9.317606409524497,8.994078054127513,9.058784254133219,10251928
2021-05-07,9.188194274902344,9.44701729448096,9.105002105977562,9.15121968375451,7206690
2021-05-10,9.299118041992188,9.419284790591052,9.252899587084476,9.252899587084476,5056779
2021-05-11,9.587782859802246,9.615900169877825,9.23163920355915,9.278499599408933,7414330
2021-05-12,9.400338172912598,9.606527301851811,9.372221757904205,9.51280472675088,2044148
2021-05-17,9.59715461730957,9.63464346761919,9.278498942775457,9.400337929732894,6612862
2021-05-18,9.428454399108887,9.70024876312729,9.419081963914035,9.615898633982852,2921296
2021-05-20,9.428454399108887,9.559664916618354,9.325359399574745,9.40033709352433,3826229
2021-05-21,9.690876960754395,9.765854659600084,9.409710143180723,9.437826556796688,9372411
2021-05-24,10.075138092041016,10.103254506218608,9.625271889980786,9.690877154330062,9452537
2021-05-25,9.456571578979492,10.159488187203284,9.372221442983887,10.05639317929546,6478143
2021-05-26,9.59715461730957,9.74711001854805,9.362849079423274,9.49406050240929,3676127
2021-05-27,9.578411102294922,9.915810771399057,9.52217737720853,9.634643933576575,5654748
2021-05-28,9.390966415405273,9.587782209761905,9.315987820758613,9.569038231453764,3397146
2021-05-31,9.278498649597168,9.484687766687342,9.269127107669402,9.381593655044588,2848917
2021-06-01,9.325361251831055,9.381594980365016,9.287872397410013,9.334733688887514,2662208
2021-06-02,9.231639862060547,9.30661757333414,9.147289713426549,9.222267424700142,3551511
2021-06-03,8.987960815429688,9.353476892220963,8.93172709156695,9.250382774578116,5687504
2021-06-04,8.90361213684082,9.053567566663045,8.90361213684082,8.950473432111481,2896440
2021-06-07,9.034822463989258,9.166033001903463,8.941099885075039,8.941099885075039,4928193
2021-06-08,8.978589057922363,9.128544474486487,8.978589057922363,8.987961494908816,2769023
2021-06-09,8.978589057922363,9.072311640177332,8.950472640767787,8.978589057922363,2143827
2021-06-10,8.819260597229004,9.025449727712425,8.79114418201004,8.959844460933269,5351956
2021-06-11,8.941099166870117,9.044193280350793,8.80988774569088,8.838005053389441,4796123
2021-06-14,8.68804931640625,9.016076515892934,8.631815597000296,8.97858766755718,3712587
2021-06-15,8.56621265411377,8.763029384591594,8.481862499079718,8.641190371076284,3566854
2021-06-16,8.425627708435059,8.659933268027611,8.425627708435059,8.566211580473457,2081869
2021-06-17,8.181947708129883,8.406881669542477,8.172576167332966,8.388136800339527,5161544
2021-06-18,7.975761890411377,8.322534029932982,7.928900597220927,8.238183880951137,4741776
2021-06-21,7.975761890411377,8.06948358298745,7.863295323037193,7.947644578214212,2617845
2021-06-22,8.022623062133789,8.078855898067063,7.9476444578814025,8.013250624876639,3103197
2021-06-23,7.966388702392578,8.153832963687925,7.957016265876625,8.05073884342667,5426850
2021-06-24,8.031993865966797,8.153832857675868,7.975761035211674,7.975761035211674,7298011
2021-06-25,7.919527053833008,8.172577465439188,7.919527053833008,8.069482456056804,5460413
2021-06-28,7.975761890411377,8.08822845778556,7.910155722422817,8.003878308803717,4552920
2021-06-29,7.966388702392578,8.031993970394764,7.844549709099416,7.928899850133508,5646833
2021-06-30,7.900782585144043,8.041365542553264,7.760198733930179,7.994504258815308,3123524
2021-07-01,8.28504467010498,8.360022377126356,7.9663889683617475,7.9663889683617475,8257288
2021-07-02,8.69742202758789,8.903611168060953,8.097600373564099,8.285044640446534,7605433
2021-07-05,8.866121292114258,9.062937973092241,8.566210499692442,8.6224433263692,9333617
2021-07-06,8.69742202758789,8.92235604165158,8.678678047802032,8.866122314684466,3714036
2021-07-07,8.866121292114258,8.987960274986788,8.697421024474654,8.697421024474654,8858877
2021-07-08,8.678678512573242,8.931728062964957,8.650561200681528,8.866122789493923,3881635
2021-07-09,8.603699684143066,8.74428265011997,8.594327248063353,8.706793799605816,2369381
2021-07-12,8.650559425354004,8.772398403799015,8.50060403459234,8.603699036094458,4956266
2021-07-13,8.453744888305664,8.706794423971248,8.43500001480204,8.622444280814465,3152366
2021-07-14,8.678678512573242,8.79114507872565,8.453745380268426,8.453745380268426,4313216
2021-07-16,8.678678512573242,9.006705773733229,8.678678512573242,8.941100500262195,4238511
2021-07-19,8.678678512573242,8.725539805254616,8.556839509123597,8.62244478259463,1583673
2021-07-26,8.716166496276855,8.83800548754171,8.669305208281953,8.697421623557004,2904355
2021-07-27,8.866121292114258,8.92235501259568,8.678677046850623,8.678677046850623,3667978
2021-07-28,8.856749534606934,8.978588526809302,8.819260682683492,8.866121971038977,2775759
2021-07-29,8.96921443939209,9.044192129437647,8.912981618760206,8.912981618760206,4190814
2021-07-30,8.838006019592285,8.959845018191883,8.781772291852171,8.950472581267734,2655350
2021-08-02,9.034822463989258,9.137916585751098,8.866122179465563,8.866122179465563,6435329
2021-08-03,9.137914657592773,9.231637216730936,9.006703253560259,9.044192098454612,5542496
2021-08-04,9.044194221496582,9.259755800593641,9.044194221496582,9.147289239510087,4874182
2021-08-05,9.119172096252441,9.184778261775518,8.987961552815872,8.99733398986271,3327941
2021-08-06,9.119172096252441,9.22226711615808,9.062939261580995,9.119172096252441,4008071
2021-08-09,9.269128799438477,9.297245217962816,9.13791735665017,9.13791735665017,6254314
2021-08-10,9.259754180908203,9.362848287084056,9.22226533377111,9.287870592809869,3966257
2021-08-11,9.006705284118652,9.353477401022195,8.978588867560195,9.250383277771336,5053748
2021-08-12,9.269128799438477,9.400339348421952,9.062939644715376,9.091056063239717,6888504
2021-08-13,9.18477725982666,9.362849075267134,9.137915973509264,9.269127396437035,3505413
2021-08-16,9.18477725982666,9.297243810705595,9.166032387777824,9.18477725982666,3341922
2021-08-17,9.30661678314209,9.409710903938716,9.137916500197843,9.15666137332709,6091057
2021-08-18,9.18477725982666,9.419082797608949,9.18477725982666,9.362849075267134,4059246
2021-08-19,8.781771659851074,8.912983085931879,8.72553882996267,8.763027681156512,7571657
2021-08-20,8.509977340698242,8.809888152908137,8.481860925504746,8.781771737714639,6757662
2021-08-23,8.547466278076172,8.669305270211387,8.472488574270614,8.613071545454853,6161080
2021-08-24,8.303789138793945,8.584956003578512,8.275672720456937,8.556839585241502,7290752
2021-08-25,8.153833389282227,8.350650097366495,8.13508940907671,8.341277660361342,4064073
2021-08-26,8.050738334655762,8.247555020029122,8.050738334655762,8.153832448401927,3932505
2021-08-27,8.275671005249023,8.285043440687112,8.078854330072351,8.08822676551044,5074196
2021-08-31,8.341278076171875,8.435000663285873,8.313161657559608,8.369395388588973,3239133
2021-09-01,8.416254997253418,8.509977575557942,8.31316087616224,8.38813858128396,4920224
2021-09-02,8.463115692138672,8.528721849866974,8.406882864148338,8.416254406276938,3579398
2021-09-03,8.463115692138672,8.55683826386214,8.416254406276938,8.463115692138672,2959922
2021-09-06,8.425627708435059,8.491233872908222,8.39751129154929,8.463116562217676,2518576
2021-09-07,8.191322326660156,8.435000328439333,8.153833472063729,8.435000328439333,4003671
2021-09-08,8.022623062133789,8.247556193476512,7.99450575036234,8.172578483028937,4694236
2021-09-09,8.116344451904297,8.116344451904297,7.966389036577485,7.994505453500068,3400208
2021-09-10,8.060111045837402,8.181949141787046,8.003877322179731,8.153832726860568,2936467
2021-09-13,8.425627708435059,8.52872272669084,8.219439459533051,8.219439459533051,9443243
2021-09-14,8.603699684143066,8.650560076932235,8.397510559412869,8.397510559412869,7087273
2021-09-15,8.72553825378418,8.809887493046906,8.49123272584352,8.60369927199848,7304867
2021-09-16,8.631815910339355,8.987960429359557,8.594327060642739,8.734910023553882,9193970
2021-09-17,8.584955215454102,8.763027934118812,8.509977510902036,8.650560483485974,3914867
2021-09-20,8.331905364990234,8.528722055306687,8.27567164184066,8.388138194335102,2768617
2021-09-21,8.303789138793945,8.47248943642565,8.294417595218158,8.378766850229187,2589461
2021-09-22,8.341278076171875,8.41625578834114,8.238183945390343,8.350650513644242,2086968
2021-09-23,8.210065841674805,8.39751008362533,8.02262159972428,8.350648799686535,3746741
2021-09-24,8.10697078704834,8.247554637976853,8.041365526231154,8.172576941670169,2898416
2021-09-27,8.20069408416748,8.228810499333589,8.088227529698322,8.135088817511653,3583434
2021-09-28,8.10697078704834,8.238182202487355,7.975760265413967,8.21006578982351,2960849
2021-09-29,8.078856468200684,8.172579059776663,8.06948403028211,8.106972888151528,2078611
2021-09-30,8.078856468200684,8.16320662185809,8.060112486168412,8.088228906119257,2267831
2021-10-01,8.003877639770508,8.097600218317265,7.994505203154882,8.06011136565951,2864090
2021-10-04,7.966388702392578,8.060111279942623,7.966388702392578,8.0132499911676,3129352
2021-10-05,8.022623062133789,8.050739480100427,7.957016895138552,7.975761769652852,2553856
2021-10-06,7.657105445861816,8.03199396835742,7.638360572834666,8.022622425648587,4534443
2021-10-07,7.741456031799316,7.760200012098999,7.666478322991001,7.694594740342921,2840900
2021-10-08,7.7976884841918945,7.872666189324144,7.703966799678957,7.741455652245082,2876679
2021-10-11,7.769571781158447,7.844549483520518,7.7320829299774125,7.778944217404885,3579911
2021-10-12,7.844549655914307,7.957016211929005,7.741455536352016,7.750827972804425,5067213
2021-10-13,7.882038593292236,8.069482855347006,7.835177304327358,7.872666156738312,6177392
2021-10-14,7.844549655914307,7.975761084833823,7.816433240361816,7.835177219461897,4309128
2021-10-15,7.900782585144043,8.041365542553264,7.816432453176653,7.891410149635523,8865258
2021-10-18,7.966388702392578,8.0132499911676,7.882038561358486,7.928899850133508,7484658
2021-10-19,8.28504467010498,8.322533523615668,8.0132502587013,8.0132502587013,9971542
2021-10-20,8.313159942626953,8.519349055459829,8.24755468146385,8.285043529814859,8741486
2021-10-21,8.369394302368164,8.453744441062423,8.228810439942826,8.32253301489305,7763405
2021-10-22,8.603699684143066,8.659932513011949,8.350649272819,8.406882995492582,9246272
2021-10-25,8.716166496276855,8.847377030096908,8.528722238101974,8.556838653377024,9761083
2021-10-26,8.781771659851074,8.88486577718296,8.734910372407592,8.809888074795277,5348887
2021-10-27,8.772398948669434,8.819260234644256,8.68804970648038,8.791143820581238,4592905
2021-10-28,8.819260597229004,8.847377012447966,8.753655330449847,8.772399309327582,2614904
2021-11-01,9.231639862060547,9.700251004422913,8.959845435242567,8.959845435242567,13452507
2021-11-02,9.34410572052002,9.428455862758764,9.100427730453598,9.250383141631472,9898907
2021-11-03,9.372220993041992,9.456571124988113,8.987960075336014,9.381593428548149,11025304
2021-11-04,9.67213249206543,9.775227502626523,9.437826949960707,9.447199386158028,9194313
2021-11-05,9.625271797180176,10.215720958240329,9.465943962035473,9.672132189089467,10939565
2021-11-08,9.72836685180664,9.737739288617039,9.522177711001708,9.625272728306559,9081079
2021-11-09,9.540922164916992,9.625272304890478,9.437827152147294,9.625272304890478,10458020
2021-11-10,9.906438827514648,9.990788972436176,9.569039141633322,9.625272869515934,17826751
2021-11-11,9.840831756591797,10.1594874040997,9.8127153446954,9.840831756591797,11318133
2021-11-12,9.915809631347656,9.962670914564406,9.803343087910239,9.840831935722711,4597707
2021-11-15,10.271954536437988,10.346932235011613,9.99078771988456,10.047021440717113,11708998
2021-11-16,10.168861389160156,10.525005044273035,10.03764995730479,10.290699490548652,10963605
2021-11-17,10.37505054473877,10.496889550640184,10.131373426740774,10.159489845393459,11533225
2021-11-18,10.290699005126953,10.534376984018941,9.812716377367703,10.318816313786984,12393671
2021-11-19,10.271954536437988,10.487515196385992,10.187604402091493,10.431282369358108,7066189
2021-11-22,10.412538528442383,10.53437752413528,10.328189279551694,10.328189279551694,7003189
2021-11-23,10.328187942504883,10.478143335082038,10.047021134520397,10.393793203306227,17900446
2021-11-24,10.581238746643066,10.79680032036316,10.440655772246519,10.45939975172384,16097151
2021-11-25,10.843660354614258,10.928010493963278,10.618727245553353,10.618727245553353,11255593
2021-11-26,10.403166770935059,10.796800166190206,10.262582904741226,10.796800166190206,9056540
2021-11-29,10.346932411193848,10.543749096752075,10.168860597500542,10.543749096752075,7763187
2021-11-30,10.309443473815918,10.450026436391536,10.196976924994487,10.375048737177249,6396726
2021-12-01,10.365677833557129,10.47814438930544,10.300071672350398,10.365677833557129,10844066
2021-12-02,10.440654754638672,10.543748866227663,10.384421034078072,10.40316590553316,8210891
2021-12-03,10.665587425231934,10.721820249752177,10.57186485929202,10.599982165356773,10908789
2021-12-06,10.684333801269531,10.76868395079508,10.553123252056308,10.73119509476204,8229758
2021-12-07,10.815542221069336,10.853031066623293,10.69370324956783,10.749936964801057,10546821
2021-12-08,10.806172370910645,11.03110639183995,10.749939536031913,10.890522517033535,13953070
2021-12-09,10.759309768676758,10.937382476312223,10.73119335466236,10.824915926449938,15017239
2021-12-10,10.637473106384277,10.787428526355066,10.590611814192204,10.77805608915569,8854121
2021-12-13,10.74056625366211,10.853032808373186,10.599983283724445,10.64684367783385,13367349
2021-12-14,10.618727684020996,10.918638508486096,10.571866394247134,10.824916822743132,16542544
2021-12-15,11.012360572814941,11.190432393058723,10.56249435716451,10.721821304853833,28942286
2021-12-16,11.265410423278809,11.302899272698843,10.853032185853754,11.096710153986315,18346714
2021-12-17,10.609354972839355,12.28698266794881,10.450027128012922,11.434110612586565,30441840
2021-12-20,10.796799659729004,11.434110117643014,10.290698837737303,10.37504897473592,14096566
2021-12-21,10.403166770935059,11.509088358447613,10.178232763785875,11.480971942730744,18348440
2021-12-22,10.496888160705566,11.181060811895675,9.840832818249853,10.309443904833179,14590650
2021-12-23,11.387249946594238,11.387249946594238,10.496888990465456,10.77805584340212,12731290
2021-12-24,11.302900314331055,11.527833431580241,10.84366074935802,11.359133146740973,9790807
2021-12-27,11.799627304077148,11.883977442677338,11.387249047321719,11.396621483567232,12028392
2021-12-28,11.64967155456543,11.99644364114336,11.509087696457822,11.837115804904219,8168093
2021-12-29,11.509088516235352,11.752766505934988,11.24666654706907,11.574694678880485,6289760
2021-12-30,11.509088516235352,11.74339406929929,11.29352783644281,11.471599663497312,7190968
2021-12-31,11.621554374694824,11.621554374694824,11.15294329678286,11.574693981947387,5121799
2022-01-03,11.846489906311035,12.043306620287412,11.780883739115701,11.790256176401437,6896574
2022-01-04,11.855859756469727,12.202632736075314,11.771510514359795,11.874604628363947,9994479
2022-01-05,11.827744483947754,11.893349754299821,11.677789069540298,11.865233337549618,5107571
2022-01-06,11.462226867675781,11.724649722423406,11.415366473575235,11.715277286081408,6460582
2022-01-07,11.499715805053711,11.574693502912192,11.405993235828282,11.434109649074045,3760570
2022-01-10,11.640298843383789,11.743392955181479,11.462226139418627,11.499715882404697,7605729
2022-01-11,12.137027740478516,12.277611611733265,11.462227482348128,11.715277914323813,12991887
2022-01-12,12.943038940429688,13.158599616823093,11.996444306464909,12.230749855834127,15831480
2022-01-13,13.524117469787598,13.777167014684636,12.914922465767331,12.914922465767331,15658271
2022-01-14,13.252321243286133,13.861515270416715,13.111737387468146,13.524115625301963,11688909
2022-01-17,13.730304718017578,13.824027294485132,13.261693623289268,13.374161072572226,9962654
2022-01-18,12.577522277832031,13.861516613397285,12.55877740438499,13.730305180682274,9672068
2022-01-19,13.355416297912598,13.355416297912598,12.605638362075855,12.605638362075855,11677591
2022-01-20,14.198915481567383,14.245776768708156,13.38353230301486,13.38353230301486,21323616
2022-01-21,14.142683982849121,14.789366946068705,13.842773147014507,14.198916817665713,17574347
2022-01-24,14.030216217041016,14.714387976107353,13.730304513103626,14.283265739639278,15144838
2022-01-25,14.433220863342285,14.508198564413826,13.439765877242007,14.198915324042542,10165325
2022-01-26,14.911203384399414,14.995553515935292,14.086447833766416,14.433219901565863,13701937
2022-01-27,16.40138816833496,16.40138816833496,14.583177530376478,14.639410360708695,17536100
2022-01-28,17.46982192993164,17.919689962385288,16.495111732769434,16.870000270139514,29996710
2022-01-31,17.43233299255371,17.9103165212532,17.29175002237373,17.71349893291367,10254395
2022-02-01,17.80722427368164,18.219602599497623,17.29175270711896,17.432335699126078,12211952
2022-02-02,17.057443618774414,17.975920884564434,16.97309348338458,17.900943185063397,10106582
2022-02-03,16.58883285522461,17.066814581082706,16.438877453463366,17.010581752324587,8842876
2022-02-04,16.916860580444336,17.329238863247298,16.448249464225828,16.6075773152445,9423834
2022-02-07,16.935606002807617,17.385472259926086,16.841883419005537,16.982468188513458,7466685
2022-02-08,16.757532119750977,16.98246702044865,16.69192685188477,16.879372006596338,5017419
2022-02-09,17.029327392578125,17.2448880688819,16.61694912532912,16.795021843306333,9941263
2022-02-10,17.42296028137207,17.42296028137207,16.87937149433687,17.057444207147714,8073212
2022-02-11,17.10430335998535,17.544797104346998,16.954347966687376,17.282376059880185,7154673
2022-02-14,17.57291603088379,17.760361183590334,16.513855744637354,16.79502168608771,11050877
2022-02-15,17.638521194458008,18.004037273718705,17.55417105499639,17.77910416435755,8685223
2022-02-16,17.9665470123291,18.135247269621924,17.676008673441025,17.704124191250347,6903538
2022-02-17,18.12587547302246,18.613231391790528,17.94780277431696,17.94780277431696,9570989
2022-02-18,18.641347885131836,18.93188803705331,17.92905884068172,18.247714512872808,9600077
2022-02-21,18.2195987701416,18.81942036336129,18.03215362845577,18.725697792518375,5098672
2022-02-22,17.52605438232422,18.09775866070929,17.47919220369637,17.78847543220283,6864465
2022-02-23,17.27300453186035,17.8728261365665,17.132421566708523,17.610405078312255,4867753
2022-02-24,15.548516273498535,16.551343730677168,15.548516273498535,15.94214966476215,7518014
2022-02-25,16.879369735717773,17.057442429975673,15.670352404464117,15.839052663486415,7415405
2022-02-28,17.076187133789062,17.385470375485475,16.232687546217882,16.307665247610664,10210906
2022-03-01,17.42296028137207,17.666638260058114,17.02932689851145,17.29174974962167,6281560
2022-03-02,17.90094566345215,17.966550936147446,17.18865652577109,17.488567365297932,7473301
2022-03-03,18.275829315185547,18.87565083349518,17.91968573559149,17.91968573559149,8437260
2022-03-04,17.722869873046875,18.575741846093692,17.713497437478203,18.228970668099343,5317631
2022-03-07,17.038700103759766,17.41358863111668,16.70129953533379,17.3386109256453,9843489
2022-03-08,16.935606002807617,17.62915026276766,16.804395458050465,16.804395458050465,8900969
2022-03-09,16.944976806640625,17.479193158927465,16.8699991043479,17.15116504104326,6559666
2022-03-10,17.291748046875,17.46044651925232,17.029325221605983,17.085558045731755,8363723
2022-03-11,18.3039493560791,18.800675954848106,17.554170558473434,17.807220969700698,17870546
2022-03-14,19.644174575805664,19.775386886835154,18.34143641439299,18.34143641439299,12450212
2022-03-15,19.587942123413086,20.412698597355792,19.194308758033465,19.681664693762396,9847500
2022-03-16,19.213056564331055,20.056556251096836,18.913145723490743,19.86911286937645,6647579
2022-03-17,19.269287109375,19.456732256421734,18.838165773820677,19.36300968289837,5555438
2022-03-18,20.337722778320312,20.600143854421535,19.100587953063577,19.306777984411124,16633512
2022-03-21,21.068756103515625,21.518622362016906,20.806335013194683,21.31243410710622,9485300
2022-03-22,21.05000877380371,21.36866444997502,20.76884284193933,21.08749851811064,6540566
2022-03-23,20.825077056884766,21.162477627666558,20.543911106306286,21.08749992167166,5219636
2022-03-24,20.637636184692383,21.181225065880376,20.54391359394761,21.087502475135604,5839797
2022-03-25,20.56265640258789,20.937544940272126,20.412700987514196,20.731356691448184,3615393
2022-03-28,21.61234474182129,21.743557073351113,20.61888965011897,20.61888965011897,10571453
2022-03-29,22.455841064453125,22.961941865667246,21.162475329588133,21.743553828655163,16301817
2022-03-30,22.418354034423828,22.793242539158125,21.987230913272338,22.56830943631755,9181782
2022-03-31,22.455841064453125,22.75575364347408,22.17467514440705,22.43709798069689,4527366
2022-04-01,22.47458839416504,23.430555487063515,22.399610688110815,22.77449921838193,13066208
2022-04-04,22.624542236328125,22.943197911849033,22.380864261658644,22.68077685267374,6509599
2022-04-05,23.07440948486328,23.186875138708544,22.568308679731587,22.568308679731587,12600735
2022-04-06,23.955400466918945,24.836389891917655,23.58051192041192,23.618001668867418,20989564
2022-04-07,24.66769027709961,24.76141286320481,23.65549027990466,24.011635749582496,10104252
2022-04-08,25.904821395874023,26.20473221802332,24.68643323399012,24.68643323399012,11066955
2022-04-11,25.49244499206543,26.654600325475332,25.211277254679633,26.148499470746604,10841284
2022-04-12,25.49244499206543,25.754866068494096,24.817643852427125,25.473700118717808,10755091
2022-04-13,25.286252975463867,25.848586618482187,24.873876519845222,25.792353790463164,8295602
2022-04-14,25.66114044189453,25.867330449012595,25.173786306000235,25.39871939663052,6733659
2022-04-15,26.673341751098633,26.710831495460564,25.32374313103834,25.67988676442968,15085737
2022-04-18,26.242218017578125,27.198184960101834,25.97979519386302,26.80455161833379,10067309
2022-04-19,25.904821395874023,26.598365618996652,25.586165700438016,26.33594454342077,8679865
2022-04-20,26.42966651916504,26.692087588752923,25.604909989464495,25.961055423347286,9085381
2022-04-21,26.185989379882812,26.785811029851537,26.148499632955005,26.52338816418546,5504942
2022-04-22,25.26750946044922,26.335943975841612,24.873877855568747,26.129753949350544,7104128
2022-04-25,24.761409759521484,25.26750880087788,24.405266122093607,25.061320567378523,8831139
2022-04-26,24.311542510986328,25.19253002459489,23.7117191332419,24.930108972715466,9968752
2022-04-27,24.648941040039062,24.986341575261495,23.899164059110696,24.311542292425962,7329863
2022-04-28,23.992889404296875,24.930111632686522,23.992889404296875,24.742666471964778,4965228
2022-04-29,25.173789978027344,25.267510772087096,24.142845154884004,24.142845154884004,9260585
2022-05-05,25.4549560546875,25.886079217342424,25.342490386245046,25.4549560546875,6589780
2022-05-06,25.464406967163086,25.861402240250325,24.802747577725423,25.521120062496465,6742403
2022-05-09,26.617586135864258,26.768822277316453,25.558933145698905,25.57783631122267,9434599
2022-05-10,26.52306365966797,26.825535948992087,26.012642122152787,26.73101471073609,3768040
2022-05-11,26.277299880981445,27.71404480702585,25.9937326100228,27.619521782414054,10136359
2022-05-12,24.76494026184082,25.974829284033348,24.3868481395288,25.974829284033348,11956759
2022-05-13,25.502216339111328,26.050447761719937,25.256457176855484,25.332075241943677,7983322
2022-05-16,25.842498779296875,26.334017108484574,25.350980450109173,25.521121548895447,6564028
2022-05-17,25.804689407348633,26.220589679792994,25.294267902742455,26.031545412592422,5891095
2022-05-18,25.369884490966797,26.107161957828634,25.369884490966797,25.766879772680582,5279692
2022-05-20,25.407691955566406,25.747974131801694,25.01069668425083,25.464406853523478,5609412
2022-05-23,26.0882568359375,26.636488240478588,25.577833561256064,25.577833561256064,10037910
2022-05-24,26.277299880981445,26.86334119127318,26.031542541018215,26.371822905593238,7509991
2022-05-25,26.371824264526367,26.65539335297399,26.088256978955577,26.334016134459453,4426904
2022-05-26,26.73101043701172,26.844436625935284,25.993732997501496,26.409633230267016,8964760
2022-05-27,26.334016799926758,27.128007383041513,26.277301899077933,26.844438287428027,8053633
2022-05-30,28.05432891845703,28.526942271388243,26.80662995517893,26.80662995517893,15225850
2022-05-31,28.26227569580078,28.640365984809065,27.638426268217934,28.35679871877203,13299454
2022-06-01,29.32093048095703,30.133824156403485,28.45132190966707,28.659271119129794,14275889
2022-06-02,29.15079116821289,29.699022574499566,29.131886201784457,29.396550323151995,5514011
2022-06-03,30.587533950805664,31.11685854947008,29.188597185274812,29.188597185274812,12650178
2022-06-06,30.946720123291016,31.854136783728467,30.852195300899645,31.211382414480283,7386741
2022-06-07,31.797426223754883,32.11880345217735,30.81438957143276,31.04124557033547,9358236
2022-06-08,30.058208465576172,32.13770793549419,29.850259239735117,31.92975690677627,7603524
2022-06-09,30.965625762939453,31.003435697123134,29.925877813164707,30.190541943819802,7011576
2022-06-10,31.646190643310547,31.891951613541067,30.49301287319927,30.8143901072096,8267819
2022-06-13,29.680118560791016,31.589475159431338,29.472169332033683,31.47604896297348,12570637
2022-06-14,29.661211013793945,30.058206272619184,29.18859769628184,29.86916202734038,8583652
2022-06-15,31.38152503967285,31.476046260981473,30.606439486531077,30.700960707839698,12392480
2022-06-16,31.45713996887207,31.929753266989756,30.719864377649543,31.36261875154986,9880990
2022-06-17,31.60837745666504,31.74071221473429,31.022337951086524,31.57057113154158,6000240
2022-06-20,31.26810073852539,31.81633034553175,31.09795964530701,31.66509421886582,5755799
2022-06-21,32.780460357666016,32.79936532326832,31.51385650833969,31.646187661802315,9765947
2022-06-22,32.74264907836914,32.9316951208552,32.270035775030664,32.44017685269278,6607872
2022-06-23,33.47992706298828,33.89582910723892,32.55360535514018,32.61032025365261,8706606
2022-06-24,34.04706573486328,34.1793968942643,33.06402911395048,33.66897361735723,6565023
2022-06-27,32.950599670410156,32.950599670410156,32.950599670410156,32.950599670410156,106838
2022-06-28,32.70484161376953,34.78434102634673,32.440179297792774,34.141586596900076,7718948
2022-06-29,31.21138572692871,32.874983114287446,31.21138572692871,32.83717678707182,7275642
2022-06-30,31.003433227539062,31.759613822210067,30.8332921430189,31.21138424323115,6554585
2022-07-01,30.965625762939453,31.079055565490496,30.24725504221843,30.908914467417716,6913051
2022-07-04,29.472166061401367,31.683996478520605,29.245311890783587,31.26809806715968,6810985
2022-07-05,29.963685989379883,30.341774491772902,29.188598609980797,29.5477857521447,7297386
2022-07-06,30.11492156982422,30.62534482491529,29.150789956570026,30.05820667289626,6191257
2022-07-07,30.209444046020508,30.700962355867667,29.982589857524165,30.266158945302216,3264387
2022-07-08,30.001493453979492,30.32287245993674,29.982588488415523,30.303967494372767,1477967
2022-07-13,29.963685989379883,30.56863047781157,29.528880786162016,30.058207213539745,4884628
2022-07-14,31.15467071533203,31.81633011689839,29.869163647909343,30.077112869861455,8461357
2022-07-18,32.3078498840332,32.49689595097433,31.494954320214035,31.665095419885667,5190025
2022-07-19,32.194419860839844,32.459082159658045,31.854137701928792,32.25113115015609,4419598
2022-07-20,32.04318618774414,32.64813069156347,31.476048011098268,32.34565843965381,6791960
2022-07-21,33.839111328125,34.028157367986694,32.23222539793052,32.23222539793052,12828953
2022-07-22,34.63310623168945,35.89971017295938,33.85802061449854,33.93364048239705,14241879
2022-07-25,34.27391052246094,35.86189129473548,34.06596314911149,35.06790090859821,8423498
2022-07-26,35.427093505859375,35.427093505859375,34.14158471772144,34.55748674079749,8914841
2022-07-27,36.334510803222656,37.223026153964625,35.95642231005358,36.145468359514865,9277558
2022-07-28,36.08875274658203,37.015074404225814,35.88080173572715,36.58027102312324,6472406
2022-07-29,36.7882194519043,36.7882194519043,35.65395035759654,36.258894836094946,4957257
2022-08-01,37.790164947509766,37.979211018236334,36.90165310257496,36.90165310257496,6731369
2022-08-02,37.109596252441406,37.84687548261151,36.84493394742076,37.69563936463493,5386731
2022-08-03,36.9394645690918,37.56331410432166,36.67479861680207,37.26083821516854,4358241
2022-08-04,36.97726821899414,37.298645447521984,36.73151085870992,37.14740931678851,5113197
2022-08-05,36.80712890625,38.03592658452594,36.599181470002684,37.14741111834155,9153514
2022-08-08,37.260833740234375,37.525499660738376,36.50465312255209,36.9016502004313,9100026
2022-08-09,36.731510162353516,37.71454679636154,36.69370022894851,37.41207454062887,6554110
2022-08-10,37.67673873901367,37.69564370665752,36.48575101772834,36.599180823591446,7313925
2022-08-11,37.090694427490234,38.16825220527644,36.84493348526502,37.94139622828035,7506070
2022-08-12,37.35536193847656,37.54440801137728,36.788223719774415,37.24193573703771,5147434
2022-08-15,38.943336486816406,39.09457259798692,37.8279688147764,37.8279688147764,9540579
2022-08-16,40.0398063659668,40.0398063659668,37.75235571832385,39.45376678093181,9584144
2022-08-17,41.382022857666016,41.382022857666016,40.228848761062295,40.323369986672006,6728539
2022-08-18,40.9094123840332,41.32531445966081,39.5293822012326,41.30640949206374,8393914
2022-08-19,44.57688903808594,44.992787469451024,42.53519960144664,42.53519960144664,18282764
2022-08-22,44.198795318603516,45.295258057392125,42.91329013975923,44.59579237537794,7868230
2022-08-23,43.76399230957031,45.12512096637213,43.59385122747008,44.21770065991977,6799373
2022-08-24,43.650569915771484,44.23660946850199,43.08343533000052,43.9530421756165,7354161
2022-08-25,43.650569915771484,44.89826888907062,43.57495004793335,44.690317858269516,6870401
2022-08-26,44.02865982055664,44.255512201110314,43.0078132908044,43.820708800254465,6729874
2022-08-29,44.709224700927734,45.14402814197716,43.839617818828884,43.97194898734359,7443443
2022-08-31,46.788726806640625,47.97026031185882,44.55799097186801,44.898273198291506,9241822
2022-09-01,50.99497604370117,51.373064522121645,47.733943536400375,47.733943536400375,10952259
2022-09-02,50.1442756652832,52.081989677255734,49.90796899051207,51.089502364367725,7347159
2022-09-05,50.52236557006836,51.79842011553193,50.09701285299599,50.56962618179784,5801610
2022-09-06,49.813446044921875,51.37306788117034,48.490127269541134,51.04223999020195,7355322
2022-09-07,51.37306594848633,52.60186345329192,49.19904541850893,50.42783931756107,9920221
2022-09-08,52.412818908691406,53.499827401969156,51.23128558615893,51.56211347416661,7419891
2022-09-09,52.55459976196289,53.31078395885724,51.27854523977225,53.21625913136871,6646328
2022-09-12,51.42033767700195,52.55460691522305,50.99498490979206,52.50734629792283,7798471
2022-09-13,50.758670806884766,54.066964015452164,50.758670806884766,52.50733863196901,14845915
2022-09-14,53.405303955078125,53.405303955078125,50.238796224821755,50.52236348927326,9062343
2022-09-15,55.673851013183594,56.902644934514164,53.074477731011676,53.074477731011676,8663679
2022-09-16,55.673851013183594,56.80812010625581,54.539578314357875,55.673851013183594,6164392
2022-09-19,57.46977996826172,60.21093871318314,56.66633875289865,56.71359936455174,9589468
2022-09-20,58.32048416137695,60.44724409234144,57.564303573740276,57.564303573740276,8013213
2022-09-21,60.30546188354492,60.39998671565652,57.56430665587459,58.41500851035697,6978613
2022-09-22,64.60624694824219,64.65351117036582,60.58903325899843,60.58903325899843,9245518
2022-09-23,64.41720581054688,65.74052473069943,62.95210143260869,64.70076951461017,5713215
2022-09-26,62.62126922607422,64.3699371885763,62.57400500620627,64.18089473211944,4040027
2022-09-27,60.82533645629883,63.18840319672619,60.352723108213354,62.6685328407366,5988385
2022-09-28,59.123924255371094,63.23566220855726,57.89513037269318,62.810305903404824,9375212
2022-09-29,53.21625900268555,61.77055935614796,53.21625900268555,59.73832424773063,7306078
2022-09-30,55.532066345214844,56.71359967170878,50.1442736552518,53.92518030003239,30427271
2022-10-03,56.99716567993164,57.800610487511754,54.445053030374275,56.33550631067551,10421683
2022-10-04,59.50202178955078,59.83284969393618,57.13895502750153,57.942396284296784,9671134
2022-10-05,59.50202178955078,61.62877826964137,58.55679508473108,59.691067851665466,9207804
2022-10-06,59.643795013427734,61.01437786427464,58.93487508725029,60.069147690284844,7167080
2022-10-07,59.45475769042969,61.15616133247032,59.12392619968275,59.73832496410313,7434280
2022-10-10,61.6287727355957,62.05412904147355,59.02940313650945,59.78558371131212,7691804
2022-10-11,60.39998245239258,61.86507938629666,59.78558370717167,61.72330116252066,5186707
2022-10-12,58.22596740722656,60.96712647393775,57.847878863863826,60.58903432482105,5262047
2022-10-13,59.83284378051758,60.258196476798595,58.3204826445777,58.36774325399707,5747107
2022-10-14,59.407493591308594,61.29794689388966,59.31297236848095,60.683548128249406,5208300
2022-10-17,61.723304748535156,62.29043931110904,59.36023445580098,59.92737262412848,15187537
2022-10-18,62.66853332519531,65.69325589172198,61.86508485803304,62.38496242954893,14209433
2022-10-19,60.73081970214844,63.802806690973064,59.97463901066547,63.04662239373614,7930949
2022-10-20,60.02189254760742,60.87259797877256,58.03691801589347,60.77807675564467,13222818
2022-10-21,59.36023712158203,61.297951170775264,58.745841918827665,60.872602032619845,7218481
2022-10-24,57.89513397216797,59.78558732636121,57.5643060774856,59.64380188249527,10012903
2022-10-25,58.79310607910156,59.50202615978424,55.34302691081089,57.89513992241936,16113245
2022-10-26,58.65131378173828,59.407494391809344,58.13143983767402,59.12392711375189,7211304
2022-10-27,60.2109375,60.77807564567044,58.98214359301091,58.98214359301091,10624603
2022-10-28,60.35272216796875,61.53425551977514,60.25820094212569,60.39998638664392,5466319
2022-10-31,60.68355178833008,61.9596136137426,60.21094203993325,60.77808022836618,7457803
2022-11-01,63.33018493652344,65.12611699642774,60.730811674203444,61.392467438191204,15150006
2022-11-02,69.28511810302734,69.66320300349919,64.08637139496003,64.22814962688335,22709502
2022-11-03,68.57620239257812,72.64067301928198,68.29263148795586,69.71047158805183,21254585
2022-11-04,71.27008819580078,71.69543728784363,69.00154287805648,69.00154287805648,10545933
2022-11-07,73.91671752929688,75.6181283006645,72.54614183845,72.78244848938958,11213680
2022-11-08,76.09075164794922,76.75240747332833,72.54615141590189,73.91672728769048,14741527
2022-11-09,79.54082489013672,83.51077397797485,79.20999700140139,83.36898853665768,23150931
2022-11-10,73.01876831054688,77.6031167233411,72.16806277142338,72.82972584030075,27971193
2022-11-11,74.67291259765625,76.09075271026998,72.40436697517275,74.67291259765625,23563819
2022-11-14,75.28730773925781,77.03597568364019,73.49137557549724,74.67290894487823,18798018
2022-11-15,74.2002944946289,76.42157575375902,72.78245447243854,75.90170540586024,17219844
2022-11-16,70.46665954589844,74.48387337300112,70.46665954589844,74.20030245354359,15727495
2022-11-17,71.0337905883789,73.01876528987992,66.68574904901769,70.37212754687344,16347622
2022-11-18,74.01124572753906,74.01124572753906,71.69543622866578,72.26257074684673,12162810
2022-11-21,73.68041229248047,75.14551644102777,72.45162201091492,74.6729031300779,10179575
2022-11-22,76.46884155273438,77.17776157848004,73.39685477450314,74.15303180839408,14638457
2022-11-23,77.03598022460938,78.69012703924822,75.14552672216497,76.65788808181892,10652185
2022-11-24,75.85444641113281,78.87916911550946,75.28731180550066,77.41407198525205,12733289
2022-11-25,76.98871612548828,77.50859372409448,74.6729134658959,75.90171112905175,11031893
2022-11-28,75.75992584228516,78.0757285070265,75.75992584228516,77.74490058513601,12828514
2022-11-29,74.62564086914062,76.56335837939477,73.30232933302335,76.09074505606517,8487402
2022-11-30,79.4935531616211,80.3915227307809,74.05850037954555,74.24755002060856,17803344
2022-12-01,79.87164306640625,82.61280148968476,79.44629400568469,81.1949616719379,11942448
2022-12-02,81.71483612060547,84.5032588982366,79.87164714794777,80.10795379631449,15468810
2022-12-05,79.91891479492188,83.84159955709215,79.3045160404773,83.1799437978484,11203785
2022-12-06,82.2347183227539,82.75459586342009,78.690118395049,79.91891592125617,10941399
2022-12-07,78.50109100341797,82.99091843947299,77.13050777498034,82.70734750627669,10386523
2022-12-08,77.69763946533203,78.92643718028705,75.52362216930685,78.50108800823008,7473076
2022-12-09,80.24974822998047,82.1402016289835,78.92642940837686,80.39153367720718,7298473
2022-12-12,81.80937194824219,82.42376352035777,79.77713314618539,80.34426771125753,8197228
2022-12-13,85.68479919433594,86.86633253344287,81.24222951238957,81.57306461654527,18384245
2022-12-14,81.24223327636719,85.54301771457595,81.24223327636719,85.54301771457595,11038532
2022-12-15,80.72235870361328,83.51077448318922,78.7846411540726,81.7621065937175,9920608
2022-12-16,79.58808135986328,81.99841221148972,79.49356013679122,81.33675643847823,2681945
2022-12-19,80.6278305053711,82.80184732181732,79.20999062927318,79.4462972752895,11981618
2022-12-20,81.57306671142578,84.3142183593437,80.72236124312036,83.03816376263926,11146529
2022-12-21,80.15522766113281,82.0456810756736,79.96617799277425,81.5730677220384,6761275
2022-12-22,79.02094268798828,81.00591711498848,78.3120227346663,80.48604680945637,6363975
2022-12-23,80.01344299316406,80.62784180118395,77.65037620193954,79.06821627667425,7123360
2022-12-26,79.30451965332031,81.4785366838098,78.92642754016777,81.19497300757583,7070056
2022-12-27,76.27979278564453,79.58808627815837,76.09075032781817,79.35177960012166,8187653
2022-12-28,73.96398162841797,76.37431234883489,72.49887751028113,76.27978391940155,10855651
2022-12-29,77.69763946533203,77.69763946533203,74.86195908759717,74.86195908759717,9094120
2022-12-30,77.50859069824219,78.54833864335613,76.84693488176265,77.93393983576368,7830189
2023-01-02,77.79217529296875,79.11548715889793,77.65038981833096,78.35930998001109,8183770
2023-01-03,75.38182830810547,78.40655082269924,75.1927858552586,77.98120169804014,9369686
2023-01-04,75.09825897216797,78.1229887608933,74.7674310670828,76.42157780401608,11627599
2023-01-05,72.45162200927734,75.94895762562453,71.69543782717193,75.42908731049553,8807353
2023-01-06,72.68793487548828,73.68041858635814,68.33989348563556,69.89951177578926,10833254
2023-01-09,69.19058990478516,73.77494505962663,68.57619833364802,73.25506750242587,8469596
2023-01-10,65.40968322753906,70.89200084408449,62.29043951730369,68.76524081876195,10092642
2023-01-11,62.054134368896484,67.11109577742947,62.054134368896484,65.4096848308635,9877589
2023-01-12,63.661006927490234,64.8425401192087,57.658819755861636,63.80279235279771,12707688
2023-01-13,66.96930694580078,68.81250324668947,62.62126578280551,63.046614892199095,11860417
2023-01-16,68.38713836669922,68.52892378925408,65.07884549411453,66.96929856416293,8124542
2023-01-17,68.15084838867188,69.52143152632436,66.87479369682902,68.52894053738663,10131478
2023-01-18,68.7652359008789,70.65568912152163,67.86727350567631,68.48166503317981,10292642
2023-01-19,67.48918914794922,69.47416381463735,67.11109701822112,68.52893709607085,8040206
2023-01-20,68.52894592285156,69.8995219567052,67.39467659907673,67.63098330915552,9986682
2023-01-23,69.00154113769531,71.97900634141773,67.77274368488715,68.8597557067549,14170847
2023-01-24,67.77275848388672,69.33238414178122,66.59122498722546,68.67072826825417,8821541
2023-01-25,65.59873962402344,68.57620540742624,62.90484475770966,68.29263449033722,13054732
2023-01-26,64.55899047851562,65.59873847037662,63.37745703060361,65.2206463247432,10302800
2023-01-27,70.98651885986328,70.98651885986328,62.384957922008894,64.36993241358961,25665178
2023-01-30,67.39466857910156,74.38934059586025,67.39466857910156,73.72768477098013,23044024
2023-01-31,65.69325256347656,67.4891846513982,64.27541258009218,67.11109254686095,13338650
2023-02-01,60.35272216796875,66.07134647531457,59.549280931041864,65.78777558627813,10742942
2023-02-02,63.661006927490234,64.74801890617249,57.51703433055416,60.49449941598598,22364644
2023-02-03,66.40216827392578,66.73299613975078,62.715783112502606,63.09387519266258,9558251
2023-02-06,64.08637237548828,66.11860398689309,61.58152020824809,64.79529239198038,2497412
2023-02-07,58.32048416137695,63.33018461094262,57.706085405685826,63.33018461094262,7133584
2023-02-08,52.83816909790039,52.83816909790039,52.83816909790039,52.83816909790039,88
2023-02-15,64.13362884521484,64.13362884521484,60.06915483922747,60.541771785346,4381034
2023-02-16,61.53425979614258,68.85976708643355,60.96712519016354,67.58371242010378,10528337
2023-02-17,60.4945068359375,64.22814929511514,60.116414725911454,61.865082621836336,6030985
2023-02-20,62.99935531616211,63.51922562737693,60.21093608146471,60.7780742137737,6770370
2023-02-21,67.11109924316406,67.44192716332881,62.10139458407124,62.38496549364547,9931439
2023-02-22,68.90702819824219,69.2851203223321,65.88229841703031,67.01657478930005,7534414
2023-02-23,72.8769760131836,73.25506812970288,68.95428382587224,69.42689716864452,8697953
2023-02-24,71.60092163085938,73.63316045278259,70.65569494266322,73.53863922626444,6204287
2023-02-27,72.8297119140625,73.25506099653653,69.23784797414581,71.6954356749541,7277247
2023-02-28,74.57838439941406,74.62564140518226,71.6481832160241,73.34958686532775,6592337
2023-03-01,74.67291259765625,75.75992479296166,73.96399254134938,74.86195506140166,4953282
2023-03-02,71.78997039794922,74.5311294771093,71.2228357774525,74.20030154944521,5403693
2023-03-03,70.2303466796875,71.64818672938638,67.86727993018937,71.41188005443657,6906490
2023-03-06,73.7276840209961,73.96399070055057,70.70296140730184,70.98652509586267,5734449
2023-03-07,73.25506591796875,74.72017012093096,72.2153180375635,73.91672169327015,5205928
2023-03-08,76.37432098388672,77.08324101574888,72.0262723525928,72.35710747000113,9433566
2023-03-09,76.94145965576172,77.50859426908761,76.13801835259105,76.98871666682595,5326341
2023-03-10,77.60310363769531,78.40654481802487,75.66539340413661,76.79966245736577,6898195
2023-03-13,73.25506591796875,77.22501499279132,73.25506591796875,77.17775798684526,8077272
2023-03-14,68.62344360351562,73.72766823104287,68.48165818384703,73.34957618242863,8282636
2023-03-15,66.87478637695312,69.85225180635564,66.07134515606853,68.85976092605243,7949980
2023-03-16,67.91454315185547,68.95429117446092,66.40218173611044,67.39467274630678,5970457
2023-03-17,69.00154113769531,71.27008639822223,68.1980999777084,69.00154113769531,7356159
2023-03-20,67.58370208740234,70.08855402664936,66.68573969951505,68.62344990798412,6451107
2023-03-21,67.06382751464844,68.85975958074937,65.88229420951716,67.583705053509,4763950
2023-03-22,67.34740447998047,68.33989543060429,66.02408561631792,67.8672820658325,5227225
2023-03-23,67.72550201416016,68.81251428210922,66.8747964474388,67.44193108808363,4325145
2023-03-24,66.82752227783203,68.48166894026855,66.54395860546148,67.82001315989679,3988803
2023-03-27,65.9295654296875,67.5364480107542,65.88230120785882,67.11109886032706,4094487
2023-03-28,62.52674865722656,66.1186058483374,62.52674865722656,65.97682761025334,5318477
2023-03-29,63.3774528503418,63.75553775952956,61.15616434557308,62.526747381654566,5219552
2023-03-30,62.33769226074219,64.36993092158018,61.817821950346165,63.471968523573665,4406592
2023-03-31,61.297950744628906,62.33769868406408,60.39998825409568,62.33769868406408,3996542
2023-04-03,63.09387969970703,63.991842144163684,59.12392699745116,60.541770596456566,8735481
2023-04-04,64.51171875,65.12611751372998,62.85757211538462,63.141142994492924,4612536
2023-04-05,64.74801635742188,67.2056038571542,64.13361767961229,64.74801635742188,5572512
2023-04-06,64.74801635742188,66.11859192126124,64.36992430865398,65.1733654050945,3175715
2023-04-07,66.16586303710938,67.11108965192523,64.65350189570538,64.93706555324607,4257712
2023-04-10,68.24536895751953,68.62346110254754,66.0713517437472,66.4494438887752,5544924
2023-04-11,68.19810485839844,69.47415940517159,67.82001275266751,68.4816685290663,4581319
2023-04-12,70.04129028320312,70.08855449825488,68.10358006169577,68.57619336618635,4751312
2023-04-13,68.8125,70.56116778384542,68.8125,70.1358114830138,3445345
2023-04-14,67.11109924316406,69.52143034002167,67.11109924316406,69.0015527429715,4340995
2023-04-17,66.26039123535156,67.820016756371,66.16587000621561,67.30013917886201,2719072
2023-04-18,63.23567199707031,66.59122268465629,63.23567199707031,66.16587352516908,7287451
2023-04-19,62.99935531616211,64.46445224213853,62.76304866247171,63.471968623542914,3667263
2023-04-20,62.195919036865234,62.99936028042126,61.392470581801874,62.99936028042126,1627748
2023-04-24,62.57400131225586,63.99184128650492,62.290437644310266,63.377449733535954,2775147
2023-04-25,60.68355178833008,62.85757610202569,60.589030559801465,62.668533644968456,3325572
2023-04-26,58.982147216796875,61.43973518176604,58.6985763236627,60.683550941079815,3935624
2023-04-27,57.706085205078125,59.123925154125516,56.99716523055443,58.22595913191148,4967173
2023-04-28,55.673851013183594,58.17869946709716,54.5868389256103,57.84787158257668,4600943
2023-05-02,53.6416130065918,56.71359965454639,52.932693010909965,55.81563360553203,4238082
2023-05-03,52.31829071044922,54.114222687352644,50.80592959729615,53.64160938877315,5328970
2023-05-04,52.271034240722656,53.87792030428178,51.609374849168475,52.31829485317218,3702323
2023-05-05,50.80593490600586,52.60186707056615,50.522367618378894,52.17651433624885,3308011
2023-05-08,52.696388244628906,52.696388244628906,50.475106953748714,51.514854875915255,4001651
2023-05-09,51.703895568847656,53.688869979931404,51.23128227042264,53.21625668150639,5251442
2023-05-10,48.868221282958984,53.78340086139025,48.868221282958984,53.64161541359029,9267847
2023-05-11,52.412818908691406,52.93269284945499,48.962740164595154,48.962740164595154,12410264
2023-05-12,53.21625900268555,55.10671227884314,51.75115843481411,52.64912446213966,10763554
2023-05-15,51.13676071166992,55.67385155078408,50.0970128310625,51.51485281684729,8883545
2023-05-16,55.15397262573242,55.15397262573242,50.947716991007844,51.04223821206213,8173388
2023-05-17,54.39779281616211,56.00467883728556,53.688872830880015,54.823145528482065,7408820
2023-05-18,55.815635681152344,57.753349686923215,55.10671565910785,55.815635681152344,14413450
2023-05-22,56.855384826660156,58.793098751194165,56.193725446007356,56.43003211011524,11522467
2023-05-23,55.76837158203125,56.85538365686376,55.15397282569054,56.76085882971332,4482743
2023-05-24,55.532066345214844,56.43003239450095,53.87791968812334,55.4848057333058,6491659
2023-05-25,57.6588249206543,57.94239219091666,55.48480437430491,55.67385042306431,5342224
2023-05-26,58.69857406616211,59.73832555424081,56.949906189773394,57.327998295575384,6558624
2023-05-29,61.439735412597656,61.95961298146106,59.12392927974131,60.39998748637826,10706821
2023-05-30,63.04661560058594,64.0863707001321,61.01438404230805,61.865082270653616,8795726
2023-05-31,64.35751342773438,65.16494941610046,61.93519821527287,63.40758703027704,7534443
2023-06-01,64.30952453613281,65.9412558115706,63.397675998039794,65.31736329762585,4627677
2023-06-02,65.46134185791016,67.90894638839885,64.40551518078776,65.8932759460694,9099725
2023-06-05,67.3330307006836,67.81295250564494,65.9412530724803,67.18905269459006,8887411
2023-06-06,67.5250015258789,69.20472796842826,66.70913586124587,67.47701373562174,8238856
2023-06-07,70.02059936523438,71.60434303389502,69.20473363381123,69.39670677963397,8913150
2023-06-08,70.78846740722656,70.98043320318841,68.14889743610964,69.87661889186919,6431145
2023-06-09,75.82764434814453,76.40354904314559,71.02842635142652,71.60433104642757,10573140
2023-06-12,72.9481201171875,76.69151195622736,72.9481201171875,75.97162919191301,8042633
2023-06-13,69.78063201904297,73.33205799894579,68.67681765476105,72.66016303478933,7470074
2023-06-14,67.71697235107422,71.79630785841542,67.71697235107422,69.68464743727033,9205207
2023-06-15,69.25273132324219,69.68465810208941,67.71698271475239,68.1489094935996,5513927
2023-06-16,69.10874938964844,71.26839780807495,68.34087146721949,70.54851500193278,4917940
2023-06-19,65.36534881591797,69.2047232817343,65.36534881591797,69.15673549472699,4822502
2023-06-20,65.65330505371094,67.14105827046738,64.59747853661993,65.36534903858355,4885105
2023-06-21,64.7894515991211,67.14106580202674,64.50149555169219,66.13323428207853,6109866
2023-06-22,69.7326431274414,69.7326431274414,64.50149080434218,64.78944683057735,8044860
2023-06-23,70.88446044921875,71.50836035991735,69.30071677529979,70.3565507732636,8852997
2023-06-26,71.7483139038086,72.56417955382864,70.74047512711995,71.50835298774234,6674523
2023-06-27,72.42020416259766,72.85213822097688,70.5965069928618,71.70032138832521,3033196
2023-07-03,75.44371795654297,75.92363983581235,73.76399137910009,73.81198649623772,8479106
2023-07-04,76.7874984741211,79.33108582568165,76.7874984741211,77.9393080220223,11380971
2023-07-05,77.07544708251953,77.89131271044629,74.24390395579915,76.78749106182735,11317218
2023-07-06,76.45154571533203,79.09111566749147,76.40355060517341,77.31540643700752,8518057
2023-07-07,77.50737762451172,78.6111993277323,75.77965606094682,76.30757301732113,8319315
2023-07-10,81.58671569824219,82.01864244037527,79.28308931980419,79.37907222660861,10421687
2023-07-11,82.06664276123047,84.75420826039964,81.20278189913847,83.69837424949449,10083861
2023-07-12,79.95498657226562,82.0186447574526,79.52305249490375,82.0186447574526,8935201
2023-07-13,78.0832748413086,80.914817835031,78.0832748413086,79.71501334354492,8417887
2023-07-14,79.18710327148438,79.52304709348546,76.93147209744731,78.32324249846297,8325619
2023-07-17,81.58671569824219,82.69053743405898,80.00297210537691,80.14695012709673,11881801
2023-07-18,79.23509979248047,85.04214974176327,79.23509979248047,82.45057469967358,18649171
2023-07-19,83.45840454101562,83.6503776696679,77.12343775601197,78.8031641858325,14325226
2023-07-20,87.72972106933594,88.06566492050364,83.07448030108633,84.94617270261114,18382006
2023-07-21,92.38495635986328,92.81688309675083,87.10581599644252,87.92168167891138,17491148
2023-07-24,88.49758911132812,93.58476381727252,87.34577956278768,93.29680776862415,17754068
2023-07-25,85.5220718383789,89.02550279294927,84.70620616148543,88.68955896399622,13702532
2023-07-26,87.7777099609375,88.01767090377552,84.51424699676187,85.42609565033563,9331729
2023-07-27,89.93734741210938,89.98534252399921,87.48975048927215,88.44959414286147,10351663
2023-07-28,90.84920501708984,92.1449925096516,89.12148347832346,90.7052270016883,14834289
2023-07-31,99.91972351074219,99.91972351074219,91.90503041680607,92.4329473588545,23801068
2023-08-01,103.66311645507812,108.07839587652255,98.76791519819353,100.30366360699689,23154806
2023-08-02,102.51130676269531,105.29484754394777,101.16752416169611,102.79925546953555,11890060
2023-08-03,107.11856079101562,108.27037768220389,101.45548121432998,102.60729810551824,15476095
2023-08-04,108.36634826660156,110.86194026244982,104.71893951057471,107.50248752722406,12114045
2023-08-07,108.654296875,112.20572272884709,108.17437505607681,110.28603545315433,8465176
2023-08-08,106.44666290283203,110.66997645335424,105.00689741899669,108.84627204255762,10224884
2023-08-09,107.98241424560547,110.19005764383719,103.56713477216816,106.54264872233072,13101762
2023-08-10,110.28604125976562,117.10092998267683,107.40651019461784,108.36635388300043,22143542
2023-08-11,117.58084869384766,118.34872655330359,109.9020993913923,110.76596015252373,18212872
2023-08-14,117.38888549804688,120.36439945423798,115.66116393740627,119.50053867391769,13501771
2023-08-15,113.35752868652344,117.77280782052283,111.53382436597299,117.38887623558638,8050695
2023-08-16,116.5250244140625,118.54069468087293,110.95792813141834,113.645493369183,11161321
2023-08-17,126.41141510009766,128.13913672674752,115.2772294034275,115.85313417130197,18448290
2023-08-18,120.26841735839844,129.86685426415966,119.78849551311038,126.41141111966465,20227889
2023-08-21,128.13912963867188,130.92267041659673,121.80416289642139,123.81983313399755,19390152
2023-08-22,122.18810272216797,128.71504263953324,121.9961295934066,128.1391305762752,15127153
2023-08-23,116.23706817626953,122.85999103246877,115.46919762613227,122.76400812907988,12753033
2023-08-24,110.86195373535156,120.17243523239985,110.86195373535156,116.81298208890435,16926559
2023-08-25,118.61217498779297,119.86376746570953,109.75477502884246,111.29519145492712,12736949
2023-08-28,118.80472564697266,121.69300905486364,117.45685858756663,119.57493014857286,11332088
2023-08-29,122.75204467773438,123.52225652363005,118.4196195714614,118.90100013882505,11005774
2023-08-31,123.71481323242188,126.0254342181224,120.44142370896617,124.7738564203671,8590605
2023-09-01,123.71481323242188,127.27702670644767,122.36694609390659,126.60309680983251,7388494
2023-09-04,124.29247283935547,126.41054447381228,122.27066850749193,123.90735955727358,12891513
2023-09-05,126.60308837890625,129.87647033909144,124.19618555801449,125.1589466863712,13675167
2023-09-06,125.4477767944336,128.62489142652936,123.42597256749023,127.56584831897449,11317348
2023-09-07,124.38874053955078,127.6621373401469,123.71481065696528,125.83288229819239,6516890
2023-09-08,122.27066802978516,125.92916339713673,122.27066802978516,124.6775709437573,6384469
2023-09-11,120.05630493164062,124.87011037950568,119.38237510705319,122.84831356045919,8318226
2023-09-12,119.2861099243164,121.98183678167118,117.84196817546339,120.24887109021842,6855378
2023-09-13,115.43505859375,120.34513878721135,114.76112140937101,119.86375823206251,6886065
2023-09-14,122.75204467773438,123.42597453392969,114.27974375402006,117.45685843673407,13695148
2023-09-15,120.63397979736328,124.38874255442401,119.38238731481975,122.75205147289934,7551500
2023-09-18,115.53134155273438,121.40418327927473,115.14623561183495,120.34514745076498,6881655
2023-09-19,121.11534881591797,122.27065919301386,117.64940299406184,120.24886236045394,12653519
2023-09-20,117.16802978515625,123.81109057805634,117.0717551385819,121.11535640226657,23049608
2023-09-21,119.96003723144531,120.6339744403043,114.3760269960566,116.97547915016872,11465928
2023-09-22,117.0717544555664,119.8637632616415,116.49409923420579,119.8637632616415,8874563
2023-09-25,117.6494140625,118.9010065431737,116.39782892711123,117.45686476329709,11845837
2023-09-26,117.74568939208984,122.84831898496878,116.39782233811415,118.80472516832626,18975793
2023-09-27,114.95368957519531,118.99728370614142,114.95368957519531,117.93824784758745,14731180
2023-09-28,114.08719635009766,117.16802909401174,113.60581577478078,115.14623214673783,10664182
2023-09-29,119.18983459472656,121.59673749570824,116.2052691212815,117.16803028167416,14566962
2023-10-02,123.71481323242188,124.96640572074715,119.96004311273107,120.34514905877614,13165605
2023-10-03,123.2334213256836,126.1217046380043,121.88555431087707,124.67756298184395,10423516
2023-10-04,118.99727630615234,124.870117834092,118.99727630615234,124.58128655186356,8251028
2023-10-05,120.44141387939453,121.40417499329104,115.820164939862,119.67120939544797,10125361
2023-10-06,123.71481323242188,124.38874312903704,118.13079537798068,118.90100727007083,9134191
2023-10-09,116.30155181884766,121.98183682338416,115.33879065261642,120.73025171445441,8564076
2023-10-10,118.22706604003906,119.86375697222888,117.16802295361525,117.93823477187179,7299789
2023-10-11,115.62761688232422,121.01907805080042,115.62761688232422,118.03451984550867,9644628
2023-10-12,114.08719635009766,118.51589617395591,110.5249830308667,117.36058573130929,9927258
2023-10-13,111.19891357421875,114.76112691510582,110.62125834938365,114.56857762192234,6346437
2023-10-16,111.10263061523438,115.242498871223,110.62125007300656,114.08718850798994,9161884
2023-10-17,115.8201675415039,116.39782275376066,110.04360072836724,111.39146044187149,8781922
2023-10-18,110.717529296875,113.50953802646178,110.717529296875,112.6430515455163,6110794
2023-10-19,110.0436019897461,112.93188542942148,109.65849606206578,111.5840183551827,5856876
2023-10-20,106.0,109.94731920326944,103.88192843101187,108.69573412897086,7117428
2023-10-23,108.8882827758789,109.56221997678486,105.2297948742012,107.82924699763758,7130768
2023-10-24,111.39146423339844,111.39146423339844,108.02180014437256,109.17711795349517,10884817
2023-10-25,100.51226043701172,112.9318801118791,100.31970380959602,111.87283702430348,8900968
2023-10-26,102.63034057617188,104.17075699897575,99.06812713935763,101.4750300953902,11983919
2023-10-27,101.57129669189453,102.91916370946942,99.06811928513218,102.82288906791786,6954094
2023-10-30,100.80109405517578,102.63034179249686,100.31971345826418,101.57130594834834,5937477
2023-10-31,97.43142700195312,102.14895818154692,96.27611654156821,101.95640888657769,6759178
2023-11-01,98.20162963867188,99.26066535199288,94.83196587656059,98.1053550002398,7319760
2023-11-02,100.22342681884766,101.28246253631048,98.68301056205772,100.31970145765625,5184538
2023-11-03,99.16439819335938,100.8010892060097,97.62398182640295,100.31970863225553,4954188
2023-11-06,104.55585479736328,105.2297919797318,100.51226108428949,100.60853572597519,6128254
2023-11-07,103.97819519042969,105.7111680483838,103.20798339905365,105.03723089460875,4072718
2023-11-08,109.65849304199219,110.2361482449613,105.42234264474465,105.42234264474465,7836540
2023-11-09,106.96276092529297,108.69573391120005,105.42234457408922,107.44414149412444,7242706
2023-11-10,108.59945678710938,109.94731647283749,106.67393455574421,107.05903312578972,7266723
2023-11-13,100.12715911865234,109.85104521784916,99.74205319144676,108.8882840724775,9581135
2023-11-14,97.8165283203125,98.97184607145208,96.27611199741081,98.68301479734608,8694383
2023-11-15,99.48588562011719,100.93330395802951,98.03846728220486,98.32795389456747,5535489
2023-11-16,100.25785064697266,101.70526906623996,99.003418405494,99.48589121191645,5005680
2023-11-17,100.83680725097656,101.99473893491587,100.06484788705029,100.93330033097982,3680731
2023-11-20,99.7753677368164,102.380717682887,99.48588113749744,101.31927908863416,5325200
2023-11-21,98.42444610595703,100.74031689848725,98.0384664135436,100.16135104084228,7324299
2023-11-22,97.26651763916016,99.38939497540808,96.9770310196943,98.61743556479945,6444097
2023-11-23,97.26651763916016,99.0999083559422,97.26651763916016,97.45950381083705,6054882
2023-11-24,97.17001342773438,98.03846589054412,96.01208171862156,97.3630069538867,5209139
2023-11-27,100.54732513427734,100.93330483345844,97.94197504821821,97.94197504821821,6273883
2023-11-28,98.42444610595703,101.12629659090068,97.36300747328285,100.5473233713054,4890325
2023-11-29,97.74898529052734,98.9069169836041,96.68753931626513,98.42444421783043,5019535
2023-11-30,97.26651763916016,98.71393601258843,96.68754440022842,97.55599689667548,4207354
2023-12-01,97.36300659179688,99.19640459269905,96.3498108286285,98.52093829660339,3441159
2023-12-04,96.59104919433594,98.42444723282772,95.5778607723447,97.74898828483356,4734638
2023-12-05,96.01207733154297,97.55598866046422,95.91558425385101,96.5910431596447,3686384
2023-12-06,92.63478088378906,96.15683392103165,92.53828779275864,96.01209060351054,5608082
2023-12-07,95.62610626220703,95.674356486369,92.20055384327425,92.63477641292963,5680074
2023-12-08,90.51190185546875,97.55600044520685,90.02942904677637,95.52961612108906,10205200
2023-12-11,86.50737762451172,89.30572143757288,86.31438408039833,88.77499839369973,9476512
2023-12-12,86.0731430053711,87.0380885877719,84.96346147517062,86.84510241607195,5684320
2023-12-13,85.10820007324219,86.8933553458339,84.2879977750505,85.44593692716005,5087387
2023-12-14,87.0380859375,87.66530201935217,85.30118835923666,86.8450997716764,7552792
2023-12-15,90.222412109375,90.6083918153881,87.1828320472038,87.1828320472038,8372352
2023-12-18,87.66529846191406,92.58651911021697,87.42406208344872,90.31889862503279,7775373
2023-12-19,85.25293731689453,88.24426703009341,83.95026230523779,87.81004448019125,5477281
2023-12-20,84.1915054321289,86.12139667412613,83.61253953191991,85.25294414283721,4036057
2023-12-21,87.42406463623047,87.42406463623047,83.371296304452,84.23974876467602,4427105
2023-12-22,84.8669662475586,87.52056676238443,84.33625056176403,87.42407367059914,3000320
2023-12-25,82.11686706542969,84.43273792079003,81.8273878097287,84.43273792079003,3038157
2023-12-26,83.70903015136719,84.38448912135301,81.9721251400456,82.30986198698915,3366407
2023-12-27,83.85377502441406,85.92840955936867,82.69583587464949,83.61253862179029,3874680
2023-12-28,86.50737762451172,87.56881635030707,83.75728403796666,84.23975685532372,3665171
2023-12-29,87.42406463623047,87.61705816180816,85.34943024845926,86.6521126197704,4200219
2024-01-02,89.54695129394531,89.6916872390011,87.90653941779252,88.29251911582556,4771377
2024-01-03,87.71355438232422,90.12591832374156,87.03808806155706,89.06447966190802,3879671
2024-01-04,89.16097259521484,89.20921545679067,86.55561512575422,87.71355423283133,3631364
2024-01-05,88.24427032470703,89.78818914189107,87.23108188312435,89.73993891812262,3502679
2024-01-08,89.64344024658203,90.70487884579171,88.24426482593967,88.24426482593967,4371845
2024-01-09,88.0030288696289,91.09085896449753,87.66529940852064,90.60838620235712,3759140
2024-01-10,89.54695129394531,90.029424075999,87.56880994274502,87.95478964077805,4506633
2024-01-11,90.56014251708984,92.20055444392582,89.06448126368278,90.70488582856811,5116349
2024-01-12,91.23561096191406,92.10405612698504,88.82324692127065,89.73994231193483,4674994
2024-01-15,91.91107177734375,92.49003768622816,90.36716023300166,91.23561277730376,4785589
2024-01-16,93.35848236083984,94.32342791495705,92.20055064067934,92.39353680672264,4308057
2024-01-17,91.8628158569336,93.21374113523125,91.04261359002268,93.21374113523125,3286518
2024-01-18,93.59972381591797,95.19188553878507,92.20055563149124,92.3452915828831,4604377
2024-01-19,92.63478088378906,94.08219933509827,92.00756474916489,93.93745601757716,3287441
2024-01-22,91.66983032226562,93.8409578825298,91.33210084083686,92.2487961992793,4262334
2024-01-23,89.93292999267578,93.35848993239145,89.88468712822753,92.44179452641448,4641872
2024-01-24,91.52508544921875,91.71807897956056,89.20921461877003,89.98117401623641,3790076
2024-01-25,94.37167358398438,94.51640952055814,91.66982321804107,92.15229597182024,5206240
2024-01-26,99.9683609008789,100.45083369225569,94.9023965914227,95.04713990122585,7797178
2024-01-29,104.69659423828125,105.56504672278611,100.93330504672713,101.02979813123868,7490361
2024-01-30,103.24917602539062,105.17906716605212,102.38072353970286,104.69659438088675,4613483
2024-01-31,103.53865814208984,104.9860764346897,101.60876708529004,103.53865814208984,4134530
2024-02-01,107.01246643066406,107.97741201189287,103.5386638106305,103.5386638106305,5201832
2024-02-02,105.9510269165039,108.07390423345224,104.50360855623445,107.68792453165695,4317077
2024-02-05,109.2318344116211,111.16172553099213,104.98607983856509,105.95102539825061,8168577
2024-02-06,112.60914611816406,113.76708523006903,108.45988454586856,109.32833703930966,8181001
2024-02-07,112.89862823486328,114.05655993864589,110.8722440722686,113.09161439817697,5788117
2024-02-08,113.47760009765625,114.44254568923827,112.0301817102832,112.89863421509716,6276269
2024-02-09,113.47760009765625,115.4074912808203,111.35472274095603,113.86357980667918,6595582
2024-02-12,114.5390396118164,116.27594463411877,112.8021419514647,114.82852623618369,5782190
2024-02-13,110.96874237060547,115.21450442065354,110.00379678477412,115.21450442065354,5354824
2024-02-14,110.19677734375,111.06522979914948,107.59142733950179,110.38977086825555,5376205
2024-02-15,112.2231674194336,114.24955154804763,111.83718773732852,113.67058570586507,5707698
2024-02-16,113.28460693359375,113.47759309522118,111.0652292651274,112.22316832074252,4946866
2024-02-19,120.5217056274414,124.47798107287123,113.47759987776224,114.05656575919944,26279779
2024-02-20,124.86395263671875,126.89034425197615,123.51303470914789,126.50437190807051,13830840
2024-02-21,127.66230773925781,128.9167399828501,123.03056584501799,124.86395662295175,12483158
2024-02-22,130.943115234375,135.67135751807368,127.46931990184068,127.66230607744235,12574648
2024-02-23,131.8115692138672,133.83794605288725,128.7237316467687,131.618568322998,8382946
2024-02-26,128.8202362060547,133.83795032697844,128.144777238144,132.4870323911571,6672213
2024-02-27,127.37281036376953,130.26764696294612,125.82889162131522,128.82022866335782,7973499
2024-02-28,125.24993896484375,127.56580246240316,123.99550676870697,127.37281629159004,6674897
2024-02-29,127.9517822265625,128.14476838636315,125.05694565785204,125.15343137580227,6356021
2024-03-01,123.03055572509766,128.91672937876052,123.03055572509766,128.1447700059014,6033824
2024-03-04,121.10066986083984,123.60953424950928,120.52170398728171,123.03056101400064,6178243
2024-03-05,122.54808807373047,125.24993862958505,120.03923105012294,121.1971627958032,6703299
2024-03-06,119.84623718261719,122.74107390067026,119.363764396275,121.29365554164372,5569541
2024-03-07,125.24993896484375,125.24993896484375,120.32871062765372,120.32871062765372,5329694
2024-03-08,124.76746368408203,128.14477313951556,123.22354490060926,125.15343601799985,9550442
2024-03-11,127.85529327392578,128.6272527063977,125.63591542703206,128.0482794510684,7221740
2024-03-12,126.5043716430664,129.10972176872454,123.99550724123202,128.33776235862925,6565618
2024-03-13,124.57447814941406,126.60085499861883,122.25859996245042,125.92539604888391,4812611
2024-03-14,122.54808807373047,125.34642435278282,121.1971627958032,124.7674658418932,5228748
2024-03-15,121.10066986083984,123.89900614336258,120.52170398728171,123.60953424950928,4226833
2024-03-18,119.5567626953125,122.1621129006685,118.10934427857009,120.90768802332889,4747797
2024-03-19,122.45159149169922,122.83757118322026,118.88128854756731,119.26726823908837,3795031
2024-03-20,123.03055572509766,124.09200170326649,121.0041715737802,121.87262402775916,4448534
2024-03-21,126.11837768554688,127.17982365692306,121.67962972488792,124.09200090914729,9533441
2024-03-22,125.15343475341797,129.59219016812634,124.47797581393641,127.85528523524476,7058147
2024-03-25,123.9955062866211,129.68867928492892,123.9955062866211,125.15343803089884,8343131
2024-03-26,123.80252075195312,125.73241191028785,121.96912267914503,123.99550692300639,6589615
2024-03-27,124.57447814941406,125.82889560296428,121.67963409668471,124.38147725757482,4779274
2024-03-28,127.37281036376953,127.85528313029896,124.38147332172693,124.57447420745898,5406335
2024-03-29,126.02190399169922,130.07467265510405,125.34643027788034,128.1447814131111,4553589
2024-04-01,123.51303100585938,127.85528600215912,120.42520817549303,127.37281322479248,6858199
2024-04-02,119.94274139404297,124.67096895903902,119.65325476837147,123.51303718025441,4327717
2024-04-03,121.29365539550781,123.03056036902721,117.62686664089533,119.36376425246425,5024673
2024-04-04,123.60953521728516,126.1183849016961,120.71469110292885,122.16210947913173,4278403
2024-04-05,135.96083068847656,135.96083068847656,124.96045661359697,124.96045661359697,8781518
2024-04-08,137.40823364257812,139.53112552682936,134.99586988674704,135.38185692201995,5944132
2024-04-15,138.95216369628906,139.72412310604867,133.06598976126082,135.188881819075,6480629
2024-04-16,131.23260498046875,140.3030879645581,131.23260498046875,137.79423817427255,8741484
2024-04-17,132.29403686523438,135.5748457482293,131.13609046050658,133.16248194488006,6915826
2024-04-18,127.66230773925781,133.16249479696066,122.06562023054727,133.16249479696066,11612256
2024-04-19,115.0215072631836,117.72335776318435,114.92501418003006,114.92501418003006,45635301
2024-04-22,110.67925262451172,113.47759621678799,110.67925262451172,111.45121201615702,26360964
2024-04-24,110.19677734375,112.89862779122609,110.19677734375,112.22316886033217,10455456
2024-04-25,110.7757568359375,113.09162036570434,110.10029050479666,111.45121580512773,8463249
2024-04-26,112.12667083740234,112.9951233115477,110.58275941778302,111.06523219653596,9687759
2024-04-29,112.31966400146484,113.4775957219329,111.83719122427809,113.18811647279105,8545662
2024-04-30,112.51265716552734,114.82852811245439,112.03018435833215,112.70565070557589,13569680
2024-05-02,114.82852172851562,115.98645345662807,112.41615782665605,113.57408955476849,11346584
2024-05-03,113.47760009765625,115.79347098984324,112.80214112832908,114.92501848502928,8562031
2024-05-06,112.99512481689453,114.63553670367867,112.51265203171398,113.86357730260961,6250941
2024-05-07,113.381103515625,113.6705901289557,111.1617257786241,112.99512381850087,7050512
2024-05-08,114.7320327758789,117.33738293891547,114.53903923961099,116.17945116911048,13231036
2024-05-09,114.92501068115234,116.08294972959236,114.34604483790739,114.73202452072073,9157480
2024-05-10,114.63553619384766,116.75841349442058,114.44254266346347,115.3109951453162,8468942
2024-05-13,112.12667083740234,115.31099412195188,111.93368467068132,114.73202825983842,6030179
2024-05-14,112.99512481689453,114.05656347190165,111.06523367617234,112.12667233117945,5650894
2024-05-15,111.35472106933594,112.80213943498082,111.35472106933594,112.41615973175207,3856668
2024-05-16,110.7757568359375,112.51265448326264,106.33700122599963,111.93368860082091,5462999
2024-05-17,113.09162139892578,114.346053623969,110.77575784800088,111.06523711089115,9920327
2024-05-20,117.5303726196289,117.72335878761533,112.80213788445755,112.99512405244397,13650191
2024-05-21,114.24955749511719,119.36376462288315,114.24955749511719,118.88129183562502,14265690
2024-05-22,117.04789733886719,117.53037011048337,114.82851964465263,114.82851964465263,8382660
2024-05-23,114.92501068115234,119.74973831144379,114.92501068115234,117.24088141608226,10685493
2024-05-24,116.3724365234375,121.39015800178782,113.86357946523765,114.92501814040482,30933342
2024-05-27,113.86357879638672,116.85490863135932,113.09161938519033,116.46892892576112,9019947
2024-05-28,115.11801147460938,116.17945014792599,113.67059309410021,114.44254514653475,7156912
2024-05-29,115.50398254394531,119.65325146701724,115.02150975577186,117.04790135566078,12677212
2024-05-30,119.17015075683594,120.24024858535267,116.93266740647543,117.61364414971987,10797124
2024-05-31,116.83538818359375,120.43481763073407,115.76529034547437,119.55928033699675,8111239
2024-06-03,117.61363983154297,118.19732886003027,114.98702807033709,117.41907187404142,6347392
2024-06-04,117.71092224121094,119.65655731957807,117.12723320210257,117.61364197169435,6850009
2024-06-05,115.66800689697266,118.87830032317429,113.43052358797641,118.19733101452786,6001766
2024-06-06,114.8897476196289,118.00276813661817,114.79246735203738,115.66800460437838,4623405
2024-06-07,113.04139709472656,116.15441772868319,112.3604277739908,115.37616071469179,4826402
2024-06-10,110.12294006347656,113.52780137631208,109.63653130450007,112.84683208254843,3410315
2024-06-11,109.2474136352539,110.80392022802329,108.17730839459163,110.12294349105558,4368325
2024-06-12,110.22023010253906,110.70663887188476,107.593618294867,109.24741256384766,4638094
2024-06-13,111.58216857910156,112.84683434661717,110.99847954102081,111.38760804041091,5197452
2024-06-14,109.63653564453125,112.8468365496614,108.95556632381101,112.55498831391904,5776957
2024-06-20,103.2159423828125,104.86973670005433,101.65943575988591,102.14584454342604,12176034
2024-06-21,101.65943145751953,103.79962704571646,101.46487092114117,103.21593801457264,6770963
2024-06-24,99.71379852294922,102.34040292987214,98.93554151689338,101.95128184885309,5583901
2024-06-25,101.65943145751953,102.43768844705045,99.90835694207935,99.90835694207935,8036788
2024-06-26,99.22738647460938,102.2431192850242,98.93553825146884,101.8539907948397,5966108
2024-06-27,100.68661499023438,101.27030402751514,99.51923691567285,99.61651718488486,7184628
2024-06-28,104.57788848876953,105.55070605610692,101.17302700308866,101.17302700308866,14419129
2024-07-01,100.78389739990234,105.93983341973691,98.7409820150277,105.06429613421666,6282471
2024-07-02,101.27030181884766,101.46486977503697,99.22738652191582,100.68661279429693,4351155
2024-07-03,101.85399627685547,102.63225329911207,100.78389843775943,101.75671600457565,4328480
2024-07-04,103.60506439208984,103.99419287890316,101.8539899124342,101.8539899124342,5546588
2024-07-05,105.8425521850586,106.03711272584374,103.89691708917155,103.89691708917155,7507602
2024-07-08,104.86973571777344,107.59362042687897,104.09147870259531,107.00993137649985,5491172
2024-07-09,102.72953033447266,105.25885444409622,102.14584129717626,104.9670136364524,4096020
2024-07-10,102.0485610961914,103.41050713213278,101.5621523277844,102.7295304031577,5252682
2024-07-11,103.41050720214844,104.09147650957578,102.14584143463044,102.72953047271228,4528653
2024-07-12,102.9240951538086,104.0914731927746,102.24311844607129,103.31321621879155,3962433
2024-07-16,102.14584350585938,104.0914786202567,102.04856323454129,103.02138079173996,4665674
2024-07-17,100.97846221923828,102.63224904548045,100.78389426073356,102.14584028223173,4393231
2024-07-18,100.39476776123047,101.85399407998096,100.39476776123047,101.27030503688255,7085230
2024-07-19,98.25457000732422,101.07574231371844,97.96272178107324,100.39476559313572,7105415
2024-07-22,100.20020294189453,100.97845991413014,98.15728766728674,98.64369641943186,5808340
2024-07-23,100.78389739990234,101.75671495670065,99.1301105221488,100.20020835022515,5018043
2024-07-24,102.53497314453125,103.41051044007268,100.00564895230748,100.7838985534484,7456840
2024-07-25,102.24311828613281,104.96701026880395,100.97845998289937,103.11865552499201,7967387
2024-07-26,100.78389739990234,103.02138074934201,100.20020835022515,102.34040400637784,5740291
2024-07-29,100.1029281616211,101.36758653329798,99.22739087537774,100.00564789026271,4652445
2024-07-30,102.82681274414062,103.89691799380303,99.32467102545255,100.10292803938721,7765071
2024-07-31,101.95127868652344,103.02137647015121,100.58933267917507,102.43768744471868,4794288
2024-08-01,103.89691925048828,105.06429736350135,102.63225344304993,103.21594249955646,5226190
2024-08-02,103.2159423828125,106.03711481174702,101.65943575988591,103.89691913297409,8266676
2024-08-05,97.28175354003906,100.78389518307871,93.68233162786113,94.36330093383789,9382017
2024-08-06,96.7467041015625,100.00564888970493,95.87117422857817,99.22739186704216,7101630
2024-08-07,99.32466888427734,100.49205438001361,97.13582942953171,97.7681623119711,4122780
2024-08-08,102.72953033447266,103.11865883333985,98.74097992060372,98.74097992060372,5307421
2024-08-09,101.27030181884766,104.28603463070023,101.27030181884766,103.50778507196881,3836069
2024-08-12,99.61651611328125,101.85399196912313,99.61651611328125,101.56215116462656,4421455
2024-08-13,100.1029281616211,100.1029281616211,97.47631630289102,99.32467114673612,4310153
2024-08-14,100.88117218017578,102.2431181699639,99.81107441034531,100.20020289628599,3726328
2024-08-15,100.68661499023438,101.6594325263719,97.13582949893063,100.88117552865836,6211006
2024-08-16,98.25457000732422,102.63224886903669,98.25457000732422,102.63224886903669,3349176
2024-08-19,98.06001281738281,99.81107996861635,96.98990756595187,98.54642159639361,6713685
2024-08-20,97.23310852050781,98.8382589189402,97.23310852050781,97.96272166324901,4908952
2024-08-21,95.67660522460938,98.06001269191823,95.67660522460938,97.23311183105068,5958778
2024-08-22,96.16300964355469,96.94126662249839,95.4820403534854,96.16300964355469,3672271
2024-08-23,92.75814819335938,96.79534234858133,92.66086792665699,96.26028974870532,4540811
2024-08-26,92.51494598388672,93.6823314777013,91.88261310248825,93.39048324874547,3725340
2024-08-27,93.0986328125,93.39048103453636,91.8339745016958,92.36901967941768,4382649
2024-08-28,93.14727783203125,94.46058000374693,92.46630853469978,93.34183836783777,2799895
2024-08-29,93.58504486083984,93.82824924709152,92.0771821192848,93.39048432064206,3338973
2024-09-02,95.19019317626953,95.72524578292042,93.6823304682684,93.6823304682684,3072226
2024-09-03,93.77960968017578,95.82252497182309,93.24455707954998,95.3847600600446,3143954
2024-09-04,93.97417449951172,93.97417449951172,91.7853349967808,92.90407667146728,2581369
2024-09-05,93.04999542236328,94.80106247034303,92.27173845303328,94.07144934484934,4174827
2024-09-06,91.97990417480469,92.8554340498405,91.8826164802371,92.66087350472344,2300793
2024-09-09,90.52067565917969,92.32038663557529,90.4720318130573,91.6394098999061,2543912
2024-09-10,88.57504272460938,91.2016471950224,88.23455063747406,91.00708664980998,2827406
2024-09-11,86.92124938964844,88.38047576134485,86.67804499436569,87.79678669706811,3902783
2024-09-12,88.1859130859375,88.33183720398772,85.8025056164744,87.55358018905918,2990330
2024-09-13,91.05571746826172,91.25028542350248,87.84542413787938,88.28318904865606,2605667
2024-09-16,90.32611083984375,91.54213281512978,89.98562617116549,90.95844375139431,1857242
2024-09-17,92.41766357421875,92.66086795204563,90.52067239597244,90.52067239597244,4555115
2024-09-18,91.63941192626953,92.46631279658176,90.90979875035335,92.2231084046097,1911611
2024-09-19,92.70951080322266,93.5364041945739,92.02853409939746,92.4663064280012,3084785
2024-09-20,91.4448471069336,93.63368653236552,90.90979450080232,92.758149277791,3037684
2024-09-23,90.37474822998047,92.12581529606531,90.18018027463198,91.68805038504625,2249633
2024-09-24,91.34756469726562,92.8067909466724,90.08289897897635,90.37474719766111,4023595
2024-09-25,92.27174377441406,93.82825038083047,90.66659332135602,91.44485033556869,4974707
2024-09-26,91.34756469726562,94.16873693052041,90.90979236923849,93.5850404931509,4110469
2024-09-27,91.7366943359375,91.93125486950338,88.72095411160616,88.72095411160616,3232485
2024-09-30,91.83397674560547,92.95271839473587,90.71523509647507,91.59077236196882,3692923
2024-10-01,87.35901641845703,92.2717404498927,85.55929806568462,91.83397553392619,4685993
2024-10-02,82.54356384277344,87.99134038821475,82.54356384277344,87.2130908371566,4005487
2024-10-03,82.4462890625,85.80250671039992,81.9598802774705,82.64084960770818,4434736
2024-10-04,84.05143737792969,84.24599791813894,80.88978035647176,82.68949133043834,3963979
2024-10-07,83.85687255859375,85.85115156952229,83.41910761571145,84.92697783587782,2778980
2024-10-08,84.1000747680664,85.2674602887587,82.78677255154541,83.27318132966496,3072460
2024-10-09,84.00279235839844,84.4405647007671,82.3976419470642,83.56502743803854,3248819
2024-10-10,83.12725830078125,87.40765708870761,83.12725830078125,84.19736356426962,4608114
2024-10-11,82.4462890625,85.51066589258765,82.05716055007458,83.07862196744016,4251859
2024-10-14,80.45201110839844,82.93269891271437,79.91696589119933,82.44629012143746,3307942
2024-10-15,82.49493408203125,83.12725957394748,80.25745067029807,80.35473094428447,3062098
2024-10-16,84.68376922607422,85.07289030171141,81.95987716456125,82.49492977657555,3391682
2024-10-17,84.8296890258789,87.94270969907268,84.05143942408723,87.40765706745856,4252508
2024-10-18,83.66230773925781,85.70522307174491,83.32182308751142,84.97560992285604,2690544
2024-10-21,82.20307922363281,84.44056245532802,82.20307922363281,83.95415370252546,2895557
2024-10-22,83.66230773925781,84.44056473354279,81.52211213798728,82.20308144148007,3426834
2024-10-23,82.68949127197266,84.63512636072495,81.81395399763235,83.6623088163488,3609605
2024-10-24,85.36473846435547,85.36473846435547,83.02997490229613,83.02997490229613,3728173
2024-10-25,86.38619995117188,86.62940433456818,84.24599692407911,85.12153418870757,3153669
2024-10-28,87.11581420898438,87.69950325215501,85.94842870063425,86.38620104951887,1128090
2024-10-30,86.96988677978516,88.33183277664254,86.38619775884872,87.1158108905214,3630500
2024-10-31,84.00279235839844,87.40765371855827,83.22454278642431,86.96988879819835,3975724
2024-11-01,83.22454071044922,85.41338010166726,82.98133633364722,84.0027902630105,3217130
2024-11-04,80.84113311767578,83.02997250220857,80.11151998949819,82.6894878601274,4125089
2024-11-05,81.32754516601562,82.05715832376458,79.47919034864982,81.13298462608611,3036903
2024-11-06,84.00279235839844,84.34327701001267,80.25744634662439,81.42482441558997,4820593
2024-11-07,89.98562622070312,90.812519679951,83.6623119457348,84.0027966146005,8433493
2024-11-08,91.05571746826172,91.73669417859149,88.52639342620057,89.49921093637859,6015950
2024-11-11,90.81251525878906,92.07718102101676,90.32610649208745,91.73669636872738,5490719
2024-11-12,89.69377136230469,91.0070809370807,89.45056698505114,90.47202833831948,3128047
2024-11-13,90.42338562011719,91.73669521124799,87.89406154958408,89.2073637187062,5146886
2024-11-14,91.88261413574219,92.17446236797997,90.47203166461358,90.61795578073247,3812791
2024-11-15,91.15299987792969,92.70951386841581,91.10436345448247,91.88261302771677,3548997
2024-11-18,92.12581634521484,92.56358868322795,89.30465146961532,91.25028651320599,4058040
2024-11-19,90.32611083984375,92.61223066897965,89.15873271237282,92.32038984811648,3709596
2024-11-20,88.33183288574219,92.02853497091112,88.33183288574219,90.95843719420455,4055789
2024-11-21,92.36902618408203,92.70951827443825,88.62367998824573,88.62367998824573,3058766
2024-11-22,93.73097229003906,94.07145695842452,90.5206787312502,92.41767004226139,4555883
2024-11-25,94.94699096679688,95.43339973960015,94.07145369134922,94.4605821939936,4190576
2024-11-26,93.77960968017578,95.3847600600446,93.19592065713493,94.94698772625749,3220044
2024-11-27,93.14727783203125,94.75242822946538,92.75814933840954,94.36329973584367,3336135
2024-11-28,94.89835357666016,94.89835357666016,92.75815054490764,92.8554308140762,3598496
2024-11-29,93.73097229003906,95.38476662821132,92.32038976872398,95.2874789326648,4304593
2024-12-02,93.53640747070312,94.0228162381826,91.78533293897354,92.80679431948393,3129211
2024-12-03,95.82252502441406,97.47631182760558,93.09863301938361,93.97417026542973,6276797
2024-12-04,95.53067779541016,96.79534354418794,95.3361172596022,96.50349531846732,3608399
2024-12-05,98.25457000732422,98.25457000732422,95.28747358780451,95.67660208213626,3316626
2024-12-06,98.15728759765625,99.51923358709816,97.47631089193102,98.64369634945632,4172444
2024-12-09,98.25457000732422,99.03282699598769,96.98990425624825,98.74097876973671,4530446
2024-12-10,97.57360076904297,99.61651608803608,97.08719200632991,98.25457006803776,4910082
2024-12-11,95.5793228149414,97.96272280691761,95.5306789693873,97.47631403941155,3507511
2024-12-12,94.07145690917969,96.45486443064844,94.07145690917969,96.06573591469342,4148654
2024-12-13,96.06573486328125,96.55214364739913,92.70951722167149,94.2660238464469,4041395
2024-12-16,94.99563598632812,97.0385513729355,94.80106802159807,96.64942286548435,2644442
2024-12-17,95.43340301513672,96.11437977363961,94.0228204943957,94.55786570963821,2677176
2024-12-18,92.75814819335938,95.67660072648243,92.61222408230151,95.53067661542455,3703116
2024-12-19,91.49349212646484,93.00135485235978,91.250287742739,91.63940881909332,2610873
2024-12-20,92.12581634521484,92.80679306367679,90.22882514651741,91.78533169698821,3267247
2024-12-23,88.47775268554688,93.7309689091844,88.47775268554688,93.39048425308015,4696822
2024-12-24,88.13726806640625,88.8182448009092,87.31037463780375,88.47775272265329,3476143
2024-12-25,89.15872955322266,90.22882736915588,88.86688132069138,89.01280543695701,3292264
2024-12-26,90.47203063964844,90.95843940652827,89.59649337486299,89.59649337486299,3531022
2024-12-27,90.7152328491211,91.8339744705361,90.32610436054084,90.4720284715095,4107308
2024-12-30,89.88834381103516,91.34757014750649,89.25601091416246,90.71523725063379,3731801
2024-12-31,89.49921417236328,91.25028872280002,88.47775278094038,90.86116022025753,5306486
2025-01-02,90.37474822998047,90.61795260765963,89.11008249724536,89.40193071926379,3959692
2025-01-03,94.31465911865234,94.60650735435883,90.5693130111335,90.76388097560748,6644920
2025-01-06,93.39048767089844,95.04427458793361,93.00135915453453,94.46058552439231,3939044
2025-01-07,92.32038879394531,93.58504718059665,92.12582082691577,93.39048663557615,4132343
2025-01-08,91.97990417480469,93.34184283464221,91.44485154271919,91.97990417480469,3824367
2025-01-09,93.53640747070312,94.0228162381826,91.59077240078527,92.1258175918074,4040761
2025-01-10,91.39620208740234,94.02281381736914,90.81251306585703,93.63368532900273,3128424
2025-01-13,88.47775268554688,91.54212943450284,87.89406364336689,91.29892504842711,3713140
2025-01-14,86.67803955078125,89.35328773087949,86.24027463556864,88.72095485845453,6575497
2025-01-15,88.13726806640625,88.28319218251465,85.31609570234285,86.6780417493399,4884342
2025-01-16,88.81824493408203,89.69377478802751,86.58076160908855,89.06144932062442,4751184
2025-01-17,88.81824493408203,89.30465370716679,87.94270765812767,88.86688135818518,4365273
2025-01-20,87.1644515991211,89.35329110177652,86.82396693866536,89.15873055923295,5127480
2025-01-21,85.65658569335938,87.89406153846738,85.60794184850562,86.8239637497628,5766969
2025-01-22,87.40765380859375,87.55357792286695,85.4133823202226,85.65658670334167,3956172
2025-01-23,87.31037139892578,88.23454506331431,87.06716702176999,87.45629550962096,4339888
2025-01-24,87.31037139892578,88.08862837462772,86.72668237815361,87.31037139892578,4152976
2025-01-27,86.04570770263672,86.6780405825889,85.02425374764512,86.62940415921335,5258003
2025-01-28,86.38619995117188,87.06716925587803,85.60794295550019,86.0943517222928,4164613
2025-01-29,84.78105163574219,87.16445168324134,84.78105163574219,86.4348385149854,4653824
2025-01-30,85.31609344482422,86.62940303304,84.8783285300914,84.8783285300914,4207334
2025-01-31,83.71095275878906,85.85114839007812,83.32182425618863,85.80250454399975,5273775
2025-02-03,80.93841552734375,83.32182292905334,80.50065060764645,82.78677031874886,5913770
2025-02-04,83.4677505493164,84.53784839286989,80.45201014201697,81.03570662214528,8540275
2025-02-05,82.59220886230469,84.781048280447,81.47346723085245,83.32182200168546,6855033
2025-02-06,83.71095275878906,83.75958918285858,82.68949136721405,82.68949136721405,3057796
2025-02-07,85.12153625488281,85.12153625488281,83.07862086916741,83.27318141180356,4966067
2025-02-10,82.68949127197266,86.33755706338322,82.34900661584277,85.36473951900706,7970156
2025-02-11,81.37619018554688,83.22454502956822,80.74385728864367,82.73813625072097,8236357
2025-02-12,80.64657592773438,82.10580224456187,80.50065181164986,81.66802989630831,4886037
2025-02-13,81.76531982421875,82.34900888250878,81.08434307120618,81.08434307120618,3913840
2025-02-14,81.08434295654297,82.3003649187647,80.93841883667456,82.15444079889627,3654724
2025-02-17,81.52210998535156,83.37045730945643,81.27890560881055,81.71667051778095,7532530
2025-02-18,80.88977813720703,81.47346716382975,80.01424088626862,81.23026278423623,5702114
2025-02-19,78.7982177734375,81.376185641785,78.21452875581375,80.88977689009711,9319286
2025-02-20,78.7982177734375,79.47918705699712,78.55501339759356,78.7982177734375,6213597
2025-02-21,75.5392837524414,79.47919035120725,74.85830701864849,78.79822103942318,9209596
2025-02-24,75.19879913330078,76.70666187356211,75.1015114412765,76.22025310147609,5046671
2025-02-25,73.73957061767578,75.87976618221691,73.64228292855321,75.24743331296338,5439912
2025-02-26,73.88549041748047,74.8583079735869,73.10724082580069,73.20452109700953,5444001
2025-02-27,74.8096694946289,75.44200237313531,73.44772346907868,73.88548838850149,6771810
2025-02-28,74.12869262695312,75.58791891820817,73.49636717168292,74.37189700882897,6428813
2025-03-03,75.44200134277344,76.90122761693146,74.6637443610857,74.6637443610857,7563810
2025-03-04,73.88549041748047,75.24743648043128,73.5936496038539,75.10151236261352,5772380
2025-03-05,77.29035186767578,77.48491983211206,74.32326277460976,74.32326277460976,8147693
2025-03-06,78.99278259277344,79.0900702859983,76.9498672092034,77.6794803763362,9387732
2025-03-07,80.6952133178711,80.79250101109811,78.6522979342558,79.28463083018669,8784986
2025-03-10,82.93269348144531,84.44056360445687,82.20308034231236,84.34327591496556,15544248
2025-03-11,80.84113311767578,81.95987473194981,78.45773320109906,80.74385285165381,12821015
2025-03-12,80.16016387939453,81.57074629254183,80.01423976927379,81.23026165026579,9780556
2025-03-13,82.0085220336914,82.25172642000484,80.45200802367839,80.45200802367839,11043247
2025-03-14,82.93269348144531,83.51638250834995,82.00851980734704,82.00851980734704,8279449
2025-03-17,88.52639770507812,89.9369801942126,85.60794503348214,87.55358014787946,23337617
2025-03-18,86.92124938964844,89.59649773775854,86.7266888422259,87.79678669706811,13694958
2025-03-19,81.1816177368164,84.39191846869407,80.11151996686003,80.25744407685603,19648904
2025-03-20,84.05143737792969,85.21881546320293,81.81395405547899,81.91123432558362,14871630
2025-03-21,78.21453094482422,84.68376900773106,76.60938053492872,84.05143612843783,15104029
2025-03-24,83.75959014892578,84.10007480937492,76.85258698063738,79.2846308724297,13516153
2025-03-25,90.18018341064453,91.34756891730548,84.39192198939719,84.48920225945007,16349936
2025-03-26,92.12581634521484,92.80679306367679,88.03998572247791,89.15872735694428,16993692
2025-03-27,92.70951080322266,96.9412654476743,92.07717794324516,93.5364041945739,16376097
2025-03-28,97.96272277832031,97.96272277832031,90.81251538247022,91.93125703180935,16952836
2025-04-02,101.56214904785156,104.28603360975812,96.3089330343059,97.28175053970293,20868584
2025-04-03,102.0485610961914,104.1887567083787,98.54641944806272,101.46487205850475,21023136
2025-04-04,99.32466888427734,104.57788506006858,99.32466888427734,101.65943245374109,15649450
2025-04-07,101.07574462890625,103.99419727022978,95.53068015718625,96.50349770429409,18219816
2025-04-08,100.00564575195312,103.41050713075686,100.00564575195312,103.11865890091302,9756693
2025-04-09,96.21165466308594,101.36758309003264,96.11437439503197,99.71379626708928,12545740
2025-04-10,95.384765625,99.81108111147529,95.384765625,99.71380083896103,11301094
2025-04-11,97.28175354003906,98.15729080630118,95.96845135165029,96.30893600463867,9735958
2025-04-14,97.23310852050781,99.42194794873143,97.0385479845803,97.96272166324901,6860191
2025-04-15,96.55213928222656,98.060009413624,95.91980640705961,97.76816118754428,7534084
2025-04-16,93.04999542236328,96.30893256516671,93.04999542236328,95.96844792433804,6600552
2025-04-17,98.4000015258789,99.19999694824219,93.05000305175781,94.0999984741211,15560580
2025-04-18,96.0,101.0,95.69999694824219,99.0,7622389
2025-04-21,97.4000015258789,98.75,94.0999984741211,95.5,7373290
2025-04-22,98.69999694824219,99.5,96.19999694824219,97.44999694824219,7739335
2025-04-24,97.9000015258789,101.69999694824219,97.0999984741211,99.8499984741211,7477749
2025-04-25,99.5999984741211,101.0,97.44999694824219,98.0,8494084
2025-04-28,96.30000305175781,100.5999984741211,95.55000305175781,100.4000015258789,7058221
2025-04-29,94.44999694824219,98.0,94.30000305175781,96.0,6476341
2025-04-30,91.6500015258789,95.4000015258789,91.5,94.9000015258789,5979821
2025-05-02,90.4000015258789,93.19999694824219,90.30000305175781,92.6500015258789,5349542
2025-05-05,88.8499984741211,91.44999694824219,88.1500015258789,90.69999694824219,4739010
2025-05-06,88.0,89.80000305175781,88.0,88.30000305175781,5841386
2025-05-07,86.8499984741211,89.0999984741211,85.3499984741211,87.9000015258789,5462987
2025-05-08,88.5999984741211,88.80000305175781,86.5,87.9000015258789,2769730
2025-05-09,87.30000305175781,88.80000305175781,85.75,87.94999694824219,7018068
2025-05-12,89.0,89.5999984741211,86.05000305175781,87.1500015258789,13545352
2025-05-13,90.94999694824219,91.80000305175781,89.0,89.25,8046764
2025-05-14,89.19999694824219,91.5999984741211,88.6500015258789,90.5,5155277
2025-05-15,86.25,89.6500015258789,86.25,89.0,4593532
2025-05-16,87.30000305175781,88.30000305175781,85.9000015258789,86.44999694824219,5358389
2025-05-20,85.44999694824219,88.1500015258789,85.3499984741211,87.55000305175781,4143753
2025-05-21,84.25,86.25,84.19999694824219,85.19999694824219,3810019
2025-05-22,85.0999984741211,86.19999694824219,84.44999694824219,85.0,4398069
2025-05-23,84.75,86.0,84.05000305175781,84.94999694824219,4107466
2025-05-26,86.44999694824219,86.9000015258789,84.6500015258789,84.94999694824219,4269543
2025-05-27,83.5999984741211,86.55000305175781,83.25,86.44999694824219,4000602
2025-05-28,82.44999694824219,84.19999694824219,82.0999984741211,83.4000015258789,3810418
2025-05-29,82.5999984741211,83.8499984741211,82.19999694824219,83.0,3067343
2025-05-30,81.05000305175781,82.55000305175781,80.69999694824219,82.0999984741211,4519722
2025-06-02,79.4000015258789,81.05000305175781,78.9000015258789,80.0,4877361
2025-06-03,82.30000305175781,82.5,79.75,79.75,3854362
2025-06-04,83.55000305175781,83.6500015258789,81.44999694824219,82.4000015258789,2926790
2025-06-05,84.5,84.8499984741211,83.0,83.5,1270843
2025-06-10,84.5999984741211,85.75,84.5,85.19999694824219,3967258
2025-06-11,84.0,85.19999694824219,83.75,84.4000015258789,3890700
2025-06-12,80.30000305175781,83.05000305175781,80.30000305175781,83.0,4741700
2025-06-13,78.94999694824219,79.25,75.5999984741211,75.94999694824219,6816397
2025-06-16,77.80000305175781,79.25,77.30000305175781,78.6500015258789,6184878
2025-06-17,78.1500015258789,78.6500015258789,77.44999694824219,77.8499984741211,3584903
2025-06-18,75.5999984741211,77.8499984741211,75.5999984741211,77.69999694824219,2968621
2025-06-19,75.3499984741211,77.55000305175781,75.3499984741211,75.80000305175781,3680261
2025-06-20,77.0999984741211,77.4000015258789,75.75,76.8499984741211,2929138
2025-06-23,75.3499984741211,76.8499984741211,75.1500015258789,76.3499984741211,2269450
2025-06-24,78.1500015258789,78.80000305175781,76.94999694824219,78.0,3787092
2025-06-25,79.0999984741211,80.8499984741211,78.75,80.19999694824219,4269650
2025-06-26,78.30000305175781,79.80000305175781,78.05000305175781,79.30000305175781,2466504
2025-06-27,79.0999984741211,79.30000305175781,76.80000305175781,78.30000305175781,2728911
2025-06-30,82.9000015258789,83.3499984741211,78.94999694824219,79.30000305175781,8950196
2025-07-01,84.94999694824219,85.5,82.4000015258789,83.19999694824219,8188871
2025-07-02,85.4000015258789,87.19999694824219,84.9000015258789,84.94999694824219,6589045
2025-07-03,86.0,87.0,85.44999694824219,86.5,3880464
2025-07-04,87.3499984741211,87.80000305175781,85.3499984741211,86.1500015258789,4816051
2025-07-07,84.80000305175781,87.19999694824219,84.69999694824219,86.30000305175781,3768623
2025-07-08,84.44999694824219,85.9000015258789,83.8499984741211,85.19999694824219,5601555
2025-07-09,86.5999984741211,87.1500015258789,84.5,84.5,4113596
2025-07-10,89.5,89.5,87.25,87.25,3956603
2025-07-11,89.94999694824219,91.1500015258789,89.1500015258789,90.0,3931712
2025-07-14,86.0,90.69999694824219,85.9000015258789,90.3499984741211,4092698
2025-07-16,85.0999984741211,87.44999694824219,83.8499984741211,86.0,3636380
2025-07-17,87.5,87.5999984741211,85.19999694824219,85.6500015258789,3558525
2025-07-18,87.19999694824219,87.44999694824219,86.0,87.25,2164053
2025-07-21,89.1500015258789,89.80000305175781,87.30000305175781,87.30000305175781,3654943
2025-07-22,92.0999984741211,92.25,89.1500015258789,89.1500015258789,5946028
2025-07-23,91.3499984741211,92.44999694824219,91.0,92.44999694824219,2573038
2025-07-24,91.75,92.0999984741211,90.44999694824219,91.5,3515589
2025-07-25,91.69999694824219,92.0999984741211,90.0999984741211,91.80000305175781,2422870
2025-07-28,91.0,92.3499984741211,90.19999694824219,92.0,2342568
2025-07-29,90.0,91.4000015258789,89.44999694824219,91.1500015258789,2369395
2025-07-30,93.19999694824219,93.25,89.30000305175781,90.0,5003111
2025-07-31,93.94999694824219,93.94999694824219,92.05000305175781,93.30000305175781,5164512
2025-08-01,93.94999694824219,94.9000015258789,93.05000305175781,94.25,3342623
2025-08-04,96.05000305175781,96.4000015258789,94.30000305175781,94.5,3642376
2025-08-05,95.80000305175781,96.69999694824219,95.19999694824219,96.05000305175781,3144136
2025-08-06,98.0,98.30000305175781,95.30000305175781,95.75,3883124
2025-08-07,96.80000305175781,99.1500015258789,96.6500015258789,98.0,5020885
2025-08-08,95.44999694824219,97.0,95.19999694824219,96.6500015258789,3058543
2025-08-11,95.94999694824219,96.9000015258789,95.5,95.55000305175781,2685512
2025-08-12,92.6500015258789,96.05000305175781,92.6500015258789,95.94999694824219,3467682
2025-08-13,92.55000305175781,93.80000305175781,92.25,92.69999694824219,2218535
2025-08-14,90.8499984741211,93.4000015258789,90.8499984741211,92.55000305175781,2199720
2025-08-15,90.5999984741211,92.80000305175781,90.4000015258789,90.6500015258789,3285495
2025-08-18,90.5,92.5999984741211,90.4000015258789,90.9000015258789,4422944
2025-08-19,87.80000305175781,89.44999694824219,87.1500015258789,88.19999694824219,6526862
2025-08-20,90.30000305175781,90.6500015258789,87.19999694824219,88.0,7351068
2025-08-21,92.3499984741211,92.8499984741211,90.69999694824219,90.69999694824219,4915217
2025-08-22,94.4000015258789,94.5999984741211,92.05000305175781,93.5,4380086
2025-08-25,93.94999694824219,95.69999694824219,93.69999694824219,95.0,3889398
2025-08-26,92.19999694824219,93.8499984741211,92.19999694824219,93.80000305175781,4201916
2025-08-27,89.75,92.6500015258789,89.30000305175781,92.25,4100880
2025-08-28,88.8499984741211,90.5,88.5999984741211,89.75,3764228
2025-08-29,87.75,89.0999984741211,87.75,88.94999694824219,3043665
2025-09-01,87.75,90.0999984741211,87.55000305175781,87.75,3141770
2025-09-02,83.05000305175781,88.30000305175781,81.25,88.0999984741211,7523804
2025-09-03,81.1500015258789,83.0999984741211,80.05000305175781,83.05000305175781,5126336
2025-09-04,81.44999694824219,82.05000305175781,81.0999984741211,81.19999694824219,3952648
2025-09-05,80.19999694824219,82.0999984741211,80.19999694824219,81.9000015258789,4627070
2025-09-08,78.5,80.0999984741211,78.05000305175781,79.25,3660368
2025-09-09,79.4000015258789,79.9000015258789,78.3499984741211,79.0,4447175
2025-09-10,79.0999984741211,80.0,78.80000305175781,79.80000305175781,2960815
2025-09-11,78.94999694824219,81.25,78.0999984741211,79.1500015258789,3835828
2025-09-12,78.0999984741211,79.25,77.0,78.94999694824219,3850142
2025-09-15,83.25,83.55000305175781,77.1500015258789,78.05000305175781,7257869
2025-09-16,85.19999694824219,85.19999694824219,81.55000305175781,83.3499984741211,8072409
2025-09-17,83.8499984741211,85.5,83.8499984741211,85.19999694824219,4562848
2025-09-18,82.5999984741211,85.0,82.5999984741211,84.5,3278550
2025-09-19,85.19999694824219,85.19999694824219,82.3499984741211,82.6500015258789,3380160
2025-09-22,86.30000305175781,87.1500015258789,85.25,87.0999984741211,4439679
2025-09-23,83.6500015258789,85.05000305175781,83.5,85.0,3580876
2025-09-24,85.44999694824219,85.44999694824219,82.44999694824219,84.05000305175781,4148253
2025-09-25,85.19999694824219,85.94999694824219,83.80000305175781,85.5,4006442
2025-09-26,84.25,85.5999984741211,82.9000015258789,85.05000305175781,3417103
2025-09-29,82.69999694824219,84.25,82.05000305175781,83.94999694824219,2985857
2025-09-30,82.30000305175781,83.19999694824219,81.5,82.69999694824219,4192194
2025-10-01,82.80000305175781,83.55000305175781,81.0999984741211,82.30000305175781,4230229
2025-10-02,80.80000305175781,83.4000015258789,80.69999694824219,82.8499984741211,4207100
2025-10-03,79.44999694824219,81.4000015258789,79.44999694824219,81.0999984741211,4448274
2025-10-06,77.80000305175781,80.44999694824219,77.5999984741211,80.44999694824219,4340605
2025-10-07,79.4000015258789,80.0,77.6500015258789,78.0,4049141
2025-10-08,78.5,80.5999984741211,78.5,79.4000015258789,2780313
2025-10-09,78.5,80.1500015258789,77.69999694824219,79.25,2785531
2025-10-10,78.80000305175781,79.4000015258789,78.19999694824219,78.55000305175781,2264809
2025-10-13,78.5,79.0999984741211,77.0999984741211,77.9000015258789,3050894
2025-10-14,77.3499984741211,79.19999694824219,76.9000015258789,78.8499984741211,2430158
2025-10-15,77.94999694824219,78.25,76.5,77.44999694824219,3856969
2025-10-16,77.55000305175781,79.5999984741211,77.4000015258789,77.5999984741211,4178435
2025-10-17,76.55000305175781,78.0,75.5,77.4000015258789,3523303
2025-10-20,78.25,78.9000015258789,75.30000305175781,76.69999694824219,4185555
2025-10-21,78.55000305175781,79.44999694824219,77.69999694824219,79.0,3161926
2025-10-22,79.4000015258789,80.1500015258789,78.69999694824219,79.0,4253555
2025-10-23,79.75,80.4000015258789,78.3499984741211,79.69999694824219,5100298
2025-10-24,82.44999694824219,83.3499984741211,78.5,80.0,10282183
2025-10-27,81.69999694824219,82.6500015258789,80.30000305175781,82.44999694824219,5247979
2025-10-28,80.5999984741211,81.4000015258789,80.30000305175781,81.4000015258789,1796090
2025-10-30,80.19999694824219,81.55000305175781,79.9000015258789,80.6500015258789,3562359
2025-10-31,80.69999694824219,80.94999694824219,79.4000015258789,80.05000305175781,4561140
2025-11-03,82.0999984741211,83.5999984741211,81.5999984741211,81.6500015258789,5302840
2025-11-04,82.19999694824219,82.6500015258789,80.0999984741211,82.0999984741211,4408824
2025-11-05,83.4000015258789,84.5,81.55000305175781,82.19999694824219,5690514
2025-11-06,84.4000015258789,85.30000305175781,83.4000015258789,83.5999984741211,3967322
2025-11-07,83.5,84.69999694824219,82.4000015258789,84.5999984741211,3897335
2025-11-10,85.94999694824219,87.1500015258789,85.19999694824219,86.44999694824219,7651569
2025-11-11,87.4000015258789,87.8499984741211,82.80000305175781,85.94999694824219,11693745
2025-11-12,87.55000305175781,89.94999694824219,86.69999694824219,88.0,9549608
2025-11-13,89.55000305175781,89.94999694824219,87.30000305175781,87.55000305175781,8515349
2025-11-14,87.80000305175781,90.0,86.0999984741211,89.5999984741211,6081680
2025-11-17,88.25,89.69999694824219,87.6500015258789,88.4000015258789,7166984
2025-11-18,92.0,93.4000015258789,88.69999694824219,88.69999694824219,15561286
2025-11-19,92.6500015258789,93.5,91.5,92.44999694824219,13547115
2025-11-20,93.8499984741211,95.4000015258789,93.0,93.44999694824219,13026526
2025-11-21,93.80000305175781,94.5999984741211,92.0,93.3499984741211,10007178
2025-11-24,93.8499984741211,95.3499984741211,93.19999694824219,93.80000305175781,12391058
2025-11-25,94.0999984741211,95.80000305175781,92.6500015258789,94.69999694824219,11908168
2025-11-26,95.25,97.19999694824219,93.75,95.5999984741211,11012268
2025-11-27,95.30000305175781,96.30000305175781,94.94999694824219,95.5,6960593
2025-11-28,93.80000305175781,95.55000305175781,93.25,94.8499984741211,7652469
2025-12-01,92.9000015258789,95.0999984741211,92.05000305175781,93.75,8050995
2025-12-02,93.69999694824219,94.5,92.30000305175781,92.9000015258789,7354195
2025-12-03,94.75,95.6500015258789,93.4000015258789,94.0,9044644
2025-12-04,95.25,96.30000305175781,94.05000305175781,94.75,6498706
2025-12-05,98.5999984741211,99.3499984741211,95.6500015258789,95.9000015258789,16704972
2025-12-08,98.30000305175781,100.69999694824219,98.0999984741211,99.5,10069920
2025-12-09,95.94999694824219,98.69999694824219,95.3499984741211,98.4000015258789,9451877
2025-12-10,95.0999984741211,97.1500015258789,94.69999694824219,96.30000305175781,7715765
2025-12-11,95.69999694824219,96.6500015258789,95.3499984741211,95.4000015258789,5066077
2025-12-12,97.3499984741211,98.19999694824219,96.25,96.25,8429085
2025-12-15,99.8499984741211,99.9000015258789,97.0,97.80000305175781,7632234
2025-12-16,98.75,101.30000305175781,98.30000305175781,100.0,7770201
2025-12-17,99.94999694824219,101.4000015258789,99.19999694824219,100.0,9854213
2025-12-18,99.9000015258789,101.4000015258789,99.25,100.0,8691459
2025-12-19,100.19999694824219,101.19999694824219,99.30000305175781,100.4000015258789,8458746
2025-12-22,104.30000305175781,105.69999694824219,100.80000305175781,103.0,17766249
2025-12-23,103.80000305175781,104.30000305175781,100.5999984741211,104.19999694824219,13308691
2025-12-24,106.5999984741211,107.4000015258789,102.5,103.5,15566551
2025-12-25,105.30000305175781,107.80000305175781,105.30000305175781,106.80000305175781,6014663
2025-12-26,104.69999694824219,106.0999984741211,103.69999694824219,105.30000305175781,8773678
2025-12-29,103.80000305175781,106.30000305175781,103.80000305175781,105.0,6206586
2025-12-30,101.5,104.5999984741211,101.19999694824219,104.0,8095631
2025-12-31,102.0,103.0,101.5,101.9000015258789,6567971
2026-01-02,105.4000015258789,105.4000015258789,102.19999694824219,102.19999694824219,11033581
2026-01-05,104.69999694824219,106.19999694824219,104.4000015258789,106.0,8675558
2026-01-06,104.69999694824219,105.9000015258789,104.0,104.9000015258789,10099786
2026-01-07,101.69999694824219,105.80000305175781,101.30000305175781,105.19999694824219,12661494
2026-01-08,103.0999984741211,103.4000015258789,99.75,102.9000015258789,11344651
2026-01-09,101.30000305175781,104.0999984741211,101.0999984741211,103.19999694824219,7643599
2026-01-12,98.75,101.69999694824219,98.5999984741211,101.4000015258789,11209187
2026-01-13,101.0,101.30000305175781,97.5,98.6500015258789,13296002
2026-01-14,102.0,102.5999984741211,99.80000305175781,101.5,12162232
2026-01-15,104.80000305175781,104.80000305175781,100.4000015258789,101.0999984741211,9947248
2026-01-16,105.80000305175781,106.0,104.0999984741211,105.19999694824219,9272455
2026-01-19,106.9000015258789,108.0,106.0,107.0,13299277
2026-01-20,105.69999694824219,108.0999984741211,105.0999984741211,106.80000305175781,9616398
2026-01-21,106.9000015258789,107.5,105.4000015258789,106.0,7994445
2026-01-22,111.80000305175781,112.0,106.19999694824219,107.30000305175781,14497093
2026-01-23,110.30000305175781,112.0999984741211,109.80000305175781,111.80000305175781,10517791
2026-01-26,109.5999984741211,111.0999984741211,108.5,109.5,9517582
2026-01-27,106.5999984741211,110.30000305175781,106.4000015258789,109.5999984741211,10732123
2026-01-28,107.5999984741211,108.69999694824219,106.0,106.5999984741211,12949143
2026-01-29,109.5,110.4000015258789,107.4000015258789,107.80000305175781,14672437
2026-01-30,108.0,110.0999984741211,106.30000305175781,109.5,13862414
2026-02-02,104.9000015258789,107.0,103.0999984741211,105.5,10538579
2026-02-03,109.19999694824219,110.19999694824219,105.0999984741211,105.4000015258789,11952524
2026-02-04,110.19999694824219,111.4000015258789,109.19999694824219,109.69999694824219,15484564
2026-02-05,110.9000015258789,114.30000305175781,109.4000015258789,111.4000015258789,18850413
2026-02-06,111.19999694824219,112.30000305175781,109.0,111.0,8433613
2026-02-09,114.0999984741211,114.30000305175781,111.80000305175781,112.69999694824219,9305830
2026-02-10,112.80000305175781,114.5999984741211,111.9000015258789,114.19999694824219,6666986
2026-02-11,110.0999984741211,112.9000015258789,110.0,111.9000015258789,9231488
2026-02-12,114.0,114.5999984741211,109.80000305175781,109.80000305175781,11641366
2026-02-13,113.80000305175781,115.5,112.80000305175781,114.0,8064049
2026-02-16,115.80000305175781,117.0,114.5,114.69999694824219,9332819
2026-02-17,112.80000305175781,115.5999984741211,112.80000305175781,115.5,7579005
2026-02-18,110.30000305175781,114.19999694824219,109.0999984741211,113.0,10611461
2026-02-19,105.0,111.0,104.4000015258789,110.4000015258789,7986476
2026-02-20,104.80000305175781,106.19999694824219,102.80000305175781,105.5999984741211,5580189
2026-02-23,105.0999984741211,106.9000015258789,104.4000015258789,106.19999694824219,5908656
2026-02-24,105.0,105.0,102.30000305175781,105.0,6656464
2026-02-25,105.19999694824219,105.9000015258789,102.80000305175781,103.4000015258789,9805307
2026-02-26,104.80000305175781,106.5,104.30000305175781,104.5,5949514
2026-02-27,102.4000015258789,105.80000305175781,101.69999694824219,105.0,9833773
2026-03-02,100.69999694824219,101.5999984741211,95.9000015258789,96.0,6395249
2026-03-03,97.94999694824219,101.4000015258789,97.94999694824219,100.0,5539896
2026-03-04,98.69999694824219,100.30000305175781,97.75,98.55000305175781,5091293
2026-03-05,97.5,100.4000015258789,97.5,99.19999694824219,4093131
2026-03-06,93.05000305175781,97.80000305175781,93.0,97.30000305175781,5765426
2026-03-09,92.6500015258789,93.1500015258789,89.69999694824219,91.0,6280529
2026-03-10,96.19999694824219,96.8499984741211,93.9000015258789,95.0,6237744
2026-03-11,93.44999694824219,94.69999694824219,91.9000015258789,92.0,6964079
2026-03-12,92.80000305175781,94.94999694824219,92.25,93.0,5749469
2026-03-13,89.80000305175781,92.69999694824219,89.5999984741211,92.6500015258789,6359666
2026-03-16,89.0999984741211,90.5,89.0999984741211,89.80000305175781,5122419
2026-03-17,92.0,92.0999984741211,89.5,89.5,3856587
2026-03-18,90.0,92.9000015258789,89.44999694824219,92.19999694824219,3362816
2026-03-19,89.69999694824219,90.69999694824219,89.0999984741211,89.5,2527316
2026-03-23,91.0,91.0,86.05000305175781,88.94999694824219,5886891
2026-03-24,89.0999984741211,90.8499984741211,88.69999694824219,90.80000305175781,3538234
2026-03-25,90.0,90.5,88.8499984741211,90.0,6410616
2026-03-26,87.8499984741211,90.05000305175781,87.8499984741211,89.0999984741211,2920973
2026-03-27,86.94999694824219,88.44999694824219,86.25,88.05000305175781,4042039
2026-03-30,87.75,88.3499984741211,86.3499984741211,86.80000305175781,3941128
2026-03-31,88.4000015258789,88.4000015258789,86.69999694824219,87.6500015258789,4965871
2026-04-01,89.0,90.25,88.69999694824219,90.0,4485661
2026-04-02,89.44999694824219,89.6500015258789,87.3499984741211,87.80000305175781,4040513
2026-04-03,89.19999694824219,89.8499984741211,88.4000015258789,89.5,3191256
2026-04-06,91.19999694824219,91.19999694824219,89.30000305175781,89.4000015258789,6551241
2026-04-07,87.25,91.0999984741211,87.19999694824219,90.0999984741211,5545836
2026-04-08,90.94999694824219,92.0999984741211,89.75,90.75,12523046
2026-04-09,91.0,91.4000015258789,90.1500015258789,90.80000305175781,4922412
2026-04-10,93.94999694824219,94.0,90.94999694824219,92.0,10547125
2026-04-13,93.0,93.5,91.69999694824219,93.0,5047883
2026-04-14,94.25,94.5999984741211,92.69999694824219,94.0,6640708
2026-04-15,94.05000305175781,95.19999694824219,93.9000015258789,94.55000305175781,4489734
2026-04-16,93.19999694824219,95.75,92.6500015258789,95.0999984741211,5588245
2026-04-17,95.55000305175781,95.94999694824219,92.75,93.05000305175781,7369797
2026-04-20,94.4000015258789,94.9000015258789,93.69999694824219,94.30000305175781,4578264
2026-04-21,93.9000015258789,96.0999984741211,93.4000015258789,94.8499984741211,7626573
2026-04-22,92.4000015258789,94.5999984741211,91.6500015258789,94.5,4411550
2026-04-24,93.0,93.6500015258789,91.9000015258789,92.6500015258789,5814537
2026-04-27,95.0999984741211,95.69999694824219,93.69999694824219,93.75,7248344
2026-04-28,96.0999984741211,97.1500015258789,95.3499984741211,96.19999694824219,10464828
2026-04-29,97.1500015258789,98.05000305175781,95.69999694824219,96.55000305175781,6273040
2026-04-30,95.6500015258789,96.75,94.25,96.5999984741211,6037658
2026-05-04,93.4000015258789,95.19999694824219,92.94999694824219,93.94999694824219,6481521
2026-05-05,94.6500015258789,95.19999694824219,92.9000015258789,93.3499984741211,5938529
2026-05-06,100.30000305175781,100.9000015258789,94.69999694824219,95.44999694824219,9812508
2026-05-07,99.94999694824219,102.0999984741211,98.80000305175781,100.69999694824219,5740461
2026-05-08,99.1500015258789,100.0,98.0,99.6500015258789,5089641
2026-05-11,100.9000015258789,101.5999984741211,99.0,99.3499984741211,6145793
2026-05-12,101.0,104.80000305175781,101.0,104.0,6895452
2026-05-13,100.4000015258789,102.5,99.94999694824219,101.80000305175781,3822903
2026-05-14,97.5999984741211,101.0999984741211,97.5999984741211,100.9000015258789,4692902
2026-05-15,97.0,97.80000305175781,95.44999694824219,96.30000305175781,4504046
2026-05-18,92.8499984741211,96.3499984741211,92.8499984741211,96.3499984741211,4984428
2026-05-20,95.44999694824219,96.19999694824219,91.69999694824219,92.8499984741211,6435875
2026-05-21,90.69999694824219,96.0,90.69999694824219,95.44999694824219,3748879
2026-05-22,96.30000305175781,96.69999694824219,88.0,88.0,7436064
2026-05-25,96.9000015258789,98.0,96.05000305175781,96.94999694824219,3963427
2026-05-26,96.05000305175781,97.30000305175781,96.05000305175781,96.69999694824219,1519767
2026-05-27,96.05000305175781,96.05000305175781,96.05000305175781,96.05000305175781,0
2026-05-28,96.05000305175781,96.05000305175781,96.05000305175781,96.05000305175781,0
2026-05-29,96.05000305175781,96.05000305175781,96.05000305175781,96.05000305175781,0
2026-06-01,96.05000305175781,97.94999694824219,94.55000305175781,96.4000015258789,5541623
2026-06-02,99.69999694824219,99.9000015258789,96.69999694824219,96.69999694824219,3610839
2026-06-03,100.4000015258789,102.0999984741211,98.4000015258789,98.5,4180381
2026-06-04,101.0999984741211,102.5,97.3499984741211,101.5,5880801
2026-06-05,98.5,102.4000015258789,98.05000305175781,100.4000015258789,4556480
2026-06-08,101.19999694824219,101.80000305175781,95.69999694824219,97.0,4246443
2026-06-09,104.5,106.69999694824219,101.0,101.0999984741211,7059285
2026-06-10,105.9000015258789,107.0,103.5999984741211,104.30000305175781,6080470
2026-06-11,106.0,108.0,105.30000305175781,105.30000305175781,5867824
2026-06-12,107.0,111.69999694824219,102.30000305175781,107.5999984741211,15390790
2026-06-15,109.4000015258789,110.9000015258789,105.30000305175781,109.19999694824219,11135470
2026-06-16,103.80000305175781,109.4000015258789,99.9000015258789,108.9000015258789,13885034
2026-06-17,100.69999694824219,105.80000305175781,100.5999984741211,104.4000015258789,5606548
2026-06-18,102.9000015258789,102.9000015258789,100.0,100.69999694824219,5255973
2026-06-19,103.5999984741211,104.30000305175781,100.9000015258789,101.9000015258789,4484027
2026-06-22,102.19999694824219,104.4000015258789,102.0999984741211,103.80000305175781,2711983
2026-06-23,100.0,102.4000015258789,99.44999694824219,101.30000305175781,2987575
2026-06-24,102.0,103.19999694824219,99.94999694824219,100.0,4728937
2026-06-25,101.5,102.5,100.30000305175781,102.0,2952002
2026-06-26,105.19999694824219,105.9000015258789,101.4000015258789,101.5,5768971
2026-06-29,107.5,108.5999984741211,104.5999984741211,105.19999694824219,5784918
2026-06-30,107.69999694824219,108.30000305175781,105.5999984741211,107.5999984741211,4966652
2026-07-01,105.30000305175781,109.69999694824219,105.30000305175781,107.19999694824219,5147907
2026-07-02,106.69999694824219,106.80000305175781,104.9000015258789,105.5,3703165
2026-07-03,104.9000015258789,107.9000015258789,104.0,106.9000015258789,3265417
2026-07-06,103.69999694824219,106.30000305175781,102.5999984741211,104.80000305175781,2763728
2026-07-07,102.0999984741211,104.0999984741211,101.4000015258789,103.80000305175781,3959716
2026-07-08,98.3499984741211,101.9000015258789,98.0999984741211,101.9000015258789,4579434
2026-07-09,98.94999694824219,99.4000015258789,97.1500015258789,98.6500015258789,4811452
2026-07-10,100.30000305175781,100.9000015258789,98.19999694824219,99.5,3032646
2026-07-13,99.0,99.30000305175781,97.80000305175781,99.0,2382732
2026-07-14,99.75,100.80000305175781,97.30000305175781,98.30000305175781,3199050
2026-07-16,104.0999984741211,104.30000305175781,98.9000015258789,99.0,4970851
2026-07-17,104.5999984741211,106.69999694824219,102.0999984741211,104.0,3481403
2026-07-20,110.5,111.0,103.9000015258789,104.19999694824219,6114360
2026-07-21,109.5999984741211,110.69999694824219,107.4000015258789,110.5,3935488
2026-07-22,107.80000305175781,110.19999694824219,106.0,110.0,2906124
2026-07-23,107.0999984741211,108.9000015258789,106.0,107.4000015258789,2662422
2026-07-24,105.5999984741211,108.5,105.0,106.5,2271634
2026-07-27,103.19999694824219,106.9000015258789,102.5999984741211,106.19999694824219,2368330
2026-07-28,103.5,105.19999694824219,103.0,103.0,2046120
2026-07-29,101.5,104.4000015258789,100.30000305175781,103.5,2529321
2026-07-30,100.9000015258789,103.80000305175781,100.5,100.80000305175781,3744358
2026-07-31,101.0,101.69999694824219,99.1500015258789,101.30000305175781,2640710
2026-08-03,102.9000015258789,103.19999694824219,100.0,102.0,3891512
2026-08-04,103.9000015258789,104.0999984741211,101.5,103.4000015258789,3658214
2026-08-05,101.0999984741211,103.80000305175781,100.0,103.80000305175781,3617899
2026-08-06,100.30000305175781,102.5999984741211,100.30000305175781,101.0999984741211,2128368
2026-08-07,101.80000305175781,102.80000305175781,99.1500015258789,100.9000015258789,3179132
2026-08-10,107.0,107.5999984741211,101.0,102.30000305175781,6441561
2026-08-11,104.69999694824219,106.69999694824219,101.4000015258789,106.5,4723389
2026-08-12,101.5,104.5,101.0999984741211,104.4000015258789,4469130
2026-08-13,102.5,102.5999984741211,100.9000015258789,101.5,3393243
2026-08-14,103.4000015258789,105.0,102.4000015258789,102.4000015258789,2504748
2026-08-17,103.80000305175781,104.80000305175781,102.80000305175781,103.5999984741211,2711269
2026-08-18,107.0,107.4000015258789,101.5999984741211,103.0,5319790
2026-08-19,113.0999984741211,116.30000305175781,106.0999984741211,106.5,10483835
2026-08-20,107.69999694824219,113.30000305175781,106.30000305175781,113.0,15314390
2026-08-21,106.30000305175781,110.0,106.19999694824219,107.69999694824219,11801277
2026-08-24,104.0,107.80000305175781,103.80000305175781,107.5999984741211,6914810
2026-08-25,105.9000015258789,106.30000305175781,102.19999694824219,104.19999694824219,9652590
2026-08-26,108.5,109.80000305175781,106.0,106.0,6198892
2026-08-27,109.5999984741211,111.30000305175781,108.4000015258789,110.0999984741211,4499316
2026-08-28,110.19999694824219,111.19999694824219,108.80000305175781,109.5,3043049
2026-08-31,108.30000305175781,110.30000305175781,105.9000015258789,109.9000015258789,3920345
2026-09-01,107.9000015258789,110.0,106.80000305175781,108.30000305175781,3288617
2026-09-02,110.4000015258789,111.0,104.80000305175781,106.9000015258789,4877057
2026-09-03,111.69999694824219,112.5999984741211,110.0999984741211,110.5,5040675
2026-09-04,112.0,113.5,109.9000015258789,111.5,4207554
2026-09-07,113.9000015258789,113.9000015258789,111.19999694824219,112.5,4139707
2026-09-08,115.0,115.0,112.5999984741211,113.9000015258789,3192557
2026-09-09,116.30000305175781,119.9000015258789,114.0,115.0,6371890
2026-09-10,116.5999984741211,117.19999694824219,115.0,117.0999984741211,2792653
2026-09-11,117.4000015258789,118.5,115.9000015258789,117.5999984741211,4216852
2026-09-14,113.19999694824219,117.0,112.69999694824219,116.69999694824219,3086607
2026-09-15,109.0,114.4000015258789,108.80000305175781,113.0,3549806
2026-09-16,104.5999984741211,109.30000305175781,101.5,108.69999694824219,4963337
2026-09-17,109.5,109.9000015258789,103.30000305175781,104.5999984741211,5822078
2026-09-18,107.80000305175781,109.4000015258789,106.0999984741211,108.5,3284107
2026-09-21,107.4000015258789,108.5999984741211,104.19999694824219,107.80000305175781,6225155
2026-09-22,108.80000305175781,110.0999984741211,107.0,107.4000015258789,4272132
2026-09-23,109.19999694824219,109.9000015258789,108.0,108.69999694824219,3196954
2026-09-24,105.0,110.19999694824219,105.0,109.30000305175781,3222338
2026-09-25,107.0,107.5999984741211,104.80000305175781,105.80000305175781,3184300
2026-09-28,104.0,106.19999694824219,102.0,106.0,3537811
2026-09-29,100.69999694824219,104.4000015258789,100.69999694824219,104.0,3032373
2026-09-30,98.6500015258789,101.0,97.5,100.19999694824219,4580512
2026-10-01,101.9000015258789,103.0,98.55000305175781,100.0999984741211,4647506
2026-10-02,,,,,2382720
