Date,Close,High,Low,Open,Volume
2018-01-01,4.486188888549805,4.486188888549805,4.486188888549805,4.486188888549805,0
2018-01-02,4.3937458992004395,4.475312757495251,4.312178781610909,4.431810363926093,110722
2018-01-03,4.1327314376831055,4.458999661314321,4.1327314376831055,4.4154972660694565,397539
2018-01-04,4.116418361663818,4.187109627596024,4.116418361663818,4.138169560303687,105158
2018-01-05,4.03485107421875,4.2197365144880425,3.9859107496075303,4.138169393234253,226525
2018-01-08,4.040288925170898,4.105542780676631,4.007662127065403,4.051164524539397,102615
2018-01-09,4.067477703094482,4.10010449839133,4.0402885773664154,4.045726506229917,73421
2018-01-10,4.089228630065918,4.1218554232093645,4.029412712988913,4.078353032351435,85407
2018-01-11,4.159920692443848,4.192547489882086,4.062040040834395,4.0946670975673705,137505
2018-01-12,4.159920692443848,4.159920692443848,4.072915639980475,4.159920692443848,264324
2018-01-15,4.149044513702393,4.214298099463354,4.110979792361147,4.159920111329219,52437
2018-01-16,4.154482841491699,4.159920770814555,4.094667174708735,4.149045171463585,76406
2018-01-17,4.1436076164245605,4.19254794757198,4.105543144905249,4.13273201609122,81911
2018-01-18,4.1436076164245605,4.181672347238639,4.094667544571907,4.165358817091244,75553
2018-01-19,4.094666481018066,4.138168871052066,4.067477357599468,4.1001041501249675,47446
2018-01-22,4.110980033874512,4.110980033874512,4.045726444280007,4.094666766123243,15384
2018-01-23,4.1327314376831055,4.170796163169726,4.083791372679997,4.083791372679997,38965
2018-01-24,4.176233768463135,4.176233768463135,4.1109801766031,4.176233768463135,27603
2018-01-25,4.176233768463135,4.176233768463135,4.1327313738897775,4.176233768463135,33155
2018-01-26,4.1707963943481445,4.181671993762172,4.1164183972780055,4.176234064407787,72556
2018-01-29,4.0783538818359375,4.1707966113113795,4.0783538818359375,4.138169811372062,60467
2018-01-30,4.072916030883789,4.100105161005868,4.029413630124273,4.089229560815989,47725
2018-01-31,4.045726776123047,4.067477974438649,4.007662049423375,4.056602375280848,36312
2018-02-01,4.072916030883789,4.08379189036843,3.9913491591070764,4.045727160056472,76059
2018-02-02,4.0783538818359375,4.100105081795482,4.023975881937076,4.062040352218901,50753
2018-02-05,4.03485107421875,4.062039941773526,4.007661947369243,4.029413145130957,37167
2018-02-06,4.023975849151611,4.023975849151611,3.8336527214088827,3.975035519994001,312308
2018-02-07,3.9804728031158447,4.023975195615245,3.969597204990994,4.023975195615245,20406
2018-02-08,4.0131001472473145,4.0131001472473145,3.866279422801425,3.95872214917379,664608
2018-02-09,3.942408323287964,3.9967863172674725,3.893467999059041,3.9260947954467467,63766
2018-02-12,3.969597339630127,3.969597339630127,3.877154622786111,3.942408213748456,214043
2018-02-13,3.969597339630127,3.969597339630127,3.877154622786111,3.958721741136403,159260
2018-02-14,3.969597339630127,3.969597339630127,3.920657016761008,3.920657016761008,44292
2018-02-15,3.996786594390869,4.007662193940848,3.9315329970909993,3.9315329970909993,43163
2018-02-16,4.023975849151611,4.023975849151611,3.9695978496957967,3.996786719776327,68052
2018-02-19,4.023975849151611,4.045727048933937,4.013100249260448,4.034851449042774,49512
2018-02-20,4.03485107421875,4.03485107421875,3.9695974809336105,4.002224277576181,32993
2018-02-21,4.051164627075195,4.078353755831975,4.002224558325641,4.002224558325641,83267
2018-02-22,4.051164627075195,4.051164627075195,3.9152195018807965,4.034851357256927,199567
2018-02-23,4.0783538818359375,4.0783538818359375,4.023975881937076,4.051164752239128,23288
2018-02-26,4.138169288635254,4.143606958290871,4.045726570837249,4.078353366655122,40339
2018-02-27,4.1055426597595215,4.1381694569040866,4.034851136298929,4.1381694569040866,63278
2018-02-28,4.083791732788086,4.127294131868985,4.051164674182659,4.127294131868985,43721
2018-03-01,4.007661819458008,4.0783533395747025,3.9967862209242644,4.062039812126726,38407
2018-03-02,3.9913487434387207,4.013099941553259,3.985910814262719,3.9967864133199877,8557
2018-03-05,3.9804728031158447,4.0348507937400955,3.975034874406063,4.0348507937400955,18734
2018-03-06,3.969597339630127,3.9859106077233526,3.9641594107359044,3.969597339630127,15335
2018-03-07,3.95872163772583,3.975034905392917,3.9424081107640285,3.95872163772583,8497
2018-03-08,3.95328426361084,3.9967866625526494,3.947846593390489,3.947846593390489,56403
2018-03-09,3.9641597270965576,3.9750353264582112,3.9532841277349036,3.9750353264582112,39556
2018-03-12,3.915219783782959,3.969598045211841,3.9097821132169317,3.969598045211841,687521
2018-03-13,3.9097819328308105,3.9478466622158765,3.904344003220906,3.9478466622158765,680279
2018-03-14,3.915219783782959,3.969598045211841,3.9097821132169317,3.969598045211841,611193
2018-03-15,3.882591962814331,3.9097810863880715,3.8825919628143315,3.8989054888175154,1331326
2018-03-16,3.8989064693450928,3.915219740156166,3.8608417386279794,3.915219740156166,450257
2018-03-19,3.9260952472686768,3.953284377034768,3.8771551767023733,3.953284377034768,912568
2018-03-20,3.92065691947937,3.9315325177032423,3.898905723031625,3.898905723031625,6029
2018-03-21,3.9750351905822754,3.985910789572176,3.9315327946226737,3.9315327946226737,18086
2018-03-22,4.029412746429443,4.040288344234184,3.958721490345985,3.969597088150725,35527
2018-03-23,4.03485107421875,4.062039941773526,3.991348678695324,4.013099876457037,18587
2018-03-26,4.110980033874512,4.138169159186246,4.083791167857492,4.083791167857492,24969
2018-03-27,4.121856212615967,4.159920941554059,4.089229413223925,4.121856212615967,40498
2018-03-28,4.199505805969238,4.216716741739128,4.10771314546589,4.216716741739128,144092
2018-03-29,4.279823303222656,4.291297349334667,4.142134476315687,4.233927118774613,54885
2018-03-30,4.245401859283447,4.2970349384514135,4.216716602530113,4.279824003249719,9318
2018-04-02,4.371616363525391,4.8133678926115016,4.233927788404692,4.268349932184867,503853
2018-04-03,4.371616363525391,4.543727355989145,4.251138723513339,4.331457332563295,170552
2018-04-04,4.383090496063232,4.480620042104543,4.348668351618573,4.354405512474126,80927
2018-04-05,4.377353668212891,4.434723909733049,4.365879619908859,4.434723909733049,27537
2018-04-06,4.440460681915283,4.457671890706306,4.337194249857794,4.428986633908896,15650
2018-04-09,4.417512893676758,4.503568396501713,4.417512893676758,4.417512893676758,17454
2018-04-10,4.417512893676758,4.469146250084312,4.193768805182195,4.400301957249508,67580
2018-04-11,4.4117751121521,4.4691453445568845,4.360141766206369,4.3888270191901855,73067
2018-04-12,4.446197986602783,4.474883244328603,4.417512728876963,4.417512728876963,14182
2018-04-13,4.457671642303467,4.469145689670466,4.417512339737537,4.469145689670466,21946
2018-04-16,4.417512893676758,4.440460991288359,4.388827908443707,4.417512893676758,18306
2018-04-17,4.446197986602783,4.469146083358282,4.446197986602783,4.469146083358282,7396
2018-04-18,4.451934814453125,4.46914574895048,4.388827416316123,4.46914574895048,120366
2018-04-19,4.446197986602783,4.503568228491531,4.342931551203037,4.446197986602783,109991
2018-04-20,4.434723854064941,4.463409111246386,4.394564548723496,4.434723854064941,8210
2018-04-23,4.434723854064941,4.434723854064941,4.434723854064941,4.434723854064941,0
2018-04-24,4.4232497215271,4.4806199612327084,4.411775673585978,4.474883074043588,8139
2018-04-25,4.371616363525391,4.446197811830543,4.360142315598666,4.434723763903818,62213
2018-04-26,4.417512893676758,4.474883411268663,4.411776006055309,4.474883411268663,12268
2018-04-27,4.388828277587891,4.417513265233635,4.354406128275243,4.417513265233635,6975
2018-04-30,4.446197986602783,4.446197986602783,4.383090583743714,4.446197986602783,11425
2018-05-01,4.446197986602783,4.446197986602783,4.446197986602783,4.446197986602783,0
2018-05-02,4.417512893676758,4.451935313657062,4.406038844870957,4.43472410366691,39069
2018-05-03,4.4232497215271,4.4461978174093435,4.406038512833977,4.4461978174093435,176783
2018-05-04,4.417512893676758,4.451935313657062,4.308509566803103,4.417512893676758,12044
2018-05-07,4.417512893676758,4.44619815247271,4.388827908443707,4.417512893676758,999
2018-05-08,4.400301933288574,4.446198128261859,4.314246430932217,4.394564772135464,23958
2018-05-09,4.383090496063232,4.440460736804331,4.319983368029467,4.388827656918785,4827
2018-05-10,4.417512893676758,4.44619815247271,3.970024716687633,4.360142649647755,26310
2018-05-11,4.394564151763916,4.457671547724892,4.394564151763916,4.457671547724892,6838
2018-05-14,4.394564151763916,4.446197500601338,4.3314570293658035,4.38882726498357,49520
2018-05-15,4.457671642303467,4.457671642303467,4.371616150269542,4.440460434471535,86820
2018-05-16,4.4232497215271,4.532253313749197,4.417512560775098,4.503568057114952,21432
2018-05-17,4.446197986602783,4.446197986602783,4.423249889847284,4.423249889847284,3042
2018-05-18,4.451934814453125,4.451934814453125,4.394564303294285,4.4347236063928985,20157
2018-05-21,4.4232497215271,4.4461978174093435,4.394564464892855,4.417512560775098,142945
2018-05-22,4.469146251678467,4.503568398108148,4.406038846442602,4.440460992872283,1885
2018-05-23,4.354405403137207,4.451934946729601,4.337194194565599,4.417512529586385,12224
2018-05-24,4.543727397918701,4.6068345253166,4.406038547964528,4.417512595997135,22545
2018-05-25,4.612571716308594,4.612571716308594,4.463409090908266,4.537990266826987,9105
2018-05-28,4.60109806060791,4.606834674465615,4.515042287232922,4.532253496620498,6293
2018-05-29,4.509305000305176,4.635519521568005,4.486356905530116,4.589623332017886,8828
2018-05-30,4.555202007293701,4.589624155633402,4.532253908400568,4.589624155633402,1877
2018-05-31,4.543727397918701,4.618308846912091,4.526516189088348,4.578149542016523,7215
2018-06-01,4.555202007293701,4.698627488594328,4.515042697449259,4.698627488594328,25317
2018-06-04,4.6240458488464355,4.710101069353042,4.618308688245795,4.710101069353042,12260
2018-06-05,4.652730941772461,4.698627136115717,4.629782844600833,4.641257166749544,60886
2018-06-06,4.566676139831543,4.652731375465121,4.560938978222413,4.652731375465121,5794
2018-06-07,4.555202007293701,4.646994676429153,4.543727957847135,4.543727957847135,10488
2018-06-08,4.440460681915283,4.492094034725469,4.314246153845019,4.492094034725469,51663
2018-06-11,4.446197986602783,4.480620131736032,4.377353696336286,4.428986777254712,9227
2018-06-12,4.383090496063232,4.451935058515438,4.377353608770566,4.428986688656111,7223
2018-06-13,4.360142230987549,4.406038421803806,4.33719413557942,4.33719413557942,6216
2018-06-14,4.687152862548828,4.755997146741164,4.365879262755062,4.417512339117879,17971
2018-06-15,4.687152862548828,4.687152862548828,4.687152862548828,4.687152862548828,0
2018-06-18,4.560938358306885,4.70436409628588,4.537990262115277,4.687153160923616,16233
2018-06-19,4.658468246459961,4.687153505590265,4.589623952822717,4.6469944710833255,2290
2018-06-20,4.675678730010986,4.675678730010986,4.589623508084701,4.589623508084701,5635
2018-06-21,4.578149795532227,4.675679072428647,4.578149795532227,4.652730975092677,9576
2018-06-22,4.933845520019531,5.1059559649178485,4.652730662625706,4.675678758420532,61691
2018-06-25,4.933845520019531,5.1059559649178485,4.767471688725599,4.933845520019531,34090
2018-06-26,4.956793785095215,4.979741881673748,4.842052755076768,4.842052755076768,10828
2018-06-27,4.97974157333374,5.088744888550966,4.939581996463608,4.97974157333374,52777
2018-06-28,4.974004745483398,5.019900938868707,4.887949519667391,4.956793809745354,59332
2018-06-29,4.956793785095215,4.968267559821592,4.876475173507458,4.933845688516681,11327
2018-07-02,4.882212162017822,4.939582127875241,4.870737840570882,4.939582127875241,10515
2018-07-03,4.893685817718506,4.933845394683588,4.8822120436754455,4.933845394683588,6345
2018-07-04,4.899423122406006,4.9051602831591525,4.819104513239238,4.9051602831591525,22009
2018-07-05,4.8764753341674805,4.933845851066828,4.824841978383226,4.824841978383226,46793
2018-07-06,4.727312088012695,4.8420525664351866,4.721574927310131,4.836315952858381,31521
2018-07-09,4.664205074310303,4.761734620106365,4.646994138912695,4.761734620106365,39691
2018-07-10,4.193768501281738,4.612571662689339,4.02739466887242,4.601097888277885,155169
2018-07-11,3.9528133869171143,4.188031790652659,3.9528133869171143,4.182294629642159,300863
2018-07-12,3.826598882675171,4.004446771895687,3.6774359780343473,4.004446771895687,134432
2018-07-13,3.820861577987671,4.010183508635652,3.7864394336482996,3.826598738825675,183376
2018-07-16,3.815124988555908,3.9298654786448304,3.7979137782611163,3.832335925287793,32703
2018-07-17,3.878232002258301,3.912654145800117,3.7864393459172443,3.8380726980114086,141341
2018-07-18,3.9757609367370605,4.05607953845423,3.8724945148243726,3.9011797688037695,224324
2018-07-19,4.0847649574279785,4.147872358820409,3.9929725725392693,4.015920668761447,395043
2018-07-20,4.021657943725586,4.084765073345993,4.015920782725789,4.07902818590909,37711
2018-07-23,3.9470763206481934,3.992972512401308,3.9298651119593346,3.9642872557741704,119137
2018-07-24,3.826598882675171,3.947076529173407,3.809387673077039,3.924128432084495,67093
2018-07-25,3.8839690685272217,3.8954431169036714,3.866757859181101,3.8839690685272217,48707
2018-07-26,3.8438096046447754,3.8897060698294745,3.843809604644775,3.8897060698294745,42248
2018-07-27,3.803650379180908,3.8610206157733997,3.786439171421727,3.8610206157733997,75788
2018-07-30,3.76922869682312,3.832335827988342,3.729069389530151,3.8093877305531882,25169
2018-07-31,3.7921769618988037,3.797913849729752,3.7634917020553242,3.769228863449185,22771
2018-08-01,3.7864396572113037,3.809387754792477,3.757754672016288,3.757754672016288,225211
2018-08-02,3.717595338821411,3.75775464609287,3.6946472413985485,3.75775464609287,12904
2018-08-03,3.660224199295044,3.763490612419821,3.654487039562251,3.7290684747115623,36921
2018-08-06,3.591381072998047,3.6889103575960775,3.591381072998047,3.665962258447962,29065
2018-08-07,3.5971176624298096,3.6258029207654334,3.5799064527158553,3.6258029207654334,19387
2018-08-08,3.5397469997406006,3.6143284437224583,3.476639603020347,3.6143284437224583,30607
2018-08-09,3.5397469997406006,3.574169141525412,3.4995876975435545,3.5397469997406006,51024
2018-08-10,3.76349139213562,3.8495468910165633,3.4766399115744036,3.5282732656155473,212437
2018-08-13,4.073291301727295,4.13066154780964,3.556958539860362,3.769228860709408,294056
2018-08-14,4.142135143280029,4.388827584754805,3.7807024957725774,4.113450160162581,47385
2018-08-15,4.159346580505371,4.308509485737134,4.096239176479403,4.2109799359414275,61143
2018-08-16,4.142135143280029,4.297034927515475,3.9814984718462467,4.0732908555226945,67817
2018-08-17,4.388828277587891,4.388828277587891,4.079028660211138,4.251139406774376,71952
2018-08-20,4.417512893676758,4.428986942482559,4.308509566803103,4.428986942482559,2931
2018-08-21,4.417512893676758,4.417512893676758,4.417512893676758,4.417512893676758,0
2018-08-22,4.417512893676758,4.417512893676758,4.417512893676758,4.417512893676758,0
2018-08-23,4.417512893676758,4.417512893676758,4.417512893676758,4.417512893676758,0
2018-08-24,4.417512893676758,4.417512893676758,4.417512893676758,4.417512893676758,0
2018-08-27,4.4232497215271,4.4691459132915865,4.417512560775098,4.417512560775098,18540
2018-08-28,4.365879535675049,4.469145968418946,4.228190685120301,4.451935033076406,62314
2018-08-29,4.2855610847473145,4.388827794890579,4.2626129877294545,4.360142536836807,20605
2018-08-30,4.2855610847473145,4.2855610847473145,4.2855610847473145,4.2855610847473145,0
2018-08-31,4.279823303222656,4.377352831956169,4.245401164886624,4.274086143385232,4975
2018-09-03,4.216716289520264,4.360142015514578,4.193768195246203,4.297034619479478,10847
2018-09-04,4.101975917816162,4.222453552463675,4.101975917816162,4.216716391974332,32791
2018-09-05,3.9987096786499023,4.153609473408211,3.987235629910876,4.101976390864042,59617
2018-09-06,4.142135143280029,4.210979704600247,4.015920615724915,4.0618168075631385,69202
2018-09-07,4.130661487579346,4.216716992229521,4.107713389481019,4.159346746983706,10581
2018-09-10,4.061817169189453,4.216716967215731,4.061817169189453,4.193768869253535,33316
2018-09-11,3.9470763206481934,4.0446058649050025,3.9298651119593346,4.0446058649050025,28033
2018-09-12,3.7921769618988037,3.9585508124399955,3.7921769618988037,3.9183915033717067,23961
2018-09-13,3.8323354721069336,3.9241281268863246,3.6889097396746893,3.8265985850623383,154967
2018-09-14,3.76922869682312,3.895443232716464,3.7634915356828813,3.895443232716464,92153
2018-09-17,3.80938720703125,3.9011798577197516,3.752016971327725,3.757754131679509,88459
2018-09-18,3.8954427242279053,3.9298648658873683,3.849546535348621,3.906916771447726,86819
2018-09-19,3.9585506916046143,4.0618171314756735,3.901180447231803,3.981498789353738,92234
2018-09-20,3.8323354721069336,3.998709299843307,3.8323354721069336,3.992972412798712,75801
2018-09-21,3.820861577987671,3.87249493127817,3.7692284982600572,3.87249493127817,108751
2018-09-24,3.780702590942383,3.843809719527065,3.7692285426939964,3.7749654300367452,148954
2018-09-25,3.7864396572113037,3.8323358523736504,3.7807027695974615,3.8323358523736504,81312
2018-09-26,3.7520174980163574,3.826598951681726,3.6544879468482447,3.803650854178982,7851
2018-09-27,3.75775408744812,3.7979131151864562,3.7348059934368254,3.75775408744812,60509
2018-09-28,3.75775408744812,3.7749650211751615,3.7175947861469245,3.75775408744812,74661
2018-10-01,3.7520174980163574,3.780702756676238,3.7290694005136134,3.7290694005136134,217835
2018-10-02,3.7520174980163574,3.7864396442704735,3.7290694005136134,3.7634915467677295,61207
2018-10-03,3.803650379180908,3.878231823532581,3.7634910767847303,3.786439171421727,198259
2018-10-04,3.6487507820129395,3.8438095959652143,3.6487507820129395,3.8438095959652143,168634
2018-10-05,3.6430137157440186,3.7175951656761757,3.5856434748588546,3.7175951656761757,243445
2018-10-08,3.614328622817993,3.625802670648154,3.5569581101043117,3.614328622817993,97879
2018-10-09,3.614328622817993,3.6544876534421156,3.5397471751405103,3.614328622817993,128368
2018-10-10,3.614328622817993,3.643013605611955,3.574169318630992,3.614328622817993,42391
2018-10-11,3.574169635772705,3.579906523415389,3.534010328022305,3.574169635772705,185127
2018-10-12,3.534010171890259,3.585643526207776,3.52827328450103,3.5569582685729575,162607
2018-10-15,3.562694787979126,3.5799057206104763,3.528272649153584,3.5799057206104763,27592
2018-10-16,3.5110621452331543,3.5799064366542996,3.505325257729507,3.5626955005804612,102242
2018-10-17,3.568432331085205,3.6258028465826713,3.5282732985124494,3.539747346899364,162376
2018-10-18,3.5512211322784424,3.6085913699641052,3.5397470847413097,3.579906114339838,39800
2018-10-19,3.528273105621338,3.5913805050807266,3.419269515123441,3.419269515123441,108025
2018-10-22,3.482377052307129,3.5282732451607832,3.4594289558803015,3.4594289558803015,27867
2018-10-23,3.4594290256500244,3.493851170984491,3.3848475739772343,3.4823771225396687,45835
2018-10-24,3.430743932723999,3.562695632965803,3.4192698837274467,3.4651660797136556,63163
2018-10-25,3.4364802837371826,3.4422174441208924,3.3963212553026723,3.419269349711782,19762
2018-10-26,3.4077956676483154,3.476639958252226,3.39632161921433,3.465165909818241,11328
2018-10-29,3.4077956676483154,3.4077956676483154,3.4077956676483154,3.4077956676483154,0
2018-10-30,3.430743932723999,3.4364808204408215,3.3618996387446853,3.402058673451165,8256
2018-10-31,3.367635726928711,3.413531912018401,3.338950748029075,3.3791097732011335,17413
2018-11-01,3.3561620712280273,3.384847327028737,3.344688023620318,3.3618992318133185,23117
2018-11-02,3.3963215351104736,3.4307436795600257,3.3274772462113686,3.3905843742541046,76569
2018-11-05,3.3389511108398438,3.413532282933167,3.333213950298811,3.3561620453371983,65515
2018-11-06,3.3389511108398438,3.3561620453371983,3.3274770633206496,3.3504251583590374,23786
2018-11-07,3.3446879386901855,3.36189914644615,3.3274770044970876,3.3389510518134418,133191
2018-11-08,3.3446879386901855,3.373373193762504,3.3274770044970876,3.36189914644615,24534
2018-11-09,3.3561620712280273,3.356162071228027,3.3045289937747717,3.344688023620318,145185
2018-11-12,3.321739912033081,3.373373262794725,3.3217399120330806,3.3618992152435676,3314
2018-11-13,3.3102660179138184,3.3274772268197355,3.2987919698308352,3.3217400659968015,7742
2018-11-14,3.3102660179138184,3.350425322985702,3.2987919698308352,3.3160031787367523,35319
2018-11-15,3.3504254817962646,3.3676364179550977,3.32174022344768,3.327477384542556,68123
2018-11-16,3.32747745513916,3.3676364894037256,3.321740293922563,3.3676364894037256,118309
2018-11-19,3.3504254817962646,3.4192697735573914,3.3102661748208253,3.3676364179550977,2668342
2018-11-20,3.32747745513916,3.5397474960209907,3.32747745513916,3.361899601750032,123505
2018-11-21,3.321739912033081,3.35042516769241,3.304528977487781,3.3274770725900957,35026
2018-11-22,3.3389511108398438,3.3561620453371983,3.3102658552604236,3.3561620453371983,24419
2018-11-23,3.3045289516448975,3.3446879809784504,3.29879179113275,3.3160029991063227,17292
2018-11-26,3.3160030841827393,3.3446880667908183,3.3045290364269326,3.3160030841827397,18229
2018-11-27,3.3504254817962646,3.4135326124625154,3.32174022344768,3.32174022344768,178935
2018-11-28,3.430743932723999,3.568432520682626,3.3618996387446853,3.3618996387446853,116665
2018-11-29,3.4364802837371826,3.4938507933228222,3.4307433969163372,3.4307433969163372,27500
2018-11-30,3.4422175884246826,3.4422175884246826,3.373373302311279,3.407795445367981,22152
2018-12-03,3.516799211502075,3.643013742371979,3.516799211502075,3.539747308023876,111679
2018-12-04,3.5856432914733887,3.637276642410725,3.528273053522389,3.539747101112589,123684
2018-12-05,3.5454845428466797,3.5913810139512354,3.4651661971488097,3.5799066910029094,13793
2018-12-06,3.5053250789642334,3.568432206100485,3.4709029350091285,3.568432206100485,11153
2018-12-07,3.4995880126953125,3.551221366803751,3.4881139644004255,3.545484205874862,22304
2018-12-10,3.465165615081787,3.493850870508316,3.465165615081787,3.493850870508316,10395
2018-12-11,3.425006866455078,3.476640225153343,3.413532817140232,3.476640225153343,24626
2018-12-12,3.3561620712280273,3.4594287732602846,3.275843737974062,3.4135323092665737,35945
2018-12-13,3.4077956676483154,3.5799063941580926,3.316003280176434,3.327477328610419,57847
2018-12-14,3.4020586013793945,3.4536919575514933,3.356162406365485,3.4307438600445384,5119
2018-12-17,3.3102660179138184,3.419269611483601,3.2987919698308352,3.407795563400618,110997
2018-12-18,3.3389511108398438,3.3676360928563924,3.333213950298811,3.3504251583590374,13153
2018-12-19,3.379110336303711,3.379110336303711,3.3102660471968077,3.3561622399347435,86027
2018-12-20,3.321739912033081,3.356162054686553,3.3102658644819236,3.35042516769241,38706
2018-12-21,3.3504254817962646,3.4307438221842457,3.298792126193971,3.327477384542556,69980
2018-12-24,3.321739912033081,3.35042516769241,3.3102658644819236,3.333213959584238,8770
2018-12-25,3.3561620712280273,3.379110166443446,3.2701065773887703,3.327477088990191,35424
2018-12-26,3.3504254817962646,3.356162369328243,3.32174022344768,3.356162369328243,34248
2018-12-27,3.3504254817962646,3.356162369328243,3.3160033359157017,3.356162369328243,32651
2018-12-28,3.3561620712280273,3.4135323092665737,3.321739928404899,3.3504251842056094,310638
2018-12-31,3.3504254817962646,3.4823771777865398,3.327477384542556,3.3504254817962646,489022
2019-01-01,3.3504254817962646,3.3504254817962646,3.3504254817962646,3.3504254817962646,0
2019-01-02,3.3160030841827393,3.436480448837274,3.2701066195966346,3.436480448837274,119459
2019-01-03,3.3045289516448975,3.3561620284398757,3.281580583159177,3.3045289516448975,35780
2019-01-04,3.333214521408081,3.333214521408081,3.3045295344766785,3.3045295344766785,3420
2019-01-07,3.3045289516448975,3.3504251414905983,3.3045289516448975,3.327477046567748,11052
2019-01-08,3.3389511108398438,3.3389511108398438,3.2987918077412295,3.3274770633206496,26229
2019-01-09,3.3160030841827393,3.3504252274501605,3.2987918757675905,3.3504252274501605,82215
2019-01-10,3.2987918853759766,3.333214028743659,3.2987918853759766,3.327477141630484,38711
2019-01-11,3.287317991256714,3.316003248852151,3.275843942931117,3.287317991256714,61739
2019-01-14,3.281580924987793,3.293054973644422,3.2643699887842987,3.287318086097557,33576
2019-01-15,3.3160030841827393,3.3676361623024325,3.2987918757675905,3.3274771319385463,128524
2019-01-16,3.3160030841827393,3.3561621145466254,3.2987918757675905,3.3389511796943534,38922
2019-01-17,3.3389511108398438,3.3561620453371983,3.3274770633206496,3.3274770633206496,37681
2019-01-18,3.3561620712280273,3.373373279421028,3.321739928404899,3.3389511365979,59835
2019-01-21,3.3561620712280273,3.384847327028737,3.344688023620318,3.356162071228027,41180
2019-01-22,3.3561620712280273,3.3676361188357364,3.293054672604189,3.356162071228027,29478
2019-01-23,3.3389511108398438,3.3561620453371983,3.333213950298811,3.3561620453371983,14031
2019-01-24,3.3504254817962646,3.356162369328243,3.3332142720745344,3.3446883207013887,44590
2019-01-25,3.3504254817962646,3.356162369328243,3.3332142720745344,3.3504254817962646,43399
2019-01-28,3.3561620712280273,3.4077954222441558,3.3389511365979,3.356162071228027,44067
2019-01-29,3.3561620712280273,3.390584214051155,3.3332139760126083,3.3618992318133185,40126
2019-01-30,3.321739912033081,3.373373262794725,3.2930546563737515,3.356162054686553,142851
2019-01-31,3.333214521408081,3.3618997819024017,3.316003583961823,3.3389516829321124,66517
2019-02-01,3.32747745513916,3.3504255528797415,3.293055034965384,3.32747745513916,56937
2019-02-04,3.4881136417388916,3.5282729438375795,3.3676360090056914,3.3676360090056914,456805
2019-02-05,3.5110621452331543,3.6602250502085316,3.4995880966629636,3.505325257729507,425968
2019-02-06,3.47663950920105,3.5454837909128667,3.4192692744412025,3.516798810314372,217036
2019-02-07,3.4135324954986572,3.488113945799145,3.3963215599295533,3.476639897565446,143683
2019-02-08,3.367635726928711,3.3848469331187654,3.338950748029075,3.3848469331187654,135584
2019-02-11,3.4020586013793945,3.4307438600445384,3.3618995675236745,3.3618995675236745,241092
2019-02-12,3.4077956676483154,3.5110621035541816,3.39632161921433,3.4364806519518316,176272
2019-02-13,3.3618993759155273,3.436480551780999,3.3446881669847968,3.4192696164131537,97258
2019-02-14,3.367635726928711,3.430743118208456,3.3274767017566527,3.3791097732011335,193198
2019-02-15,3.3848471641540527,3.4077952582652373,3.356161909733642,3.3848471641540527,41199
2019-02-18,3.367635726928711,3.3848469331187654,3.3618988405739203,3.3848469331187654,64232
2019-02-19,3.367635726928711,3.4422171644808786,3.3561616806562884,3.3618988405739203,96084
2019-02-20,3.3733739852905273,3.396322085307775,3.3676368235047502,3.3848480352991515,115780
2019-02-21,3.465165615081787,3.4709027755922413,3.373373235417487,3.373373235417487,76408
2019-02-22,3.430743932723999,3.4536920307171033,3.4250067714442696,3.4536920307171033,60883
2019-02-25,3.430743932723999,3.48811417770676,3.4192698837274467,3.4536920307171033,129057
2019-02-26,3.3733739852905273,3.4364811235564923,3.3504258852732804,3.4364811235564923,586855
2019-02-27,3.32747745513916,3.413532684884889,3.32747745513916,3.373373650620323,245269
2019-02-28,3.333214521408081,3.3791107193486596,3.316003583961823,3.333214521408081,2129253
2019-03-01,3.2930545806884766,3.3561619775508613,3.2873176938261865,3.3446879302634156,599843
2019-03-04,3.2930545806884766,3.310265788401078,3.2643695992512947,3.2987917411136323,264845
2019-03-05,3.281580924987793,3.2987921347541858,3.2528959401276696,3.293054973644422,112445
2019-03-06,3.270106792449951,3.2930548891745697,3.264369905050242,3.2930548891745697,113306
2019-03-07,3.3045289516448975,3.3160029991063227,3.2701065356977517,3.2701065356977517,147882
2019-03-08,3.281580924987793,3.2987921347541858,3.270106876331164,3.2987921347541858,42512
2019-03-11,3.275843858718872,3.384847451791327,3.2643698106882395,3.275843858718872,827324
2019-03-12,3.275843858718872,3.298791954780138,3.2643698106882395,3.298791954780138,79684
2019-03-13,3.2930545806884766,3.33321388297597,3.2701064861135847,3.2987917411136323,75236
2019-03-14,3.2930545806884766,3.3446879302634156,3.258632438826139,3.32747699611368,127505
2019-03-15,3.3045289516448975,3.3102658385941752,3.281580583159177,3.3045289516448975,61697
2019-03-18,3.321739912033081,3.333213959584238,3.304528977487781,3.3102658644819236,40453
2019-03-19,3.321739912033081,3.35042516769241,3.304528977487781,3.333213959584238,38077
2019-03-20,3.321739912033081,3.333213959584238,3.304528977487781,3.3217399120330806,47396
2019-03-21,3.32747745513916,3.373373650620323,3.3160034062688695,3.321740293922563,126492
2019-03-22,3.2930545806884766,3.361899137976017,3.2815805334010304,3.3389510434011256,147163
2019-03-25,3.300518751144409,3.3489669770770156,3.276294782564348,3.3489669770770156,52714
2019-03-26,3.276294469833374,3.3610786405431985,3.276294469833374,3.330798538322196,104565
2019-03-27,3.2702388763427734,3.300518692140289,3.149118746835276,3.2702388763427734,219584
2019-03-28,3.2460153102874756,3.3913591371735867,3.1672872596712414,3.2278471875404544,129629
2019-03-29,3.300518751144409,3.361078961367046,3.233902981935483,3.2823509190956055,178039
2019-04-01,3.3186867237091064,3.342910691207004,3.300518603699448,3.3307987074580554,12607
2019-04-02,3.306575059890747,3.330799029732456,3.3005189230440704,3.3126309079649245,19895
2019-04-03,3.306575059890747,3.3368551665791326,3.3005189230440704,3.330799029732456,13260
2019-04-04,3.300518751144409,3.3247427197244703,3.2702389348055747,3.31263073543444,19091
2019-04-05,3.385303258895874,3.6335991053545658,3.2944632235075075,3.3247430427886218,552072
2019-04-08,3.355023145675659,3.397415239130951,3.2762950958754784,3.3489672973377664,116679
2019-04-09,3.3186867237091064,3.3913586262027984,3.2944627562112094,3.306574739960158,119025
2019-04-10,3.330799102783203,3.409527150881662,3.2944631472237234,3.330799102783203,145238
2019-04-11,3.3489668369293213,3.361078820712489,3.306574749301998,3.3368548531461535,29180
2019-04-12,3.288407325744629,3.324743284790298,3.258127504259505,3.3005193120931855,27475
2019-04-15,3.300518751144409,3.3489669770770156,3.276294782564348,3.276294782564348,138547
2019-04-16,3.312631368637085,3.3368556306200476,3.300519382031873,3.300519382031873,41611
2019-04-17,3.3247427940368652,3.336855067370105,3.312630809476116,3.330798930703485,19526
2019-04-18,3.2944629192352295,3.342910856628434,3.276294798326535,3.342910856628434,46451
2019-04-19,3.3247427940368652,3.330798930703485,3.312630809476116,3.3186869461427357,21362
2019-04-22,3.2944629192352295,3.3247427357197394,3.276294798326535,3.3247427357197394,45640
2019-04-23,3.2944629192352295,3.2944629192352295,3.2944629192352295,3.2944629192352295,0
2019-04-24,3.282351493835449,3.306575466657129,3.2217915617812505,3.3005193290654415,135463
2019-04-25,3.2641828060150146,3.294462911198139,3.2217910052856213,3.294462911198139,68906
2019-04-26,3.258127450942993,3.270239437093347,3.2399593273311984,3.258127450942993,25962
2019-04-29,3.2641828060150146,3.294462911198139,3.2399588373775083,3.270238942560633,45119
2019-04-30,3.2944629192352295,3.3005187670231373,3.2581269661903263,3.288406782674836,28768
2019-05-01,3.2944629192352295,3.2944629192352295,3.2944629192352295,3.2944629192352295,0
2019-05-02,3.252070665359497,3.318686720296448,3.2460148178774855,3.3126305840419654,54769
2019-05-03,3.252070665359497,3.258126801613979,3.2217908504044983,3.252070665359497,20509
2019-05-06,3.209679365158081,3.239959184815789,3.143063299875098,3.239959184815789,42292
2019-05-07,3.276294469833374,3.294462588920467,3.1491185025410937,3.1491185025410937,68875
2019-05-08,3.239959239959717,3.29446332055277,3.2157352683122533,3.29446332055277,41577
2019-05-09,3.2217910289764404,3.246014997792073,3.1975670601608086,3.2399588612019214,25223
2019-05-10,3.233903408050537,3.288407200151121,3.227847270721293,3.288407200151121,31959
2019-05-13,3.2157351970672607,3.2217913342312126,3.191511225956482,3.2217913342312126,55053
2019-05-14,3.1915111541748047,3.2096792764855184,3.1612310465811175,3.203623139457778,187345
2019-05-15,3.1430630683898926,3.197567144041088,3.10672711421326,3.197567144041088,91328
2019-05-16,3.1430630683898926,3.1672870378409805,3.1309510836643484,3.1491189163664175,123442
2019-05-17,3.1006712913513184,3.1430633865684054,3.058279484906755,3.118839414665077,99862
2019-05-20,3.0643351078033447,3.100671062982139,3.0582792596597965,3.094615214838591,86555
2019-05-21,3.0461671352386475,3.088558936621573,3.0219428774552037,3.0643349676106184,149898
2019-05-22,3.0219433307647705,3.058279578504345,2.97955152302282,3.03405560585965,178167
2019-05-23,3.003774881362915,3.0401108328988604,2.967438929826969,3.0401108328988604,233845
2019-05-24,2.9977188110351562,3.0098307951470615,2.9795509792535375,2.9916629633654432,201820
2019-05-27,2.9432151317596436,3.0098309023618395,2.9371589951017225,2.997718917818487,112868
2019-05-28,3.009830951690674,3.0279990731897097,2.9613830127232377,2.9795511342222736,122493
2019-05-29,3.0885589122772217,3.1127828810972398,2.9311031149471014,2.9371589627658627,355995
2019-05-30,3.0885589122772217,3.149118834327268,3.064334943457203,3.0885589122772217,87327
2019-05-31,3.0885589122772217,3.0946150488684694,3.076446927867212,3.0885589122772217,13248
2019-06-03,3.058279275894165,3.1127830645654297,3.058279275894165,3.1127830645654297,6786
2019-06-04,3.058279275894165,3.058279275894165,3.058279275894165,3.058279275894165,0
2019-06-05,3.058279275894165,3.058279275894165,3.058279275894165,3.058279275894165,0
2019-06-06,3.058279275894165,3.058279275894165,3.058279275894165,3.058279275894165,0
2019-06-07,3.082503080368042,3.088558928218059,3.027999005855448,3.0582791114229977,62670
2019-06-10,3.0703911781311035,3.082503162928026,3.0522230565494715,3.0703911781311035,167632
2019-06-11,3.082503080368042,3.130951018258131,3.076446943745537,3.088558928218059,35100
2019-06-12,3.0764472484588623,3.0946153713533904,3.058279414336851,3.0946153713533904,26370
2019-06-13,3.0764472484588623,3.088559234131042,3.0522232771145026,3.0522232771145026,64922
2019-06-14,3.034055233001709,3.09461515717118,3.0037751265307255,3.0764470355340903,98919
2019-06-17,3.0522232055664062,3.0764471763429246,3.0219430977095034,3.0219430977095034,15181
2019-06-18,3.0522232055664062,3.088559161731184,3.0401112201781473,3.0643351909546657,56593
2019-06-19,3.0401110649108887,3.0703911712212992,3.0401110649108887,3.0582791864516343,30744
2019-06-20,3.0522232055664062,3.0764471763429246,3.0401112201781473,3.0461673572585317,64409
2019-06-21,3.0401110649108887,3.0582791864516343,3.0279990801412238,3.0582791864516343,41423
2019-06-24,3.0703911781311035,3.0885590109402394,3.058279193334181,3.058279193334181,16051
2019-06-25,3.0522232055664062,3.0825033134233095,3.0461673572585317,3.0764471763429246,25841
2019-06-26,3.0461671352386475,3.0582791197441246,3.027999014094187,3.0461671352386475,71729
2019-06-27,3.0401110649108887,3.064335034450219,3.0401110649108887,3.0582791864516343,39687
2019-06-28,3.0401110649108887,3.0582791864516343,3.0279990801412238,3.046167201681969,47485
2019-07-01,3.003774881362915,3.052222816744176,2.9916628975175996,3.046166969207755,643438
2019-07-02,2.9432151317596436,3.003775054476408,2.9371589951017225,2.997718917818487,338216
2019-07-03,2.955327033996582,2.9977188343314523,2.937158913301293,2.961382881713357,243778
2019-07-04,2.9432151317596436,2.9674391008463497,2.931103147216291,2.961382964188428,118069
2019-07-05,2.9371588230133057,2.985606758348148,2.9371588230133057,2.961382790680727,160151
2019-07-08,2.955327033996582,2.961382881713357,2.9189910813784863,2.937158913301293,154889
2019-07-09,2.9008231163024902,2.9856070102930805,2.8887111314466916,2.97955116225143,110445
2019-07-10,2.906879186630249,2.9250470191121622,2.8463189749638973,2.91293503453339,107610
2019-07-11,2.9189910888671875,2.9613828893108147,2.9008229681252886,2.9008229681252886,100062
2019-07-12,2.8765993118286133,2.937159239586292,2.852375340725542,2.9189914056452455,147571
2019-07-15,2.8765993118286133,2.8765993118286133,2.8765993118286133,2.8765993118286133,0
2019-07-16,2.906879186630249,2.91293503453339,2.876599080797073,2.906879186630249,173038
2019-07-17,2.9916629791259766,3.1370067892345355,2.900822953421887,2.9311030582474107,419157
2019-07-18,2.9977188110351562,3.0098307951470615,2.9734948428113452,3.0098307951470615,107882
2019-07-19,3.009830951690674,3.040111057931569,3.003775103705992,3.040111057931569,148703
2019-07-22,3.0764472484588623,3.2096793796253578,2.9977191972034345,3.027999305770143,946983
2019-07-23,3.0643351078033447,3.1188391849577872,3.0461672746001986,3.1188391849577872,426735
2019-07-24,3.0522232055664062,3.07039132803505,3.0098311123212445,3.058279342646791,157231
2019-07-25,3.0219433307647705,3.0643354272792527,3.0098313444424227,3.0522234409569053,57757
2019-07-26,3.0279996395111084,3.0522236135253937,3.0279996395111084,3.0279996395111084,161424
2019-07-29,3.034055233001709,3.0582792026694974,3.0279990961985135,3.0279990961985135,96047
2019-07-30,3.0401110649108887,3.0946151407606295,3.0279990801412238,3.034055216912304,188789
2019-07-31,3.0219433307647705,3.070391564826693,3.015887481989863,3.0522234409569053,121599
2019-08-01,2.9856069087982178,3.0279989987386546,2.979551060962434,3.021942862130383,179571
2019-08-02,2.9674389362335205,2.98560676765448,2.949270816040087,2.9674389362335205,202719
2019-08-05,2.9916629791259766,3.021942795179019,2.9856068426518796,2.997718826827593,45454
2019-08-06,3.003774881362915,3.0340549853624394,2.9977187450540206,3.0279988490535454,48216
2019-08-07,2.9674389362335205,3.015886871719378,2.9613827999115516,3.015886871719378,239598
2019-08-08,2.9734954833984375,3.021943430283314,2.9613834966772186,3.009831443562095,126821
2019-08-09,3.003774881362915,3.009830728899336,2.967438929826969,2.9977187450540206,21030
2019-08-12,3.003774881362915,3.003774881362915,3.003774881362915,3.003774881362915,0
2019-08-13,3.003774881362915,3.003774881362915,3.003774881362915,3.003774881362915,0
2019-08-14,3.003774881362915,3.003774881362915,3.003774881362915,3.003774881362915,0
2019-08-15,2.9856069087982178,2.991663045406489,2.9129350021338873,2.979551060962434,72471
2019-08-16,2.9916629791259766,3.009830811003306,2.955327026598837,2.9734948584761662,91989
2019-08-19,2.9795515537261963,3.0219433619049814,2.9674395672790386,2.9916635401733545,48134
2019-08-20,2.9795515537261963,2.9977193890106655,2.9674395672790386,2.9734954161163496,30075
2019-08-21,2.9977188110351562,3.0098307951470615,2.9734948428113452,2.9856068269232505,17956
2019-08-22,2.9977188110351562,3.0098307951470615,2.9674389951416322,2.997718811035156,104253
2019-08-23,3.009830951690674,3.0098309516906743,2.973494997465097,2.997718966948815,36103
2019-08-26,2.9856069087982178,2.997718893242273,2.967439076518379,2.997718893242273,208703
2019-08-27,2.9856069087982178,3.0158870142945995,2.9734949243541626,2.9856069087982178,41667
2019-08-28,2.9795515537261963,3.003775526620512,2.9553275808318804,2.9795515537261963,57290
2019-08-29,2.9856069087982178,2.997718893242273,2.967439076518379,2.979551060962434,143458
2019-08-30,2.9856069087982178,2.9856069087982178,2.9856069087982178,2.9856069087982178,0
2019-09-02,2.9916629791259766,3.00377496330169,2.9795509949502637,2.9795509949502637,142723
2019-09-03,3.0158867835998535,3.0522227341525667,2.9916628165647112,2.997718663937264,145193
2019-09-04,3.058279275894165,3.0764471091937517,3.0219430317499834,3.0219430317499834,110345
2019-09-05,3.0401110649108887,3.088559003989549,3.0401110649108887,3.052223049680554,102661
2019-09-06,3.0158867835998535,3.046166886780014,3.0158867835998535,3.040110750634996,38514
2019-09-09,3.0885589122772217,3.0885589122772217,3.027998990227175,3.027998990227175,95217
2019-09-10,3.0946147441864014,3.1188387106214353,3.0703907777513675,3.0703907777513675,163159
2019-09-11,3.1127829551696777,3.118839091905039,3.0703911531121246,3.1006709704714495,146173
2019-09-12,3.106727361679077,3.1127832101379793,3.094615375988755,3.100671224447657,67432
2019-09-13,3.1370067596435547,3.203622816367837,3.0885588233977046,3.0885588233977046,127797
2019-09-16,3.1188395023345947,3.1491193236786494,3.0946155297503384,3.124895351094393,85732
2019-09-17,3.0946147441864014,3.137006541061482,2.8523747910636033,3.1127825746264475,135087
2019-09-18,3.1006712913513184,3.118839414665077,3.0401113615929964,3.118839414665077,30427
2019-09-19,3.0764472484588623,3.1067273570255702,3.0522232771145026,3.100671219803222,95483
2019-09-20,3.0703911781311035,3.082503162928026,3.046167208537258,3.0764470261433168,25556
2019-09-23,3.082503080368042,3.1067270493130867,3.082503080368042,3.0946150648405646,59408
2019-09-24,3.106727361679077,3.1248951958283016,3.094615375988755,3.1188393473693994,46541
2019-09-25,3.130951166152954,3.1491189993336763,3.082503225974359,3.1491189993336763,45042
2019-09-26,3.1006712913513184,3.1370072492063117,3.088559305399654,3.1127832773029827,67219
2019-09-27,3.1248950958251953,3.130951232862806,3.0885591399170544,3.0885591399170544,136221
2019-09-30,3.1672871112823486,3.2036230663015197,3.1491189893865124,3.179399096288739,169640
2019-10-01,3.1491191387176514,3.2460153121360893,3.1370071531369113,3.197567369813128,67593
2019-10-02,3.1733429431915283,3.1915110649945713,3.155175110160985,3.1915110649945713,235516
2019-10-03,3.1370067596435547,3.1915108323063746,3.1309509119990624,3.1915108323063746,51455
2019-10-04,3.185455322265625,3.215735141242184,3.1551752145165564,3.185455322265625,46069
2019-10-07,3.1672871112823486,3.2036230663015197,3.161230974392903,3.1915110812951295,66189
2019-10-08,3.1370067596435547,3.4337508023081016,3.034055039507363,3.1309509119990624,737382
2019-10-09,3.1127829551696777,3.2217911062262288,3.1127829551696777,3.1491189092643634,149806
2019-10-10,3.1612308025360107,3.1612308025360107,3.1006708807963332,3.1067270173565436,85507
2019-10-11,3.1672871112823486,3.2036230663015197,3.137007004380122,3.1672871112823486,116775
2019-10-14,3.130951166152954,3.1672871212869,3.11278304419973,3.1491189993336763,325921
2019-10-15,3.1370067596435547,3.1370067596435542,3.1127827915206296,3.124894775582092,45671
2019-10-16,3.1248950958251953,3.137007081127909,3.0825032916519515,3.1188392475600923,226205
2019-10-17,3.130951166152954,3.1491189993336763,3.1188391811083056,3.1370070142890274,36633
2019-10-18,3.1915111541748047,3.2399590953066983,3.173343031864091,3.1793991688918317,57302
2019-10-21,3.179399013519287,3.20967911963323,3.1793990135192867,3.1854551502510726,81013
2019-10-22,3.1915111541748047,3.2157351247407515,3.185455305919572,3.1915111541748047,43536
2019-10-23,3.1915111541748047,3.221791261768492,3.173343031864091,3.2096792764855184,514738
2019-10-24,3.203623056411743,3.209679193282493,3.1854552233444933,3.203623056411743,171769
2019-10-25,3.209679365158081,3.239959184815789,3.1854553939229078,3.209679365158081,713916
2019-10-28,3.258127450942993,3.270239437093347,3.197567520191224,3.203623368880137,247548
2019-10-30,3.288407325744629,3.3307994223508426,3.2278473940018477,3.25207136669896,217533
2019-10-31,3.355023145675659,3.3792471165722513,3.3005190667720705,3.3005190667720705,238030
2019-11-01,3.3186867237091064,3.3610788112166623,3.2884066199504995,3.3610788112166623,115832
2019-11-04,3.361079454421997,3.3913592752027424,3.3186873588019217,3.3186873588019217,106527
2019-11-05,3.3489668369293213,3.379246652001005,3.2884066292410106,3.361078820712489,200737
2019-11-06,3.3671348094940186,3.3853029303172932,3.324742720088034,3.367134809494019,142427
2019-11-07,3.403470993041992,3.476142903715539,3.391359007929734,3.391359007929734,231324
2019-11-08,3.379246950149536,3.4216390415170834,3.3610791172580856,3.4095270566652838,254127
2019-11-11,3.355023145675659,3.4034710874688434,3.342911160227363,3.367135131123955,219560
2019-11-12,3.409527540206909,3.4155833891054055,3.367135442827285,3.367135442827285,162098
2019-11-13,3.457975149154663,3.457975149154663,3.3731912514387417,3.4095272076027077,361766
2019-11-14,3.5003671646118164,3.518534997903809,3.4398069502451647,3.464030920482824,212745
2019-11-15,3.5972633361816406,3.633599294473674,3.5064232960652935,3.5064232960652935,187811
2019-11-18,3.706270694732666,3.7486627845539413,3.597262835042583,3.603318682861344,262592
2019-11-19,3.6699345111846924,3.7547183967338853,3.639654696446215,3.7062704621343467,151383
2019-11-20,3.663879156112671,3.7123270972228375,3.585151107422397,3.6941589749202715,172465
2019-11-21,3.6699345111846924,3.6941584784844617,3.597262609285384,3.6638786637459844,112891
2019-11-22,3.6699345111846924,3.724438581995408,3.633598560235038,3.6881026310457536,76630
2019-11-25,3.6699345111846924,3.7426064130840007,3.6214865765851534,3.7002146146956383,81014
2019-11-26,3.688103199005127,3.7062710328915243,3.6517672424598193,3.7002151845202294,39571
2019-11-27,3.6699345111846924,3.6941584784844617,3.645710543884923,3.6881026310457536,139945
2019-11-28,3.688103199005127,3.694159047376422,3.645711105316012,3.6517672424598193,146484
2019-11-29,3.657822847366333,3.7002149382338296,3.5609269696949046,3.6759909688159724,83442
2019-12-02,3.6941592693328857,3.706271255575714,3.6517674618692535,3.66993529684723,790694
2019-12-03,3.736550807952881,3.815278851168716,3.669934749172367,3.7002148546469154,390848
2019-12-04,3.80922269821167,3.8152788347895754,3.748662776295047,3.7547186241004664,138718
2019-12-05,3.8637266159057617,3.8879505836917407,3.821334527894062,3.821334527894062,111742
2019-12-06,3.857670783996582,3.8879508905048112,3.839502951109642,3.875838905656019,80791
2019-12-09,4.05751895904541,4.233142895887009,3.845559065144086,3.851615202373632,282956
2019-12-10,4.009070873260498,4.202862926103961,3.8818948837026794,4.118079029322917,189549
2019-12-11,4.118078708648682,4.136246540729354,3.9182305343538983,4.0877986034842495,256934
2019-12-12,4.1059675216674805,4.14230348165732,4.0090713395887,4.0090713395887,124125
2019-12-13,4.1059675216674805,4.17258330392925,4.0696312729051,4.14835933060269,391976
2019-12-16,4.112022876739502,4.221030743616662,4.099910891530929,4.221030743616662,291551
2019-12-17,4.118078708648682,4.196806462285735,4.1120225721068016,4.154414661582511,122574
2019-12-18,4.1059675216674805,4.14835933060269,4.0696312729051,4.13019149499404,61778
2019-12-19,4.081742763519287,4.118079007865769,4.057518793136636,4.099910885692529,47117
2019-12-20,4.112022876739502,4.148358832365222,4.069630784123242,4.087798906322355,39345
2019-12-23,4.239198684692383,4.26342265407454,4.087798731667655,4.087798731667655,190588
2019-12-24,4.2694783210754395,4.311870118443994,4.24525435435842,4.275534168368464,38505
2019-12-25,4.281590938568115,4.281590938568115,4.227086860996147,4.269478953415733,36383
2019-12-26,4.263422966003418,4.463270872414123,4.239198994848939,4.275534951580657,249816
2019-12-27,4.251311302185059,4.342151345275805,4.221031191563965,4.29975924816078,126281
2019-12-30,4.208918571472168,4.299758600888131,4.190750738852471,4.251310662205616,262338
2019-12-31,4.118078708648682,4.25131053607272,4.0696304826310925,4.245254688303324,309732
2020-01-02,4.1483588218688965,4.154414958844113,4.087798895979261,4.142302973666186,101020
2020-01-03,4.112022876739502,4.142302984147189,4.003015009862341,4.142302984147189,94600
2020-01-06,3.9666788578033447,4.0938548405817565,3.9363987518951546,4.045406613374154,163692
2020-01-07,3.9545669555664062,3.996958758193885,3.942454970705341,3.996958758193885,220877
2020-01-08,3.9666788578033447,4.051462750064789,3.8758388288512657,3.881894676769409,445283
2020-01-09,4.027238845825195,4.099910754650396,3.9545669369999956,4.003014876216795,776017
2020-01-10,4.039350986480713,4.075686942295272,3.9969588936441403,4.015127015937673,440379
2020-01-13,4.075686931610107,4.099910902089639,4.045406824124439,4.045406824124439,269646
2020-01-14,4.2028632164001465,4.208919065059395,4.087799204149171,4.087799204149171,328612
2020-01-15,4.305814743041992,4.3118705909987005,4.233142546154042,4.239198682883243,455577
2020-01-16,4.281590938568115,4.39665494190199,4.263422816453291,4.33003887917764,324216
2020-01-17,4.305814743041992,4.317926727727902,4.239198682883243,4.2755346369409715,210390
2020-01-20,4.348206996917725,4.372430968806874,4.293703204553399,4.317927176442549,186180
2020-01-21,4.384542465209961,4.384542465209961,4.3058147097465715,4.317926694338823,157720
2020-01-22,4.384542465209961,4.45115852485359,4.378486617300081,4.408766723166956,153118
2020-01-23,4.366374492645264,4.420878565948285,4.311870419342243,4.384542324564617,87555
2020-01-24,4.354262828826904,4.420878891235245,4.32398272170334,4.384542647177966,135582
2020-01-27,4.378486633300781,4.4027106025738085,4.23919866559463,4.299758588777197,423547
2020-01-28,4.487494945526123,4.529887040395881,4.384542921394225,4.390599058706699,599328
2020-01-29,4.414822578430176,4.620726605613898,4.3724304879004405,4.590446499696589,342584
2020-01-30,4.305814743041992,4.36637466647154,4.269478788984263,4.35426268178563,238711
2020-01-31,4.408766746520996,4.487494502401422,4.34215068652449,4.414822594462955,382556
2020-02-03,4.590446472167969,4.6086145933639,4.408766704071111,4.408766704071111,508625
2020-02-04,4.65100622177124,4.687342174038303,4.608614421845906,4.6146702695041775,242892
2020-02-05,4.675230979919434,4.699455240963109,4.632839172831189,4.6510070076482855,209262
2020-02-06,4.766070365905762,4.802406319323288,4.69339845907071,4.69339845907071,280467
2020-02-07,4.6449503898620605,4.814518167683287,4.6449503898620605,4.8024061835532,154625
2020-02-10,4.566222667694092,4.7539585792146974,4.451158666031946,4.7539585792146974,270137
2020-02-11,4.657062530517578,4.735790574395464,4.541998533028166,4.723678589858289,214502
2020-02-12,4.693398952484131,4.7236790612349715,4.602558915004128,4.7236790612349715,145471
2020-02-13,4.663118839263916,4.6933989479857345,4.626782882061245,4.6933989479857345,138935
2020-02-14,4.657062530517578,4.693398484129105,4.548054669682998,4.663118378399921,281673
2020-02-17,4.596502780914307,4.657062705880585,4.560166825934539,4.657062705880585,137554
2020-02-18,4.602558135986328,4.632838239612032,4.572278321133094,4.632838239612032,100796
2020-02-19,4.523830890655518,4.6086150801621155,4.523830890655518,4.6025589428662785,138162
2020-02-20,4.408766746520996,4.596502653081614,4.330038701868078,4.541998577741517,287961
2020-02-21,4.481438636779785,4.4935506213884135,4.402710592437456,4.4329906983452725,149859
2020-02-24,4.493550777435303,4.54199871755226,4.420878867259867,4.54199871755226,198988
2020-02-25,4.481438636779785,4.602558482866066,4.457214667562529,4.51171845391511,147288
2020-02-26,4.51777458190918,4.541998551079806,4.390598599377146,4.457214658982614,150275
2020-02-27,4.414822578430176,4.541998561246888,4.384542472512867,4.511718455329579,231882
2020-02-28,4.366374492645264,4.3724303403608875,4.093854703675122,4.190750577304954,357907
2020-03-02,4.445102691650391,4.451158539580306,4.348206525819304,4.348206525819304,253505
2020-03-03,4.608614444732666,4.632838413031006,4.360318336515959,4.457214498481799,254616
2020-03-04,4.590446472167969,4.626782425787341,4.523830412812876,4.626782425787341,430955
2020-03-05,4.578334808349609,4.675230691455683,4.548054989265217,4.602558779126128,103915
2020-03-06,4.523830890655518,4.63889490032374,4.4935510704938935,4.63889490032374,175107
2020-03-09,4.390598773956299,4.432990866076736,4.29975874156822,4.414822744090119,180368
2020-03-10,4.481438636779785,4.572278665730742,4.420878713736644,4.554110544431554,108425
2020-03-11,4.481438636779785,4.481438636779785,4.481438636779785,4.481438636779785,0
2020-03-12,4.51171875,4.541998857894971,4.348206802666681,4.541998857894971,396599
2020-03-13,4.445102691650391,4.493550630179687,4.311870571922332,4.432990707018066,355873
2020-03-16,3.960623025894165,4.330039018048258,3.9606230258941655,4.299758909809926,105227
2020-03-17,3.688103199005127,3.8758391188754726,3.566983055081589,3.8758391188754726,344329
2020-03-18,3.633598566055298,3.7971104899768875,3.470086642133708,3.724438587961174,547268
2020-03-19,3.306575059890747,3.476142848782709,3.2762949532023615,3.4458630308668226,710439
2020-03-20,3.2944629192352295,3.373190961885429,3.246014981842025,3.3065749035835306,868974
2020-03-23,3.300518751144409,3.318686871965697,3.0643349131025714,3.0643349131025714,705494
2020-03-24,3.5730388164520264,3.6275426011516156,3.3429108270949253,3.3974149005669974,963649
2020-03-25,3.5670225620269775,3.7440123946726733,3.505757125385657,3.716783239588279,1162164
2020-03-26,3.5466012954711914,3.580637905823529,3.492142978585189,3.573830453914192,395314
2020-03-27,3.5261788368225098,3.6078666268447668,3.471720526539094,3.6078666268447668,271094
2020-03-30,3.5057573318481445,3.512564458721565,3.3968403804990532,3.512564458721565,232617
2020-03-31,3.5397937297821045,3.587444917824288,3.5057574451209694,3.5397937297821045,254026
2020-04-01,3.5670225620269775,3.6350957743350962,3.485335096773795,3.5397934069425836,595068
2020-04-02,3.5397937297821045,3.5806377907309264,3.5057574451209694,3.5738303390404016,206855
2020-04-03,3.6010591983795166,3.601059198379517,3.505757154784934,3.5397934366272885,602144
2020-04-06,3.6895546913146973,3.7576275902214435,3.621481792407951,3.6350963721893,484828
2020-04-07,3.6759395599365234,3.7916636330114923,3.662324982198123,3.7916636330114923,622256
2020-04-08,3.6759395599365234,3.7167832931517233,3.594252093506123,3.6827466865071545,271876
2020-04-09,3.655517339706421,3.703168521595403,3.621481059440394,3.6827464937580907,652923
2020-04-10,3.8461222648620605,3.914195159233648,3.6623252877601935,3.7235907303960394,765041
2020-04-13,3.9073870182037354,4.029918531054222,3.859736162848197,3.8733507393207947,473090
2020-04-14,3.9141945838928223,4.0026894958667505,3.8597362764002874,3.9141945838928227,560951
2020-04-15,3.825700044631958,3.921002416625702,3.723590545837032,3.921002416625702,413460
2020-04-16,3.866544008255005,3.961846385893733,3.818893144032809,3.9414243550862436,340247
2020-04-17,3.961845874786377,4.0503404646099295,3.880158086691914,3.907387241191026,774162
2020-04-20,4.057147979736328,4.14564289555741,3.9822676413802487,4.029918824806323,520638
2020-04-21,4.213715553283691,4.234137256069883,4.023111154562258,4.104798939498366,466068
2020-04-22,4.2069091796875,4.268174952925726,4.111607118225856,4.111607118225856,273452
2020-04-24,4.31582498550415,4.356668715148394,4.2001009225469055,4.234137201618554,616522
2020-04-27,4.329439640045166,4.424741677598559,4.302210486458483,4.424741677598559,297048
2020-04-28,4.261367321014404,4.343054792603887,4.240945290818455,4.32944021400564,156155
2020-04-29,4.309018135070801,4.315825586591505,4.1320286152955,4.240945242849532,213605
2020-04-30,4.397512912750244,4.554080722012762,4.220523074193856,4.431549520040979,1039016
2020-05-04,4.288596153259277,4.397512773792522,4.254559547044071,4.349861590010661,379440
2020-05-05,4.288596153259277,4.3430544635259,4.22733039191076,4.3430544635259,352896
2020-05-06,4.261367321014404,4.30901818380969,4.247752417818999,4.30901818380969,174954
2020-05-07,4.356668949127197,4.390705230026795,4.2409448799548874,4.28178861179268,389442
2020-05-08,4.302210807800293,4.417934556888807,4.26817420097611,4.411127430282254,297869
2020-05-11,4.377090930938721,4.397512960454127,4.322632618360501,4.356669226020462,234889
2020-05-12,4.377090930938721,4.506429585610565,4.356669226020462,4.370283804165017,391831
2020-05-13,4.417934417724609,4.424741868713868,4.370283559188315,4.383898136569703,222683
2020-05-14,4.390705108642578,4.54727290532425,4.33624680103106,4.343054251781059,907843
2020-05-15,4.5881171226501465,4.751492387409454,4.451971339181685,4.47239336900053,1214137
2020-05-18,4.656189441680908,4.799142649072662,4.63576741579762,4.63576741579762,732132
2020-05-20,4.649382591247559,4.7038409011648215,4.628960887327151,4.697033774723729,523330
2020-05-21,4.567695140838623,4.676611761018113,4.533658534733966,4.622153450928368,524225
2020-05-22,4.547272682189941,4.61534588796111,4.520043529720315,4.547272682189941,412843
2020-05-27,4.547272682189941,4.567694708840712,4.533658105955128,4.547272682189941,444667
2020-05-28,4.424741744995117,4.560887515002273,4.4043197171954835,4.547272938001557,632694
2020-05-29,4.356668949127197,4.424741835523518,4.343054371847932,4.4179343845853225,718753
2020-06-01,4.349862098693848,4.3702841297305985,4.322632940376294,4.356669550571822,573209
2020-06-02,4.499622344970703,4.581309811770873,4.349861664573254,4.356669115771838,1273458
2020-06-03,4.506429672241211,4.601732045682315,4.4587788101178125,4.5881171426788825,585090
2020-06-04,4.4860076904296875,4.5540805782653235,4.458778535295433,4.5064293944818115,567840
2020-06-05,4.47920036315918,4.5132369703163855,4.417934600115066,4.506429519046088,588915
2020-06-08,4.47920036315918,4.608539015920563,4.445164080599117,4.601731889247407,1028022
2020-06-09,4.451971530914307,4.499622719479033,4.431549824813113,4.451971530914307,834172
2020-06-10,4.5132365226745605,4.547272801858763,4.43835618911394,4.465585342300146,894818
2020-06-11,4.5132365226745605,4.594923982233178,4.465585342300146,4.5132365226745605,840738
2020-06-12,4.540465831756592,4.588116689169977,4.424741764443304,4.4928146497460855,1046242
2020-06-15,4.520043849945068,4.560887581543103,4.492814695546379,4.547273004343758,361925
2020-06-16,4.635767936706543,4.69703369664359,4.560887599516499,4.560887599516499,921103
2020-06-17,4.60853910446167,4.710648603297914,4.55408079164158,4.683419446887869,1092473
2020-06-18,4.60853910446167,4.66299741728176,4.567695369846602,4.6289611340677785,569863
2020-06-19,4.628961086273193,4.690226525264648,4.581309900749044,4.615346508208742,815145
2020-06-22,4.758299350738525,4.901252580765593,4.6629973055861935,4.683419334703121,1206313
2020-06-23,4.80595064163208,4.901252688886766,4.703841142989201,4.812758093020275,1000433
2020-06-24,4.731070041656494,4.860408689613059,4.710648337798533,4.839986985755098,492352
2020-06-25,4.962518215179443,5.091856863982672,4.717455495099791,4.8127578623845695,1594948
2020-06-26,4.93528938293457,5.071435167107697,4.921674804517258,4.962518539769196,730473
2020-06-29,4.921674728393555,5.01016964903591,4.867216415566612,4.969325914415704,1531585
2020-06-30,4.989748001098633,5.057820897339282,4.928482232183462,4.976133421850503,651936
2020-07-01,4.962518215179443,4.9965548212950255,4.921674482599023,4.982940243768219,533311
2020-07-02,5.173543930053711,5.18035138059055,4.95571070642857,4.969325282905141,1143990
2020-07-03,5.207581520080566,5.364149341520278,5.139508624801816,5.173544910142606,857658
2020-07-06,5.500294208526611,5.527523362066081,5.248424375987963,5.248424375987963,982342
2020-07-07,5.588788986206055,5.6432472919829495,5.241616799982693,5.507101527540713,1908277
2020-07-08,5.643247604370117,5.963190655415775,5.568367592080389,5.595596746476131,1308990
2020-07-09,5.527523517608643,5.711320796067722,5.42541402666375,5.663669289137082,1012424
2020-07-10,5.588788986206055,5.616018139094502,5.384570014945594,5.58198153568539,911788
2020-07-13,5.75897216796875,5.77258642173996,5.616018932802373,5.7045138544953025,526036
2020-07-14,5.983612060546875,6.228674437888752,5.636439872416888,5.718127331530847,2014138
2020-07-16,6.085721969604492,6.126566028775151,6.031263656839813,6.058492813222152,619019
2020-07-17,6.119758129119873,6.1265655800153995,6.05849236944864,6.0652998203441655,611030
2020-07-20,6.092528820037842,6.494159323956656,6.051685414090232,6.1061437214832,1108604
2020-07-21,5.929154396057129,6.106144234552992,5.881503535382968,6.0925293319636395,897054
2020-07-22,5.881503582000732,5.983612755453064,5.799816113400008,5.969998501950089,774728
2020-07-23,5.888309955596924,5.949575714887046,5.840659098013161,5.949575714887046,628250
2020-07-24,5.867888927459717,5.881503830732766,5.7589722980526075,5.847467221744464,281233
2020-07-27,5.854274272918701,5.881503428407865,5.806622763916958,5.874695977237005,434392
2020-07-28,5.7317423820495605,5.867888150788244,5.697705777566331,5.854273898511493,388933
2020-07-29,5.609211444854736,5.793008738528506,5.479873113494687,5.7113212688493755,636551
2020-07-30,5.527523517608643,5.609210980525706,5.486680110747234,5.5819818262200185,237985
2020-08-04,5.2007737159729,5.595597131040114,5.085049639539161,5.581982228309418,572224
2020-08-05,5.330111980438232,5.445836048402321,5.078242141102934,5.200773335337022,649608
2020-08-06,5.0578203201293945,5.370955931697813,4.96932572741434,5.357341354003409,442178
2020-08-07,5.105471611022949,5.105471611022949,4.846794304827805,5.016976691861903,362904
2020-08-10,5.153122425079346,5.180351579075774,5.003361753501872,5.105471243287037,171689
2020-08-11,5.275654315948486,5.316498052346105,5.146315655057445,5.146315655057445,348188
2020-08-12,5.262039661407471,5.343727133026899,5.19396676839128,5.343727133026899,177903
2020-08-13,5.221195697784424,5.2756540098212295,5.18035196375682,5.255231980508856,129762
2020-08-14,5.173543930053711,5.214387659483425,5.030590714751158,5.214387659483425,234398
2020-08-17,5.064627647399902,5.153122562547605,5.0442056190592295,5.153122562547605,134466
2020-08-18,5.0578203201293945,5.085049475518201,5.030591164740588,5.044205742434991,228668
2020-08-19,5.051013469696045,5.071435175055441,5.030591439739494,5.051013469696045,323630
2020-08-20,5.0578203201293945,5.064627771275164,5.010169460497551,5.0510131935807605,289529
2020-08-21,5.037398815155029,5.207581205365692,5.030591363739971,5.0578205202059054,454593
2020-08-24,4.969325542449951,5.0373984283882125,4.962518091557563,5.030590977495824,351154
2020-08-25,4.9557108879089355,5.030590898973664,4.928481409361529,4.969325464884078,399731
2020-08-26,4.908060073852539,4.996554993118547,4.846794310576511,4.955711259133577,341868
2020-08-27,4.9557108879089355,4.969325464884078,4.8604085244858135,4.914866832386386,337583
2020-08-28,4.982940196990967,5.044205632987902,4.935289013795901,4.955711042192966,369617
2020-08-31,5.078242301940918,5.105471457077561,4.969325681394346,4.9829402589626675,527287
2020-09-01,5.037398815155029,5.091857128086898,4.914867286461177,5.07824254985393,395390
2020-09-02,5.00336217880249,5.037398786489797,4.9897476006469965,5.030591335113477,278224
2020-09-03,5.010169506072998,5.071434943956552,4.976132899228803,5.016976632683553,375629
2020-09-04,4.996554851531982,5.098664021302386,4.982940273922787,5.003361978038013,989300
2020-09-07,5.105471611022949,5.200773656874844,4.962518379946535,5.003362113883061,1162173
2020-09-08,5.119086265563965,5.20758118604856,5.03059134507937,5.1122791387713065,1425585
2020-09-09,5.085049629211426,5.234810312973447,5.071435051105528,5.132700814880641,1433757
2020-09-10,5.051013469696045,5.1395083918458395,4.901252782273753,5.1395083918458395,748901
2020-09-11,5.051013469696045,5.0986643319327385,5.0373988912573955,5.0373988912573955,340796
2020-09-14,5.105471611022949,5.139508218268626,5.0373987211287385,5.078242455065265,718867
2020-09-15,5.044205665588379,5.139508032594444,5.010169384169468,5.105471426578402,592856
2020-09-16,5.07143497467041,5.105471581720738,5.003362085166895,5.07143497467041,909091
2020-09-17,5.064627647399902,5.10547137948412,5.030591041697823,5.051013070038497,445355
2020-09-18,5.098664283752441,5.112279186659589,5.0510134219660285,5.064628000276025,557493
2020-09-21,5.051013469696045,5.180352127161786,5.030591439739494,5.1395083918458395,1655462
2020-09-22,5.044205665588379,5.139508032594444,4.996554806682478,5.078242271604421,979776
2020-09-23,5.13950777053833,5.377763026710936,5.0305908315987935,5.064627435879357,1984941
2020-09-24,5.173543930053711,5.228002235959996,5.105471047670854,5.105471047670854,883966
2020-09-25,5.112278938293457,5.248424714779152,4.982940288333479,5.2416172636563,2143235
2020-09-28,5.091856956481934,5.13950814098996,5.016976616425646,5.112278985441699,757788
2020-09-29,5.085049629211426,5.1871591273042315,5.085049629211426,5.098664207317324,1432910
2020-09-30,5.13950777053833,5.200773203807385,5.119085743050569,5.125893193745528,2031666
2020-10-01,5.255231857299805,5.316497619203405,5.1871589688497695,5.200773546539777,1418391
2020-10-02,5.221195697784424,5.309690617142804,5.20077366847205,5.268846558518057,874246
2020-10-05,5.3981852531433105,5.404992704498489,5.255232020656038,5.2620394720112165,1536005
2020-10-06,5.350534439086914,5.445836486717265,5.316497831206072,5.4049927520185435,1672923
2020-10-07,5.316497802734375,5.377763566752932,5.275654068254386,5.330112380894372,570931
2020-10-08,5.330111980438232,5.364148585579596,5.268846221022627,5.343726557575353,740607
2020-10-09,5.384570121765137,5.425413851908069,5.3301118149078945,5.336919265563607,1366930
2020-10-12,5.43222188949585,5.5002947804224345,5.391378154939899,5.404992733125216,1274425
2020-10-13,5.411799430847168,5.452643486761964,5.377763150381002,5.445836035910458,1025723
2020-10-14,5.500294208526611,5.500294208526611,5.398184720455045,5.418606747908203,2345169
2020-10-15,5.799815654754639,5.813429907181008,5.513909212664242,5.513909212664242,3219145
2020-10-16,5.738550186157227,5.895117667549368,5.656862719883812,5.867888512124897,1564657
2020-10-19,5.663669586181641,5.8066228160825855,5.581982118980284,5.7793936603488,1649278
2020-10-20,5.806622505187988,5.881503166342395,5.616018425256695,5.684091635543566,2326692
2020-10-21,5.833852291107178,5.9495763716079955,5.820238037092308,5.820238037092308,2057901
2020-10-22,5.929154396057129,5.9699984546308995,5.71812795028217,5.847466928103874,2644010
2020-10-23,5.96319055557251,6.092528874488178,5.861080741402442,5.888309895342279,1880407
2020-10-26,5.690898418426514,5.990419763666682,5.51390924081468,5.983612312821623,1472061
2020-10-27,5.806622505187988,5.874695715474859,5.60921097438916,5.874695715474859,1049623
2020-10-28,5.718127727508545,5.85427415132077,5.656862615826158,5.85427415132077,452429
2020-10-30,5.486680030822754,5.622825800367958,5.3981847937226926,5.581981744907278,921135
2020-11-02,5.547945499420166,5.636440417652648,5.4526437791654,5.4526437791654,461685
2020-11-03,5.561560153961182,5.711320828078979,5.377763199069066,5.656862519162371,920797
2020-11-04,5.718127727508545,5.779393488385194,5.636440262737767,5.779393488385194,912940
2020-11-05,5.786200523376465,5.847466279847996,5.697705613939166,5.820237126882228,827396
2020-11-06,5.724935531616211,5.799816199169959,5.697706375013294,5.758972139668432,841710
2020-11-09,5.738550186157227,5.806622750121268,5.690898677268696,5.752164439272325,1538960
2020-11-10,5.738550186157227,5.7793935946967965,5.690898677268696,5.697706128423382,505947
2020-11-11,5.745357513427734,5.786201574896037,5.670477491462569,5.75216496520484,1308250
2020-11-12,5.62282657623291,5.79300897394557,5.507102493852756,5.77939407051528,1001788
2020-11-13,5.650055885314941,5.718128456707684,5.581982664727853,5.636440981519786,1185809
2020-11-16,5.62963342666626,5.690898537976067,5.602403622714002,5.650055130436195,744870
2020-11-17,5.575174331665039,5.636440090671398,5.547945177572684,5.629633289043991,862317
2020-11-18,5.581982135772705,5.622826194093396,5.541138726646297,5.581982135772705,1181153
2020-11-19,5.493487358093262,5.581982279064559,5.459451399345633,5.581982279064559,1613164
2020-11-20,5.6977057456970215,5.772585755785908,5.473065066236131,5.479872516933548,4185168
2020-11-23,5.765779495239258,5.92234698080391,5.718127985080819,5.718127985080819,2640022
2020-11-24,5.772586345672607,5.847467012607599,5.697706327931912,5.786201248458714,1719548
2020-11-25,5.711320877075195,5.840659199563143,5.6908985241605805,5.7930083411508875,1565422
2020-11-26,5.677284240722656,5.7521642534220385,5.616018480698501,5.718127647942591,1406402
2020-11-27,5.568367958068848,5.731742895181338,5.5547530553789946,5.7181279924914845,1660980
2020-11-30,5.343726634979248,5.527523591291241,5.309690353941992,5.5071018875883135,2271136
2020-12-01,5.452643871307373,5.473065576107881,5.377763529645505,5.391378107711558,1666308
2020-12-02,5.445836544036865,5.513909760515048,5.384570779045362,5.452643995523545,1369390
2020-12-03,5.418607711791992,5.479873480452557,5.41180025989763,5.4322222909835425,1550472
2020-12-04,5.404993057250977,5.500295110263254,5.370956447448008,5.432222215254485,2360273
2020-12-07,5.370955467224121,5.439028349809279,5.370955467224121,5.391377494298223,1395177
2020-12-08,5.411799430847168,5.459450937613472,5.377763150381002,5.377763150381002,1119981
2020-12-09,5.411799430847168,5.493486893482515,5.391377727486892,5.439028585058951,1444963
2020-12-10,5.3981852531433105,5.4390289874829385,5.377763548272069,5.418607282611698,1035131
2020-12-11,5.404993057250977,5.41180018445327,5.343727289444501,5.391378478249223,828799
2020-12-14,5.4662580490112305,5.486680402722965,5.411799737501835,5.425414315379184,1791926
2020-12-15,5.479873180389404,5.534331494173617,5.439029120454091,5.4730657288678,2571713
2020-12-16,5.547945499420166,5.568367853069855,5.479872934837373,5.4934871880762195,2468460
2020-12-17,5.5071024894714355,5.588789962405204,5.493487586051977,5.575175058985746,2050818
2020-12-18,5.513909339904785,5.534331043612716,5.466257832327272,5.507101888937389,1728447
2020-12-21,5.43222188949585,5.493487329031202,5.377763576754582,5.493487329031202,1943034
2020-12-22,5.445836544036865,5.486680603762636,5.42541451417398,5.445836544036865,2249690
2020-12-23,5.4662580490112305,5.493487204765928,5.445836344493777,5.459451246968267,2235247
2020-12-24,5.609211444854736,5.616018896293239,5.439029054057971,5.466258210617681,3094727
2020-12-25,5.684092044830322,5.724935454588004,5.595597124762954,5.595597124762954,2864385
2020-12-28,5.711320877075195,5.956383269302271,5.6840917223832985,5.847466650534682,5480547
2020-12-29,5.656862735748291,5.7249352999032395,5.616018677899902,5.7249352999032395,1830622
2020-12-30,5.670476913452148,5.6908986175074805,5.58198199695335,5.6500552093968155,2443266
2020-12-31,5.901925086975098,5.9768051016912676,5.7249352530704005,5.7249352530704005,6890187
2021-01-04,6.058492660522461,6.11295097191456,5.969998391406009,5.990420095879476,4315482
2021-01-05,6.15379524230957,6.269519320307852,6.004034556218681,6.058492869489132,4261627
2021-01-06,6.262712001800537,6.419280142672567,6.174217078558836,6.221868590577793,4295705
2021-01-07,6.6166911125183105,6.691571125967002,6.194638888254828,6.303555507523565,5872455
2021-01-08,6.739222049713135,6.90259762938904,6.603076274311769,6.6779569376782195,4227498
2021-01-11,6.827716827392578,6.8549459819199905,6.535003578521461,6.70518595661635,3117981
2021-01-12,6.943440914154053,7.025128377944777,6.786873437520397,6.875368352258911,3347625
2021-01-13,6.834524631500244,6.9978995671071935,6.7596446149789635,6.963862959890507,2272176
2021-01-14,7.0523576736450195,7.113623435012429,6.732415263028519,6.814102728453642,4363504
2021-01-15,7.236155033111572,7.372300810238066,6.950248576548799,7.045550945134481,3721064
2021-01-18,7.392723083496094,7.460796301895795,7.079587447407254,7.1816972750068055,2841021
2021-01-19,7.665016174316406,7.828391137909604,7.311036437336749,7.419953079732213,4199338
2021-01-20,7.8283891677856445,7.93049833203559,7.665014245308039,7.699050849789432,3765049
2021-01-21,7.590134620666504,7.957728570966523,7.147660649651519,7.8964634535784555,5013776
2021-01-22,7.290613174438477,7.515253863772342,7.215733161058608,7.508446412775737,3023607
2021-01-25,7.174889087677002,7.345071467032902,7.14085248196697,7.276998255612839,2149792
2021-01-26,7.5969414710998535,7.610556373349252,7.140852632853332,7.174889239282558,3339343
2021-01-27,7.093202590942383,7.596942346735073,7.038744274056381,7.5152548714060705,2537292
2021-01-28,7.195311546325684,7.311035628364498,6.8072958884275,7.004707443224125,2039704
2021-01-29,7.079587459564209,7.311035623487441,7.038744047809712,7.181697287339101,1210408
2021-02-01,7.120430946350098,7.304227582813361,7.120430946350097,7.304227582813361,1198457
2021-02-02,7.624170780181885,7.678629091889348,7.174889383998177,7.174889383998177,2466447
2021-02-03,7.331457614898682,7.814774975454208,7.27019185111156,7.637785784639994,2902222
2021-02-04,7.2701921463012695,7.419952186979018,7.242962988978558,7.372301323962854,1064061
2021-02-05,7.24976921081543,7.358686480577948,7.181696647557406,7.311034972183637,1027093
2021-02-08,7.140852451324463,7.297420577241047,7.086394142099804,7.283805675337755,1144860
2021-02-09,7.079587459564209,7.188504739029625,7.031936596119187,7.1544681297713275,2020120
2021-02-10,7.0523576736450195,7.1680817452958445,7.018321716613585,7.086394279870721,825112
2021-02-11,6.984285354614258,7.079587076345611,6.984285354614258,7.052357920251754,887340
2021-02-12,6.943440914154053,6.984284970646542,6.773258535624815,6.950248365101844,1097334
2021-02-15,7.004706859588623,7.093201776668061,6.970670253143567,6.970670253143567,725769
2021-02-16,6.90940523147583,7.059165926358992,6.848140112345497,7.011515061748399,787549
2021-02-17,7.011514663696289,7.100009585230817,6.8889831340032055,6.936633995908603,1194437
2021-02-18,6.943440914154053,7.065972434437266,6.916211759557146,7.025128377944777,481973
2021-02-19,6.991092205047607,7.059164764834225,6.902597293050193,6.957055600557181,554809
2021-02-22,6.90940523147583,7.052358474501953,6.895790976956092,7.011515061748399,756649
2021-02-23,6.820910453796387,6.957056234979147,6.705186377492467,6.929827078742595,637883
2021-02-24,6.861753940582275,6.936633958774804,6.7460298629792685,6.800488176063707,583045
2021-02-25,6.888982772827148,6.936633632234304,6.773258700671827,6.923019379201231,654946
2021-02-26,6.7936811447143555,6.848140110360545,6.746030280117573,6.827717754795346,512483
2021-03-01,7.168081760406494,7.174889211504838,6.909404461417831,6.909404461417831,898542
2021-03-02,7.113624572753906,7.23615611508622,6.861754685110884,7.215734407762292,773067
2021-03-03,7.494832515716553,7.522061671801133,7.113623681338136,7.120431132657853,1721307
2021-03-04,7.4676032066345215,7.801160524135231,7.317842526640505,7.494832362161227,1147705
2021-03-05,7.3859148025512695,7.5833263173607675,7.372299901918934,7.419950755743718,607296
2021-03-08,7.419951438903809,7.453988044424226,7.147659893128977,7.419951438903809,446516
2021-03-09,7.37230110168457,7.5220617870412845,7.37230110168457,7.426759414688048,278510
2021-03-10,7.24976921081543,7.440373946004136,7.24976921081543,7.372300733551845,457885
2021-03-11,7.556098461151123,7.576520166407726,7.2225404795903,7.270191990781449,892294
2021-03-12,7.73308801651001,8.005380245823089,7.460796436391266,7.569713068438764,2260973
2021-03-15,7.767124176025391,7.998572330305313,7.733087568185232,7.760316724618499,1207124
2021-03-16,7.624170780181885,7.821582322420008,7.583327370998431,7.794353166566277,538503
2021-03-17,7.651400089263916,7.855619086853769,7.576520071465166,7.637785835661552,776939
2021-03-18,7.528868198394775,7.746701420316262,7.528868198394775,7.651399061128506,609420
2021-03-19,7.549291133880615,7.637786057041033,7.3518795819671645,7.556098585476259,588367
2021-03-22,6.91621208190918,7.215733445629565,6.820910360975289,7.134045328837253,740685
2021-03-23,7.147660255432129,7.28380603522055,6.5690398798384795,6.746029718160571,852551
2021-03-24,7.637784957885742,7.73989412034858,7.154467000452816,7.345071073340749,1489463
2021-03-25,7.726280212402344,7.862425984814148,7.542482932750719,7.637785298036108,1620056
2021-03-26,7.787545680999756,8.168754510467036,7.569712435129472,7.72628056749445,2124859
2021-03-29,7.359497547149658,7.866288963055297,7.359497547149658,7.814875534030859,2082378
2021-03-30,6.948187828063965,7.381531576714738,6.948187828063965,7.330117448607676,2695016
2021-03-31,6.88208532333374,7.043671302772429,6.88208532333374,6.955533686839192,1120129
2021-04-01,6.860050201416016,7.006946208848341,6.786601847472146,6.911463628903476,1495761
2021-04-02,6.801292419433594,6.940843464122127,6.771913215264667,6.940843464122127,1580358
2021-04-05,6.867394924163818,6.911463374543977,6.793946572923035,6.801291548138192,1460810
2021-04-06,6.676429748535156,6.896774101050732,6.6690847733450465,6.889429125860622,1994972
2021-04-07,6.955533027648926,7.021636408447976,6.6690852776715195,6.683775229162616,1573485
2021-04-08,6.904118537902832,7.0730494689651255,6.882084312270499,6.95553266498548,598130
2021-04-09,6.705808639526367,6.926152981878284,6.639705266775257,6.904118057324343,917293
2021-04-12,6.551568508148193,6.757222927109379,6.536878556566101,6.691119545900851,1554513
2021-04-13,6.3899827003479,6.639706279748275,6.2945001140797885,6.551568669452048,1323244
2021-04-14,6.441397190093994,6.485465647466339,6.38998305588559,6.404673008646705,815180
2021-04-15,6.970221996307373,7.080394526660968,6.4193614459056345,6.448740647242177,4418957
2021-04-16,7.300738334655762,7.469669271111589,6.860050305662046,6.984912088990789,4877932
2021-04-19,6.911464214324951,7.528428198254807,6.786602422317459,7.322773770430013,3238158
2021-04-20,6.867394924163818,7.058359376570153,6.698463996492173,6.793946572923035,1755987
2021-04-21,6.5809478759765625,6.926154041807264,6.389982703350603,6.867395634915501,1644086
2021-04-22,6.7498779296875,6.808637035372125,6.419361725159486,6.58094768976746,1107283
2021-04-26,6.69111967086792,6.815981459825918,6.647051216209484,6.661740467610477,1502945
2021-04-27,6.6690850257873535,6.757222630038744,6.551568220118831,6.7058092026726195,1748260
2021-04-28,6.588292121887207,6.661739772135266,6.522188746345185,6.647050522267808,789720
2021-04-29,6.65439510345459,6.661739377725808,6.551567558648769,6.58829173182623,866468
2021-04-30,6.63236141204834,6.71315474814708,6.610327184228444,6.625017136412024,591275
2021-05-03,6.676429748535156,6.742533124335368,6.617671347925055,6.647050548230105,1098825
2021-05-04,6.625016689300537,6.720498570227994,6.610326738108358,6.691119368299063,1664898
2021-05-05,6.786602020263672,6.808636947281106,6.529534175825834,6.632361033418796,2778052
2021-05-06,6.595636367797852,6.896774044002949,6.57360214286517,6.7866015184287765,2619311
2021-05-07,6.5368781089782715,6.632360686357734,6.500154633448429,6.632360686357734,1291508
2021-05-10,6.573602199554443,6.661739800500631,6.514843798923652,6.5442229992390475,1492141
2021-05-11,6.426706314086914,6.544223117471639,6.397327113240733,6.536878142146244,911793
2021-05-12,6.456085681915283,6.470775632946019,6.397327278703175,6.426706480309229,196942
2021-05-17,6.514843940734863,6.573602342644673,6.470775489530208,6.492809715132536,450267
2021-05-18,6.5074992179870605,6.595636824273055,6.49280996716711,6.529534144900132,433148
2021-05-20,6.639706134796143,6.6984645403775325,6.485465145031131,6.500155096654201,868681
2021-05-21,6.84536075592041,6.8967748876598085,6.588292899045283,6.6690855339851,1029403
2021-05-24,6.992257595062256,7.028981074922892,6.727844057150612,6.830671621944638,968218
2021-05-25,6.977566719055176,7.286048672144572,6.94084254360065,6.992256669419141,1930046
2021-05-26,6.889429092407227,7.065704293381583,6.742533091595264,6.977566692894405,1030191
2021-05-27,6.823326110839844,7.043670475006,6.742533480842937,6.911463716415222,479803
2021-05-28,6.7498779296875,6.860050464833799,6.705809475993334,6.8012920596046165,496724
2021-05-31,6.727843284606934,6.7645674607060915,6.639705682242195,6.749877510084269,323295
2021-06-01,6.727843284606934,6.779256710872515,6.676429858341353,6.720498309296023,305506
2021-06-02,6.705808639526367,6.727842863624953,6.632360291923944,6.676429440576468,607837
2021-06-03,6.661740303039551,6.735188659596427,6.588292646938116,6.669085278786326,292808
2021-06-04,6.7351884841918945,6.7351884841918945,6.617671677125736,6.639705903336785,343560
2021-06-07,6.874739170074463,6.904118370356412,6.676429743285156,6.7351881438490535,468549
2021-06-08,6.823326110839844,6.896774465713705,6.749877755965984,6.845360337119833,350088
2021-06-09,6.896773815155029,6.926153014242208,6.75722209414941,6.815980492323768,603790
2021-06-10,6.904118537902832,7.043670267970214,6.87473933690792,6.977566890617812,737209
2021-06-11,6.793946743011475,6.9408427487152355,6.786601767612435,6.9041185721754434,296706
2021-06-14,6.698464393615723,6.80863692700856,6.676430167119327,6.7939469757073425,409722
2021-06-15,6.69111967086792,6.779257280640249,6.617672012952041,6.70580962272437,288208
2021-06-16,6.617671489715576,6.7204983427587335,6.573602338086079,6.6543956659975905,245831
2021-06-17,6.456085681915283,6.625016616491657,6.456085681915283,6.6176716409762895,306727
2021-06-18,6.500154972076416,6.625016756657711,6.441396567621151,6.507499247291749,325072
2021-06-21,6.544222831726074,6.55156780673076,6.4340510084772635,6.500154382608698,144180
2021-06-22,6.647050380706787,6.676429580271404,6.580947006572556,6.610326206137174,191324
2021-06-23,6.610326766967773,6.661740195454008,6.573602589282422,6.647050944653125,115032
2021-06-24,6.588292121887207,6.632360571944965,6.573602171564364,6.610326346916086,100233
2021-06-25,6.588292121887207,6.647050522267808,6.558912921696906,6.588292121887207,116328
2021-06-28,6.500154972076416,6.5882925787593125,6.463430794178017,6.57360262741778,157830
2021-06-29,6.434050559997559,6.536877401074231,6.360602215981089,6.500153929521317,118493
2021-06-30,6.470776081085205,6.5882928956481495,6.38998274573158,6.49281030870189,242989
2021-07-01,6.544222831726074,6.62501615586688,6.492809407604011,6.492809407604011,73282
2021-07-02,6.492809295654297,6.573601917946698,6.463430096597482,6.53687774401184,81332
2021-07-05,6.661740303039551,6.676430254533102,6.478120112102801,6.500155039343128,140435
2021-07-06,6.661740303039551,7.322773410685116,6.64705105200144,6.661740303039551,711531
2021-07-07,6.625016689300537,6.713154295087331,6.59563678691618,6.661740166370132,480776
2021-07-08,6.6029815673828125,6.647050719201603,6.558913116019427,6.625016493519911,307366
2021-07-09,6.456085681915283,6.6176716409762895,6.448740706399915,6.602981689945553,202948
2021-07-12,6.397326946258545,6.52218872170954,6.38263699599119,6.470775296684559,330869
2021-07-13,6.316534519195557,6.448740573469884,6.250431141830692,6.4193613724694325,248427
2021-07-14,6.5368781089782715,6.595636510372495,6.3165344539776305,6.3165344539776305,606774
2021-07-16,6.6690850257873535,6.698464227204484,6.544223244650695,6.544223244650695,551029
2021-07-19,6.65439510345459,6.74253269880729,6.610325955550569,6.65439510345459,100545
2021-07-26,6.500154972076416,6.647050983214577,6.500154972076416,6.647050983214577,358830
2021-07-27,7.1464972496032715,7.1464972496032715,6.50749909114353,6.522189042132576,3154052
2021-07-28,6.7498779296875,7.858944054185351,6.727843702840417,7.308083479820179,6244287
2021-07-29,6.786602020263672,6.867395351750066,6.713154364905189,6.749877842356714,1085102
2021-07-30,6.7351884841918945,7.241979889778561,6.7351884841918945,6.801291863280464,2032384
2021-08-02,6.7498779296875,6.867395440601308,6.742533654375434,6.779257132302091,641696
2021-08-03,6.977566719055176,7.043670094782245,6.764567341965391,6.771912317147374,1050275
2021-08-04,6.874739170074463,7.036325121852873,6.852704944976848,7.006945921570925,857819
2021-08-05,6.918808937072754,7.006946545770155,6.8453605795971955,6.860050531274487,713615
2021-08-06,7.028980731964111,7.109774064808583,6.904118945254878,6.9408431237791435,660875
2021-08-09,6.904118537902832,7.0730494689651255,6.896774262995656,7.043670267970214,634458
2021-08-10,6.88208532333374,6.948188710397545,6.845361141581015,6.940843733955899,295303
2021-08-11,6.757222652435303,6.96287706303685,6.757222652435303,6.904118660007837,420395
2021-08-12,6.823326110839844,7.124463105002908,6.757222731544455,6.764567707122925,476194
2021-08-13,6.647050380706787,6.8453598026541105,6.647050380706787,6.8453598026541105,465265
2021-08-16,6.720498561859131,6.764567714925362,6.654395882942921,6.6690851336613814,197756
2021-08-17,6.727843284606934,6.815980886971672,6.6617399077195305,6.727843284606934,221806
2021-08-18,6.757222652435303,6.8380159819417585,6.7131542003912505,6.727843450920797,310296
2021-08-19,6.720498561859131,6.801291892404651,6.6984643355537274,6.764567714925362,190936
2021-08-20,6.7425336837768555,6.771912886519558,6.676430302491915,6.7204987563782455,176014
2021-08-23,6.786602020263672,6.87473962696711,6.76456779370167,6.779257044591193,212866
2021-08-24,6.7645673751831055,6.8453600012154885,6.727843199548245,6.793946575599917,169483
2021-08-25,6.698464393615723,6.7939469757073425,6.691119417965114,6.764567773560339,169035
2021-08-26,6.683774471282959,6.8306704672600365,6.669084521457571,6.713153670478374,114723
2021-08-27,6.69111967086792,6.735188825981814,6.661740467610477,6.683775395395152,136066
2021-08-31,6.904118537902832,6.970221915255233,6.698464130938452,6.698464130938452,480258
2021-09-01,6.838016033172607,6.962877115203167,6.838016033172607,6.92615363837646,205215
2021-09-02,6.970221996307373,7.036325374428448,6.845360215513213,6.8673951418571795,249863
2021-09-03,6.88208532333374,6.970222939266979,6.867396070905954,6.970222939266979,203837
2021-09-06,6.977566719055176,7.117117745235909,6.882084143055564,6.882084143055564,252549
2021-09-07,6.977566719055176,7.073049295054788,6.904118368146125,7.073049295054788,130676
2021-09-08,6.904118537902832,6.977566890617812,6.845360135913008,6.940842714260322,143552
2021-09-09,6.896773815155029,6.933497288672484,6.838015416980671,6.896773815155029,139513
2021-09-10,6.904118537902832,7.028980317245057,6.882084312270499,6.904118537902832,159269
2021-09-13,6.933497905731201,6.97756705851166,6.867395227243644,6.867395227243644,163662
2021-09-14,6.867394924163818,6.933497599734055,6.82332577332827,6.918808349759133,209001
2021-09-15,6.867394924163818,6.90411839932882,6.8527049737335055,6.874739198923585,98841
2021-09-16,6.911464214324951,7.161187798339938,6.867395758590233,6.867395758590233,249986
2021-09-17,6.970221996307373,7.036325374428448,6.904118618186299,6.918808569082277,181835
2021-09-20,6.860050201416016,6.970222031876406,6.815981048958611,6.970222031876406,163095
2021-09-21,6.962876796722412,6.984911722357068,6.88208417076151,6.88208417076151,102339
2021-09-22,6.92615270614624,6.977566127147941,6.896773508365936,6.962876178030125,159667
2021-09-23,6.88208532333374,7.058360555200216,6.860051094464308,6.933498757514252,276480
2021-09-24,6.808636665344238,6.874739342293016,6.691119160817136,6.874739342293016,576222
2021-09-27,6.771912574768066,6.882084404867472,6.757222623845259,6.793946800696864,315348
2021-09-28,6.705808639526367,6.867394583978487,6.705808639526367,6.771912012277477,283517
2021-09-29,6.720498561859131,6.779256965643823,6.70580931114067,6.70580931114067,235926
2021-09-30,6.793946743011475,6.808636693809555,6.72049838993189,6.73518834072997,252462
2021-10-01,6.948187828063965,6.948187828063965,6.742533417001967,6.7645676430733275,490204
2021-10-04,7.344808578491211,7.565152975937053,6.948188943270907,6.962878196191014,1177806
2021-10-05,7.344808578491211,7.645945618136466,7.286050165899724,7.344808578491211,878094
2021-10-06,7.462324142456055,7.491703343786377,7.300738184911575,7.344807337134764,677382
2021-10-07,7.491703510284424,7.682668673403299,7.388876653570744,7.484358534674754,641187
2021-10-08,7.565152168273926,7.7854965421955855,7.48435883424456,7.48435883424456,421192
2021-10-11,7.418255805969238,7.69735787271689,7.352152426834901,7.601875992251096,222659
2021-10-12,7.381532192230225,7.565152392532194,7.31542880804864,7.410911396260321,683112
2021-10-13,7.344808578491211,7.506394563345566,7.315429372195467,7.381532761474773,725242
2021-10-14,7.256669044494629,7.477013383789342,7.249324069745225,7.344806640121445,294062
2021-10-15,7.234635353088379,7.3594971311952735,7.139152775685731,7.256669578502715,166006
2021-10-18,7.124462127685547,7.278703091397893,7.102427904428163,7.219944695741316,212985
2021-10-19,7.109774112701416,7.2199459485609045,7.058359982238932,7.124463363936805,284536
2021-10-20,7.028980731964111,7.227290875721875,7.006946505031731,7.124463315945023,459123
2021-10-21,6.771912574768066,7.124462991450494,6.771912574768066,7.036325387279887,1071361
2021-10-22,6.779256820678711,6.984911929982906,6.77191254570424,6.860050149496577,1569049
2021-10-25,6.793946743011475,6.860050120692019,6.72049838993189,6.779256792213395,642601
2021-10-26,6.808636665344238,6.918808494047605,6.786601739239242,6.808636665344238,696518
2021-10-27,6.815980434417725,6.904118030930478,6.793946210403375,6.823325409240959,668918
2021-10-28,6.852705478668213,6.992257216217353,6.838016227610927,6.911463883808238,619762
2021-11-01,7.322773456573486,7.322773456573486,6.889429691174325,6.896774666967128,2389020
2021-11-02,7.197910785675049,7.388875930095747,7.16853158656843,7.388875930095747,1636245
2021-11-03,7.491703510284424,7.675323697793628,7.102428908892432,7.212600741215783,1927771
2021-11-04,7.484358787536621,7.660634705847129,7.3741869514910725,7.543117893943757,705747
2021-11-05,7.45497989654541,7.550462485326628,7.410911440465144,7.484359100750749,171022
2021-11-08,7.572497367858887,7.572497367858887,7.447635575630214,7.45497985129536,189226
2021-11-09,7.535772323608398,7.704702552279164,7.521082373051604,7.579840774367991,256527
2021-11-10,7.565152168273926,7.594531371433117,7.43294540382984,7.535772965114735,201009
2021-11-11,7.425599575042725,7.5945304991467335,7.418255300438061,7.565151299361955,191866
2021-11-12,7.469668865203857,7.513737315480802,7.4255997144715264,7.4255997144715264,101545
2021-11-15,7.638599872589111,7.667979075927705,7.550462262573328,7.550462262573328,279641
2021-11-16,7.499048709869385,7.844254868824535,7.499048709869386,7.594531294280616,312862
2021-11-17,7.6018757820129395,7.638599257889346,7.477014002758031,7.513737478634437,214701
2021-11-18,7.565152168273926,7.667979029103367,7.499048786051883,7.609220622784985,280196
2021-11-19,7.87363338470459,7.925046810111142,7.579840681275496,7.579840681275496,554917
2021-11-22,7.961772441864014,8.071944288016557,7.814876413508786,7.814876413508786,208635
2021-11-23,7.895668029785156,8.071943240945476,7.792840473047257,8.057253990243161,325620
2021-11-24,8.284942626953125,8.424494361086294,7.829564648037032,7.89566802731533,651151
2021-11-25,8.49059772491455,8.49059772491455,8.233529183845707,8.284942611877307,415714
2021-11-26,8.329011917114258,8.564045535791557,8.299632714779596,8.519977082517281,428153
2021-11-29,8.365736961364746,8.468563829955409,8.329012779530007,8.446529601036767,116647
2021-11-30,8.762354850769043,8.806423299888504,8.343700381401948,8.373079580966712,405111
2021-12-01,8.644838333129883,9.070837090874976,8.497941630082284,8.769699409991713,698543
2021-12-02,8.66687297821045,8.740320632836509,8.63749377626894,8.644838751868173,204428
2021-12-03,8.945975303649902,9.144284731815901,8.666872548806127,8.666872548806127,616787
2021-12-06,9.438077926635742,9.48949135503878,8.740320653109464,8.923940840783658,823314
2021-12-07,9.695145606994629,9.768593961018354,8.975354819565956,9.438077768822424,611483
2021-12-08,9.746559143066406,9.952213541205472,9.452766445269509,9.768593367753176,733588
2021-12-09,9.607008934020996,9.753904955857383,9.474802164140506,9.753904955857383,1726933
2021-12-10,9.357284545898438,9.695145717436558,9.166319383625712,9.643732289307525,1001015
2021-12-13,9.364629745483398,9.5923190906328,9.357284769730576,9.357284769730576,667627
2021-12-14,9.203042984008789,9.401353109424244,9.166318808881256,9.394008134307661,1352529
2021-12-15,9.283836364746094,9.460111565863045,8.813768461312172,9.21773298921339,1262806
2021-12-16,9.511524200439453,9.548248372733338,9.195697999804818,9.371973186269079,881020
2021-12-17,8.997389793395996,9.812663228633621,8.666873573729687,9.621698753119949,1070879
2021-12-20,8.358390808105469,9.041458112511943,8.101322271911197,8.982699009575914,604614
2021-12-21,8.718286514282227,9.188354451613462,8.446528717849546,9.188354451613462,2012208
2021-12-22,8.60076904296875,9.584973295095729,8.439183092504,8.835802643313563,1999943
2021-12-23,8.622802734375,8.813767873067407,8.29963155389621,8.813767873067407,780447
2021-12-24,8.74031925201416,8.755009200891864,8.51997562249111,8.65952663455273,686700
2021-12-27,8.630147933959961,8.857837251481815,8.630147933959961,8.777043928915017,1013290
2021-12-28,8.453873634338379,8.696252226768982,8.380425278863166,8.622803871293769,586803
2021-12-29,8.431838035583496,8.593423984480728,8.211494387625441,8.211494387625441,627225
2021-12-30,8.571390151977539,8.600769353079944,8.409804195686611,8.431838421399563,611666
2021-12-31,8.81376838684082,9.181008736292522,8.578734787337453,8.630148212114971,2065596
2022-01-03,8.90925121307373,8.960664639301568,8.732976008473662,8.806423660162658,1225545
2022-01-04,8.81376838684082,9.078181186282109,8.755009986964978,8.909250961752909,716403
2022-01-05,8.549355506896973,8.960664302154894,8.395114533561408,8.813768303848493,2050266
2022-01-06,8.542011260986328,8.549356236642435,8.417149476654245,8.549356236642435,655611
2022-01-07,8.593424797058105,8.71094160720266,8.336356949980754,8.51997714094548,1328765
2022-01-10,8.755009651184082,8.960664042862065,8.55669953386737,8.593423707495134,2888561
2022-01-11,8.850491523742676,8.89455996825278,8.564043832605812,8.806422378777276,1595979
2022-01-12,8.81376838684082,8.887216736913313,8.681561636892487,8.887216736913313,940632
2022-01-13,9.122249603271484,9.195697947441012,8.681560939164957,8.813767678487979,1966810
2022-01-14,9.695145606994629,9.768593961018354,8.850493037998874,9.092871625639583,2791346
2022-01-17,10.172557830810547,10.216626279930104,9.482145590354046,9.768593311452642,2019260
2022-01-18,10.532454490661621,11.017211693084464,10.150524149082742,10.172559076796837,3532409
2022-01-19,10.679349899291992,11.149417823634657,10.40024713488123,10.598557270300224,2813035
2022-01-20,11.031901359558105,11.670899537174915,10.56917839636205,10.67935023026116,3163337
2022-01-21,11.127382278442383,11.413830002412494,10.90703862972501,11.031900404241055,1832361
2022-01-24,10.980486869812012,11.318348036596477,10.804211661173703,11.127382877010602,1761015
2022-01-25,11.017210960388184,11.303658697522224,10.840935753131271,10.921728381343504,947285
2022-01-26,11.266935348510742,11.443210568715974,10.943763411012355,11.053935948982222,854298
2022-01-27,11.472588539123535,11.781071192013227,11.19348578689938,11.347726763116535,1679135
2022-01-28,11.384452819824219,11.641521389486321,11.259591023183255,11.531348845150205,782112
2022-01-31,11.127382278442383,11.641519326663923,11.07596885380238,11.384450802553152,1751458
2022-02-01,11.017210960388184,11.23755531968703,10.943762607136765,11.134727765226126,453378
2022-02-02,10.92172908782959,11.164107688600268,10.907039836502358,11.156762712708925,409386
2022-02-03,10.929073333740234,11.362417076008965,10.885004181791123,10.92172835833948,645362
2022-02-04,10.936418533325195,11.061280315875894,10.818901025870392,11.039245389221945,398615
2022-02-07,10.958452224731445,11.053934800872577,10.848280398659965,10.973141474661796,537675
2022-02-08,10.914383888244629,11.068624876524341,10.907039612959263,10.958453042234021,210447
2022-02-09,11.164107322692871,11.259589904784491,10.93641868116745,11.039245538454248,629069
2022-02-10,11.142072677612305,11.340382109540654,11.083314275525726,11.171451878655594,317481
2022-02-11,11.127382278442383,11.208175603397104,11.031900404241055,11.156761478301723,614387
2022-02-14,10.481040954589844,11.112694166462271,10.34883419145974,11.112694166462271,1027338
2022-02-15,10.892349243164062,10.892349243164062,10.46635047293372,10.481040423851171,394680
2022-02-16,10.818901062011719,11.053935377251054,10.789521860163731,10.995176973555077,240609
2022-02-17,11.009866714477539,11.244901040182032,10.76014313742271,10.804212292384632,594942
2022-02-18,10.796866416931152,11.171451751304485,10.73076304022346,11.031900723053552,365996
2022-02-21,10.539799690246582,10.870315907962386,10.532454714186004,10.796867548267553,299478
2022-02-22,10.414936065673828,10.635279705059792,10.209280974912419,10.436970289521355,229796
2022-02-23,10.157869338989258,10.98048774534883,9.915490732671502,10.4296271490893,591023
2022-02-24,10.400246620178223,10.400246620178223,9.144284592714433,9.158974542961618,735522
2022-02-25,10.172557830810547,10.642625023847788,10.106454456675843,10.503074001028699,740764
2022-02-28,9.878766059875488,10.201937985809735,9.878766059875488,10.121144654098456,276482
2022-03-01,10.253350257873535,10.363522079015054,9.893454894992198,9.893454894992198,582967
2022-03-02,9.91549015045166,10.238661373080808,9.849386770709113,10.238661373080808,428416
2022-03-03,10.047697067260742,10.201938055589936,9.900800354219271,9.996282937514051,392046
2022-03-04,9.842041015625,10.040351139147157,9.820006790940996,10.040351139147157,209695
2022-03-07,9.562938690185547,9.974247474445258,9.5335587908545,9.864075653775245,367323
2022-03-08,9.856730461120605,9.8934546340175,9.504179381947884,9.504179381947884,403780
2022-03-09,9.739213943481445,10.04769588380568,9.673110570489772,10.04769588380568,305069
2022-03-10,9.790628433227539,9.959559371547689,9.629042470585533,9.775939182326685,357916
2022-03-11,9.827352523803711,9.9081451541788,9.761249144198898,9.76859411981175,286108
2022-03-14,10.209281921386719,10.231316847732389,9.783283151746176,9.856731505320923,424155
2022-03-15,9.988938331604004,10.209281992962211,9.915489977514325,10.201937717917577,324624
2022-03-16,9.91549015045166,10.121144564852026,9.91549015045166,9.988938505822363,243668
2022-03-17,10.02566146850586,10.17990244650389,9.944868842108944,9.944868842108944,410638
2022-03-18,10.135834693908691,10.42228174387727,10.099110515579133,10.150523944967249,460029
2022-03-21,10.929073333740234,11.009865961782296,10.150523452645587,10.231316781143056,1109459
2022-03-22,11.377106666564941,11.531347652315992,10.987832064604833,10.987832064604833,1292705
2022-03-23,11.200831413269043,11.39914155155864,10.95845282232982,10.95845282232982,1120654
2022-03-24,11.487278938293457,11.568071566914307,11.156762047445861,11.384451383312493,1522577
2022-03-25,10.923990249633789,11.52127336602732,10.876836753308217,11.474119869701747,1747733
2022-03-28,10.523180961608887,10.923988618494004,10.523180961608887,10.923988618494004,726848
2022-03-29,10.279553413391113,10.617490044171804,10.279553413391113,10.570335799380265,617938
2022-03-30,10.263835906982422,10.483887302149187,10.240258409667508,10.326707734172926,777015
2022-03-31,10.098796844482422,10.34242497954183,10.07521934793504,10.295271485429618,786002
2022-04-01,10.059501647949219,10.255976286583028,10.059501647949219,10.098796725574234,781832
2022-04-04,10.169527053833008,10.224540462780167,10.09093764739478,10.138091141359462,767616
2022-04-05,10.43673324584961,10.648926228575391,10.145950852459377,10.18524593253726,2136313
2022-04-06,10.263835906982422,10.531040797796416,10.208822496072255,10.476028136377549,798180
2022-04-07,10.35814380645752,10.366002222858251,10.232400150150086,10.271694480627676,564620
2022-04-08,10.381719589233398,10.42887383070941,10.287411855772616,10.405296335225783,604172
2022-04-11,10.719656944274902,10.719656944274902,10.334566068907527,10.428874558440436,1389875
2022-04-12,10.554617881774902,10.798246015224398,10.476027726118843,10.77466926832409,1013379
2022-04-13,10.421014785766602,10.688220408400296,10.318847885965997,10.562476012844073,1134645
2022-04-14,10.48388671875,10.54675854244186,10.34242474069768,10.428874060392435,993785
2022-04-15,10.578194618225098,10.609630530558212,10.366001647858123,10.468168550313562,1227304
2022-04-18,10.641066551208496,10.703938376514706,10.538899647713084,10.648925716744593,1291892
2022-04-19,10.806105613708496,10.931849268203951,10.617490131965315,10.66464362765546,1786788
2022-04-20,10.6174898147583,10.853259534639097,10.56247640544164,10.821823621954408,842238
2022-04-21,10.72751522064209,10.845400456275746,10.609630734499717,10.617489900106886,1002614
2022-04-22,10.523180961608887,10.900411873851631,10.193103538650886,10.727513997661442,1371745
2022-04-25,10.413155555725098,10.491745708772353,10.295271075645463,10.491745708772353,865522
2022-04-26,10.122374534606934,10.49960552061511,10.067361869853578,10.46816960511443,465935
2022-04-27,10.059501647949219,10.145950219131239,9.878744590670657,10.122373472352736,490510
2022-04-28,9.933757781982422,10.138090832081337,9.910180286228075,10.059501428040601,411843
2022-04-29,9.980912208557129,10.177386861282628,9.933758711618148,10.177386861282628,676921
2022-05-05,9.94161605834961,10.177385766148555,9.925898477558341,10.051642121853448,1020539
2022-05-06,10.004488945007324,10.020207276962314,9.760860795635537,9.925899533706334,788346
2022-05-09,9.91804027557373,10.020207183857906,9.894463527351633,10.004488852048965,320245
2022-05-10,9.94947624206543,9.988771322303283,9.886604413481392,9.94947624206543,54068
2022-05-11,9.965193748474121,10.263835284255503,9.808013440542995,10.263835284255503,596819
2022-05-12,9.548666954040527,9.878744400552218,9.548666954040527,9.86302681949946,541104
2022-05-13,9.86302661895752,10.059501249815275,9.587961835960169,9.666551988099766,1083790
2022-05-16,9.800154685974121,9.988770149582031,9.800154685974121,9.91017999833312,315720
2022-05-17,9.980912208557129,10.020207289000492,9.690129812462347,9.80801430430112,469775
2022-05-18,10.145949363708496,10.145949363708496,9.501512843160382,9.996628980712423,717169
2022-05-20,9.86302661895752,10.177385728533432,9.86302661895752,10.177385728533432,394645
2022-05-23,9.902321815490723,9.965193638170751,9.792295751055049,9.870885904150708,457253
2022-05-24,9.800154685974121,9.902321582801212,9.776577190904712,9.902321582801212,266985
2022-05-25,10.216681480407715,10.263835724708839,9.800155445294807,9.839450523963864,917960
2022-05-26,10.248116493225098,10.35814255393524,10.169526342790537,10.224539747891217,557292
2022-05-27,10.452451705932617,10.468169288461842,9.89446366055564,10.248117886613427,998398
2022-05-30,10.413155555725098,10.601771023649013,10.342424567880819,10.531040035804732,670588
2022-05-31,10.098796844482422,10.483886960861021,10.067360931910521,10.413155970201426,419324
2022-06-01,10.138091087341309,10.216681242852063,10.098796759077201,10.098796759077201,497936
2022-06-02,10.145949363708496,10.295270496195775,10.106654289396518,10.138090198947861,484382
2022-06-03,10.232398986816406,10.397436954838065,10.098796179806394,10.145949670815089,640031
2022-06-06,10.24025821685791,10.263835713728893,10.200963138230891,10.232399800725535,414756
2022-06-07,10.295271873474121,10.32670778723089,10.153809886823014,10.2402584622813,1056144
2022-06-08,10.10665512084961,10.34242483662655,10.067360792796173,10.295271343165922,1055402
2022-06-09,10.255975723266602,10.295270798733307,10.145949661858069,10.169526407341603,409628
2022-06-10,10.224540710449219,10.373861110942732,10.208822379086063,10.216681544767642,324131
2022-06-13,9.902321815490723,10.216680928890867,9.902321815490723,10.208821763683051,448275
2022-06-14,9.855167388916016,9.980911031917937,9.792295567415055,9.941615956107029,238861
2022-06-15,10.216681480407715,10.216681480407715,9.863027271368782,9.863027271368782,571172
2022-06-16,9.91804027557373,10.224541000426257,9.878745195542692,10.216681834521786,310978
2022-06-17,9.933757781982422,9.996629605011512,9.902321870467876,9.918039451479524,219571
2022-06-20,9.847309112548828,9.965194350620381,9.831591530500734,9.94161685331129,262317
2022-06-21,9.988770484924316,10.004488066007031,9.863026838297587,9.863026838297587,197664
2022-06-22,10.122374534606934,10.216682281108978,9.902323126102162,9.957335790855518,443151
2022-06-23,10.043783187866211,10.177386000377393,10.02806560671321,10.169526835055263,213248
2022-06-24,10.255975723266602,10.436732021125735,10.075218675916243,10.08307784090783,775683
2022-06-27,10.177386283874512,10.177386283874512,10.177386283874512,10.177386283874512,5809
2022-06-28,9.933757781982422,10.255976062379318,9.933757781982422,10.145949997332787,457058
2022-06-29,9.729424476623535,10.02020686027693,9.666552650400709,9.933758286593367,319491
2022-06-30,9.988770484924316,10.043783142950698,9.64297545670081,9.729424026383874,457316
2022-07-01,10.067360877990723,10.122373537324087,9.886603819551956,9.988770722236255,221010
2022-07-04,9.957334518432617,10.177385898817572,9.957334518432617,10.06736058337072,347361
2022-07-05,9.69798755645752,10.020205819762667,9.69798755645752,9.965193164903118,188946
2022-07-06,9.768718719482422,9.823731375347174,9.697987733661325,9.776577134969369,170193
2022-07-07,9.760859489440918,9.792295399652836,9.690128504091298,9.768718654366703,95744
2022-07-08,9.760859489440918,9.800154564578621,9.713705249377432,9.760859489440918,53785
2022-07-13,9.650835037231445,9.800156197740321,9.627258288016328,9.784437865269348,201033
2022-07-14,9.67441177368164,9.737283599629116,9.650834276832873,9.65869344244913,104540
2022-07-18,9.705846786499023,9.753000276840798,9.705846786499023,9.74514111195343,99278
2022-07-19,9.815873146057129,9.847309059475188,9.697988658112234,9.705847823839573,203566
2022-07-20,9.878744125366211,9.949475111861442,9.792295558256056,9.847308214645134,221035
2022-07-21,9.800154685974121,9.933757493402531,9.784436355927848,9.918039163356259,144912
2022-07-22,9.878744125366211,9.878744125366211,9.800154723309133,9.808013138870978,256394
2022-07-25,10.303130149841309,10.303130149841309,9.89446327655449,9.918040024178982,829787
2022-07-26,10.10665512084961,10.483886815990969,10.090937539526488,10.34242483662655,1791741
2022-07-27,9.94161605834961,10.106654778859747,9.925898477558341,10.106654778859747,682100
2022-07-28,9.94947624206543,10.138091727817542,9.941617076119597,10.0202072365953,424440
2022-07-29,9.729424476623535,9.91018078964134,9.430782927319465,9.902322373481953,1186944
2022-08-01,9.823731422424316,9.83159058744015,9.69798778013588,9.760859601280098,718475
2022-08-02,9.847309112548828,10.020207012025658,9.705847876150784,9.823732364731038,1437133
2022-08-03,9.933757781982422,10.028065516526055,9.831590882187339,9.902321870467876,1170230
2022-08-04,10.098796844482422,10.10665526050694,9.941616532131643,9.980911610219339,857006
2022-08-05,10.19310474395752,10.255976570099063,9.99663009989237,10.138091333965201,851419
2022-08-08,11.206912994384766,11.206912994384766,10.208821521415532,10.263834927073457,3713897
2022-08-09,10.688220977783203,11.238349833369554,10.57033574119887,11.206913920178657,2830849
2022-08-10,10.586052894592285,10.711796533363934,10.554616984899372,10.688219788467052,882815
2022-08-11,10.5153226852417,10.672502245288182,10.5153226852417,10.664643079913041,885131
2022-08-12,10.31884765625,10.601770853597815,10.31884765625,10.601770853597815,1020802
2022-08-15,10.216681480407715,10.53889977640966,10.216681480407715,10.41315612426171,886412
2022-08-16,10.279553413391113,10.350284405832774,10.145950594221597,10.216681586663258,1186151
2022-08-17,10.428873062133789,10.523180788644385,10.255975188785438,10.27955193304029,763941
2022-08-18,10.31884765625,10.507463121148543,10.240257504463322,10.444591299515695,785346
2022-08-19,10.295271873474121,10.358143700987657,10.248117628093318,10.318848621418871,721804
2022-08-22,10.397438049316406,10.515323288229697,10.279553559894422,10.29527189154605,756266
2022-08-23,10.64892578125,10.703938441353351,10.468168720281255,10.468168720281255,1043511
2022-08-24,10.979002952575684,11.316938819397558,10.593912093489749,10.688220579035344,3378414
2022-08-25,11.51341438293457,11.59200454404667,10.955426337614366,10.986862252160941,2651535
2022-08-26,10.939706802368164,11.686310201700417,10.829680746348949,11.67059262197835,2192546
2022-08-29,11.356234550476074,11.4741197894481,10.845400763404546,10.939708504887383,1543479
2022-08-31,11.191194534301758,11.552707876677658,11.167617789003021,11.371951580235319,1588613
2022-09-01,11.529131889343262,11.576285383040764,11.09688753316272,11.191195270048993,1572149
2022-09-02,11.285502433776855,11.686310857306058,11.199053866727729,11.544848884415462,977740
2022-09-05,11.30122184753418,11.521273243526869,11.206914106394455,11.33265776124742,1049019
2022-09-06,11.592004776000977,11.953518175266085,11.403389284947357,11.403389284947357,2511577
2022-09-07,11.709888458251953,11.749183536868493,11.269785676322298,11.631299050510156,1163742
2022-09-08,11.992812156677246,12.00067132212317,11.623439625122725,11.74918327429245,2007780
2022-09-09,12.37004280090332,12.43291462394672,11.922080874346284,12.039965355179845,2323864
2022-09-12,12.346466064453125,12.692261091466811,12.283594241359728,12.566517445280017,3582401
2022-09-13,11.945658683776855,12.456493228332754,11.843491774865676,12.432915730474646,1839562
2022-09-14,11.62343978881836,11.906363003434716,11.458401059585999,11.906363003434716,1806461
2022-09-15,11.804197311401367,11.953517715367711,11.639158575706297,11.639158575706297,1166286
2022-09-16,11.780618667602539,11.874926400325208,11.733465175986822,11.804196162901633,924783
2022-09-19,11.58414363861084,11.81991333705363,11.521271818958258,11.788477427227338,681469
2022-09-20,11.592004776000977,11.662735772518918,11.034016719515513,11.584145609834241,676326
2022-09-21,11.450542449951172,11.584145272934776,11.246209381997998,11.560568524611586,632550
2022-09-22,11.42696475982666,11.521272494837968,11.356233771195367,11.450541506206674,501419
2022-09-23,11.29336166381836,11.43482363752308,11.2540665878458,11.42696447243032,576916
2022-09-26,11.10474681854248,11.356234119621982,11.081170071439097,11.285503128820553,880361
2022-09-27,11.081170082092285,11.136182741883495,11.010439091222857,11.104746829218335,520336
2022-09-28,11.073310852050781,11.151900258510254,11.010439027086692,11.018298192580021,310217
2022-09-29,11.167618751525879,11.403388473307588,10.908272282413384,11.096887760042236,605746
2022-09-30,11.081170082092285,11.222631314339864,11.049734169427126,11.199054567213814,158650
2022-10-03,11.332656860351562,11.348374441213053,10.92398926507538,11.081169570637753,595403
2022-10-04,11.348374366760254,11.458400430033825,11.24620821810273,11.35623353188506,496606
2022-10-05,11.474120140075684,11.615581381877076,11.309081400064617,11.348375731431414,691562
2022-10-06,11.568427085876465,11.662734823731144,11.46626018249441,11.481977764057884,766395
2022-10-07,11.552708625793457,11.647016362594846,11.513413548086728,11.568426956672656,520226
2022-10-10,11.88278579711914,11.906362543386706,11.434823870579152,11.552708351408228,1728184
2022-10-11,11.78847885131836,11.945658419437677,11.725607024070632,11.890645757968741,1887532
2022-10-12,11.78847885131836,11.851350678566087,11.631299283199041,11.780619685539568,1509058
2022-10-13,11.717747688293457,11.804197011623371,11.69417094079043,11.788478680293826,1074784
2022-10-14,11.631299018859863,11.764901836097778,11.631299018859863,11.74918350489742,662501
2022-10-17,11.741323471069336,11.851349532861972,11.63915732378695,11.73346505554154,1256437
2022-10-18,11.686312675476074,11.812056337834957,11.6313000105669,11.772761255974968,988250
2022-10-19,11.78847885131836,11.859209844344878,11.670594362601696,11.686311944667978,2280171
2022-10-20,11.552708625793457,11.84349100163722,11.521272713526328,11.788478342542561,2726111
2022-10-21,11.489836692810059,11.61558034069172,11.356233879562978,11.576285263355885,2826693
2022-10-24,11.992812156677246,12.063543146708033,11.51341355735358,11.52913188824543,5202545
2022-10-25,12.063543319702148,12.464351019805509,11.906363006494718,12.260017961720155,3247605
2022-10-26,11.906362533569336,12.22072239800642,11.867068206319544,12.071401256288711,2171511
2022-10-27,11.953516960144043,12.10283735467632,11.874926805448364,11.977093706756243,2020370
2022-10-28,11.937797546386719,12.063541932390267,11.898503222095004,12.008528529297717,1361132
2022-10-31,11.819913864135742,11.992811750635937,11.725606130451432,11.961375839407832,2289841
2022-11-01,11.78847885131836,11.87492742641116,11.70988869251305,11.859209844344878,2325806
2022-11-02,11.929940223693848,12.212863431755016,11.757042332910835,11.796337410292146,3320023
2022-11-03,11.874926567077637,11.992811796754792,11.843490655728644,11.95351672019574,2251369
2022-11-04,12.495786666870117,12.621530315169545,11.843490929198394,11.87492684127325,6512503
2022-11-07,12.299311637878418,12.739414392929966,12.29145322222807,12.574376421904065,3247460
2022-11-08,11.984952926635742,12.495786686007317,11.96923459582861,12.31503037867288,3053400
2022-11-09,11.945658683776855,12.039966426735333,11.812055860546185,12.016389678368544,1862341
2022-11-10,12.110695838928223,12.16570849442648,11.859208557231929,11.93779795801641,3329139
2022-11-11,12.377902030944824,12.535081589376032,12.110696406866145,12.173568230238628,6076809
2022-11-14,13.572467803955078,13.572467803955078,12.299311541646404,12.377901693464896,15247968
2022-11-15,13.572467803955078,13.918262073584499,13.132363553364504,13.572467803955078,11747468
2022-11-16,14.61771297454834,14.924212921925191,13.572467988409793,13.596043984988018,14905021
2022-11-17,14.712019920349121,14.845622730212112,13.800377746807246,14.790610073030143,7071016
2022-11-18,14.122596740722656,15.16784177719485,14.012571420772707,14.735598163977857,5050873
2022-11-21,14.657008171081543,14.80632932052679,14.130456064179167,14.138315229832347,5441053
2022-11-22,15.238572120666504,15.285727112054607,14.389801762453128,14.86134118345667,9648983
2022-11-23,15.270008087158203,15.710110827221804,14.837763012986114,15.285726416906082,4613365
2022-11-24,15.372176170349121,15.513638157947668,14.93207337480679,15.35645933760243,4497570
2022-11-25,16.032329559326172,16.456715480991008,15.073533901502527,15.372174680502525,3753384
2022-11-28,15.537214279174805,16.31525364306144,15.521495948837906,16.09520151529232,3547956
2022-11-29,15.749408721923828,16.142358023381217,15.293586093209937,15.69439456057439,3435072
2022-11-30,16.236661911010742,16.661047794931843,15.647238071552998,15.733687381014484,4203040
2022-12-01,15.8594331741333,16.535306415130542,15.69439369713006,16.36240777265262,4738909
2022-12-02,16.33097267150879,16.551023309702064,15.607945933911129,15.859433234122045,4426493
2022-12-05,15.796561241149902,16.61389495814702,15.765124579466438,16.53530630190343,3556147
2022-12-06,15.969459533691406,16.142358187438735,15.749408881987735,15.796562378926717,3085874
2022-12-07,15.246430397033691,16.06376554565367,15.152123417720562,16.06376554565367,3787386
2022-12-08,15.655098915100098,15.702252407599277,15.136406000661623,15.325021469640841,1879759
2022-12-09,15.875149726867676,15.875149726867676,15.592225797400301,15.678675108955861,1630888
2022-12-12,16.44099998474121,16.472435151589085,15.859435157719588,15.859435157719588,2827969
2022-12-13,16.95969009399414,17.274049203909478,16.346688705422373,16.61389432359603,3720469
2022-12-14,16.079484939575195,17.116872370274614,16.079484939575195,16.95969204771883,2414623
2022-12-15,16.110919952392578,16.56674104230585,15.600086204918092,16.173791775174323,3048018
2022-12-16,16.205228805541992,16.488151265019336,16.095201988928412,16.110920319727857,314607
2022-12-19,17.478382110595703,17.50981876947861,16.44099635117816,16.503868169961574,5245955
2022-12-20,16.95969009399414,17.76130694851511,16.95969009399414,17.541254822083136,2824393
2022-12-21,16.58245849609375,17.226895020283283,16.472431687805535,17.006842902689268,2790519
2022-12-22,17.053998947143555,17.179742593842835,16.56674119194695,16.645331345879626,3435320
2022-12-23,17.00684356689453,17.258330854548188,16.771074609464847,17.053998557566448,1721930
2022-12-26,17.478382110595703,17.824177863395686,17.006842720228892,17.101151197895216,2669044
2022-12-27,17.50982093811035,17.777026575779498,17.179743473870968,17.47838427533394,1599479
2022-12-28,17.132587432861328,18.059947942345136,16.818228319218296,17.509819868215455,2597645
2022-12-29,17.415512084960938,17.52553740441482,17.132588121813747,17.22689660919033,1030583
2022-12-30,18.138538360595703,18.4214623165006,17.384076476825996,17.44694830047347,2200617
2023-01-02,18.971590042114258,18.971590042114258,18.02851270512652,18.45289713202538,2783290
2023-01-03,18.782976150512695,19.207362111997863,18.437180348448774,19.06590012483614,4630491
2023-01-04,18.48433494567871,19.458849004174287,18.39002645660636,19.018746219462674,3437386
2023-01-05,17.462665557861328,18.73582189148845,17.289768413361433,18.562924746988553,3176294
2023-01-06,17.83989715576172,17.887050647648834,16.236663441775054,16.865381663544834,3198629
2023-01-09,17.116870880126953,18.500052501660875,16.72392160692922,18.075666567095716,2156621
2023-01-10,16.04804801940918,17.211177482375508,15.41147063074257,17.116870498341743,2063920
2023-01-11,15.049958229064941,16.236665321662485,15.010663897773247,16.0794849985304,2933686
2023-01-12,15.317160606384277,15.615802856731758,14.154031260461842,15.285725447863788,2148089
2023-01-13,15.364317893981934,15.812281380305809,15.222857397176332,15.317164395046733,1018872
2023-01-16,16.33097267150879,16.503869815658156,15.380034631230894,15.380034631230894,898935
2023-01-17,16.66105079650879,16.959691602750215,16.016612690124205,16.330973326987948,2028432
2023-01-18,16.519588470458984,16.943972923137412,16.34668982393817,16.70820394931413,1796680
2023-01-19,17.44694709777832,18.169973769374128,16.566740128407698,16.598176787555627,5624050
2023-01-20,17.39979362487793,17.761307741661142,17.195459819562643,17.446948617707832,2254101
2023-01-23,16.472431182861328,17.74558736158552,15.906584825085226,17.49410009146281,2132413
2023-01-24,16.126638412475586,16.535306013333447,15.796560965472313,16.47243269106377,1271995
2023-01-25,15.875149726867676,16.39384259823628,15.38003285029977,16.189508815730107,1600924
2023-01-26,15.953741073608398,16.503870696415294,15.694394594052605,15.87515241233538,1113867
2023-01-27,15.497919082641602,15.922305025075572,15.167841627076031,15.922305025075572,1264883
2023-01-30,15.529354095458984,16.268099084032666,15.34859780538765,15.521494930806005,1478548
2023-01-31,15.073535919189453,15.710113387914102,14.774893601231845,15.52935706329815,1441330
2023-02-01,13.99685287475586,15.293585193481368,13.949699381070168,15.073534556959789,1458938
2023-02-02,13.501737594604492,14.342648819819729,13.014479824461032,14.083302353174071,2288923
2023-02-03,14.845623970031738,14.845623970031738,14.146174700619964,14.845623970031738,1958451
2023-02-06,14.932071685791016,15.246430789905917,14.138314011036863,14.680584402499097,1007616
2023-02-07,13.438864707946777,14.971365890188489,13.438864707946777,14.932071564611434,2322408
2023-02-08,12.574377059936523,12.574377059936523,12.574377059936523,12.574377059936523,98
2023-02-15,13.99685287475586,14.491969804894486,12.770851546050155,13.43886561902467,4116415
2023-02-16,13.596043586730957,14.366225263680011,13.014478870777653,14.224763292424422,2871974
2023-02-17,13.745365142822266,13.973276436581033,13.344556711682097,13.525313014260265,1385134
2023-02-20,13.910406112670898,14.146175098045259,13.124507496112829,13.745366623722724,2029571
2023-02-21,14.138314247131348,14.26405789087709,13.910404454960618,13.918262121085062,1493085
2023-02-22,14.40552043914795,14.735597891885485,13.902545844112668,14.201186635169233,1842582
2023-02-23,14.649148941040039,14.735598263862455,14.334789811207488,14.460533463140509,1157506
2023-02-24,14.601995468139648,14.82204760884268,14.374085660788806,14.64914896293938,1405160
2023-02-27,14.397661209106445,14.712020329592553,14.224764067584719,14.601995012168048,956652
2023-02-28,14.562700271606445,14.900635379689884,14.397660801163385,14.397660801163385,1114921
2023-03-01,14.499829292297363,14.657008107733885,14.264058820668726,14.578417950524338,2011963
2023-03-02,14.515546798706055,14.932073601973812,14.381943974939615,14.523405964690273,1476771
2023-03-03,14.381942749023438,14.601994880876411,14.177610446781586,14.51554556140158,1470758
2023-03-06,15.081393241882324,15.104969238482724,14.256198884271068,14.381942529414832,1473721
2023-03-07,15.167840003967285,15.450763935314274,14.979224549396754,15.207135827200137,1104324
2023-03-08,15.309304237365723,15.466484555615045,15.026381763092594,15.175701416548582,958617
2023-03-09,15.246430397033691,15.411469859305283,15.167840248284477,15.30144305146342,1189881
2023-03-10,15.167840003967285,15.30930196964078,15.049955532233502,15.238570986804033,788253
2023-03-13,14.774890899658203,15.270007784010062,14.774890899658203,15.167840141659564,1062292
2023-03-14,14.712019920349121,15.018521365906853,14.625572101484236,14.806328403362844,859823
2023-03-15,14.50768756866455,14.853483375530152,14.146174928882552,14.633432724874197,1399968
2023-03-16,14.586276054382324,14.806328178754548,14.42123808534,14.507685902893495,570705
2023-03-17,14.381942749023438,14.798469516786472,14.381942749023438,14.696303365665546,730085
2023-03-20,13.918262481689453,14.69630335862518,13.737506176494593,14.460532896256547,1044161
2023-03-21,13.67463493347168,14.14617437924296,13.67463493347168,13.918263072510188,864587
2023-03-22,14.036148071289062,14.122595889331352,13.682493137080924,13.75322412392255,696033
2023-03-23,14.044007301330566,14.358366411534703,13.996852310563087,14.044007301330566,665269
2023-03-24,14.130454063415527,14.381941332778284,14.075441410615221,14.381941332778284,916264
2023-03-27,14.712019920349121,14.853481895378462,14.224763671895268,14.303353824576288,2449004
2023-03-28,13.960206031799316,14.848429985802024,13.951826364522352,14.622185362356449,2339936
2023-03-29,13.75071907043457,14.002102694354276,13.26470955880053,13.960205956453693,1443048
2023-03-30,13.717203140258789,13.951827449222453,13.499336568893792,13.826135626812171,984389
2023-03-31,13.356884002685547,13.767478922044235,13.323366131628621,13.717202515023388,897678
2023-04-03,13.046844482421875,13.482577638247566,12.912772988053705,13.373644349291142,944816
2023-04-04,13.306608200073242,13.398782149884214,12.988188011004729,13.046844088236336,1031244
2023-04-05,12.96304988861084,13.507716320393131,12.96304988861084,13.30660828451168,2098670
2023-04-06,12.778700828552246,13.113879547026567,12.711665084857382,12.963049523277672,1327939
2023-04-07,12.845736503601074,12.979807990274342,12.761941424865736,12.77870076026444,692734
2023-04-10,13.088741302490234,13.214433920876646,12.904392608334287,12.904392608334287,900221
2023-04-11,13.608268737792969,13.792616633140984,13.197674608432713,13.239572147967843,2838103
2023-04-12,13.407161712646484,13.826135516166687,13.407161712646484,13.742340435811002,2080507
2023-04-13,13.382022857666016,13.583129282659451,13.34012531952489,13.4155407283531,1153664
2023-04-14,13.499336242675781,13.700443473324025,13.39040216049661,13.465817571771977,1232536
2023-04-17,13.49095630645752,13.90993009486764,13.407161229123862,13.733960272641143,1699417
2023-04-18,13.574750900268555,13.851273526839377,13.541232231225736,13.557991565747146,1245218
2023-04-19,13.541232109069824,13.859653069071681,13.356883426642607,13.591508513922399,903889
2023-04-20,13.61664867401123,13.61664867401123,13.398782103436064,13.541233261186818,315391
2023-04-24,13.901551246643066,13.909930914696133,13.457438429380119,13.625028593924922,1480628
2023-04-25,13.767477989196777,14.035620939483533,13.40716030040218,14.035620939483533,1358231
2023-04-26,13.1473970413208,13.884790999917698,13.080361299550999,13.767478851385084,1317096
2023-04-27,13.449057579040527,13.616647728852731,13.055222804717403,13.147396747810866,1510163
2023-04-28,12.552454948425293,13.57475206644067,12.493798870819477,13.440680575267873,1805398
2023-05-02,12.694905281066895,13.314987086063846,12.150239683856011,12.653008542149957,3240606
2023-05-03,12.96304988861084,12.96304988861084,12.552454947996766,12.703285775125574,1577076
2023-05-04,12.912771224975586,13.289847451183284,12.86249482101671,12.971427295970619,1002637
2023-05-05,12.376486778259277,13.038465368622823,12.326209569250407,12.946290618628083,2016278
2023-05-08,13.231191635131836,13.373642780975175,12.376485559200857,12.435141631326097,1683589
2023-05-09,13.214434623718262,13.532854022656576,12.988188378066726,13.239572829080942,1839577
2023-05-10,13.348505020141602,13.440679764106886,13.113879125620036,13.214433537060177,1116770
2023-05-11,14.328903198242188,14.496491746639272,13.197673703964998,13.348504516303036,3037114
2023-05-12,14.085898399353027,14.47135511798791,13.826135096566194,14.337283632790953,1334167
2023-05-15,13.331746101379395,13.784238569598617,12.678147201389017,13.139018538215591,1326367
2023-05-16,13.700443267822266,13.817755417709552,13.197674399613911,13.281469477358332,902250
2023-05-17,13.759099006652832,14.328903603485662,13.465817040840859,13.717202267933178,1654278
2023-05-18,13.340126037597656,13.78423884701859,13.239572420123798,13.75909984330329,1279920
2023-05-22,13.09712028503418,13.48257618948839,12.99656667506296,13.340125042246896,605732
2023-05-23,12.988187789916992,13.164156817745548,12.921152045899362,13.071982869503582,951629
2023-05-24,12.988187789916992,13.030085329710287,12.619491197820025,12.988187789916992,867071
2023-05-25,12.979806900024414,13.197673447133134,12.90439149532301,12.98818656701991,436928
2023-05-26,13.22281265258789,13.340125602041674,12.937910346149481,12.988187552809414,373107
2023-05-29,13.599888801574707,13.692063546558122,13.256330422601458,13.256330422601458,849093
2023-05-30,14.17807388305664,14.211590956972103,13.666925320215237,13.733961066304417,1307365
2023-05-31,14.211589813232422,14.412698633573108,13.985345187300874,14.178072742014393,999160
2023-06-01,14.228348731994629,14.580286759914477,14.11103658877404,14.219969064870574,925590
2023-06-02,14.44621753692627,14.588668703749986,14.312146038534339,14.312146038534339,1835745
2023-06-05,14.731118202209473,14.865189685417214,14.613806053967236,14.81491327877885,1108737
2023-06-06,14.7981538772583,14.856809951115613,14.571907651015978,14.731118135955926,1020996
2023-06-07,14.965744018554688,15.041159427246251,14.814913201171562,14.814913201171562,1295043
2023-06-08,14.87356948852539,15.217127867160254,14.303764880567618,14.96574423341802,1470194
2023-06-09,15.016021728515625,15.124954218161227,14.672463324987895,14.91546730877806,1113779
2023-06-12,15.083056449890137,15.367958755137604,15.024400374972982,15.158471860000242,1588825
2023-06-13,14.680841445922852,15.099815220533038,14.622185373198723,15.083055885966683,1096222
2023-06-14,14.638943672180176,14.831672830584905,14.446216112033618,14.680842010206497,586077
2023-06-15,14.73949909210205,14.856811250073486,14.597047929597469,14.664083676760903,738478
2023-06-16,14.705978393554688,14.923844941387994,14.647322322649194,14.756256395694878,712785
2023-06-19,14.161314010620117,14.714359294474216,14.127796937974091,14.70597962674816,971980
2023-06-20,14.085898399353027,14.362421037354023,14.010482989147466,14.144554474344424,934165
2023-06-21,14.161314010620117,14.345663504076947,14.085898599343812,14.085898599343812,871304
2023-06-22,14.622185707092285,14.622185707092285,14.07751850905523,14.152933918067802,1158907
2023-06-23,14.831673622131348,14.89032970024042,14.747878539864848,14.747878539864848,1007441
2023-06-26,15.150092124938965,15.208748199594918,14.873569488519355,14.873569488519355,1238456
2023-06-27,15.133334159851074,15.183612169757732,15.083057748202725,15.150093496486626,409415
2023-07-03,15.560686111450195,15.636101520573392,15.183610664092368,15.183610664092368,1544257
2023-07-04,15.753412246704102,15.87910564940099,15.510408304556664,15.602583040332247,1696049
2023-07-05,15.929384231567383,16.013179312080556,15.543927500510078,15.753414402663898,1320992
2023-07-06,16.339977264404297,16.515945483164753,15.853967748162596,15.962900226691719,2163537
2023-07-07,16.54946517944336,16.84274716050286,16.24780353055265,16.25618319838386,1209112
2023-07-10,17.027095794677734,17.027095794677734,16.59136263815246,16.59974230634621,1084327
2023-07-11,17.345516204833984,17.78124774832565,16.8092286464271,17.110890298139832,1378439
2023-07-12,17.73097038269043,17.965596276728498,16.859505744457014,17.328755934275005,1960652
2023-07-13,17.831525802612305,17.965597293001565,17.613659231165197,17.73097138569124,1475992
2023-07-14,19.121963500976562,19.272794320948773,17.680694240174205,17.831525060146415,2450108
2023-07-17,20.86489486694336,20.898413538021508,19.021411110616796,19.155482598412974,2040090
2023-07-18,20.79785919189453,21.367663816043674,20.194537494814487,20.898413607203643,2238096
2023-07-19,22.205610275268555,22.239128944734748,20.060464975434133,20.781098788117887,2889950
2023-07-20,23.512807846069336,23.52956718068021,22.22236944793634,22.239128782547215,1520775
2023-07-21,23.764192581176758,23.797709651450305,22.6245834232307,23.529566696229605,1246721
2023-07-24,23.29494285583496,23.8479881490819,22.85921131448704,23.7641946669146,1435156
2023-07-25,23.177629470825195,23.294941618233498,22.490512724705486,23.294941618233498,1062828
2023-07-26,23.14411163330078,23.730673949184705,22.842450009083965,23.12735229900916,867749
2023-07-27,22.79217529296875,23.680399298871357,22.708380213560986,23.144113347874796,1503669
2023-07-28,23.59660530090332,23.630123973505878,22.89272915883237,23.227907893566567,858690
2023-07-31,23.445772171020508,24.13288890939406,23.361977095991463,23.713915132506955,1234198
2023-08-01,25.272497177124023,25.473604390943013,24.21668310588078,24.21668310588078,4240691
2023-08-02,24.786489486694336,25.322775429355836,24.551863587650843,25.272499021795866,1564924
2023-08-03,25.574159622192383,26.244517023219686,25.004355032190116,25.004355032190116,3080040
2023-08-04,25.104909896850586,25.993135523693166,24.88704492238848,25.942857515809685,1725180
2023-08-07,25.306018829345703,25.892581205921534,25.1049099935536,25.12166932957932,1376366
2023-08-08,26.0098934173584,26.613215094180692,24.97083702099943,25.306017328603307,3081857
2023-08-09,26.21099853515625,26.780801496093055,25.473603835636567,26.009891325721252,2894278
2023-08-10,25.64119529724121,27.987449391400354,25.507123817375902,26.244516956635106,3839316
2023-08-11,26.730527877807617,27.18301874660765,25.42333008118084,25.641196646995002,1985686
2023-08-14,25.909339904785156,27.65227085214131,25.741749745165862,26.747287506365193,2650386
2023-08-15,25.976375579833984,26.311554299922136,25.27249946851976,26.076929994989534,1513017
2023-08-16,26.646732330322266,27.065706119152853,25.540641783530813,25.976374907496588,1850378
2023-08-17,26.78080177307129,26.998669916701687,26.210998806241342,26.629972563128625,1465862
2023-08-18,26.81432342529297,27.417646725247323,26.06017089860825,26.780804753847406,1896470
2023-08-21,27.95393180847168,27.98745047886945,26.009893676629815,26.479143874391397,2485560
2023-08-22,29.395204544067383,30.300186326876457,27.58523458541614,27.953933590259858,2299347
2023-08-23,29.445478439331055,30.14935455804686,29.160576124695694,29.395203628611927,1734280
2023-08-24,31.322481155395508,31.724695606617672,29.043262735286934,29.4454771865091,2735239
2023-08-25,32.260982513427734,32.52912548898686,29.76389905571062,31.322482098970795,1573280
2023-08-28,32.814029693603516,34.17150398526866,32.57940537557948,33.53466518069631,3359250
2023-08-29,33.58494186401367,33.92011899131024,32.83078773369259,33.6184573391818,2010360
2023-08-31,35.495460510253906,35.59601332627411,33.484385010751524,33.58494102328812,1028085
2023-09-01,34.67427444458008,35.71332773431447,34.28881609853352,35.51222208956692,1105815
2023-09-04,33.97039794921875,34.77482691305558,32.948100809853266,34.674274091705115,1070852
2023-09-05,34.25529479980469,34.67426855108625,33.517900102524656,33.97039252107259,1110894
2023-09-06,34.08770751953125,34.55695931107687,33.61845572798563,34.33909115208499,795874
2023-09-07,37.489776611328125,37.489776611328125,34.10446757801225,34.10446757801225,3344632
2023-09-08,40.791290283203125,41.227023427966095,37.13783815878143,37.48977782038541,4198719
2023-09-11,41.897377014160156,44.83019340515137,40.79128651670763,40.79128651670763,2462547
2023-09-12,44.117942810058594,45.33296428362617,42.3163541754668,42.358250916535255,3066802
2023-09-13,42.31635284423828,45.66814316853438,41.0426721374238,45.33296285749823,2941434
2023-09-14,40.556663513183594,42.2325586468438,38.54558807418482,42.2325586468438,1732827
2023-09-15,38.243927001953125,41.46164583383305,37.77467840338744,40.57342024916519,1355863
2023-09-18,37.55680847167969,39.38353436385199,36.53451145041367,38.24392519847666,1278125
2023-09-19,38.10985565185547,38.10985565185547,35.3613886053424,36.886452949104296,1798434
2023-09-20,37.43949890136719,38.34448064422112,36.919972286089624,38.29420583415593,1439418
2023-09-21,39.333255767822266,40.22148129721491,37.439495763212165,37.439495763212165,2305029
2023-09-22,39.215946197509766,40.40583342611439,38.32772380637805,39.3332583475448,1598803
2023-09-25,42.0230712890625,42.81911891150918,39.215945053405434,39.215945053405434,2778967
2023-09-26,41.88062286376953,42.40014950802776,40.45611122965834,42.06497236833586,1545631
2023-09-27,43.3218879699707,44.41121912041346,42.02306993688448,42.02306993688448,1686580
2023-09-28,41.897377014160156,44.578809782369646,41.31081309665868,42.94481143951416,1573533
2023-09-29,41.193504333496094,42.19066083753078,40.053895073732775,41.93927719411627,1629404
2023-10-02,41.84709930419922,42.316351080791456,40.305275691414685,41.193501241084064,1144661
2023-10-03,42.735328674316406,43.78276320064769,41.84710304524154,41.86386238124482,4353608
2023-10-04,42.400146484375,43.824658016900976,41.98117269225068,42.735326796681,1516949
2023-10-05,43.57327651977539,43.95035359049983,41.059433643634506,42.40014856563637,1578756
2023-10-06,44.83019256591797,46.631781022407104,42.77722049135308,43.57327127902307,1838302
2023-10-09,41.39460754394531,44.117936903507086,41.07618660072591,44.117936903507086,1335401
2023-10-10,41.897377014160156,42.525837669372564,41.41136590646813,41.41136590646813,806238
2023-10-11,40.791290283203125,42.40014817477425,39.718718355489045,41.98117436594637,922162
2023-10-12,40.472869873046875,41.81358799840525,38.880771294611755,40.791290867340514,3153807
2023-10-13,38.6293830871582,41.009154399374,38.12661580568974,40.59018059931147,692418
2023-10-16,39.29974365234375,40.037135237608624,38.24392788807476,38.6293830162609,902128
2023-10-17,40.82481002807617,40.82481002807617,38.378001258023076,39.299745579580595,778456
2023-10-18,39.18242645263672,40.48962579543137,39.18242645263672,39.63491890166367,549590
2023-10-19,40.70749282836914,41.51192169566964,38.71317679790166,39.383534187318745,980202
2023-10-20,38.51206970214844,41.39461140010414,38.109855250541756,40.37231433778113,614463
2023-10-23,40.94211959838867,41.79682652042101,39.383536575654205,41.79682652042101,964052
2023-10-24,42.06496810913086,42.442045150056074,39.80250906009584,40.94211825199593,1054012
2023-10-25,38.646141052246094,42.69342935165018,38.54558823882156,42.10686541306051,787470
2023-10-26,40.70749282836914,41.897376795019944,38.12661288346815,38.71317679790166,817303
2023-10-27,40.472869873046875,41.05943385310888,39.28298577326431,40.74101285881524,492418
2023-10-30,43.3218879699707,44.159835500544546,40.22148146754427,40.47286508741319,1196275
2023-10-31,39.3835334777832,43.61516781853966,39.3835334777832,43.321887464864744,2107809
2023-11-01,37.824951171875,41.05942916443424,36.31664625003575,39.45057143354335,1109383
2023-11-02,37.87522888183594,38.4450334562502,36.86969120954512,37.82495087944075,910848
2023-11-03,37.10431671142578,37.89198945887306,36.869692418917865,37.8752301241916,750040
2023-11-06,37.08755874633789,37.65736336048458,36.953487260451396,37.171355422839675,661333
2023-11-07,36.40044403076172,37.28866967258498,36.065266895434924,37.08756083417567,1359739
2023-11-08,36.45071792602539,37.82495137777089,35.93119134716174,36.53451140127185,1246638
2023-11-09,36.28313064575195,36.6183109662528,35.61277320126669,36.43396147032569,645430
2023-11-10,35.34463119506836,36.4507218080037,35.26083771089795,36.283131643146355,1160157
2023-11-13,34.80834197998047,35.67980819878927,34.406127539726306,35.260834423959984,760614
2023-11-14,34.8753776550293,35.1435206269874,34.054189403843054,34.80834351029795,430561
2023-11-15,34.18825912475586,35.378146298340454,33.80280402203084,34.87537585448869,607681
2023-11-16,34.841861724853516,35.780362114422225,34.43964407566489,34.65751223535175,635465
2023-11-17,35.86415481567383,36.66858370357483,34.808342299868286,34.84186096932656,854201
2023-11-20,35.74684143066406,36.23285253142276,35.62952928814055,35.86415357318757,691742
2023-11-21,35.478702545166016,36.366928177781205,35.22731889714783,35.83063901308817,444815
2023-11-22,35.19379806518555,35.59601251663428,34.77482427869524,35.47870036785961,583656
2023-11-23,37.32218551635742,38.04282093764077,35.19379792245459,35.19379792245459,1643705
2023-11-24,38.126617431640625,38.96456506750086,36.7356244839733,37.30542913207958,1606923
2023-11-27,37.12107849121094,38.512071396231846,36.95348832987372,38.21040974512815,901741
2023-11-28,35.61277389526367,37.372462620893636,35.37814958425074,37.15459764588398,1390973
2023-11-29,34.506683349609375,35.83063893094539,34.355852521840944,35.69656743920863,649400
2023-11-30,34.38936996459961,35.02620872845528,34.17150180049261,34.54020078697634,473956
2023-12-01,34.48992156982422,34.942414021068544,33.78604548894959,34.406128092119545,1067725
2023-12-04,34.69103240966797,34.79158522806673,33.6184572928542,34.489923576353995,494452
2023-12-05,33.85308074951172,35.026205347920566,33.80280274806656,34.69102826116779,688356
2023-12-06,32.16042709350586,33.97039363028095,32.05987108842336,33.73576614827126,813658
2023-12-07,32.462093353271484,32.49560882990421,31.62414570363792,32.17719102453541,565837
2023-12-08,32.42857360839844,32.84754741936866,32.19394610062389,32.67995725567727,202924
2023-12-11,31.305723190307617,32.66319742215028,30.903508721484474,32.42857311446589,455542
2023-12-12,30.434255599975586,31.406274656933448,29.98176314332719,31.305721843183687,861028
2023-12-13,29.68010139465332,30.551567634604936,29.596307916261026,30.350462007856905,769349
2023-12-14,30.5850887298584,31.104615369423136,29.277889266274656,29.680103748181217,492225
2023-12-15,32.143672943115234,32.37829726644649,30.752679946977555,31.02082294407518,993709
2023-12-18,31.004058837890625,32.66319457590391,31.00405883789062,32.143667998509734,518210
2023-12-19,31.004058837890625,31.724694230430128,30.601844404116147,31.00405883789062,356725
2023-12-20,30.853229522705078,31.758214439995992,30.63536455919967,31.087853821328796,400624
2023-12-21,31.473310470581055,31.67441608832648,30.166111169171153,30.853227890080984,411283
2023-12-22,31.087854385375977,31.75821501620596,30.920267424184868,31.50682818138652,244885
2023-12-25,29.562789916992188,31.071098134403115,29.4957557720608,31.071098134403115,240869
2023-12-26,29.462236404418945,30.08231901207744,28.724841648518215,29.562789217695677,414217
2023-12-27,30.14935302734375,30.66887962300218,29.344924131514645,29.49575494904714,273946
2023-12-28,30.752676010131836,31.473311421272328,30.149352745639096,30.149352745639096,494703
2023-12-29,31.925798416137695,32.160425889362514,30.75267383607771,30.76943316963063,520499
2024-01-02,32.679954528808594,33.417349269611385,31.842006976787857,31.976078457250527,557343
2024-01-03,32.42857360839844,32.83078808334787,32.14367128907803,32.64643858363569,292409
2024-01-04,32.74699020385742,33.098926623501114,31.942558165427712,31.942558165427712,402383
2024-01-05,33.015132904052734,33.115685709410315,32.16042606722321,32.746989958755165,396085
2024-01-08,32.71347427368164,33.635215332605064,32.37829396324603,33.5179031829075,835315
2024-01-09,32.12691116333008,33.165967595461936,31.707937362658853,32.713475123573076,635522
2024-01-10,32.78050994873047,32.78050994873047,31.79173150293678,31.976081001937246,393991
2024-01-11,32.931339263916016,33.50114387419684,32.71347429952221,32.78050844375248,531487
2024-01-12,32.931339263916016,33.484384539010186,32.260981839031615,32.91457992872936,518963
2024-01-15,34.104469299316406,34.27205946520455,32.88106652241111,32.93134133461597,597818
2024-01-16,33.43410873413086,34.79158287865391,33.367071395380954,34.10446613904865,814250
2024-01-17,33.6519775390625,34.32233502061422,32.66319905507998,32.67995839168335,807690
2024-01-18,33.249759674072266,34.27205672746121,32.8978200341694,33.70225212686898,524973
2024-01-19,33.51790237426758,33.61845518636583,32.395052516868965,33.249759410994734,548818
2024-01-22,34.33909225463867,34.60723523084099,32.99837737362706,33.517903990454506,731162
2024-01-23,35.52898025512695,35.52898025512695,34.02067198664639,34.40613031998947,976573
2024-01-24,36.56803512573242,37.104321113093434,35.07648932382004,35.52898182434963,1319465
2024-01-25,35.44518280029297,36.86969435797246,35.294351976743584,36.60155138199943,1897058
2024-01-26,35.6295280456543,35.646287379218386,35.29434776740468,35.478697240093574,970877
2024-01-29,35.94795227050781,36.366926058292215,35.445181807256745,35.64629063186044,1392728
2024-01-30,35.478702545166016,35.94795436557873,35.327871717051806,35.94795436557873,632572
2024-01-31,35.6798095703125,35.93119320556995,35.31111058851965,35.49546007941608,781361
2024-02-01,35.86415481567383,36.333406598540876,35.57925251831102,35.67980852668584,845912
2024-02-02,36.199337005615234,36.86969444716958,35.71332586266557,35.880916022183264,1008961
2024-02-05,37.67412185668945,37.70764052654362,35.83063656942184,36.199335544785136,1418741
2024-02-06,37.405982971191406,38.09309979557223,37.08756196587551,37.70764463975209,952812
2024-02-07,39.88629913330078,40.89183675777811,37.891986414196936,37.95902055102023,3379648
2024-02-08,40.22148132324219,40.69073308942582,37.90874755362286,39.88630103360871,1426056
2024-02-09,40.72425079345703,41.05943110146326,39.500848103312045,40.389073681967126,918965
2024-02-12,41.578956604003906,41.89737756854942,40.84156506028912,40.875080532991625,800765
2024-02-13,42.106868743896484,42.73532947141732,40.975640712965586,41.57896083775434,1107009
2024-02-14,44.07604217529297,44.11794211221512,41.511924582870826,42.10686660757512,1126342
2024-02-15,44.87208938598633,45.08157626752363,43.90845164882443,44.076038596841364,936749
2024-02-16,45.249168395996094,45.58434869975813,43.40568311833744,44.87209135339287,1283516
2024-02-19,43.238094329833984,45.20727308262434,43.07050736918492,45.081579665621156,920714
2024-02-20,42.69342803955078,43.405682173902306,42.31635100515212,43.196195287738185,693221
2024-02-21,43.3218879699707,43.3218879699707,42.06496667410995,42.69342732204033,732877
2024-02-22,41.897377014160156,43.57327209472656,41.83033967660973,43.321888471944845,1035092
2024-02-23,41.897377014160156,42.94481143951416,41.64599339137843,42.90291470180324,589843
2024-02-26,42.861019134521484,43.32188965495925,41.15998340766446,41.897378158274655,773350
2024-02-27,41.49516677856445,42.86102230250308,40.79129064561928,42.86102230250308,1137420
2024-02-28,39.80250930786133,41.49516377148286,39.50084767324335,41.49516377148286,845218
2024-02-29,40.43935012817383,40.623699624694005,38.545589941846025,39.80251135299317,1300200
2024-03-01,41.511924743652344,41.89737987130441,40.48962765190727,40.62369913963479,776616
2024-03-04,39.98686218261719,42.40014907098335,39.76899400737239,41.511926623264515,922177
2024-03-05,40.556663513183594,41.04267143975658,39.55112579368421,39.986858912017816,732784
2024-03-06,39.333255767822266,40.62369572660511,39.24946229372619,40.556661586631485,609035
2024-03-07,42.23255920410156,42.735326472227115,39.29974268149774,39.3332581552608,1091576
2024-03-08,43.238094329833984,43.7827615414926,42.27445652003632,42.442046677201766,943596
2024-03-11,44.32742691040039,44.495013864082644,42.35824823947144,43.48947935592413,988646
2024-03-12,43.44758224487305,44.9977872393198,43.154301860351026,44.32742979147201,766939
2024-03-13,43.74086380004883,44.24363106351984,42.525839184058185,43.447580232593815,593933
2024-03-14,42.81911849975586,44.74640042076989,42.316351248675126,43.74086272209218,764843
2024-03-15,41.629234313964844,43.489478887761884,41.36109135514029,42.94481170460914,410237
2024-03-18,41.227020263671875,42.73532522038211,40.65721567167881,42.73532522038211,446809
2024-03-19,42.27445602416992,42.40014624318242,40.77452908973323,41.09295006496097,456354
2024-03-20,41.897377014160156,42.27445404659084,41.511921912793774,42.27445404659084,618704
2024-03-21,41.562198638916016,44.07604137586295,41.562198638916016,41.89737894911548,2711582
2024-03-22,41.897377014160156,42.69342781673244,41.24377895562444,41.5621967194404,2228844
2024-03-25,39.5678825378418,42.44204275960081,39.5678825378418,41.89737559821754,4696654
2024-03-26,37.81009292602539,39.44940875782961,37.35178838219548,38.497548060720675,2040585
2024-03-27,36.928741455078125,38.12738031468373,36.43518190434685,37.81009563432009,998244
2024-03-28,37.9687385559082,39.64330943070971,36.92874038555496,36.92874038555496,1421936
2024-03-29,38.03924560546875,38.76195575139332,37.38704204441277,38.07450057895271,566787
2024-04-01,37.77484130859375,39.36127818603817,35.50094587331385,38.8677186268357,732459
2024-04-02,37.63382339477539,39.114498656098306,37.63382339477539,37.77483992622999,1403424
2024-04-03,37.26365280151367,38.60331152789903,36.664331703864974,37.63382329693165,963490
2024-04-04,38.46229553222656,38.46229553222656,37.28128080713723,37.28128080713723,745083
2024-04-05,40.36602020263672,40.47178176135822,38.46229533515296,38.46229533515296,657723
2024-04-08,42.71042251586914,42.81618743758631,40.68330858568113,40.98296913968105,1058657
2024-04-15,43.18635559082031,43.62703268868583,41.458902174091364,43.62703268868583,815932
2024-04-16,42.56940841674805,43.256866998825664,41.98771476243594,43.18635704698199,648966
2024-04-17,43.0277099609375,43.78567507891679,42.3049998163757,43.09821990777247,580848
2024-04-18,43.062965393066406,43.27448851162583,41.10635805484525,43.186354439242635,390067
2024-04-19,47.32872009277344,47.32872009277344,42.46364462041366,43.02771075713375,1830980
2024-04-22,47.63719177246094,49.6202386364939,47.24058172723448,48.29820739380526,2289119
2024-04-24,48.915157318115234,49.44396848482267,47.41685452964498,47.637193076122976,1518960
2024-04-25,47.9456672668457,49.752442608030854,47.108380149096696,49.003289560739944,912465
2024-04-26,47.37278747558594,48.82702322665299,47.02024445650926,48.342275734897704,635000
2024-04-29,49.311763763427734,51.030404972531485,47.59312255432398,47.59312255432398,1523985
2024-04-30,48.915157318115234,50.50159418033693,48.47448022515924,49.62023999442494,818006
2024-05-02,53.806671142578125,53.806671142578125,49.79651036113655,50.23718744397846,3908434
2024-05-03,53.32192611694336,55.04056738321511,51.99989489090344,54.20328026763664,2271705
2024-05-06,54.07107925415039,55.525315040527815,50.89820545381716,53.41006359890601,1568340
2024-05-07,54.688026428222656,55.657518047588766,53.32192811585614,54.15921526282252,1213566
2024-05-08,57.68463134765625,58.9185286077332,54.77616643911676,55.08463907308622,1660635
2024-05-09,60.37276077270508,61.82699650112093,56.62700554228177,57.72869825711216,2360205
2024-05-10,61.12191390991211,61.69479549866813,59.40327586784313,60.50496864460506,1481380
2024-05-13,60.68123245239258,62.09139776079282,58.83039006485484,61.121909531530065,1437021
2024-05-14,59.93208312988281,61.121909906004,58.74225635376163,60.37276021172019,1079715
2024-05-15,61.21004867553711,61.56259171290519,59.53548101538726,59.93208772980188,863921
2024-05-16,64.33885955810547,64.60326851994175,60.901576675229855,61.21004931457271,1542238
2024-05-17,66.013427734375,67.20325450203023,63.060892651912404,64.3388534904683,1505607
2024-05-20,65.22020721435547,67.64393113110516,64.9117346061543,67.42359259321883,1175023
2024-05-21,66.80664825439453,68.5693565806403,65.22020807109388,65.22020807109388,1330615
2024-05-22,71.38968658447266,71.38968658447266,65.83715271600092,66.98291580765336,1553691
2024-05-23,73.59307098388672,73.6371413807421,68.87782766089654,71.38968562508771,1664285
2024-05-24,76.85408020019531,77.82357515729345,73.28459988031089,73.59307249202458,1770315
2024-05-27,77.20662689208984,79.18967385023016,75.355784409332,77.99984702018575,1796647
2024-05-28,75.66425323486328,77.91170903087054,75.13544208409645,77.2066230137157,1420767
2024-05-29,78.48458862304688,79.93881757035916,75.26764467678336,75.66425134892337,1865173
2024-05-30,79.8066177368164,79.8066177368164,70.99307659411767,78.4405161700188,3410248
2024-05-31,81.08458709716797,82.01001170480437,77.55917026685631,79.32187868201214,2324018
2024-06-03,85.4913558959961,86.37271008049089,80.3794989362467,82.84729334251168,1899813
2024-06-04,93.59981536865234,93.77609024697279,85.57949332054658,85.57949332054658,3937519
2024-06-05,102.94217681884766,102.94217681884766,90.51507678862131,95.18625690025807,4651377
2024-06-06,101.26759338378906,106.99639537032667,99.50488508023902,103.29470389835247,4438687
2024-06-07,94.30489349365234,102.23708079685674,92.54218520405136,101.26759258241592,3143637
2024-06-10,92.18964385986328,98.53539785111153,85.57948765493715,94.12862704782745,2934782
2024-06-11,101.26759338378906,101.26759338378906,90.69134356248887,90.77947763282666,2864820
2024-06-12,104.44046783447266,105.76249907288371,99.85742889766047,102.23708243712092,3010187
2024-06-13,114.8404541015625,114.8404541015625,104.35233785417931,104.44047192868864,3312411
2024-06-14,115.54553985595703,121.6268783964189,112.0201163666446,117.22010744002692,3505191
2024-06-20,111.84384155273438,119.24721766310846,109.2879132055078,115.54553297002063,2548317
2024-06-21,111.57943725585938,115.28112882689469,108.05402055441549,112.54892550391669,2138806
2024-06-24,110.16926574707031,117.04383061936684,108.40655749511718,111.66756507155112,1627440
2024-06-25,114.57604217529297,115.01671926058255,107.17266579758814,110.16927132239708,2255490
2024-06-26,113.60655212402344,122.50823501140562,112.46079568721314,114.84045608526343,2651499
2024-06-27,115.8980712890625,115.8980712890625,108.14215204163592,113.78282669812667,2261424
2024-06-28,111.40316772460938,117.22010386478927,110.4336794886125,115.9862134139925,1593675
2024-07-01,106.64385223388672,112.02011120827602,103.11843563111361,111.40316599247014,1769509
2024-07-02,112.10824584960938,112.28452071516514,103.11843615642131,106.64385277715367,1061393
2024-07-03,115.01671600341797,117.22010136746813,108.75910291435524,112.10824463319237,1938492
2024-07-04,115.1048583984375,116.51501698200659,112.02011212166022,114.84044946139417,1487163
2024-07-05,114.48790740966797,117.22011086174454,113.07774873149786,114.92858451817077,1073406
2024-07-08,112.10824584960938,118.1014567945338,112.10824584960938,114.39977203244426,1659117
2024-07-09,116.51502227783203,117.22010832586264,111.49130603926034,112.63706918626035,1691947
2024-07-10,124.09466552734375,125.41669673655183,114.66417892467221,116.33874641031035,2129657
2024-07-11,122.77264404296875,128.85398270767055,122.24382613803904,125.41670667082136,1987926
2024-07-12,119.07095336914062,122.86076552941655,118.8065444292988,122.77263818173415,1632323
2024-07-16,119.77603149414062,120.7455265023508,117.39637782209506,118.98281808625809,1319086
2024-07-17,120.74552154541016,121.18619863134232,117.4845137991917,120.3929852560234,881253
2024-07-18,120.83366394042969,121.45060917921661,119.42349186743307,121.00993208745487,782637
2024-07-19,119.1590805053711,123.12517425076848,118.54213527909985,120.83366148913282,650341
2024-07-22,116.60316467285156,120.04044071249744,113.25401598516703,119.15908650249615,1576020
2024-07-23,111.22689819335938,117.3082502884914,110.9624959658747,116.60316423346765,941825
2024-07-24,110.34554290771484,112.98960550190161,108.49470043662389,111.2268971057771,846874
2024-07-25,107.52520751953125,111.49130123951396,106.4675852172153,111.49130123951396,667041
2024-07-26,104.88114166259766,107.96588112326229,103.64724453349211,107.52520405745305,1218374
2024-07-29,99.32861328125,105.40995846104461,99.32861328125,104.88114729849698,913929
2024-07-30,93.59981536865234,100.56251504363172,90.77948455751594,98.71167252856102,3376899
2024-07-31,102.94217681884766,102.94217681884766,91.13202878453136,93.42354843914218,3172190
2024-08-01,104.88114166259766,110.60994351811769,103.55911046516995,105.14555059176254,2556201
2024-08-02,98.97607421875,104.881144362951,98.27098820562216,104.881144362951,1368612
2024-08-05,96.94895935058594,101.97267546361861,89.10490584010788,96.15573924742321,2439965
2024-08-06,93.59981536865234,100.38624688951035,93.07100418208915,97.12523224467238,1308547
2024-08-07,94.74557495117188,95.45066098932523,90.86761518972601,93.86422076557957,1339938
2024-08-08,93.95235443115234,94.92184268625246,92.27778014096188,94.83370861291587,738448
2024-08-09,90.77947998046875,96.4201480425415,90.77947998046875,93.95235366407258,848756
2024-08-12,88.04727935791016,92.63031816640863,88.04727935791016,91.30828696501118,891406
2024-08-13,87.03372192382812,89.72185475900298,84.12525055213725,88.09134420942561,1400358
2024-08-14,84.56593322753906,87.87101149423599,84.25746060082048,87.12186176529114,772340
2024-08-15,92.98286437988281,92.98286437988281,83.06763002657777,84.5659294169533,1634154
2024-08-16,87.12185668945312,98.44725621199493,87.12185668945312,94.83370552910979,2372305
2024-08-19,85.6676254272461,88.84050592204692,82.80322428136124,87.12186119999664,1327211
2024-08-20,83.72864532470703,87.51847090803112,83.72864532470703,85.49135364733245,990286
2024-08-21,84.25746154785156,88.48796446645291,83.55238221088402,83.72865036407615,1524653
2024-08-22,85.4913558959961,86.54897822771034,82.23034810304483,84.25745869286361,1073100
2024-08-23,83.42017364501953,87.95914897132705,83.37610324678211,85.40322053012682,1232063
2024-08-26,81.08458709716797,84.61000392747962,81.08458709716797,83.42017709208923,1113254
2024-08-27,81.56932830810547,82.84728912082174,80.73203784098236,81.08458084165532,713014
2024-08-28,82.538818359375,85.57948751913652,82.27440942191808,83.64051105844781,842928
2024-08-29,90.60321044921875,90.60321044921875,81.74559844063492,82.97949561099367,3389633
2024-09-02,90.95574951171875,92.18964671975577,88.66422996776359,90.60321321587858,1604960
2024-09-03,93.07099914550781,94.56930527125422,90.86761371723254,93.33540808658033,1215071
2024-09-04,90.86761474609375,92.89473205273879,89.63371754744888,92.89473205273879,961471
2024-09-05,91.66083526611328,92.98286654398991,90.07439504298179,90.86761515454754,759143
2024-09-06,90.60321044921875,92.54218691392633,89.63371549266634,91.66083275284132,439805
2024-09-09,95.7150650024414,99.15234773544323,90.77948281556135,90.77948281556135,1795400
2024-09-10,94.65744018554688,97.47777086914729,93.15913404647267,95.71506251084735,988471
2024-09-11,91.04388427734375,94.30489186718384,87.78286996330527,93.42353773758398,1862915
2024-09-12,90.77947998046875,93.42354250417172,88.48796047143259,91.04388892251853,1015677
2024-09-13,94.65744018554688,94.83370833169737,89.0167720941473,90.77948045244725,993642
2024-09-16,93.59981536865234,95.5387986849828,93.15913825914984,93.15913825914984,613170
2024-09-17,95.09811401367188,95.45065701808093,92.63031970700702,93.59980792598301,534531
2024-09-18,94.74557495117188,96.59641739607594,93.07100065370675,95.09811797024855,796646
2024-09-19,95.36251831054688,96.06760433479364,94.0404870582332,94.74557308247996,574372
2024-09-20,96.86082458496094,96.94895865708219,94.21676207613142,96.06760448747235,3504753
2024-09-23,100.12183380126953,104.35233656754521,97.38963717997427,97.38963717997427,1337511
2024-09-24,96.94895935058594,101.79640731811523,96.2438733201749,101.53199837566142,1041878
2024-09-25,97.65404510498047,100.29810762525034,95.09811665721317,96.94895907656235,1274957
2024-09-26,94.92184448242188,98.62353615039363,94.6574422574089,97.65404787694825,704990
2024-09-27,92.27777862548828,95.09811599533256,91.30829038631002,94.7455729835772,620653
2024-09-30,95.18624877929688,95.18624877929688,91.30828915085618,92.2777773769167,661484
2024-10-01,90.77947998046875,95.62692794059086,89.89812580590109,95.18625085330703,460023
2024-10-02,88.92863464355469,90.69134293490681,88.57609164044456,90.69134293490681,483668
2024-10-03,92.27777862548828,92.89473057710984,88.39982566877521,88.92863682430894,671929
2024-10-04,95.53878784179688,95.53878784179688,91.04388317986087,92.1015054329523,679258
2024-10-07,95.00997924804688,99.59301809921638,93.59980724073459,95.53879038868975,729883
2024-10-08,93.86421966552734,96.2438732490584,92.98286549026417,95.00998278304894,560226
2024-10-09,95.36251831054688,95.97947026281246,90.86761339752012,95.09811609460334,565495
2024-10-10,94.04048919677734,95.62692942530994,93.51167802866608,95.3625204791549,351466
2024-10-11,91.04388427734375,94.04048293862454,89.80998715106428,94.04048293862454,592000
2024-10-14,88.57609558105469,90.77948104326998,85.75576487909863,90.77948104326998,728861
2024-10-15,86.1964340209961,89.89811856640405,85.7557569692,88.57608741101575,768661
2024-10-16,87.69474029541016,87.69474029541016,84.6100006870289,86.63711797650178,798239
2024-10-17,88.31169128417969,89.4574544745182,86.5489828216276,87.69474601196612,615456
2024-10-18,86.28457641601562,89.3693160763743,85.44728590225611,88.31168701544632,381713
2024-10-21,81.74559783935547,86.46084122163761,81.52525930070492,86.2845730803966,656013
2024-10-22,83.06763458251953,83.59644576552601,81.65746918643593,82.05407589264104,799417
2024-10-23,81.08458709716797,83.72864971990171,80.55577591746102,83.11170446427676,610205
2024-10-24,77.82357025146484,82.5388133738455,77.20661834273018,81.26084588559398,3693778
2024-10-25,75.22357940673828,78.44052357223723,75.13544533183398,78.35238949733292,1680629
2024-10-28,73.68121337890625,75.79646490720292,72.71172505632839,75.22358330434352,1009456
2024-10-30,76.98628997802734,78.26425763496417,73.15240045561505,73.7252820449868,1792835
2024-10-31,79.3218765258789,79.3218765258789,75.84053019025596,76.67781397501628,911307
2024-11-01,78.79306030273438,79.89475296154163,76.94221798077787,79.14560329839237,951232
2024-11-04,75.44391632080078,81.26085255298472,75.39985264640319,78.79306488816059,1122843
2024-11-05,74.03375244140625,76.32527200546714,73.98968204194014,75.44391780973612,552270
2024-11-06,72.62358856201172,74.73884001997304,72.62358856201172,73.98968355888329,970840
2024-11-07,72.53544616699219,73.68120247901646,72.18290317706231,72.7998483662909,553451
2024-11-08,74.16595458984375,74.73883614394377,72.79985293962054,73.15239595169737,769628
2024-11-11,73.90155029296875,76.89815599760045,73.2405346253676,74.43036148220986,1133748
2024-11-12,75.39984893798828,76.23713267654847,73.24052727274618,73.90154287398794,1399517
2024-11-13,76.14900207519531,76.89815177920745,74.2100188554124,75.39985237118319,837007
2024-11-14,79.8506851196289,81.78966829566936,75.7964573503786,75.7964573503786,1200010
2024-11-15,78.26425170898438,81.92186607546014,78.26425170898438,79.9828896227694,1093199
2024-11-18,75.97272491455078,78.88119629441533,75.62018863449322,78.30831475302402,1245133
2024-11-19,75.79646301269531,76.50154907923722,74.21002272507555,75.97273116723125,1121521
2024-11-20,77.03035736083984,80.02696294428831,75.57612160608704,75.79646015304355,1504178
2024-11-21,81.21678924560547,81.52526186457763,77.03035687958662,77.16256135177434,1450545
2024-11-22,80.20323181152344,81.83373572878607,78.70493236846025,81.2167904814539,815593
2024-11-25,83.15576934814453,83.9049190906289,80.3354385326037,80.55577708769906,1318713
2024-11-26,85.00660705566406,89.80999131944323,83.37610318506694,83.37610318506694,2431858
2024-11-27,84.74220275878906,87.077792598137,84.12525082006023,85.40321837044233,1167970
2024-11-28,83.50830841064453,86.76931618132794,83.11170172000963,84.91847375136712,761608
2024-11-29,85.6676254272461,86.6371204252124,82.89136508059374,82.89136508059374,1134378
2024-12-02,85.1388168334961,88.75236781299559,84.91847827713394,86.37271409396398,1588542
2024-12-03,84.83033752441406,87.16592738291297,84.83033752441406,85.13881013420858,1103439
2024-12-04,87.25406646728516,89.28118383246732,84.16932674369427,84.83034239874945,1730516
2024-12-05,88.84049987792969,91.48456229424666,87.25405973846013,87.25405973846013,1369011
2024-12-06,89.01676940917969,91.13202072017812,88.13541525661354,89.72185542091201,1654776
2024-12-09,88.66423034667969,90.60321360308113,87.25406498469609,90.16253650719884,1869041
2024-12-10,87.87100982666016,90.6913472619045,87.69474167879437,88.66422994045384,1362165
2024-12-11,89.89812469482422,91.04388779728085,87.16592813227223,87.73880968350055,1428492
2024-12-12,92.10150909423828,92.54218617124421,89.0167695551968,89.89812370920866,993472
2024-12-13,94.56930541992188,94.74557356478152,90.60321164279149,92.71845627790206,724863
2024-12-16,92.71846008300781,96.33201771871698,92.27778297857488,95.18625455751177,914627
2024-12-17,89.28117370605469,93.42353531822106,88.75235586263072,93.33540125238314,948579
2024-12-18,88.13541412353516,90.2506654073397,88.13541412353516,89.36931126610435,630090
2024-12-19,88.09134674072266,89.98625955405028,86.81338588188704,87.34219703988113,408165
2024-12-20,88.57609558105469,89.72185871108616,87.47440284994704,88.13541848861163,591698
2024-12-23,90.86761474609375,90.86761474609375,87.6947410382918,88.66422929287033,698433
2024-12-24,91.48456573486328,91.57269980721543,88.48796020549922,90.42693669404136,691853
2024-12-25,90.42694091796875,92.0133811912064,89.98626381142485,91.48457000819353,498158
2024-12-26,89.36931610107422,90.69134738445047,89.28118202702223,90.60321331039849,551563
2024-12-27,92.10150909423828,93.42354032525606,89.19303769631975,89.36931256164127,966873
2024-12-30,91.04388427734375,93.86421480238391,90.60320721254382,92.10150654318421,864560
2024-12-31,91.66083526611328,93.864220729241,90.2506699145513,91.13202409980238,1036521
2025-01-02,92.54219055175781,92.98286764962333,90.33880506243025,92.4540564770245,678457
2025-01-03,90.86761474609375,93.68795216073897,90.33880358215988,92.54218903538329,851686
2025-01-06,89.72185516357422,91.30828859912396,89.72185516357422,90.86761152410483,399687
2025-01-07,89.19303894042969,90.6913450576681,88.75236185727698,89.45744788000079,425370
2025-01-08,85.7116928100586,88.92863686704963,85.7116928100586,88.57609385512482,901179
2025-01-09,87.29813385009766,87.69474053974363,85.71169364311626,85.71169364311626,474684
2025-01-10,89.19303894042969,91.66083329576435,87.34219653602803,87.34219653602803,1168430
2025-01-13,88.75236511230469,89.89812826020251,87.78287683865209,89.28118301084147,1186753
2025-01-14,86.50491333007812,89.45744846155574,85.97610217169685,88.75236243424824,1923108
2025-01-15,85.4032211303711,88.22355180822206,84.3896624815751,86.5489775264111,1121261
2025-01-16,91.30828857421875,93.51167394871341,85.9320296052915,85.9320296052915,2426609
2025-01-17,91.83710479736328,92.27778189662932,89.54558522601964,90.86761652381777,846539
2025-01-20,92.54219055175781,95.6269302368164,92.1015134538923,92.54219055175781,1589005
2025-01-21,91.22015380859375,93.86421623782834,91.0438856696575,92.63031909267917,851742
2025-01-22,94.56930541992188,96.77269085166098,90.69134571522132,91.22015687399896,1405913
2025-01-23,93.33540344238281,96.94895402011092,92.89472637865504,94.83370276937791,1394147
2025-01-24,94.21675872802734,94.83370393515088,92.6303185894262,93.42353865872677,540011
2025-01-27,91.92523956298828,95.09811312460988,91.3964216992193,94.21675898392618,646734
2025-01-28,90.77947998046875,92.45405425698704,90.16253474795087,91.9252430970862,635582
2025-01-29,90.16252899169922,92.36591428744751,89.2811748733999,90.77947418482943,962174
2025-01-30,88.66423034667969,92.01337896506473,88.1354191764607,89.9862616343266,1220965
2025-01-31,87.69474029541016,91.22015699070303,87.25406320849855,91.22015699070303,1499791
2025-02-03,87.65067291259766,88.66423159220486,85.53542820200744,87.73881371237137,978588
2025-02-04,88.84049987792969,90.4269332932008,87.25405973846013,87.65066641122829,886019
2025-02-05,87.78287506103516,89.63371749583735,86.4167801153425,88.9286381857311,466378
2025-02-06,90.16252899169922,91.30828531096935,88.57608888908113,88.57608888908113,911319
2025-02-07,88.66423034667969,92.45405606094704,87.73881247984616,91.22015884763682,1217026
2025-02-10,88.13541412353516,90.42693354590739,87.87100519148517,88.66422526343668,940444
2025-02-11,89.01676940917969,89.19303755001349,87.34219517446431,88.13541525661354,566157
2025-02-12,86.24050903320312,90.3388074987164,86.06424087898282,89.10491024657706,792773
2025-02-13,87.07778930664062,87.47439596896164,85.3591447467869,86.24049886234319,780572
2025-02-14,87.51847076416016,88.9286360751026,86.46084173780437,87.47440036648752,790366
2025-02-17,89.01676940917969,89.63371462629655,87.51847003949668,87.51847003949668,1024542
2025-02-18,90.25066375732422,90.69134081988518,88.31168064753699,89.01676663731386,878530
2025-02-19,90.07439422607422,92.1015115234468,89.72185793453006,90.51507131470315,884850
2025-02-20,92.63032531738281,93.15913649392584,89.45745153392573,89.5455856093164,1341656
2025-02-21,91.83710479736328,93.51167911941401,90.77948244880434,92.71845899589536,1148512
2025-02-24,90.51507568359375,93.1591383429883,89.10491027675647,92.80660203442828,952833
2025-02-25,87.25406646728516,90.60321514257771,86.90152343974927,90.51507434254451,986094
2025-02-26,89.89812469482422,90.3388017766616,86.46084211165298,87.25406220379998,1233425
2025-02-27,90.95574951171875,91.92524449787565,89.01677298780258,89.01677298780258,554572
2025-02-28,88.92863464355469,92.18964229287673,88.04728049787862,90.95574514409054,1350129
2025-03-03,88.66423034667969,90.4269387302089,87.95915102778731,89.0167733682253,1541801
2025-03-04,89.80998992919922,90.42693514932402,88.13541568631943,89.36931285076761,1149043
2025-03-05,89.72185516357422,91.92524053866987,89.63371436921156,90.0743914442307,1113171
2025-03-06,89.80998992919922,90.95574629860222,89.19303798487583,89.89812400004581,1637731
2025-03-07,91.39643096923828,92.10151704297903,89.54558843091776,90.07439962412374,1772393
2025-03-10,90.07439422607422,92.63032268496177,89.63371713744529,91.39642549196101,981590
2025-03-11,88.39982604980469,92.10151087869477,88.13541710879882,92.10151087869477,993348
2025-03-12,90.33879852294922,90.60320745220794,88.48795619073336,88.66422432744024,843381
2025-03-13,94.30489349365234,96.24386992253403,90.33879984205015,90.33879984205015,1971123
2025-03-14,97.21336364746094,98.00657698851929,95.45065537986744,95.62692351694741,1104689
2025-03-17,98.44725799560547,100.29810713001453,97.03709266993083,97.8303127669349,1115452
2025-03-18,98.7998046875,100.5625130912884,98.3591275865529,99.59302481404457,1410945
2025-03-19,88.92863464355469,95.18624773301505,88.92863464355469,89.45744578612063,2035761
2025-03-20,88.48796081542969,90.51507139029647,85.93203235440755,88.223551872352,2626556
2025-03-21,79.93882751464844,89.01677894859033,79.67442527506327,89.01677894859033,2551847
2025-03-24,84.30152893066406,84.74220602206931,79.32187645294498,79.32187645294498,2789311
2025-03-25,92.27777862548828,92.71845570913283,84.61000005975266,84.61000005975266,2418744
2025-03-26,87.90489196777344,94.25047108678055,86.08520750252977,94.25047108678055,2381152
2025-03-27,85.7119369506836,89.2579971291869,85.66528257332253,87.67159878846917,1737584
2025-03-28,81.97924041748047,85.66527776004935,80.15955605311032,85.47863890245725,3079596
2025-04-02,84.17219543457031,85.8985710506318,82.58580430145616,82.67912017054327,1811872
2025-04-03,84.4521484375,86.3651557526865,84.0322234754075,84.2188552097721,1132601
2025-04-04,81.97924041748047,85.19869129538577,81.8392630541725,84.35883423508245,1213564
2025-04-07,80.34619140625,81.37268025078674,77.96660460112547,79.87960492059287,1660924
2025-04-08,80.15955352783203,81.51265138491176,79.73962145113734,81.51265138491176,1377435
2025-04-09,78.293212890625,79.7862882050563,78.19989701838767,79.69297233281897,837855
2025-04-10,79.13307189941406,80.71946312456444,78.29321478981598,80.39285400403875,1057279
2025-04-11,75.77364349365234,79.45968105415768,75.2137411268608,79.13307193349135,1744749
2025-04-14,75.54034423828125,76.8001333627769,75.1204192764789,76.3335469076435,1003837
2025-04-15,75.8669662475586,77.82662808489754,75.5403500083814,75.5403500083814,1077216
2025-04-16,76.14691162109375,77.4533551805787,74.280565713128,76.24022749258312,1556223
2025-04-17,79.78628540039062,80.9060900669643,76.14690955470954,76.14690955470954,3280195
2025-04-18,82.30584716796875,82.81909511225678,79.59965144585153,80.01957640423683,1856357
2025-04-21,85.80525207519531,86.36516155499436,83.09905614737559,84.12554499443253,2587365
2025-04-22,81.46600341796875,86.41181590479628,81.46600341796875,85.85191354471795,975235
2025-04-24,81.88592529296875,82.16588002213004,79.31969971398682,81.46600031877134,1589333
2025-04-25,80.76612091064453,83.09905326370134,80.71945941576557,81.88592559229399,807228
2025-04-28,78.293212890625,80.43950643026227,77.31337843327134,80.43950643026227,1574673
2025-04-29,77.82662200927734,78.89977227818828,76.70681024711381,78.29320846362607,808580
2025-04-30,75.02710723876953,78.47984433516788,75.02710723876953,78.38652846328719,1296908
2025-05-02,74.65383911132812,76.14691446964571,74.51386173908541,75.16708710303647,1264102
2025-05-05,72.78749084472656,75.49369385132405,72.41422023699852,74.74715263586796,1342020
2025-05-06,72.74082946777344,73.8606412927871,72.55419772337684,72.83415245951642,1128794
2025-05-07,70.31458282470703,72.97412440157518,70.17460545338874,72.64751528152907,1062226
2025-05-08,71.99429321289062,72.13427057676513,70.54787231876148,70.64118818816299,416282
2025-05-09,73.3473892211914,73.95395303593125,71.52770489651617,72.46087780548692,892488
2025-05-12,75.91361999511719,77.31337945582449,74.51386053440989,74.56052203091804,1295202
2025-05-13,74.93379211425781,76.10025832326217,74.18725089267714,76.0535968270841,868921
2025-05-14,73.5806884765625,75.96028243720482,73.5806884765625,75.86696656257168,1028519
2025-05-15,74.3738784790039,74.93378792364933,72.97411910647904,73.67399879274147,1223633
2025-05-16,74.65383911132812,75.35371885299683,73.53403437247617,74.37388436684269,1312343
2025-05-20,75.72698211669922,77.45335055454838,74.5138545011597,74.65383185980568,1792111
2025-05-21,74.28056335449219,76.00693184063408,73.9072927608426,75.7269842350552,648158
2025-05-22,72.88080596923828,74.9804451066849,72.13427188098402,74.74715186919083,1278802
2025-05-23,71.62102508544922,73.16076190207465,71.52770921282989,72.92746866075397,556914
2025-05-26,70.73451232910156,72.22758762247568,70.59453496294736,71.90097851447894,569558
2025-05-27,68.12162780761719,71.10777850753041,68.07496631061595,70.78116938715628,1139947
2025-05-28,69.70801544189453,70.03463166499196,67.3750831028814,68.26160166343308,659989
2025-05-29,69.8946533203125,72.27424000100014,69.05479626613976,72.27424000100014,751655
2025-05-30,72.27423858642578,72.27423858642578,68.30825374335883,69.42806550018665,834002
2025-06-02,69.14811706542969,72.27424515487138,69.14811706542969,72.27424515487138,985308
2025-06-03,68.30825805664062,70.22126547896862,68.214942184232,69.28809251579295,1606152
2025-06-04,68.4948959350586,69.05479828099558,68.2149412023178,68.30825707338319,1135564
2025-06-05,68.02830505371094,68.77483909342261,67.70169596636556,68.49489149835978,534093
2025-06-10,69.98796844482422,70.40789340767543,68.12162261962891,68.12162261962891,1534894
2025-06-11,70.26792907714844,70.59453820012213,69.14811721610945,69.98797433200247,1123841
2025-06-12,67.93498992919922,70.17459919229071,67.93498992919922,70.17459919229071,970251
2025-06-13,67.04847717285156,67.74835690768205,63.502424121437336,65.22879271011023,1520084
2025-06-16,69.56804656982422,69.89465567982143,67.09513681776885,67.09513681776885,1365659
2025-06-17,67.4684066772461,69.56804580056856,67.37508368724056,69.56804580056856,999782
2025-06-18,66.95516204833984,67.65504179100542,66.16196643056118,67.46841004077923,846173
2025-06-19,66.25527954101562,67.88833220575897,65.32210658973372,66.95515925447707,807948
2025-06-20,68.30825805664062,68.30825805664062,65.88200977629285,66.62855099465125,734305
2025-06-23,67.42174530029297,67.84167027787488,66.34859498925137,67.65503853662617,756257
2025-06-24,69.56804656982422,69.56804656982422,68.26160301029076,68.58821212028796,1245056
2025-06-25,71.9009780883789,72.04094833415903,69.05479776510734,69.98797070787906,1710607
2025-06-26,71.15443420410156,71.85431388479765,70.22126129650678,71.06111833725093,1024937
2025-06-27,71.5743637084961,72.13427318423342,69.80134076714366,71.06112284846319,574133
2025-06-30,74.00061798095703,74.70049769533098,71.43439236158588,71.85431734239239,1682446
2025-07-01,76.42686462402344,76.80013522107086,74.28056403065908,75.02710522475394,1921885
2025-07-02,75.72698211669922,77.63998228638022,75.49368889213733,76.42686179038489,1212588
2025-07-03,75.8669662475586,77.45335746836992,74.9804476433624,77.36004159412423,685214
2025-07-04,75.58700561523438,76.61349439103857,74.70049419966354,76.0535920696494,634660
2025-07-07,72.88080596923828,74.65383599810212,72.74082860283292,73.72066304812584,1089250
2025-07-08,71.01445770263672,73.72066059128912,70.54787124319819,72.92746503415248,782870
2025-07-09,72.60086059570312,72.88080821760562,70.36124402275915,71.01446226007643,463676
2025-07-10,74.14058685302734,75.26039864698203,72.78748894481964,72.78748894481964,1022786
2025-07-11,74.42053985595703,75.49369013045337,73.39405107495615,74.32722398851047,819299
2025-07-14,73.81398010253906,75.49369428724198,73.53403248478506,75.44703279117729,850952
2025-07-16,73.81398010253906,75.773641904996,73.06744600231698,73.81398010253906,1244327
2025-07-17,74.70050048828125,75.16708698197559,73.6740045065178,73.86064337572246,772943
2025-07-18,77.87327575683594,78.38652370031042,74.79380945462171,74.79380945462171,2307232
2025-07-21,80.25287628173828,80.48616952674332,78.85311681170796,79.87960566582123,1604273
2025-07-22,80.43950653076172,83.37900278695054,80.43950653076172,81.18604774868243,1216012
2025-07-23,79.6929702758789,82.11921848914942,79.6929702758789,80.81277495291314,1000495
2025-07-24,81.7459487915039,81.97924202842005,79.50633229320012,80.39285086520817,876007
2025-07-25,81.65263366699219,82.3991748797654,80.6261448390875,81.9325884016683,836522
2025-07-28,79.27304077148438,82.2125370441373,79.22638639481845,81.65263468733312,783350
2025-07-29,78.61981964111328,79.92626317181812,78.19989466888953,79.41301521061621,627166
2025-07-30,80.15955352783203,80.53282411171257,78.75979417793815,79.13306476181869,1076821
2025-07-31,82.72578430175781,83.51897989359814,80.34619040669217,80.71946101448312,1582802
2025-08-01,81.55931854248047,84.40549181322095,81.32602530129462,83.70561208966342,1540114
2025-08-04,81.1393814086914,82.53914076906823,81.04606554190848,81.55931348853102,849130
2025-08-05,80.76612091064453,82.30585056802639,80.06624120472749,82.30585056802639,797706
2025-08-06,78.75979614257812,81.04606695661747,78.6198187801882,80.76611935138202,1323048
2025-08-07,78.85311126708984,79.64630682042389,78.85311126708984,79.59965244643031,1096839
2025-08-08,78.05992126464844,79.59965810681466,77.63998915157865,78.85311687438714,1080657
2025-08-11,78.19989776611328,79.92626633741729,78.05992039664652,78.10657477343894,1541672
2025-08-12,77.63998413085938,78.43318680884914,77.63998413085938,78.19989357874495,647042
2025-08-13,78.05992126464844,79.41301923893536,77.63998915157865,77.63998915157865,969848
2025-08-14,77.12674713134766,79.22638630668628,76.98676976241615,79.17972481052753,664983
2025-08-15,76.52017974853516,77.54666854076515,76.33354801160039,77.12674357288974,675570
2025-08-18,76.7068099975586,77.17339645038935,75.96027594475594,76.7068099975586,1059543
2025-08-19,76.19357299804688,77.08008445513327,76.05359563125833,76.70681385021203,593493
2025-08-20,78.57315826416016,79.1330677206887,76.05359418795966,76.1935715520918,1594420
2025-08-21,79.13307189941406,79.97292188946729,78.4331921613398,79.31970364841592,1072651
2025-08-22,79.36636352539062,80.25287499437101,78.61982230553207,80.25287499437101,934461
2025-08-25,79.55299377441406,80.11289611900543,79.27303904234608,79.55299377441406,828241
2025-08-26,78.61981964111328,79.59965406902803,78.19989466888953,79.55299257453896,869594
2025-08-27,79.50633239746094,79.5529938927232,77.91994123216875,78.89977567631925,664677
2025-08-28,81.18604278564453,81.18604278564453,79.17971961473413,79.59965169397263,1171074
2025-08-29,83.00572967529297,83.00572967529297,80.15955649681743,81.18604530085032,1522601
2025-09-01,81.18604278564453,83.6122909162492,81.18604278564453,83.00572710371196,1204480
2025-09-02,78.15323638916016,82.77243975180605,73.39405565683369,81.23271004395393,1608073
2025-09-03,77.45335388183594,80.34618856676668,76.47351944876598,80.34618856676668,1025552
2025-09-04,77.45335388183594,79.41301562843132,77.08008328259288,77.45335388183594,816215
2025-09-05,75.2603988647461,78.19989504300884,75.2603988647461,77.919940313824,561616
2025-09-08,74.2339096069336,75.4470301471095,73.7206616463878,74.32722547624797,654841
2025-09-09,74.88713073730469,75.5403489675692,74.18725101078782,74.2805668837478,561778
2025-09-10,78.99308776855469,81.09272680311409,75.12041879201406,75.12041879201406,2215273
2025-09-11,77.36003875732422,82.11921936478343,75.2137381306541,78.99309141514661,1667650
2025-09-12,76.05359649658203,77.68664918209147,75.0271076610279,77.40669444532911,921396
2025-09-15,81.3726806640625,81.4193421606831,74.84046983168678,76.10025904499508,1367353
2025-09-16,81.09272766113281,82.352509671289,79.97291589245951,81.37267526364289,979819
2025-09-17,85.19869232177734,86.08520376750019,80.71945935922781,81.83926404009293,2183559
2025-09-18,85.4786376953125,86.97171293724156,84.77875800820097,85.85190828568085,1679626
2025-09-19,86.22518157958984,88.65142981374122,84.91873803211,85.01205390274187,2430458
2025-09-22,85.7119369506836,88.41814002169455,85.3386663340709,88.41814002169455,1432829
2025-09-23,83.98556518554688,85.385324605306,82.53914427064463,85.385324605306,1333915
2025-09-24,83.47232055664062,85.52530539281481,82.53914757280096,83.98556854557039,959641
2025-09-25,84.73210906982422,86.45847765153984,83.37900398287807,83.79893609381094,1029914
2025-09-26,84.54546356201172,86.36515499403126,84.21885446997054,85.2920047320009,1125567
2025-09-29,84.26551818847656,86.69176637570514,83.75227023061048,84.91873638981119,694311
2025-09-30,84.31217193603516,85.19869048216076,83.75226960769206,84.3588334298739,639294
2025-10-01,85.66527557373047,86.785080212526,82.72577949746186,84.31217058901291,1024552
2025-10-02,83.14570617675781,86.22517967645213,82.3991721086356,85.66527734547437,1282722
2025-10-03,82.95907592773438,86.22518122316058,82.95907592773438,83.19236916312195,1055478
2025-10-06,81.93258666992188,83.37900044972434,80.85943636907197,83.23902308534488,769929
2025-10-07,84.91873931884766,86.7850852379432,81.27936335270239,81.93258869611265,1077781
2025-10-08,83.19236755371094,86.50512716040042,82.58580372952868,84.91873603827243,959498
2025-10-09,83.84558868408203,85.89857345928773,83.37900220601864,83.47231807772239,745558
2025-10-10,90.70440673828125,90.70440673828125,83.51897796250891,84.03222592629744,2176434
2025-10-13,87.95155334472656,90.09785404604976,87.1116962390112,90.09785404604976,1147760
2025-10-14,86.31849670410156,88.79140641196581,85.61861700109533,87.95154934444943,1149247
2025-10-15,86.78507995605469,87.6715913658526,84.7787567912263,87.6715913658526,1500244
2025-10-16,85.99188995361328,88.23150648844235,85.80525108930978,86.78508554815522,674575
2025-10-17,85.01205444335938,86.36515949453224,81.74594911366191,85.99188889008646,909540
2025-10-20,86.505126953125,87.25166813795197,84.07887878175393,85.8519087560597,1009822
2025-10-21,90.56443786621094,92.10416754183076,86.83174605710664,87.06503929517565,2210674
2025-10-22,90.47111511230469,91.87087454438498,89.16467867133213,90.93770158966478,1228099
2025-10-23,92.33746337890625,92.4307863723963,89.02470357680929,90.47111742182238,1462120
2025-10-24,93.08399963378906,95.37027046118716,89.9578717466885,93.2706313717032,3846520
2025-10-27,92.52410125732422,93.27063536045095,91.12434180447376,93.08400361455546,1134414
2025-10-28,93.31729125976562,94.25046417236328,92.05750925166765,92.52409570796648,421960
2025-10-30,92.29080200195312,94.2504636843526,91.87086992173192,93.31729077658673,1063523
2025-10-31,96.3034439086914,97.42325570084262,91.96419546268196,92.57075217394299,2669216
2025-11-03,95.46359252929688,97.98315656456802,94.9970060694656,97.98315656456802,1970817
2025-11-04,97.6098861694336,100.31608906581563,94.7170515365608,95.46359272161254,2190627
2025-11-05,99.1962890625,100.22277790045513,96.11681542908991,97.42325900446221,1716879
2025-11-06,96.95667266845703,99.6628756959193,96.58340205785107,99.19628921254804,1240078
2025-11-07,94.34378051757812,97.04998340172747,93.13065999678314,96.95666753390391,1041182
2025-11-10,92.4774398803711,95.8368611476368,92.38412400730297,94.25046994684445,1284476
2025-11-11,91.17098999023438,93.87719283922358,88.18483954141169,92.4774334814234,1311846
2025-11-12,89.8178939819336,92.29080365573468,89.21133015710777,91.17099187462289,1196840
2025-11-13,90.1445083618164,92.38412493568129,89.81789924302348,89.81789924302348,786799
2025-11-14,90.23782348632812,91.0776805844949,88.65143228277014,90.14450761309732,742436
2025-11-17,90.65775299072266,92.10416678310875,90.09785064787822,90.56443712017268,680147
2025-11-18,91.26431274414062,91.87086943534173,89.91120776331726,90.65774893339527,823729
2025-11-19,91.4509506225586,92.75739419821836,91.07768001243512,92.29080771545021,489118
2025-11-20,90.51777648925781,92.94402474444239,90.14450588394988,91.54426531419614,991999
2025-11-21,88.65142822265625,90.42445821101826,87.7182552939967,89.86455587773143,1318235
2025-11-24,89.07135772705078,90.33114694050823,87.95155300347172,88.65143273559482,874970
2025-11-25,89.67791748046875,90.56443603897128,89.1180151443087,89.1180151443087,555949
2025-11-26,89.1180191040039,90.09785357547841,89.02470323042176,89.53794409489596,473857
2025-11-27,90.93769836425781,92.19748750408318,89.1646755088113,89.35130724531797,1415613
2025-11-28,88.60476684570312,91.31096976630722,88.04486451167507,90.93769917044037,905947
2025-12-01,89.72457885742188,90.0978494542211,88.18484209534037,88.60476706702421,716921
2025-12-02,89.77123260498047,90.65775115612665,89.3979691303341,89.72457823042188,601805
2025-12-03,91.03102111816406,93.31729192244624,89.77123198157554,90.51777316477286,850822
2025-12-04,90.37779998779297,91.68424355910906,90.19116824312411,91.68424355910906,397215
2025-12-05,90.51777648925781,91.45094944275532,89.72458090269386,90.51777648925781,683915
2025-12-08,92.52410125732422,93.1773194875032,90.51777795099628,90.79773268938428,960055
2025-12-09,95.37026977539062,95.5569086315071,92.33745777905571,92.85070573394553,601031
2025-12-10,94.2504653930664,96.30344297955307,92.52409690631022,96.21012711099357,716058
2025-12-11,93.78388214111328,94.53042335423353,93.13066391929155,94.25046861942728,476329
2025-12-12,96.3034439086914,96.3034439086914,93.59724809663439,93.78387983555402,656101
2025-12-15,94.81037139892578,96.77003319281165,94.81037139892578,95.9301832236782,565937
2025-12-16,94.34378051757812,95.09032169925531,92.66407353812099,94.71705110841671,868686
2025-12-17,96.39676666259766,96.77003013952657,93.59724786836397,94.34378194176627,754714
2025-12-18,97.32994079589844,98.72970021030036,96.11681312226561,96.39676785296382,665220
2025-12-19,99.38291931152344,99.38291931152344,96.21012985325602,97.60988928017889,483239
2025-12-22,98.54306030273438,99.28960149696613,96.86335329502964,99.19628562757327,957102
2025-12-23,97.70320129394531,99.1029606656038,96.77002837950631,98.26311073824417,752295
2025-12-24,98.44974517822266,98.82301577816273,96.396767557869,97.70320397834249,1053431
2025-12-25,101.80916595458984,102.5557071516542,100.31609068000564,100.31609068000564,1246951
2025-12-26,101.71585083007812,104.79532439110015,101.62253495964751,102.08912143134512,966633
2025-12-29,97.98316192626953,103.39556800430042,97.42325956774266,101.71585380917504,2833693
2025-12-30,91.4509506225586,97.04998841577645,88.1848452431815,97.04998841577645,7200569
2025-12-31,91.68424224853516,93.13066316744948,90.98436253671429,91.45094901126153,1733202
2026-01-02,90.70440673828125,93.97051202173132,89.95787265950509,92.01085027557018,1880462
2026-01-05,89.49128723144531,90.9843625259103,88.65143015345106,90.7977307839314,1730854
2026-01-06,93.17731475830078,93.59724684456916,89.53793894169668,89.58460043557463,1779003
2026-01-07,94.5304183959961,94.99700484983705,89.21132855048259,92.75738844749159,4806488
2026-01-08,94.5304183959961,95.27695245041505,93.13065903447321,94.5304183959961,1185372
2026-01-09,92.99068450927734,96.58339888946949,91.3576318710496,94.53042127780098,1867578
2026-01-12,91.03102111816406,93.41060779045982,90.89104375637152,93.22397605443267,2030766
2026-01-13,91.07767486572266,91.54426132212446,90.14450195291906,91.12433635918056,1260295
2026-01-14,90.4244613647461,91.63758194258675,90.05119075635486,91.1243410856504,1231523
2026-01-15,94.81037139892578,95.18364200717659,90.51777720290322,90.51777720290322,3380148
2026-01-16,96.77003479003906,99.75619258578853,95.37027532565347,95.55691419263177,1957166
2026-01-19,99.84950256347656,100.22277315584704,96.77002907585064,96.77002907585064,1720518
2026-01-20,98.26311492919922,100.1294608376775,97.60988958950504,99.8495061035879,924273
2026-01-21,100.96930694580078,101.24926166920157,97.51656999476096,98.7296976367719,1383924
2026-01-22,101.249267578125,102.0891246777972,99.66287637172344,100.969312838386,1103002
2026-01-23,110.39436340332031,110.39436340332031,101.62253620407982,103.58219798529817,3947401
2026-01-26,108.4346923828125,111.51416592134528,107.59484243552583,110.20772238622396,2129110
2026-01-27,108.71464538574219,109.64781830750822,107.5015177396286,108.71464538574219,1671406
2026-01-28,107.7814712524414,110.39435825183347,106.84829834116486,108.71464416371796,2397903
2026-01-29,108.8079605102539,110.86094519583264,108.15474231730052,110.02108814807517,2704870
2026-01-30,115.52680969238281,115.52680969238281,107.50151693000049,109.18123102434664,2409426
2026-02-02,110.95426177978516,112.63396876659998,108.52801360802307,112.16738230589401,2034306
2026-02-03,113.28719329833984,114.7802685383444,110.20771983120066,110.95426101097512,1090977
2026-02-04,112.91392517089844,113.84709810619512,111.79412049636022,113.75378223657435,805466
2026-02-05,109.36786651611328,112.44734008834214,106.84830240759482,112.44734008834214,993581
2026-02-06,107.68815612792969,109.74113369907941,106.5683443549481,109.36786310808556,975900
2026-02-09,109.27455139160156,110.30104021617309,107.8747919618555,108.80796491501954,703864
2026-02-10,112.91392517089844,114.03372984543667,108.6213310924426,109.36786516895326,1746364
2026-02-11,113.84709930419922,113.84709930419922,110.2077233943364,112.63397162773009,1145080
2026-02-12,113.84709930419922,113.94041517480194,112.35402401592191,113.84709930419922,2025787
2026-02-13,113.7537841796875,115.06022773532808,113.47382944649858,113.84710005090227,1210677
2026-02-16,116.1800308227539,117.29983550093854,113.94041434684011,115.1535420144939,1921788
2026-02-17,113.28719329833984,115.806757320876,113.28719329833984,115.71344145329029,685554
2026-02-18,112.44734191894531,114.87359019619204,111.04758247597088,113.28719900863891,1267739
2026-02-19,107.50151824951172,112.91392406924365,106.66166831157437,112.4473376061476,1257910
2026-02-20,107.31488800048828,107.87479034006019,105.54185799222348,107.50151974049741,700791
2026-02-23,107.0349349975586,109.74113798861305,106.9416191260487,107.78147620872693,651933
2026-02-24,109.18123626708984,109.46119100277205,105.72849916458094,107.0349356123121,781138
2026-02-25,107.50151824951172,109.36786410189592,106.00844299151325,109.18123236447526,856341
2026-02-26,107.31488800048828,108.1547450696184,106.28839919134903,107.50151974049741,431742
2026-02-27,104.7020034790039,108.06143183753234,103.76883051708927,107.40820649246527,686319
2026-03-02,104.51536560058594,106.38171141488212,99.00964402450336,100.78267397199359,2018576
2026-03-03,102.46239471435547,106.19508658563188,102.46239471435547,104.5153723957396,944988
2026-03-04,103.11560821533203,107.50151811513472,102.1824352903064,104.51536760287047,780934
2026-03-05,104.60868835449219,106.84830490300563,103.95547012430045,103.95547012430045,616523
2026-03-06,102.36907196044922,106.10176384042249,100.87599663236885,104.60868851234214,813412
2026-03-09,101.71585083007812,103.30224198603217,99.28960260115949,102.18243730177574,999256
2026-03-10,107.0349349975586,107.0349349975586,103.02229556627648,104.42205499755866,963229
2026-03-11,110.30104064941406,110.30104064941406,106.75498768518923,107.03493530051125,1335678
2026-03-12,113.28719329833984,114.22036621328573,109.18123104866906,110.3010356987864,1616749
2026-03-13,111.60748291015625,113.28719706066069,109.27455054531376,113.28719706066069,822743
2026-03-16,108.8079605102539,112.91392276186703,108.15474231730052,111.79411811121997,774836
2026-03-17,111.98075103759766,112.4473375002543,108.8079616676235,109.08791639303526,910484
2026-03-18,110.20772552490234,115.24686094985769,109.74113904332397,112.07407145121583,1132407
2026-03-19,115.8067626953125,117.29983800460867,108.80796550841355,110.20772494579333,2351959
2026-03-23,113.84709930419922,115.80676106503472,110.02109165313095,115.80676106503472,1934745
2026-03-24,111.42085266113281,116.55330393252923,110.86095030998032,113.84710092915672,1277161
2026-03-25,113.66046905517578,114.03373254248704,110.11440896936153,113.84710079883142,2596351
2026-03-26,109.19999694824219,113.0999984741211,108.0,110.4000015258789,1442488
2026-03-27,107.0999984741211,110.30000305175781,106.0999984741211,110.0999984741211,620010
2026-03-30,109.9000015258789,111.0,106.30000305175781,107.0999984741211,1373201
2026-03-31,108.5,110.0999984741211,105.0,109.9000015258789,1419467
2026-04-01,112.0999984741211,112.0999984741211,108.4000015258789,110.69999694824219,832530
2026-04-02,110.30000305175781,111.5,108.80000305175781,110.9000015258789,592055
2026-04-03,110.5,111.9000015258789,109.4000015258789,110.30000305175781,600643
2026-04-06,110.4000015258789,112.0,110.0999984741211,110.0999984741211,556548
2026-04-07,109.4000015258789,110.9000015258789,107.5999984741211,110.30000305175781,506236
2026-04-08,112.0,114.5,111.0999984741211,111.5,1624507
2026-04-09,111.0,112.5999984741211,110.30000305175781,112.5999984741211,748921
2026-04-10,112.0,112.9000015258789,111.19999694824219,111.19999694824219,774419
2026-04-13,111.5999984741211,111.9000015258789,109.4000015258789,110.5999984741211,1203128
2026-04-14,111.19999694824219,114.0,110.69999694824219,111.9000015258789,1117911
2026-04-15,111.80000305175781,112.9000015258789,110.0,111.30000305175781,773810
2026-04-16,110.69999694824219,112.30000305175781,110.30000305175781,111.80000305175781,739216
2026-04-17,113.80000305175781,113.80000305175781,110.4000015258789,111.30000305175781,1466561
2026-04-20,113.19999694824219,114.5999984741211,111.0999984741211,111.0999984741211,883672
2026-04-21,113.4000015258789,115.19999694824219,112.0999984741211,114.0,632783
2026-04-22,111.9000015258789,114.5999984741211,111.30000305175781,113.5999984741211,545702
2026-04-24,112.0999984741211,112.80000305175781,110.0999984741211,111.9000015258789,572658
2026-04-27,111.0999984741211,112.4000015258789,110.0999984741211,112.0999984741211,1117679
2026-04-28,110.5,113.30000305175781,110.19999694824219,113.0,1311324
2026-04-29,110.0,111.5,109.19999694824219,110.5,679988
2026-04-30,110.9000015258789,111.5999984741211,109.4000015258789,110.0999984741211,846903
2026-05-04,110.30000305175781,111.19999694824219,108.69999694824219,110.9000015258789,980321
2026-05-05,112.9000015258789,112.9000015258789,110.0999984741211,110.4000015258789,1066776
2026-05-06,114.0,114.69999694824219,112.69999694824219,113.0,1387790
2026-05-07,115.30000305175781,115.9000015258789,113.69999694824219,114.0,936210
2026-05-08,116.30000305175781,116.30000305175781,112.9000015258789,115.30000305175781,984683
2026-05-11,119.30000305175781,120.19999694824219,115.4000015258789,116.30000305175781,1403834
2026-05-12,112.80000305175781,119.9000015258789,112.80000305175781,119.30000305175781,1229796
2026-05-13,111.4000015258789,114.0,108.5,112.80000305175781,904079
2026-05-14,111.4000015258789,113.80000305175781,111.19999694824219,113.30000305175781,699589
2026-05-15,110.4000015258789,112.5,110.30000305175781,111.9000015258789,526268
2026-05-18,105.0,110.5,104.5,110.4000015258789,2155179
2026-05-20,105.5999984741211,106.19999694824219,102.5999984741211,104.9000015258789,1396530
2026-05-21,100.0,105.5999984741211,100.0,105.5999984741211,1666983
2026-05-22,107.0,107.0,98.9000015258789,99.0999984741211,1870251
2026-05-25,105.5,107.0999984741211,104.9000015258789,107.0,525792
2026-05-26,101.5999984741211,106.0,101.5999984741211,106.0,1443170
2026-05-27,101.5999984741211,101.5999984741211,101.5999984741211,101.5999984741211,0
2026-05-28,101.5999984741211,101.5999984741211,101.5999984741211,101.5999984741211,0
2026-05-29,101.5999984741211,101.5999984741211,101.5999984741211,101.5999984741211,0
2026-06-01,104.19999694824219,104.80000305175781,102.4000015258789,102.69999694824219,1370447
2026-06-02,105.30000305175781,106.0,103.80000305175781,104.19999694824219,1156958
2026-06-03,104.0,107.0,103.5,105.30000305175781,866622
2026-06-04,103.5,105.0,101.80000305175781,104.30000305175781,909195
2026-06-05,101.80000305175781,103.5999984741211,101.0,103.19999694824219,645088
2026-06-08,102.0,103.0999984741211,100.5999984741211,101.5,660963
2026-06-09,102.69999694824219,104.0,101.69999694824219,102.19999694824219,590927
2026-06-10,101.4000015258789,103.0,101.0999984741211,102.69999694824219,504721
2026-06-11,100.5999984741211,102.0,99.6500015258789,101.4000015258789,761723
2026-06-12,100.5999984741211,102.0,99.94999694824219,101.4000015258789,1694528
2026-06-15,103.80000305175781,104.4000015258789,101.69999694824219,103.69999694824219,1336806
2026-06-16,103.30000305175781,104.80000305175781,102.9000015258789,103.9000015258789,836370
2026-06-17,101.30000305175781,104.0,101.19999694824219,103.30000305175781,748412
2026-06-18,102.0,102.69999694824219,101.30000305175781,102.0,783036
2026-06-19,107.69999694824219,107.69999694824219,100.9000015258789,101.5999984741211,2236750
2026-06-22,104.69999694824219,108.0999984741211,104.5999984741211,107.69999694824219,544995
2026-06-23,102.30000305175781,104.5,101.80000305175781,104.4000015258789,810813
2026-06-24,102.30000305175781,103.19999694824219,102.0,102.5,386633
2026-06-25,102.5,105.19999694824219,102.30000305175781,103.5,675823
2026-06-26,102.5999984741211,103.9000015258789,102.0999984741211,102.5,526505
2026-06-29,102.30000305175781,103.0999984741211,101.4000015258789,103.0999984741211,327814
2026-06-30,102.9000015258789,102.9000015258789,100.19999694824219,102.5,797262
2026-07-01,102.4000015258789,103.5999984741211,102.19999694824219,102.9000015258789,481937
2026-07-02,102.5,103.69999694824219,101.80000305175781,103.0,518450
2026-07-03,101.5999984741211,103.0,101.5,102.9000015258789,372170
2026-07-06,101.5,103.0,101.30000305175781,101.69999694824219,369119
2026-07-07,101.5,102.0999984741211,101.19999694824219,101.5,299216
2026-07-08,99.3499984741211,102.0999984741211,99.19999694824219,101.5,940435
2026-07-09,97.55000305175781,100.0,96.94999694824219,99.4000015258789,783636
2026-07-10,98.55000305175781,98.69999694824219,96.69999694824219,97.55000305175781,651968
2026-07-13,97.44999694824219,98.30000305175781,97.1500015258789,98.30000305175781,507774
2026-07-14,97.75,97.94999694824219,96.80000305175781,96.94999694824219,505537
2026-07-16,102.0,102.4000015258789,97.75,97.75,1029401
2026-07-17,102.69999694824219,102.9000015258789,101.30000305175781,101.80000305175781,1017714
2026-07-20,102.80000305175781,103.80000305175781,101.30000305175781,103.80000305175781,935367
2026-07-21,102.30000305175781,103.9000015258789,101.5,102.9000015258789,1006137
2026-07-22,104.69999694824219,105.5999984741211,101.30000305175781,102.30000305175781,1122923
2026-07-23,104.0,105.5999984741211,103.5999984741211,104.69999694824219,608771
2026-07-24,105.9000015258789,105.9000015258789,102.5999984741211,103.80000305175781,929451
2026-07-27,106.0,107.19999694824219,103.5999984741211,105.9000015258789,1998364
2026-07-28,107.0999984741211,110.0999984741211,103.80000305175781,106.0,2708541
2026-07-29,109.30000305175781,110.80000305175781,106.0999984741211,107.5999984741211,1705329
2026-07-30,109.4000015258789,112.80000305175781,108.69999694824219,109.9000015258789,1088991
2026-07-31,115.0,115.0,108.19999694824219,109.4000015258789,2636885
2026-08-03,115.0999984741211,119.4000015258789,114.9000015258789,117.0,1616922
2026-08-04,118.69999694824219,118.69999694824219,112.9000015258789,114.69999694824219,1154418
2026-08-05,122.5,122.5,114.4000015258789,118.5999984741211,1302371
2026-08-06,116.30000305175781,122.0,116.19999694824219,122.0,845047
2026-08-07,111.9000015258789,116.30000305175781,111.0,116.0,1038485
2026-08-10,115.0999984741211,116.0,111.4000015258789,111.4000015258789,831052
2026-08-11,112.19999694824219,116.80000305175781,111.69999694824219,116.80000305175781,809629
2026-08-12,109.80000305175781,112.19999694824219,109.5,112.19999694824219,1701384
2026-08-13,109.0999984741211,112.69999694824219,108.69999694824219,110.0,610194
2026-08-14,107.19999694824219,110.0,106.30000305175781,109.30000305175781,1077262
2026-08-17,107.0,108.19999694824219,106.30000305175781,107.19999694824219,495588
2026-08-18,103.5999984741211,108.9000015258789,103.5999984741211,108.9000015258789,693142
2026-08-19,105.0,106.0,103.5,104.0999984741211,913791
2026-08-20,104.19999694824219,106.19999694824219,103.9000015258789,105.0,790088
2026-08-21,105.30000305175781,105.69999694824219,104.0,104.30000305175781,668776
2026-08-24,105.30000305175781,107.0999984741211,104.19999694824219,106.0999984741211,695563
2026-08-25,,,,,575558
