Date,Close,High,Low,Open,Volume
2018-01-01,18.38041114807129,18.38041114807129,18.38041114807129,18.38041114807129,0
2018-01-02,18.551233291625977,18.585398408536,18.31208398958557,18.414576082150763,3394182
2018-01-03,18.51706886291504,18.67080862303349,18.414575146475286,18.602480021767775,2851693
2018-01-04,18.431657791137695,18.756218241412558,18.34624663188146,18.49998639272621,2611409
2018-01-05,18.61956214904785,18.653727266421527,18.448741449426862,18.499987496404913,3367173
2018-01-08,18.329164505004883,18.80746635644841,18.209589856685202,18.653726591990303,2857504
2018-01-09,18.175424575805664,18.380410365157932,17.867945077236143,18.36332780877468,2550242
2018-01-10,17.645877838134766,18.107097114913707,17.56046667994433,18.107097114913707,3905609
2018-01-11,17.594633102416992,17.816701478582427,17.40672821461722,17.7825363611343,3266952
2018-01-12,17.457975387573242,17.680043757337685,17.440892829341575,17.645878640874347,2382863
2018-01-15,17.20174217224121,17.6117154308455,17.16757868432228,17.457975662504197,2386387
2018-01-16,17.116331100463867,17.1846596992467,16.885721468665942,17.099248543497584,3837528
2018-01-17,17.577550888061523,17.64587949521397,17.099250637994423,17.218825293240574,3092428
2018-01-18,17.3725643157959,17.74837245343389,17.304235711596487,17.57755012839414,2196842
2018-01-19,17.150493621826172,17.47505404054076,17.06508247087532,17.42380800160313,1825349
2018-01-22,17.23590660095215,17.287152645325335,17.048001723113174,17.150495440941924,2977056
2018-01-23,17.44089126586914,17.560465904606833,17.184659431693444,17.20174035931149,2655913
2018-01-24,17.184661865234375,17.44089373569538,17.167579306114973,17.44089373569538,2967694
2018-01-25,16.94550895690918,17.23590591188486,16.877180357449156,17.20174079761369,2645768
2018-01-26,16.971132278442383,17.150494235684995,16.954049721824344,16.996754484287177,1950282
2018-01-29,17.20174217224121,17.252989847743272,16.954051590311014,16.9796737989796,2122282
2018-01-30,16.971132278442383,17.270068873846736,16.971132278442383,17.218822833074885,2167093
2018-01-31,16.27930450439453,16.655112630140774,16.10848381384251,16.655112630140774,11343475
2018-02-01,16.58678436279297,16.697817732438104,16.29638739100427,16.304928670066573,5651113
2018-02-02,16.5697021484375,16.638030753271128,16.458668776488775,16.62094819479211,3563418
2018-02-05,16.5697021484375,16.945510289563664,16.492832264364367,16.56116086919799,2750728
2018-02-06,16.287845611572266,16.484290136723168,16.15118840893839,16.398880606888763,2462411
2018-02-07,16.202434539794922,16.398880695084703,16.159729774648046,16.37325685854716,2367461
2018-02-08,16.10848617553711,16.26222595993166,16.023075003197626,16.2109782790784,2242333
2018-02-09,15.903499603271484,16.065779031214454,15.801005875391546,16.057237751467582,2116759
2018-02-12,16.057235717773438,16.151188154007162,15.946202353291854,15.946202353291854,1229404
2018-02-13,15.937661170959473,16.22805813099867,15.826627805806764,16.074318372262347,1905597
2018-02-14,16.10848617553711,16.168273507449964,15.93766383085814,15.93766383085814,1962935
2018-02-15,16.3134708404541,16.35617560901649,16.151189787568534,16.15973106709751,1887917
2018-02-16,16.29638671875,16.407420083814813,16.270762882620115,16.38179787676727,1250487
2018-02-19,16.228059768676758,16.467210709632223,16.091402553582924,16.356175704191916,1356795
2018-02-20,15.74975872039795,16.313470111460088,15.74975872039795,16.279304994870905,1288114
2018-02-21,15.980367660522461,16.040156617993663,15.775381836440172,15.903499401938804,1615199
2018-02-22,16.04869842529297,16.117027035566956,15.920580855581994,15.963287255179843,1370898
2018-02-23,16.202434539794922,16.34763302200961,15.886415367910361,16.12556465926465,1511465
2018-02-26,16.14264678955078,16.304927825160487,16.125564232311376,16.253681782524595,1102708
2018-02-27,16.17681312561035,16.253683009910127,16.1255654500222,16.21951789285136,1362803
2018-02-28,16.151187896728516,16.270762537970445,16.091400576107553,16.14264661819948,2570527
2018-03-01,15.894957542419434,16.210976732111323,15.869333704438013,16.142648126576663,1885518
2018-03-02,15.630182266235352,15.920579237658952,15.604560058163061,15.886415750535095,2233740
2018-03-05,15.801004409790039,15.971826730718021,15.630182088862057,15.70705197037141,1982852
2018-03-06,16.125564575195312,16.287845614255662,15.886415285087809,15.886415285087809,2939947
2018-03-07,16.0145320892334,16.176813137214047,15.971827321961754,16.176813137214047,1401664
2018-03-08,16.14264678955078,16.202434110806376,16.014530868419886,16.014530868419886,1443641
2018-03-09,16.245141983032227,16.313470589128876,16.09140221204415,16.10848477083893,2048181
2018-03-12,16.245141983032227,16.458669080719563,16.228059424237447,16.356175357033354,1419223
2018-03-13,16.228059768676758,16.270764537487644,16.142648601972486,16.270764537487644,968619
2018-03-14,16.031614303588867,16.253682672615163,16.005990466326537,16.185354068998027,906994
2018-03-15,15.937661170959473,16.108483487129238,15.929119892242749,16.0401548864778,1001813
2018-03-16,16.0145320892334,16.11702581140077,15.929120925607664,16.00599080996258,780692
2018-03-19,15.741215705871582,16.117023801509788,15.655804552897138,16.057234854070106,1893148
2018-03-20,15.655805587768555,15.809545347468525,15.638723030228036,15.775380232387485,1435060
2018-03-21,15.886415481567383,15.963285362647605,15.707051882686068,15.775380484859335,1114997
2018-03-22,15.937661170959473,16.065777093545623,15.894956406458203,15.946202449676194,1238621
2018-03-23,15.809545516967773,15.843709003332737,15.715593078569974,15.724134357431808,1494317
2018-03-26,16.149118423461914,16.352641154690215,15.839408965455807,15.865956069095448,2226556
2018-03-27,16.042932510375977,16.255305974703095,16.007538058175356,16.184515382521006,1119679
2018-03-28,15.830560684204102,16.04293246008463,15.78631719714681,15.998688973027337,1480780
2018-03-29,15.848259925842285,16.04293364618029,15.795167399892097,15.910201487414334,1882344
2018-03-30,15.848259925842285,15.919050523036194,15.821712818976707,15.883656068329724,421201
2018-04-02,15.786316871643066,15.910199983073772,15.786316871643065,15.865956496928751,589372
2018-04-03,16.016387939453125,16.078329499912748,15.750921938907815,15.750921938907815,2370965
2018-04-04,16.157968521118164,16.29070067248793,16.034085404877167,16.04293275222506,2359801
2018-04-05,16.007537841796875,16.317247311324905,15.954445320323188,16.20221154572095,2187308
2018-04-06,16.060630798339844,16.25530619531834,15.945596717400536,16.007538275427923,1994912
2018-04-09,15.86595630645752,16.13142059570236,15.83940920242072,16.08717711008848,1697433
2018-04-10,15.538548469543457,15.963293686893426,15.281933220013174,15.892501410851134,1987448
2018-04-11,14.989922523498535,15.556247255698441,14.795247130969193,15.556247255698441,3676953
2018-04-12,14.883735656738281,15.096107429378659,14.62712039771563,14.998771421781496,3470674
2018-04-13,14.786398887634277,14.963376219811508,14.733306363093478,14.8925856244968,1249299
2018-04-16,14.874886512756348,15.140352492444492,14.830643026698727,14.839492061466412,1186073
2018-04-17,14.582874298095703,15.078410090589765,14.520932745979124,14.954525298575893,2730620
2018-04-18,14.981074333190918,14.998772404015158,14.423596916693848,14.600574249374393,2354440
2018-04-19,15.264236450195312,15.326178009223625,14.892585408244539,15.04301563207654,2862617
2018-04-20,15.158048629760742,15.290782461354755,15.104956109791605,15.290782461354755,1541273
2018-04-23,15.158048629760742,15.158048629760742,15.158048629760742,15.158048629760742,0
2018-04-24,14.92798137664795,15.122655086740096,14.87488716571119,15.096107981271716,2693476
2018-04-25,14.742154121398926,14.945676854325352,14.512084284611358,14.936827819704972,1826098
2018-04-26,14.742154121398926,14.795246641340434,14.476689833910612,14.715607017537783,1281480
2018-04-27,15.927897453308105,16.034084178953687,14.821793463495043,14.83949153239943,6706159
2018-04-30,15.96329402923584,16.29069987404907,15.75976960681106,15.927897890455604,3482799
2018-05-01,15.96329402923584,15.96329402923584,15.96329402923584,15.96329402923584,0
2018-05-02,16.18451499938965,16.680049132933643,15.980990574875872,15.998688644447645,6714001
2018-05-03,15.821710586547852,16.211059660068035,15.697827480883547,16.211059660068035,2315491
2018-05-04,15.37042236328125,15.910199982924853,15.299631772781392,15.82171132285483,1604592
2018-05-07,15.140353202819824,15.423515577548322,15.034166468406193,15.335026913500446,1196068
2018-05-08,14.644817352294922,15.21999282444197,14.600573864182481,15.149202230793533,1659458
2018-05-09,15.025317192077637,15.264236074838161,14.388201859163761,14.671364229347706,3127273
2018-05-10,15.13150405883789,15.219992722249515,14.67136435932215,15.078411535903268,1100613
2018-05-11,15.122654914855957,15.627038098556199,15.043015287136882,15.21999261268613,1677952
2018-05-14,15.414666175842285,15.565096394812548,15.21114343481806,15.21114343481806,908022
2018-05-15,15.255387306213379,15.308479829604847,14.989923001475146,15.308479829604847,1538385
2018-05-16,14.874886512756348,15.299631742701218,14.671363776442002,15.228839464559734,2675467
2018-05-17,14.768702507019043,15.016468746769947,14.68906287630456,14.839493102345147,834739
2018-05-18,14.901433944702148,14.998771641506078,14.733305655981045,14.759852760867801,919174
2018-05-21,14.989922523498535,15.0961075668956,14.733305574357432,14.733305574357432,751621
2018-05-22,14.972224235534668,15.10495638173758,14.883735575472459,15.025316756459672,855906
2018-05-23,14.556330680847168,14.998772322358866,14.467842014988646,14.972225216267033,3798350
2018-05-24,14.441292762756348,14.751002203344372,14.352804110048247,14.72445510119774,1776358
2018-05-25,14.653664588928223,14.901432480177933,14.326258766406808,14.4324437999562,1874197
2018-05-28,15.335026741027832,15.352724811194536,14.839492590826216,14.839492590826216,1854791
2018-05-29,15.158048629760742,15.485456159762112,15.087258040541633,15.39696750129303,1724861
2018-05-30,14.92798137664795,15.19344568020823,14.90143427117957,15.19344568020823,1763273
2018-05-31,14.724455833435059,15.175746465686158,14.644816210815408,14.919131216630094,1853702
2018-06-01,14.49438762664795,14.706761102653736,14.352806434498051,14.706761102653736,2688090
2018-06-04,14.131586074829102,14.68021360160825,14.096190777743042,14.512085307531631,1793032
2018-06-05,13.742236137390137,14.202374971864833,13.715689877143042,14.15813148608314,1486352
2018-06-06,13.326342582702637,13.981156008085874,13.131668024600161,13.981156008085874,2349169
2018-06-07,13.582958221435547,13.706841336312651,13.290946816524619,13.317493077728223,3410787
2018-06-08,13.405980110168457,13.644898978660633,13.273247968044167,13.574108390342294,1520363
2018-06-11,13.945759773254395,14.087340953670719,13.122818107221505,13.423678537551396,2844243
2018-06-12,13.830724716186523,14.158131403628587,13.591805843682902,13.981154929861308,1662477
2018-06-13,13.64490032196045,14.1138882267125,13.600655988933172,13.813027774795557,1399595
2018-06-14,13.768784523010254,13.78648175019196,13.264400468029248,13.636051521640315,1830058
2018-06-15,13.768784523010254,13.768784523010254,13.768784523010254,13.768784523010254,0
2018-06-18,13.706841468811035,13.954609388741169,13.50331872446532,13.706841468811035,1945340
2018-06-19,13.768784523010254,13.78648175019196,13.388284433863095,13.653749592712497,3053550
2018-06-20,13.883817672729492,13.910364777546734,13.609504340741346,13.742236489265878,2169070
2018-06-21,14.193528175354004,14.246620697907106,13.76878377547704,13.981155553470307,2003208
2018-06-22,14.361655235290527,14.600574126057063,14.078492855618004,14.600574126057063,1871565
2018-06-25,13.715690612792969,14.635970018882936,13.618353757405966,14.600573878134451,2944616
2018-06-26,13.450225830078125,13.99000517670107,13.414830532257806,13.76878435435146,2781164
2018-06-27,13.724538803100586,13.804178427101194,13.459073671062027,13.476770896456388,3008013
2018-06-28,13.538714408874512,13.689144634609042,13.521016338133762,13.680295599238667,3659459
2018-06-29,13.423678398132324,13.680294495944285,13.423678398132324,13.627201131894394,5095400
2018-07-02,13.627202033996582,13.830725625122026,13.423679286761587,13.485620845678246,3390614
2018-07-03,13.521016120910645,13.715690676479026,13.503318894344671,13.689144414684844,1665882
2018-07-04,13.335189819335938,13.58295772786779,13.290946333567762,13.529864363499422,2634371
2018-07-05,13.405980110168457,13.512166836536343,13.352887590874893,13.39713191954645,5212216
2018-07-06,13.326342582702637,13.503319070118314,13.2909472852195,13.45907473729178,2078144
2018-07-09,13.370585441589355,13.609504321260017,13.299794849958882,13.370585441589355,4548506
2018-07-10,12.724620819091797,13.184759655183182,12.627283968583527,13.184759655183182,4830716
2018-07-11,12.21138858795166,12.724620787333231,12.193690518508655,12.724620787333231,3968201
2018-07-12,11.468086242675781,12.317574143758815,11.158376786823176,12.246783555659427,9338066
2018-07-13,10.919459342956543,11.600819000576736,10.89291308198184,11.556575513582372,11750542
2018-07-16,10.494714736938477,11.061040304320217,10.468168476497421,10.963703453442745,8515607
2018-07-17,10.742483139038086,10.937156849703216,10.485867025988194,10.494715217279923,8413806
2018-07-18,10.6893892288208,10.937156294102099,10.512412753619873,10.830970408981543,5871813
2018-07-19,10.963703155517578,11.167225886519196,10.733633320905886,10.733633320905886,9135447
2018-07-20,10.972552299499512,11.14068059474273,10.857518216089463,11.016796632136698,5373709
2018-07-23,11.211470603942871,11.308807455549385,11.016796056839432,11.061040387166178,5969293
2018-07-24,10.565505027770996,11.246865496263313,10.485866248706131,11.246865496263313,11221685
2018-07-25,10.91061019897461,10.94600549455066,10.530110138614276,10.609749764632989,7893938
2018-07-26,11.184925079345703,11.397296866221076,10.94600618619306,10.954855221618816,8933766
2018-07-27,11.167226791381836,11.29995978851621,10.972552235252358,11.193773053252531,3971338
2018-07-30,11.140680313110352,11.255715237502812,10.990250092281011,11.105285016673474,3576484
2018-07-31,11.114133834838867,11.264563208841817,11.043342399456327,11.158377321603632,4215401
2018-08-01,10.972552299499512,11.202622154100517,10.963704108084437,11.16722685676886,3991875
2018-08-02,10.6893892288208,10.795575113941357,10.52126178835252,10.795575113941357,6868761
2018-08-03,10.875214576721191,10.990249494860453,10.61859848053065,10.636296549732254,3091749
2018-08-06,10.698238372802734,10.884063884633939,10.636296816822469,10.866365814987915,2618297
2018-08-07,10.884063720703125,10.937156241060723,10.680540142291276,10.724784471849539,3651979
2018-08-08,10.946004867553711,11.167225663204896,10.866365246096827,10.884063314816297,4231107
2018-08-09,10.866366386413574,11.087587205279675,10.733634232650093,10.839820124438969,7456883
2018-08-10,10.662843704223633,11.025645714390594,10.078820873819215,10.6893899663628,8932649
2018-08-13,11.052190780639648,11.061039815025357,10.317737804433195,10.574353894386169,8513631
2018-08-14,11.715853691101074,11.883981976352707,11.149528967450278,11.255714853134803,10335382
2018-08-15,11.238017082214355,11.937074814465355,11.114133967568879,11.80434266480508,7308725
2018-08-16,11.140680313110352,11.64506349830847,11.105285016673474,11.397296423250324,7483654
2018-08-17,11.326505661010742,11.326505661010742,10.662843229825235,11.105284850615574,4759297
2018-08-20,11.441540718078613,11.653912496018853,11.291110497731669,11.335354829108494,1937584
2018-08-21,11.441540718078613,11.441540718078613,11.441540718078613,11.441540718078613,0
2018-08-22,11.441540718078613,11.441540718078613,11.441540718078613,11.441540718078613,0
2018-08-23,11.441540718078613,11.441540718078613,11.441540718078613,11.441540718078613,0
2018-08-24,11.441540718078613,11.441540718078613,11.441540718078613,11.441540718078613,0
2018-08-27,11.636214256286621,11.78664447444069,11.238016967480732,11.503482107981464,5964180
2018-08-28,11.999016761779785,12.034412056609622,11.707004524570648,11.724702593930763,3801093
2018-08-29,11.990168571472168,12.229086617426061,11.88398267950483,11.990168571472168,2816073
2018-08-30,11.990168571472168,11.990168571472168,11.990168571472168,11.990168571472168,0
2018-08-31,11.777796745300293,12.034412860940368,11.707005307018818,11.990168528473365,3450166
2018-09-03,11.857434272766113,12.060957842960304,11.62736528735534,11.62736528735534,2730791
2018-09-04,11.69815731048584,11.937075359562424,11.636214906444124,11.80434320384104,2186075
2018-09-05,11.70700454711914,11.795493206309363,11.450388448135975,11.680458286918233,2615034
2018-09-06,11.54772663116455,11.813191776089452,11.52118036983919,11.724703113151008,1911795
2018-09-07,11.662761688232422,11.69815698503276,11.361901243484326,11.556575797831407,4180094
2018-09-10,11.238017082214355,11.680458706269176,11.220319856075184,11.680458706269176,2424888
2018-09-11,11.096435546875,11.26456298739096,10.999098696459486,11.22031950149598,2190427
2018-09-12,10.981400489807129,11.326505245153482,10.884063640607568,11.105284442880526,2905410
2018-09-13,11.432690620422363,11.485783138027564,10.848667863423044,11.069888655855534,4865931
2018-09-14,12.034412384033203,12.140598271411738,11.494633068329291,11.494633068329291,7083518
2018-09-17,11.88398265838623,12.202540333722142,11.768947731320093,12.025563847424413,3768306
2018-09-18,11.9724702835083,12.06095894715315,11.804342835251612,11.875133428611317,2406927
2018-09-19,12.246784210205078,12.246784210205078,11.866284145916753,12.03441243455642,3544108
2018-09-20,12.609586715698242,12.786563202579073,12.167145076550934,12.291029039312745,9520481
2018-09-21,12.830806732177734,13.21130678807345,12.583039666052581,12.706922777169956,9040681
2018-09-24,12.583040237426758,12.866202611570564,12.52109783516497,12.830807314802588,3408762
2018-09-25,12.671527862548828,12.724621228829585,12.47685415526372,12.653830636382194,3343773
2018-09-26,12.414911270141602,12.786562287952263,12.414911270141602,12.671527368735592,3369396
2018-09-27,12.397214889526367,12.538796078552348,12.326424295013377,12.4414592220696,3415019
2018-09-28,12.335272789001465,12.556493613253854,12.255634001138603,12.388366158133847,3090300
2018-10-01,12.273329734802246,12.4591552383181,12.211388181593753,12.291027803656313,2375900
2018-10-02,12.034412384033203,12.273330419662303,11.999017088240358,12.229086088948643,2046075
2018-10-03,11.485784530639648,12.078656393753636,11.476936339226203,12.03441290501505,6523133
2018-10-04,10.724784851074219,11.441540652369195,10.645145223831395,11.441540652369195,5457005
2018-10-05,10.839818954467773,10.972551093905112,10.521261313483945,10.707086815030436,4756927
2018-10-08,10.901761054992676,10.990249714992325,10.742482648439873,10.79557516932734,3488639
2018-10-09,11.096435546875,11.131830841925222,10.875214741838503,10.981400626989174,3951906
2018-10-10,10.839818954467773,11.23801621667015,10.760179333249226,11.105284077232811,3300903
2018-10-11,11.229167938232422,11.414993452287824,10.61859887427348,10.76018005757466,5173566
2018-10-12,11.636214256286621,11.839737840097003,11.193772636748873,11.3884471856348,5407206
2018-10-15,12.034412384033203,12.122900201570106,11.751249173800023,11.839737835227345,4783986
2018-10-16,12.12290096282959,12.264482154891583,11.95477350822859,11.972470735291104,5546351
2018-10-17,12.609586715698242,12.698075381083886,12.264481933362779,12.3087262660556,8279982
2018-10-18,12.55649185180664,12.963538145085472,12.468004040853197,12.65382954091289,5138935
2018-10-19,12.4060640335083,12.680377378676909,12.229086701784793,12.565342450612812,4395999
2018-10-22,12.70692253112793,12.866201778212346,12.565341353226398,12.565341353226398,4617398
2018-10-23,12.609586715698242,12.653831048391064,12.060959184422435,12.609586715698242,4830246
2018-10-24,12.485701560974121,12.91929496730172,12.406062782398399,12.698074168847173,3533649
2018-10-25,12.777713775634766,12.813109071926092,12.246784331264873,12.379516481384739,2472047
2018-10-26,12.795412063598633,13.052028177052868,12.66267991121868,13.007783844962736,4050708
2018-10-29,12.795412063598633,12.795412063598633,12.795412063598633,12.795412063598633,0
2018-10-30,13.697992324829102,13.715690394922213,12.521097668130881,12.883900510025816,8006082
2018-10-31,13.706841468811035,14.689062425633816,13.405981025960468,13.671446172233935,8677144
2018-11-01,13.66259765625,14.414749635846109,13.56526079793711,13.830725954297364,5353989
2018-11-02,13.90151596069336,14.060795216533892,13.6006555191681,13.804179106507718,3409318
2018-11-05,14.273165702819824,14.290863772419696,13.813026863798411,13.981155149435578,2417120
2018-11-06,14.671363830566406,14.81294501181007,14.237771252035083,14.273165703455593,6596431
2018-11-07,14.379352569580078,14.85719032664246,14.290863908518803,14.671363969635701,8610591
2018-11-08,14.299713134765625,14.547481051496723,14.03424799191969,14.379352762008446,2575835
2018-11-09,14.335108757019043,14.432444762970682,14.096189883919875,14.299712618286962,2368050
2018-11-12,13.892666816711426,14.441294328884288,13.777631893271732,14.370503736596849,2211682
2018-11-13,14.113887786865234,14.202375606271683,13.857271675972791,13.857271675972791,2493005
2018-11-14,14.140434265136719,14.361655082880839,13.89266718555263,14.05194644437334,3785522
2018-11-15,14.1050386428833,14.228922601764616,14.007701789120402,14.1050386428833,1897046
2018-11-16,14.0696439743042,14.282015761383475,13.990005187067322,14.175830711734305,1393699
2018-11-19,13.64490032196045,14.122737262096049,13.627202251193353,14.069643893685221,2139711
2018-11-20,13.397132873535156,13.866120765512633,13.290946983496319,13.680295246972056,2584948
2018-11-21,13.653748512268066,13.733388138009914,13.317492783519377,13.423678669878372,1668920
2018-11-22,13.423678398132324,13.69799172136732,13.405980328818897,13.627201131894394,1497376
2018-11-23,13.405980110168457,13.644898978660633,13.273247968044167,13.405980110168457,1820082
2018-11-26,13.928062438964844,13.954609544612023,13.485620804863874,13.697992586698632,3177411
2018-11-27,13.715690612792969,14.087341651747627,13.653749054264008,13.93691142912834,2835803
2018-11-28,13.582958221435547,13.910364922581422,13.574109186404202,13.892666852518735,1740531
2018-11-29,13.928062438964844,13.998853032909764,13.521016101836333,13.680295360157626,3413637
2018-11-30,13.90151596069336,14.290864221326355,13.866120664272177,14.246620733717704,2416166
2018-12-03,13.689144134521484,14.078492393799362,13.671446064427274,13.928062173560301,1610836
2018-12-04,13.795330047607422,14.025399895893022,13.71569041982468,13.71569041982468,1835664
2018-12-05,13.848422050476074,13.901515414968804,13.671445575317641,13.804178564604266,1275255
2018-12-06,13.768784523010254,13.901516680489717,13.591807187850335,13.77763271465587,1066478
2018-12-07,13.689144134521484,13.857271580964325,13.591806436784191,13.768783762164567,959211
2018-12-10,13.441375732421875,13.751085196792173,13.379434177103974,13.706840867040645,855634
2018-12-11,13.689144134521484,13.804179058462555,13.467923321686445,13.467923321686445,2220077
2018-12-12,13.459074020385742,13.804178785381936,13.352888133592394,13.67144579397244,2098277
2018-12-13,13.786480903625488,13.83072523469862,13.476771430003987,13.565260092150252,1495002
2018-12-14,13.795330047607422,13.848422570202295,13.618353565807125,13.848422570202295,1213798
2018-12-17,13.529864311218262,13.848421964526326,13.529864311218262,13.759934149441506,1053157
2018-12-18,13.529864311218262,13.68029452514189,13.42367842678224,13.53871334589386,1611642
2018-12-19,13.759934425354004,13.813026946691423,13.476771217289599,13.521015547664387,1734966
2018-12-20,13.928062438964844,13.990004841584483,13.591806695781253,13.715690657130086,1228450
2018-12-21,13.715690612792969,14.087341651747627,13.600655687031724,13.954609499502581,1539070
2018-12-24,13.671445846557617,13.963457247335107,13.644899585729776,13.768783542743725,1243626
2018-12-25,13.600655555725098,13.680295183859426,13.565260259208777,13.62720181713973,189333
2018-12-26,13.671445846557617,13.715690177197628,13.582958029168012,13.636050550823692,758395
2018-12-27,13.751086235046387,14.087341985099908,13.64490034195956,13.64490034195956,1854040
2018-12-28,13.733388900756836,13.98115598268871,13.69799275944754,13.866121055104868,1106918
2018-12-31,14.025400161743164,14.069643650114045,13.733388750265018,13.804179344326966,710055
2019-01-01,14.025400161743164,14.025400161743164,14.025400161743164,14.025400161743164,0
2019-01-02,13.503318786621094,14.105038831201508,13.370585790928173,13.981155714556643,1533542
2019-01-03,12.892748832702637,13.441376352829296,12.875051606319422,13.352888533132349,2130381
2019-01-04,12.88390064239502,13.060877125692251,12.848505345735573,12.875051607257548,1233197
2019-01-07,13.025481224060059,13.087422779364585,12.848504748982558,12.875051009271584,1406151
2019-01-08,13.423678398132324,13.450224658212074,13.043178346797546,13.335189739345969,1731478
2019-01-09,13.724538803100586,13.804178427101194,13.317492492345567,13.397132116346173,1919094
2019-01-10,13.963458061218262,14.03424865681226,13.68029567884227,13.759935309858134,1522782
2019-01-11,14.282015800476074,14.282015800476074,13.830725962669964,13.963458118985209,1638866
2019-01-14,14.246620178222656,14.255469212955523,13.945759748428353,14.122736223633709,1421755
2019-01-15,15.13150405883789,15.23768910470714,14.29086428809878,14.352805846152654,2591807
2019-01-16,15.573945045471191,15.830560302216956,14.998771288700945,15.113805364942673,5300820
2019-01-17,15.582794189453125,15.644735745385221,15.069561984583284,15.573945154636995,1771949
2019-01-18,15.901350975036621,15.963294218636978,15.326177215279788,15.61818861255823,2665252
2019-01-21,15.936747550964355,16.078328736083414,15.750921190632553,15.97214200335369,2449966
2019-01-22,15.945596694946289,16.069479810826614,15.680130705198762,15.945596694946289,1427176
2019-01-23,16.379188537597656,16.414582988606565,15.786316715116525,15.857107304915132,2979265
2019-01-24,16.149118423461914,16.61810712774435,16.016386280825227,16.41458270873528,2738282
2019-01-25,15.88365364074707,16.078327331332066,15.786315951564216,15.954444227121678,2204245
2019-01-28,16.388038635253906,16.449980194372735,15.874806403979605,15.883655439250994,2716838
2019-01-29,16.36149024963379,16.44997890764515,16.104874997959694,16.352641215054575,3182421
2019-01-30,16.18451499938965,16.565013368497922,16.060630200168042,16.449979291843015,3533267
2019-01-31,16.379188537597656,16.59156030699348,15.989839449814921,16.237607358000442,5893182
2019-02-01,16.202213287353516,16.485375682692407,16.104877268818903,16.38803966415779,1889529
2019-02-04,16.724292755126953,16.724292755126953,16.184515131043486,16.19336247812053,2490333
2019-02-05,17.21097755432129,17.21097755432129,16.750837921634982,16.777383335356472,3378600
2019-02-06,17.4764461517334,17.52068964409372,17.01630640494942,17.281772422454505,2247466
2019-02-07,17.50299072265625,17.697664423716038,17.299466299070104,17.299466299070104,2373433
2019-02-08,17.485292434692383,17.78615286115887,17.423350880028245,17.5649320586265,1525661
2019-02-11,17.733060836791992,17.87464201934763,17.556083514707034,17.653421210631844,2497032
2019-02-12,17.299467086791992,17.768455822976705,17.26407263397891,17.67111812412419,2456540
2019-02-13,17.432199478149414,17.59147703424845,17.290618303096444,17.343710821796122,5027648
2019-02-14,17.78615379333496,17.998525572362794,17.317165059785452,17.317165059785452,2340630
2019-02-15,17.945432662963867,18.06931577611615,17.59147801776163,17.715362818694746,1640671
2019-02-18,17.538387298583984,18.03392148990198,17.49414380727704,17.786155238133485,1721110
2019-02-19,17.4764461517334,17.60032928056714,17.317166878786555,17.52068964409372,1403523
2019-02-20,17.75075912475586,17.96313092139264,17.449898657575165,17.46759672924015,1140012
2019-02-21,17.36141014099121,17.9454329520912,17.29946689563624,17.786153696740136,1933961
2019-02-22,17.963130950927734,18.246295034690032,17.26407399682156,17.343713631663924,3521344
2019-02-25,18.582548141479492,18.582548141479492,18.122408449099265,18.22859518110272,1711276
2019-02-26,18.68873405456543,18.79491909413514,18.29938497132136,18.3170830405099,1213814
2019-02-27,18.405569076538086,18.72412755463724,18.281685974068722,18.72412755463724,1502602
2019-02-28,18.529457092285156,18.529457092285156,18.263991085064898,18.423270351840856,1257486
2019-03-01,18.45866584777832,18.759526299417,18.26399044508216,18.44096777702759,1143609
2019-03-04,18.31708526611328,18.440968389923857,18.06931733071115,18.405572247245992,1205552
2019-03-05,18.263988494873047,18.52945446444502,18.033918663022963,18.19319790721,1350652
2019-03-06,18.263988494873047,18.370175220257984,18.10470925068601,18.28168656373399,1061748
2019-03-07,17.803852081298828,18.175503121088575,17.564933194052372,18.122408909846545,1865412
2019-03-08,18.175504684448242,18.440969012368644,17.662270724981674,17.750759396882152,2739739
2019-03-11,17.803852081298828,18.370176832300004,17.750757870056802,18.193199503721694,1121317
2019-03-12,17.662269592285156,17.892339449359408,17.449897806012213,17.839246924736404,1405716
2019-03-13,17.281768798828125,17.556082107062657,16.945512251383875,17.538384038717027,2547451
2019-03-14,17.44989776611328,17.476444872254547,16.8481785502729,16.91896914553535,2162220
2019-03-15,17.17558479309082,17.653422587315386,16.91896951261467,17.60917740945332,3572818
2019-03-18,16.910120010375977,17.34371261477268,16.86587483373494,17.34371261477268,2779053
2019-03-19,16.910120010375977,17.060550235393684,16.485374753526568,16.989759640548932,4012230
2019-03-20,16.529619216918945,17.025153359450023,16.50307211207982,16.865874105976967,1829905
2019-03-21,16.13142204284668,16.72429391727522,16.078329517790955,16.582712725272668,2709516
2019-03-22,16.449979782104492,16.485374234522098,15.848258900977479,16.414583641906027,4289520
2019-03-25,16.706594467163086,16.883571786446876,16.441130176018206,16.441130176018206,2305316
2019-03-26,16.12257194519043,17.042851320358334,16.12257194519043,16.9012701376834,1869700
2019-03-27,14.804095268249512,16.361489875148873,14.751002749770196,16.19336159755352,3170583
2019-03-28,14.892584800720215,15.069562123108026,14.556329913520374,14.733305548127353,4370694
2019-03-29,14.830643653869629,15.18459662064128,14.768702095657199,14.857190759295332,1924730
2019-04-01,15.529701232910156,16.45882971016127,14.680214075426687,14.972225496784247,3831882
2019-04-02,16.007537841796875,16.149119024247263,15.25538675516618,15.388118902740814,2543320
2019-04-03,15.786316871643066,16.131420789360494,15.759769767287567,16.104875372785806,926071
2019-04-04,16.07832908630371,16.184515821346405,15.804015745133013,15.95444596857131,1502719
2019-04-05,16.237607955932617,16.71544403272381,16.184515433573786,16.467677803195357,1462989
2019-04-08,16.113723754882812,16.299550121746556,15.75092174428984,16.193363385284286,788456
2019-04-09,16.31724739074707,16.556164582431983,16.03408502446804,16.03408502446804,976344
2019-04-10,16.140270233154297,16.618107996977237,16.007538083574875,16.60040992695842,858102
2019-04-11,16.202213287353516,16.42343411968465,16.06948112551104,16.405737735811726,772900
2019-04-12,15.857107162475586,16.051780860727863,15.742073088003963,16.016386410036894,513923
2019-04-15,15.919050216674805,16.237608741807232,15.768619989560152,15.786318060463273,1539615
2019-04-16,15.936747550964355,16.16681739872804,15.804015400887845,16.016387178566433,1273894
2019-04-17,16.405736923217773,16.547318113874546,16.042933223406248,16.042933223406248,1151347
2019-04-18,16.255306243896484,16.54731765245602,16.113723369406795,16.42343284825015,1065324
2019-04-19,16.653501510620117,16.653501510620117,16.19336184275009,16.28185050007598,744333
2019-04-22,16.63580322265625,17.122489987653026,16.565012635283356,17.122489987653026,731882
2019-04-23,16.63580322265625,16.63580322265625,16.63580322265625,16.63580322265625,0
2019-04-24,15.892501831054688,16.591560385428878,15.883654484096231,16.556164246471845,2466809
2019-04-25,15.219991683959961,15.989839121227007,15.016467265663158,15.892501429336395,3073174
2019-04-26,15.228838920593262,15.450059718541082,14.927980188142511,15.450059718541082,2802933
2019-04-29,15.450060844421387,15.512004090096545,15.149202090046389,15.494306019903643,1132693
2019-04-30,16.113723754882812,16.326097227807352,15.706678255302764,15.706678255302764,3307608
2019-05-01,16.113723754882812,16.113723754882812,16.113723754882812,16.113723754882812,0
2019-05-02,15.954444885253906,16.34379228248476,15.91904874671613,16.193362069260772,1202946
2019-05-03,15.786316871643066,16.2818510051467,14.989922306567022,16.2818510051467,2441131
2019-05-06,15.54739761352539,15.697827825612999,15.255386223917771,15.697827825612999,704177
2019-05-07,14.866036415100098,15.28193258054163,14.68906079574217,15.131502375808015,2706671
2019-05-08,14.812945365905762,14.972224620557574,14.520933961637722,14.857190540965071,1401812
2019-05-09,14.397050857543945,15.025317153817147,14.290864125104932,14.954526561451422,1668485
2019-05-10,14.786398887634277,14.81294599379514,14.450143981834648,14.52978361253631,2793764
2019-05-13,14.290863990783691,14.848341377232238,14.140433772447828,14.80409620255649,1311395
2019-05-14,14.485539436340332,14.582875445418377,14.211224415698162,14.282015007655305,1196855
2019-05-15,14.246620178222656,14.512084469085488,14.158131518674779,14.512084469085488,1011200
2019-05-16,14.1050386428833,14.370503786834444,13.919213126506545,14.290864159260058,1545079
2019-05-17,13.830724716186523,14.149282368967626,13.821875681525562,14.06964274479975,921960
2019-05-20,13.954608917236328,14.025399507998623,13.804178700893852,13.874969291656146,676334
2019-05-21,13.64490032196045,14.23777219041079,13.574109726672988,13.936911738493846,2155694
2019-05-22,13.397132873535156,13.697992473366643,13.388283838392644,13.62720188000742,932447
2019-05-23,13.874969482421875,14.105038483617326,13.290946678658068,13.34403920051455,1723801
2019-05-24,14.317410469055176,14.529782234862797,13.945759456946645,13.945759456946645,2374145
2019-05-27,14.335108757019043,14.680212670752871,14.290863583603942,14.290863583603942,1588475
2019-05-28,14.52978229522705,14.759852131086328,14.317410528537126,14.317410528537126,751164
2019-05-29,14.866036415100098,14.945676034534404,14.476689039844247,14.476689039844247,2150496
2019-05-30,15.20229434967041,15.352724568144179,15.007618956480336,15.113805688018635,1722552
2019-05-31,15.3881196975708,15.432364874234922,15.007619617163916,15.202295018924227,1316091
2019-06-03,15.140353202819824,15.54739869454682,15.025317433223316,15.26423631981832,646316
2019-06-04,15.140353202819824,15.140353202819822,15.140353202819822,15.140353202819822,0
2019-06-05,15.140353202819824,15.140353202819822,15.140353202819822,15.140353202819822,0
2019-06-06,15.140353202819824,15.140353202819822,15.140353202819822,15.140353202819822,0
2019-06-07,15.77746868133545,15.830561205107376,15.131504297470837,15.211143927019176,1811173
2019-06-10,15.494306564331055,15.78631798165095,15.370423444189562,15.618189684472547,1538734
2019-06-11,15.37926959991455,15.706677133489718,15.255386489374064,15.512003432957412,1719564
2019-06-12,15.919050216674805,16.087178514692578,15.308480272764632,15.308480272764632,2306789
2019-06-13,15.503153800964355,16.184514258248665,15.34387455767392,15.927897324551692,1454533
2019-06-14,15.653584480285645,15.66243351493223,15.211142874641013,15.494305232208651,1243808
2019-06-17,15.688979148864746,15.733224322711832,15.273084641386982,15.458909308202323,1676991
2019-06-18,16.193363189697266,16.36149148382312,15.600491330414311,15.680130959853878,2051571
2019-06-19,16.511920928955078,16.662351145495045,15.989839688479947,16.20221146104564,2011306
2019-06-20,17.05170249938965,17.122493099628578,16.62695889795608,16.62695889795608,2030951
2019-06-21,17.104793548583984,17.166735107464373,16.750840577995408,17.166735107464373,1538983
2019-06-24,17.202131271362305,17.65342194238262,17.184433200864042,17.343712459786612,1313888
2019-06-25,17.290618896484375,17.538385117439667,17.157885063508846,17.317164312854846,1150756
2019-06-26,16.92781639099121,17.387956101311097,16.69774822361218,17.308316471148775,1296208
2019-06-27,17.06939697265625,17.30831414322861,16.954361216657812,16.954361216657812,1296336
2019-06-28,17.21097755432129,17.25522103571086,17.007453151699625,17.131337937595557,1041079
2019-07-01,16.6977481842041,17.786154210145906,16.680050113591818,17.768456139533622,1830102
2019-07-02,17.202131271362305,17.21982765407967,16.64465386513331,16.6977480766281,1962904
2019-07-03,17.387956619262695,17.502992394159804,17.166735792840065,17.210980970793166,973260
2019-07-04,17.299467086791992,17.46759537905155,17.113642412016333,17.405653820792995,995755
2019-07-05,17.255224227905273,17.556084682798918,17.034003404470592,17.299467717479835,1203385
2019-07-08,17.0428524017334,17.264073224672128,16.910120245526347,16.989759876806765,717546
2019-07-09,16.6977481842041,17.06055019285137,16.600410483617452,17.034003086932945,889757
2019-07-10,17.423349380493164,17.458743828206128,16.547315280394265,16.76853606388734,2123936
2019-07-11,17.679967880249023,17.786154618580245,17.44989802034883,17.502992233404914,1385990
2019-07-12,17.4587459564209,17.98082720412852,17.334862842653273,17.82154795055252,1819633
2019-07-15,17.4587459564209,17.4587459564209,17.4587459564209,17.4587459564209,0
2019-07-16,17.78615379333496,17.927734979353517,17.326014094884222,17.49414238619908,1448255
2019-07-17,17.856943130493164,18.193198001693734,17.80385061141534,17.856943130493164,1257870
2019-07-18,17.8923397064209,17.963130302862268,17.47644516330046,17.83924718103511,1655164
2019-07-19,17.803852081298828,18.175503121088575,17.786154010884818,17.945433269049122,835665
2019-07-22,17.856943130493164,18.157803551568765,17.733060023384652,17.76845447350962,708658
2019-07-23,18.033920288085938,18.122408952583772,17.80385212328482,18.10471088212803,943658
2019-07-24,18.405569076538086,18.494057730207928,17.927733047170044,18.016221700839886,902171
2019-07-25,18.423269271850586,18.653339122842162,18.01622378086764,18.51175793573671,1033989
2019-07-26,18.564849853515625,18.67103658427217,18.193198827538954,18.635640444759712,1664738
2019-07-29,18.405569076538086,18.67103503754761,18.14010480330925,18.67103503754761,833939
2019-07-30,16.228759765625,17.64457337520758,16.14912013405104,17.246375217337782,13643491
2019-07-31,15.405817031860352,16.2553058176171,15.21114332718608,16.219909677977686,11898918
2019-08-01,15.70667839050293,15.795167057019697,15.29078385198934,15.308480235067947,6249321
2019-08-02,15.255387306213379,15.733225080079263,15.219992853212696,15.662434486297007,3819131
2019-08-05,14.839492797851562,15.237689255472407,14.751004133564413,15.211143837632886,3257471
2019-08-06,14.919132232666016,15.158049429015163,14.804096464256363,14.821794534439519,3693096
2019-08-07,14.68021297454834,15.166898077720472,14.591724313667727,14.981073408873929,4257984
2019-08-08,15.184596061706543,15.202294131338892,14.458992084588433,14.76870155203126,4117192
2019-08-09,14.883735656738281,15.281933785302002,14.857190240021245,15.237688611138912,2071645
2019-08-12,14.883735656738281,14.883735656738281,14.883735656738281,14.883735656738281,0
2019-08-13,14.883735656738281,14.883735656738281,14.883735656738281,14.883735656738281,0
2019-08-14,14.883735656738281,14.883735656738281,14.883735656738281,14.883735656738281,0
2019-08-15,14.733304977416992,14.839491704292588,14.30856144547614,14.839491704292588,3443098
2019-08-16,14.777551651000977,15.149202701139352,14.671364913341039,14.812946105033664,2775843
2019-08-19,15.158048629760742,15.343874981323893,14.848340856790124,14.901433376759261,2887332
2019-08-20,15.529701232910156,15.538550268439895,15.122655725227897,15.21999342827407,2354661
2019-08-21,15.361573219299316,15.671280995671642,15.219992039306025,15.573944989289252,2832025
2019-08-22,15.193446159362793,15.503155648470992,14.954527265955246,15.503155648470992,2784994
2019-08-23,15.149201393127441,15.246537399148853,15.007618525878422,15.211142948172192,1565690
2019-08-26,14.972224235534668,15.051863860812578,14.89258461025676,14.981073270318971,1510013
2019-08-27,14.759852409362793,15.007618631281941,14.742154339859768,14.981073214808205,1838380
2019-08-28,14.795246124267578,14.963374400617415,14.520932811745745,14.644815916539983,2460814
2019-08-29,15.166898727416992,15.458910139385177,14.759853232822934,14.84834189749409,2996051
2019-08-30,15.166898727416992,15.166898727416992,15.166898727416992,15.166898727416992,0
2019-09-02,15.246537208557129,15.379269351676754,15.149201203752481,15.175746619707944,1919796
2019-09-03,15.55624771118164,15.635887339951687,15.184596672848391,15.237689196101462,2971634
2019-09-04,15.37926959991455,15.635886543497898,15.343875148809039,15.618188474054744,1870414
2019-09-05,15.326177597045898,15.512003956914176,15.264236039683425,15.458909746791322,2146627
2019-09-06,15.839409828186035,16.016387153194938,15.290783158663976,15.335026646025774,5387827
2019-09-09,15.945596694946289,16.104875951238633,15.857108031697114,15.980991147577438,2711829
2019-09-10,16.104875564575195,16.175666155918744,15.910200172544814,16.034084973231646,2485591
2019-09-11,16.157968521118164,16.361491265737197,16.096026962997666,16.157968521118164,2490493
2019-09-12,15.945596694946289,16.29954966016212,15.901351519431266,16.113723298560767,2299887
2019-09-13,16.051782608032227,16.211061872931754,15.99869008232604,16.0783297147758,1266504
2019-09-16,15.919050216674805,16.09602755014414,15.812865166817954,15.927899252126366,1956217
2019-09-17,16.45882797241211,16.49422242301311,15.91904867655548,15.936746745746367,4741770
2019-09-18,16.36149024963379,16.591560085351016,16.14911848307499,16.556163947034165,2116297
2019-09-19,16.060630798339844,16.609259161032604,16.007538275427923,16.414583764054104,3630112
2019-09-20,16.352642059326172,16.47652686205044,16.06947968929503,16.149119316838895,4200891
2019-09-23,16.299549102783203,16.759688785719295,16.237607546961193,16.44113028402803,2812896
2019-09-24,16.343793869018555,16.529620238818957,16.317248450319173,16.432282536172035,1993562
2019-09-25,16.32609748840332,16.352642907106915,16.016387997207467,16.343793871612068,2217739
2019-09-26,16.30839729309082,16.529618088303057,16.22875767179196,16.388036914389684,2593930
2019-09-27,16.680049896240234,16.750840489986015,16.29954982193884,16.29954982193884,3002360
2019-09-30,16.768539428710938,16.963213149647608,16.750841357412792,16.803933883526252,2244138
2019-10-01,16.662351608276367,16.945513979561863,16.52077042263362,16.945513979561863,1606856
2019-10-02,16.61810874938965,16.857025954337637,16.503072976839753,16.750840904978737,1838120
2019-10-03,16.58271026611328,16.910117778928853,16.458827163427724,16.591559300273776,1769113
2019-10-04,16.706594467163086,16.741990606132166,16.51192076617556,16.63580387700573,1375798
2019-10-07,16.50307273864746,16.812782222405854,16.449980214734307,16.626957544819362,1701867
2019-10-08,16.290700912475586,16.39688764780422,15.812864822948978,16.370340542026838,2728817
2019-10-09,16.051782608032227,16.343794031087707,15.90135237871389,16.140271276063185,1594970
2019-10-10,15.839409828186035,16.21990989550858,15.485456865949084,15.972141978052285,2641462
2019-10-11,15.88365364074707,16.060629262793235,15.795164985833631,15.919048090044019,1167069
2019-10-14,15.45890998840332,15.821711991008888,15.122655091274092,15.821711991008888,4092990
2019-10-15,15.839409828186035,16.00753811816641,15.547398423367945,15.644736120900927,1469120
2019-10-16,15.317328453063965,15.883654875879795,15.113805712383373,15.883654875879795,2613578
2019-10-17,15.20229434967041,15.547398273553414,15.043015096253383,15.219992419556934,2478775
2019-10-18,15.936747550964355,16.078328736083414,15.512003995607179,15.512003995607179,2215162
2019-10-21,15.936747550964355,16.113723188472747,15.742073843370864,15.927898515921806,1285069
2019-10-22,16.007537841796875,16.149119024247263,15.883654729097994,15.980990737169618,1376057
2019-10-23,16.529619216918945,16.60925884365547,16.069479526392524,16.149119153129053,2143623
2019-10-24,16.449979782104492,16.715444082469535,16.246457039305902,16.63580445480385,1758566
2019-10-25,16.299549102783203,16.423432214427223,16.219909477360385,16.405735832607228,921337
2019-10-28,16.016387939453125,16.36149188360299,16.016387939453125,16.29070128768043,668245
2019-10-30,16.255306243896484,16.334944184611924,15.821711960847258,15.927898694769308,2044957
2019-10-31,15.71552562713623,16.22875780885189,15.662433108415506,16.22875780885189,3184807
2019-11-01,15.63588809967041,15.777469293745018,15.529701360223973,15.69782966110543,1415488
2019-11-04,15.87480640411377,15.945596998504586,15.662434620941323,15.662434620941323,1745320
2019-11-05,16.016387939453125,16.149120095835308,15.830561570293314,15.892503130752939,2093575
2019-11-06,16.237607955932617,16.31724758336129,15.998689073646593,16.10487580614511,2429215
2019-11-07,16.352642059326172,16.47652686205044,16.219909909346683,16.29954953689055,1516015
2019-11-08,16.41458511352539,16.529620891702862,16.308400058971895,16.42343414936835,1093457
2019-11-11,16.334943771362305,16.47652664227016,16.193362588235285,16.334943771362305,1182489
2019-11-12,16.529619216918945,16.68004943544563,16.343792858606765,16.343792858606765,1627053
2019-11-13,16.55616569519043,16.626957979299053,16.326097522961206,16.503073169889912,1666281
2019-11-14,16.50307273864746,16.697748139297204,16.370340584974123,16.52961984449449,1720017
2019-11-15,17.46759605407715,17.46759605407715,16.70659587970734,16.70659587970734,3812186
2019-11-18,17.8923397064209,18.31708497285008,17.538386724214043,17.538386724214043,4276060
2019-11-19,17.78615379333496,18.087014235569608,17.591478396723794,17.998525572362794,2130756
2019-11-20,18.157804489135742,18.352478194326796,17.679966729420194,17.786153460839486,3351068
2019-11-21,18.281686782836914,18.352477371348375,18.03391887915643,18.17550174396011,2052715
2019-11-22,18.051616668701172,18.47636019319279,17.89233742507163,18.317082637343987,2421027
2019-11-25,17.75075912475586,18.299387531903303,17.733062740871887,18.28168946023832,1950603
2019-11-26,17.821548461914062,17.94543326701721,17.48529356299041,17.83924653232607,2060454
2019-11-27,17.65342140197754,18.016223397181374,17.618025262064556,17.856944143134648,1780982
2019-11-28,17.697664260864258,17.945432168117442,17.63572270599616,17.679966191536007,1895251
2019-11-29,17.715362548828125,17.927734320045804,17.688815444508112,17.839245660093237,1390196
2019-12-02,18.104711532592773,18.122409603684375,17.803852762940334,17.856945288434183,2131836
2019-12-03,18.06931495666504,18.281686721486732,17.87464126085701,18.06931495666504,3170312
2019-12-04,17.9100341796875,18.17550012885124,17.715360500525247,18.05161534412925,1695314
2019-12-05,18.051616668701172,18.175501462513445,17.856942975254363,17.998524150084904,1812494
2019-12-06,17.821548461914062,18.17550311903061,17.733061485415814,18.157805048618606,1566445
2019-12-09,17.65342140197754,17.821548003221665,17.494142147930813,17.80385162104602,1971898
2019-12-10,17.00745391845703,17.671116295904667,16.874721780523647,17.582629329136214,5015896
2019-12-11,17.087095260620117,17.202131029460258,16.88357251609479,17.025153702528137,2162484
2019-12-12,17.44104766845703,17.47644380782286,17.149036269812235,17.149036269812235,2955593
2019-12-13,17.76845359802246,17.99852341973138,17.600325326815817,17.69766301347977,3870480
2019-12-16,17.697664260864258,17.874641578585216,17.40565286807123,17.85694350925696,3147781
2019-12-17,17.626874923706055,17.839246707391563,17.600327817827527,17.73306165943926,1981171
2019-12-18,17.272920608520508,17.600326450006595,17.228675435494836,17.5560829647617,1758843
2019-12-19,17.12249183654785,17.405654216615428,17.1047937658484,17.34371265694826,1760429
2019-12-20,17.41450309753418,17.458746586109545,17.113642649435167,17.113642649435167,2316592
2019-12-23,17.697664260864258,17.78615291972474,17.370256729414724,17.485292492267583,2249635
2019-12-24,17.821548461914062,17.927735196605205,17.671118238973797,17.9100371261932,1468440
2019-12-25,17.75075912475586,17.9100383941787,17.733062740871887,17.892340322513714,778930
2019-12-26,17.76845359802246,17.980825351650537,17.66226687731809,17.7861516661033,1881627
2019-12-27,17.839244842529297,17.892337360955313,17.715361736941688,17.803850392838864,1713515
2019-12-30,18.35247802734375,18.440966688091223,17.945432550798525,17.96312893272336,3973766
2019-12-31,18.423269271850586,18.529456006070113,18.19319942085901,18.44096734218399,2130471
2020-01-02,18.671037673950195,18.830316935490448,18.4586658878235,18.58254900778551,2959003
2020-01-03,18.7772216796875,18.883408410740596,18.051617695463975,18.494059313920353,4438675
2020-01-06,18.93650245666504,19.07808365094515,18.600247542195017,18.72413066524487,4057939
2020-01-07,18.653339385986328,19.14887354784594,18.617944932601095,19.095781023877638,3517711
2020-01-08,18.440967559814453,18.582548748590767,17.963129781858715,18.157805182261825,2922132
2020-01-09,18.989593505859375,19.113478307056365,18.61794416561092,18.759525348881045,4760043
2020-01-10,18.97189712524414,19.343548153301995,18.883408463748303,19.11347830852515,4508556
2020-01-13,19.325849533081055,19.626709960930437,19.148872215129373,19.290453394378403,5134837
2020-01-14,19.378942489624023,19.485129220341726,19.148872646219694,19.39664055937378,3031856
2020-01-15,19.184268951416016,19.46743131873449,19.113478359586395,19.343548204977868,2324509
2020-01-16,19.290454864501953,19.644409527380162,19.113479220843768,19.184269815863225,4434193
2020-01-17,19.50282859802246,19.591315577143842,19.184270072286484,19.32585126421782,3661987
2020-01-20,19.555919647216797,19.821383940108916,19.432034847790437,19.48512905659351,3586263
2020-01-21,19.609012603759766,19.750593788150887,19.32585023497752,19.432035279380436,3357264
2020-01-22,19.573619842529297,19.75059549441681,19.449735029648945,19.626712369317453,2672184
2020-01-23,19.325849533081055,19.644408030281763,19.219662804753888,19.573617440657248,2268975
2020-01-24,19.414339065551758,19.520524110875638,19.042688031356445,19.485129658361302,2770944
2020-01-27,19.184268951416016,19.36124458709964,19.113478359586395,19.1665708815134,2047215
2020-01-28,18.883407592773438,19.237360534650293,18.794918935359032,19.14887187723589,3316414
2020-01-29,18.83031463623047,19.042686396425683,18.68873346276699,18.98959219054134,1943023
2020-01-30,18.848012924194336,18.90110713545096,18.511758025140153,18.777222330299725,1993238
2020-01-31,18.529457092285156,18.90110815216873,18.511759020914276,18.88341008079785,2716398
2020-02-03,18.724130630493164,19.02499108972525,18.440968242458485,18.494060768269748,3377230
2020-02-04,19.201967239379883,19.201967239379883,18.848012588431367,18.936501251168497,4107479
2020-02-05,18.97189712524414,19.53822185836817,18.883408463748303,19.219663352095484,5119665
2020-02-06,19.184268951416016,19.290453995270024,18.98959355804893,19.20196702131863,2968112
2020-02-07,19.095779418945312,19.361243704256406,19.007290761248026,19.30815118475034,1648211
2020-02-10,18.423269271850586,18.936501497053058,17.839246453095388,18.848012833166933,5230474
2020-02-11,18.35247802734375,18.58254787017485,17.99852507213468,18.564849800469194,4696148
2020-02-12,17.8923397064209,18.334781356124708,17.87464332314627,18.31708497285008,4666721
2020-02-13,18.35247802734375,18.38787416675507,17.750757159597917,17.910036411387207,4344018
2020-02-14,18.157804489135742,18.476361307831937,18.157804489135742,18.45866492574609,1989298
2020-02-17,18.140106201171875,18.387874112984097,18.087013679990974,18.228594861660582,1749720
2020-02-18,17.78615379333496,18.14010675838135,17.73306127052322,18.14010675838135,2147052
2020-02-19,17.715362548828125,17.91003625049913,17.52953619414965,17.91003625049913,3087194
2020-02-20,17.423349380493164,17.910034429065675,17.352558797286605,17.63572113011284,4692227
2020-02-21,17.59147834777832,17.71536315103552,17.13134033838871,17.326014046677358,2816666
2020-02-24,17.12249183654785,17.432201322664607,16.892421980797714,17.432201322664607,2103427
2020-02-25,16.98975944519043,17.246374715634087,16.90127078070676,17.166735086376875,2466677
2020-02-26,17.16673469543457,17.255223357903066,16.81278173334145,16.936664848128828,2816621
2020-02-27,16.706594467163086,17.202130286045374,16.68004905071708,17.11364162640348,3019533
2020-02-28,15.96329402923584,16.43228105360844,15.529699768081896,15.573944941557192,2217754
2020-03-02,16.17566680908203,16.644653862752634,16.060631038640672,16.547317850587905,2195784
2020-03-03,16.547317504882812,16.626957132668885,16.27300248127263,16.281851516335625,1856518
2020-03-04,16.839330673217773,16.94551572952513,16.538470200711863,16.724294893140257,2054886
2020-03-05,16.6446533203125,17.140189151358356,16.635804285353018,17.078245906641992,2053308
2020-03-06,15.88365364074707,16.644652022328938,15.839408469399995,16.582710470223745,1981616
2020-03-09,15.043015480041504,15.450060971131332,14.255469915588037,15.450060971131332,2068973
2020-03-10,15.060712814331055,15.53854887563935,14.92798066884435,15.299631688875602,1705891
2020-03-11,15.060712814331055,15.060712814331055,15.060712814331055,15.060712814331055,0
2020-03-12,13.467923164367676,14.158131856061349,13.30864391094205,14.158131856061349,1655503
2020-03-13,13.892666816711426,14.370503736596849,13.3528883395471,13.361737374555636,2478170
2020-03-16,12.370668411254883,13.273249802920946,12.167145652677533,13.273249802920946,2842952
2020-03-17,12.450305938720703,12.998933403156398,11.36190004408788,12.388364386831459,3056030
2020-03-18,12.13174819946289,12.83080586453359,12.096352906695653,12.565340746834135,2834983
2020-03-19,11.565423965454102,12.122900521836822,11.52118047746202,12.087505225108893,2720291
2020-03-20,11.636214256286621,12.03441238898293,11.379598150710343,11.97246998840216,1927089
2020-03-23,11.087586402893066,11.485783679257212,10.866365600036275,11.485783679257212,2568977
2020-03-24,11.583121299743652,11.66276092329361,11.229167511064999,11.503481676193696,3424692
2020-03-25,11.636214256286621,11.945923727519213,11.476935847098517,11.715853882825883,4948818
2020-03-26,12.13174819946289,12.326422731627869,11.5477254468583,11.733550944858882,6729850
2020-03-27,11.857434272766113,12.565340985444022,11.822038979326736,12.229085275824756,9918631
2020-03-30,11.92822551727295,12.299876540821494,11.901679256702456,12.255633054500807,7911527
2020-03-31,11.963621139526367,12.273329749838641,11.795492860768231,12.264480715400767,6473889
2020-04-01,11.70700454711914,11.954772455295602,11.636213957323122,11.85743476140828,5992321
2020-04-02,11.733551979064941,11.85743509272427,11.591970795516895,11.786644500950247,4610483
2020-04-03,12.19369125366211,12.698075292621716,11.848587317621295,11.928226103245018,20224494
2020-04-06,12.56534194946289,12.662679646806742,12.388365468688285,12.56534194946289,8765213
2020-04-07,12.963540077209473,13.5033194332043,12.706923952584066,12.760017322181607,18593017
2020-04-08,13.060876846313477,13.140516473066308,12.857353261957304,12.936992888710137,7405070
2020-04-09,13.441375732421875,13.45022476715026,13.220154927554633,13.220154927554633,8618969
2020-04-10,13.476771354675293,13.556410981383697,13.299794875262402,13.450225093735964,4484200
2020-04-13,13.344038963317871,13.521015439510998,13.096271896647492,13.27324837284062,5713280
2020-04-14,14.149282455444336,14.193527629019561,13.47677100712807,13.47677100712807,10891267
2020-04-15,13.538714408874512,14.2643192753265,13.326342623328278,14.193528680144421,8785214
2020-04-16,13.370585441589355,13.715690208705727,13.282097623996473,13.627201547222427,4951007
2020-04-17,13.64490032196045,13.830725845562654,13.574109726672988,13.751086214891643,4901124
2020-04-20,13.733388900756836,14.016551280107548,13.582958675754156,13.742237092193704,8351268
2020-04-21,13.556411743164062,13.71569100553131,13.43252862255884,13.697992934650298,4217937
2020-04-22,13.503318786621094,13.6714462351636,13.485620716305862,13.618353711998784,3720732
2020-04-24,13.512166976928711,13.618352860509498,13.485619873115724,13.57410853137824,3145040
2020-04-27,13.936910629272461,14.078491808579114,13.627201166621358,13.662596461448022,8399371
2020-04-28,14.211224555969238,14.520934031756529,13.848422557635255,14.069643370657483,12001015
2020-04-29,14.458992004394531,14.520933559983387,14.299712754148441,14.33510889321682,6415568
2020-04-30,14.627120971679688,14.82179468229377,14.246620897850487,14.556330378021759,8077356
2020-05-04,14.335108757019043,14.74215422575322,14.255469132652653,14.423595728287662,7263492
2020-05-05,14.1050386428833,14.55633014710163,13.99885275408093,14.512084971904272,5543236
2020-05-06,14.016550064086914,14.264317968413875,13.910364181042665,14.175829310598477,5556110
2020-05-07,14.060794830322266,14.246620342401958,13.874969318242574,13.99885243036876,4400960
2020-05-08,13.618352890014648,14.193527482186385,13.529864231560415,14.122736049088765,7100905
2020-05-11,13.476771354675293,13.733388304687008,13.379434501970808,13.636050608092104,3849278
2020-05-12,13.529864311218262,13.600654900842276,13.379434097294633,13.450224686918647,4861992
2020-05-13,13.49446964263916,13.565260235548328,13.361737491907078,13.503318677725414,5817557
2020-05-14,13.290946960449219,13.494469705031463,13.28209792532205,13.476771634777128,5894960
2020-05-15,13.15821361541748,13.414829720050461,13.140516389524041,13.370585389481242,6692696
2020-05-18,13.441375732421875,13.476771027445018,13.175911441693504,13.264399257306161,7929991
2020-05-20,13.591806411743164,13.636050743006745,13.459074261842854,13.609504481804768,7322772
2020-05-21,13.821876525878906,13.919213381424443,13.565260412267541,13.627201970897389,8875219
2020-05-22,13.724538803100586,13.804178427101194,13.627201109815227,13.804178427101194,4999514
2020-05-27,14.520933151245117,14.547480254799147,13.883817012084839,13.892666046602848,12259937
2020-05-28,14.706761360168457,14.857191590434367,14.397051863999705,14.706761360168457,13376585
2020-05-29,14.379352569580078,14.759852630696976,14.308561978287225,14.724456491160135,12610465
2020-06-01,14.397050857543945,14.43244530983638,14.060795121861538,14.105038609172297,16390457
2020-06-02,14.49438762664795,14.58287629368687,14.299713909387076,14.503236662129934,9741957
2020-06-03,14.689062118530273,14.79524716215113,14.58287538712858,14.61827152685609,9973686
2020-06-04,14.600573539733887,14.751003758866622,14.556330052604608,14.724456653920546,11113146
2020-06-05,14.759852409362793,14.77755047886582,14.591724124645655,14.68021278437998,9123558
2020-06-08,14.9545259475708,15.193444819915365,14.812944768651233,14.830642837961376,14308639
2020-06-09,15.069562911987305,15.122655436370666,14.795247879147949,15.034166770544452,11564248
2020-06-10,15.096107482910156,15.264235769764454,15.078411100962986,15.16689807404131,14002592
2020-06-11,14.777551651000977,15.034166928026009,14.759853580094164,14.989923438539915,10534804
2020-06-12,14.981074333190918,15.007619751646349,14.485540164578689,14.618272320198635,11373561
2020-06-15,14.874886512756348,14.972224207420082,14.689061845977372,14.795246887627986,10987399
2020-06-16,15.122654914855957,15.273085135238562,15.007619146914687,15.069562392303528,16378675
2020-06-17,14.9545259475708,15.21999192388058,14.874886323455947,15.193444819915365,11816009
2020-06-18,15.034165382385254,15.113805005497339,14.963374793816818,15.034165382385254,10043924
2020-06-19,15.44121265411377,15.786316565130544,15.060712604643594,15.211142817508994,46209949
2020-06-22,15.644735336303711,15.821710964656276,15.556246678237043,15.573944747406532,16311037
2020-06-23,15.759769439697266,15.93674675616023,15.653584400044105,15.706676919870684,16629080
2020-06-24,15.919050216674805,16.04293333743478,15.64473686880018,15.768619989560152,20697751
2020-06-25,15.96329402923584,15.980990410845166,15.768618641506121,15.910199821065484,11764212
2020-06-26,16.299549102783203,16.343792589004405,16.166816956338778,16.193362372959175,13634428
2020-06-29,16.830480575561523,16.945514660601646,16.299550264172716,16.326097370465483,13985295
2020-06-30,17.60032844543457,17.679968078129104,16.9101205457899,16.9101205457899,19418492
2020-07-01,17.12249183654785,17.78615429774908,16.9986070294326,17.626875037015836,17992581
2020-07-02,17.149036407470703,17.31716469524634,17.042851364082495,17.166734477295684,8430993
2020-07-03,16.777385711669922,17.219827339354648,16.715444153838998,17.18443288678592,9318394
2020-07-06,17.21097755432129,17.31716258476851,16.910117155086443,17.007453151699625,15006315
2020-07-07,17.237525939941406,17.36141074719615,17.01630511929191,17.219827869222026,11611508
2020-07-08,17.4764461517334,17.63572542468024,17.104795077451115,17.21098182200936,18002759
2020-07-09,17.573781967163086,18.122408639568008,17.343712118554908,17.609176419682342,19806018
2020-07-10,17.396804809570312,17.6357236955655,17.034002806887646,17.467595403074714,13953673
2020-07-13,18.122406005859375,18.157802141015413,17.750755025624066,17.856941743311562,8784240
2020-07-14,18.440967559814453,18.494060083660344,17.998525922943244,18.087014587873664,11638150
2020-07-16,18.547151565551758,18.86571006629272,18.4232684542773,18.635640225511004,8020927
2020-07-17,18.794919967651367,18.936501152178316,18.547152050838783,18.65333878312442,7242889
2020-07-20,18.63564109802246,19.060386348157042,18.494059910571227,18.83031649660357,8009085
2020-07-21,18.476360321044922,18.883407467334948,18.140105450440767,18.83031494835129,9072894
2020-07-22,18.759523391723633,18.883406492215215,18.494057434952243,18.653336671458945,7458625
2020-07-23,19.148874282836914,19.308153548636344,18.883409965025177,19.00729308829986,12764667
2020-07-24,19.520523071289062,19.64440786794379,18.901105839138516,19.02498894801247,20923048
2020-07-27,19.609012603759766,19.945269182524317,19.555920081558305,19.679803195955326,10243494
2020-07-28,19.520523071289062,19.998360813141357,19.378941893210037,19.520523071289062,18704300
2020-07-29,19.626710891723633,19.945269404031922,18.989593867107057,19.55592029874189,14665969
2020-07-30,20.423105239868164,20.63547701626735,19.591314516469048,19.662105108602113,8732051
2020-08-04,20.58238410949707,21.27259363573236,19.856780131747076,20.741663360765276,26387831
2020-08-05,19.750593185424805,20.794755654280408,19.697500664843563,20.67087254366391,13031183
2020-08-06,17.980825424194336,20.08684827645237,17.856942322689985,19.785987868986936,21232354
2020-08-07,19.148874282836914,19.308153548636344,16.972062150993963,17.85694546074104,20419273
2020-08-10,19.325849533081055,19.768291140179464,18.299385139635202,19.1665702844807,11392060
2020-08-11,19.67980194091797,19.99836042937303,19.449732109009396,19.467430177874842,10256091
2020-08-12,20.352313995361328,20.352313995361328,19.48512884758289,19.6975006171747,11406538
2020-08-13,19.803686141967773,20.777058042216098,19.715199168311337,20.582384337278768,10020900
2020-08-14,19.219663619995117,19.821384501217103,18.936501249486152,19.44973346797887,6805855
2020-08-17,19.02499008178711,19.272758002081265,18.688735185755853,19.131176815564856,5901483
2020-08-18,19.467430114746094,19.60901128964906,19.13117524629673,19.201965833748215,6413827
2020-08-19,20.21073341369629,20.24612786578523,19.555920016132852,19.591314468221793,7889114
2020-08-20,20.01605987548828,20.26382610552967,19.80368641005158,20.26382610552967,5327168
2020-08-21,19.82138442993164,20.51159397140063,19.697501315224716,20.35231471661695,6461081
2020-08-24,19.892173767089844,20.122243599728556,19.76829066020006,19.998360492838767,2807219
2020-08-25,19.343547821044922,20.01605927396864,19.201966640195803,19.821383884465494,3991114
2020-08-26,19.44973373413086,19.57361853875943,19.07808269580692,19.290454476594757,4154737
2020-08-27,19.53822135925293,19.75059312874928,19.36124404078224,19.609011949085044,3496418
2020-08-28,19.184268951416016,19.67980309422335,19.078082219781166,19.555919980466726,4705616
2020-08-31,18.564849853515625,19.131176271249156,18.35247807978336,19.0957801317367,5055754
2020-09-01,18.564849853515625,18.75952524527249,18.122408236294866,18.74182717551626,4482222
2020-09-02,18.35247802734375,18.777221573594634,18.281687436301937,18.7595251916698,4100693
2020-09-03,18.706430435180664,18.901105820684837,18.140105723417477,18.405570010111276,5720883
2020-09-04,19.50282859802246,19.520524981178173,18.529456637658814,18.617945304561136,9973074
2020-09-07,19.343547821044922,19.679802703616378,19.14887243154178,19.591314043640477,3837983
2020-09-08,18.989593505859375,19.485129335085656,18.936500984078286,19.414338743450593,3822476
2020-09-09,19.432035446166992,19.48512965660501,18.865710703741698,18.865710703741698,6093421
2020-09-10,20.12224578857422,20.210734455027097,19.30815309521341,19.53822295287852,10625547
2020-09-11,20.21073341369629,20.33461652767885,19.909872975926486,20.086850299713728,7256783
2020-09-14,20.12224578857422,20.42310624184545,20.086851334661628,20.246128908939692,4372354
2020-09-15,20.193035125732422,20.44080303880318,19.927570830698688,20.228431265220028,7223108
2020-09-16,20.423105239868164,20.582384494112766,20.263825985623562,20.352314647735103,5751892
2020-09-17,20.777057647705078,20.794755717212652,20.175336786693997,20.246127376943488,6582868
2020-09-18,21.219501495361328,21.219501495361328,20.75936176634798,20.794757909094074,5971288
2020-09-21,20.387710571289062,21.449569442014013,20.246127700744903,21.30798825925069,7286574
2020-09-22,20.54698944091797,20.706268703587096,20.246128986494266,20.423106320077952,5614403
2020-09-23,20.58238410949707,21.113314384464154,20.423104858228864,20.60008217914483,4545594
2020-09-24,20.493894577026367,20.741662478210063,20.24612667584267,20.24612667584267,6440918
2020-09-25,20.600082397460938,21.007127876988317,20.52929180590049,20.546988187954973,5275695
2020-09-28,20.511594772338867,20.670874033342095,20.299222986928207,20.423106106472527,5995036
2020-09-29,20.44080352783203,20.883245155327177,20.334616794609612,20.334616794609612,8002750
2020-09-30,21.608848571777344,21.6265466414674,20.58238415868561,20.6177786102849,12436036
2020-10-01,21.272594451904297,21.67963994273511,21.13101157707088,21.67963994273511,7619452
2020-10-02,21.131010055541992,21.30798737050493,21.007126947736392,21.06021946711297,3818411
2020-10-05,20.97173500061035,21.254897388124864,20.865548261401926,21.13101257775154,5941991
2020-10-06,21.00712776184082,21.166407013923976,20.812454058061867,21.00712776184082,6877263
2020-10-07,21.520360946655273,21.53805901719695,20.86554752664136,20.90094366772471,9364851
2020-10-08,21.449569702148438,21.661941478869014,21.219499855422598,21.60884895663408,7209828
2020-10-09,22.086685180664062,22.1043832507882,21.431871776098763,21.467267916347037,7048918
2020-10-12,22.918476104736328,22.93617417501014,22.29905883518073,22.29905883518073,11800853
2020-10-13,23.732568740844727,23.767964881346273,23.00696473837179,23.148545924816222,11465054
2020-10-14,24.24580192565918,24.36968673454913,23.43170922741224,23.608686561380207,9746183
2020-10-15,24.22810173034668,24.458171569219754,23.94493937105083,24.157311140522715,7537241
2020-10-16,24.369686126708984,24.493569244728043,24.17501072664372,24.245801320909028,4691009
2020-10-19,24.157312393188477,24.42277838462954,24.12191794033153,24.351987791134768,4626995
2020-10-20,24.58205795288086,24.652848547271077,24.139616315996776,24.157312698758652,7454763
2020-10-21,24.84752082824707,24.90061334903545,24.58205653652437,24.63514905731275,5479873
2020-10-22,25.183774948120117,25.325357812238945,24.81212562606824,24.882916214237277,8074904
2020-10-23,24.971403121948242,25.396148337694346,24.263497242005993,25.254567161705893,8889181
2020-10-26,24.42277717590332,25.75010200407436,24.3696846553551,25.732403934631357,23945279
2020-10-27,23.76796531677246,24.528963785907468,23.590987986584278,24.528963785907468,9176779
2020-10-28,22.776893615722656,23.555591785435666,22.635312437189523,23.53789371617383,5023952
2020-10-30,23.52019691467285,23.52019691467285,22.122081435462835,22.334453214709573,12939524
2020-11-02,23.343219757080078,24.068825451152527,23.18394218732752,23.785661388992583,7740155
2020-11-03,23.290124893188477,23.679473962720827,23.219334306708113,23.396311616799377,7293100
2020-11-04,23.644079208374023,23.874149049835623,23.290126255271876,23.396312985092926,7953732
2020-11-05,24.741336822509766,24.7590348939811,23.62638532431168,23.62638532431168,8677879
2020-11-06,25.059892654418945,25.183775765791832,24.405079270649562,24.635149111614073,6462879
2020-11-09,25.00680160522461,25.85628874082874,24.918312939987285,25.254569530332937,8353261
2020-11-10,24.759031295776367,24.918310540308486,24.263497181061464,24.918310540308486,9738897
2020-11-11,24.617450714111328,25.024497869712473,24.35198642533986,24.865218621337277,11909342
2020-11-12,23.927242279052734,24.847519919442053,23.767963034732475,24.599752018523787,9527206
2020-11-13,24.652847290039062,24.88291713201952,23.821056582537523,23.92724331259805,9533648
2020-11-16,25.077590942382812,25.4315438978028,24.81212664776303,24.93600976021482,10864819
2020-11-17,24.882919311523438,25.183778082855486,24.70594197518132,25.006802434294336,6522526
2020-11-18,25.11298370361328,25.30765908182578,24.8829155639124,25.00679866802529,7215635
2020-11-19,25.484636306762695,25.873985399897748,24.59975307822537,24.865219059455058,8407647
2020-11-20,26.050962448120117,26.36951925936922,25.502334109544268,25.502334109544268,6727815
2020-11-23,25.679311752319336,26.634985573678954,25.343055179596405,26.21024202813708,8055427
2020-11-24,25.66161346435547,25.820892714523982,25.254567991952204,25.75010212420251,5886189
2020-11-25,25.37845230102539,26.10405630801685,25.325359777723328,25.750103339701614,4514958
2020-11-26,25.41384506225586,25.679311036656813,25.254567502952217,25.484635651206627,3055539
2020-11-27,25.32535743713379,25.83858961570278,25.307659368408476,25.484634992319425,5425979
2020-11-30,24.10422134399414,24.88291960783521,24.01573267476934,24.865221536434053,7473266
2020-12-01,24.741336822509766,24.812129108395098,23.98033831483337,24.422779974930737,6061551
2020-12-02,24.84752082824707,25.272264370115717,24.528962327955185,25.04219452965833,5828127
2020-12-03,25.32535743713379,25.46693861137484,24.79442718983948,24.812125258564794,8446098
2020-12-04,25.11298370361328,25.573123358576463,25.042193117294385,25.360751599619775,4745171
2020-12-07,24.776729583740234,25.148380595007566,24.635148406855606,25.148380595007566,5271743
2020-12-08,24.741336822509766,25.024500902708112,24.546663099668084,24.7590348939811,5597356
2020-12-09,26.475706100463867,27.024334441363848,24.882916974128506,24.90061335587562,25938881
2020-12-10,26.581893920898438,26.811962083081312,25.96247496424366,26.51110163988109,10399408
2020-12-11,27.41368293762207,27.626054717084667,26.33412597007531,26.511101609070373,16768306
2020-12-14,27.926916122436523,28.652521837001164,27.661451810904264,27.962312264123987,17480866
2020-12-15,27.89151954650879,28.01540265742787,27.502170456473493,27.98000820621419,9209910
2020-12-16,26.93584632873535,28.227775050466146,26.900450188960395,28.050799414933884,19927421
2020-12-17,26.36952018737793,27.024335277935243,25.89168410979764,26.95354299763209,14752979
2020-12-18,26.17484474182129,26.45800709310789,25.962472978356338,26.281031467444137,9264612
2020-12-21,26.36952018737793,26.670380627542905,25.325359369619267,25.661614262154963,16624656
2020-12-22,26.528799057006836,26.811961422981373,26.387217874019566,26.493404605150435,9125935
2020-12-23,27.165916442871094,27.165916442871094,26.511101352798484,26.511101352798484,8198888
2020-12-24,26.84735679626465,27.46677571998835,26.811960657637794,27.254402263788787,6709192
2020-12-25,26.59958839416504,26.829658227615344,26.458007217854203,26.776565708443968,4027817
2020-12-28,27.148218154907227,27.32519379077107,26.688078463655717,26.811961577538494,8594595
2020-12-29,27.059728622436523,27.378287119634983,26.84735685356448,27.34289098093258,5268188
2020-12-30,27.095125198364258,27.289798901026487,27.04203098945389,27.130519649857018,5351673
2020-12-31,27.024333953857422,27.14821706275648,26.61728680096216,26.971239746231447,4611537
2021-01-04,26.90045166015625,27.1836140427188,26.847359135371004,26.918149731011642,4199264
2021-01-05,26.90045166015625,27.25440463835944,26.58189482366385,26.865057206226396,7114070
2021-01-06,27.41368293762207,27.519869671243804,26.900450715308907,26.918148785542673,10158000
2021-01-07,28.192380905151367,28.333962090229644,27.48447329197911,27.661450617217387,13369095
2021-01-08,28.333961486816406,28.4932407385826,27.873821801220917,28.22777475637867,8735613
2021-01-11,28.953380584716797,29.30733185405629,28.156984321470024,28.404750547563836,11861588
2021-01-12,29.395822525024414,29.67898489382205,28.971078971827957,28.971078971827957,9334022
2021-01-13,29.8559627532959,30.01523863498266,29.519706168486604,29.59049507417386,7924322
2021-01-14,29.661287307739258,30.10372893814904,29.307332653186727,29.749774283596512,8935565
2021-01-15,29.201147079467773,29.6258906319199,28.917984711166355,29.413520543474686,6025147
2021-01-18,29.9090518951416,29.926749964451744,28.723308255854636,29.148051792613337,5607306
2021-01-19,30.98861312866211,31.324869723018914,29.732077105308708,30.17451874899224,13778550
2021-01-20,30.7762393951416,31.572635697286668,30.72314855870648,31.07709984533398,10278061
2021-01-21,30.864727020263672,31.3956555910558,30.67005163571118,30.882425089364947,10385627
2021-01-22,31.30716896057129,31.36025979288924,29.820564895560402,30.811633147047136,12227967
2021-01-25,31.74961280822754,32.121262162943644,31.183288053101016,31.855797855923313,13133978
2021-01-26,30.510774612426758,31.466450160158526,30.245310307688527,31.466450160158526,16007173
2021-01-27,29.218843460083008,31.147889092330654,29.218843460083008,30.475375974826274,15695080
2021-01-28,30.298402786254883,30.705448255280835,28.210076169646552,28.634821395832024,14889342
2021-01-29,29.201147079467773,30.670053130867018,29.201147079467773,29.820566025962762,9590594
2021-02-01,29.555103302001953,29.92675266435939,29.18345056408264,29.64359028097414,5290703
2021-02-02,30.900121688842773,30.900121688842773,29.732076060605113,29.732076060605113,8196629
2021-02-03,30.35149383544922,31.165588154872935,30.1037276135019,30.917818557364008,6048152
2021-02-04,30.28070640563965,30.847031155096644,30.227612194542388,30.369193381906637,4373085
2021-02-05,30.015235900878906,30.546167835198354,29.99754120774023,30.45767749169772,3896433
2021-02-08,30.61695671081543,30.723145122934262,30.032933946407645,30.174515120337972,5564102
2021-02-09,30.20991325378418,30.61695873378359,30.050634000643246,30.581565969633573,4945958
2021-02-10,30.28070640563965,30.61695961590363,30.050634866446632,30.24531026490814,4520941
2021-02-11,30.12142562866211,30.528471099858777,30.12142562866211,30.19221453099294,3019393
2021-02-12,29.820566177368164,30.28070587208462,29.57279657217517,30.10372854710726,3859536
2021-02-15,30.12142562866211,30.333795711216197,29.838263268215595,29.90905217054642,3668872
2021-02-16,29.448911666870117,30.280704031022356,29.271937728214457,30.15682092373879,4635657
2021-02-17,29.643587112426758,29.78516828898604,29.130353237673425,29.448911728822182,4782112
2021-02-18,29.92675018310547,30.10372750193837,29.39582160216836,29.643587823197464,6394512
2021-02-19,30.864727020263672,31.377957521954524,29.891353473062733,29.99754188767038,15935046
2021-02-22,31.059402465820312,31.73191566383282,30.847032364230397,31.165590892177175,8534088
2021-02-23,30.528472900390625,31.44875231389955,30.032937052602325,31.2009827022245,6930497
2021-02-24,29.307329177856445,30.634653911688584,29.307329177856445,30.086027300195145,6999556
2021-02-25,29.218843460083008,30.15682086057638,28.935681108153215,29.926749339907488,6147984
2021-02-26,29.36042594909668,29.92675067828328,28.404750436923052,28.56402968895199,7015076
2021-03-01,30.245309829711914,30.528472200366025,29.466611622632254,29.466611622632254,3539595
2021-03-02,30.475378036499023,30.65235536231811,30.121426760422572,30.422287201646505,4327726
2021-03-03,30.793933868408203,31.130190420649825,30.546167659157238,30.546167659157238,4734458
2021-03-04,31.5549373626709,31.749612762802794,30.758541067187515,30.758541067187515,10883597
2021-03-05,31.02400779724121,31.891192972618708,30.95321551734344,31.44875134994274,7028407
2021-03-08,31.059402465820312,31.57263639985943,30.953217415025353,31.112496678998742,5691390
2021-03-09,31.360260009765625,31.466448426259028,30.95321453989236,31.11249378907087,4212808
2021-03-10,31.572633743286133,31.57263374328613,31.00630901928198,31.25407524214339,4122462
2021-03-11,32.54600524902344,32.91765797381706,31.572635012458484,31.62572922330379,12200479
2021-03-12,32.050472259521484,32.54600471706458,31.74961182077245,32.54600471706458,3728946
2021-03-15,31.69651985168457,32.47521810859853,31.678821780440853,31.926591402290985,3692748
2021-03-16,31.820402145385742,31.961983336083048,31.448752785641005,31.69651902547083,3325092
2021-03-17,31.944284439086914,32.811473007185846,31.76731048696396,31.76731048696396,6599614
2021-03-18,31.236377716064453,32.19205323612077,31.0947965326,31.94428363338672,5278290
2021-03-19,30.953214645385742,31.51953936636764,30.333795715976187,31.006308853813394,4395437
2021-03-22,27.944612503051758,29.271939043772562,27.873821911739526,28.864890190110778,7671593
2021-03-23,29.112661361694336,29.643589981283636,25.16608104176393,27.873823415236853,7903821
2021-03-24,31.41335678100586,31.44875292272494,29.25424276956998,29.46661286876073,5819516
2021-03-25,31.73191261291504,32.227445052688985,31.395656046238734,31.4133541155966,8592481
2021-03-26,30.7585391998291,32.15665630578395,30.369191798764486,32.050471264686614,7760933
2021-03-29,31.533483505249023,31.533483505249023,30.68275860261832,30.852903583144464,3918724
2021-03-30,32.0250129699707,32.195157950080464,30.815092710763967,31.268815061614028,4818133
2021-03-31,31.62800407409668,32.70558645086968,31.62800407409668,32.08172277979922,4079535
2021-04-01,32.04391860961914,32.27077618091578,31.77924663532495,31.89267902680935,3018758
2021-04-02,32.1384391784668,32.478729111407816,31.854865436294535,32.478729111407816,2185678
2021-04-05,32.04391860961914,32.27077618091578,31.798152033905684,31.798152033905684,1945537
2021-04-06,31.77924346923828,32.384201740206954,31.325524766011778,31.949388433677687,3516233
2021-04-07,32.081722259521484,32.081722259521484,31.382240618428813,31.665814354164645,3998564
2021-04-08,31.665817260742188,32.19515759364959,31.590195667825693,32.10063060250397,2894188
2021-04-09,31.06085777282715,31.628005275031327,30.380277885513433,31.55238729079418,3564567
2021-04-12,30.07779884338379,31.041952485213187,29.832034083530143,30.72056793793672,3638671
2021-04-13,30.210134506225586,30.83399823387178,29.548461784467694,30.15342011359903,4007313
2021-04-14,31.06085777282715,31.06085777282715,30.436994078068203,30.51261206230535,2435171
2021-04-15,30.436994552612305,31.174287038140058,30.229038782505118,31.041952859284915,3769404
2021-04-16,29.832035064697266,30.81509233352638,29.64298649138144,30.26685020886788,3638943
2021-04-19,29.283790588378906,30.077799269013457,28.90569164591435,29.832034505682003,5227959
2021-04-20,30.021085739135742,30.70166385508543,29.22707703573543,29.264886029606956,7406755
2021-04-21,28.697738647460938,30.26685066386897,28.33854328780048,30.02108589223761,5963942
2021-04-22,29.60517692565918,29.737511112773213,28.20620985271116,28.319638640832306,5470882
2021-04-26,29.85093879699707,30.077798154066407,29.472839868548178,29.605174042775815,4723516
2021-04-27,31.476764678955078,32.4598236829781,30.701661435046557,30.701661435046557,18702262
2021-04-28,32.1573486328125,32.1573486328125,30.947431923771695,31.495674080367227,7476454
2021-04-29,33.08369064331055,33.53740939657561,32.28968192363765,32.28968192363765,11587238
2021-04-30,32.49763870239258,33.386170837426874,32.49763870239258,32.93245207022832,6037376
2021-05-03,32.55434799194336,32.648874979167424,31.779244725885363,32.42201381566554,5081529
2021-05-04,31.949390411376953,32.4409199384241,31.665816655036355,32.36530195279005,5380646
2021-05-05,31.5712947845459,32.15734772318038,31.476767790678323,31.911581144960806,3923262
2021-05-06,30.966331481933594,31.665816782502976,30.79619011211311,31.47676640890293,7002332
2021-05-07,31.004140853881836,31.17428582172397,30.342466379588632,31.07976244218314,4880817
2021-05-10,31.476764678955078,31.552386266573357,30.947427988970194,30.947427988970194,3140476
2021-05-11,30.909618377685547,31.306620910362533,30.663851814359496,31.09866874812807,3088317
2021-05-12,30.83399772644043,31.117571487824495,30.701663544850266,30.720568943054005,959558
2021-05-17,30.531517028808594,31.249907701017264,30.19122889287354,30.909617762164295,4643765
2021-05-18,30.79619026184082,31.38224317759792,30.79619026184082,31.023047826595064,4700909
2021-05-20,30.909618377685547,30.92852377531339,30.285754679310354,30.626044624939713,3789209
2021-05-21,30.62604522705078,31.098669359530973,30.361373260893412,30.94742978137075,2711767
2021-05-24,30.663850784301758,30.966329924514575,30.36137164408894,30.739472372272854,3460195
2021-05-25,30.021085739135742,31.722533733387,30.021085739135742,31.11757180226234,11522341
2021-05-26,30.380277633666992,30.644945985056776,29.794224738802818,30.2479434579721,6215511
2021-05-27,29.926559448242188,30.493706955859984,29.77531987248838,30.436994368599752,4222358
2021-05-28,30.22903823852539,30.22903823852539,29.58626914779356,29.926559090632278,3769484
2021-05-31,29.869844436645508,30.45589913268757,29.869844436645508,30.247943368163973,3160351
2021-06-01,30.19123077392578,30.58823512635013,29.850940813871187,29.945466003099465,5927480
2021-06-02,29.85093879699707,30.115608948370248,29.85093879699707,29.94546397983877,3107483
2021-06-03,29.907655715942383,30.266851080547827,29.378317171328003,29.869846721357526,4699187
2021-06-04,29.567365646362305,29.96436997995188,29.52955485129761,29.813130405528987,3869362
2021-06-07,29.680795669555664,29.926560439021628,29.567366885444,29.567366885444,3604853
2021-06-08,29.548460006713867,29.813130161244228,29.51064921195899,29.642985190683135,3883387
2021-06-09,29.37831687927246,29.68079604461653,29.34050788506347,29.491747467735507,4112723
2021-06-10,29.567365646362305,29.85093939767574,29.37831527687472,29.416126071939413,5988304
2021-06-11,29.983274459838867,30.247944624352428,29.661889903971684,29.661889903971684,7687381
2021-06-14,29.359411239624023,30.1156109496927,29.359411239624023,30.09670555128443,5925754
2021-06-15,28.773359298706055,29.49174823658565,28.65992870728587,29.359412246109088,7844886
2021-06-16,28.88678550720215,29.132550264230474,28.641020750173823,28.773356728830876,6195340
2021-06-17,28.5275936126709,28.905692567186087,28.45197382176786,28.65992779602171,6966918
2021-06-18,27.60124969482422,28.73554651610044,27.563438899322694,28.60321233768104,8477737
2021-06-21,27.86591911315918,27.903729910101028,27.298769779457672,27.412200367365188,6485383
2021-06-22,27.941539764404297,28.017159557698186,27.620155192175748,27.8848253701634,7064681
2021-06-23,27.5256290435791,28.18730171784507,27.487818249263267,28.054967543575458,6471012
2021-06-24,27.54453468322754,27.82811025290041,27.50672568902198,27.54453468322754,4986123
2021-06-25,27.92263412475586,28.33854205597505,27.52562978828812,27.620153170799238,8087514
2021-06-28,27.676870346069336,28.206208879173413,27.39329477971792,27.979349507843093,6061162
2021-06-29,27.828109741210938,27.847013336507107,27.43110539330327,27.56343957496649,5116823
2021-06-30,28.168397903442383,28.31963748336792,27.75248996010616,27.847013345371117,10639868
2021-07-01,28.206207275390625,28.470877428352736,27.847011939019335,28.073873100368527,6145091
2021-07-02,30.607139587402344,30.815091752083347,29.869845297503844,29.888750695354105,28887169
2021-07-05,31.249908447265625,31.249908447265625,30.66385193598566,30.66385193598566,10987233
2021-07-06,30.985239028930664,31.628008180249996,30.94743183625722,31.2121002141524,9903635
2021-07-07,31.420055389404297,31.51457877800497,30.890715038066574,30.890715038066574,5568377
2021-07-08,31.174285888671875,31.703626190410375,30.985235523348425,31.476765030855077,7711953
2021-07-09,30.928524017333984,31.363337348669138,30.871807824006645,31.17428697674727,6312708
2021-07-12,30.55042266845703,31.0230467859837,30.34246690287782,30.81509102040449,7444648
2021-07-13,30.5693302154541,31.09867056240741,30.134515059236605,30.75838059692572,9710143
2021-07-14,30.909618377685547,31.249908323314905,30.550423034428345,30.626044624939713,6542031
2021-07-16,31.59019660949707,31.79815239038036,30.909620282141432,30.909620282141432,10972924
2021-07-19,30.928524017333984,31.49567152726367,30.758379043187894,31.43895533393633,2732884
2021-07-26,30.758378982543945,31.136476119806293,30.455899830399698,30.966331145995664,7127705
2021-07-27,30.815092086791992,31.060858655678942,30.626045317907856,30.777284896516754,5319798
2021-07-28,30.720569610595703,31.004143378141677,30.607140824744533,30.70166421198116,4091215
2021-07-29,31.62800407409668,31.703625661298307,30.89071162805952,30.89071162805952,8093306
2021-07-30,31.21209716796875,31.514576314852757,31.041952197117016,31.457860122623558,4453339
2021-08-02,31.30661964416504,31.628004179168144,31.30661964416504,31.457859213234986,3784847
2021-08-03,31.55238914489746,31.70362872809488,31.117572188098308,31.32552796718329,5836666
2021-08-04,31.30661964416504,31.760338351374877,31.287714247301825,31.60909878230493,6397585
2021-08-05,31.30661964416504,31.43895381637177,31.193190868821517,31.231001662547943,4350034
2021-08-06,31.193191528320312,31.5901940533341,31.079762750578634,31.344431100587826,6060274
2021-08-09,31.249908447265625,31.514576803433403,31.231003049562794,31.249908447265625,4227305
2021-08-10,31.079763412475586,31.306620972790263,30.569328493013703,30.928523836987168,11244970
2021-08-11,30.966331481933594,31.306621433246484,30.81509190422075,31.041953073707997,8884017
2021-08-12,31.38224220275879,31.646910555362567,30.94742887895662,31.098668452706764,11051290
2021-08-13,31.287717819213867,31.665818587971877,31.212099828963964,31.382244814321453,6928491
2021-08-16,31.249908447265625,31.66581637922012,31.249908447265625,31.344431829943854,6636986
2021-08-17,32.04391860961914,32.516542756629235,31.231004499827996,31.24990989840873,17465048
2021-08-18,31.231002807617188,32.15734565286398,31.231002807617188,32.100629460194874,8574578
2021-08-19,31.155380249023438,31.287714421968943,30.89071190313243,31.155380249023438,7329571
2021-08-20,30.985239028930664,31.19319481489757,30.909621037747563,31.06086062594998,4685341
2021-08-23,30.947429656982422,31.268814210010635,30.90961886113535,31.193192618316488,4849789
2021-08-24,30.928524017333984,31.17428697674727,30.833997028455087,31.023047400376957,5852169
2021-08-25,30.22903823852539,30.947428919148436,30.172323849024917,30.85290193178442,8831863
2021-08-26,30.058895111083984,30.51261386075726,29.83203573624735,30.172325699961327,10100083
2021-08-27,30.380277633666992,30.41808842839006,29.96436970922078,30.134512876720816,6720273
2021-08-31,30.361373901367188,30.531518881116146,30.210134320016564,30.47480629175719,9622802
2021-09-01,30.455900192260742,30.626045168092944,30.21013362457602,30.399183998371353,6305940
2021-09-02,30.39918327331543,30.77728401188795,30.39918327331543,30.512612052552836,5714005
2021-09-03,30.266849517822266,30.55042327278052,30.247944120046924,30.418089094189064,3837845
2021-09-06,30.247943878173828,30.39918345333126,30.247943878173828,30.304660071046328,3044156
2021-09-07,30.266849517822266,30.493707079454495,30.153418934088183,30.247944120046924,5995854
2021-09-08,30.19123077392578,30.38027934946431,30.039991192327744,30.2668505647248,7066062
2021-09-09,30.361373901367188,30.45590089335886,30.039991143185627,30.11561093386094,5833746
2021-09-10,30.436994552612305,30.644946716883556,30.34246756354725,30.399183756986282,6157083
2021-09-13,30.51261329650879,30.682758275219406,30.342468317798172,30.455900707495935,3989679
2021-09-14,30.266849517822266,30.644946655821293,30.191229729638867,30.56932867055586,5256740
2021-09-15,30.07779884338379,30.47480498100102,30.07779884338379,30.26684921339981,4095501
2021-09-16,30.153419494628906,30.247944682344833,29.945465523988265,30.172324892755693,4677500
2021-09-17,30.153419494628906,30.323566274851974,30.077799705039766,30.191230290882476,6227299
2021-09-20,29.964370727539062,30.03999051663716,29.718605962240744,29.888750938440964,8206434
2021-09-21,30.03999137878418,30.19123096132095,29.907655391875977,30.09670577150596,4963191
2021-09-22,30.19123077392578,30.247945166295537,30.00218039546922,30.096705584697503,4325481
2021-09-23,30.115610122680664,30.285755097846675,29.96437054540376,30.191229911319116,6092306
2021-09-24,30.115610122680664,30.361373083567152,30.002179538264,30.021084936153105,8910318
2021-09-27,30.739473342895508,30.833996725008245,30.210133027890855,30.210133027890855,9722286
2021-09-28,30.720569610595703,30.928525389519592,30.53151923028636,30.68275881336662,6881175
2021-09-29,30.871807098388672,31.26881323067687,30.720567525573127,30.8150909063944,13884061
2021-09-30,30.852901458740234,30.985235633185006,30.62604390421657,30.871806855923175,7181793
2021-10-01,30.871807098388672,31.231002436014023,30.739472922904554,30.739472922904554,5503926
2021-10-04,31.04195213317871,31.363336676810484,30.79618917903011,30.909617957419016,6416968
2021-10-05,30.701663970947266,31.117571919693727,30.663853174015028,31.09867012706367,5166660
2021-10-06,30.247943878173828,30.73947339889446,30.13451329534678,30.701662603646128,7214587
2021-10-07,30.323566436767578,30.418089822070225,30.210134047401187,30.38027902561476,5292854
2021-10-08,30.22903823852539,30.474804799835965,30.22903823852539,30.2857544309438,3546159
2021-10-11,30.266849517822266,30.455899889739744,30.115609941455467,30.266849517822266,5013794
2021-10-12,30.380277633666992,30.55042260408495,30.15341827408235,30.15341827408235,6822463
2021-10-13,30.966331481933594,31.287716035302886,30.45590016080022,30.45590016080022,11621955
2021-10-14,31.193191528320312,31.40114729237658,30.83399619199653,30.909617781048205,4613557
2021-10-15,30.701663970947266,31.24990970895657,30.531518990588246,31.19319351355821,6484484
2021-10-18,30.909618377685547,31.193192130431378,30.644946416731656,30.68275721198734,4637025
2021-10-19,30.966331481933594,31.0986692675388,30.833997302164352,31.004142277820797,4262670
2021-10-20,31.079763412475586,31.42005335878351,30.909618439321626,30.94742923465271,7216656
2021-10-21,31.7225341796875,31.7225341796875,30.871809269134115,31.004143453923287,10911427
2021-10-22,31.741439819335938,32.0061081909237,31.193194071520004,31.495673240716336,8119799
2021-10-25,31.36333656311035,31.703626502879274,31.249907785132656,31.438954546483533,6326722
2021-10-26,31.7225341796875,31.779246769833662,31.438956805612307,31.438956805612307,8361820
2021-10-27,31.609098434448242,32.02500994919033,31.51457505700816,31.7225308143792,6825981
2021-10-28,31.835962295532227,31.85486769379494,31.552388533263578,31.609101122215694,2223494
2021-11-01,32.006107330322266,32.23296489820156,31.703628169259193,31.930485737138483,5022774
2021-11-02,32.49763870239258,32.800117880524944,32.0628217287206,32.0628217287206,7484272
2021-11-03,32.61106491088867,32.932449462939566,31.344432100551153,32.53544331942449,9374412
2021-11-04,33.140403747558594,33.367261300106584,32.89463719215653,32.97025878022971,8137410
2021-11-05,33.70755386352539,33.83988804713807,33.140406332089334,33.1971189217313,7019622
2021-11-08,34.50156021118164,34.5393710055808,33.76426774957728,33.76426774957728,6802967
2021-11-09,34.407039642333984,34.8418529959443,34.25580005821578,34.501563030219316,6520203
2021-11-10,34.217987060546875,34.482655414276806,33.764268337365905,34.425939221690726,6265012
2021-11-11,34.444847106933594,34.69061368672074,34.06674994656004,34.085655345454136,5017975
2021-11-12,34.99309158325195,35.25775994646045,34.444845852793186,34.444845852793186,6906120
2021-11-15,37.28059005737305,37.43182963466283,35.598049309294716,35.787099682365934,9442062
2021-11-16,36.86468505859375,37.67759920348628,36.27863210062974,37.33730922601162,6922061
2021-11-17,37.507450103759766,37.809929249287194,36.732346842616245,37.110443971607616,5275701
2021-11-18,38.736270904541016,39.20889500577627,37.62087773715896,37.62087773715896,8936621
2021-11-19,38.81189727783203,39.60590601005803,38.37708031063871,39.17108904286471,4850547
2021-11-22,39.75714111328125,39.98399866499855,38.925321676700996,38.925321676700996,5215374
2021-11-23,41.231727600097656,42.57398198833313,39.60590306424538,39.738237242134254,12584831
2021-11-24,40.778011322021484,42.97098710229767,40.645677136186286,42.12026579085591,9356331
2021-11-25,41.66654586791992,41.779974651762565,40.79691557623026,40.79691557623026,4867670
2021-11-26,40.49443817138672,42.47945820097153,39.90838522264468,41.6476422756074,8150514
2021-11-29,41.55311584472656,41.55311584472656,40.32429373324673,40.66458370999049,5347439
2021-11-30,41.137203216552734,42.15806942530856,40.94815285023919,41.32625358286628,6158515
2021-12-01,43.65156555175781,44.067473493930734,41.49640064238793,41.53420783288656,8291070
2021-12-02,43.72718048095703,44.23761537827424,43.235654586320926,43.764991274647734,4246134
2021-12-03,43.78390121459961,44.65353153054159,43.78390121459961,43.9540461980266,4034510
2021-12-06,44.99381637573242,44.99381637573242,43.84061593404457,43.84061593404457,3843283
2021-12-07,45.86344528198242,46.52511977467675,44.86148084414038,45.39082115946302,4780190
2021-12-08,46.487308502197266,47.73503588437139,45.598776459084135,46.336068928777244,5630575
2021-12-09,48.39670944213867,49.15290729473669,46.56292559302321,46.56292559302321,5547311
2021-12-10,47.01664733886719,48.11313511326398,46.35497287369904,47.829557766880676,5523621
2021-12-13,48.25492477416992,49.38922345017367,47.309676478472824,47.309676478472824,5945798
2021-12-14,49.861846923828125,50.8543568997229,48.63302487720431,49.01112202686915,5741568
2021-12-15,49.247432708740234,51.37424128532215,48.63302350567369,50.71257039060986,6962361
2021-12-16,52.035919189453125,52.035919189453125,49.15291254045883,50.14542255328163,7706847
2021-12-17,46.84650421142578,56.33679382873429,46.84650421142578,53.59557608810664,8812299
2021-12-20,50.57078170776367,51.18519451664097,44.44557344015915,44.44557344015915,8340156
2021-12-21,45.523155212402344,50.38173060168762,45.523155212402344,50.38173060168762,6245203
2021-12-22,44.42667007446289,46.20373788707551,42.744129255297594,43.95404592473456,8108235
2021-12-23,46.2037353515625,46.48730910467066,43.57594277130928,45.466439266478204,6722531
2021-12-24,49.43648147583008,49.53100846188797,46.39278464148235,46.61964219634965,5334124
2021-12-27,48.113136291503906,50.94888097809543,47.73503555762404,49.814582382291654,8544744
2021-12-28,46.82760238647461,48.680288218314644,46.14702244586555,48.44397613958496,4851785
2021-12-29,47.45146179199219,47.735035539375765,45.73111030458452,46.506213563489695,4179596
2021-12-30,46.12811279296875,48.207659615183026,46.12811279296875,47.640512120868145,3529887
2021-12-31,45.75001907348633,46.54402778817778,45.693302877495476,46.22264322256848,3330702
2022-01-03,47.111175537109375,47.167891733355894,46.03359304927833,46.03359304927833,4099307
2022-01-04,47.971351623535156,49.152912008351294,47.03555421219288,47.54598916383412,4622299
2022-01-05,48.86933517456055,48.91659686582411,47.545986184165244,48.3494493589895,3343541
2022-01-06,48.58576202392578,49.436483294732234,47.92408752051902,48.16039958560458,4137837
2022-01-07,48.86933517456055,49.5310096697582,47.49872449290167,48.680284803670375,3984943
2022-01-10,49.57827377319336,50.47626037423522,49.01112263292878,49.20017301301697,4020624
2022-01-11,48.63302230834961,50.2872067160769,48.113136501373916,50.00363296734797,4039714
2022-01-12,48.7275505065918,49.72006052818201,48.39671503467379,49.058389584346,3725395
2022-01-13,51.23245620727539,51.23245620727539,48.396711438671616,48.58576181107906,7819444
2022-01-14,50.80709457397461,52.55580243325608,49.81458461044091,51.42150739255242,10268008
2022-01-17,51.37424087524414,52.27222743268915,51.043405430528786,51.46876786361704,5387632
2022-01-18,49.105648040771484,52.22496659110947,49.105648040771484,51.37424171109185,6997404
2022-01-19,50.665306091308594,51.13793022874929,48.727547848968925,49.247433678986496,7829163
2022-01-20,49.720054626464844,51.37423900137736,48.822071707609524,51.18519224319884,7321588
2022-01-21,49.247432708740234,50.28720795412629,48.86933556973835,49.57827176193232,5853381
2022-01-24,46.46840286254883,49.43648172909142,46.46840286254883,49.15290798113665,7920509
2022-01-25,47.45146179199219,48.20765965362701,45.655488715503125,46.92212148592989,6028078
2022-01-26,47.92408752441406,48.06587259997535,47.16788963724599,47.82956053487058,4172331
2022-01-27,48.63302230834961,49.05838473436094,46.12811304859965,47.22460085463117,7132314
2022-01-28,48.63302230834961,49.72005561278318,48.396710250102856,48.68028399883179,5277509
2022-01-31,48.63302230834961,49.247431496289664,48.49123363106722,49.05838473436094,3391673
2022-02-01,49.15290832519531,50.0981565622183,48.82207288457161,48.82207288457161,4283234
2022-02-02,48.63302230834961,49.531008850854455,48.065871205055885,49.483743554536424,3832181
2022-02-03,48.916595458984375,49.3892195696992,48.302182672720775,48.302182672720775,3712806
2022-02-04,49.15290832519531,50.19267994358625,48.869334575255586,49.058384943827356,5111217
2022-02-07,50.901615142822266,50.901615142822266,49.058384000730356,49.15290738028119,6727929
2022-02-08,50.57078170776367,51.23245620828478,50.23994626042109,50.90161715510626,4694974
2022-02-09,51.04340744018555,51.56329327627948,50.712571982444686,50.90161875496172,5049934
2022-02-10,50.85435485839844,51.61055273320993,50.85435485839844,51.13792861072326,5236916
2022-02-11,53.17021560668945,53.453789368757924,50.61804453640116,50.712571527647995,8381542
2022-02-14,51.1379280090332,53.075689773097515,50.75983087899411,52.50853866928509,8130160
2022-02-15,52.933902740478516,53.217476498278174,51.27971827983856,51.27971827983856,5233777
2022-02-16,52.31949234008789,53.12295556438558,52.31949234008789,53.075693870211865,4021240
2022-02-17,51.988651275634766,53.83188599657442,51.65781584621502,52.461275378140535,6178060
2022-02-18,52.2249641418457,52.65032656190572,51.56328966684521,52.508537886607115,2779822
2022-02-21,52.31949234008789,53.406529335264004,51.65782140998361,52.508542722618884,4274711
2022-02-22,51.94139099121094,52.31948811993905,50.75983070299338,51.51602856628545,3785729
2022-02-23,52.177703857421875,52.603066288938955,51.70507973481087,52.177703857421875,3266405
2022-02-24,50.47625732421875,50.948881442962985,47.40420055238122,48.680284230656305,8157887
2022-02-25,52.50853729248047,53.122950070708036,50.66530256363352,51.23245365257491,5148529
2022-02-28,52.31949234008789,53.02842857020202,51.752344798331045,51.894133486688325,4198428
2022-03-01,52.2722282409668,53.40652687812966,51.84686580130123,52.98116443846409,2937869
2022-03-02,51.752342224121094,53.028425932518466,51.752342224121094,52.224966354021745,3007327
2022-03-03,52.366756439208984,52.98116566104975,51.65782022535238,51.988655682817715,3818008
2022-03-04,51.56329345703125,52.36675666638933,51.23245799813068,52.13044459407861,2824877
2022-03-07,51.46876907348633,51.61055415062473,50.66530587969141,51.04340663039913,4099424
2022-03-08,51.61055374145508,51.84686580731492,50.90161754387555,51.043406225725846,3567266
2022-03-09,51.752342224121094,52.224966354021745,51.61055354281652,51.89413090542567,3356964
2022-03-10,51.89413070678711,53.40652647434571,51.46876827033752,52.08317747335498,4799857
2022-03-11,51.89413070678711,52.4612782181626,51.705080334383304,51.8468654093092,4120376
2022-03-14,54.30451583862305,54.96619037323186,52.08318015856748,52.17770715256081,6808063
2022-03-15,53.92641067504883,56.14774617388964,53.690098618097835,54.25724971828171,6815166
2022-03-16,53.45378875732422,54.5408257062946,53.122953306334615,53.926412890644215,3090714
2022-03-17,54.06820297241211,54.63535050474109,53.64284052024734,53.690102213635406,4343146
2022-03-18,52.933902740478516,54.39903682730671,52.933902740478516,54.02093968551915,2860896
2022-03-21,54.493560791015625,54.493560791015625,53.406523906339885,53.406523906339885,3711654
2022-03-22,55.67512512207031,55.67512512207031,54.162725710901846,54.540826465152975,3726479
2022-03-23,54.351776123046875,56.242272683848505,54.162725745799506,55.91143722804263,4686935
2022-03-24,54.777137756347656,54.91892283279908,54.16272494088354,54.63534907406025,3323892
2022-03-25,54.63534927368164,55.29702378371379,54.49356419671217,54.82439964881025,4372157
2022-03-28,54.80228805541992,55.34293768088455,54.45823931644698,55.34293768088455,3893082
2022-03-29,56.0801887512207,56.276789639669914,54.94974020487536,55.048038774174934,3598685
2022-03-30,56.8665885925293,57.21064108500397,56.27678967664423,56.52253984990468,4674242
2022-03-31,59.47154235839844,59.47154235839844,56.86658900309054,57.11233917812524,5661590
2022-04-01,58.58684158325195,59.618995342148054,58.390244438557616,59.47154373377713,4424563
2022-04-04,59.91389465332031,60.012193225412,58.48854285888994,58.63599446687763,4685599
2022-04-05,61.240943908691406,61.58499640949285,59.37324479661985,60.20879390598737,5119409
2022-04-06,61.97819137573242,62.32224385948849,61.04433999103733,61.33924319135681,5445891
2022-04-07,61.4866943359375,62.81374755892474,61.4866943359375,62.174795590466054,3035564
2022-04-08,61.92904281616211,62.420543155972915,61.584994078234544,61.634143362245624,3371499
2022-04-11,62.223941802978516,62.912043023518244,61.535840582438794,62.07649395205213,5397991
2022-04-12,63.354393005371094,63.944199433419136,61.58499622032776,62.22394443439617,5848186
2022-04-13,62.86289596557617,63.74759435200771,62.46969418281764,63.64929578124313,4850088
2022-04-14,63.15779495239258,63.747593872241424,63.01034334750533,63.01034334750533,2250744
2022-04-15,63.2560920715332,63.74759241008389,62.96119636822279,63.30524510526826,1909287
2022-04-18,63.550994873046875,63.69844647362052,63.20694613817499,63.45269630589776,2630247
2022-04-19,67.92534637451172,68.7117499286546,63.89504503385475,63.89504503385475,12626865
2022-04-20,67.53214263916016,68.26939313740296,66.25424627535925,67.87619887143337,4564019
2022-04-21,70.28455352783203,71.70990161348128,67.82705165622951,67.82705165622951,7047067
2022-04-22,68.07279968261719,70.92350326312894,67.3355491445383,70.13709968929801,4747133
2022-04-25,67.08979797363281,68.61345206302396,65.76274852464385,68.07279867654319,5473823
2022-04-26,66.2542495727539,68.02364635677743,64.73059546734173,67.18809725045797,5913591
2022-04-27,67.23725128173828,67.23725128173828,65.61529858092149,66.10679894482352,3671217
2022-04-28,65.95934295654297,67.48299698336105,65.4186970919655,67.13894825141176,3011444
2022-04-29,66.20509338378906,67.0406424503104,65.71359305057652,66.15594785028776,3623496
2022-05-05,66.69659423828125,67.72874794597453,66.64744870439584,66.84404583933743,2622020
2022-05-06,66.84404754638672,67.18809629117074,65.51699810239113,66.15595005681868,4047648
2022-05-09,68.22025299072266,68.61345478743961,66.45084865534666,66.7457518778095,3536630
2022-05-10,69.64559936523438,69.69475240101087,68.4660015036013,68.4660015036013,697167
2022-05-11,69.35070037841797,69.69474911352388,68.41684524061627,69.30154734496,4799236
2022-05-12,69.94049835205078,70.33370011538983,67.82704543634077,68.22024719967982,6605978
2022-05-13,69.05580139160156,70.82520570827721,69.05580139160156,70.57945552538895,3030626
2022-05-16,68.9083480834961,69.49814700795065,68.36770219428784,69.0557996895348,2524335
2022-05-17,69.39984893798828,70.4811482239083,68.76089697367637,68.90834858077916,2964905
2022-05-18,68.71175384521484,69.49814994448208,68.51514919562264,69.25239975726721,2442107
2022-05-20,68.22025299072266,68.90835051020194,68.02364834251395,68.41685013923089,3360555
2022-05-23,68.07279968261719,68.56430004133645,67.04064592942663,68.5151470055844,2859538
2022-05-24,66.5,68.56430000560503,66.30339535679458,68.31854982637348,3549416
2022-05-25,73.13525390625,73.13525390625,71.36584963847532,73.13525390625,7336481
2022-05-26,79.86880493164062,80.36030526968149,75.10125315258423,75.1995517202524,22478872
2022-05-27,77.46045684814453,80.45860443255302,77.46045684814453,79.81965248843316,9455012
2022-05-30,77.16555786132812,78.44346181942137,76.87065464032185,77.80450984037475,6827158
2022-05-31,76.52660369873047,77.41130583680544,75.74020763131958,77.26385423050957,4655855
2022-06-01,76.33000183105469,77.46045407640072,75.88764703955418,76.57575199309949,4192550
2022-06-02,82.27715301513672,82.27715301513672,76.47745506640683,76.47745506640683,11774927
2022-06-03,81.14671325683594,82.8669645342396,80.2620110999454,82.42460970594414,8550813
2022-06-06,81.0975570678711,82.96525988210148,80.70435529123837,81.29415420633741,6236220
2022-06-07,79.72135162353516,81.09755404052648,79.42645592684404,80.90095690939907,3913974
2022-06-08,77.65705871582031,81.19585989153785,76.87065512134953,79.96710896249006,4250341
2022-06-09,77.90280151367188,78.44345487105993,76.37914750626905,78.05025311111405,4218534
2022-06-10,77.11640167236328,78.59090271772166,76.47745721913476,77.11640167236328,3940200
2022-06-13,77.36215209960938,79.2790079646646,75.88765104942851,76.52660300444691,4734343
2022-06-14,77.01810455322266,77.90280669704079,76.23170848070677,77.55875794658381,2721724
2022-06-15,77.90280151367188,79.72135121625928,77.06725246109926,77.06725246109926,4851243
2022-06-16,76.6249008178711,78.24685345699379,75.93680333446152,77.902804715289,4058624
2022-06-17,76.18255615234375,76.87065365964607,75.8876529350997,76.67405651461694,3211392
2022-06-20,75.2978515625,76.67405403224963,74.16739926593065,76.47745689358544,3858532
2022-06-21,75.39614868164062,76.47745542259581,75.19955154675785,75.29785011419924,2873748
2022-06-22,74.31484985351562,75.34700356663807,74.16739825168385,74.70805162516703,2916940
2022-06-23,72.8895034790039,74.95380345116143,72.05395438309492,74.31485149557214,4099892
2022-06-24,73.92164611816406,74.75720267311456,72.74204833424541,73.03695153007499,4320399
2022-06-27,71.85734558105469,71.85734558105469,71.85734558105469,71.85734558105469,32711
2022-06-28,76.33000183105469,79.27900377559227,75.00295245595272,77.95195440049032,10606765
2022-06-29,71.90650177001953,76.42830343128752,71.56245302943285,76.37915039704654,5524775
2022-06-30,71.26754760742188,71.95564506719981,69.89134518816618,71.75904793574892,5373785
2022-07-01,71.75904846191406,72.64375055932969,70.57945066515981,70.77604779805223,2399973
2022-07-04,69.25239562988281,72.59459947675248,69.25239562988281,71.80820342435379,2683625
2022-07-05,68.51514434814453,69.84220126497532,68.36770024600779,69.20324932348272,2747087
2022-07-06,69.4489974975586,70.13709495342295,68.46599684649534,68.5642954116617,2970142
2022-07-07,70.03880310058594,70.48115043607785,69.00664931817079,69.79305291426809,2131963
2022-07-08,69.84220123291016,70.23539550469431,69.64559659731808,70.03879836880223,560433
2022-07-13,66.0576400756836,69.79304551138404,65.6644458190412,69.79304551138404,4577340
2022-07-14,64.4848403930664,66.9914950214092,64.18994470130235,66.6474462978346,6171129
2022-07-18,64.92720031738281,65.46784621157667,64.28824835178982,65.1729504964801,5397534
2022-07-19,64.82889556884766,65.32039593707152,64.28824966362167,64.77975003184554,5275381
2022-07-20,65.46784210205078,66.2050925930642,64.18994575078077,64.9763417747085,6440335
2022-07-21,64.7305908203125,66.54914050932422,64.7305908203125,65.66444593067509,5019775
2022-07-22,65.61529541015625,66.30339288648761,64.82889186603467,64.87804489992978,4502931
2022-07-25,65.91020202636719,66.50000096514287,65.71359738030836,65.71359738030836,3077437
2022-07-26,65.1729507446289,66.20509700094728,64.28824859657009,65.95934682091429,3131768
2022-07-27,62.66629409790039,64.2390937047312,62.66629409790039,63.99334353179826,8030702
2022-07-28,62.7154426574707,64.28824599596857,62.223942317287,64.28824599596857,4025332
2022-07-29,63.79674530029297,63.79674530029297,61.732441633114234,62.46969213928164,4726457
2022-08-01,64.33739471435547,64.82889507886453,63.305248448706685,63.796748813215736,4080912
2022-08-02,63.79674530029297,65.3203918465523,63.30524496284803,64.3865442052869,4699174
2022-08-03,64.87804412841797,65.17294732888165,63.79674489288432,63.84589042649498,4739989
2022-08-04,65.86104583740234,66.74574795306866,65.41869852941922,65.41869852941922,6285560
2022-08-05,65.95934295654297,66.49999632082032,65.36954405895851,65.95934295654297,3666572
2022-08-08,67.04064178466797,67.38469801426056,65.91019702926317,66.45084289060898,5566689
2022-08-09,66.99150085449219,67.77789693403577,66.35254888381904,67.63045282516534,3629115
2022-08-10,68.51514434814453,68.56429738199012,65.86104551388298,66.49999745537558,4668490
2022-08-11,68.85919952392578,70.08795035411931,68.46599775832387,69.3015468229155,5944208
2022-08-12,67.53214263916016,69.20324826833043,66.8440451740135,69.10494970183804,3205938
2022-08-15,66.54914093017578,67.77789174129202,66.30339076795254,67.53214157906878,2474397
2022-08-16,67.23725128173828,67.38470289084897,64.48484624400675,66.4017021630449,3815227
2022-08-17,67.3355484008789,68.12195196602474,66.84404804758782,67.23724983016074,3431407
2022-08-18,69.30155181884766,69.4490034290406,66.10679943003552,67.33555034880942,7222668
2022-08-19,69.89134979248047,71.07095515799553,68.66259889071499,69.5473010399262,7105582
2022-08-22,72.053955078125,73.08610132430972,69.79305044413898,69.89134901524702,7481994
2022-08-23,71.90650177001953,73.23355119782535,71.41500142640996,72.10309890758333,6059507
2022-08-24,70.08795166015625,72.79120353695512,70.03879862615263,72.25055016171534,6644263
2022-08-25,70.23539733886719,71.46414821953107,69.89134859222135,70.23539733886719,4414612
2022-08-26,70.48114776611328,70.48114776611328,69.00664670406321,70.43200223053175,4857905
2022-08-29,70.23539733886719,70.48114751499996,69.2523966343361,70.28455037397383,3129039
2022-08-31,69.05580139160156,70.18625373282765,69.05580139160156,70.18625373282765,2709149
2022-09-01,68.1219482421875,69.64559475428071,67.6795934485864,68.46599697074404,3350291
2022-09-02,68.85919952392578,69.44899842247871,68.22024759228516,68.22024759228516,3380646
2022-09-05,70.77604675292969,72.15224916195439,69.00664258422653,69.00664258422653,7856915
2022-09-06,70.92350006103516,72.4962996379871,69.39984601791613,72.15225090235697,7846413
2022-09-07,71.46414947509766,72.0539559079389,70.28455160881585,71.02180215016706,6252481
2022-09-08,72.00479888916016,73.67589702390916,70.77604805487414,72.25054905601735,7771277
2022-09-09,72.25054931640625,74.16739762492072,71.80820201434905,72.15225074924908,6979979
2022-09-12,74.85550689697266,75.19955565164797,72.79120686922043,73.03695705108856,9040085
2022-09-13,69.69474792480469,75.69105041910555,69.69474792480469,75.54359882094654,7493647
2022-09-14,70.67774963378906,70.82520123414737,67.82704619242818,69.64559593098083,5184346
2022-09-15,69.69474792480469,72.54545132364602,69.69474792480469,71.02179730883606,4070121
2022-09-16,71.02179718017578,72.39799959433368,69.64559476601788,69.69474779854845,3347398
2022-09-19,68.4168472290039,72.74205180950936,68.4168472290039,71.75905110938085,3680489
2022-09-20,70.38285064697266,71.12010119320428,68.56430079954139,68.56430079954139,5986338
2022-09-21,70.18624877929688,70.72689464367367,69.30154668339861,70.18624877929688,2751909
2022-09-22,69.89134979248047,70.77605194169168,69.74389818432854,69.7930512202793,3145931
2022-09-23,70.48114776611328,71.75905168643676,69.79305027037,69.94050187651506,5306933
2022-09-26,68.9083480834961,71.21839824576824,66.79489506280872,70.28455057369021,4598883
2022-09-27,68.9574966430664,69.98964281894554,68.66259345012966,69.15409377189108,2320189
2022-09-28,68.46600341796875,69.0066493281257,67.87620447066094,69.0066493281257,3374359
2022-09-29,67.53214263916016,68.9574981022495,65.86104450968978,68.81004650266097,2757584
2022-09-30,66.0576400756836,67.5321410371917,66.0576400756836,67.08979374861916,2669976
2022-10-03,68.81005096435547,68.90834953722161,66.10679896218436,66.15595199846761,3626204
2022-10-04,69.05580139160156,69.49814872092027,67.97450208683328,68.95750281838633,4079490
2022-10-05,69.35070037841797,70.92349995297353,68.85920004263811,69.30154734496,6057457
2022-10-06,69.84220123291016,70.87434744589356,69.49814499554903,69.98964533497922,3838482
2022-10-07,70.23539733886719,71.365849649018,69.89134859222135,70.33370340908046,4193216
2022-10-10,70.87435150146484,71.56245651586184,69.84220522941997,70.38285113391002,4618556
2022-10-11,71.8082046508789,72.59460071670968,70.87434947934831,71.1692526913475,7439832
2022-10-12,69.39984893798828,72.1522539382395,69.39984893798828,71.80820518813316,4171772
2022-10-13,69.4489974975586,70.13709495342295,68.95749717202696,69.49814303029189,3439613
2022-10-14,70.72689819335938,71.16925301335962,70.08795373063722,70.77605122881505,2869213
2022-10-17,71.75904846191406,73.08609785818757,70.87434636449844,71.26754812998314,8623247
2022-10-18,71.90650177001953,72.59459925119289,70.87434804855941,72.34884907938812,5446782
2022-10-19,71.12010192871094,72.49630446251574,71.07095639160747,72.15225570398965,4097115
2022-10-20,70.57945251464844,71.80820337667434,70.4320009112653,71.21839696314184,7926095
2022-10-21,72.00479888916016,72.39800065607166,70.38284628796264,70.62859645481984,5814934
2022-10-24,70.87435150146484,71.70990062636794,70.43200417054568,70.87435150146484,5490228
2022-10-25,70.77604675292969,71.4149986749447,70.23539339590934,70.87434531792435,3078655
2022-10-26,70.87435150146484,71.12010168524225,70.38285113391002,70.77605292789396,3254327
2022-10-27,74.51145935058594,74.65890346233749,70.53030333988308,71.07095674864043,10388150
2022-10-28,72.39800262451172,74.1182538392843,72.29970405503617,74.1182538392843,3436508
2022-10-31,77.31300354003906,77.41130210626577,72.49629879793143,72.88950056253816,9191053
2022-11-01,76.23170471191406,78.34515014582111,76.03510007872976,77.31300394547812,6898901
2022-11-02,75.93680572509766,77.46045984308654,75.64190250880938,76.13340286948961,4661496
2022-11-03,78.4434585571289,79.81965353205737,75.88765074723287,75.9859568166136,8370039
2022-11-04,79.67221069335938,80.70435694095629,78.54175837481968,78.93496015949003,6737668
2022-11-07,79.22985076904297,80.36030301475625,79.08239917182823,79.77050412559707,4335398
2022-11-08,77.85365295410156,80.26200918482138,77.70620884788829,79.22985544312714,5473250
2022-11-09,77.60790252685547,79.27900822231143,77.50960395646399,77.85365270268427,4090252
2022-11-10,78.9841079711914,79.32815673030416,77.01810649088944,77.65705847192767,4215039
2022-11-11,77.65705871582031,80.01626199953218,77.01810673277537,79.62306020229678,4245497
2022-11-14,80.3111572265625,81.44160957424322,77.65705823609512,77.65705823609512,6075267
2022-11-15,83.06356048583984,83.84996405836696,79.91796119513194,80.70435726795877,11296747
2022-11-16,84.14485931396484,85.22615859551189,82.12971235737722,83.94826217175637,10015270
2022-11-17,80.80265045166016,84.63635448762209,80.55690028909464,84.19400719488408,4691231
2022-11-18,81.98226165771484,82.47376201837297,80.7043577201236,80.7043577201236,2482502
2022-11-21,87.29046630859375,87.33961184442039,82.71951149350146,83.75165774226407,8885076
2022-11-22,86.9464111328125,89.15816276422639,85.37361147263603,87.33961292278171,7000043
2022-11-23,88.8141098022461,89.15815853977998,85.86510776675568,87.48706038621542,6076768
2022-11-24,89.84626770019531,90.87841396088132,87.58536303444441,89.20731572946568,5806950
2022-11-25,90.3377685546875,91.46822089372398,88.42091263205162,90.38691409134972,4719597
2022-11-28,90.68181610107422,93.09016485672399,90.14116270709556,90.82926770849569,4901677
2022-11-29,90.14115905761719,91.61566007273437,88.6666580425,90.87840956517577,3033203
2022-11-30,90.43606567382812,94.36806852921195,89.40391192440975,89.94456531690514,8928593
2022-12-01,91.36991119384766,93.23761400597792,89.94456319231935,91.51736279738164,4981436
2022-12-02,89.55136108398438,91.41906388918736,88.66665896576191,91.22246675167128,5152401
2022-12-05,91.32076263427734,91.91056152917702,88.47005922594579,89.94456021304488,4258824
2022-12-06,91.36991119384766,93.3850656095119,91.12416102119104,91.91056457357223,3512564
2022-12-07,88.61751556396484,92.40206679998148,87.29046610454346,91.36991305393138,3752059
2022-12-08,87.63451385498047,89.35476507899978,84.88210889666952,88.91241026443186,3666441
2022-12-09,89.69881439208984,90.33776635071327,87.33961119854963,87.88026458654642,5316341
2022-12-12,92.5003662109375,92.89356799870276,90.04286441203001,90.04286441203001,4751204
2022-12-13,94.31891632080078,95.59682025988765,92.79526970079759,93.38506863433754,5605902
2022-12-14,90.23946380615234,95.49851584993303,89.60051187566687,94.26976502196092,3850979
2022-12-15,92.5003662109375,93.87656871826576,89.30561387235778,92.40206763892127,3449295
2022-12-16,93.23761749267578,94.66297304720652,92.3529153380878,92.94272177428003,1172450
2022-12-19,103.6082763671875,104.68957564859443,99.97116923920022,100.16777388108345,8036807
2022-12-20,107.04877471923828,107.04877471923828,101.15077068511717,102.92016739553353,4748955
2022-12-21,105.57427978515625,107.73687838888388,103.90317404618456,106.95048230557401,3343201
2022-12-22,104.00148010253906,106.95048228881483,103.01847937378047,105.77087691448429,3104242
2022-12-23,102.23207092285156,103.9031690822874,100.65927133167078,103.41166874131216,2235093
2022-12-26,106.16407775878906,106.16407775878906,102.33037345089272,102.42867202295155,3414542
2022-12-27,106.0657730102539,108.22837146841557,105.37766804651164,107.93347576941164,4194010
2022-12-28,103.50997924804688,106.95048178241139,101.64227637230893,106.06577963077758,4062426
2022-12-29,113.83148193359375,113.83148193359375,102.72357123120109,102.72357123120109,8261312
2022-12-30,110.29267883300781,120.81079113685568,109.40798417635457,115.60088427142912,12561064
2023-01-02,114.71617889404297,119.43458526231062,111.47228107809661,112.06207999920503,6562123
2023-01-03,116.8787841796875,119.9260848354011,113.2416771069905,114.61787958045151,7173868
2023-01-04,121.89208984375,127.29859382875505,115.20768191695454,116.97708622101815,10917047
2023-01-05,117.27198791503906,128.37989895801468,116.19068113232265,121.89208826051727,11152192
2023-01-06,112.94678497314453,117.27198966962159,108.03178134071614,113.63488248180435,14626424
2023-01-09,105.27937316894531,118.54988258098969,103.50997641382615,117.96008366261663,12353654
2023-01-10,100.26606750488281,107.73687103471842,100.06947037240025,105.27936938018698,10706539
2023-01-11,92.94271850585938,102.72357239952237,92.7952669019966,100.95416815256921,10813518
2023-01-12,98.8898696899414,99.47966861459311,86.35661066736697,94.85956828850458,23729201
2023-01-13,94.51551818847656,98.69327113622779,94.26976801507944,98.69327113622779,13912246
2023-01-16,102.82186889648438,103.21507066562675,94.22061300768215,95.2527667142184,13775290
2023-01-17,113.04508209228516,113.04508209228516,100.46266995517679,102.4286713828687,22759703
2023-01-18,112.35697937011719,118.35328194592914,111.17737406850996,115.20767530800981,16264759
2023-01-19,117.6651840209961,121.69549300142131,114.5195846945036,114.5195846945036,20347639
2023-01-20,116.0923843383789,120.8107908270307,114.51958467539511,118.54988615544748,8581841
2023-01-23,114.51958465576172,120.90908937904457,113.24168071122502,117.0753850451348,9336358
2023-01-24,113.43827819824219,115.01107776171021,109.50627553972218,114.51957742939521,7955927
2023-01-25,112.06208038330078,116.7804867677409,105.77087437061402,115.20767963979405,10577627
2023-01-26,113.63488006591797,118.35328645261569,108.62157796736427,112.25867757815612,18386306
2023-01-27,111.66887664794922,113.33998231723591,108.3266728090759,112.94678054212727,7945936
2023-01-30,108.9164810180664,112.3569834825398,108.9164810180664,111.86548313047217,5715892
2023-01-31,105.37767028808594,109.7028747961141,104.7878713778321,108.916478749009,6816482
2023-02-01,99.57797241210938,106.36067114032942,99.57797241210938,105.37767045511491,5473396
2023-02-02,102.62527465820312,106.16407568096183,95.35106797271571,99.77457112608913,11949660
2023-02-03,106.75387573242188,107.63857787240912,100.75757289426424,101.24907324984602,6552914
2023-02-06,103.21507263183594,110.09607747395833,100.26607055664063,104.6895736694336,1961212
2023-02-07,93.23761749267578,104.4929803210722,92.99186731082914,104.4929803210722,4215486
2023-02-08,86.35661315917969,86.35661315917969,86.35661315917969,86.35661315917969,115
2023-02-15,102.5269775390625,102.5269775390625,98.25091843052526,100.2660728954612,1634532
2023-02-16,105.18107604980469,111.57058066965263,102.72357427294008,108.1300781820422,8496648
2023-02-17,101.8388671875,106.45897480344897,100.5609708254119,103.60827138079107,4351829
2023-02-20,108.42498016357422,109.5062794331724,100.56097456693276,102.23207275633901,6817074
2023-02-21,113.53658294677734,115.99408474216214,105.9674804168723,107.73687720972919,11525909
2023-02-22,115.01107788085938,122.87508320604634,113.73317401563654,115.99407854650775,14939959
2023-02-23,113.53658294677734,118.3532879656716,112.75017937237409,115.60088295496051,5834829
2023-02-24,115.20767974853516,116.78048687796652,112.6518794127595,114.12638047182625,5460664
2023-02-27,117.37028503417969,117.66518074424461,113.14337902594761,117.27198646415805,6827758
2023-02-28,117.37028503417969,119.9260853532432,116.2889857645413,117.86178538398806,5383081
2023-03-01,117.46858215332031,119.53288209707881,117.0753803783901,118.05838106586559,4506365
2023-03-02,120.31929016113281,121.5971866029756,117.37028798806436,117.66518370555099,7950711
2023-03-03,124.0546875,129.55949751560277,119.53288570121227,120.61418499009841,19057941
2023-03-06,132.1152801513672,134.17958749723832,124.44787965134483,125.82408204869235,10981653
2023-03-07,136.8336944580078,143.81300542868033,132.90169165749379,133.19659486741241,14301392
2023-03-08,139.38949584960938,139.97928724284574,133.9829922482447,136.73539708154664,8950169
2023-03-09,136.0472869873047,142.92829169040766,136.0472869873047,140.56909607767517,6023618
2023-03-10,132.21359252929688,136.2439013496526,131.7220921853218,135.45749779941244,4318084
2023-03-13,130.1492919921875,134.86769854464586,128.96969410392313,132.1152934724284,4610842
2023-03-14,127.10198974609375,132.90168770459104,126.90539261179552,130.93568636280892,4286311
2023-03-15,121.79378509521484,127.79008771094213,121.40058332539503,127.79008771094213,4956254
2023-03-16,130.54249572753906,131.23059321643433,122.38358693218032,122.48188550206534,7042871
2023-03-17,125.03768920898438,133.09829215338638,125.03768920898438,131.230596775813,6734231
2023-03-20,120.02438354492188,126.21728343316592,119.33628605723925,125.03768559722424,5115325
2023-03-21,116.97708129882812,121.59718150991023,116.09237918402303,120.02438191675675,5951800
2023-03-22,121.99038696289062,121.99038696289062,115.40428518677585,116.97708482737188,5211121
2023-03-23,121.49888610839844,123.07168574254692,119.82778790330947,121.9903864628011,3574379
2023-03-24,120.51588439941406,123.36658793123115,119.53288369876681,121.69548974001088,3633754
2023-03-27,121.40058898925781,122.67849292586698,118.84478861573982,122.58018685405064,3319621
2023-03-28,115.60088348388672,121.10568603079555,114.71618133356023,120.71249174149519,4369262
2023-03-29,116.68218231201172,117.46858588686669,111.86548479005107,114.42128515877924,4197657
2023-03-30,116.0923843383789,120.02438724568862,115.01108503880882,116.58388470179263,3797172
2023-03-31,115.20767974853516,115.6991801015574,112.35698370076628,115.01108260720633,3797498
2023-04-03,115.01107788085938,115.69917534693327,110.58757488544171,114.42127898141034,3840029
2023-04-04,118.84478759765625,119.63118366754803,114.02808260823059,114.91278474909657,5030067
2023-04-05,116.78048706054688,121.10568417414473,116.48558384839238,119.04138418816389,5249203
2023-04-06,115.60088348388672,118.25498993486622,114.32298704425986,116.97708599553901,3237104
2023-04-07,115.99407958984375,117.96008093882415,115.10937748286257,115.7974824548257,3053336
2023-04-10,119.0413818359375,119.33628504226478,116.48558154666792,116.48558154666792,5092653
2023-04-11,119.13967895507812,122.28528561872538,118.5498800493005,119.53288072549653,7757815
2023-04-12,118.45158386230469,121.9903848677945,118.45158386230469,119.63118169756791,6823161
2023-04-13,119.53288269042969,119.92608446731172,118.15668022119264,119.13968091354766,4460960
2023-04-14,119.23798370361328,122.1869856995836,118.25498303828985,119.82778260286737,6709162
2023-04-17,116.28898620605469,120.22098901945027,116.28898620605469,119.92608580856553,4088873
2023-04-18,114.02808380126953,117.4685863297561,113.63488201235957,116.28898846272656,2615871
2023-04-19,114.32298278808594,115.89578238583405,113.63487780802734,114.0280795823894,2247727
2023-04-20,110.98078155517578,113.83148511145049,110.292676558999,113.73317904078222,1624830
2023-04-24,106.95047760009766,112.0620781656692,106.6555743945185,111.17737604863181,5761681
2023-04-25,102.13377380371094,107.93347940944739,101.6422734557621,107.63857620079803,4447482
2023-04-26,98.3000717163086,102.33037315673718,98.20177314453234,102.13377601318469,5009119
2023-04-27,97.16961669921875,98.98816647564134,96.38322064709821,98.20177042352081,5364914
2023-04-28,95.20361328125,98.7915672226081,93.97486244514792,97.26791318596153,5042775
2023-05-02,91.22246551513672,96.33406601826681,91.02586088058558,95.35106534461103,6049686
2023-05-03,92.54951477050781,93.13931367377909,87.53621284315204,91.17331232974153,5977078
2023-05-04,90.73096466064453,94.9087174998455,89.64965792603257,91.91056246242131,4460275
2023-05-05,88.42090606689453,91.22246393814197,88.27346196815505,90.97671377397639,2950836
2023-05-08,90.53436279296875,90.87841153735573,87.7328123033888,88.71581300146599,3891451
2023-05-09,90.5835189819336,94.7612720942339,90.04286557928516,90.68181755522411,7013100
2023-05-10,90.97671508789062,92.74611179561705,88.96156071274947,90.583513319607,3876779
2023-05-11,99.67626953125,100.06947129955807,90.48521475808596,90.48521475808596,12264521
2023-05-12,92.89356231689453,100.06947013067214,92.45121502002736,99.7745669329608,12380057
2023-05-15,88.07685852050781,91.12415909716813,86.50405894865409,86.50405894865409,3543603
2023-05-16,91.56651306152344,91.76311019382081,88.07685771549619,88.07685771549619,5802130
2023-05-17,91.76311492919922,93.3359145678411,91.07501743094973,92.40206689168818,3985151
2023-05-18,88.47006225585938,92.79526679941918,88.1751590484598,91.91056467692057,4032541
2023-05-22,85.6193618774414,89.6988163970845,85.3736116955316,88.71581566944522,3470851
2023-05-23,85.27530670166016,86.55321055124796,84.93125797283261,85.71765399590988,3724559
2023-05-24,83.70250701904297,85.81595992081583,83.55505542130071,85.47190369285063,3159965
2023-05-25,83.70250701904297,84.39060447557377,82.71950636702766,83.65335398656228,2985873
2023-05-26,87.1921615600586,87.53621781456499,83.8008120488701,83.8008120488701,4382776
2023-05-29,90.5835189819336,92.35291580026407,87.24131499215328,88.47006590753571,8330517
2023-05-30,97.31707000732422,98.49666785601777,91.51736433523051,91.51736433523051,8803677
2023-05-31,94.66297149658203,98.00516791518929,94.4172213187609,97.31707041717021,7428761
2023-06-01,99.08647155761719,101.05247291788976,95.44936454129294,95.44936454129294,6112636
2023-06-02,102.62527465820312,103.31337214884782,100.56097468656891,102.03547573769337,4884416
2023-06-05,107.73687744140625,108.42498244541387,103.50997884407508,105.4759802846106,7054564
2023-06-06,110.09607696533203,111.76717513367579,105.37767066693777,107.7368738161349,8558316
2023-06-07,117.9600830078125,119.23798690694385,112.16037742665503,112.65187777252092,9234826
2023-06-08,115.99407958984375,121.49888186704888,113.53657790361824,117.96008093882415,7989440
2023-06-09,115.7974853515625,118.05838245962754,113.8314839534015,116.97708319057902,4981608
2023-06-12,112.1603775024414,117.56688131061931,112.1603775024414,116.48558204892375,6272067
2023-06-13,112.55358123779297,114.22467944406351,109.50628053828186,111.96378231203279,6933779
2023-06-14,109.89948272705078,112.84848486642029,109.89948272705078,112.84848486642029,4310075
2023-06-15,112.25867462158203,112.45527925734154,109.50627721824885,110.88247966976544,3176634
2023-06-16,109.60457611083984,115.20767700182788,109.60457611083984,114.32298238724032,5393587
2023-06-19,104.49297332763672,110.58757442965792,104.49297332763672,109.80117090050041,4853198
2023-06-20,103.21507263183594,106.65557505289713,103.01847549336962,104.29637189280086,3814255
2023-06-21,109.60457611083984,112.06207781736092,104.00147521985181,104.00147521985181,9665535
2023-06-22,117.9600830078125,119.336285476177,106.65557505289713,110.09607747395833,12535682
2023-06-23,120.71248626708984,124.6444889793768,118.54988027551201,119.92608272475245,11067617
2023-06-26,126.31558990478516,128.67478558418054,121.10568319676999,121.40058640654449,7491280
2023-06-27,127.79009246826172,130.44419138887628,124.44788854992098,126.11899425894147,3291816
2023-07-03,134.17959594726562,134.6710962987208,128.57649494055659,128.57649494055659,6211587
2023-07-04,130.83740234375,134.86769631188088,130.05099876479255,134.17959880506837,5284539
2023-07-05,131.42718505859375,133.1965892440029,123.56317978957513,130.3458933337435,14521972
2023-07-06,135.94900512695312,139.3895077115139,132.90169683801037,132.90169683801037,8672671
2023-07-07,143.32150268554688,145.97560153169772,133.0982865752694,135.94899755768336,9434980
2023-07-10,141.94529724121094,149.31780260344973,141.94529724121094,145.28750867173287,7206247
2023-07-11,140.47079467773438,146.46710497513428,138.99629362093773,144.30450642504593,5623684
2023-07-12,139.78269958496094,142.53510460479575,138.01329528653852,140.569103161971,6054450
2023-07-13,144.0095977783203,148.03990651453836,141.74869324335407,143.5180974446059,10639857
2023-07-14,152.07020568847656,154.92091672558436,144.7960064891815,144.99260362981644,11615229
2023-07-17,151.57870483398438,157.86991830921946,150.4974130643817,154.62601300161077,8265076
2023-07-18,144.0095977783203,151.87360311775078,144.0095977783203,151.57869991764215,6106049
2023-07-19,148.13819885253906,148.23650491988528,140.76569378357328,143.7146958111596,5884782
2023-07-20,151.8736114501953,153.15151538784409,146.0739131939287,149.4161096467941,7786809
2023-07-21,150.2025146484375,152.36511325606273,147.64670674889805,151.8736128907206,4356075
2023-07-24,143.9113006591797,146.66370569898493,143.02660600324978,146.46710855315615,9937232
2023-07-25,139.6844024658203,146.46710115019695,139.6844024658203,144.20619658893807,5546259
2023-07-26,145.87730407714844,146.27051337349226,140.76570321988626,140.86400929382248,4736277
2023-07-27,145.18919372558594,147.84329249387633,143.81299880851674,146.66369470790278,4216741
2023-07-28,149.80929565429688,150.9889084542424,145.28750158563847,145.97559905267346,8960357
2023-07-31,151.77529907226562,155.41241358970336,151.48041086763016,152.36510548033664,8064643
2023-08-01,149.80929565429688,156.10050892287353,148.1381975202405,151.77529698833962,9779156
2023-08-02,147.35179138183594,151.38210004513508,142.53509419834145,149.12119555107458,6909612
2023-08-03,144.30450439453125,149.41610498628737,142.53510015139256,147.35179753605885,7911315
2023-08-04,146.2705078125,147.450105657883,143.8130060515353,145.09090996711703,5218601
2023-08-07,147.9416046142578,149.9076060044805,146.27050643244857,146.4671035715908,6161242
2023-08-08,145.48410034179688,150.7922980031565,145.38579427423838,147.94160203675966,4996377
2023-08-09,147.74501037597656,149.2195114475943,145.18920251874562,145.48410573294927,6932322
2023-08-10,148.3347930908203,159.04950924809646,147.1551953027036,148.23650202479374,16806585
2023-08-11,155.41241455078125,155.7073027572403,145.2875044789498,148.33479760776112,10842535
2023-08-14,152.56170654296875,161.2121157540413,151.7753029784348,158.65630791915606,7943782
2023-08-15,149.90760803222656,153.0532072992522,146.07391126919538,152.56170694504817,4844870
2023-08-16,150.89060974121094,153.8396118859903,146.56541259529476,149.90760902628446,7487063
2023-08-17,154.72430419921875,156.2971113191718,149.51441248809996,150.89060746850862,6520487
2023-08-18,149.3177947998047,155.2157987813543,147.05690527306382,154.72429844955852,5578499
2023-08-21,158.16481018066406,158.16481018066406,146.66370473237163,148.13820581547068,8329859
2023-08-22,155.31411743164062,161.9002194114566,152.75830949946084,158.75462003297443,8233785
2023-08-23,149.80929565429688,157.5750099234056,149.80929565429688,156.78860638990852,6285833
2023-08-24,146.46710205078125,154.82260787247012,146.27050491368036,149.90760444794725,7386558
2023-08-25,153.54470825195312,160.03251895249502,150.49741504365053,153.3481111093853,8377969
2023-08-28,155.6090087890625,159.24610826182925,153.54470138590847,156.49370339075716,6666625
2023-08-29,163.07980346679688,163.96451306028783,155.21579818812023,157.28010557353275,13276166
2023-08-31,160.0325164794922,168.48631347447525,158.26311222492353,166.32371494084705,9809708
2023-09-01,159.14781188964844,161.60531371005314,157.96821401573433,160.72061905446776,4559440
2023-09-04,156.29710388183594,161.90020460602182,155.8056035551635,159.93420329933207,5603461
2023-09-05,157.37841796875,158.55801580811286,154.52770694093948,156.3954172693809,4849743
2023-09-06,155.41241455078125,160.1308058469278,154.03620458990505,158.36141661057292,6818211
2023-09-07,157.9682159423828,159.44271705260928,155.51071409200534,155.51071409200534,4175216
2023-09-08,159.73760986328125,160.91720767469934,156.78860783503606,158.26310884915867,4444819
2023-09-11,155.21580505371094,161.21211534369385,153.8396100688298,160.62230892194458,3865298
2023-09-12,155.80560302734375,158.7546049773881,152.365100752292,156.78860367735854,4581337
2023-09-13,154.23280334472656,159.83591931660862,153.74130299627376,155.80561045953561,6332612
2023-09-14,159.0495147705078,159.2461119087868,152.3651070732219,154.33110845481187,5813627
2023-09-15,159.83592224121094,162.19511795719168,156.29711366783926,159.04951866941718,11947103
2023-09-18,151.8736114501953,159.7376172210792,151.8736114501953,159.24611686039896,4139738
2023-09-19,153.54470825195312,154.23280575064078,150.39910897266634,152.36511039714566,3916886
2023-09-20,151.48040771484375,156.49370208150455,150.69400418691666,154.52770076138665,4626755
2023-09-21,155.6090087890625,156.19880019039232,148.62969804449398,151.4804089821543,3640752
2023-09-22,154.0362091064453,156.59201696629773,152.85661124782135,155.70730732277931,3850360
2023-09-25,157.1999969482422,158.1999969482422,154.0,155.60000610351562,3805320
2023-09-26,154.3000030517578,159.10000610351562,153.8000030517578,157.39999389648438,3646009
2023-09-27,154.3000030517578,157.0,152.5,154.3000030517578,3890608
2023-09-28,153.60000610351562,156.10000610351562,152.6999969482422,154.5,3373076
2023-09-29,163.0,164.3000030517578,154.0,154.3000030517578,12002727
2023-10-02,174.60000610351562,175.0,164.39999389648438,165.5,12291257
2023-10-03,175.0,176.60000610351562,170.1999969482422,174.60000610351562,10576511
2023-10-04,169.6999969482422,176.6999969482422,169.3000030517578,174.89999389648438,8033102
2023-10-05,170.5,171.1999969482422,162.1999969482422,169.39999389648438,7540603
2023-10-06,165.0,170.0,164.60000610351562,169.0,5667499
2023-10-09,157.10000610351562,162.60000610351562,156.8000030517578,162.3000030517578,4805471
2023-10-10,164.0,165.10000610351562,159.1999969482422,160.89999389648438,5122709
2023-10-11,160.60000610351562,163.39999389648438,158.10000610351562,163.10000610351562,4746937
2023-10-12,158.60000610351562,162.60000610351562,154.0,161.60000610351562,5495954
2023-10-13,157.39999389648438,160.39999389648438,155.0,157.39999389648438,3561400
2023-10-16,160.0,161.6999969482422,157.1999969482422,159.6999969482422,5742648
2023-10-17,165.0,165.0,156.3000030517578,160.10000610351562,6349188
2023-10-18,160.5,164.1999969482422,160.5,161.10000610351562,4873208
2023-10-19,156.60000610351562,163.8000030517578,154.5,161.1999969482422,4776345
2023-10-20,151.6999969482422,158.8000030517578,151.39999389648438,156.8000030517578,4763248
2023-10-23,148.60000610351562,154.10000610351562,146.1999969482422,151.5,6310127
2023-10-24,151.0,155.10000610351562,148.1999969482422,149.8000030517578,10958601
2023-10-25,142.0,152.89999389648438,140.60000610351562,151.0,4185480
2023-10-26,141.8000030517578,144.39999389648438,139.60000610351562,143.3000030517578,6402298
2023-10-27,141.89999389648438,143.8000030517578,138.6999969482422,141.89999389648438,4086584
2023-10-30,139.5,143.10000610351562,139.5,141.6999969482422,2459256
2023-10-31,135.8000030517578,141.39999389648438,135.5,141.0,3037184
2023-11-01,136.39999389648438,138.10000610351562,133.60000610351562,136.5,3446089
2023-11-02,137.6999969482422,139.3000030517578,136.3000030517578,136.6999969482422,2395034
2023-11-03,141.5,142.8000030517578,137.39999389648438,138.3000030517578,3695243
2023-11-06,142.5,144.0,141.10000610351562,143.0,2662164
2023-11-07,140.60000610351562,143.5,140.1999969482422,141.8000030517578,2692428
2023-11-08,143.39999389648438,146.1999969482422,141.1999969482422,141.1999969482422,4733140
2023-11-09,138.60000610351562,141.89999389648438,137.39999389648438,141.0,4243490
2023-11-10,139.39999389648438,140.0,138.1999969482422,138.89999389648438,2738749
2023-11-13,136.0,140.39999389648438,136.0,139.39999389648438,2119697
2023-11-14,139.89999389648438,141.0,136.3000030517578,136.3000030517578,3323435
2023-11-15,138.5,142.3000030517578,137.39999389648438,140.5,3856778
2023-11-16,138.6999969482422,139.1999969482422,137.6999969482422,138.0,2657499
2023-11-17,137.39999389648438,141.5,137.3000030517578,139.0,3531074
2023-11-20,143.1999969482422,143.3000030517578,138.1999969482422,138.5,3953314
2023-11-21,143.6999969482422,145.6999969482422,142.39999389648438,145.0,2728894
2023-11-22,145.8000030517578,146.3000030517578,142.6999969482422,143.8000030517578,3286392
2023-11-23,142.1999969482422,148.0,142.1999969482422,145.5,3889347
2023-11-24,142.1999969482422,143.1999969482422,140.3000030517578,141.5,1798636
2023-11-27,142.89999389648438,144.39999389648438,140.6999969482422,142.39999389648438,2499687
2023-11-28,142.5,145.60000610351562,141.60000610351562,143.1999969482422,2900669
2023-11-29,139.89999389648438,143.3000030517578,139.39999389648438,143.0,2680928
2023-11-30,135.89999389648438,140.60000610351562,135.6999969482422,139.89999389648438,4057408
2023-12-01,136.60000610351562,138.60000610351562,136.3000030517578,137.0,2741540
2023-12-04,137.39999389648438,138.5,134.89999389648438,137.10000610351562,1924574
2023-12-05,136.5,138.1999969482422,135.39999389648438,137.39999389648438,1480939
2023-12-06,133.10000610351562,138.1999969482422,133.10000610351562,136.39999389648438,2854652
2023-12-07,135.10000610351562,135.10000610351562,130.1999969482422,133.10000610351562,3053391
2023-12-08,133.1999969482422,135.39999389648438,132.60000610351562,134.60000610351562,2316220
2023-12-11,126.0999984741211,133.5,126.0999984741211,133.1999969482422,4720364
2023-12-12,126.19999694824219,127.19999694824219,124.19999694824219,126.0999984741211,2968838
2023-12-13,122.5,126.0,122.0999984741211,125.80000305175781,2900937
2023-12-14,124.5,126.0,122.30000305175781,123.5999984741211,3704240
2023-12-15,128.3000030517578,128.5,124.19999694824219,124.5,3192870
2023-12-18,125.0999984741211,129.0,124.5999984741211,127.9000015258789,1940942
2023-12-19,124.0,125.4000015258789,122.5,124.80000305175781,2615560
2023-12-20,124.5,125.4000015258789,122.5999984741211,124.0,1941751
2023-12-21,129.89999389648438,130.10000610351562,123.4000015258789,124.19999694824219,3437791
2023-12-22,125.69999694824219,130.0,124.9000015258789,129.89999389648438,2918568
2023-12-25,125.0,127.5,121.9000015258789,125.0,1888646
2023-12-26,125.0999984741211,126.9000015258789,122.5999984741211,126.0,2480115
2023-12-27,124.0,125.5999984741211,123.0,123.5,2452111
2023-12-28,124.19999694824219,126.0,123.69999694824219,124.19999694824219,3307977
2023-12-29,128.5,129.10000610351562,124.5,124.5,3717213
2024-01-02,128.39999389648438,130.5,127.19999694824219,129.60000610351562,3550273
2024-01-03,126.0999984741211,131.60000610351562,126.0999984741211,128.39999389648438,5532770
2024-01-04,128.6999969482422,128.6999969482422,124.5999984741211,126.5999984741211,3535838
2024-01-05,128.0,129.5,126.5999984741211,128.89999389648438,2351138
2024-01-08,132.0,132.6999969482422,128.8000030517578,128.8000030517578,4133080
2024-01-09,128.3000030517578,132.5,127.5,132.39999389648438,3594523
2024-01-10,130.10000610351562,130.8000030517578,127.69999694824219,128.39999389648438,3799283
2024-01-11,129.5,131.60000610351562,129.3000030517578,130.89999389648438,3167311
2024-01-12,132.3000030517578,134.10000610351562,127.30000305175781,129.0,5533469
2024-01-15,132.8000030517578,135.5,132.3000030517578,132.8000030517578,4525109
2024-01-16,131.1999969482422,133.39999389648438,130.89999389648438,133.0,2567844
2024-01-17,130.6999969482422,131.8000030517578,129.5,130.8000030517578,2627428
2024-01-18,128.60000610351562,133.1999969482422,128.60000610351562,132.0,3841478
2024-01-19,128.6999969482422,130.60000610351562,128.60000610351562,129.10000610351562,2399352
2024-01-22,131.5,133.89999389648438,128.39999389648438,128.6999969482422,5087505
2024-01-23,133.3000030517578,134.39999389648438,131.0,132.39999389648438,3930939
2024-01-24,133.5,135.5,131.89999389648438,134.39999389648438,3902777
2024-01-25,136.5,137.10000610351562,134.39999389648438,134.39999389648438,4011168
2024-01-26,139.3000030517578,139.3000030517578,135.8000030517578,137.0,4166469
2024-01-29,141.60000610351562,144.1999969482422,139.60000610351562,140.39999389648438,5925325
2024-01-30,140.5,142.0,140.0,141.6999969482422,3897084
2024-01-31,141.60000610351562,142.5,140.0,140.39999389648438,4201749
2024-02-01,146.0,147.0,141.89999389648438,142.0,6605917
2024-02-02,146.8000030517578,150.89999389648438,145.60000610351562,146.6999969482422,5325940
2024-02-05,145.3000030517578,147.6999969482422,143.89999389648438,146.8000030517578,4255257
2024-02-06,148.8000030517578,149.3000030517578,146.3000030517578,147.60000610351562,4924383
2024-02-07,156.5,156.5,148.0,149.0,7044227
2024-02-08,158.89999389648438,163.0,157.8000030517578,160.60000610351562,7643515
2024-02-09,160.6999969482422,161.5,158.0,160.0,3465316
2024-02-12,160.60000610351562,161.89999389648438,159.0,160.6999969482422,4821541
2024-02-13,156.60000610351562,162.10000610351562,156.60000610351562,161.60000610351562,3764476
2024-02-14,158.5,158.89999389648438,155.5,156.60000610351562,2865441
2024-02-15,159.5,160.60000610351562,157.6999969482422,158.60000610351562,4808167
2024-02-16,156.39999389648438,160.5,156.10000610351562,160.10000610351562,2581541
2024-02-19,155.0,160.10000610351562,154.3000030517578,156.89999389648438,5594894
2024-02-20,160.10000610351562,160.5,155.0,155.1999969482422,2870798
2024-02-21,160.6999969482422,162.8000030517578,158.10000610351562,161.5,4013090
2024-02-22,160.1999969482422,163.39999389648438,159.3000030517578,161.0,3719869
2024-02-23,160.3000030517578,161.1999969482422,157.5,160.1999969482422,3553694
2024-02-26,159.5,162.1999969482422,158.89999389648438,161.5,2851287
2024-02-27,161.0,162.8000030517578,157.89999389648438,159.1999969482422,4109824
2024-02-28,160.0,162.8000030517578,158.60000610351562,160.5,4348978
2024-02-29,169.0,169.0,160.0,160.0,7850422
2024-03-01,166.0,171.5,164.8000030517578,168.89999389648438,4846790
2024-03-04,158.5,164.10000610351562,158.1999969482422,163.10000610351562,4821944
2024-03-05,159.1999969482422,160.39999389648438,156.1999969482422,158.60000610351562,3716307
2024-03-06,154.8000030517578,158.6999969482422,154.8000030517578,157.6999969482422,2566960
2024-03-07,159.0,159.3000030517578,156.5,156.5,3633555
2024-03-08,156.0,159.89999389648438,155.60000610351562,159.60000610351562,4689017
2024-03-11,156.89999389648438,158.60000610351562,156.10000610351562,157.60000610351562,3628588
2024-03-12,154.8000030517578,159.10000610351562,152.0,156.89999389648438,3415239
2024-03-13,152.60000610351562,155.8000030517578,152.10000610351562,154.5,2326764
2024-03-14,152.6999969482422,155.89999389648438,152.10000610351562,153.3000030517578,2610974
2024-03-15,149.39999389648438,153.60000610351562,149.0,152.89999389648438,2792236
2024-03-18,148.0,149.5,146.0,149.5,2413817
2024-03-19,152.5,152.5,146.60000610351562,148.39999389648438,3246393
2024-03-20,149.0,152.5,149.0,152.5,3316622
2024-03-21,150.6999969482422,153.1999969482422,148.89999389648438,150.39999389648438,5642526
2024-03-22,145.3000030517578,149.89999389648438,144.60000610351562,149.3000030517578,3772931
2024-03-25,145.0,150.89999389648438,144.89999389648438,145.39999389648438,3509504
2024-03-26,145.3000030517578,147.39999389648438,144.0,145.10000610351562,3156791
2024-03-27,147.0,147.8000030517578,143.0,145.0,2767197
2024-03-28,149.0,149.39999389648438,146.39999389648438,147.39999389648438,2255556
2024-03-29,148.0,150.3000030517578,143.89999389648438,149.89999389648438,4680168
2024-04-01,147.39999389648438,150.6999969482422,144.10000610351562,150.39999389648438,3077894
2024-04-02,152.0,155.0,147.5,147.5,5771326
2024-04-03,151.0,154.5,149.5,151.3000030517578,2434782
2024-04-04,157.6999969482422,158.5,151.0,151.0,4249225
2024-04-05,165.5,166.0,158.39999389648438,159.89999389648438,5274128
2024-04-08,167.0,169.3000030517578,163.0,166.0,5704767
2024-04-15,161.89999389648438,168.89999389648438,160.8000030517578,167.60000610351562,5266374
2024-04-16,162.0,164.39999389648438,158.0,160.1999969482422,4610959
2024-04-17,164.39999389648438,168.0,162.60000610351562,163.5,5586278
2024-04-18,161.5,166.0,160.3000030517578,164.6999969482422,2908093
2024-04-19,162.6999969482422,163.0,158.1999969482422,159.6999969482422,2480680
2024-04-22,161.0,166.60000610351562,160.39999389648438,164.0,3702077
2024-04-24,162.10000610351562,163.6999969482422,160.10000610351562,162.5,2738297
2024-04-25,168.8000030517578,170.89999389648438,161.5,162.10000610351562,7118619
2024-04-26,168.1999969482422,173.89999389648438,167.8000030517578,170.1999969482422,5632119
2024-04-29,164.6999969482422,165.89999389648438,161.0,162.5,6994165
2024-04-30,173.0,174.1999969482422,164.6999969482422,165.0,10064030
2024-05-02,176.60000610351562,177.3000030517578,172.60000610351562,174.0,5891006
2024-05-03,173.5,187.10000610351562,172.8000030517578,178.10000610351562,10942275
2024-05-06,179.1999969482422,181.0,171.6999969482422,173.89999389648438,5581100
2024-05-07,183.89999389648438,184.60000610351562,178.89999389648438,179.6999969482422,4845011
2024-05-08,180.6999969482422,184.6999969482422,179.60000610351562,183.39999389648438,2582164
2024-05-09,183.0,183.60000610351562,176.89999389648438,181.60000610351562,4148869
2024-05-10,182.10000610351562,186.8000030517578,181.89999389648438,183.10000610351562,4565083
2024-05-13,182.6999969482422,186.6999969482422,180.60000610351562,181.5,3707116
2024-05-14,185.60000610351562,186.1999969482422,178.5,182.8000030517578,3389724
2024-05-15,185.0,187.8000030517578,183.5,186.0,4636007
2024-05-16,187.8000030517578,188.10000610351562,182.3000030517578,185.10000610351562,4224355
2024-05-17,188.39999389648438,190.89999389648438,187.5,189.1999969482422,4419254
2024-05-20,190.1999969482422,191.89999389648438,188.10000610351562,189.3000030517578,3611391
2024-05-21,191.10000610351562,193.8000030517578,189.0,190.5,7003650
2024-05-22,195.0,195.39999389648438,190.0,191.10000610351562,4150065
2024-05-23,190.39999389648438,196.10000610351562,190.0,194.3000030517578,3644773
2024-05-24,187.1999969482422,190.6999969482422,185.0,190.39999389648438,2239955
2024-05-27,185.89999389648438,188.5,185.10000610351562,187.0,1286508
2024-05-28,187.0,188.5,184.89999389648438,185.3000030517578,2459771
2024-05-29,184.0,190.0,184.0,187.1999969482422,2688720
2024-05-30,181.8000030517578,184.60000610351562,178.60000610351562,183.39999389648438,3527703
2024-05-31,181.0,186.6999969482422,179.1999969482422,181.89999389648438,3628302
2024-06-03,176.3000030517578,182.3000030517578,173.60000610351562,181.89999389648438,3822343
2024-06-04,176.5,179.89999389648438,176.0,177.60000610351562,2853473
2024-06-05,173.89999389648438,177.6999969482422,171.5,177.0,2897621
2024-06-06,173.89999389648438,177.8000030517578,173.5,174.1999969482422,1946030
2024-06-07,166.89999389648438,175.1999969482422,166.3000030517578,175.0,2454143
2024-06-10,166.39999389648438,168.0,162.8000030517578,166.60000610351562,2377752
2024-06-11,167.5,168.5,165.6999969482422,167.5,2273715
2024-06-12,168.1999969482422,170.0,166.8000030517578,167.1999969482422,2030499
2024-06-13,173.5,173.5,169.10000610351562,170.39999389648438,1638297
2024-06-14,175.10000610351562,176.5,171.89999389648438,175.5,1404881
2024-06-20,175.0,178.1999969482422,173.3000030517578,177.10000610351562,1714768
2024-06-21,173.60000610351562,176.0,173.0,174.89999389648438,1931304
2024-06-24,170.0,174.6999969482422,169.10000610351562,173.89999389648438,1864787
2024-06-25,173.6999969482422,176.1999969482422,168.5,169.6999969482422,3763488
2024-06-26,175.0,179.10000610351562,173.1999969482422,173.6999969482422,4477987
2024-06-27,180.0,180.5,173.6999969482422,175.0,4078610
2024-06-28,174.39999389648438,182.3000030517578,173.89999389648438,181.0,3665632
2024-07-01,165.39999389648438,175.60000610351562,164.8000030517578,174.8000030517578,3294686
2024-07-02,165.0,165.5,162.0,165.3000030517578,1989538
2024-07-03,169.39999389648438,169.5,164.8000030517578,165.5,2271669
2024-07-04,175.0,175.10000610351562,169.6999969482422,169.6999969482422,2242165
2024-07-05,173.89999389648438,176.5,172.60000610351562,175.0,1966046
2024-07-08,169.39999389648438,174.5,169.3000030517578,173.89999389648438,2395086
2024-07-09,166.5,170.89999389648438,166.10000610351562,169.39999389648438,3157875
2024-07-10,165.5,168.89999389648438,165.3000030517578,168.89999389648438,2337832
2024-07-11,169.8000030517578,170.10000610351562,166.6999969482422,167.0,2323284
2024-07-12,170.60000610351562,174.5,168.10000610351562,169.39999389648438,4134789
2024-07-16,172.3000030517578,172.89999389648438,169.6999969482422,171.0,2819850
2024-07-17,171.39999389648438,173.6999969482422,170.39999389648438,172.6999969482422,2265685
2024-07-18,169.39999389648438,173.0,169.0,171.1999969482422,2235834
2024-07-19,166.0,169.1999969482422,165.5,169.10000610351562,2533238
2024-07-22,178.0,182.60000610351562,170.0,170.0,13920162
2024-07-23,180.1999969482422,184.5,177.3000030517578,178.1999969482422,6869800
2024-07-24,178.0,180.6999969482422,174.3000030517578,180.10000610351562,4063094
2024-07-25,175.8000030517578,182.1999969482422,175.39999389648438,176.8000030517578,3477764
2024-07-26,190.8000030517578,193.3000030517578,176.10000610351562,176.6999969482422,11666278
2024-07-29,183.0,191.0,183.0,188.6999969482422,6358762
2024-07-30,178.0,184.6999969482422,177.39999389648438,183.8000030517578,5335370
2024-07-31,168.0,174.5,167.60000610351562,174.0,6706936
2024-08-01,167.39999389648438,171.0,166.1999969482422,169.89999389648438,3443876
2024-08-02,160.6999969482422,165.8000030517578,159.10000610351562,165.10000610351562,4679731
2024-08-05,151.39999389648438,156.5,147.60000610351562,148.0,3627212
2024-08-06,151.6999969482422,157.10000610351562,151.39999389648438,156.1999969482422,2026425
2024-08-07,157.5,157.5,151.0,152.5,2406645
2024-08-08,159.6999969482422,160.0,156.10000610351562,156.6999969482422,1820228
2024-08-09,153.10000610351562,161.3000030517578,152.39999389648438,160.0,2048241
2024-08-12,147.39999389648438,153.89999389648438,147.10000610351562,153.6999969482422,2510287
2024-08-13,149.1999969482422,150.10000610351562,146.60000610351562,147.6999969482422,2349753
2024-08-14,147.0,150.89999389648438,147.0,150.5,1695244
2024-08-15,153.39999389648438,153.39999389648438,144.5,147.1999969482422,2646971
2024-08-16,151.0,153.89999389648438,149.6999969482422,153.39999389648438,2164402
2024-08-19,153.60000610351562,154.5,149.89999389648438,151.0,1828299
2024-08-20,153.10000610351562,155.10000610351562,151.60000610351562,153.0,1749796
2024-08-21,150.5,154.89999389648438,149.89999389648438,153.10000610351562,1966900
2024-08-22,148.8000030517578,152.3000030517578,148.60000610351562,151.0,1820902
2024-08-23,142.5,149.3000030517578,141.89999389648438,148.8000030517578,3527095
2024-08-26,139.89999389648438,143.89999389648438,139.89999389648438,143.39999389648438,2084069
2024-08-27,141.0,141.39999389648438,139.1999969482422,139.6999969482422,1893962
2024-08-28,143.89999389648438,144.3000030517578,140.6999969482422,141.10000610351562,1741324
2024-08-29,144.10000610351562,146.3000030517578,142.5,144.39999389648438,2517002
2024-09-02,146.6999969482422,147.60000610351562,145.0,145.0,2054071
2024-09-03,147.8000030517578,150.3000030517578,145.0,146.89999389648438,2155362
2024-09-04,143.10000610351562,148.60000610351562,142.0,147.0,2707384
2024-09-05,145.1999969482422,146.0,143.39999389648438,143.8000030517578,1788097
2024-09-06,142.10000610351562,144.60000610351562,142.0,144.1999969482422,1490916
2024-09-09,138.0,143.5,138.0,142.3000030517578,1852134
2024-09-10,138.10000610351562,139.5,136.1999969482422,138.60000610351562,1197725
2024-09-11,133.89999389648438,138.3000030517578,133.8000030517578,137.8000030517578,1987072
2024-09-12,138.3000030517578,138.3000030517578,133.0,135.0,2023609
2024-09-13,141.8000030517578,141.8000030517578,137.10000610351562,138.3000030517578,1238176
2024-09-16,138.0,142.89999389648438,138.0,141.8000030517578,1334646
2024-09-17,141.1999969482422,142.0,137.89999389648438,138.10000610351562,1819242
2024-09-18,141.1999969482422,143.0,139.39999389648438,141.1999969482422,2060342
2024-09-19,144.89999389648438,145.1999969482422,142.10000610351562,143.3000030517578,2143558
2024-09-20,145.5,146.5,143.60000610351562,144.8000030517578,1960553
2024-09-23,145.8000030517578,147.1999969482422,143.6999969482422,146.5,1219852
2024-09-24,147.3000030517578,148.60000610351562,144.89999389648438,146.0,2366199
2024-09-25,145.8000030517578,149.5,145.10000610351562,147.3000030517578,1822674
2024-09-26,146.1999969482422,148.39999389648438,145.60000610351562,145.8000030517578,1512200
2024-09-27,147.89999389648438,148.60000610351562,145.8000030517578,147.0,1658765
2024-09-30,144.3000030517578,148.60000610351562,143.5,147.1999969482422,2499677
2024-10-01,138.8000030517578,145.3000030517578,137.8000030517578,145.0,2574589
2024-10-02,136.3000030517578,140.10000610351562,136.0,138.60000610351562,2103194
2024-10-03,138.6999969482422,140.6999969482422,135.8000030517578,136.8000030517578,1989148
2024-10-04,139.5,139.60000610351562,134.10000610351562,139.1999969482422,2441735
2024-10-07,141.3000030517578,143.1999969482422,139.10000610351562,139.10000610351562,1224235
2024-10-08,143.8000030517578,144.5,140.3000030517578,143.0,1773196
2024-10-09,144.39999389648438,144.60000610351562,140.5,143.8000030517578,1184586
2024-10-10,141.5,146.39999389648438,141.5,144.60000610351562,1877083
2024-10-11,140.10000610351562,144.8000030517578,139.10000610351562,142.5,2015893
2024-10-14,136.3000030517578,140.5,135.10000610351562,140.5,1291322
2024-10-15,140.3000030517578,141.1999969482422,136.3000030517578,136.60000610351562,1676713
2024-10-16,139.6999969482422,140.0,137.0,139.89999389648438,1987589
2024-10-17,143.1999969482422,143.60000610351562,139.39999389648438,139.6999969482422,1681497
2024-10-18,147.0,148.1999969482422,143.39999389648438,143.5,3846791
2024-10-21,139.0,147.10000610351562,139.0,147.0,2006607
2024-10-22,140.1999969482422,141.39999389648438,138.8000030517578,139.10000610351562,1988124
2024-10-23,139.3000030517578,142.89999389648438,139.3000030517578,140.3000030517578,1754152
2024-10-24,141.3000030517578,141.89999389648438,139.1999969482422,140.10000610351562,1674464
2024-10-25,139.39999389648438,140.39999389648438,138.1999969482422,139.6999969482422,1357225
2024-10-28,131.89999389648438,134.39999389648438,130.6999969482422,133.89999389648438,3191222
2024-10-30,131.5,133.1999969482422,131.5,132.10000610351562,2430093
2024-10-31,128.5,132.1999969482422,128.5,131.89999389648438,2576243
2024-11-01,128.60000610351562,130.10000610351562,128.3000030517578,128.6999969482422,1954195
2024-11-04,123.69999694824219,128.5,123.0,128.10000610351562,2111318
2024-11-05,124.80000305175781,126.0,123.30000305175781,124.30000305175781,1661729
2024-11-06,127.4000015258789,128.60000610351562,124.4000015258789,125.0,1919575
2024-11-07,132.1999969482422,132.39999389648438,127.5999984741211,127.69999694824219,3069414
2024-11-08,135.8000030517578,136.1999969482422,130.39999389648438,131.0,2942274
2024-11-11,137.6999969482422,138.1999969482422,135.6999969482422,135.89999389648438,2007607
2024-11-12,136.0,137.8000030517578,135.0,137.6999969482422,1392333
2024-11-13,137.1999969482422,138.5,134.0,134.5,1974503
2024-11-14,137.39999389648438,139.89999389648438,136.5,137.3000030517578,1542502
2024-11-15,138.5,140.3000030517578,137.3000030517578,137.39999389648438,2119527
2024-11-18,140.10000610351562,140.1999969482422,136.6999969482422,139.0,1692046
2024-11-19,136.60000610351562,142.1999969482422,135.1999969482422,140.5,2093093
2024-11-20,132.5,138.8000030517578,132.5,136.39999389648438,1511578
2024-11-21,138.3000030517578,139.10000610351562,133.0,133.5,1478135
2024-11-22,142.5,142.5,137.6999969482422,138.0,1348027
2024-11-25,144.0,146.0,142.60000610351562,145.0,5230125
2024-11-26,143.5,143.6999969482422,140.10000610351562,143.5,3211953
2024-11-27,143.1999969482422,146.1999969482422,142.8000030517578,145.10000610351562,2241676
2024-11-28,143.39999389648438,144.0,141.39999389648438,142.0,1271657
2024-11-29,142.89999389648438,145.0,141.6999969482422,143.39999389648438,1392316
2024-12-02,143.0,144.0,141.1999969482422,142.39999389648438,1202044
2024-12-03,142.8000030517578,146.8000030517578,142.8000030517578,143.0,2125634
2024-12-04,145.3000030517578,146.0,143.0,143.0,2174039
2024-12-05,145.10000610351562,147.0,144.1999969482422,146.0,1552372
2024-12-06,144.89999389648438,148.1999969482422,144.89999389648438,146.0,2361173
2024-12-09,150.0,150.10000610351562,146.10000610351562,146.1999969482422,3178199
2024-12-10,147.0,151.10000610351562,147.0,150.8000030517578,2545756
2024-12-11,148.8000030517578,150.8000030517578,147.89999389648438,148.0,2349975
2024-12-12,148.3000030517578,151.8000030517578,148.10000610351562,149.10000610351562,1857247
2024-12-13,151.5,151.60000610351562,146.10000610351562,148.10000610351562,1502064
2024-12-16,150.1999969482422,152.89999389648438,150.1999969482422,152.0,1195356
2024-12-17,148.8000030517578,151.10000610351562,147.5,149.60000610351562,1303529
2024-12-18,145.89999389648438,149.8000030517578,145.39999389648438,148.10000610351562,1285800
2024-12-19,142.6999969482422,146.1999969482422,142.5,146.0,1488492
2024-12-20,142.10000610351562,144.10000610351562,142.0,142.5,1190038
2024-12-23,139.39999389648438,143.8000030517578,139.39999389648438,142.5,1055534
2024-12-24,141.3000030517578,142.5,139.89999389648438,139.89999389648438,830787
2024-12-25,141.6999969482422,143.89999389648438,141.39999389648438,143.10000610351562,1156241
2024-12-26,141.3000030517578,144.60000610351562,140.8000030517578,142.39999389648438,1357486
2024-12-27,142.89999389648438,143.6999969482422,141.3000030517578,141.3000030517578,1485666
2024-12-30,142.6999969482422,143.39999389648438,141.8000030517578,143.0,925175
2024-12-31,142.0,143.89999389648438,139.39999389648438,142.39999389648438,1668492
2025-01-02,144.0,144.3000030517578,141.39999389648438,142.6999969482422,1313461
2025-01-03,145.0,146.60000610351562,143.8000030517578,144.10000610351562,2308410
2025-01-06,144.39999389648438,147.10000610351562,144.39999389648438,145.6999969482422,2009726
2025-01-07,145.1999969482422,146.1999969482422,143.1999969482422,144.0,1815047
2025-01-08,142.39999389648438,145.5,142.39999389648438,144.8000030517578,2424706
2025-01-09,142.6999969482422,144.5,141.10000610351562,142.6999969482422,1764586
2025-01-10,137.1999969482422,142.89999389648438,137.1999969482422,142.39999389648438,3859578
2025-01-13,131.89999389648438,137.1999969482422,131.8000030517578,137.1999969482422,2694614
2025-01-14,128.8000030517578,133.1999969482422,128.5,132.3000030517578,2985772
2025-01-15,128.39999389648438,129.1999969482422,127.0,129.1999969482422,2698774
2025-01-16,129.5,130.8000030517578,127.5999984741211,129.5,2174189
2025-01-17,128.0,130.3000030517578,128.0,129.5,2235515
2025-01-20,127.30000305175781,129.60000610351562,126.0,128.6999969482422,4475906
2025-01-21,126.0,127.80000305175781,125.80000305175781,127.19999694824219,2731371
2025-01-22,126.5999984741211,127.30000305175781,125.0,126.19999694824219,2612588
2025-01-23,130.10000610351562,130.10000610351562,127.30000305175781,127.4000015258789,4555925
2025-01-24,131.0,131.3000030517578,129.5,130.8000030517578,2236384
2025-01-27,130.6999969482422,132.60000610351562,129.0,130.0,3330362
2025-01-28,133.39999389648438,133.60000610351562,130.89999389648438,130.89999389648438,3911676
2025-01-29,128.8000030517578,134.5,128.60000610351562,133.39999389648438,3493399
2025-01-30,129.3000030517578,131.3000030517578,129.0,129.10000610351562,2584518
2025-01-31,127.0,131.5,126.69999694824219,129.3000030517578,2487069
2025-02-03,127.9000015258789,129.8000030517578,123.5,126.5,4280518
2025-02-04,130.8000030517578,132.0,126.0999984741211,128.1999969482422,4214261
2025-02-05,128.3000030517578,132.10000610351562,126.80000305175781,131.10000610351562,2770938
2025-02-06,127.4000015258789,130.0,126.5,129.0,3030171
2025-02-07,128.10000610351562,128.5,126.69999694824219,127.4000015258789,2325120
2025-02-10,128.39999389648438,130.6999969482422,128.10000610351562,128.89999389648438,3077288
2025-02-11,131.5,131.6999969482422,127.0,128.6999969482422,4208320
2025-02-12,127.19999694824219,132.10000610351562,127.0,131.6999969482422,3174962
2025-02-13,129.1999969482422,129.3000030517578,127.5,128.3000030517578,2811697
2025-02-14,128.39999389648438,130.10000610351562,128.1999969482422,129.3000030517578,1673437
2025-02-17,127.0999984741211,129.39999389648438,126.80000305175781,128.60000610351562,2274696
2025-02-18,128.39999389648438,128.60000610351562,126.0999984741211,126.9000015258789,2573869
2025-02-19,125.9000015258789,129.10000610351562,125.5,128.8000030517578,2479846
2025-02-20,127.4000015258789,128.10000610351562,125.4000015258789,125.69999694824219,2772300
2025-02-21,124.5999984741211,128.1999969482422,123.4000015258789,127.4000015258789,2836694
2025-02-24,124.4000015258789,126.5999984741211,124.0999984741211,126.5,1809498
2025-02-25,122.19999694824219,124.9000015258789,122.0999984741211,124.4000015258789,1482584
2025-02-26,123.80000305175781,124.5,120.4000015258789,122.19999694824219,2155990
2025-02-27,126.69999694824219,127.19999694824219,123.0,123.5999984741211,2332000
2025-02-28,127.5999984741211,127.5999984741211,123.5999984741211,126.0,2843397
2025-03-03,127.5999984741211,130.3000030517578,126.9000015258789,127.5999984741211,3071663
2025-03-04,126.0,127.30000305175781,125.19999694824219,127.0999984741211,1947239
2025-03-05,133.0,133.0,126.69999694824219,126.69999694824219,3550485
2025-03-06,140.60000610351562,140.60000610351562,133.10000610351562,134.3000030517578,4372290
2025-03-07,145.6999969482422,145.89999389648438,139.39999389648438,140.0,5427423
2025-03-10,142.3000030517578,146.1999969482422,140.10000610351562,145.6999969482422,3324416
2025-03-11,144.8000030517578,146.0,140.89999389648438,141.89999389648438,3627367
2025-03-12,148.0,148.10000610351562,143.5,146.0,3213585
2025-03-13,147.5,151.0,145.60000610351562,149.0,3708213
2025-03-14,147.39999389648438,148.6999969482422,145.89999389648438,147.60000610351562,2540274
2025-03-17,147.0,150.60000610351562,146.89999389648438,147.5,2875651
2025-03-18,150.1999969482422,151.0,145.0,146.89999389648438,3148214
2025-03-19,143.5,152.0,139.0,139.0,5940877
2025-03-20,148.1999969482422,152.39999389648438,144.89999389648438,145.10000610351562,4359205
2025-03-21,137.6999969482422,149.5,136.1999969482422,149.1999969482422,4068890
2025-03-24,141.1999969482422,144.3000030517578,133.1999969482422,138.8000030517578,2700719
2025-03-25,142.6999969482422,147.3000030517578,139.1999969482422,141.6999969482422,3369159
2025-03-26,141.1999969482422,143.89999389648438,139.10000610351562,140.60000610351562,2050762
2025-03-27,136.0,142.39999389648438,134.5,141.3000030517578,3055429
2025-03-28,137.10000610351562,138.1999969482422,132.60000610351562,138.1999969482422,2931182
2025-04-02,132.1999969482422,137.10000610351562,131.60000610351562,137.10000610351562,2678528
2025-04-03,133.0,135.8000030517578,131.5,131.60000610351562,3037555
2025-04-04,132.6999969482422,134.10000610351562,130.5,133.0,1536146
2025-04-07,132.10000610351562,132.6999969482422,126.19999694824219,129.0,3063919
2025-04-08,137.39999389648438,139.3000030517578,132.8000030517578,133.5,3733655
2025-04-09,135.10000610351562,137.39999389648438,133.60000610351562,136.5,2484264
2025-04-10,135.0,139.6999969482422,133.6999969482422,139.3000030517578,2125262
2025-04-11,131.0,134.60000610351562,129.89999389648438,133.5,2946520
2025-04-14,130.8000030517578,132.8000030517578,129.60000610351562,132.0,2090647
2025-04-15,127.0,132.3000030517578,127.0,130.89999389648438,1922150
2025-04-16,123.19999694824219,126.69999694824219,122.80000305175781,126.4000015258789,2638752
2025-04-17,124.30000305175781,125.30000305175781,120.30000305175781,123.19999694824219,4621043
2025-04-18,121.4000015258789,126.19999694824219,120.80000305175781,125.19999694824219,3220220
2025-04-21,121.69999694824219,124.30000305175781,121.0999984741211,122.0,3395900
2025-04-22,121.5999984741211,123.4000015258789,121.0999984741211,122.30000305175781,1964979
2025-04-24,123.80000305175781,124.0999984741211,120.5,122.0999984741211,2312268
2025-04-25,123.0999984741211,125.5,123.0999984741211,123.5,2319549
2025-04-28,118.5,122.5,118.0999984741211,122.0,2333460
2025-04-29,116.4000015258789,119.5999984741211,116.30000305175781,118.30000305175781,2135140
2025-04-30,113.69999694824219,116.69999694824219,113.69999694824219,116.0,1977316
2025-05-02,112.80000305175781,115.4000015258789,112.5,114.30000305175781,2040335
2025-05-05,112.30000305175781,114.0,110.69999694824219,113.0999984741211,2041307
2025-05-06,111.19999694824219,113.9000015258789,110.5999984741211,112.0999984741211,2641231
2025-05-07,112.5,113.19999694824219,110.30000305175781,110.5,2436619
2025-05-08,113.0,113.80000305175781,111.5,113.30000305175781,1398653
2025-05-09,116.0,116.69999694824219,113.0999984741211,113.5999984741211,2575911
2025-05-12,123.80000305175781,123.9000015258789,118.30000305175781,118.5999984741211,3073904
2025-05-13,121.0999984741211,124.0,120.5,124.0,2529447
2025-05-14,121.30000305175781,122.5,120.0,120.5999984741211,2145234
2025-05-15,116.0,122.30000305175781,115.0999984741211,120.9000015258789,3202502
2025-05-16,118.69999694824219,119.0,115.30000305175781,115.5,2947619
2025-05-20,116.0999984741211,119.30000305175781,115.9000015258789,118.69999694824219,1611212
2025-05-21,114.0,116.4000015258789,114.0,115.80000305175781,1976448
2025-05-22,115.0,116.9000015258789,113.69999694824219,115.0,2277221
2025-05-23,112.30000305175781,115.0,111.5999984741211,114.19999694824219,2304110
2025-05-26,111.0,112.80000305175781,111.0,112.4000015258789,1546551
2025-05-27,107.5999984741211,111.9000015258789,106.9000015258789,111.30000305175781,2994641
2025-05-28,106.5,108.0999984741211,105.9000015258789,107.69999694824219,2186542
2025-05-29,107.30000305175781,108.69999694824219,106.69999694824219,107.9000015258789,1866428
2025-05-30,105.4000015258789,108.19999694824219,104.30000305175781,106.9000015258789,2497957
2025-06-02,105.5,106.0,103.0999984741211,105.0,1971557
2025-06-03,108.69999694824219,109.30000305175781,106.0,106.0999984741211,2924376
2025-06-04,110.30000305175781,110.30000305175781,107.9000015258789,108.19999694824219,1437487
2025-06-05,111.0,111.0,109.19999694824219,110.30000305175781,467231
2025-06-10,112.0999984741211,112.5999984741211,110.9000015258789,111.69999694824219,2118514
2025-06-11,112.4000015258789,114.0999984741211,111.30000305175781,112.0999984741211,2212661
2025-06-12,109.9000015258789,112.69999694824219,109.5,111.0,1421635
2025-06-13,109.0,109.0,103.9000015258789,103.9000015258789,2072982
2025-06-16,112.30000305175781,112.5999984741211,106.80000305175781,109.0,2364008
2025-06-17,110.5999984741211,112.5999984741211,110.19999694824219,111.5999984741211,1178666
2025-06-18,110.5999984741211,111.69999694824219,107.9000015258789,109.0999984741211,1618702
2025-06-19,111.0999984741211,112.5999984741211,109.0999984741211,111.19999694824219,1528111
2025-06-20,109.0999984741211,113.4000015258789,108.5999984741211,111.0999984741211,2447794
2025-06-23,109.69999694824219,111.0,106.9000015258789,107.80000305175781,1467757
2025-06-24,117.19999694824219,117.30000305175781,112.9000015258789,113.0999984741211,2697924
2025-06-25,117.19999694824219,119.69999694824219,116.5,117.19999694824219,2009927
2025-06-26,120.0,121.30000305175781,116.5999984741211,116.5999984741211,2388435
2025-06-27,120.0999984741211,122.5999984741211,117.30000305175781,120.69999694824219,3535747
2025-06-30,122.5,124.5,118.5,119.80000305175781,4537484
2025-07-01,128.39999389648438,129.0,123.80000305175781,123.9000015258789,3452990
2025-07-02,126.0999984741211,130.3000030517578,125.19999694824219,128.0,2723927
2025-07-03,128.0,129.3000030517578,126.5999984741211,127.4000015258789,2002459
2025-07-04,128.10000610351562,128.89999389648438,125.4000015258789,128.5,1688927
2025-07-07,123.0999984741211,125.5,120.0,124.5,1888356
2025-07-08,122.5999984741211,124.5999984741211,121.4000015258789,123.5999984741211,1074309
2025-07-09,125.0,125.0,121.80000305175781,122.30000305175781,1854141
2025-07-10,127.5999984741211,128.3000030517578,125.5,125.5999984741211,1783380
2025-07-11,126.0999984741211,130.10000610351562,125.9000015258789,128.1999969482422,2580045
2025-07-14,122.69999694824219,126.30000305175781,122.4000015258789,126.0999984741211,1585339
2025-07-16,124.5,125.80000305175781,121.5,122.0,2371551
2025-07-17,128.1999969482422,129.3000030517578,124.0999984741211,124.0999984741211,2657956
2025-07-18,130.0,130.89999389648438,127.0,128.0,2314875
2025-07-21,130.3000030517578,132.0,129.60000610351562,130.0,2424543
2025-07-22,128.60000610351562,131.39999389648438,128.60000610351562,130.5,1972729
2025-07-23,125.69999694824219,128.60000610351562,123.9000015258789,128.10000610351562,3792693
2025-07-24,126.5999984741211,128.1999969482422,124.9000015258789,126.0,2892606
2025-07-25,126.0,127.5999984741211,125.19999694824219,126.5999984741211,2665002
2025-07-28,121.30000305175781,124.0999984741211,120.80000305175781,124.0,4121848
2025-07-29,121.5999984741211,122.5,119.5999984741211,121.30000305175781,2750524
2025-07-30,125.69999694824219,128.5,120.5,120.9000015258789,4570324
2025-07-31,125.0999984741211,126.80000305175781,123.9000015258789,126.0,2692600
2025-08-01,128.0,128.39999389648438,124.0999984741211,124.69999694824219,3497530
2025-08-04,133.1999969482422,133.8000030517578,128.89999389648438,129.39999389648438,4109714
2025-08-05,137.8000030517578,139.0,133.0,133.8000030517578,4827816
2025-08-06,138.0,138.89999389648438,136.10000610351562,137.8000030517578,1803597
2025-08-07,138.1999969482422,140.5,137.1999969482422,138.10000610351562,1890188
2025-08-08,136.5,139.89999389648438,135.0,138.3000030517578,1452169
2025-08-11,137.1999969482422,139.5,136.5,136.5,1241542
2025-08-12,138.5,139.89999389648438,135.39999389648438,137.0,1663620
2025-08-13,138.89999389648438,140.5,138.1999969482422,138.6999969482422,1881996
2025-08-14,139.0,141.1999969482422,137.89999389648438,138.89999389648438,2964823
2025-08-15,140.0,140.6999969482422,138.0,138.8000030517578,1424125
2025-08-18,145.3000030517578,146.60000610351562,139.8000030517578,140.3000030517578,2891361
2025-08-19,143.6999969482422,146.89999389648438,142.8000030517578,145.10000610351562,2301856
2025-08-20,145.10000610351562,145.6999969482422,141.6999969482422,143.3000030517578,1740616
2025-08-21,145.6999969482422,147.39999389648438,144.5,145.1999969482422,1737298
2025-08-22,145.8000030517578,146.89999389648438,143.60000610351562,146.1999969482422,1146479
2025-08-25,144.6999969482422,147.5,143.6999969482422,147.0,2005498
2025-08-26,142.3000030517578,145.60000610351562,142.3000030517578,144.6999969482422,1988825
2025-08-27,142.39999389648438,145.89999389648438,141.89999389648438,143.0,2302954
2025-08-28,141.1999969482422,144.89999389648438,140.8000030517578,142.3000030517578,1889234
2025-08-29,137.0,142.89999389648438,136.10000610351562,141.5,3321013
2025-09-01,135.39999389648438,137.8000030517578,133.10000610351562,137.6999969482422,2189804
2025-09-02,129.6999969482422,136.3000030517578,126.4000015258789,136.0,2989264
2025-09-03,126.5,129.8000030517578,125.5,129.6999969482422,2195040
2025-09-04,127.69999694824219,128.5,126.0999984741211,127.0999984741211,2875251
2025-09-05,125.4000015258789,128.60000610351562,125.4000015258789,128.0,2296747
2025-09-08,122.5999984741211,124.80000305175781,121.4000015258789,124.80000305175781,1982269
2025-09-09,121.80000305175781,126.19999694824219,121.5,122.5999984741211,3294301
2025-09-10,126.19999694824219,126.9000015258789,121.4000015258789,123.0,2825212
2025-09-11,121.9000015258789,127.30000305175781,121.9000015258789,126.19999694824219,2093007
2025-09-12,123.4000015258789,124.9000015258789,120.30000305175781,121.9000015258789,1633731
2025-09-15,131.89999389648438,132.1999969482422,121.69999694824219,123.69999694824219,3720741
2025-09-16,136.0,137.1999969482422,129.6999969482422,132.39999389648438,3685411
2025-09-17,135.39999389648438,137.1999969482422,134.1999969482422,136.0,2121867
2025-09-18,133.39999389648438,138.10000610351562,133.3000030517578,135.6999969482422,1857698
2025-09-19,136.5,136.5,133.3000030517578,133.39999389648438,2180936
2025-09-22,136.0,140.8000030517578,134.60000610351562,139.6999969482422,3684514
2025-09-23,135.1999969482422,136.6999969482422,133.60000610351562,133.8000030517578,2731009
2025-09-24,133.6999969482422,135.6999969482422,132.3000030517578,135.0,1568372
2025-09-25,132.6999969482422,135.89999389648438,130.5,134.10000610351562,3105115
2025-09-26,129.10000610351562,133.1999969482422,129.10000610351562,132.5,1767830
2025-09-29,126.5999984741211,131.39999389648438,126.5999984741211,129.10000610351562,2067241
2025-09-30,126.5,128.6999969482422,126.19999694824219,127.19999694824219,4704783
2025-10-01,121.5999984741211,127.19999694824219,119.69999694824219,126.80000305175781,12682139
2025-10-02,120.0999984741211,122.5,118.0,122.0,5650563
2025-10-03,117.0,120.5,117.0,120.30000305175781,2281851
2025-10-06,117.0999984741211,118.30000305175781,115.80000305175781,117.5999984741211,2118323
2025-10-07,116.5,117.5,115.4000015258789,117.19999694824219,3303176
2025-10-08,116.19999694824219,121.0999984741211,116.0999984741211,116.9000015258789,5227109
2025-10-09,114.19999694824219,118.5999984741211,113.19999694824219,117.30000305175781,4386440
2025-10-10,113.5,114.5999984741211,112.30000305175781,114.5,3989996
2025-10-13,111.4000015258789,113.30000305175781,111.0999984741211,112.4000015258789,2948492
2025-10-14,108.5,112.19999694824219,108.0,111.69999694824219,3557105
2025-10-15,109.0999984741211,110.19999694824219,107.30000305175781,108.69999694824219,5098186
2025-10-16,106.9000015258789,110.0999984741211,106.4000015258789,109.5,5507692
2025-10-17,105.80000305175781,107.5999984741211,103.9000015258789,106.4000015258789,3686899
2025-10-20,107.5,107.5999984741211,103.30000305175781,106.4000015258789,5731986
2025-10-21,106.5999984741211,108.30000305175781,105.9000015258789,108.19999694824219,3999619
2025-10-22,105.80000305175781,108.0,105.0999984741211,106.9000015258789,5896814
2025-10-23,106.0999984741211,107.19999694824219,105.4000015258789,106.0,4360262
2025-10-24,111.4000015258789,112.0,106.5999984741211,107.4000015258789,8129773
2025-10-27,109.5999984741211,111.69999694824219,109.19999694824219,110.5999984741211,4621097
2025-10-28,107.9000015258789,109.30000305175781,107.30000305175781,109.30000305175781,2157564
2025-10-30,107.5999984741211,108.5999984741211,106.80000305175781,107.9000015258789,3700033
2025-10-31,110.5999984741211,110.9000015258789,106.69999694824219,107.19999694824219,4828610
2025-11-03,113.0,114.9000015258789,111.9000015258789,111.9000015258789,4804910
2025-11-04,112.0999984741211,113.9000015258789,111.5,113.0,2692274
2025-11-05,112.69999694824219,114.0,111.0999984741211,112.19999694824219,3147025
2025-11-06,112.0999984741211,113.5,111.69999694824219,113.19999694824219,2564306
2025-11-07,108.30000305175781,112.19999694824219,107.19999694824219,112.0999984741211,4128867
2025-11-10,107.30000305175781,109.4000015258789,106.5999984741211,109.0,3079581
2025-11-11,104.5,107.9000015258789,101.9000015258789,107.19999694824219,3551513
2025-11-12,103.5999984741211,106.0999984741211,103.4000015258789,105.5,2736316
2025-11-13,104.5,105.0999984741211,103.4000015258789,103.5999984741211,3222797
2025-11-14,104.19999694824219,105.0,102.80000305175781,104.5999984741211,2148259
2025-11-17,105.9000015258789,106.80000305175781,104.5999984741211,104.5999984741211,2071976
2025-11-18,104.5999984741211,106.5999984741211,103.5999984741211,105.0,2188695
2025-11-19,106.0999984741211,106.69999694824219,104.69999694824219,105.0999984741211,2920825
2025-11-20,106.9000015258789,107.69999694824219,106.0999984741211,106.80000305175781,2044963
2025-11-21,107.5,107.5,105.5999984741211,106.0999984741211,2008773
2025-11-24,106.69999694824219,108.5,106.0,108.0,3078330
2025-11-25,106.0,108.19999694824219,105.80000305175781,106.9000015258789,3264762
2025-11-26,105.5,106.30000305175781,104.9000015258789,106.19999694824219,2926124
2025-11-27,105.80000305175781,108.0,105.4000015258789,106.19999694824219,3830971
2025-11-28,105.69999694824219,107.4000015258789,105.0,105.80000305175781,4663946
2025-12-01,109.19999694824219,109.19999694824219,105.19999694824219,105.69999694824219,3228720
2025-12-02,108.5999984741211,110.0,107.69999694824219,109.19999694824219,1955006
2025-12-03,106.80000305175781,110.9000015258789,106.69999694824219,109.0999984741211,3306713
2025-12-04,104.5,107.5999984741211,104.19999694824219,107.0,2830530
2025-12-05,105.69999694824219,106.5,103.80000305175781,104.0,2520039
2025-12-08,108.30000305175781,109.0999984741211,106.0999984741211,106.0999984741211,2055539
2025-12-09,107.0,108.80000305175781,106.5,108.4000015258789,1670035
2025-12-10,106.80000305175781,108.9000015258789,106.5,107.0999984741211,2169680
2025-12-11,108.4000015258789,109.0,107.19999694824219,107.30000305175781,2752265
2025-12-12,109.30000305175781,110.69999694824219,108.5,108.80000305175781,2869600
2025-12-15,109.69999694824219,111.19999694824219,108.9000015258789,110.0999984741211,2636494
2025-12-16,107.9000015258789,110.0999984741211,107.30000305175781,109.5999984741211,1922724
2025-12-17,107.5999984741211,108.5,107.0999984741211,107.69999694824219,1487624
2025-12-18,108.4000015258789,109.0,107.30000305175781,108.5,1991801
2025-12-19,107.69999694824219,108.5,106.80000305175781,108.5,1515238
2025-12-22,105.69999694824219,111.0999984741211,105.4000015258789,110.4000015258789,5377419
2025-12-23,104.4000015258789,106.4000015258789,102.5999984741211,106.4000015258789,4427913
2025-12-24,107.80000305175781,108.0,104.4000015258789,104.4000015258789,3562192
2025-12-25,108.19999694824219,108.4000015258789,106.9000015258789,108.30000305175781,1058723
2025-12-26,107.30000305175781,108.4000015258789,105.80000305175781,108.4000015258789,1432004
2025-12-29,102.69999694824219,107.0999984741211,102.5999984741211,107.0999984741211,3633573
2025-12-30,101.5,103.4000015258789,99.6500015258789,103.19999694824219,6244437
2025-12-31,101.0,102.5,101.0,101.4000015258789,2076949
2026-01-02,104.9000015258789,104.9000015258789,101.5999984741211,102.0999984741211,2297070
2026-01-05,107.0,107.30000305175781,104.4000015258789,105.30000305175781,2844569
2026-01-06,110.0999984741211,111.80000305175781,106.0999984741211,106.9000015258789,5459006
2026-01-07,109.9000015258789,112.19999694824219,109.5999984741211,110.19999694824219,5521809
2026-01-08,111.5,112.30000305175781,108.5,109.9000015258789,5119495
2026-01-09,109.19999694824219,112.19999694824219,108.30000305175781,111.80000305175781,4017499
2026-01-12,109.69999694824219,110.69999694824219,107.69999694824219,109.5,3092188
2026-01-13,112.19999694824219,113.0,109.19999694824219,109.69999694824219,5119864
2026-01-14,111.5,114.69999694824219,111.4000015258789,112.5,4766471
2026-01-15,111.19999694824219,112.4000015258789,108.30000305175781,111.0999984741211,5578679
2026-01-16,114.4000015258789,114.9000015258789,111.19999694824219,111.19999694824219,4192470
2026-01-19,114.30000305175781,116.19999694824219,113.69999694824219,116.0,4720705
2026-01-20,110.19999694824219,114.0999984741211,109.80000305175781,114.0999984741211,4836257
2026-01-21,110.0,111.0,108.69999694824219,110.19999694824219,3213800
2026-01-22,112.0,112.19999694824219,109.69999694824219,111.0,4065013
2026-01-23,114.4000015258789,115.4000015258789,112.30000305175781,112.69999694824219,4785030
2026-01-26,114.5,114.69999694824219,112.69999694824219,114.19999694824219,3194157
2026-01-27,113.0,116.0999984741211,112.19999694824219,115.0,5684151
2026-01-28,114.0,114.9000015258789,113.0,113.0,5586275
2026-01-29,116.69999694824219,117.4000015258789,113.69999694824219,114.0999984741211,9019748
2026-01-30,114.0,117.80000305175781,113.0999984741211,116.9000015258789,8126936
2026-02-02,115.0,115.5999984741211,111.0999984741211,113.5,6261165
2026-02-03,118.19999694824219,118.80000305175781,115.19999694824219,115.5,7208582
2026-02-04,120.5,122.80000305175781,117.5999984741211,119.0,9886859
2026-02-05,121.0,124.0999984741211,119.30000305175781,120.5,9211107
2026-02-06,123.0,123.4000015258789,117.5,121.0,6528538
2026-02-09,124.69999694824219,126.5,124.19999694824219,126.0,4834750
2026-02-10,123.0,124.80000305175781,122.30000305175781,124.69999694824219,2979162
2026-02-11,122.69999694824219,124.19999694824219,121.69999694824219,122.0,4301436
2026-02-12,131.3000030517578,132.0,123.0999984741211,123.0999984741211,6664457
2026-02-13,132.39999389648438,132.5,128.8000030517578,132.3000030517578,4261442
2026-02-16,135.3000030517578,135.39999389648438,132.5,132.6999969482422,3613892
2026-02-17,131.89999389648438,136.0,131.6999969482422,134.6999969482422,3561239
2026-02-18,127.9000015258789,133.39999389648438,126.80000305175781,131.89999389648438,5245970
2026-02-19,120.80000305175781,127.69999694824219,120.0,127.5999984741211,4255558
2026-02-20,120.5,121.5999984741211,119.30000305175781,120.4000015258789,2708809
2026-02-23,124.4000015258789,124.9000015258789,120.80000305175781,121.0999984741211,3735666
2026-02-24,121.0,124.4000015258789,120.19999694824219,124.4000015258789,2853950
2026-02-25,118.80000305175781,121.80000305175781,118.0,121.4000015258789,2549977
2026-02-26,118.5999984741211,119.80000305175781,117.69999694824219,118.80000305175781,2672692
2026-02-27,115.19999694824219,119.9000015258789,114.5,119.30000305175781,3888551
2026-03-02,110.9000015258789,113.9000015258789,108.0,109.5,2644514
2026-03-03,109.0999984741211,113.5999984741211,108.69999694824219,110.9000015258789,2379720
2026-03-04,111.4000015258789,112.30000305175781,107.9000015258789,109.0999984741211,2707594
2026-03-05,112.19999694824219,115.19999694824219,111.80000305175781,115.0,1331256
2026-03-06,109.0,113.80000305175781,108.5,113.0,1447708
2026-03-09,107.5999984741211,108.0999984741211,104.19999694824219,106.0,2244723
2026-03-10,114.0,114.30000305175781,110.0,111.80000305175781,1765666
2026-03-11,113.0999984741211,115.9000015258789,110.9000015258789,114.19999694824219,1483431
2026-03-12,111.80000305175781,115.0999984741211,111.0,111.9000015258789,1845324
2026-03-13,111.80000305175781,113.4000015258789,110.30000305175781,112.80000305175781,1831562
2026-03-16,113.0,114.0,111.0999984741211,112.4000015258789,1588659
2026-03-17,114.80000305175781,115.0,112.69999694824219,112.69999694824219,1548669
2026-03-18,113.0,115.9000015258789,112.5,115.0,1762274
2026-03-19,117.0,117.0,112.69999694824219,112.9000015258789,1480646
2026-03-23,116.0999984741211,116.5,109.80000305175781,113.0,2722242
2026-03-24,114.0,117.0999984741211,113.9000015258789,115.9000015258789,1510877
2026-03-25,114.5,116.19999694824219,113.19999694824219,115.80000305175781,2337085
2026-03-26,111.30000305175781,114.0,111.30000305175781,113.5999984741211,2177361
2026-03-27,110.5,112.30000305175781,109.69999694824219,111.9000015258789,1197200
2026-03-30,108.0,112.0999984741211,108.0,110.19999694824219,1542228
2026-03-31,108.5999984741211,109.69999694824219,106.0,108.0999984741211,3386262
2026-04-01,110.19999694824219,111.4000015258789,108.80000305175781,110.19999694824219,2411584
2026-04-02,110.80000305175781,111.0999984741211,108.0,108.9000015258789,1285267
2026-04-03,109.5999984741211,111.0,108.80000305175781,110.9000015258789,938348
2026-04-06,110.4000015258789,110.80000305175781,109.5,109.5999984741211,1261516
2026-04-07,106.9000015258789,110.9000015258789,106.9000015258789,110.5,1349251
2026-04-08,111.9000015258789,113.69999694824219,110.5,110.5,2662479
2026-04-09,113.4000015258789,113.5,110.5,112.0,1942958
2026-04-10,117.30000305175781,118.30000305175781,115.19999694824219,116.5999984741211,4178260
2026-04-13,119.19999694824219,120.80000305175781,114.5,115.0,4351460
2026-04-14,117.80000305175781,121.0,116.5999984741211,120.80000305175781,3126045
2026-04-15,118.5999984741211,119.19999694824219,117.5999984741211,118.0,1211663
2026-04-16,116.0,120.4000015258789,115.5,118.9000015258789,1968346
2026-04-17,118.69999694824219,119.30000305175781,114.9000015258789,115.9000015258789,2827250
2026-04-20,116.4000015258789,117.19999694824219,116.0999984741211,116.19999694824219,1646708
2026-04-21,116.5999984741211,120.5,116.5,120.0,3913556
2026-04-22,115.19999694824219,117.30000305175781,114.4000015258789,116.9000015258789,1517402
2026-04-24,117.19999694824219,119.9000015258789,112.4000015258789,113.30000305175781,7498629
2026-04-27,116.5,118.19999694824219,116.0,117.19999694824219,2698151
2026-04-28,115.0999984741211,117.30000305175781,114.0999984741211,116.4000015258789,2233067
2026-04-29,112.30000305175781,115.69999694824219,111.80000305175781,115.4000015258789,2187189
2026-04-30,111.9000015258789,112.69999694824219,110.80000305175781,111.5,2628629
2026-05-04,110.0,112.5999984741211,109.30000305175781,112.19999694824219,1534742
2026-05-05,111.30000305175781,111.80000305175781,109.30000305175781,110.0,2111803
2026-05-06,113.5,114.5999984741211,111.9000015258789,112.0,4675445
2026-05-07,115.0,115.69999694824219,113.5,113.5,2575795
2026-05-08,114.19999694824219,115.4000015258789,113.4000015258789,114.69999694824219,1833627
2026-05-11,116.4000015258789,116.69999694824219,112.5999984741211,113.69999694824219,2371470
2026-05-12,114.69999694824219,117.69999694824219,114.4000015258789,117.0,3772840
2026-05-13,113.4000015258789,115.9000015258789,113.19999694824219,115.5,1912014
2026-05-14,112.0999984741211,114.9000015258789,112.0,113.69999694824219,1389477
2026-05-15,110.9000015258789,112.0,110.0999984741211,112.0,1613981
2026-05-18,107.30000305175781,110.9000015258789,107.30000305175781,110.5999984741211,2030590
2026-05-20,107.69999694824219,108.5,106.5999984741211,107.5,1204969
2026-05-21,102.0,107.9000015258789,102.0,107.69999694824219,2332471
2026-05-22,104.0999984741211,105.4000015258789,100.4000015258789,101.80000305175781,4527015
2026-05-25,105.0,105.5999984741211,103.5,104.0999984741211,2430071
2026-05-26,103.69999694824219,105.4000015258789,103.69999694824219,105.0,903766
2026-05-27,103.69999694824219,103.69999694824219,103.69999694824219,103.69999694824219,0
2026-05-28,103.69999694824219,103.69999694824219,103.69999694824219,103.69999694824219,0
2026-05-29,103.69999694824219,103.69999694824219,103.69999694824219,103.69999694824219,0
2026-06-01,104.0,106.0,103.5,103.9000015258789,2052800
2026-06-02,107.69999694824219,107.69999694824219,104.19999694824219,104.19999694824219,1798787
2026-06-03,105.69999694824219,107.0999984741211,105.4000015258789,106.69999694824219,1205754
2026-06-04,105.5,106.80000305175781,103.5999984741211,106.0,1812921
2026-06-05,103.30000305175781,105.5,103.30000305175781,105.19999694824219,1207843
2026-06-08,103.19999694824219,103.9000015258789,101.4000015258789,101.5,1579022
2026-06-09,102.5,103.9000015258789,102.5,103.5999984741211,1136410
2026-06-10,102.0,102.9000015258789,101.30000305175781,102.5,1025826
2026-06-11,101.5,102.9000015258789,101.0,101.5,1101043
2026-06-12,102.9000015258789,104.69999694824219,101.30000305175781,103.0999984741211,1605243
2026-06-15,106.0999984741211,106.9000015258789,105.0,106.0999984741211,2260483
2026-06-16,105.5,107.4000015258789,104.69999694824219,106.0999984741211,1728712
2026-06-17,103.5999984741211,105.80000305175781,103.0,105.5,1527829
2026-06-18,103.80000305175781,104.9000015258789,102.5,103.5999984741211,3106791
2026-06-19,103.5,105.19999694824219,102.0999984741211,103.80000305175781,3903150
2026-06-22,103.0999984741211,104.5,102.80000305175781,103.69999694824219,2026388
2026-06-23,101.4000015258789,103.0,101.0,102.0999984741211,1942400
2026-06-24,100.80000305175781,101.5999984741211,99.5999984741211,101.0,2251741
2026-06-25,100.0999984741211,103.0,100.0999984741211,101.19999694824219,1922889
2026-06-26,104.0999984741211,104.80000305175781,100.19999694824219,100.19999694824219,3390775
2026-06-29,101.5999984741211,104.4000015258789,101.5,103.80000305175781,2330001
2026-06-30,99.3499984741211,102.0,99.19999694824219,101.4000015258789,3200419
2026-07-01,99.80000305175781,100.30000305175781,98.55000305175781,99.4000015258789,1740207
2026-07-02,99.75,100.5,99.4000015258789,99.80000305175781,1065303
2026-07-03,100.19999694824219,101.30000305175781,99.69999694824219,99.8499984741211,1187909
2026-07-06,99.5999984741211,102.69999694824219,99.44999694824219,101.5999984741211,1423670
2026-07-07,98.80000305175781,99.94999694824219,98.5999984741211,99.30000305175781,1261296
2026-07-08,96.80000305175781,98.55000305175781,96.6500015258789,98.19999694824219,1564427
2026-07-09,96.5,97.1500015258789,96.0,96.5,966441
2026-07-10,98.9000015258789,100.0,96.0999984741211,96.0999984741211,1875554
2026-07-13,97.5,98.8499984741211,97.5,98.19999694824219,594269
2026-07-14,97.94999694824219,98.19999694824219,97.05000305175781,97.30000305175781,686082
2026-07-16,98.8499984741211,99.6500015258789,97.9000015258789,97.9000015258789,1086025
2026-07-17,97.5999984741211,98.8499984741211,97.19999694824219,98.1500015258789,930881
2026-07-20,98.44999694824219,99.69999694824219,97.30000305175781,97.5999984741211,995373
2026-07-21,98.5999984741211,99.8499984741211,97.94999694824219,98.55000305175781,1253225
2026-07-22,98.55000305175781,99.25,97.9000015258789,98.9000015258789,1137111
2026-07-23,99.0,101.69999694824219,98.6500015258789,99.0,2284870
2026-07-24,99.0,99.6500015258789,98.25,98.55000305175781,982015
2026-07-27,99.30000305175781,100.5999984741211,99.0,99.55000305175781,1324515
2026-07-28,97.5,101.80000305175781,97.30000305175781,99.30000305175781,2605306
2026-07-29,98.3499984741211,100.0999984741211,97.4000015258789,97.44999694824219,2235831
2026-07-30,96.9000015258789,100.5,96.55000305175781,99.0,2527992
2026-07-31,97.25,98.0999984741211,96.5,97.0999984741211,1137867
2026-08-03,96.4000015258789,98.75,96.0,97.69999694824219,1259764
2026-08-04,97.44999694824219,97.75,96.0999984741211,96.0999984741211,862701
2026-08-05,98.0999984741211,98.0999984741211,96.55000305175781,97.0999984741211,938791
2026-08-06,98.0,100.80000305175781,97.9000015258789,99.4000015258789,1835318
2026-08-07,97.9000015258789,98.5,96.80000305175781,98.0,891136
2026-08-10,97.44999694824219,99.0,97.44999694824219,97.9000015258789,717217
2026-08-11,97.0,97.4000015258789,96.1500015258789,97.30000305175781,1055145
2026-08-12,97.1500015258789,97.55000305175781,96.0999984741211,96.5,1559122
2026-08-13,94.6500015258789,96.75,94.6500015258789,96.19999694824219,2508808
2026-08-14,95.3499984741211,95.3499984741211,94.44999694824219,94.5,1125246
2026-08-17,94.0999984741211,95.3499984741211,93.6500015258789,95.0,1148607
2026-08-18,93.05000305175781,94.05000305175781,93.0,93.5,959523
2026-08-19,92.4000015258789,93.0,92.4000015258789,92.69999694824219,1762771
2026-08-20,92.44999694824219,93.19999694824219,92.4000015258789,92.44999694824219,1445474
2026-08-21,92.5,93.55000305175781,92.44999694824219,92.5,2030678
2026-08-24,,,,,1302989
