Date,Close,High,Low,Open,Volume
2018-01-01,7.647557258605957,7.647557258605957,7.647557258605957,7.647557258605957,0
2018-01-02,7.921711444854736,8.017907461783073,7.8639945686123,7.9024727919049935,56378156
2018-01-03,7.695653915405273,7.936143100261688,7.695653915405273,7.926523312693007,31648532
2018-01-04,7.748561859130859,7.897664897439165,7.695653944695179,7.695653944695179,43287756
2018-01-05,7.772610664367676,7.84956713293421,7.762990876448492,7.78223045228686,29347116
2018-01-08,7.811089038848877,7.8976652968885155,7.8062791448029545,7.873616744052387,17833648
2018-01-09,7.695653915405273,7.830328189186503,7.695653915405273,7.81108861404914,17330580
2018-01-10,7.628316402435303,7.748561447632094,7.609077286943155,7.695653536006167,19090612
2018-01-11,7.724512100219727,7.734131887463994,7.628316521260563,7.65236553067453,18120104
2018-01-12,7.666794776916504,7.801468587882183,7.661985341975972,7.743751699022167,27949180
2018-01-15,7.459974765777588,7.719702613302483,7.445545084150973,7.666795156761742,16769276
2018-01-16,7.758180141448975,7.777419715201641,7.484023095923752,7.512881539159382,47128936
2018-01-17,7.671604156494141,7.78222940925426,7.637935820682948,7.767799729309457,24145872
2018-01-18,7.705273628234863,7.743751860742924,7.676414724505461,7.695653840759491,23010116
2018-01-19,7.628316402435303,7.753371341179305,7.628316402435303,7.719702086348829,25948800
2018-01-22,7.681224346160889,7.743751586445842,7.642746115015794,7.647555549886408,20044392
2018-01-23,7.666794776916504,7.7245121244732236,7.6571754483387355,7.710083360954924,19807772
2018-01-24,8.2247314453125,8.359404820362693,7.647556954717616,7.671605968275199,196047512
2018-01-25,7.907284736633301,8.407501769257424,7.878425373629133,8.34497498420195,105219916
2018-01-26,7.830327987670898,7.9794310215745075,7.748561630228259,7.955382470665136,53153012
2018-01-29,7.83513879776001,7.907285376320082,7.815899220867446,7.859187351482194,19536256
2018-01-30,7.950572967529297,8.13334434864095,7.811088796702057,7.815898690598871,58512764
2018-01-31,7.993861198425293,8.114105795217895,7.974621622589612,8.008289962908584,39261508
2018-02-01,8.032339096069336,8.142963900307832,7.993860863404057,8.08043619885586,41713704
2018-02-02,7.902474880218506,8.080436365952986,7.849566965187118,8.051577920205615,21373092
2018-02-05,7.767799377441406,7.912093418173118,7.762989484344351,7.902473631979009,20566800
2018-02-06,7.623507022857666,7.7004634853842155,7.517691657535312,7.623507022857666,37679776
2018-02-07,7.676414966583252,7.772610550886956,7.671605072693884,7.671605072693884,23014504
2018-02-08,7.455164909362793,7.690844206087692,7.455164909362793,7.681224876985007,26891056
2018-02-09,7.455164909362793,7.498453037066699,7.219485612637894,7.383018335654103,20585884
2018-02-12,7.455164909362793,7.570599610775389,7.455164909362793,7.536931270870897,12741688
2018-02-13,7.334920406341553,7.536931365703747,7.334920406341553,7.5032630253756265,26002276
2018-02-14,7.820708274841309,7.825518168547679,7.349349241641343,7.407066590027657,117908760
2018-02-15,7.681224346160889,7.916903167902071,7.676414452593577,7.863996173448438,55663608
2018-02-16,7.734131813049316,7.844756613113792,7.700463475411728,7.719702132321752,42051964
2018-02-19,7.772610664367676,8.032339433824829,7.748562111963185,7.78223045228686,83554212
2018-02-20,7.532120704650879,7.907284138799661,7.5032622612220115,7.8255177845900565,29423696
2018-02-21,7.806276798248291,7.811086690848367,7.565787672603723,7.753369814433869,59805452
2018-02-22,7.734131813049316,7.79184961856618,7.6812243598050065,7.753371387352736,30740856
2018-02-23,7.734131813049316,7.78222983141447,7.710083262563438,7.767800150686905,12570072
2018-02-26,7.7629899978637695,7.849566244551128,7.738941448180999,7.758180104448543,27426588
2018-02-27,7.565789222717285,7.676414481701431,7.498452547306387,7.575409009888385,30706080
2018-02-28,7.5176920890808105,7.580219333147119,7.4936430784865795,7.580219333147119,12546888
2018-03-01,7.368588447570801,7.541740953536657,7.34453989613929,7.493642933280204,20071720
2018-03-02,7.2868218421936035,7.416686217280991,7.272392620082794,7.3637787637435554,16317844
2018-03-05,7.373398780822754,7.464784933017687,7.277203193272886,7.3204913223445125,20954416
2018-03-06,7.272392272949219,7.440734871427725,7.272392272949219,7.421495756632753,9936204
2018-03-07,7.296442031860352,7.344540053145005,7.272393021218025,7.315681148634868,8595972
2018-03-08,7.272392272949219,7.320490289284986,7.272392272949219,7.3060606091662486,5609428
2018-03-09,7.315680980682373,7.349349319590641,7.267582960501948,7.310871086924988,8663712
2018-03-12,7.426304817199707,7.498451838068862,7.33491914120143,7.344538927462647,20420692
2018-03-13,7.536930084228516,7.58983753270516,7.411875614705547,7.4551637355940095,27692736
2018-03-14,7.464783668518066,7.637935696776681,7.45997377528116,7.589837681800955,20546844
2018-03-15,7.421496391296387,7.551360312593835,7.411876603727907,7.493642963273111,9447556
2018-03-16,7.402256965637207,7.455164418963556,7.383017850000653,7.440735196910316,6692796
2018-03-19,7.330109596252441,7.459973964767509,7.3156803748718815,7.402256620548593,9791932
2018-03-20,7.373398780822754,7.435926027404355,7.315681428292833,7.3782086748744335,10058092
2018-03-21,7.407066822052002,7.431115832640472,7.368588588589139,7.392637599177609,8977720
2018-03-22,7.363779067993164,7.455164756733012,7.354159280390696,7.4503548629317775,11904572
2018-03-23,7.407066822052002,7.565789649760493,7.286822227806374,7.286822227806374,23309264
2018-03-26,7.411876201629639,7.546550009405202,7.407066308106338,7.512881672135484,11581484
2018-03-27,7.358969211578369,7.484023698865461,7.349349423927029,7.4695940173884505,8824520
2018-03-28,7.344538688659668,7.426304575738162,7.3060600035625685,7.363777801859897,10071804
2018-03-29,7.378208637237549,7.4022576486765255,7.339730402413882,7.4022576486765255,6697300
2018-03-30,7.450355052947998,7.527311520943586,7.3878278080274,7.407066925026298,17866540
2018-04-02,7.3878278732299805,7.666795301524428,7.363779320791663,7.488833353039814,60934588
2018-04-03,7.257964134216309,7.4214968637164995,7.21948589888647,7.3637795107217405,26235012
2018-04-04,6.974185943603516,7.315680584017486,6.935707713024197,7.291631575231239,46611012
2018-04-05,6.839512825012207,7.00785498606716,6.733697450919809,7.003045550783166,21572056
2018-04-06,6.882800102233887,6.974185783082218,6.82508229899668,6.858751094001164,17171332
2018-04-09,6.656741142272949,6.93570857811704,6.642311918680116,6.921279354524207,20188900
2018-04-10,6.536496162414551,6.724077434317302,6.310436198671091,6.671169978418502,30505460
2018-04-11,6.425870895385742,6.608642732090748,6.238289623562313,6.541306053465608,24652172
2018-04-12,6.421060562133789,6.473968010609888,6.305625420200193,6.411440775849049,14847792
2018-04-13,6.382582664489746,6.45953912396116,6.358533656230759,6.449919337178893,8595948
2018-04-16,6.5076375007629395,6.59902365190862,6.3825834677322915,6.392202797028462,22501352
2018-04-17,6.363342761993408,6.589402694027782,6.324864534246705,6.574973473296932,24221136
2018-04-18,6.5076375007629395,6.522067182752302,6.252719082008451,6.348914668453848,19822192
2018-04-19,6.44030237197876,6.541307876767116,6.416253354896418,6.517258859684774,12091688
2018-04-20,6.401822090148926,6.445109756680586,6.382582974347065,6.445109756680586,6241200
2018-04-23,6.401822090148926,6.401822090148926,6.401822090148926,6.401822090148926,0
2018-04-24,6.276767253875732,6.430680171604952,6.271957360522525,6.411441056888799,7283296
2018-04-25,6.108425617218018,6.344104924248051,6.069947381731349,6.281578135604776,18119904
2018-04-26,6.05551815032959,6.170952856641508,5.968941891247277,6.108425609381698,19489232
2018-04-27,6.435490608215332,6.7096481307379054,6.021849377551853,6.036278600132853,65645828
2018-04-30,6.05551815032959,6.469159410629004,6.036279032610937,6.449920292910352,23956616
2018-05-01,6.05551815032959,6.05551815032959,6.05551815032959,6.05551815032959,0
2018-05-02,6.050707817077637,6.185381631333856,5.973751351788369,6.060327604587153,18993336
2018-05-03,5.964130878448486,6.137283364134816,5.954511550741836,6.127663577731503,14752336
2018-05-04,5.911224365234375,5.988180833858614,5.829458002646937,5.959322387472892,16677520
2018-05-07,5.843885898590088,5.968940361050766,5.839076464415932,5.9352720283485185,10590220
2018-05-08,5.5745391845703125,5.882365036919389,5.550490175181365,5.863125921147572,18466808
2018-05-09,5.62744665145874,5.718832795611598,5.310001011131346,5.526441178745778,29737916
2018-05-10,5.637066841125488,5.752501544267427,5.4879633388779325,5.656305958315811,24252328
2018-05-11,5.5649189949035645,5.704402688836518,5.545679880523043,5.632256124583726,14413732
2018-05-14,5.656305313110352,5.771740003084845,5.521631049443426,5.5649191728580325,25102924
2018-05-15,5.641876220703125,5.911224317405342,5.58415886970195,5.6082078806266225,27324924
2018-05-16,5.699593544006348,5.771740111926755,5.63225641090306,5.637066304416871,21501640
2018-05-17,5.863126277923584,6.084376352111081,5.699594013260416,5.699594013260416,53662244
2018-05-18,5.786170482635498,6.05070871536312,5.747692244278403,5.891985867465904,37905952
2018-05-21,5.733261585235596,5.858316057958733,5.6563051277741785,5.819837829228025,20255024
2018-05-22,5.694784164428711,5.781360420703786,5.641876248395395,5.733262398618359,13056024
2018-05-23,5.694784164428711,5.694784164428711,5.694784164428711,5.694784164428711,0
2018-05-24,5.694784164428711,5.694784164428711,5.694784164428711,5.694784164428711,0
2018-05-25,5.694784164428711,5.694784164428711,5.694784164428711,5.694784164428711,0
2018-05-28,5.694784164428711,5.694784164428711,5.694784164428711,5.694784164428711,0
2018-05-29,5.694784164428711,5.694784164428711,5.694784164428711,5.694784164428711,0
2018-05-30,5.694784164428711,5.694784164428711,5.694784164428711,5.694784164428711,0
2018-05-31,5.694784164428711,5.694784164428711,5.694784164428711,5.694784164428711,0
2018-06-01,5.694784164428711,5.694784164428711,5.694784164428711,5.694784164428711,0
2018-06-04,5.694784164428711,5.694784164428711,5.694784164428711,5.694784164428711,0
2018-06-05,5.694784164428711,5.694784164428711,5.694784164428711,5.694784164428711,0
2018-06-06,5.694784164428711,5.694784164428711,5.694784164428711,5.694784164428711,0
2018-06-07,5.180137634277344,5.194566857970674,4.978126667783719,5.031034127123763,266596956
2018-06-08,5.146468639373779,5.252284012747639,5.045463159947989,5.204185990660412,175186400
2018-06-11,5.233043670654297,5.24747289042405,5.079130769919256,5.156087220286776,162259312
2018-06-12,5.107990264892578,5.228234858111414,5.103180371076611,5.180137296041913,119754444
2018-06-13,5.0598931312561035,5.17051794620987,5.055083237032872,5.103180803174908,94749296
2018-06-14,4.930029392242432,5.074323027169379,4.925219497382275,5.045464116705261,48495912
2018-06-15,4.930029392242432,4.930029392242432,4.930029392242432,4.930029392242432,0
2018-06-18,4.713588237762451,4.930028418034371,4.7111832908076074,4.930028418034371,123793764
2018-06-19,4.888098239898682,4.936257028767892,4.582291446190815,4.676200579281902,218119716
2018-06-20,5.02294397354126,5.099997688384141,4.84957265586841,4.864020571858726,133165608
2018-06-21,5.1096296310424805,5.133709033908045,5.013312478856632,5.037391881722196,93651312
2018-06-22,5.090366363525391,5.152972629269044,5.037392042946802,5.13852517079787,72038820
2018-06-25,5.143340110778809,5.38894869258491,5.080733857604287,5.345606325873009,149305640
2018-06-26,5.340790271759033,5.345606243300296,5.109628689817948,5.157787486677936,141422716
2018-06-27,5.466002941131592,5.466002941131592,5.307079549684365,5.335974461251312,122188644
2018-06-28,5.557504177093506,5.615294460234742,5.42747615484481,5.466003010272302,144559932
2018-06-29,5.552688121795654,5.634557803166279,5.485266355450201,5.596030948318496,78233292
2018-07-02,5.726059436798096,5.735690920886862,5.523793218894288,5.538240674665606,147377004
2018-07-03,5.764585971832275,5.832007734541458,5.726059119062368,5.740506574032005,106987448
2018-07-04,5.807929515838623,5.822376972598844,5.740507285496975,5.76458668628159,67403852
2018-07-05,6.159486770629883,6.1643027423018655,5.812744617944888,5.827192532960835,186347472
2018-07-06,6.381016731262207,6.409912103447634,6.16911901924906,6.178750503793296,207379904
2018-07-09,6.588098526000977,6.732574000225362,6.424359165318585,6.491780930816277,274834088
2018-07-10,6.6266255378723145,6.660336421422433,6.467702145026982,6.5014130285771,271497204
2018-07-11,6.101696968078613,6.7084956681616115,5.947589536670756,6.597730607379934,252718228
2018-07-12,6.260620594024658,6.366569686520926,5.8994309443693895,6.101697184918451,273979080
2018-07-13,6.27506685256958,6.381015924824406,6.231724029407319,6.337673101662145,124207224
2018-07-16,6.453254222869873,6.453254222869873,6.299146801919965,6.3521211130524105,166724916
2018-07-17,6.915576934814453,6.925208878247814,6.448438700928704,6.458070185085722,206101040
2018-07-18,6.833706855773926,7.141922138592435,6.583282311645893,6.987814726821338,343702308
2018-07-19,6.804812431335449,6.949288369819642,6.722942748170285,6.930024941973506,135552912
2018-07-20,6.799996376037598,6.872234574030641,6.771101464261453,6.824075775368612,81581052
2018-07-23,6.944472789764404,7.0215265054954115,6.814444300011051,6.814444300011051,138978800
2018-07-24,6.665153980255127,7.002264273857902,6.549573386895853,6.987816814507106,214145220
2018-07-25,6.843338966369629,6.958919528030689,6.588098444549038,6.67478363615667,220796880
2018-07-26,6.564019680023193,6.886682456947968,6.260620331902449,6.872235000164038,126737660
2018-07-27,6.520677089691162,6.645889611150595,6.4099124848222395,6.568835893106756,122384144
2018-07-30,6.616992950439453,6.669967715749881,6.438806147295962,6.48214897008584,133262224
2018-07-31,6.535123348236084,6.641072420749808,6.5158599222587075,6.597729597481634,84475332
2018-08-01,6.583282470703125,6.645888723066828,6.539939645276228,6.559203072213035,111796872
2018-08-02,6.279882907867432,6.433990317371123,6.275066936501364,6.361752583985345,115675216
2018-08-03,6.5399394035339355,6.602545653583461,6.279882919861611,6.279882919861611,177064580
2018-08-06,6.356936931610107,6.602545972288498,6.328042020516373,6.5447556908247,124097080
2018-08-07,6.429174900054932,6.477333236596592,6.3328573084189825,6.400279530708884,121620668
2018-08-08,6.4243597984313965,6.491781570573422,6.414727854253178,6.47251814149336,60797020
2018-08-09,6.486965656280518,6.665152479062141,6.328042261386735,6.376200601468166,216183012
2018-08-10,6.390648365020752,6.56883518356925,5.841639994345352,6.405095820774323,188786500
2018-08-13,6.0728020668029785,6.38101741283806,5.84645687415868,6.3569380099909365,209046420
2018-08-14,6.520677089691162,6.535124547005285,6.27988399116597,6.27988399116597,184076636
2018-08-15,6.241355895996094,7.007077871133373,6.207645015847707,6.982998474194684,232442932
2018-08-16,6.246172904968262,6.438807193929136,6.21246155994283,6.376200935197758,111707268
2018-08-17,6.039090633392334,6.20283000684462,5.894614688624061,6.20283000684462,139980388
2018-08-20,6.063169956207275,6.1354076980256,5.981300270532449,6.043906527770631,26097640
2018-08-21,6.063169956207275,6.063169956207275,6.063169956207275,6.063169956207275,0
2018-08-22,6.063169956207275,6.063169956207275,6.063169956207275,6.063169956207275,0
2018-08-23,6.063169956207275,6.063169956207275,6.063169956207275,6.063169956207275,0
2018-08-24,6.063169956207275,6.063169956207275,6.063169956207275,6.063169956207275,0
2018-08-27,6.125776290893555,6.207645977603459,6.092064946245944,6.202830005614319,67281380
2018-08-28,6.414726734161377,6.419542705409557,6.116143405918642,6.130590860386886,132271668
2018-08-29,6.2846999168396,6.409912437372133,6.236541113780508,6.3762010915202145,101808648
2018-08-30,6.2846999168396,6.2846999168396,6.2846999168396,6.2846999168396,0
2018-08-31,6.212461948394775,6.294331641141377,6.202830462982682,6.270252697972942,61115632
2018-09-03,6.3954644203186035,6.4099123365749655,6.1643032715333375,6.193198185493308,111197952
2018-09-04,6.279882907867432,6.462885686291219,6.2702514244116045,6.405095407727335,98929824
2018-09-05,6.260620594024658,6.337674312466893,6.2269097070252775,6.284699995856954,74191756
2018-09-06,6.279882907867432,6.361752583985345,6.265435453045537,6.308778276787527,66643592
2018-09-07,6.270252227783203,6.3087790850953525,6.246172827144019,6.303963113112242,50209444
2018-09-10,6.222092628479004,6.352120640411435,6.207645173659024,6.299146333220639,76742716
2018-09-11,6.2846999168396,6.2846999168396,6.164303368468253,6.241357085941694,73024804
2018-09-12,6.231724739074707,6.35693725151901,6.226909226500968,6.318410395270972,110897248
2018-09-13,6.305174827575684,6.319636109094587,6.146099351720194,6.247329241784219,97100072
2018-09-14,6.3437371253967285,6.406403277512744,6.30517341020468,6.338916546068785,119191524
2018-09-17,6.367839336395264,6.391941772464097,6.314814344816415,6.34373690032643,74816112
2018-09-18,6.50281286239624,6.50281286239624,6.377480552441826,6.382301131989865,139373044
2018-09-19,6.493171691894531,6.5510172631266315,6.464248676420614,6.531735406049265,95650884
2018-09-20,6.3774800300598145,6.522094186645214,6.348557474572173,6.507632908901393,81474008
2018-09-21,6.440146446228027,6.469069462627473,6.387121452497417,6.387121452497417,72199364
2018-09-24,6.579940319061279,6.589581478190706,6.45460846838912,6.473890326932204,111714132
2018-09-25,6.657068252563477,6.7727594045104205,6.589581517403206,6.604042796467631,183345036
2018-09-26,6.604042053222656,6.705271914712367,6.531735206322458,6.681169479173727,87375824
2018-09-27,6.69563102722168,6.705271725335421,6.589580589676279,6.59922128779002,126129544
2018-09-28,6.6618876457214355,6.719733215384757,6.623323932612554,6.700451358830317,76515028
2018-10-01,6.671530723571777,6.748658171982758,6.647428281014382,6.666710143117127,97102888
2018-10-02,6.62814474105835,6.685990312723516,6.560658010924453,6.6618878762674285,92590344
2018-10-03,6.546196460723877,6.657067479925187,6.5076327478840446,6.6233238864035435,74088348
2018-10-04,6.223225116729736,6.551017140631433,6.213584418229188,6.5413759824151585,86530968
2018-10-05,6.512454032897949,6.512454032897949,6.121995823422522,6.199123257463158,102158748
2018-10-08,6.4738898277282715,6.565478533816539,6.39676239950326,6.512453541840777,66977068
2018-10-09,6.50281286239624,6.551017738445098,6.401582990466254,6.50763344194428,81591920
2018-10-10,6.290712356567383,6.575120111051276,6.290712356567383,6.507633377197479,94523888
2018-10-11,6.309993743896484,6.391941750418444,6.232866316514812,6.266609451065361,67609244
2018-10-12,6.584760665893555,6.584760665893555,6.24732792345796,6.391942087277716,106408676
2018-10-15,6.835424900054932,6.893270470442888,6.604042158787377,6.608862737915306,156943548
2018-10-16,6.69563102722168,6.873988309625117,6.681169290477507,6.825783439909288,111650960
2018-10-17,6.575120449066162,6.758298342044081,6.526915571018788,6.743836602800396,77208112
2018-10-18,6.608862400054932,6.69081040217743,6.555837411505664,6.58475996536319,64479924
2018-10-19,6.4787092208862305,6.6522463746532265,6.473889101949346,6.628143941106068,51783028
2018-10-22,6.261789321899414,6.5220946378760525,6.2569687424127185,6.507633359131729,45149488
2018-10-23,6.208763122558594,6.261788107481231,5.962919133005537,6.2328655556018555,102128116
2018-10-24,6.054509162902832,6.256968434507641,6.0496885836533565,6.247327735724431,50914728
2018-10-25,6.199122905731201,6.203943485014168,5.962920037454726,6.020765609703103,58284172
2018-10-26,5.996663570404053,6.208764475753147,5.987022870914971,6.19912331654829,58901724
2018-10-29,5.996663570404053,5.996663570404053,5.996663570404053,5.996663570404053,0
2018-10-30,6.015945911407471,6.150919392801884,5.880972889728867,6.015945911407471,67595020
2018-10-31,6.049689292907715,6.213585328878811,6.006304994007626,6.102714291721273,108742620
2018-11-01,6.290712356567383,6.324455493636399,6.097893314006147,6.097893314006147,92871332
2018-11-02,6.531736850738525,6.589582434764909,6.300354054917156,6.343738357865902,123983788
2018-11-05,6.594401836395264,6.613683694291096,6.502812666603243,6.565478819693638,57193556
2018-11-06,6.50281286239624,6.700452026708174,6.416044729110372,6.604042734326227,77068860
2018-11-07,6.6618876457214355,6.690810660410958,6.488350936731472,6.512453372353453,81372128
2018-11-08,6.599222183227539,6.681170197034415,6.478710452301636,6.671529497612544,66927872
2018-11-09,6.6811699867248535,6.7197337026299735,6.512453844568889,6.575119997843649,80587996
2018-11-12,6.618503570556641,6.695631459019043,6.570299157447844,6.676349601832376,50581516
2018-11-13,6.642606735229492,6.6956321930930605,6.55583859823456,6.584761157327608,63773524
2018-11-14,6.652246952056885,6.70045136361958,6.618503358275704,6.628144516417676,59569876
2018-11-15,6.724555015563965,6.777580475504359,6.661888855453557,6.666709435396466,94840116
2018-11-16,6.5606584548950195,6.796861796490057,6.541376596368463,6.739015761194616,81375592
2018-11-19,6.493171691894531,6.584760398083088,6.4883511126962565,6.565478541005723,44389856
2018-11-20,6.271430969238281,6.536556885347357,6.261789809514119,6.493172586020225,49016072
2018-11-21,6.387121200561523,6.387121200561523,6.2907119158924205,6.2907119158924205,51229116
2018-11-22,6.309993743896484,6.425684884968993,6.295532466191353,6.401582448983288,25298980
2018-11-23,6.31481409072876,6.363018501211107,6.252147943357567,6.31481409072876,34921652
2018-11-26,6.3437371253967285,6.411223856840687,6.324455267800704,6.3437371253967285,38679876
2018-11-27,6.387121200561523,6.41604421582012,6.300352614501465,6.358198185302927,49123236
2018-11-28,6.5606584548950195,6.608863331069298,6.406403586682563,6.411224166243144,70957404
2018-11-29,6.565478801727295,6.66670867033234,6.497992069418681,6.594401818349773,59407016
2018-11-30,6.435326099395752,6.579939797140232,6.39676238536846,6.579939797140232,47203788
2018-12-03,6.353377819061279,6.5220939457495515,6.348557240086145,6.507632668539863,41585080
2018-12-04,6.290712356567383,6.401582926774588,6.24732806049821,6.338916772420869,32297076
2018-12-05,6.3437371253967285,6.396762578572606,6.247327837416607,6.276250853668516,32467904
2018-12-06,6.372659683227539,6.377479802492997,6.285891100429306,6.363018525265195,31152452
2018-12-07,6.420864105224609,6.449787119446973,6.343736680252594,6.387120971728281,39431352
2018-12-10,6.271430969238281,6.377480967909273,6.256969229652038,6.363019688038828,36372972
2018-12-11,6.218405723571777,6.309994905231008,6.203944443205093,6.276251764470141,33303784
2018-12-12,5.991844177246094,6.256969651514892,5.987023597058995,6.232867670011059,51801908
2018-12-13,5.99298620223999,6.079841221458262,5.978510519094835,6.00263650427887,29839332
2018-12-14,5.756547927856445,5.992986074958306,5.746897165848862,5.978510392120592,48948372
2018-12-17,5.635915756225586,5.8530528237830275,5.631090375570756,5.77584857400026,44707720
2018-12-18,5.669692516326904,5.688993578826604,5.578012584496738,5.621439629990841,44636324
2018-12-19,5.771023750305176,5.804800497801514,5.688994111950922,5.703469795138829,51068124
2018-12-20,5.6793437004089355,5.7565479561544795,5.669692938353911,5.737246892218093,37490516
2018-12-21,5.862703323364258,5.877179465818747,5.660041930737843,5.684168374655015,72330696
2018-12-24,5.886829376220703,5.97850976498092,5.843401872089402,5.877179075399087,51390068
2018-12-25,5.785499095916748,5.843402285463468,5.761372651895537,5.81445092077693,24601064
2018-12-26,5.804800510406494,5.857878782500194,5.785499446056151,5.804800510406494,22175972
2018-12-27,5.819276332855225,5.930257331705467,5.799975269569371,5.862703380118158,47054616
2018-12-28,5.756547927856445,5.857878628067765,5.74207178484507,5.848227866060182,22404936
2018-12-31,5.828926086425781,5.848227147897115,5.756547220951684,5.79514934389435,16509364
2019-01-01,5.828926086425781,5.828926086425781,5.828926086425781,5.828926086425781,0
2019-01-02,5.6793437004089355,5.814451147963637,5.669692938353911,5.814451147963637,26978636
2019-01-03,5.471857070922852,5.698644923645261,5.447730625284523,5.645566651206203,44982876
2019-01-04,5.53941011428833,5.5538862565937634,5.462205862687238,5.505633369256262,36670996
2019-01-07,5.529759883880615,5.602138755641965,5.520109122219825,5.578012771837278,29798540
2019-01-08,5.534585475921631,5.558711920820675,5.4622061412245,5.549061158791592,30176352
2019-01-09,5.534585475921631,5.6069643504451,5.5201093328780075,5.549061158791592,44999532
2019-01-10,5.6793437004089355,5.713120447254195,5.529760109771697,5.534585490799209,67784692
2019-01-11,5.602139472961426,5.727596629573849,5.592489170238618,5.708295563954531,48354116
2019-01-14,5.578012466430664,5.664867015754106,5.510458519024771,5.549060643207104,40640104
2019-01-15,5.635915756225586,5.684168182253003,5.602138551815405,5.6407406767067885,40606892
2019-01-16,5.713119983673096,5.7324210460433305,5.63109035355619,5.64556603529046,62648656
2019-01-17,5.698644638061523,5.7854991937637035,5.679343574552855,5.73724676507886,53908064
2019-01-18,5.828926086425781,5.84340176748588,5.70829433718655,5.713119717597784,71803804
2019-01-21,5.828926086425781,5.968858897136346,5.819275785776917,5.8578779087195825,74108884
2019-01-22,5.867528915405273,5.925432106786734,5.824101406825763,5.8434024706195835,51380848
2019-01-23,5.95438289642334,5.964033196554141,5.867527894378232,5.882003574661224,77080488
2019-01-24,6.060540676116943,6.10879311079011,5.997812096885488,6.007462399750637,98422988
2019-01-25,6.055714130401611,6.12809299858356,6.046063369218087,6.099141635380229,59080372
2019-01-28,6.050888538360596,6.128092784436392,6.050888538360596,6.065364219456407,60846952
2019-01-29,6.152219295501709,6.152219295501709,6.050888606345325,6.050888606345325,73219432
2019-01-30,6.364531993865967,6.38383305869281,6.123268453443587,6.19082241042438,165838296
2019-01-31,6.205296993255615,6.412783748468772,6.157044569834753,6.398308067459873,87781332
2019-02-01,5.99298620223999,6.200472988073119,5.97368513798856,6.195647606966843,61194148
2019-02-04,5.862703323364258,6.060539795346153,5.848227641083412,5.997811225230963,54167068
2019-02-05,5.7613725662231445,5.920606910325843,5.732421201967118,5.896480466663396,57530712
2019-02-06,5.732421398162842,5.819276414250865,5.693819271051199,5.795149969762675,43770408
2019-02-07,5.727595806121826,5.7903243754096,5.698644441942014,5.7517222497207605,38997612
2019-02-08,5.7227702140808105,5.766197718920807,5.693818850969893,5.7227702140808105,26776268
2019-02-11,5.906130790710449,5.910956171496201,5.756547667741253,5.761372588353365,61208284
2019-02-12,5.698644638061523,5.925432019244961,5.693819257140943,5.925432019244961,51076696
2019-02-13,5.631091117858887,5.756548270380408,5.611790052868936,5.722771061517729,46881692
2019-02-14,5.795149803161621,5.833751929163516,5.56353658697661,5.6262651567730995,61475100
2019-02-15,5.886829376220703,5.920606579530389,5.7758483858172545,5.7806733061412565,57983564
2019-02-18,5.925431728363037,5.97368461485278,5.853052858802053,5.882004222556995,48914348
2019-02-19,5.862703323364258,5.959209099032946,5.804800134067231,5.9157815920167645,49005096
2019-02-20,5.930257797241211,5.949558862042232,5.853053538037129,5.877179984081825,41766660
2019-02-21,6.060540676116943,6.09914280792496,5.9109570702305945,5.925432754615173,62140072
2019-02-22,6.1859965324401855,6.205297595717157,6.041238787949717,6.0894912160553245,57414812
2019-02-25,6.055714130401611,6.296977637906268,6.036413068208184,6.224598309550698,74515012
2019-02-26,6.171520233154297,6.171520233154297,6.046063104307166,6.055713865067838,61684152
2019-02-27,5.925431728363037,6.094316370903505,5.910956046485566,6.079840689026034,90032328
2019-02-28,5.944732666015625,6.002635852482497,5.857878116402127,5.939907745606934,58604400
2019-03-01,5.771023750305176,5.9350830270136825,5.76619836918465,5.92543226477263,40519200
2019-03-04,5.824101448059082,5.9013057037809515,5.7710236372937125,5.7710236372937125,59730348
2019-03-05,5.84340238571167,5.86752883014679,5.76619813165821,5.7951499570150835,51918972
2019-03-06,5.7613725662231445,5.886829705128962,5.742071503327914,5.862703261466514,38996300
2019-03-07,5.553886890411377,5.790325052965795,5.524935062670124,5.775849369182013,66442072
2019-03-08,5.481507301330566,5.5924887657448545,5.442905172883946,5.568362320422299,38679096
2019-03-11,5.418778419494629,5.553886321550359,5.404302737193531,5.51045881447342,27546008
2019-03-12,5.549059867858887,5.573186307145158,5.375350333310132,5.413952452098743,79208340
2019-03-13,5.486332416534424,5.606964177127108,5.423603845805391,5.59731387556999,35329292
2019-03-14,5.495982646942139,5.55388583120801,5.462205444323512,5.467030824722402,30200612
2019-03-15,5.616614818572998,5.635915881447532,5.544235487663268,5.573187312061887,36430652
2019-03-18,5.67451810836792,5.693819171586574,5.621439839386388,5.635915981930612,41395676
2019-03-19,5.6793437004089355,5.713120447254195,5.6359161915086515,5.660042176298886,47963908
2019-03-20,5.553886890411377,5.679344043667322,5.544236127773062,5.669693281029007,33369632
2019-03-21,5.457381248474121,5.602138998266164,5.447730486395364,5.573187632377221,31925484
2019-03-22,5.360875129699707,5.544235456049043,5.341574066935231,5.524934393284568,40785040
2019-03-25,5.336750030517578,5.4236045972601605,5.2402442405333804,5.380177083802014,34552820
2019-03-26,5.2836713790893555,5.452556039404802,5.259544933305194,5.409128529028048,35168452
2019-03-27,4.834920883178711,5.307797134256399,4.825270122051272,5.29814637312896,69820384
2019-03-28,4.979678630828857,5.0279315162363325,4.774605018281137,4.854221957081937,55213908
2019-03-29,5.052058696746826,5.10513651030768,4.931426925784596,4.965203674398441,24747368
2019-04-01,5.047232627868652,5.182340064091671,4.936251174412384,5.138912558833723,34897224
2019-04-02,5.027932167053223,5.105136425559627,4.994155419000091,5.061708915106355,36178908
2019-04-03,5.01828145980835,5.100311100416401,5.013456538728929,5.032757603567665,25241812
2019-04-04,5.12443733215332,5.13408809425584,5.013456329016335,5.02310663094519,28736712
2019-04-05,5.196816444396973,5.2402434914737865,5.076184684333982,5.206466745911716,37798840
2019-04-08,5.1582136154174805,5.327098255638741,5.1389125531213615,5.269195068750383,27187112
2019-04-09,5.167864799499512,5.225767991125648,5.138912973599613,5.211292308262529,21877584
2019-04-10,5.12443733215332,5.211292350381337,5.095485966193092,5.201641588278817,23171264
2019-04-11,5.148563861846924,5.177515228282936,5.056883461060981,5.114787114280351,31309028
2019-04-12,5.056883811950684,5.095486403500065,4.998980614887169,5.085835640569293,18940100
2019-04-15,5.052058696746826,5.1340883378150375,5.032757631799817,5.042407934186478,19712544
2019-04-16,5.114786624908447,5.158213670407459,5.06653373856693,5.095485562406566,30607620
2019-04-17,5.167864799499512,5.196816625399411,5.138912973599613,5.1630394184872515,27029224
2019-04-18,5.114786624908447,5.167864431745214,5.095485562406566,5.148563369243332,17860412
2019-04-19,5.114786624908447,5.134087687410329,5.100310482901815,5.129262306741452,5829760
2019-04-22,5.0810089111328125,5.119611032267503,5.066533230750699,5.090659671503277,7905240
2019-04-23,5.0810089111328125,5.0810089111328125,5.0810089111328125,5.0810089111328125,0
2019-04-24,5.16303825378418,5.172689013631635,5.061707576253689,5.066532956177417,28544280
2019-04-25,5.061708927154541,5.1823406964013525,5.032757560232567,5.172690394151921,23586988
2019-04-26,5.14373779296875,5.158213474251274,5.047232484129241,5.090659988150423,25418476
2019-04-29,5.003805637359619,5.148563849719728,4.979679191937322,5.138913087481341,34269220
2019-04-30,4.9459028244018555,5.032757850524987,4.936252061422082,5.0279324690351,30533432
2019-05-01,4.9459028244018555,4.9459028244018555,4.9459028244018555,4.9459028244018555,0
2019-05-02,4.854222297668457,5.061708615061764,4.839746154926353,5.037582170665243,36518544
2019-05-03,4.902474880218506,4.941077008395528,4.825270623864461,4.854222450084061,25749120
2019-05-06,4.825270175933838,4.868697681145022,4.7360024752026675,4.825270175933838,30465444
2019-05-07,4.897648334503174,4.926600153838096,4.709463119433628,4.728764178932391,34312008
2019-05-08,4.7070512771606445,4.88317353432615,4.69016290457952,4.88317353432615,54181416
2019-05-09,4.535754680633545,4.743241486593634,4.530929759232905,4.704639354346229,54559392
2019-05-10,4.465788841247559,4.608134387718712,4.441662391643782,4.584007938114936,41935860
2019-05-13,4.277602672576904,4.480264093357841,4.258301606796516,4.468201099810238,54837536
2019-05-14,4.398233890533447,4.400646580971496,4.236587312573383,4.282427510549009,48328920
2019-05-15,4.294490337371826,4.39582103100379,4.234174459261696,4.388583420141699,34433860
2019-05-16,4.270364284515381,4.3620442152689,4.251063222242344,4.294490267226459,33350696
2019-05-17,4.574356555938721,4.579181937242033,4.217286622620032,4.258301443350806,97991512
2019-05-20,4.292077541351318,4.617782872067539,4.2776014011883445,4.552642082028437,87627636
2019-05-21,4.255888938903809,4.381346097236818,4.222112188650194,4.304141833700723,55624712
2019-05-22,4.004974842071533,4.246238381230376,3.997736770234243,4.239000309393086,66826144
2019-05-23,4.0363383293151855,4.079765833854873,3.9711970725056545,3.9832605238631325,65715012
2019-05-24,4.14732027053833,4.183509708535793,4.050814949153874,4.0580525606491635,57911768
2019-05-27,4.103891849517822,4.205222529512345,4.087003479547663,4.161795029489896,30377676
2019-05-28,4.176271438598633,4.214873565319782,4.128019010284021,4.1328439309939276,55332580
2019-05-29,4.190747261047363,4.255888057303566,4.161795438131795,4.190747261047363,46058464
2019-05-30,4.347568988800049,4.3716954342108005,4.2341748334216165,4.2341748334216165,57031648
2019-05-31,4.398233890533447,4.415122263426138,4.294490502565603,4.388583588954901,33882148
2019-06-03,4.376520156860352,4.432011116842968,4.362044474339241,4.40788467252535,10646028
2019-06-04,4.376520156860352,4.376520156860352,4.376520156860352,4.376520156860352,0
2019-06-05,4.376520156860352,4.376520156860352,4.376520156860352,4.376520156860352,0
2019-06-06,4.376520156860352,4.376520156860352,4.376520156860352,4.376520156860352,0
2019-06-07,4.494739532470703,4.523691359648876,4.386171215943339,4.3885839065559935,33958072
2019-06-10,4.608133316040039,4.608133316040039,4.448899429930187,4.499564548158938,45810484
2019-06-11,4.446486473083496,4.610545730196347,4.415121959720007,4.605720349652177,44994316
2019-06-12,4.497151851654053,4.5212782956142625,4.439248662253736,4.448899423907277,34386052
2019-06-13,4.323441982269287,4.434422972511884,4.306553610725728,4.424772671704255,26751684
2019-06-14,4.253474712371826,4.3716942159221395,4.222110664199843,4.347567777234861,39790564
2019-06-17,4.364457130432129,4.400646566536854,4.238999989107011,4.253475671514171,59914156
2019-06-18,4.427186012268066,4.4657881415161516,4.321029926748991,4.35239444437161,45112528
2019-06-19,4.333043098449707,4.446752048665084,4.29917244550322,4.412881395718596,52498284
2019-06-20,4.354816913604736,4.4540099286094925,4.330623394016331,4.366913442672437,55801520
2019-06-21,4.330623149871826,4.446751483605679,4.291913705293875,4.374171390385266,51898968
2019-06-24,4.374172210693359,4.437075185292251,4.337882157277517,4.4273975916063915,41120184
2019-06-25,4.354816913604736,4.405622889432682,4.342720384537036,4.3644945060213,37153660
2019-06-26,4.2919135093688965,4.386267718538779,4.284655315796998,4.3596552650144025,25857160
2019-06-27,4.354816913604736,4.379010433193141,4.30401093777679,4.30401093777679,29439444
2019-06-28,4.354816913604736,4.3765910350890005,4.323365661156913,4.366913442672437,23755660
2019-07-01,4.560461521148682,4.671751074572956,4.5507839279188955,4.625783891090605,75232584
2019-07-02,4.558042526245117,4.584655448529328,4.468526626759281,4.562881323288262,46081328
2019-07-03,4.454009532928467,4.579815454449544,4.4394936070461775,4.579815454449544,31665580
2019-07-04,4.412881374359131,4.487880874714637,4.374171925049641,4.47578434485031,37481584
2019-07-05,4.371752738952637,4.444333306020129,4.369333340571748,4.412881588521632,37433536
2019-07-08,4.3112688064575195,4.364494643519428,4.301591675189094,4.340301123168834,25051512
2019-07-09,4.1273980140686035,4.342719801919626,4.098366163619822,4.337881006360514,36762208
2019-07-10,4.144334316253662,4.1733666350148475,4.054818884525024,4.134657184301968,39061184
2019-07-11,4.183043956756592,4.212075812179284,4.144334047104632,4.1757857621744074,33061300
2019-07-12,4.0403032302856445,4.197560442169151,4.011270909552604,4.195141043653641,32306880
2019-07-15,4.0403032302856445,4.0403032302856445,4.0403032302856445,4.0403032302856445,0
2019-07-16,4.108043670654297,4.117721262661513,4.035463576412116,4.062076492978976,24990168
2019-07-17,4.349977970123291,4.36691329482591,4.13949541817219,4.14675315078589,72680292
2019-07-18,4.437074661254883,4.461268181159109,4.243527424927096,4.318526921322486,92783528
2019-07-19,4.415301322937012,4.543526678164597,4.381430665932895,4.519333153967474,59068800
2019-07-22,4.369333267211914,4.451590964968822,4.357236736963625,4.400784984182346,34979792
2019-07-23,4.417719841003418,4.441913360378514,4.357236273292177,4.364494467540606,51168576
2019-07-24,4.470945358276367,4.5023970729115526,4.3741717391162105,4.4346553087729355,50551956
2019-07-25,4.393527030944824,4.514494185896946,4.376591703084019,4.4903006626159065,40404896
2019-07-26,4.565299987792969,4.589493046212721,4.405622941213942,4.415300533744251,107626532
2019-07-29,4.792717933654785,4.795137331817063,4.572557776870669,4.5919125007158765,111887076
2019-07-30,4.671750545501709,4.8144917993044345,4.633041099872461,4.807234066657069,81865628
2019-07-31,4.584654808044434,4.712879681602918,4.582235409860856,4.693524957587316,50616432
2019-08-01,4.72255802154541,4.773364007080062,4.538687883578546,4.5507844149573415,88609808
2019-08-02,4.574977397918701,4.8023957602691185,4.572557999638554,4.734653992784112,66237968
2019-08-05,4.50481653213501,4.645138397182555,4.456429491172537,4.574977233932271,55856972
2019-08-06,4.502397537231445,4.577397042133432,4.456429890344973,4.5169134662392025,49514208
2019-08-07,4.233850002288818,4.475784288133894,4.180624625525993,4.475784288133894,112314692
2019-08-08,4.173366069793701,4.289494406204461,4.144333754964516,4.270139683469334,61091832
2019-08-09,4.168527603149414,4.216914644537335,4.134656951049685,4.1733663995788115,55078916
2019-08-12,4.168527603149414,4.168527603149414,4.168527603149414,4.168527603149414,0
2019-08-13,4.168527603149414,4.168527603149414,4.168527603149414,4.168527603149414,0
2019-08-14,4.168527603149414,4.168527603149414,4.168527603149414,4.168527603149414,0
2019-08-15,4.144334316253662,4.1999795554248465,4.098367131940275,4.149173112956035,45672528
2019-08-16,4.093527793884277,4.175785481134139,4.083850201759357,4.154011360306058,30318456
2019-08-19,4.134657382965088,4.195140960291724,4.091109133457418,4.124979789095351,41531680
2019-08-20,4.262881755828857,4.2773976818528645,4.139495230992375,4.141914628905203,61703836
2019-08-21,4.364495277404785,4.635461452617231,4.320947026739513,4.320947026739513,181725104
2019-08-22,4.243527412414551,4.441913444428821,4.199979169005953,4.366913486801565,86315484
2019-08-23,4.267719745635986,4.304010249945447,4.22659090734447,4.248365025348974,53355508
2019-08-26,4.333043098449707,4.364494814574049,4.2096565551335985,4.2096565551335985,50112340
2019-08-27,4.3862690925598145,4.439494939187749,4.2749795249797735,4.349979036238197,101060780
2019-08-28,4.308848857879639,4.420138852695356,4.274978210587141,4.412880659081409,65540612
2019-08-29,4.412881374359131,4.439494293804293,4.311268954558462,4.313688352821934,85261796
2019-08-30,4.412881374359131,4.412881374359131,4.412881374359131,4.412881374359131,0
2019-09-02,4.560461521148682,4.577396847847763,4.417720251180647,4.420139649488093,95041568
2019-09-03,4.533848285675049,4.604009447348819,4.480622910974714,4.548364213056411,124354252
2019-09-04,4.645138740539551,4.645138740539551,4.536268121053055,4.555622846578093,108930952
2019-09-05,4.633040428161621,4.681427458909393,4.608846912787735,4.6717498681786696,79620496
2019-09-06,4.6572346687316895,4.679008789813428,4.601589897724134,4.630621751531121,94439936
2019-09-09,4.679008483886719,4.746750240762203,4.671750290183035,4.679008483886719,103940592
2019-09-10,4.8338470458984375,4.862879363992714,4.676589848308132,4.679009246603742,172862700
2019-09-11,4.906427383422852,4.964491555472155,4.804814966973316,4.838685618638821,100078784
2019-09-12,4.802396297454834,4.945137581778985,4.766106242099375,4.9209440577243155,76257484
2019-09-13,4.831428050994873,4.8725569025481414,4.804815590427285,4.819331519959886,64258820
2019-09-16,4.858041286468506,4.911266672490997,4.799977103138576,4.802396501792296,69219952
2019-09-17,4.7370734214782715,4.916104742281278,4.7080411033831435,4.887072885639191,105759536
2019-09-18,4.6839213371276855,4.756690979816659,4.652388149154412,4.744562474707581,56809452
2019-09-19,4.57961893081665,4.737286273258094,4.574767990978691,4.693624576130015,58668116
2019-09-20,4.535957336425781,4.613577919536589,4.501997984323425,4.596598474812996,51487000
2019-09-23,4.497147083282471,4.584470008700409,4.475316236264193,4.565064862756959,49037184
2019-09-24,4.5820441246032715,4.676644612122204,4.5432338342665854,4.662090406254581,85978028
2019-09-25,4.574767589569092,4.582044230015151,4.521403092137109,4.557788144988066,51126596
2019-09-26,4.526254177093506,4.611151856705833,4.518977074502118,4.59659811417819,43916268
2019-09-27,4.746987819671631,4.761541562055727,4.538382173994042,4.540807874833912,121545560
2019-09-30,4.885250091552734,4.92891178638831,4.780947256702234,4.78822436005989,94466892
2019-10-01,4.715455055236816,4.890101367410339,4.676644763642701,4.885249965297282,93645728
2019-10-02,4.686347007751465,4.742136742925848,4.676644666382301,4.730008700550604,52652024
2019-10-03,4.601449489593506,4.732434572728648,4.5771934039656745,4.700900921164183,70724512
2019-10-04,4.625705718994141,4.649962265604976,4.599023471456708,4.632982821773934,50163944
2019-10-07,4.608726978302002,4.708178418189786,4.601449874411963,4.632983528613582,78561420
2019-10-08,4.540807723999023,4.599023154256754,4.470464252599933,4.5723413712147405,77491828
2019-10-09,4.446208477020264,4.577193564756747,4.441357074662203,4.543234210905514,46878144
2019-10-10,4.363736629486084,4.460762366527131,4.269136593702964,4.434080578000349,73369412
2019-10-11,4.417099952697754,4.492295291530448,4.3855667667701095,4.390418168499019,47802124
2019-10-14,4.143002510070801,4.397695103404863,4.048402483287606,4.397695103404863,84043468
2019-10-15,4.186663627624512,4.244879056306677,4.167258484730457,4.220622512025333,67110096
2019-10-16,4.104191780090332,4.1430020670645336,4.06538149311613,4.1430020670645336,61359036
2019-10-17,4.109043121337891,4.150279108474854,4.075083773742381,4.094488916944768,78071516
2019-10-18,4.332202911376953,4.3637360985831855,4.288541219356669,4.341905252573043,106473964
2019-10-21,4.2667107582092285,4.334629003328777,4.257007953482781,4.334629003328777,52938760
2019-10-22,4.295817852020264,4.315223459688553,4.269136066786669,4.278838407965662,55591072
2019-10-23,4.404972076416016,4.417100118538505,4.2982435476485366,4.3297771974152495,114900692
2019-10-24,4.402546405792236,4.494721192116745,4.383141260669469,4.453485200898971,82731256
2019-10-25,4.53353214263916,4.538383082634992,4.390419003019655,4.409824150968644,106864828
2019-10-28,4.526254177093506,4.560213063876383,4.506849032838271,4.540807919621148,24371892
2019-10-30,4.448634147644043,4.497147245581055,4.378290201900895,4.451059848806413,61289292
2019-10-31,4.446208477020264,4.494721575290486,4.419526226706122,4.463187922618284,37416000
2019-11-01,4.453485012054443,4.468038754615597,4.404971919977087,4.463187352876834,31628740
2019-11-04,4.572342395782471,4.599024184803324,4.480167596895255,4.492296103409477,72967340
2019-11-05,4.57961893081665,4.599024078134107,4.54323433742832,4.57961893081665,43906652
2019-11-06,4.511700630187988,4.5771931683847615,4.475316040963721,4.5771931683847615,90904404
2019-11-07,4.594172954559326,4.62813184534294,4.53110611263605,4.548085558027858,102624700
2019-11-08,4.5965986251831055,4.681495851578343,4.577193478770596,4.599023863661382,109349748
2019-11-11,4.552936553955078,4.5771931006305815,4.49957205873794,4.560213194099127,84906360
2019-11-12,4.623280048370361,4.657239398910171,4.567490314658374,4.567490314658374,95518788
2019-11-13,4.6814961433410645,4.69605035104889,4.601449851568877,4.6257064017600396,119267888
2019-11-14,4.599023818969727,4.6960500127445926,4.586895776075458,4.611152324519175,97318004
2019-11-15,4.637834548950195,4.671793438994339,4.635408847853445,4.647536890682018,60474784
2019-11-18,4.679071426391602,4.7081789197420845,4.654814873496023,4.659665813950927,80952688
2019-11-19,4.715455055236816,4.75911674894399,4.669367660473115,4.6911985073267015,110421736
2019-11-20,4.705752849578857,4.800353352195901,4.688773402678556,4.710604252309009,104725940
2019-11-21,4.6839213371276855,4.751839577773027,4.6766446967174025,4.710603585712492,63465936
2019-11-22,4.671792984008789,4.715454674187724,4.649962138919322,4.696049529958768,61274772
2019-11-25,4.555362701416016,4.715455277449804,4.552937000245177,4.7009010704247745,86071480
2019-11-26,4.5820441246032715,4.589321227537083,4.501997842951963,4.557788040134209,90332800
2019-11-27,4.523828983306885,4.5844701237336665,4.5189775810354975,4.565064977303304,54050556
2019-11-28,4.560214042663574,4.579619191083857,4.523829447207448,4.533532252745205,90402772
2019-11-29,4.528679847717285,4.579618177551463,4.528679847717285,4.567490135968601,47784168
2019-12-02,4.557787895202637,4.577193039753922,4.5480850915994235,4.557787895202637,68848324
2019-12-03,4.555362701416016,4.698475831909128,4.528680451191987,4.545659896732663,180991656
2019-12-04,4.591747283935547,4.632983278442009,4.560213631436681,4.594172985101244,76374692
2019-12-05,4.778522491455078,4.795501938315902,4.618429902974127,4.618429902974127,211577212
2019-12-06,4.698475360870361,4.80762912668388,4.696049659942708,4.802777724828573,142059056
2019-12-09,4.730009078979492,4.780947416217084,4.676645040541748,4.703326828433021,98782780
2019-12-10,4.69605016708374,4.790650200202636,4.683921661135679,4.734860460807143,78036120
2019-12-11,4.637834548950195,4.703326627941733,4.635408847853445,4.698475688403411,56820428
2019-12-12,4.739711761474609,4.761542146402259,4.662090713038315,4.662090713038315,138029752
2019-12-13,4.739711761474609,4.827034689150764,4.713029511616659,4.776096353227606,125213592
2019-12-16,4.734859943389893,4.763967429174032,4.691198252058539,4.7494136862819625,96368880
2019-12-17,4.720306396484375,4.7785223014860225,4.708178352824571,4.763968093908006,79091600
2019-12-18,4.667015552520752,4.710791696363112,4.652423195328016,4.686471564909809,58972572
2019-12-19,4.674310684204102,4.7010628718526215,4.662150851928156,4.686470980347914,58398056
2019-12-20,4.662150859832764,4.698630820590317,4.65242262290122,4.681606869827983,49260804
2019-12-23,4.676743030548096,4.698631101082846,4.647559245747026,4.669447316281776,48288292
2019-12-24,4.7715911865234375,4.783751018770434,4.7107910975527245,4.718086811353776,95648396
2019-12-25,4.793478488922119,4.793478488922119,4.761862648756833,4.776454539304823,61104196
2019-12-26,4.791048049926758,4.8518481497285295,4.766727917232459,4.800775824683708,101020968
2019-12-27,4.7861833572387695,4.8056393682898255,4.756999108728238,4.795911130830351,49903132
2019-12-30,4.9710164070129395,4.9758800625722435,4.7959118185751395,4.800775938002403,181560984
2019-12-31,5.092615604400635,5.160711407470994,4.985607317459955,4.995335554394503,143285928
2020-01-02,5.248263835906982,5.257992073122345,5.136391891137598,5.180167567003086,113871880
2020-01-03,5.296904563903809,5.335816588479674,5.082887964868626,5.204488157635186,223370840
2020-01-06,5.369863986968994,5.4379602554807525,5.272583934714967,5.292039945165772,188498904
2020-01-07,5.45255184173584,5.486599742149392,5.345543558320295,5.433095832375546,139196000
2020-01-08,5.418504238128662,5.472008150833262,5.3455438511301585,5.3795922172766115,141667500
2020-01-09,5.559560775756836,5.5692885496414455,5.48173672920833,5.515784633606325,101729748
2020-01-10,5.52064847946167,5.627656306239894,5.481736458111792,5.58388016625431,105703252
2020-01-13,5.569288730621338,5.5936088619250315,5.51578481284755,5.579016968689984,91649588
2020-01-14,5.6617045402526855,5.6860242051259995,5.53524024189281,5.579016380853372,107551392
2020-01-15,5.588744163513184,5.676296441582885,5.569288153260792,5.64711219427036,76438844
2020-01-16,5.569288730621338,5.661705136801788,5.5352408251169205,5.603337099993677,75859148
2020-01-17,5.569288730621338,5.617928993228724,5.51578481284755,5.588744742890708,60549820
2020-01-20,5.613065242767334,5.656841389214888,5.574153215673498,5.593609229220416,70956028
2020-01-21,5.617928504943848,5.637384515522189,5.569288246564051,5.588744257142394,53940924
2020-01-22,5.613065242767334,5.656841389214888,5.593609229220416,5.642249495021687,64527308
2020-01-23,5.559560775756836,5.622792929544475,5.544968419128061,5.583880442402314,54818952
2020-01-24,5.57415246963501,5.608200372818194,5.496328425863222,5.593608480577957,53248320
2020-01-27,5.676296710968018,5.778440885607592,5.506056265279428,5.510920384040335,130616624
2020-01-28,5.6568403244018555,5.7735763837095995,5.637384314517231,5.749256255386853,84418464
2020-01-29,5.666568756103516,5.768712935838201,5.642249088821668,5.666568756103516,80250816
2020-01-30,5.754121780395508,5.754121780395508,5.64224981217926,5.651977587565553,80198264
2020-01-31,5.7200727462768555,5.836808811172003,5.7054803902640465,5.768712541382556,85868148
2020-02-03,5.686024188995361,5.724936673191595,5.656840405683027,5.715208436175569,47542564
2020-02-04,5.977864742279053,5.982728860735765,5.739528504314538,5.7687122873190795,121746440
2020-02-05,5.929224491119385,6.055688787907684,5.890312471164196,5.987592984920036,98958456
2020-02-06,5.934088230133057,6.007048610784579,5.924360457700224,5.992456256333571,50683204
2020-02-07,5.938952445983887,6.026504718658882,5.9049045461070975,5.958408455037458,60744852
2020-02-10,5.861129283905029,6.02164149850293,5.661705045396602,5.958409343681346,104773900
2020-02-11,6.021641731262207,6.041097743969519,5.831945259464966,5.929225323001526,108985680
2020-02-12,6.799882411956787,6.974986982684956,6.255113615634742,6.255113615634742,590692024
2020-02-13,6.8631134033203125,6.9944418091083,6.756105588086953,6.814473613814559,196350652
2020-02-14,7.072267055511475,7.2230514957179315,6.8679786985184235,6.877706936407575,222090988
2020-02-17,7.018763542175293,7.446796292675831,6.994443409922365,7.159819752600748,282399644
2020-02-18,7.09658670425415,7.213322767785932,6.926346263702724,7.023626316645875,191012168
2020-02-19,7.252234935760498,7.281419184168122,7.01876280397107,7.145226643423064,184816388
2020-02-20,6.892298221588135,7.330058682902724,6.795018170614656,7.266826533802995,255737784
2020-02-21,7.018763542175293,7.0868593558419635,6.833931186468155,6.877707331749838,190776944
2020-02-24,6.960394859313965,6.99444276299817,6.858250684393453,6.882570350529086,105212548
2020-02-25,7.0674028396606445,7.1890030284002115,6.999307030841948,7.043082709139149,194105548
2020-02-26,7.052811622619629,7.456524250804971,6.970123449244997,7.446796475985106,322857092
2020-02-27,6.833930492401123,7.004170473145842,6.692874296301605,6.882570288099089,192005284
2020-02-28,6.726922035217285,6.877706465090757,5.875720760700166,6.080009103693705,163734316
2020-03-02,6.867978572845459,7.018763010292803,6.775562633929148,6.926346607508587,91934572
2020-03-03,7.383563041687012,7.393290814827825,6.960394473034497,7.00903426647431,207938432
2020-03-04,7.252234935760498,7.68026764124234,7.22791480606546,7.39329113135025,229455656
2020-03-05,7.383563041687012,7.505163221088351,7.2814188724351725,7.412746824977325,118786692
2020-03-06,7.252234935760498,7.39329113135025,7.120906977595918,7.354379109385345,94241608
2020-03-09,6.741513729095459,7.13549851154012,6.396169203598291,7.101450609997595,136581588
2020-03-10,6.337801933288574,6.979851268165156,6.269706122040943,6.945802898673416,164011900
2020-03-11,6.337801933288574,6.337801933288574,6.337801933288574,6.337801933288574,0
2020-03-12,5.938952445983887,6.1724245546267476,5.890312191416034,6.128648882157095,147271824
2020-03-13,6.182153701782227,6.4204899637648225,5.690888820976367,5.963273451719273,209237960
2020-03-16,5.57415246963501,5.904905119532996,5.57415246963501,5.836808849298738,132809360
2020-03-17,5.321224212646484,5.656841003267765,5.019655791310271,5.593608847587409,252839256
2020-03-18,5.311496734619141,5.491464973650829,5.102344243697041,5.155848628184804,140570984
2020-03-19,5.126663684844971,5.369864050281389,5.0585674155303355,5.228807856882981,152831372
2020-03-20,5.185030937194824,5.3212229914765485,5.121798796025642,5.2823109759674844,84732116
2020-03-23,5.053703308105469,5.18016713426556,4.893191118403799,5.009927172029042,114912224
2020-03-24,5.554696083068848,5.559560201442633,5.228807573911012,5.267719593165572,134267452
2020-03-25,5.6957526206970215,5.909768739818261,5.554696426218324,5.62279269605448,241205480
2020-03-26,5.890313148498535,5.9146332797340975,5.613064858469725,5.695753026349882,202814356
2020-03-27,5.608201026916504,5.953545609333118,5.569289000492205,5.9000416889666925,123453432
2020-03-30,5.651976108551025,5.724936492261781,5.510919923351661,5.593608079903136,109463124
2020-03-31,5.739529132843018,5.817353181201363,5.66656873960613,5.778441157022191,87538204
2020-04-01,5.56442403793335,5.768712377634981,5.520648362741178,5.598472403795538,125156456
2020-04-02,5.617928504943848,5.637384515522189,5.525512106795811,5.617928504943848,70466304
2020-04-03,5.6568403244018555,5.739528482378474,5.5984722947479835,5.637384314517231,90745988
2020-04-06,5.778441429138184,5.797897442143984,5.72007339012078,5.768713190701313,75569212
2020-04-07,5.934088230133057,6.162696680652618,5.817352177732027,5.831944068315196,270264028
2020-04-08,6.060553073883057,6.065417192478867,5.914632763083918,5.953544784114638,137222604
2020-04-09,6.1335129737854,6.182153231820878,6.021641029718833,6.138377092362524,139126952
2020-04-10,6.1140570640563965,6.2064734630725225,6.065417269087597,6.123785301370888,85295752
2020-04-13,6.065417766571045,6.15296959024301,6.011913384688702,6.055689528458647,81537096
2020-04-14,6.6345062255859375,6.668554128768561,6.128649477209771,6.128649477209771,372904224
2020-04-15,6.386441707611084,6.760970032431705,6.2210653834560485,6.673418215542718,266759168
2020-04-16,6.503177642822266,6.576138029951742,6.38644158005656,6.517769534701009,182507176
2020-04-17,6.59559440612793,6.688010344974794,6.522634014952916,6.615050417667685,119865568
2020-04-20,6.663690090179443,6.717194468815834,6.605322056649842,6.649098197764017,102817536
2020-04-21,6.556682109832764,6.629642503129286,6.527498323608489,6.619914265142583,90378996
2020-04-22,6.527498245239258,6.615050530596764,6.522634126304304,6.61018641166181,63896240
2020-04-24,6.47885799407959,6.517770017886177,6.391306172448727,6.508042243868487,89251068
2020-04-27,6.683145999908447,6.712330248164191,6.5712740533085245,6.5955941828769955,119561168
2020-04-28,6.644233703613281,6.741513753999768,6.6296418120222755,6.697738079226752,77660712
2020-04-29,6.673418045043945,6.717194184303949,6.639369679026233,6.688009936841321,81888828
2020-04-30,6.6101861000061035,6.736650403144897,6.47885767816169,6.6977383812357125,97432060
2020-05-04,6.435081481933594,6.537225654529424,6.3864416869014144,6.493449978160828,59715052
2020-05-05,6.5810017585754395,6.600457769254896,6.405897662460336,6.4788575865413245,88060816
2020-05-06,6.537225723266602,6.658825907927474,6.5177697122755776,6.605321993669131,74282836
2020-05-07,6.542089462280273,6.6296417385923165,6.4788573142624495,6.512905679421502,56518048
2020-05-08,6.449673652648926,6.581001605717916,6.444809534125071,6.571273832538078,43608044
2020-05-11,6.517769813537598,6.542089943621195,6.469130017238301,6.493450147321899,30327204
2020-05-12,6.678281784057617,6.683145902674121,6.493449915309323,6.5274978178890795,108585928
2020-05-13,6.984714508056641,7.130634823846566,6.6345063068022965,6.653962317983093,261955280
2020-05-14,7.09658670425415,7.247370670349064,6.95553051151961,6.960394630133739,231400344
2020-05-15,7.028491020202637,7.223051606149029,7.023626901183695,7.19873147492224,97001320
2020-05-18,7.111178874969482,7.1646827902184675,7.077130971071756,7.101451101227804,75022052
2020-05-20,7.164682865142822,7.25223514907301,7.101451175490916,7.135499079744697,117865228
2020-05-21,7.179275035858154,7.30087522089423,7.1646826796689425,7.218187057960267,120767620
2020-05-22,7.125770568847656,7.203595075950823,7.091722665899193,7.164682590465296,76450248
2020-05-27,7.310603141784668,7.368971176113874,7.179275180510929,7.218187203397067,133444784
2020-05-28,7.32033109664917,7.407882912826822,7.261963064574773,7.359243118032101,104964588
2020-05-29,7.339787483215332,7.354379376014219,7.271691210374011,7.3203314715275125,69962612
2020-06-01,7.748363971710205,7.7580917453429326,7.383563415058958,7.412747199825037,151130452
2020-06-02,7.933195114135742,8.040203861305256,7.767819266683169,7.8359155313056545,186777788
2020-06-03,7.733770847320557,7.913739512263952,7.7191789563868225,7.913739512263952,123533480
2020-06-04,7.704587459564209,7.845643185585444,7.621899300263573,7.724043469760366,140795844
2020-06-05,7.758091926574707,7.801868532482253,7.714315784535068,7.758091926574707,56914600
2020-06-08,7.680267333984375,7.850507307303213,7.6267634218900895,7.7678196118367255,85604176
2020-06-09,7.689996242523193,7.733771921404059,7.60730807596837,7.714315909501036,60053268
2020-06-10,7.835916042327881,7.9380597501211705,7.7094517414392145,7.7094517414392145,131770684
2020-06-11,7.845643043518066,7.952651793461047,7.743499339738745,7.758091231154667,119898320
2020-06-12,7.821324348449707,7.908876635531761,7.753228073622784,7.782412323939443,117614460
2020-06-15,7.782412052154541,7.8553719795963275,7.748364147864095,7.782412052154541,64238968
2020-06-16,7.904012203216553,7.981836249152436,7.831052276118639,7.855371942572674,150918648
2020-06-17,7.762955665588379,7.952652117188782,7.758091546962446,7.938059761310986,93324508
2020-06-18,7.9283318519592285,7.9283318519592285,7.74349997520836,7.76782010547597,120117148
2020-06-19,7.923468589782715,8.293132339968022,7.831052188368489,7.981836159712691,356190168
2020-06-22,7.8748273849487305,8.015883101803691,7.865099148548889,8.001291674939614,95457524
2020-06-23,7.835916042327881,7.918604203380633,7.816459567851579,7.889419491666181,72041576
2020-06-24,7.660811901092529,7.84078058887751,7.6413558894222495,7.821324113339322,78512536
2020-06-25,7.636491775512695,7.7775479761811015,7.578123740463829,7.660811906083367,92317476
2020-06-26,7.655947685241699,7.714315719513281,7.621899781216919,7.699723826912361,44253012
2020-06-29,7.811595916748047,7.889419963839409,7.631627691882295,7.655947822565324,119638324
2020-06-30,7.904012203216553,7.962380701536369,7.835916394956607,7.855371942572674,104257596
2020-07-01,7.962380409240723,8.079116473859216,7.899147794404181,7.967243600164358,155487528
2020-07-02,7.9964280128479,8.0693879345369,7.98669977589317,8.015883559021622,75761804
2020-07-03,7.855371475219727,8.020747794928415,7.78241155246254,8.006155439282677,88915920
2020-07-06,7.904012203216553,7.947788345022463,7.865100180248612,7.928331869670589,49211556
2020-07-07,7.923468589782715,8.001292634846548,7.816459832018097,7.913740352215786,102613012
2020-07-08,7.879692554473877,7.972108029395582,7.869964316776073,7.928331887491276,64326520
2020-07-09,7.777547359466553,8.006155362647013,7.73377122068412,7.899147538809811,114553700
2020-07-10,7.724043846130371,7.743499857274562,7.480843474894029,7.738635738521541,108957072
2020-07-13,7.8650994300842285,7.884554975844647,7.772683036449012,7.772683036449012,62371424
2020-07-14,7.806731224060059,7.9040117396422644,7.7921397961377545,7.845643244745791,49901064
2020-07-16,8.054795265197754,8.079115856636772,7.845642817500718,7.865099290651931,141651032
2020-07-17,7.9420928955078125,8.05429668256684,7.9128216141542325,8.049418135674577,70598444
2020-07-20,8.088444709777832,8.151863951576184,7.8884289611608125,7.917699308876392,128014948
2020-07-21,7.927456855773926,8.16650005853567,7.844523423755555,8.142108255789879,88453004
2020-07-22,8.229920387268066,8.278703993665461,7.898186653034952,7.946971189919995,255363812
2020-07-23,8.581167221069336,8.605559023822067,8.23479785295724,8.259190586197601,259234140
2020-07-24,8.561652183532715,8.795817746928277,8.493354398223094,8.522624744714712,199049508
2020-07-27,9.181215286254883,9.322690359679024,8.556776149728222,8.595803595761138,378658688
2020-07-28,8.947051048278809,9.347082622331445,8.932415406366728,9.23000027849807,294914660
2020-07-29,8.605558395385742,9.044618256772821,8.561652409247035,8.927535006744558,251565240
2020-07-30,8.600682258605957,8.66410244767929,8.434816290654357,8.634832092215811,77300136
2020-08-04,8.390909194946289,8.88850889470623,8.034782706344915,8.78118365171638,182412324
2020-08-05,8.254312515258789,8.52750462988193,8.098202735474137,8.478720091077305,93178612
2020-08-06,7.454248905181885,8.312854083026147,7.43473518286114,8.215285006178588,138183436
2020-08-07,8.190893173217773,8.190893173217773,6.942013088135365,7.415221434293227,219225806
2020-08-10,8.786062240600586,8.85436003823885,7.927457501127623,8.190893458568425,289847226
2020-08-11,8.84460163116455,9.210484230747248,8.781182389984746,8.834845469012897,196586594
2020-08-12,8.634831428527832,8.873874662496592,8.517748154697488,8.854360473362284,115929020
2020-08-13,8.586047172546387,8.849482221231511,8.517748438786125,8.668980618157734,126362710
2020-08-14,8.39578628540039,8.537261348669555,8.361637388883736,8.537261348669555,71475432
2020-08-17,8.722641944885254,8.742156132804134,8.400665288125282,8.434815116983323,88226604
2020-08-18,8.639708518981934,8.810453941554098,8.61531671453778,8.708007246303417,87739854
2020-08-19,8.727520942687988,8.800698220676091,8.65922314241935,8.732399489919711,107268428
2020-08-20,8.629953384399414,8.737278639432274,8.581168839207095,8.73240009186426,61837798
2020-08-21,8.46408462524414,8.747033808468732,8.449448985762876,8.644586193075076,61751850
2020-08-24,8.390909194946289,8.556776071695504,8.366516459843345,8.468964086300307,38523524
2020-08-25,8.186013221740723,8.45920528638828,8.088444161979982,8.439691102241126,61288830
2020-08-26,8.278703689575195,8.395786015506085,8.176257003318522,8.23479770104016,66874758
2020-08-27,8.259191513061523,8.36651675990049,8.234798777083757,8.317732218432692,36240266
2020-08-28,8.166499137878418,8.28845999883327,8.098201353499709,8.264068198837311,32290430
2020-08-31,7.937214374542236,8.17625759011791,7.907943093093042,8.171379043209711,63776248
2020-09-01,8.195770263671875,8.293339333912956,7.732319506245779,7.927456716240325,112022524
2020-09-02,8.107959747314453,8.273825688792023,8.103081200434573,8.205527893449043,81732678
2020-09-03,8.28358268737793,8.425057753805975,8.107959654158412,8.107959654158412,162593814
2020-09-04,8.229920387268066,8.342124170762313,8.176257303645755,8.259190737204033,91697070
2020-09-07,8.239676475524902,8.293339558660515,8.210406125854405,8.244555022217925,55170164
2020-09-08,8.132351875305176,8.32261055876407,8.12259478115659,8.273826018508846,48215596
2020-09-09,8.078689575195312,8.22016466267259,8.054297767934722,8.127474120204297,45066782
2020-09-10,8.0982027053833,8.220163586697845,8.073809970827783,8.0982027053833,49182502
2020-09-11,8.107959747314453,8.161621902017792,8.073809919155288,8.151864808258031,26953224
2020-09-14,8.156744003295898,8.225042734553764,8.127473650178384,8.137230744713472,41892808
2020-09-15,8.151864051818848,8.244554572960164,8.049417368310753,8.18113533038195,46940808
2020-09-16,8.127472877502441,8.181135961855945,8.088445433560164,8.176257415052204,27445446
2020-09-17,8.112836837768555,8.122593930895784,8.029903407162331,8.088445035438095,32430294
2020-09-18,8.112836837768555,8.176257012607934,8.098202128565324,8.171378466044319,26589304
2020-09-21,7.898186206817627,8.1274723075896,7.8542802191503736,8.083566319922346,44686172
2020-09-22,7.946971893310547,8.020148239871164,7.829888622228285,7.912822063127045,43090372
2020-09-23,8.005511283874512,8.078687618419716,7.951848204313826,7.985998028889994,46808160
2020-09-24,8.278703689575195,8.28846078269134,7.922578165224454,7.93721380489867,105675028
2020-09-25,8.415301322937012,8.507991858914624,8.298218981406851,8.342124975791629,145500864
2020-09-28,8.527503967285156,8.634830130413503,8.410421641544097,8.410421641544097,108350496
2020-09-29,9.069009780883789,9.083645419312413,8.468962562623224,8.532381801505526,189117032
2020-09-30,9.49343490600586,9.65930178516726,8.834846866939507,9.005591362704731,447563012
2020-10-01,9.054376602172852,9.688573815719955,9.039741890256087,9.425137835364746,180170864
2020-10-02,8.986077308654785,9.210484872056565,8.903143876422034,9.000712948632671,137386246
2020-10-05,9.132431030273438,9.249513372015537,9.020227235748226,9.039741424615778,92429690
2020-10-06,9.049497604370117,9.205608324120028,9.044619987632448,9.151945235128254,64056986
2020-10-07,9.044618606567383,9.132429651753268,8.986076979289193,9.00071261873064,99825640
2020-10-08,8.805575370788574,9.151944761983914,8.786062113383485,9.083646965334562,118882404
2020-10-09,8.834846496582031,8.912901385799127,8.766547770651314,8.849481206755438,76894902
2020-10-12,8.820212364196777,8.922660005367787,8.805576721032965,8.859239815479105,49191804
2020-10-13,8.795819282531738,8.95192906505792,8.751913289885287,8.829968181148379,76976438
2020-10-14,8.805575370788574,8.868995550952423,8.771426472463899,8.815332464734965,54262846
2020-10-15,8.864116668701172,8.927535915978547,8.76166904711445,8.825089224879482,71589732
2020-10-16,8.829373359680176,8.922314397056448,8.795132170384296,8.902748403031273,47788774
2020-10-19,8.863616943359375,8.897858138300743,8.839158280542266,8.848941745669109,42082866
2020-10-20,8.897857666015625,8.985906981478522,8.844049543676626,8.86361647289173,97121320
2020-10-21,8.858724594116211,8.936990443677493,8.83915766522463,8.927206979231702,36937028
2020-10-22,8.94188117980957,9.0446047460398,8.804915491833512,8.848940143932873,104445530
2020-10-23,8.829373359680176,8.99079677564821,8.697300334253553,8.971230781623035,61194008
2020-10-26,8.345104217529297,8.78045907155517,8.345104217529297,8.78045907155517,75645250
2020-10-27,8.462503433227539,8.49185382917356,8.276622257249098,8.369563311739622,72478782
2020-10-28,8.511419296264648,8.73643431947873,8.374454522397643,8.457612106389417,70006862
2020-10-30,8.183679580688477,8.364669921138134,8.129872398124325,8.354886457761953,83431460
2020-11-02,8.628817558288574,8.873398563301311,8.232596591408637,8.232596591408637,197487454
2020-11-03,8.472286224365234,8.721758972039122,8.379345177270446,8.667950850089108,84847232
2020-11-04,8.491853713989258,8.72175954776566,8.477178516215304,8.584793834216528,63356932
2020-11-05,8.501635551452637,8.604360061470935,8.44782836335021,8.511419015835811,62890180
2020-11-06,8.526095390319824,8.575011785991148,8.4771789946485,8.51631192458503,47853686
2020-11-09,8.751108169555664,8.897857334188632,8.68262578586178,8.804916289888002,93037400
2020-11-10,8.809809684753418,8.927208478815881,8.648386226292198,8.702194356780163,64101264
2020-11-11,9.093522071838379,9.166896188604188,8.839157596247896,8.86361625717151,169142580
2020-11-12,8.94188117980957,9.489742065708969,8.878289600998308,9.29407746360204,237638996
2020-11-13,8.981014251708984,9.108196478474207,8.902748409546145,8.990796782227514,67599794
2020-11-16,8.897857666015625,9.088630560850207,8.883182469104296,9.02993070620743,44462550
2020-11-17,8.658167839050293,8.858724185935417,8.648384375055292,8.858724185935417,41473164
2020-11-18,8.88318157196045,8.88318157196045,8.663058305534236,8.663058305534236,51933438
2020-11-19,8.927206993103027,9.08863042469931,8.81959168303968,8.90274926495307,77616150
2020-11-20,8.976123809814453,9.049497930760648,8.927207418182801,8.966340344887609,46776352
2020-11-23,8.902749061584473,9.113087944675828,8.804916285214423,8.985906641598264,73408684
2020-11-24,8.951665878295898,9.049498669546104,8.878291751359567,8.922316414121894,47667792
2020-11-25,8.897857666015625,9.02993070620743,8.873399004496745,8.99079778077976,37759454
2020-11-26,8.94677448272705,8.99568994209254,8.863616895602103,8.941882750189984,38919372
2020-11-27,8.858724594116211,8.985906832903925,8.80980820488978,8.976123368458135,39639756
2020-11-30,8.575010299682617,8.814699570623793,8.560335103624082,8.760891451411647,46284718
2020-12-01,8.785348892211914,8.804915819652319,8.462502053464858,8.58479255096003,44860460
2020-12-02,8.721759796142578,8.9272079058157,8.66795166910833,8.800025653827328,54468302
2020-12-03,8.721759796142578,8.756000992254329,8.677735134569579,8.731543261603827,35275268
2020-12-04,8.658167839050293,8.731541953007842,8.648384375055292,8.692409030030317,26540794
2020-12-07,8.628817558288574,8.74621632873439,8.599468098927742,8.658167950651896,32300202
2020-12-08,8.619034767150879,8.741325265967987,8.60925130332492,8.623925566061397,44256258
2020-12-09,8.716867446899414,8.868507418813342,8.61414386582943,8.658168524288724,102781014
2020-12-10,8.623926162719727,8.795133059509357,8.584793237710885,8.74132587074878,51870658
2020-12-11,8.579903602600098,8.643494264491624,8.354888553516878,8.438046147068968,88299664
2020-12-14,8.741324424743652,8.80980679893002,8.579901019159804,8.702191506208246,116674734
2020-12-15,8.71197509765625,8.90274891513948,8.69240910250559,8.878290254948046,75387292
2020-12-16,8.76089096069336,8.90274838230598,8.707082844495133,8.716866307986162,134660736
2020-12-17,8.741324424743652,8.85383144890765,8.726649230416985,8.804915067487798,56205762
2020-12-18,8.750633239746094,8.824209004131378,8.731012536941163,8.755538415447326,31152142
2020-12-21,8.843831062316895,9.074368742206767,8.637818329125206,8.731013875031705,203570772
2020-12-22,8.794779777526855,8.907596023398117,8.784969425129347,8.883071077971042,66381690
2020-12-23,8.834020614624023,8.897786036695164,8.789874962587566,8.799685315388276,60489990
2020-12-24,8.848734855651855,8.932120035618706,8.829114152906762,8.834019328593035,80451136
2020-12-25,8.834020614624023,8.917406742296583,8.80459049178863,8.868355913859771,42809676
2020-12-28,8.838923454284668,8.883069094650375,8.829113104077514,8.878163919546799,26191262
2020-12-29,8.78006362915039,8.858544571657138,8.726108565906147,8.848735155518769,44879544
2020-12-30,9.044938087463379,9.275475753804011,8.794779716463955,8.799684892628653,254683148
2020-12-31,8.990981101989746,9.064556865280785,8.922310514326988,9.030221571449406,66814456
2021-01-04,9.005696296691895,9.128322876175972,8.976265244007797,9.000791121244545,72663000
2021-01-05,8.966455459594727,9.079271683540266,8.917404642706856,8.986075225009964,67539692
2021-01-06,9.177372932434082,9.29509527425546,9.040031759586764,9.074367052798593,147927014
2021-01-07,9.295095443725586,9.403006500868303,9.216614504791503,9.221518744854116,133026784
2021-01-08,9.309810638427734,9.393196758395387,9.270570166417466,9.349051110438003,64394274
2021-01-11,9.275474548339844,9.481487242649749,9.206803962092065,9.299999490409316,96954198
2021-01-12,9.265664100646973,9.39319585632456,9.241139158833288,9.35395538808273,48054804
2021-01-13,9.167563438415527,9.339240838571104,9.128322969999958,9.29999943458897,55987868
2021-01-14,9.093987464904785,9.27056910087163,9.044936646638117,9.216614042788184,49240584
2021-01-15,8.927215576171875,9.098892043140637,8.88797510721236,9.054746398615361,44392296
2021-01-18,9.040031433105469,9.074366725077278,8.79477827837365,8.91740485573956,49651104
2021-01-19,9.030221939086914,9.19208899914375,9.00569699551364,9.074367585972109,55836782
2021-01-20,8.941929817199707,9.074366745590238,8.922310051271412,9.06455639484282,35443596
2021-01-21,8.868355751037598,9.020412474389905,8.858545398417006,8.96155222979979,51839322
2021-01-22,8.976266860961914,9.069463340116544,8.79968519088128,8.829115313300266,60988062
2021-01-25,8.922310829162598,9.143038126824372,8.90269012595713,9.093988239943947,37586886
2021-01-26,8.99588680267334,9.005697154502494,8.853639507850525,8.912500683258811,48446662
2021-01-27,8.637816429138184,9.035126278769733,8.637816429138184,8.995885811343982,69258918
2021-01-28,8.686866760253906,8.78006322603931,8.475949821679805,8.583860878780502,88674640
2021-01-29,8.485759735107422,8.67215267761127,8.46123479109901,8.583861382274357,44792268
2021-02-01,8.544620513916016,8.598576510910087,8.471044749739209,8.539715338228682,35937508
2021-02-02,8.574050903320312,8.677057724875018,8.539715607990955,8.588766430847166,42142548
2021-02-03,8.794779777526855,8.82911507535144,8.593672231211409,8.593672231211409,102247916
2021-02-04,8.706488609313965,8.843830738264906,8.706488609313965,8.794779911099091,45062370
2021-02-05,8.657437324523926,8.804589798243027,8.63781755603471,8.750633797656024,35984980
2021-02-08,8.657437324523926,8.760444149683963,8.63291238002074,8.716298501124898,41251886
2021-02-09,8.85854434967041,8.981170936210127,8.672152349779351,8.681962701238515,124217620
2021-02-10,8.814398765563965,8.976265823510328,8.706487705455261,8.946835704492793,59667582
2021-02-11,8.72610855102539,8.87816525992708,8.721203375181254,8.804589493398304,31117090
2021-02-12,8.657437324523926,8.726108853152837,8.574051203419767,8.726108853152837,28490556
2021-02-15,8.750633239746094,8.77025300698442,8.68686689119667,8.68686689119667,28264036
2021-02-16,8.574050903320312,8.789873962547663,8.515190664346164,8.755538667218305,42351166
2021-02-17,8.55443000793457,8.632910939933065,8.515189541935323,8.598575649129538,36037182
2021-02-18,8.510284423828125,8.647625587963548,8.510284423828125,8.598575706810333,34338436
2021-02-19,8.696677207946777,8.706487559310153,8.515190385557327,8.515190385557327,53683492
2021-02-22,8.593671798706055,8.770253455140665,8.583861446802285,8.74572851094789,39100260
2021-02-23,8.377848625183105,8.721203452795244,8.363133097519738,8.637817333836104,78767316
2021-02-24,8.534810066223145,8.789873585686422,8.520095474893802,8.70648747107599,138373118
2021-02-25,8.382753372192383,8.677057361436084,8.377848196555552,8.662341834525591,69067346
2021-02-26,8.328798294067383,8.436710298842597,8.166931222471257,8.176741574826584,59681458
2021-03-01,8.446518898010254,8.485759368066402,8.372943133600803,8.387658660709334,42076518
2021-03-02,8.431804656982422,8.534810544324337,8.39256418529503,8.446519249136042,51012562
2021-03-03,8.441614151000977,8.559336502714359,8.412184030855956,8.480855558616538,59617484
2021-03-04,8.426898956298828,8.471044601143848,8.392563662656386,8.431804131900117,37384924
2021-03-05,8.446518898010254,8.62310148104622,8.392563836412178,8.41218360365695,87977790
2021-03-08,8.353322982788086,8.48575897841726,8.343512631832871,8.461234036595782,44476310
2021-03-09,8.421995162963867,8.490665761519365,8.363133981654343,8.38765986368612,56379312
2021-03-10,8.441614151000977,8.485759799001832,8.402373678952065,8.436709910615683,35315672
2021-03-11,8.407279014587402,8.539715961105408,8.397469598063848,8.48575996017585,58797002
2021-03-12,8.39256477355957,8.45142501743306,8.377849244807843,8.41708971924574,29446002
2021-03-15,8.475950241088867,8.57405095178922,8.377848594821879,8.387658946561904,71779498
2021-03-16,8.456329345703125,8.534810286709035,8.446518994185732,8.49556981620608,30205694
2021-03-17,8.368038177490234,8.490664766579462,8.358228761393732,8.461234647156703,33747364
2021-03-18,8.279747009277344,8.446519247814326,8.260127241220038,8.377848656263795,40487886
2021-03-19,8.02958869934082,8.27974609392392,7.990348231997732,8.269936678763052,42801360
2021-03-22,7.230063438415527,7.774525782658356,7.230063438415527,7.676424139087295,64743232
2021-03-23,7.377215385437012,7.455696325529432,6.710126926868139,7.146677273078052,83430882
2021-03-24,7.499842166900635,7.5783231090401255,7.347784990667885,7.431171108636923,61992520
2021-03-25,7.387026309967041,7.705855270774857,7.387026309967041,7.499842553156984,52653358
2021-03-26,7.2840189933776855,7.514556625526202,7.2006328820785965,7.450790748192588,37757204
2021-03-29,7.41645622253418,7.460601870466822,7.293829630624983,7.293829630624983,35009540
2021-03-30,7.367405891418457,7.411551071717441,7.2889244793925005,7.406646363539772,27100394
2021-03-31,7.333069801330566,7.421361093568361,7.313449566142535,7.367405563747101,28404212
2021-04-01,7.583227634429932,7.583227634429932,7.352689535831744,7.357594711240557,39475168
2021-04-02,7.602848529815674,7.617563589539214,7.4949370003486395,7.583228294256514,22196036
2021-04-05,7.818671226501465,7.941298285130554,7.725475223283343,7.725475223283343,53476424
2021-04-06,7.617563724517822,7.877531967228994,7.602848664533539,7.808861375446791,39153780
2021-04-07,7.656804084777832,7.68623467210094,7.519462435431064,7.617563613535898,28016762
2021-04-08,7.5587029457092285,7.710760123394493,7.5587029457092285,7.681329535919394,22753782
2021-04-09,7.426266193389893,7.58322807328947,7.3526899613494905,7.553797486916649,27203812
2021-04-12,7.382120609283447,7.426266255319169,7.279114257794532,7.377215433549855,23338350
2021-04-13,7.357594966888428,7.431170729443997,7.269303677595114,7.382120377001381,23516256
2021-04-14,7.504746913909912,7.553797266052706,7.401740566291771,7.406645741841037,18720966
2021-04-15,7.426266193389893,7.524367368327129,7.3968356070170715,7.504747133339682,19781500
2021-04-16,7.460601329803467,7.534177092503683,7.377215215925467,7.377215215925467,22122900
2021-04-19,7.33797550201416,7.539083044024051,7.308544913235068,7.46060209765759,21935930
2021-04-20,7.318354606628418,7.406645897234424,7.234968491674589,7.308544255324064,20199980
2021-04-21,7.112342357635498,7.293829658213577,7.028956237399174,7.259494362039794,25295746
2021-04-22,7.136867523193359,7.185917877778608,6.975000464273748,6.979905172283956,24231808
2021-04-26,7.195727825164795,7.225157942706123,7.10743653697424,7.112341712492223,23917336
2021-04-27,7.59794282913208,7.602848004628861,7.230063086972619,7.230063086972619,61423132
2021-04-28,7.308544158935547,7.529272382539494,7.303639451131352,7.529272382539494,36101502
2021-04-29,7.367405891418457,7.460601895760749,7.337975303435807,7.337975303435807,28124968
2021-04-30,7.357594966888428,7.455696139556949,7.333069556775476,7.382120377001381,31385656
2021-05-03,7.411551475524902,7.426267004209644,7.362501116592485,7.377216177493875,23319352
2021-05-04,7.313449382781982,7.43607596657855,7.313449382781982,7.426266083122138,24900434
2021-05-05,7.313449382781982,7.333069617478102,7.220253384921239,7.328164441858248,22404290
2021-05-06,7.249683856964111,7.3330699754389,7.239873973028833,7.313449739785027,19719104
2021-05-07,7.377215385437012,7.480221736254139,7.259493975298382,7.264399150999983,60552732
2021-05-10,7.406645774841309,7.460601302773767,7.391930248127947,7.4164556582002605,39390506
2021-05-11,7.318354606628418,7.391930370277891,7.293829196150828,7.342880017106008,26966558
2021-05-12,7.2840189933776855,7.308543934997073,7.269303467066122,7.269303467066122,7266912
2021-05-17,7.440981388092041,7.440981388092041,7.337975035587658,7.342880211369607,27747220
2021-05-18,7.426266193389893,7.514557016941755,7.421361017697206,7.450791136286726,26656090
2021-05-20,7.382120609283447,7.470411433571586,7.367405549865976,7.4213610795855764,28165920
2021-05-21,7.431171417236328,7.49984247835179,7.4066464726367585,7.411551180886672,35098038
2021-05-24,7.548892498016357,7.66661390355912,7.4409809757105165,7.4409809757105165,96758570
2021-05-25,7.220252990722656,7.602847780300393,7.220252990722656,7.588132722027514,60638990
2021-05-26,7.377215385437012,7.382120561138613,7.234968564573675,7.2742090346198855,31602706
2021-05-27,7.3036394119262695,7.421360818694266,7.249683416320138,7.333069529726624,32616216
2021-05-28,7.377215385437012,7.401740796161719,7.249683623895178,7.298734445344592,55193488
2021-05-31,7.308544158935547,7.38212038939796,7.2840192165647,7.377215213810474,23529662
2021-06-01,7.382120609283447,7.465506725621299,7.333069787514134,7.3526900226651986,48360552
2021-06-02,7.39193058013916,7.411550815521602,7.323259990192265,7.328164698200393,25942366
2021-06-03,7.372310161590576,7.475316511735021,7.298734397680244,7.411550631380527,37030724
2021-06-04,7.3968353271484375,7.445886146652806,7.372309917396254,7.3968353271484375,29895272
2021-06-07,7.583227634429932,7.642088335985863,7.426265763614114,7.4311704712396525,68114728
2021-06-08,7.568512916564941,7.612658561664234,7.514556920206564,7.588133151299816,40074738
2021-06-09,7.504746913909912,7.588133027114278,7.494936562811381,7.568512792700503,28910144
2021-06-10,7.700949668884277,7.72547508015572,7.514557198117951,7.534177433578443,61797596
2021-06-11,7.656804084777832,7.823576321447707,7.656804084777832,7.7303803191939435,77679588
2021-06-14,7.750000476837158,7.81376635890954,7.7156647140084536,7.73528541721532,43611738
2021-06-15,7.632278919219971,7.78433562391637,7.519462216841489,7.691139624371799,72250706
2021-06-16,7.5390825271606445,7.6273738196615195,7.529272643429051,7.6077535844150255,24104838
2021-06-17,7.401740550994873,7.524367132773361,7.401740550994873,7.499841722861007,30732452
2021-06-18,7.313449382781982,7.460601376894522,7.298734323705716,7.43607596657855,30363594
2021-06-21,7.475317478179932,7.475317478179932,7.333070639855183,7.342880992462649,40276882
2021-06-22,7.524367332458496,7.568512977915635,7.460601452107439,7.534177216013806,26662074
2021-06-23,7.4360761642456055,7.627373808455344,7.4360761642456055,7.558702751301854,37332392
2021-06-24,7.460601329803467,7.509652150125805,7.436075919642298,7.460601329803467,23739380
2021-06-25,7.372310161590576,7.485126863074157,7.35759510236517,7.480221687404589,24295732
2021-06-28,7.308544158935547,7.39193027278964,7.288923924368895,7.38212038939796,22509876
2021-06-29,7.362500190734863,7.362500190734863,7.225158080315254,7.308544194575983,28292872
2021-06-30,7.220252990722656,7.352689450745105,7.200632757097727,7.333069217120177,32490118
2021-07-01,7.298734664916992,7.298734664916992,7.2055381949160795,7.220253722463581,21894048
2021-07-02,7.22515869140625,7.298734928450407,7.210443631110751,7.2742095161023546,25812776
2021-07-05,7.372310161590576,7.387025688599282,7.215348282430774,7.230063341656182,31205606
2021-07-06,7.269303798675537,7.396835559160479,7.269303798675537,7.352689913778515,24416476
2021-07-07,7.293829441070557,7.342880263672816,7.269304029769427,7.269304029769427,21416480
2021-07-08,7.234968662261963,7.308544427646219,7.2251583107262976,7.279114308605839,16636722
2021-07-09,7.259493350982666,7.2742084090386765,7.200632650975366,7.234967942367143,17989390
2021-07-12,7.07310152053833,7.269303871098121,7.04367093406271,7.249683636042142,30208070
2021-07-13,6.975000381469727,7.117247203309886,6.970095205734441,7.082911440946189,21957122
2021-07-14,7.102531909942627,7.117247437632969,6.975000611109578,6.975000611109578,16737452
2021-07-16,7.092721462249756,7.166297223720866,7.024050408502312,7.082911111235857,19002562
2021-07-19,7.092721462249756,7.12215204750817,7.014240525271696,7.019145700778646,10290046
2021-07-26,7.1466779708862305,7.166298207825073,7.0534819623725635,7.073102199311406,24771514
2021-07-27,7.239873886108398,7.284019532745438,7.117247297798094,7.131962357416003,32734172
2021-07-28,7.288924694061279,7.33307034344374,7.200633863079698,7.234969160251239,40057644
2021-07-29,7.485126972198486,7.529272618301596,7.323259915009285,7.323259915009285,67999602
2021-07-30,7.607753276824951,7.622468335719049,7.455696108974988,7.455696108974988,63732904
2021-08-02,7.867722034454346,7.877531450088807,7.627373575644944,7.632278751245466,100854204
2021-08-03,7.936392784118652,7.936392784118652,7.779430436173291,7.853006668336733,90300310
2021-08-04,7.78924036026001,7.946202699594471,7.774525301747905,7.936392348730884,35893848
2021-08-05,7.867722034454346,7.906962503691943,7.740189807757215,7.75000015895826,43748568
2021-08-06,7.833386421203613,7.902057477559978,7.764715364847248,7.848101480500227,28440426
2021-08-09,7.759810447692871,7.897152564981523,7.759810447692871,7.838291390267348,32221640
2021-08-10,7.799050807952881,7.8726265736232,7.764715513011173,7.769620688798077,26164952
2021-08-11,7.504746913909912,7.83338619117811,7.499841738360646,7.803955605665804,47167146
2021-08-12,7.602848529815674,7.646994176769611,7.5390826473025765,7.568513234532973,24299348
2021-08-13,7.5783233642578125,7.6273741886385515,7.548893243856033,7.602848776448182,15872284
2021-08-16,7.568512916564941,7.671519265868859,7.543987506200524,7.578322800040731,21127584
2021-08-17,7.568512916564941,7.578322800040731,7.485126801995899,7.568512916564941,23959430
2021-08-18,7.485126972198486,7.602848383284576,7.485126972198486,7.588133323844642,22554044
2021-08-19,7.494936943054199,7.5341774138725475,7.4311710610285555,7.4311710610285555,30635428
2021-08-20,7.54398775100708,7.54398775100708,7.44098139836055,7.494936928686519,21467874
2021-08-23,7.666614532470703,7.730380415983062,7.5685133531375826,7.5734180612667465,33259222
2021-08-24,7.681329727172852,7.73528572759007,7.661709490962044,7.676424551174317,26039080
2021-08-25,7.715665340423584,7.818671701705898,7.627374507741136,7.681330042590596,52087282
2021-08-26,7.6911396980285645,7.853006755692093,7.671519462790055,7.715664641239221,48430940
2021-08-27,7.754906177520752,7.794146651023808,7.676424762731297,7.720570412368071,40053974
2021-08-31,7.7941460609436035,7.838291239454885,7.7254750036205415,7.7794305336565355,31985796
2021-09-01,7.705854892730713,7.833386657910551,7.700949716889185,7.818671130385966,33646000
2021-09-02,7.715665340423584,7.754906282239877,7.696045103407112,7.700950279607067,20682360
2021-09-03,7.700949668884277,7.73038025596667,7.6322790786642125,7.715664728533818,24012438
2021-09-06,7.696044445037842,7.730380207716877,7.676424209699812,7.710759972378846,15571338
2021-09-07,7.553797721862793,7.7156647824896165,7.553797721862793,7.691139838829983,20692442
2021-09-08,7.445886135101318,7.573417423604916,7.440980959601835,7.553797189390263,21770442
2021-09-09,7.5194621086120605,7.5194621086120605,7.4017407000027955,7.440981169539217,24304588
2021-09-10,7.41645622253418,7.553797874493148,7.406646338428772,7.53417763849901,19767602
2021-09-13,7.411551475524902,7.465507478468918,7.391931238395265,7.416456651753149,16365292
2021-09-14,7.33797550201416,7.436076684972236,7.313450089328807,7.411551272286882,25945932
2021-09-15,7.239873886108398,7.391930593654522,7.239873886108398,7.3379750631999805,34834574
2021-09-16,7.215348243713379,7.318354593305093,7.195728008923685,7.259493888936013,20817088
2021-09-17,7.288924694061279,7.288924694061279,7.200633863079698,7.234969160251239,22902270
2021-09-20,7.347785472869873,7.347785472869873,7.09272239417789,7.230064051935112,23315236
2021-09-21,7.22515869140625,7.367405989468287,7.220253983163305,7.337975401093957,33293302
2021-09-22,7.308544158935547,7.308544158935547,7.190822751535635,7.2496834552355915,19372210
2021-09-23,7.308544158935547,7.38212038939796,7.269303689802244,7.279114040977214,29414166
2021-09-24,7.2006330490112305,7.298734221112891,7.181012814590898,7.264398927823132,19636256
2021-09-27,7.230063438415527,7.269303908730629,7.181013084413301,7.220253554728404,19977292
2021-09-28,7.171202182769775,7.2349680590855385,7.131961715465193,7.2006327671398465,18301696
2021-09-29,7.234968662261963,7.26439924908565,7.185917840150253,7.205538075438276,21894576
2021-09-30,7.426266193389893,7.440981252684653,7.210443140744673,7.234968551424807,53277822
2021-10-01,7.387026309967041,7.4655072561484515,7.33797548471199,7.357595721257343,40343858
2021-10-04,7.465506553649902,7.548892668066915,7.401740673931993,7.401740673931993,51025642
2021-10-05,7.39193058013916,7.504747284425689,7.382120696339594,7.4900322248346844,35779774
2021-10-06,7.274209499359131,7.387026208787166,7.205538438499313,7.362500796495564,43895008
2021-10-07,7.607753276824951,7.607753276824951,7.313449292243281,7.313449292243281,99431242
2021-10-08,7.73528528213501,7.76962057658081,7.553797522907286,7.6420888146631185,143678606
2021-10-11,7.759810447692871,7.833386682193931,7.720569976405632,7.764715623549605,65939350
2021-10-12,8.014873504638672,8.103164793702813,7.7009492851309505,7.7009492851309505,169049268
2021-10-13,7.995253562927246,8.166930981819958,7.9707286183282875,8.039399211658706,170140262
2021-10-14,8.127689361572266,8.196359945207076,8.000157609417235,8.000157609417235,141070152
2021-10-15,8.088449478149414,8.181645945212933,7.985443595263369,8.157120066740111,86642802
2021-10-18,7.980539321899414,8.073734863933613,7.8677230748685165,8.044304742005272,89867770
2021-10-19,8.044303894042969,8.117879658891443,7.99525307228845,7.99525307228845,58942452
2021-10-20,7.995253562927246,8.09826038848954,7.960918266262038,8.06392509182433,91938432
2021-10-21,8.147311210632324,8.162025803160297,7.951107911637125,7.9854441438579515,87305072
2021-10-22,8.19145679473877,8.294462683888781,8.108070673993526,8.147311146369718,98214642
2021-10-25,8.181644439697266,8.245409840859839,8.09335316457491,8.09335316457491,79233384
2021-10-26,8.323891639709473,8.412182924095015,8.215980589664102,8.215980589664102,81357380
2021-10-27,8.08354377746582,8.142404946411228,8.024683544086953,8.112974829721795,121761514
2021-10-28,8.059019088745117,8.112975084005665,8.059019088745117,8.088449206356975,21549112
2021-11-01,8.08354377746582,8.157119536972674,8.02958871946295,8.08354377746582,55145814
2021-11-02,8.0050630569458,8.127689637929816,7.990348465990322,8.073733642915547,33224556
2021-11-03,7.965823650360107,8.108070952336194,7.617564095228456,8.005064124083392,71054410
2021-11-04,8.181644439697266,8.19145478928118,8.0001567146606,8.044302352221777,87697692
2021-11-05,8.201266288757324,8.260127465661883,8.127690519301627,8.206171464796594,90015534
2021-11-08,8.29936695098877,8.397468588969128,8.211075663919758,8.211075663919758,116160188
2021-11-09,8.436708450317383,8.529903970573304,8.299366354135225,8.318986118980396,122013752
2021-11-10,8.377848625183105,8.475950271805614,8.289557330336176,8.441614040591089,82248038
2021-11-11,8.431804656982422,8.56424066419822,8.363133129854504,8.363133129854504,112299320
2021-11-12,8.515191078186035,8.54462119910342,8.451424724703916,8.466140252945944,79140104
2021-11-15,8.838923454284668,8.917404384808927,8.623100427559711,8.632910777766867,128620152
2021-11-16,8.740822792053223,8.907595021791531,8.740822792053223,8.843829609511163,94973666
2021-11-17,8.88306999206543,8.887975167664553,8.740822706390576,8.740822706390576,67439712
2021-11-18,9.143038749694824,9.216615456161124,8.853639906665212,8.907595908589382,157489212
2021-11-19,9.279426574707031,9.432928032420183,9.23981326483087,9.244765046622366,82372096
2021-11-22,9.249716758728027,9.432927961354064,9.165538357818395,9.413121778793103,62038250
2021-11-23,9.55176830291748,9.591381610290432,9.279425988329658,9.279425988329658,163089762
2021-11-24,10.398503303527832,10.438116611667803,9.655753067561559,9.655753067561559,151995132
2021-11-25,10.537149429321289,10.893669171286625,10.40840595305322,10.477729000099226,173648686
2021-11-26,10.240050315856934,10.596570097642777,10.160823697682302,10.398503552206197,126525372
2021-11-29,11.260093688964844,11.260093688964844,10.358890202426707,10.378696384664668,168603494
2021-11-30,10.76492691040039,11.616613529035881,10.497537309851488,11.289803492556228,310690406
2021-12-01,10.814443588256836,11.180866927275545,10.636183228129335,10.933283513523246,197947728
2021-12-02,10.84415340423584,11.111543946172265,10.82434722212339,10.88376671291652,108781946
2021-12-03,10.873862266540527,11.042219050874714,10.863959648516406,10.933282696963765,83052296
2021-12-06,11.161060333251953,11.299706435383055,10.735216575093316,10.962992853997688,115317972
2021-12-07,11.428449630737305,11.576999291973852,11.08183249524441,11.279899969500757,215510868
2021-12-08,11.834486961364746,12.14149080927502,11.517580494713448,11.537386676651268,222898702
2021-12-09,12.398978233337402,12.814917513607346,11.943424698849956,11.963230881502904,252201382
2021-12-10,12.131587028503418,12.517817486149639,11.903810745796807,12.438590870907708,139113092
2021-12-13,12.755496978759766,12.953563511381432,12.210813305708388,12.25042661223272,202470152
2021-12-14,12.963467597961426,13.181341264877082,12.765401057336177,13.003080906086476,102453296
2021-12-15,12.636656761169434,13.17143685886378,12.597043455579323,13.17143685886378,119571244
2021-12-16,13.537860870361328,13.547764433383895,12.696076902558243,12.775303517827268,170126778
2021-12-17,12.191007614135742,14.389547631189895,12.191007614135742,13.765637320040225,169112710
2021-12-20,11.983037948608398,12.686174901699566,10.972897138059484,12.032553877220726,120480416
2021-12-21,10.784733772277832,12.864433867475345,10.784733772277832,12.359363480065868,73273946
2021-12-22,9.942949295043945,10.834249156259661,9.82906115784135,10.24995312625933,113309938
2021-12-23,9.819157600402832,10.249953131708054,9.244764188299682,10.101402525122657,101531212
2021-12-24,10.705507278442383,10.705507278442383,9.804302854644167,9.858771508161274,80723248
2021-12-27,10.804540634155273,11.200674685164907,10.636183827755948,10.883767255466037,93720370
2021-12-28,10.477730751037598,10.992704742167414,10.319277505907143,10.903574555667573,52641402
2021-12-29,10.715409278869629,10.824346579617085,10.111306121233373,10.398502828234966,78238534
2021-12-30,10.457923889160156,10.972896902424951,10.408407017155366,10.863960539579034,57873860
2021-12-31,10.339082717895508,10.566859944711242,10.259856102774144,10.537150200154668,38037822
2022-01-03,10.794636726379395,10.794636726379395,10.319277013663347,10.388600068987156,61064146
2022-01-04,11.141253471374512,11.27990052124458,10.814443445103988,10.903573623987905,106163426
2022-01-05,11.3987398147583,11.438353120466045,10.953089889432238,11.151156417970965,89890050
2022-01-06,11.517580032348633,11.765163435594848,11.230383322361252,11.269996629102417,118434816
2022-01-07,11.616613388061523,11.725550695203248,11.359127354035119,11.616613388061523,64605930
2022-01-10,11.983037948608398,12.250427552047006,11.69584121816022,11.725550964218776,143423396
2022-01-11,11.884003639221191,12.171200356057474,11.606710485420308,12.141490611407033,118264414
2022-01-12,11.96323013305664,12.141490488059826,11.884003518489834,12.072166491972062,71043126
2022-01-13,12.032553672790527,12.32965396169583,11.943424436129142,11.983037745019463,150168774
2022-01-14,11.953326225280762,12.052359962860121,11.775066819875919,12.0226502193686,76699158
2022-01-17,11.992939949035645,12.329653535183537,11.992939949035645,12.141490560577465,103946860
2022-01-18,11.289803504943848,12.10187775979093,11.289803504943848,11.983037832254823,74117382
2022-01-19,11.497773170471191,11.547290041147335,10.933283300348117,11.279900450625366,105702304
2022-01-20,11.161060333251953,11.606710272662575,10.97289641685155,11.547289839995148,87775316
2022-01-21,11.042220115661621,11.170963606946783,10.923380187811269,11.071930805966053,55845374
2022-01-24,10.339082717895508,11.161060502577223,10.32918009934715,11.032317016891069,81098178
2022-01-25,10.477730751037598,10.566860937537438,10.111307385559462,10.418311256341596,60528668
2022-01-26,10.576763153076172,10.735216378005958,10.497536540611279,10.547052465060046,49702876
2022-01-27,11.042220115661621,11.042220115661621,10.38860004025679,10.438116912975051,80088846
2022-01-28,10.854057312011719,11.170963791515305,10.824347565672209,11.05212386170146,60787524
2022-01-31,10.69560432434082,11.042220558353192,10.65599101346924,10.962993936610031,50038984
2022-02-01,10.646087646484375,10.883767516108577,10.60647433488034,10.794637328885539,52156078
2022-02-02,10.527246475219727,10.804539623879158,10.467826042564838,10.725313009976464,54389088
2022-02-03,10.269759178161621,10.616376311201735,10.150919261122192,10.438115963414738,60105416
2022-02-04,10.160822868347168,10.339082272462509,10.08159625663908,10.309372529185904,41525386
2022-02-07,10.428213119506836,10.448020245939537,9.923143673397991,10.141016397423073,59446254
2022-02-08,10.438117027282715,10.57676408352101,10.309373534587685,10.42821346373945,71427850
2022-02-09,10.586666107177734,10.695603411115027,10.507439492199202,10.537150181157964,62481950
2022-02-10,10.497536659240723,10.675796067073328,10.457923352560618,10.606473016497077,50218310
2022-02-11,10.76492691040039,10.804540219535628,10.269760073982033,10.388600001387745,87931308
2022-02-14,10.814443588256836,11.022413693586998,10.418310504035468,10.804540025037358,197455530
2022-02-15,10.774829864501953,10.962992836140122,10.725312994769045,10.883766222349763,95464866
2022-02-16,11.02241325378418,11.081832741818616,10.77482984991065,10.794636031103552,122901710
2022-02-17,10.74512004852295,11.07193006433464,10.73521648575151,11.05212293879176,90832464
2022-02-18,10.725313186645508,10.883766417060963,10.56685995623005,10.81444336486814,46936258
2022-02-21,10.705507278442383,10.933283566867054,10.586666408140372,10.854056949636231,65623882
2022-02-22,10.63618278503418,10.695603217419862,10.35888963763104,10.428212688367893,61527616
2022-02-23,10.398503303527832,10.715409768647598,10.398503303527832,10.68570002365656,44621566
2022-02-24,9.35865306854248,9.982563399039417,9.35865306854248,9.606236488051307,75921236
2022-02-25,10.170726776123047,10.249953390520117,9.442830957723324,9.457686302093677,93572160
2022-02-28,11.012510299682617,11.032317426426102,9.982563320416064,10.03208019281899,124740042
2022-03-01,11.884003639221191,11.884003639221191,11.12144628569907,11.151156974805266,188166302
2022-03-02,11.369029998779297,11.874100393617692,11.309610507889943,11.735454285238681,150491696
2022-03-03,11.79487419128418,12.082070925906885,11.468064146522337,11.487871273819813,178406074
2022-03-04,11.983037948608398,12.260331115551791,11.844390892908802,11.844390892908802,128084502
2022-03-07,12.032553672790527,12.230621161697917,11.66613032944111,12.082070545017375,134407832
2022-03-08,12.834724426269531,13.062500717479596,11.943424499295505,12.012747554106257,209810550
2022-03-09,12.379170417785645,13.082307335294098,12.329653547223351,13.042694027735415,114997446
2022-03-10,12.091973304748535,12.597043667876127,12.052359998490825,12.42868688016693,111703594
2022-03-11,12.052360534667969,12.408880306847966,12.032553408430088,12.111780024470088,75158122
2022-03-14,11.933521270751953,12.181104695686825,11.884004396873816,12.08207094793055,47524964
2022-03-15,11.86419677734375,12.161297063831295,11.775067541407683,11.893907467111546,61533468
2022-03-16,11.606710433959961,12.052360379563739,11.576999744985493,11.933520457033115,55985130
2022-03-17,11.775067329406738,11.874100126815728,11.636420279687243,11.656227405842495,72941318
2022-03-18,11.537386894226074,11.8443907479259,11.537386894226074,11.77506769315256,54295536
2022-03-21,11.96323013305664,12.022650566209618,11.63642011185463,11.676033419138033,97519306
2022-03-22,12.032553672790527,12.141490980580748,11.973134181682937,12.082070545017375,67647036
2022-03-23,11.844389915466309,12.141490184901468,11.794873046484495,12.101876878607161,61046080
2022-03-24,11.68593692779541,11.992939821701917,11.68593692779541,11.854293719081845,53305316
2022-03-25,11.804777145385742,11.923617069666781,11.656227476148384,11.775067400429423,76045094
2022-03-28,11.676033973693848,11.913713828682923,11.66613041028869,11.903811209733554,62684776
2022-03-29,11.844389915466309,11.953326271661721,11.705742871208376,11.72554999658339,104451518
2022-03-30,12.072166442871094,12.23062061581597,11.943423903065474,11.943423903065474,155028838
2022-03-31,11.953326225280762,12.19100700658008,11.88400317564864,12.131586575141322,91759364
2022-04-01,12.270235061645508,12.309848372444002,11.94342501144397,12.002844505413798,132780732
2022-04-04,12.547527313232422,12.616850365910866,12.428687389588335,12.428687389588335,202074508
2022-04-05,12.88424015045166,12.993176504653299,12.616849629517134,12.696076240655726,303253200
2022-04-06,12.646561622619629,13.012984973077721,12.646561622619629,12.953564536361581,147904948
2022-04-07,12.92385482788086,13.19124443274294,12.814917517659884,13.072404503420259,148144138
2022-04-08,13.815154075622559,13.973607306754957,13.102113591071014,13.250664203599454,310757492
2022-04-11,13.854766845703125,14.18157685834416,13.696313620720286,13.825057102132773,211629196
2022-04-12,13.765636444091797,14.003317222111928,13.587377041146327,13.815153312198312,156870566
2022-04-13,13.795348167419434,14.191481253102841,13.577474498065673,13.884478347812145,210551940
2022-04-14,13.775541305541992,13.983511415634927,13.755735123105223,13.943898106305596,82523382
2022-04-15,13.636894226074219,13.805250070418598,13.62699066333169,13.785443889389265,63319118
2022-04-18,13.94389820098877,14.07264169329725,13.587378414603917,13.67650859731408,189148064
2022-04-19,13.726024627685547,14.201385290843765,13.626991825183781,14.161771980951897,152201464
2022-04-20,13.795348167419434,13.953801401692797,13.666604678458384,13.805250786219688,114289236
2022-04-21,14.122159004211426,14.132062568031976,13.825058700785714,13.825058700785714,185998482
2022-04-22,13.36950397491455,14.260803862126556,13.339794230529016,14.03302758107788,227745600
2022-04-25,13.36950397491455,13.51805364129797,12.94366021274699,13.201147182636944,135618228
2022-04-26,12.676270484924316,13.557666799493703,12.527719875719237,13.498247311376259,116886062
2022-04-27,12.448494911193848,12.626755288074898,12.24052478631791,12.547528663784622,131936316
2022-04-28,12.260331153869629,12.676271377812578,12.210814280646744,12.567334067831071,101803198
2022-04-29,12.131587028503418,12.398977563286744,11.96323023500038,12.389074000267565,104533418
2022-05-05,12.210813522338867,12.369266751247299,12.161296652191046,12.349460569861616,107242210
2022-05-06,11.933521270751953,12.161297568353245,11.85429465032926,12.161297568353245,103899272
2022-05-09,11.75525951385498,12.012746472038192,11.735453333317034,11.92361629847818,92121604
2022-05-10,11.834486961364746,11.884003832892954,11.775067471095513,11.854294087758337,17613802
2022-05-11,11.814681053161621,12.101877781332373,11.755260617059903,12.062264472083157,170257316
2022-05-12,11.210577011108398,11.745357163188867,11.180867265008317,11.656227924888622,179777664
2022-05-13,11.369029998779297,11.497773488313934,11.279900762445267,11.349223816634773,100357342
2022-05-16,11.190770149230957,11.576999658454726,11.190770149230957,11.398740248219042,106594606
2022-05-17,11.13135051727295,11.349224194858238,11.13135051727295,11.33932063122804,95908244
2022-05-18,11.012510299682617,11.180867099179093,10.933283681620251,11.091736917744985,103454982
2022-05-20,11.279900550842285,11.517580398852548,10.972896705487207,11.012510013488917,310364650
2022-05-23,11.68593692779541,11.804776849093646,11.398740215210738,11.398740215210738,195676700
2022-05-24,11.418546676635742,11.7849700124078,11.408644057959776,11.755260267468381,88426238
2022-05-25,11.71564769744873,11.804777882337694,11.45816070653746,11.45816070653746,135682030
2022-05-26,11.874100685119629,11.933521121923496,11.735454573336943,11.745357192424418,117617450
2022-05-27,11.636420249938965,11.92361696726561,11.616613123834348,11.90381078561675,73835448
2022-05-30,11.97313404083252,12.082070402885444,11.784970117475192,11.804777243915236,173568008
2022-05-31,12.111781120300293,12.230621999568347,11.963231437898997,12.002844749503065,148980246
2022-06-01,12.329652786254883,12.36926609136869,12.091972955572036,12.171199565799652,128986168
2022-06-02,12.299943923950195,12.448493592646075,12.250427052899648,12.40888028469679,84012552
2022-06-03,12.052360534667969,12.369266998827966,12.042456971549028,12.349460817045847,74734852
2022-06-06,12.2900390625,12.418782535848353,12.141489409497257,12.141489409497257,106955790
2022-06-07,12.191007614135742,12.369267028424389,12.121683616593048,12.309847538480094,71126118
2022-06-08,11.577000617980957,12.309848278865818,11.517581124462831,12.260331404630165,99333856
2022-06-09,11.735453605651855,11.755259786649427,11.438353335042493,11.576999435392665,79265630
2022-06-10,11.50767707824707,11.715647185752683,11.468063769410563,11.616613441433522,68793954
2022-06-13,11.289803504943848,11.55719405024193,11.279900885991015,11.418546995888578,54016368
2022-06-14,11.527483940124512,11.616613174617656,11.29970671120445,11.339320019131101,81791282
2022-06-15,11.517580032348633,11.685936822112518,11.497772906750184,11.58690308303174,63454830
2022-06-16,11.269996643066406,11.576999534576892,11.161060285507158,11.527483609430883,62741514
2022-06-17,11.50767707824707,11.537386823760507,11.279900788551094,11.29970697074146,63029874
2022-06-20,11.804777145385742,11.834486890342061,11.4977732993179,11.567097296823663,68164362
2022-06-21,11.97313404083252,12.062264220901172,11.84439055233955,11.864196734323823,73445844
2022-06-22,11.75525951385498,11.943423423471828,11.75525951385498,11.89390655544341,62076322
2022-06-23,11.537386894226074,11.91371380269924,11.507677148531183,11.765164129769,65776270
2022-06-24,12.161297798156738,12.319751041996305,11.606711444718254,11.606711444718254,200372498
2022-06-27,11.874100685119629,11.874100685119629,11.874100685119629,11.874100685119629,1129318
2022-06-28,11.487871170043945,11.94342470475669,11.339320550022252,11.923617577638144,93385540
2022-06-29,11.23038387298584,11.893907501774653,11.161060818903831,11.884003938489858,120535146
2022-06-30,11.319513320922852,11.527483414162704,10.992703309325327,11.20067340256518,122527312
2022-07-01,11.32941722869873,11.577000656239361,11.279901298755263,11.279901298755263,71045460
2022-07-04,11.071929931640625,11.458159430540645,11.052122806335127,11.37893281823009,68344040
2022-07-05,10.715409278869629,11.289802692872817,10.68569953523656,11.190769899277345,78704514
2022-07-06,10.913476943969727,10.933283125249533,10.66589353900986,10.784733460055907,69640516
2022-07-07,10.933284759521484,11.002607821046597,10.814444820711628,10.913478575281115,40607450
2022-07-08,10.992704391479492,11.032317701498368,10.88376708058573,10.913477771441743,18883080
2022-07-13,10.873862266540527,11.012509307890946,10.774829475109401,10.992703127387001,39638602
2022-07-14,10.705507278442383,10.923380003599256,10.695603715174586,10.883766694983846,47759898
2022-07-18,10.883767127990723,10.943187565505749,10.814444071269703,10.863960945122923,44651662
2022-07-19,11.042220115661621,11.062027242531242,10.834250005809556,10.854057132679179,54203426
2022-07-20,10.982800483703613,11.131350155505485,10.943187174926063,11.081833283419602,52161648
2022-07-21,11.052123069763184,11.15115680973971,11.00260619977492,11.00260619977492,70390616
2022-07-22,11.071929931640625,11.220479593608983,11.0224130628326,11.091736112490405,55550756
2022-07-25,11.13135051727295,11.200674518228519,11.042220333512795,11.071931024403385,53313822
2022-07-26,11.02241325378418,11.220479787991856,11.012509690959863,11.151156737133103,42598684
2022-07-27,11.062026023864746,11.230382805886054,11.022412718945361,11.052122461520979,56232926
2022-07-28,10.94318675994873,11.190770166533744,10.913477015606137,11.170963040668186,50876244
2022-07-29,10.992704391479492,11.06202744789857,10.87386351696706,10.972897264242151,50049296
2022-08-01,11.428449630737305,11.428449630737305,11.022413008532077,11.032316571136036,99987490
2022-08-02,11.250190734863281,11.477967981897525,11.220480987669541,11.448258234703784,68389868
2022-08-03,11.487871170043945,11.577000408709997,11.269997494018945,11.279901057578218,82253388
2022-08-04,11.577000617980957,11.676034366452264,11.567097998698484,11.62651749221661,54752906
2022-08-05,11.666131019592285,11.775068333827077,11.547291085890926,11.636421272280906,107172236
2022-08-08,11.884003639221191,11.94342407297783,11.705743282407033,11.705743282407033,82138506
2022-08-09,11.86419677734375,12.082070446695386,11.755260414895819,11.963230520991523,74653268
2022-08-10,11.884003639221191,11.94342407297783,11.784969897778714,11.80477702384951,58954528
2022-08-11,11.933521270751953,12.161297568353245,11.913714143418373,12.002844327507857,82995538
2022-08-12,12.161297798156738,12.260331547784384,11.804777999517713,11.97313480721121,154211320
2022-08-15,12.111781120300293,12.379171681969645,12.091974936726183,12.280137930731549,95126082
2022-08-16,11.903810501098633,12.181103648745268,11.527483614207476,12.151393904754205,118787010
2022-08-17,12.299943923950195,12.319750105696958,11.933520589305363,11.98303746035591,143957642
2022-08-18,12.834724426269531,12.854530608591551,12.131587481405742,12.398978026171422,285236814
2022-08-19,12.646561622619629,13.012984973077721,12.567334058846175,12.913951226702755,136942474
2022-08-22,12.775303840637207,12.923854456362063,12.507914243461709,12.646561295913752,159738244
2022-08-23,12.864433288574219,13.141727377686896,12.795110238523911,12.805013801232732,228436528
2022-08-24,12.5574312210083,13.06250067424549,12.527720530939925,12.96346787405159,143601980
2022-08-25,12.973370552062988,13.042693601913466,12.557430364048676,12.597043670314052,187597498
2022-08-26,13.220954895019531,13.795348349050903,12.943660786934478,13.062500714204162,337086564
2022-08-29,13.102113723754883,13.40911757052472,12.983273799202104,13.250664337787681,101966038
2022-08-31,12.904047012329102,13.37940764871492,12.904047012329102,13.250664162703256,110908952
2022-09-01,12.597044944763184,13.01298517485837,12.597044944763184,12.854530989310257,116253712
2022-09-02,13.488344192504883,13.567570808906364,12.626754030796958,12.646561157125213,233916422
2022-09-05,14.250901222229004,14.379644706980596,13.597280235538822,13.597280235538822,288766444
2022-09-06,13.963704109191895,14.686647182372939,13.696313584400626,14.409354039388292,262502204
2022-09-07,14.19148063659668,14.538097779853754,13.894380363012864,13.993414102359381,244877192
2022-09-08,13.884477615356445,14.726260614140575,13.765636751464928,14.359837293099616,242440954
2022-09-09,14.518291473388672,14.746068708955569,13.973607765160825,13.973607765160825,286149790
2022-09-12,15.964179992675781,15.964179992675781,14.607421999561499,14.84510185966463,393813008
2022-09-13,14.855006217956543,16.934707466252803,14.855006217956543,16.736639961115362,508454116
2022-09-14,16.340503692626953,16.340503692626953,14.171673618075147,14.686646576665225,372344892
2022-09-15,16.766347885131836,17.855715205690053,16.41973075282994,16.81586380878436,630451656
2022-09-16,16.736637115478516,17.469483737626483,16.489053720607792,16.766347802871106,353236218
2022-09-19,15.062975883483887,16.9842228801961,15.062975883483887,16.78615727000982,211126912
2022-09-20,15.231330871582031,15.538333758490253,14.359837190805363,15.112490952992811,271222364
2022-09-21,15.389785766601562,16.07311560876443,15.102589029394586,15.25113870763909,290315412
2022-09-22,15.310558319091797,15.686885220712334,15.21152457597111,15.409592062212486,143955020
2022-09-23,14.904520988464355,15.40959135518571,14.864907681924782,15.350170923148488,92047380
2022-09-26,14.934231758117676,15.300655104893023,14.755971394216667,14.855005139596292,121404764
2022-09-27,14.696552276611328,15.270945747738763,14.656938966342395,14.973845448493858,110987658
2022-09-28,14.231094360351562,14.904521540942516,14.171674870567514,14.656938129778874,111182566
2022-09-29,14.805488586425781,15.211525251224554,14.122158750817864,14.359838611511417,268269508
2022-09-30,14.50838851928711,14.894619007404318,14.379645967703865,14.855005696658129,128202462
2022-10-03,15.785918235778809,15.835435108017956,14.617325150996166,14.617325150996166,187730150
2022-10-04,15.508625030517578,16.152341534475998,15.42939841293672,15.875049317398773,176585898
2022-10-05,15.330363273620605,15.736400832341511,15.171910052878639,15.647270659560231,132534356
2022-10-06,15.568044662475586,15.815628065752113,15.409591435491526,15.459107360582246,129674008
2022-10-07,15.587851524353027,15.983984609112584,15.52843203386698,15.617562214051823,193732298
2022-10-10,16.2315673828125,16.241470945654704,15.746304137013333,15.746304137013333,209799654
2022-10-11,15.974079132080078,16.27118032673873,15.924563210759295,16.27118032673873,154275802
2022-10-12,15.657175064086914,16.45934571780724,15.587851067941962,16.34050485140325,190112260
2022-10-13,15.389785766601562,15.766112688537568,15.300655581872531,15.676982503808539,133435172
2022-10-14,15.41949462890625,15.68688516775598,15.379881320682857,15.597754988139403,103597310
2022-10-17,16.19195556640625,16.40982828954778,15.429398202043602,15.518528381717758,269637726
2022-10-18,16.578184127807617,16.82576752617197,16.152340380395103,16.350407854651156,249000380
2022-10-19,16.22166633605957,16.964416664227187,16.22166633605957,16.687124417281474,169460380
2022-10-20,16.102825164794922,16.449442315538107,15.95427549702256,16.350408574052697,190703354
2022-10-21,15.76611042022705,16.132534670162634,15.76611042022705,16.092920420910627,119903678
2022-10-24,15.785918235778809,16.063211398079936,15.736402307995444,15.82553154467897,121275966
2022-10-25,15.795822143554688,16.122633129677045,15.68688577781777,15.855242580428516,177619610
2022-10-26,16.44944190979004,16.44944190979004,15.884952052832077,15.914660852306834,204725050
2022-10-27,16.02359962463379,16.538573603785444,15.964180131319871,16.51876647637693,128615440
2022-10-28,15.746305465698242,15.974081763554452,15.746305465698242,15.845339213565351,36046072
2022-10-31,15.954275131225586,16.07311410715415,15.696788164831739,15.785917396778164,103502914
2022-11-01,16.50886344909668,16.697027387768358,15.974082325159813,16.00379301723798,224811198
2022-11-02,17.76658821105957,18.0339768911045,16.45934794804259,16.54847624878307,464580694
2022-11-03,17.083255767822266,17.90523263645667,17.023836276655512,17.7863917652116,267146266
2022-11-04,17.390256881713867,17.568517225734084,17.033738082584804,17.162480614981977,221552396
2022-11-07,17.657651901245117,18.113206439807307,17.459584382059493,17.53881101195137,264840192
2022-11-08,17.915136337280273,18.42020673835239,17.479388991253266,17.736875973500517,334216540
2022-11-09,18.925275802612305,19.202568003205837,17.855715584395163,17.925038634543544,387477764
2022-11-10,18.83614730834961,19.15305378812183,18.38059282699333,18.687597632070332,242358210
2022-11-11,19.242183685302734,20.05425699986139,19.01440739247025,19.073826884315334,312310864
2022-11-14,20.648456573486328,21.064396773848337,19.22237561668637,19.27189154264624,341255252
2022-11-15,20.37116241455078,21.539756397175083,20.163193259462467,20.89603991711077,275989874
2022-11-16,19.824668884277344,20.750218484767952,19.625625265467523,20.6009367197709,180090024
2022-11-17,20.372034072875977,20.790024114492088,18.938926985809704,19.934141189827063,297473220
2022-11-18,19.764955520629883,20.471556723702133,19.58581665274663,20.16304083913682,158703510
2022-11-21,20.690505981445312,20.690505981445312,19.8644762992041,19.924190523268685,240463814
2022-11-22,21.19806480407715,21.317491360778018,20.610888188257725,20.79997944544213,230449522
2022-11-23,21.884761810302734,22.113660639348275,20.690505812095164,21.267730019117305,232863104
2022-11-24,22.840167999267578,23.656243387786848,21.80514425894618,21.924570805221936,326856612
2022-11-25,23.984664916992188,24.034424872511714,22.700837563805663,22.840168856057463,270875618
2022-11-28,23.39748764038086,24.4524142316928,23.327822945419776,24.143898340484892,211459310
2022-11-29,23.387535095214844,23.62638628967738,22.989449771110618,23.497009271176214,144642028
2022-11-30,24.14389991760254,24.422560613870008,23.148685585788193,23.268110242602326,237300268
2022-12-01,23.755765914916992,24.512127104163287,23.61643462365953,24.422559564511463,175583934
2022-12-02,23.407440185546875,24.721122723819914,22.860071195786052,23.815477886125,281581902
2022-12-05,24.770883560180664,25.0794013628963,23.188492655952505,23.586579898395822,252690338
2022-12-06,24.40265464782715,25.37796418851885,24.213563402763867,24.78083523973311,173264330
2022-12-07,24.571840286254883,25.950212245930093,23.994616099010077,25.17891968604408,281600348
2022-12-08,25.377962112426758,25.452603936751483,24.21356142192777,24.61164672247861,212859162
2022-12-09,26.621980667114258,27.26886953732527,25.5272446338692,25.726288239266665,253710578
2022-12-12,29.010496139526367,29.134897925629154,26.796143967252593,26.92054575335538,246724492
2022-12-13,29.532981872558594,30.876521478925298,29.110016578989686,29.856427260502244,274086088
2022-12-14,28.06504249572754,30.553078110660103,28.06504249572754,29.53298198996133,294442282
2022-12-15,29.010496139526367,29.85642866466946,27.890880064601262,29.11001794805272,272779202
2022-12-16,28.66217041015625,29.483222947735864,28.56265050106104,29.15977754851466,49637768
2022-12-19,29.582746505737305,30.154993609782295,29.035377482217793,29.11001931667704,180215518
2022-12-20,30.354034423828125,30.97604332595575,29.309060227541924,29.582743764833975,298376262
2022-12-21,29.48322296142578,30.67748085332873,29.28417934670176,30.453557261319354,201398326
2022-12-22,28.910972595214844,29.881306848202847,28.662169037947173,29.63250329093518,132599028
2022-12-23,28.861215591430664,29.483224548142534,28.68705384283962,28.98561738277304,103901768
2022-12-26,29.458343505859375,29.93107067553567,29.15977807848563,29.25929988761021,156308990
2022-12-27,28.836332321166992,29.6822647853769,28.73681051980927,29.48322118266146,125531674
2022-12-28,29.060258865356445,29.234420611840847,27.94064275681786,28.861215242327987,184648602
2022-12-29,29.259300231933594,29.657385574895965,28.81145493293367,29.060258509562733,127069110
2022-12-30,30.926284790039062,31.4985318672831,29.532983266859155,29.557865142660706,358105196
2023-01-02,32.14542007446289,32.344463687210876,31.22484763649973,31.34924941991208,188727498
2023-01-03,34.38465118408203,34.68321469637157,32.12054106914876,32.36934462879688,263514414
2023-01-04,32.419105529785156,34.40953406519556,32.220061916955885,34.38465218992647,221434950
2023-01-05,30.926284790039062,32.99135519900737,30.553079431663146,32.667909795793335,173804532
2023-01-06,31.299489974975586,31.92149890215538,28.114803508526787,29.33394138544331,297530190
2023-01-09,29.408580780029297,32.34446362192283,28.86121369340806,32.09566005560035,217603688
2023-01-10,28.935855865478516,30.25451364368123,28.512888658785855,29.408581128516502,237561544
2023-01-11,26.27365493774414,29.65738289443035,26.174133136443274,28.96073408176522,203951162
2023-01-12,27.816240310668945,28.1148038399465,25.87557167570297,27.219111353893215,221155860
2023-01-13,27.492795944213867,28.76169383891806,27.020068756479173,27.567437778463812,199425798
2023-01-16,28.836332321166992,28.985614074093334,27.617194525530987,27.617194525530987,146993280
2023-01-17,29.309059143066406,29.532980820970522,28.43824671230899,28.91097194185808,168262172
2023-01-18,31.374130249023438,32.070779116120164,30.503317741487066,30.951164933222593,298097778
2023-01-19,30.702360153198242,31.52341077482287,30.47843656612951,31.00092367047619,192089780
2023-01-20,31.075565338134766,31.34924887726039,30.50331638505529,31.00092351009117,110104066
2023-01-23,30.304275512695312,31.772215053602434,29.856428328479875,31.374129722200152,140799240
2023-01-24,31.34925079345703,31.34925079345703,29.085138615795934,30.254514671819162,204104444
2023-01-25,30.677480697631836,31.299489617711796,29.333941050615007,31.299489617711796,169864126
2023-01-26,30.32915687561035,31.42389301064621,30.304276897177402,30.677482268333673,206501790
2023-01-27,30.627717971801758,30.901401509189256,29.50810194758156,30.055470920577083,207715584
2023-01-30,29.38370132446289,30.752120963519527,29.38370132446289,30.62771917815074,108799986
2023-01-31,28.26408576965332,29.63250543357177,28.26408576965332,29.18466013703993,156786684
2023-02-01,26.398059844970703,28.6621720764858,26.398059844970703,28.338728556681186,129450268
2023-02-02,26.597103118896484,27.318633881551204,24.452415572933155,26.57222314050577,233363462
2023-02-03,28.5875301361084,28.761691873160686,26.273656211153348,26.59710160650253,167600982
2023-02-06,29.259300231933594,30.08035279409776,26.497580910995133,27.89088056047375,30408262
2023-02-07,26.348297119140625,29.25929798262966,26.348297119140625,28.811452718057772,170916522
2023-02-08,23.735858917236328,23.735858917236328,23.735858917236328,23.735858917236328,4
2023-02-15,28.960737228393555,28.960737228393555,26.671743142652772,27.36839392923055,94406834
2023-02-16,28.338727951049805,31.598054447484817,27.965522583559828,31.598054447484817,142396750
2023-02-17,27.816240310668945,28.687052818985872,27.39327309626835,27.642076670073187,82366398
2023-02-20,27.243989944458008,27.96552065139826,26.79614277512391,27.915758800238624,71808286
2023-02-21,27.069828033447266,28.16456217669346,26.89566440286136,27.094708009753678,124192444
2023-02-22,27.368392944335938,28.04016183004503,26.821025844737466,27.0698294169587,86426064
2023-02-23,27.044946670532227,27.592315650730473,26.845904958095137,27.39327204007283,43745688
2023-02-24,26.5224609375,27.368393479229404,26.37317917089379,27.09470992408124,52712686
2023-02-27,27.592315673828125,27.592315673828125,25.776048894273508,26.522459587533668,85697052
2023-02-28,27.467912673950195,28.015279732121005,27.119587319559468,27.617194426340372,76802488
2023-03-01,27.617197036743164,28.313847811372693,27.517675226335996,28.164564146651617,84501442
2023-03-02,27.542552947998047,28.512887198088546,27.46791301997293,27.46791301997293,137556126
2023-03-03,27.169347763061523,27.71671672936717,26.174133531473622,27.268869565864414,87782650
2023-03-06,27.716718673706055,28.015282204838577,27.219111523004763,27.293751456677576,72420102
2023-03-07,27.816240310668945,28.76169275219495,27.716718501502886,28.065043884473784,96838936
2023-03-08,28.338727951049805,28.413367885615404,27.492795405095055,27.69183902704464,84350828
2023-03-09,28.985614776611328,29.085136580381135,28.28896404844319,28.612409436139938,135708190
2023-03-10,28.214324951171875,29.184659244651602,28.164563098709497,28.836333870297267,98627910
2023-03-13,28.288965225219727,28.836334219613104,28.08992350762081,28.3636070557072,90549308
2023-03-14,28.836332321166992,29.40857935708805,28.363605188383175,28.388485164167488,198723722
2023-03-15,27.51767349243164,28.786571275062276,27.194230001764513,28.786571275062276,112831378
2023-03-16,27.96552276611328,28.040162701166114,27.169350171338337,27.766479142864377,71741646
2023-03-17,28.537769317626953,28.736812937085496,28.065044043299025,28.214325808782615,144880540
2023-03-20,27.592315673828125,28.985615254936317,27.49279386841599,28.264084538474048,143023580
2023-03-21,26.5224609375,28.01528240000342,26.5224609375,27.642077034377568,102215032
2023-03-22,27.368392944335938,27.368392944335938,26.323418700294994,26.69662405862685,73005758
2023-03-23,28.16456413269043,28.16456413269043,27.069829913416186,27.169349825553375,65092508
2023-03-24,28.015281677246094,28.68705245697422,27.791358084003384,28.189445315644026,69556066
2023-03-27,28.18944549560547,28.488009023021377,27.61719652013426,28.264085428349137,69735456
2023-03-28,26.49757957458496,28.363606305189535,26.49757957458496,28.21432454638528,60075182
2023-03-29,26.995187759399414,26.995187759399414,25.999973464122018,26.497580611760718,68165344
2023-03-30,26.348297119140625,27.34351134914994,26.323417143034494,26.99518598900258,75131346
2023-03-31,25.850692749023438,26.721505292746514,25.776050914558894,26.497581687573582,76935354
2023-04-03,25.402843475341797,25.726288867455498,24.601695696474163,25.67652701578079,81018788
2023-04-04,26.472700119018555,26.472700119018555,25.303322205884513,25.477485843102222,66286316
2023-04-05,25.950212478637695,26.671741295498585,25.850690673416022,26.522459536776353,54832594
2023-04-06,26.32341957092285,26.34829954932374,25.800930533400823,25.800930533400823,41599006
2023-04-07,25.950212478637695,26.522459536776353,25.925330603666865,26.298535949582725,35896384
2023-04-10,26.895666122436523,27.044947888039836,26.07461546250798,26.07461546250798,49765000
2023-04-11,26.621980667114258,27.119587782387423,26.47269891217641,26.99518600356913,45532638
2023-04-12,27.393272399902344,27.517674183642335,26.59710174325462,26.646861697462384,98529140
2023-04-13,26.845905303955078,27.56743602910894,26.845905303955078,27.443034245400362,57240710
2023-04-14,26.32341957092285,27.268872037701332,26.273657715900402,26.89566666702598,42177496
2023-04-17,25.90045166015625,26.646862381764333,25.825811726927817,26.44782066160122,52505902
2023-04-18,25.77604866027832,27.04494644765742,25.726288707134252,26.348297612537785,55175532
2023-04-19,26.373178482055664,26.82102566839768,25.427724154542787,25.77604953300651,56692662
2023-04-20,25.850692749023438,26.099496332944316,25.726290957062997,25.950214562235928,14089458
2023-04-24,25.577007293701172,26.37317794404448,25.552125418573738,25.975092618872825,40194408
2023-04-25,24.830596923828125,25.850691176194164,24.78083507113918,25.62676758464538,33953932
2023-04-26,24.104087829589844,24.95499743402815,24.084184987751083,24.78083380584044,61892452
2023-04-27,23.566673278808594,24.4623657064949,23.566673278808594,24.084185134172415,61630948
2023-04-28,22.25299072265625,23.725907323010613,21.914617733626127,23.57662556860803,55590330
2023-05-02,21.456819534301758,22.491843305764707,21.41701194982582,22.252992104247244,58279312
2023-05-03,21.088592529296875,21.606102546717718,20.362084613860528,21.456820774419,71373566
2023-05-04,20.899499893188477,21.695670558402654,20.70045627777463,20.899499893188477,48500006
2023-05-05,20.103330612182617,21.048783104945706,19.983904055067114,20.89950133221687,38148790
2023-05-08,20.720361709594727,20.919405331642935,20.023712828867325,20.3521334764924,44267002
2023-05-09,19.924192428588867,21.058736219222055,19.834622982147216,20.72036317671377,65017160
2023-05-10,19.4166316986084,20.11328058681978,19.297205144452363,19.954046446758852,33066224
2023-05-11,20.879592895507812,21.098541228445022,19.406676374932022,19.416628744449202,111256504
2023-05-12,20.531269073486328,21.148302741635796,20.06351906091307,20.919403920475723,66770276
2023-05-15,20.163042068481445,21.96437943094106,20.0336631456906,20.53127029871861,115817526
2023-05-16,21.277679443359375,21.387153616301788,20.252609999336787,20.292417581539162,93555782
2023-05-17,21.536436080932617,21.95442614804039,21.21796781994013,21.3373943669226,90362982
2023-05-18,20.98906898498535,21.675767358822725,20.660648353710187,21.62600550667766,54758428
2023-05-22,20.700456619262695,21.387155015726016,20.312323650845467,21.098543856657486,66820336
2023-05-23,20.541221618652344,20.979116422415554,20.451652183832127,20.660648164486147,47858222
2023-05-24,20.1331844329834,20.67060105544023,19.95404555883112,20.511366922465005,50114648
2023-05-25,20.023712158203125,20.3123233124637,19.80476380163931,20.192898661811252,46186762
2023-05-26,21.765336990356445,22.02409103095737,20.023712012236007,20.023712012236007,122829696
2023-05-29,23.93490219116211,23.93490219116211,22.501795023633573,22.939687931268125,117416060
2023-05-30,24.382749557495117,25.178920212329178,23.994616600541082,24.43250951158953,171001340
2023-05-31,23.63633918762207,24.571841143812883,23.437295572017014,24.342940416400886,110750694
2023-06-01,23.735858917236328,24.32303544381847,23.666194227340217,23.725906547505392,68833498
2023-06-02,24.41260528564453,24.77088111090935,24.183704574406452,24.293178745075945,134435160
2023-06-05,25.427724838256836,25.601888481282003,24.81069302961743,24.880357727539234,103202290
2023-06-06,25.90045166015625,27.21911136095211,25.90045166015625,26.074615300797177,182043016
2023-06-07,27.02006721496582,27.219110829462966,26.37317831518097,26.547340054200532,161013452
2023-06-08,27.169347763061523,27.293749542010012,26.348297160933807,26.89566422901895,112848506
2023-06-09,27.666954040527344,27.816237689318534,26.821023487886322,27.36839053938586,106546850
2023-06-12,26.94542694091797,28.164562895009897,26.89566508881549,27.865999375277294,90213886
2023-06-13,25.87557029724121,27.044946272539864,25.800928469787884,26.945426366896125,81987718
2023-06-14,25.99997329711914,26.62198222767223,25.37796436656605,25.875571511008523,85248970
2023-06-15,26.32341957092285,26.398059506125517,25.875572366824166,26.02485413545017,55001784
2023-06-16,26.149253845214844,27.06982815857131,26.12437386879343,26.572221037260956,76744852
2023-06-19,24.631553649902344,26.12437508322976,24.53203184136973,26.07461512807376,61362146
2023-06-20,24.123992919921875,24.905235945496205,24.054328226923477,24.53203060595864,79865244
2023-06-21,24.382749557495117,25.004758474778157,24.09413650872991,24.183705944676316,87859892
2023-06-22,25.601886749267578,25.601886749267578,24.044375929390295,24.432508876251394,97847542
2023-06-23,26.32341957092285,26.37317952772463,25.55212695295059,26.174135904076174,71721224
2023-06-26,27.293752670288086,27.36839450550047,26.422940117840344,26.472701974055507,76546926
2023-06-27,27.094711303710938,27.16935124170429,26.870787693289376,27.119591283042055,27652004
2023-07-03,28.488008499145508,28.61241028298457,27.492794228433,27.816239625702796,123337278
2023-07-04,29.632503509521484,29.781785265339174,28.488007517291855,28.88609283221253,165159914
2023-07-05,29.607624053955078,30.080351204208554,28.463128041597564,29.63250403065883,140414348
2023-07-06,29.159778594970703,30.03059111834874,29.159778594970703,29.732027583907392,100299000
2023-07-07,29.38370132446289,29.906188443367668,28.91097416041739,29.010495968356537,103586036
2023-07-10,30.652599334716797,30.901402906908398,30.25451399885436,30.602839379566724,127667630
2023-07-11,31.548294067382812,32.0956611730615,30.97604508562912,31.797097642367785,152843776
2023-07-12,31.498531341552734,31.971258500582902,30.901402398473607,31.299489626006746,137298190
2023-07-13,33.837284088134766,34.509052939419824,31.299488540812867,31.299488540812867,330152130
2023-07-14,34.58369827270508,35.653554446184955,33.28992039157561,34.210492895661496,216331796
2023-07-17,36.82292556762695,37.5693362210248,34.484173705556735,34.80761528487641,225620128
2023-07-18,34.58369827270508,38.415271958442595,34.58369827270508,37.320537704357996,259386594
2023-07-19,35.62866973876953,35.70331156753692,33.91192665932504,34.55881365027985,174493980
2023-07-20,36.648765563964844,37.12149081476306,35.653551312649796,36.82292729865676,152610080
2023-07-21,35.9272346496582,36.52436550649639,35.230587678008874,36.424841798802724,101943644
2023-07-24,34.98178482055664,36.524366255239045,34.35977587137492,36.02675909589367,118180550
2023-07-25,35.28034210205078,36.42483608777388,34.210486139843894,34.98177861866391,184744208
2023-07-26,36.97220993041992,37.121489786115944,34.956899608775345,35.30522306850703,153631664
2023-07-27,36.44972610473633,37.61910222389349,36.325324309157025,37.295656796098996,127180366
2023-07-28,37.14636993408203,37.6190951498132,36.57412102273743,36.773164617523484,146447036
2023-07-31,37.121490478515625,38.04206289335526,36.997088698228076,37.32053408626391,134665650
2023-08-01,37.096614837646484,38.4899125905449,36.549243931265046,37.07173296137776,177627908
2023-08-02,39.161678314208984,39.161678314208984,37.09661183031909,37.270773560757384,158411726
2023-08-03,38.06694793701172,39.510009467768406,37.7683843987548,39.21144592951149,124222306
2023-08-04,38.166465759277344,38.489911156513486,37.42005505632062,38.116705805035124,103358154
2023-08-07,39.01239776611328,39.58464669578219,38.41526696263406,39.21144136727302,93382256
2023-08-08,37.81814193725586,39.23632150061473,37.643980200780405,39.08704163925339,86349174
2023-08-09,38.564552307128906,38.91287577713299,37.37029444413605,37.49469622577195,97013926
2023-08-10,37.270774841308594,40.08225588849288,36.74828583560102,38.639194450461545,174970668
2023-08-11,39.03727722167969,39.26120270455535,37.17125051325444,37.27077421556842,143994248
2023-08-14,38.76359558105469,40.380818728304256,38.46503206700452,39.55976621733549,111411464
2023-08-15,39.31096267700195,39.75880984653449,38.116704823728874,38.863115507469416,99237052
2023-08-16,37.07173538208008,38.36551330726705,37.07173538208008,37.96742983606266,136096148
2023-08-17,36.87268829345703,37.71862270883412,36.87268829345703,37.66885895770985,91263838
2023-08-18,35.15594482421875,37.245893271285716,34.80761755208015,36.94732974976774,94952460
2023-08-21,36.74828338623047,37.096610632298955,34.73297691948632,34.907138644300126,103062902
2023-08-22,36.42483901977539,36.92244613095506,35.90235383090132,36.748284401330366,69584162
2023-08-23,36.20092010498047,37.1712525273622,36.07651831767813,36.47460555562212,104425132
2023-08-24,36.82292556762695,38.489908600927286,36.325318465361725,36.325318465361725,186398638
2023-08-25,37.59919357299805,38.196324407578324,36.524364145059344,36.82292766412892,83352906
2023-08-28,39.171634674072266,39.410483975300814,37.917662555078195,37.917662555078195,114588213
2023-08-29,38.455081939697266,39.609530435734754,38.07689942307283,39.23134791911032,63295810
2023-08-31,38.335655212402344,39.31096476881519,38.21623055965254,38.51479408974769,102372288
2023-09-01,38.534698486328125,39.15173028252679,38.25603590381806,38.534698486328125,70189686
2023-09-04,38.37546157836914,39.11191797302147,38.21622745548964,38.813354467177525,80330654
2023-09-05,38.31575012207031,38.3953690874729,37.6589088432639,38.37546434612225,55299481
2023-09-06,40.98292541503906,41.89852075404928,38.75364369969559,38.81335792476024,262034834
2023-09-07,41.79899978637695,42.75440458463397,40.62464663152059,41.06253954827809,145721826
2023-09-08,43.29181671142578,43.331626189662536,41.48052721250208,41.79899544551454,127507385
2023-09-11,41.32129669189453,43.74961812904433,41.12225307983019,43.45105460916839,80393859
2023-09-12,42.55535888671875,42.85392619344933,40.66445412392409,41.46062475017663,103169982
2023-09-13,41.10234832763672,42.595169723045615,40.70426490005902,42.21698723987185,69785727
2023-09-14,41.50043487548828,41.50043487548828,39.350772252981606,41.04263723283433,68822478
2023-09-15,40.6246452331543,42.177180824212044,40.405696884091505,41.56014525802438,81368095
2023-09-18,38.25603485107422,40.34598707840209,38.25603485107422,40.306177596790256,57030959
2023-09-19,39.410484313964844,39.86828577206242,37.99728184630187,38.256035890929866,84333215
2023-09-20,37.81814193725586,39.78866571946625,37.81814193725586,39.41048323709018,53073789
2023-09-21,39.66924285888672,39.748858029245945,37.2608222633493,37.6788142461694,62283935
2023-09-22,40.32608413696289,41.32129844301891,39.49010396801818,39.66924284682357,75305563
2023-09-25,42.09756088256836,42.19708458275412,40.42560068385736,40.42560068385736,68432473
2023-09-26,40.80378341674805,42.3961246656545,40.60473981152449,42.376223721929044,60832577
2023-09-27,40.405696868896484,41.1620618218611,39.927994486390915,40.803784085871655,44659256
2023-09-28,40.127037048339844,40.86349724160424,40.047421884885864,40.306175911662514,44688324
2023-09-29,40.60474395751953,41.04264069301151,40.087232049673524,40.2265614486241,58901834
2023-10-02,41.34120178222656,41.83880891837342,40.644551032332735,40.644551032332735,78343290
2023-10-03,41.10234832763672,42.15727681377781,40.90330471562731,41.341201421336244,60202474
2023-10-04,40.38579559326172,41.26158138911086,40.38579559326172,41.00282735771021,46406796
2023-10-05,41.460628509521484,41.58005316517766,39.74885866053706,40.44550944534058,76083346
2023-10-06,40.72416687011719,41.460627114167714,40.56493273578751,40.823690576849,39234858
2023-10-09,43.67000198364258,44.12779962362467,41.42081567165919,41.42081567165919,236318919
2023-10-10,42.67478561401367,43.82923392482329,42.35631737630349,42.79421025404478,132732566
2023-10-11,41.77909851074219,43.25201531267627,41.48053496107636,42.993261248683616,74384917
2023-10-12,42.89373016357422,43.86904341276021,41.75918659194091,41.779091331357044,175339595
2023-10-13,42.3961296081543,43.789431210707946,42.3961296081543,42.71459789506231,93499381
2023-10-16,40.30617904663086,42.615075912994165,40.30617904663086,42.41603229421638,60473167
2023-10-17,40.72416687011719,40.86350005954173,39.98771042250789,40.30617869116724,45576709
2023-10-18,39.510009765625,41.63976783007248,39.4502955389469,41.46062894647957,56641759
2023-10-19,40.90330505371094,41.3212970220297,39.5100073510111,39.52991209202067,85686621
2023-10-20,39.92799377441406,42.51555304573045,39.39058097645385,40.92320800266475,102129926
2023-10-23,40.60474395751953,41.20187483416095,39.43039074287694,39.96780739292179,53915395
2023-10-24,41.73928451538086,41.998042347857734,40.545030445749774,40.74407025972755,53687009
2023-10-25,39.45029067993164,42.31650866795031,38.57450111206242,41.65966744115863,83796649
2023-10-26,41.2615852355957,41.8985217997501,39.251251832207544,39.86828745061832,73241388
2023-10-27,41.6795768737793,41.719382561369045,40.02752125090229,41.002830831016055,43546904
2023-10-30,41.6795768737793,42.33641817452699,41.10235074465245,41.56014842168601,50211763
2023-10-31,41.142154693603516,42.25679352142629,40.82368645708272,41.739281687969786,50969876
2023-11-01,41.34120178222656,41.759189954298165,39.808570891748374,41.44072169087947,43257321
2023-11-02,43.19230270385742,43.55057666753568,41.241679765033204,41.400913903259536,86190501
2023-11-03,43.21220397949219,43.729715881793105,42.57526742171917,42.993259410533554,62031952
2023-11-06,44.12779998779297,44.80454598136924,43.610288122326345,43.670002344032866,49055482
2023-11-07,42.97335433959961,44.42636632545209,42.67479080498409,44.127802790836576,41836304
2023-11-08,42.69469451904297,43.41124622558265,42.61507555362677,43.0927779568003,46174900
2023-11-09,42.475746154785156,42.615075547803244,41.54024608991998,42.3563215031184,37101855
2023-11-10,41.95823287963867,42.99325661698843,41.739284528465156,42.376224841293464,31546183
2023-11-13,40.92321014404297,42.09756329854413,40.80378549340726,41.95823390672894,27916607
2023-11-14,41.12225341796875,41.54024538638503,40.54503111432104,40.982924027310375,36394911
2023-11-15,40.80378341674805,41.540243617142906,40.52512464729967,41.28148579141998,30794034
2023-11-16,41.54024124145508,41.79899525593885,40.8037810831784,40.8037810831784,37283142
2023-11-17,42.017948150634766,42.35632115796762,41.440722045473535,41.56014669616713,33802389
2023-11-20,44.386558532714844,44.884165708177754,42.27670517175572,42.296609914347215,87684062
2023-11-21,46.23765182495117,46.23765182495117,43.86904471095193,44.18751295815252,79281023
2023-11-22,46.06587600708008,47.38204356697185,45.66703573890931,45.92628305430712,84592375
2023-11-23,46.384944915771484,47.70111242503122,45.86645410854454,45.88639650154818,69027368
2023-11-24,47.66122817993164,48.17971899304295,45.36790620920199,46.46471121149191,79159062
2023-11-27,49.25658416748047,49.49588527297915,47.86064710545568,47.86064710545568,66608998
2023-11-28,48.39908218383789,49.715249726224606,47.98029952746614,49.236643692958765,45802248
2023-11-29,47.86064529418945,49.017277403320804,47.760937137942165,48.45890183891788,44130651
2023-11-30,48.698211669921875,49.41612263918597,47.5016946556893,47.52163704968249,65551625
2023-12-01,48.359195709228516,49.475943081210836,47.840704907045385,49.33635013516586,31513859
2023-12-04,48.95745086669922,49.51582643839357,47.98029646895091,48.478844863942236,59969592
2023-12-05,49.43606185913086,50.253680942242866,48.83780148861458,49.0571640048328,48783953
2023-12-06,47.162681579589844,49.834901517538064,47.162681579589844,49.55571560879273,60273339
2023-12-07,46.6840705871582,47.382039088677494,45.80662436228761,47.16267658155426,45758455
2023-12-08,46.04593276977539,47.60140522279884,45.74680447593851,46.78378230766486,43106358
2023-12-11,46.04593276977539,46.763843717882004,45.54738434550638,46.06587516318086,44543430
2023-12-12,45.686973571777344,46.24534913074959,45.04883224930752,46.045929016572195,37644641
2023-12-13,45.22831344604492,46.26529507652819,45.22831344604492,45.647092294727045,39398580
2023-12-14,46.4647102355957,47.182621162305814,45.50749820239723,45.60721016645281,39382612
2023-12-15,49.45600128173828,49.81495674937328,46.50459557570781,46.50459557570781,82705139
2023-12-18,47.382041931152344,50.25368187342227,47.36209953807003,49.456001364619894,48425326
2023-12-19,48.25948715209961,48.91757089491813,46.60430659873046,47.382040893800756,49615614
2023-12-20,45.88639831542969,48.25948992595487,45.88639831542969,48.25948992595487,36916613
2023-12-21,47.48175048828125,47.661228223893886,45.68697693577746,45.88639706463846,45267266
2023-12-22,45.467613220214844,47.64128458013682,45.467613220214844,47.48174924196009,29274980
2023-12-25,44.05173873901367,45.96616284796632,43.73266805418823,45.46761442747374,39458445
2023-12-26,43.393653869628906,44.80952952198606,42.9948136219557,44.47051645255058,47958048
2023-12-27,42.89510726928711,44.07168186551476,42.77545671139252,43.513306255968914,42364922
2023-12-28,44.649993896484375,45.52744015354883,43.03469813067905,43.03469813067905,40091534
2023-12-29,44.84941482543945,45.18842789879016,44.13150389278559,44.82947243246323,36849927
2024-01-02,46.76384353637695,46.98320225574054,45.008950959732665,45.30807925240853,46539543
2024-01-03,46.4647102355957,47.12279398387247,45.78668409450783,46.60430698527351,39344694
2024-01-04,47.32221221923828,47.44186657132832,46.42482740029714,46.52453555674982,43861988
2024-01-05,47.30227279663086,47.78087882416851,46.684073819847555,47.4817505324103,33674790
2024-01-08,47.50168991088867,48.09995026005791,47.24244642211765,47.50168991088867,43664505
2024-01-09,46.8037223815918,48.43896432719854,46.66412943829398,48.060066478517015,52583306
2024-01-10,47.342159271240234,47.760941937532294,46.34506239407774,46.80372604470303,57482399
2024-01-11,46.743900299072266,47.70111233980131,46.50459538707873,47.621342767929285,31073331
2024-01-12,47.40198516845703,48.31931244484566,46.08581763056393,47.00314490695255,76692839
2024-01-15,47.48175048828125,48.279427200102646,47.02308685443677,47.54157766802633,46519666
2024-01-16,47.9404182434082,48.25948893025097,47.06297195277929,47.52163558966294,53819627
2024-01-17,48.15977478027344,48.63838078884245,47.46180625808521,47.72105355665745,54705288
2024-01-18,48.25948715209961,49.29646494431918,48.15977518887106,48.53867304189459,58145208
2024-01-19,47.32221221923828,48.49878672276716,46.96325677021289,48.33925139026947,39019339
2024-01-22,46.98320007324219,47.90053110560794,46.78377995284768,47.362097921629505,38100419
2024-01-23,47.12279510498047,48.63838276208029,46.963259762318515,47.56152015001778,78260713
2024-01-24,48.25948715209961,48.5586154345403,47.302271323217916,47.90053169172178,55825331
2024-01-25,48.339256286621094,49.51583090932687,47.98030080123659,49.35629556066962,55345537
2024-01-26,49.0372200012207,49.25658251023274,48.11988898467956,48.438963453979966,58229593
2024-01-29,51.25077819824219,51.54990648426939,49.495885660603534,49.85484112528519,77168938
2024-01-30,50.702369689941406,51.749324350773605,50.45309549519514,51.350484117730645,53800307
2024-01-31,50.45309829711914,50.95164671429867,49.77507214546518,50.75223039032491,38591732
2024-02-01,51.151065826416016,51.64961423369809,50.40324321549291,50.45309729549662,52346448
2024-02-02,51.001502990722656,51.898887831175706,50.75222878999307,51.3504853502951,42299635
2024-02-05,52.19801712036133,52.49714920991729,51.00150397662759,51.05135805701274,63952284
2024-02-06,52.148162841796875,52.39743704639784,51.25077798740691,52.34758296620215,49009713
2024-02-07,51.10121154785156,52.54700268407625,51.10121154785156,52.3475825612138,46596542
2024-02-08,51.20092010498047,51.69946851419594,50.752229579584544,51.15106602478342,45379738
2024-02-09,51.9487419128418,52.447290314322515,51.05135707234997,51.50005139440711,84705277
2024-02-12,53.29482650756836,53.74352084333646,52.29772967413817,53.195114542051805,76921848
2024-02-13,54.79047393798828,55.438584623334606,52.84613427470388,53.34468271125768,98030608
2024-02-14,54.74061584472656,54.89017808256205,53.09540460317908,54.89017808256205,57461272
2024-02-15,55.6878547668457,56.33596920839121,54.64090388741425,54.74061584960256,50932459
2024-02-16,58.13074493408203,59.77595623934634,55.53829467497365,55.737714803433356,86096310
2024-02-19,58.33016586303711,59.676245092273525,57.88147151875076,58.33016586303711,71032522
2024-02-20,59.37711715698242,59.37711715698242,58.08089200178724,58.479732266596216,44216203
2024-02-21,60.22465133666992,60.473925549481265,58.7788601416396,59.825811074722715,68778436
2024-02-22,62.21884536743164,62.51797366365895,59.62639125834211,60.22465165441938,75583390
2024-02-23,63.11623001098633,64.16318094552715,61.07218222381184,62.21884512578961,60833216
2024-02-26,66.30693817138672,67.0547607823422,63.265793647558894,63.31564772756476,76750918
2024-02-27,63.066375732421875,67.10462101589403,63.01652165067018,66.30694049337636,50795224
2024-02-28,60.72319793701172,64.61187706142779,60.72319793701172,63.06637394555569,63130683
2024-02-29,59.825809478759766,61.77014904754397,58.82871265411377,60.822906303405766,71158874
2024-03-01,59.02812957763672,60.7231948483063,58.828709462801065,59.825806233357014,36058195
2024-03-04,58.38002014160156,60.12493963910918,58.0310377635491,59.227554751136,37331908
2024-03-05,56.43567657470703,59.028130500873495,56.43567657470703,58.38001606842628,46990196
2024-03-06,54.74061584472656,57.23335784487581,54.74061584472656,56.38582328265161,68492897
2024-03-07,57.08379364013672,57.08379364013672,54.98989181408728,55.03974589496987,42697326
2024-03-08,58.38002014160156,58.92842265152228,57.23336103969872,57.48263525362838,48483564
2024-03-11,56.43567657470703,59.87566124765303,56.28611433895779,59.82580716906995,43414821
2024-03-12,55.638004302978516,57.233361569057585,54.79047348922781,56.53539300287441,47136214
2024-03-13,55.43857955932617,56.734808418860894,55.039743128688265,55.93712795034034,34663801
2024-03-14,56.236263275146484,56.63509972881476,54.98989222564078,55.58814880795448,33423937
2024-03-15,57.482635498046875,57.53248958032025,55.887278239939945,56.43568075219249,30402466
2024-03-18,54.989891052246094,57.53248717825836,54.690758963849646,57.48263309806645,32974425
2024-03-19,56.03684616088867,56.435682636011535,54.84032912827449,54.989895183709805,36266869
2024-03-20,55.78757095336914,56.43568164036832,55.43858476471784,55.83742503642712,35420455
2024-03-21,57.73190689086914,58.38001753598621,56.23626167404478,56.23626167404478,98022438
2024-03-22,56.186405181884766,58.28031081946205,56.03684293867233,57.781762401508786,64620917
2024-03-25,55.03974914550781,57.83161967966357,54.84032900657752,56.18640828801713,57628255
2024-03-26,52.84613037109375,55.7875666902093,52.696564329726584,55.43858052822674,45063574
2024-03-27,55.53829574584961,56.28611838927589,51.94874477522987,53.84323032669218,70104564
2024-03-28,55.28902053833008,56.78466579831941,55.08960040960698,55.5382947483283,44828792
2024-03-29,55.937129974365234,56.63509850776478,55.338873404949915,55.63800168965757,36930435
2024-04-01,54.74061584472656,55.687854761885326,54.04264732396028,55.4385805618704,36518259
2024-04-02,52.2977294921875,55.837422477825115,51.64961503126372,54.840325647863956,40110433
2024-04-03,52.2977294921875,53.14526027620546,51.40034082377343,52.048455284697205,27609868
2024-04-04,53.693660736083984,54.59104937047221,52.24787343035753,52.646709865045985,35320938
2024-04-05,58.28030776977539,58.38001592669949,53.94293447837405,53.94293447837405,51084435
2024-04-08,58.629295349121094,59.07798970252303,57.98118466409405,58.479733100402264,42430061
2024-04-15,57.93132400512695,59.87566357440264,57.93132400512695,59.277407000912824,64499800
2024-04-16,58.38002014160156,59.02813461926774,57.38292328588293,57.68205158187399,38372646
2024-04-17,57.53248596191406,59.177693395199235,57.08379164242813,58.52958275916171,31102475
2024-04-18,57.482635498046875,58.38002038983577,56.734812853078125,57.58234366259364,29092246
2024-04-19,58.52958297729492,58.729003098212154,56.9342258135795,57.78176037657213,38894193
2024-04-22,57.632198333740234,59.426971939279305,57.632198333740234,59.07798955617713,42585102
2024-04-24,58.13074493408203,58.42987322496029,57.183502176615384,57.98118269045419,38922466
2024-04-25,57.2832145690918,58.72900575665936,56.984086275986726,58.33016549677086,37597178
2024-04-26,58.92842102050781,59.67624364159863,57.23335945559998,57.38292169764462,58760762
2024-04-29,61.86985778808594,62.06927791560758,58.47973083470822,59.327261622147006,67954497
2024-04-30,60.573631286621094,61.820002300749096,60.27450300395486,61.37130797493852,50125618
2024-05-02,61.91971206665039,62.16898627594226,60.7231989049475,60.82290706721522,50934416
2024-05-03,62.0194206237793,63.01651740614353,61.321452115399865,62.0194206237793,48311287
2024-05-06,62.21884536743164,62.86695604198704,61.67043905345515,62.119133399607435,38288783
2024-05-07,62.11913299560547,62.86695563312148,60.87276193307878,62.26869904455772,47045760
2024-05-08,62.21884536743164,62.66753590996128,61.471022725052045,62.31855353163319,40599227
2024-05-09,63.2159423828125,63.81419897677066,62.21884552380046,62.21884552380046,54756132
2024-05-10,63.2159423828125,64.36260529212541,63.01652225028556,63.2159423828125,44107142
2024-05-13,62.21884536743164,63.71449065219084,62.119133399607435,63.21594222393777,37212454
2024-05-14,60.67333984375,62.667533479418005,60.623485763582806,61.969568749832206,45554121
2024-05-15,59.77595520019531,61.27160043220876,59.37711495020938,60.82290610188022,28428829
2024-05-16,60.52377700805664,61.022325412070906,59.77595440203524,59.92551664106604,35385724
2024-05-17,61.27159881591797,61.77014721343785,60.773050418398086,60.82290449742559,45859069
2024-05-20,62.0194206237793,63.21593752334084,61.720292349794505,61.77014642818824,48112332
2024-05-21,61.22174835205078,63.31565022383077,61.122036384485334,62.21884520596937,73861881
2024-05-22,61.32145309448242,61.82000149362455,60.77305061615056,61.42116125286188,32854072
2024-05-23,60.32435607910156,62.41825782651397,60.32435607910156,61.37130695280777,48867670
2024-05-24,59.07798767089844,60.723198975587685,58.97827950851473,60.32435871880769,27191679
2024-05-27,59.87566375732422,60.32435809062361,59.028132975020675,59.32726126267942,32310422
2024-05-28,59.42696762084961,60.0750820607968,59.27740538336963,59.97537390247682,21384092
2024-05-29,57.3829231262207,60.32435960313095,57.233360880452636,59.825811176658796,29777252
2024-05-30,59.92551803588867,60.07508408202323,58.52958475433054,58.52958475433054,53570111
2024-05-31,58.479732513427734,60.72320045429648,58.18060041174709,60.124940054557875,47345786
2024-06-03,60.22465133666992,60.42406766402089,58.18059974871879,58.7788601416396,34921062
2024-06-04,59.02812957763672,60.57362881127398,59.02812957763672,60.22464646302832,31677411
2024-06-05,58.828712463378906,59.67624324013112,58.3301640526723,59.3272608740855,44861364
2024-06-06,60.27450180053711,61.2217445130866,58.978276732448414,59.17769304782944,45916727
2024-06-07,60.47392654418945,61.52087749449339,59.975378110366364,60.82290892641653,33499436
2024-06-10,58.13074493408203,60.573632949562565,57.931324805622324,60.47392478714401,21200128
2024-06-11,56.83451843261719,58.330163654528164,56.43567818532526,57.93132340723624,41799829
2024-06-12,57.43277359008789,58.280308143872546,56.68495099748975,56.83451703745834,33627842
2024-06-13,59.97537612915039,60.32435849984925,58.130744702766584,58.42987299245454,38365449
2024-06-14,59.17769241333008,60.97246966149507,58.629289944667384,60.32435523258856,35075769
2024-06-20,60.52377700805664,60.82290528974071,59.875662561389106,60.124936763396235,25040106
2024-06-21,61.32145309448242,61.32145309448242,60.12493617581681,60.523776416579494,38508112
2024-06-24,61.57072830200195,61.969568549293875,60.57363148739463,61.52087422199608,35918879
2024-06-25,59.72610092163086,62.16898508291392,59.72610092163086,61.67043667389738,35275730
2024-06-26,58.72900390625,60.224649128273796,58.38001773893762,59.72610072093253,25244854
2024-06-27,59.72610092163086,60.2246493306474,58.57943805944381,58.87856634412923,28291433
2024-06-28,58.42987060546875,60.17478999492449,58.13074232800082,59.8258076384823,39111123
2024-07-01,56.08669662475586,59.17769527284894,55.38872808381217,58.92842106562781,31245872
2024-07-02,56.78466796875,56.78466796875,55.28902265159393,56.28611952969798,23244482
2024-07-03,58.33016586303711,58.42987402682401,56.78466650260424,57.03394071569414,31200970
2024-07-04,59.92551803588867,61.0223268324228,59.526681585567445,60.52377841680435,38457594
2024-07-05,60.573631286621094,61.421162054779145,59.67624263499994,60.025228801129266,43403645
2024-07-08,63.11623001098633,63.81419856855442,60.3243595843366,60.92261617446774,64180844
2024-07-09,64.36260223388672,64.81129275622413,62.86695321281291,63.01651925600704,60439874
2024-07-10,64.81128692626953,65.25997740824599,63.91389835507233,64.46230459503847,63812135
2024-07-11,64.71158599853516,65.40955073890306,64.01361365092212,65.11042625327902,33859844
2024-07-12,63.614776611328125,65.90809854583435,63.41535648580094,64.66172751581765,42547337
2024-07-16,63.066375732421875,63.86405625493954,62.66753547116304,63.714490206061825,27807460
2024-07-17,63.31564712524414,63.56492132652463,62.56782452140268,63.11622700349526,24499278
2024-07-18,62.96666717529297,64.66172876599005,62.61768099796746,63.56492375981869,30979314
2024-07-19,62.817100524902344,63.51506906923688,62.368406188999955,62.817100524902344,22694242
2024-07-22,63.066375732421875,64.61187889208288,62.817101520040765,63.2159417812996,32933526
2024-07-23,64.11332702636719,64.61187542437239,62.86695222773176,63.06637234765832,48903634
2024-07-24,62.617679595947266,64.21303679166655,62.46811735497586,64.21303679166655,22064147
2024-07-25,64.26288604736328,64.41245208958091,61.96956795992434,62.218842161205416,30015677
2024-07-26,64.4124526977539,65.2101331922829,63.86405401410459,64.16317849411922,42463138
2024-07-29,62.51797103881836,65.70868160639932,62.4182590751806,64.76143506814182,52626884
2024-07-30,62.56782531738281,63.31564793073799,62.268697032765246,62.617679397548656,29716379
2024-07-31,62.31855010986328,63.16608086990844,61.37130738746887,62.56782431030273,34319173
2024-08-01,63.11623001098633,64.01361489618304,62.26869920769677,62.56782750276234,50069907
2024-08-02,60.62348937988281,62.617683134508056,60.07508685808542,62.16898877899283,35195251
2024-08-05,56.585243225097656,58.42987077794702,55.438580387192964,57.781760142123765,51367351
2024-08-06,56.08669662475586,58.52958461624751,55.887276498254444,57.83161607530382,48593727
2024-08-07,58.08089065551758,58.5794390731615,56.38582527480371,56.48553724050604,44247119
2024-08-08,59.02812957763672,59.476823885111365,57.63219257740946,57.63219257740946,43719342
2024-08-09,57.781761169433594,59.576534675071066,57.233358682103045,59.12784034775608,32652977
2024-08-12,56.88437271118164,58.629292142835205,56.48553626612004,57.98118149325167,30906473
2024-08-13,58.18059539794922,58.18059539794922,56.38582196064598,56.53538799859723,34581985
2024-08-14,57.3829231262207,58.38001997916501,57.08379483106194,58.08089168400625,25520321
2024-08-15,58.52958297729492,58.67914521526602,56.88437173425581,57.4826320970075,30218220
2024-08-16,57.582340240478516,59.077985441529904,57.4327741989244,58.52958296186888,23237167
2024-08-19,58.67914581298828,58.77885777627381,57.5823408422048,57.881469124816434,22745522
2024-08-20,57.8814697265625,58.97827851237108,57.632195521190894,58.08088985158429,28174555
2024-08-21,56.43567657470703,58.28030791126012,56.236260260374706,57.58233940022983,26117163
2024-08-22,55.98698806762695,57.33306725565863,55.239165451248795,56.68495280001522,27944723
2024-08-23,54.940032958984375,56.335970020771065,54.591050595348946,55.88727569350945,27850817
2024-08-26,54.34177780151367,55.388728723203634,54.09250359141498,55.33887464190842,27668305
2024-08-27,56.33597183227539,56.38582591388031,54.192212090660114,54.3417781390975,36574618
2024-08-28,56.934226989746094,57.38292132017353,55.88727608783041,56.036842132513726,24028719
2024-08-29,58.2304573059082,58.77885981027705,56.03684348481022,56.93422836369852,32734135
2024-09-02,59.07798767089844,59.77595621845214,58.230456879769186,58.230456879769186,29417709
2024-09-03,57.482635498046875,59.277409085247335,57.38292352987744,59.077988952531136,23944935
2024-09-04,56.635101318359375,57.183503834809066,55.68785853342481,56.93422961791169,21959468
2024-09-05,57.33306884765625,57.93132543592188,56.53539212876121,56.78466634114233,30715782
2024-09-06,57.183502197265625,57.98118271139249,56.934227987506624,57.083794034811056,16075510
2024-09-09,55.83742141723633,57.28321255394283,55.83742141723633,56.98408427136071,17754464
2024-09-10,56.28611755371094,57.13364834889676,55.93713137645243,55.9869892615055,28094519
2024-09-11,54.74061584472656,57.033937724139385,54.59104980326863,56.78466352412446,37445725
2024-09-12,55.78757095336914,55.93713320254308,53.94293945124211,55.23916843248592,29329975
2024-09-13,58.18059539794922,58.52958155196134,55.38872518396392,55.88727357230495,26844490
2024-09-16,57.183502197265625,58.38001916483334,56.98408587235649,58.13074495507434,16299253
2024-09-17,57.93132400512695,58.330164256535184,57.38292151215754,57.432775592677935,17527220
2024-09-18,57.582340240478516,58.380016920314766,57.482632081857396,57.73190628203263,23483211
2024-09-19,58.479732513427734,58.5794406782395,57.63219789803705,58.130746329341214,36242935
2024-09-20,59.02812957763672,59.22754969247237,58.180595040490765,58.62928934796541,31901880
2024-09-23,59.12784194946289,59.87566458070472,58.82871365769068,59.426970241235104,35309263
2024-09-24,62.26869583129883,63.61477498791671,59.22755135639078,59.22755135639078,78142361
2024-09-25,60.97247314453125,62.66753472566,60.97247314453125,62.01942406335271,30400995
2024-09-26,59.07798767089844,61.421163719518795,58.72900529893288,61.22174739475138,37548400
2024-09-27,59.07798767089844,59.67624425244585,58.33016504215289,59.12784175209029,28656470
2024-09-30,59.07798767089844,59.67624425244585,58.62929333292659,58.82871346131659,27972735
2024-10-01,58.2304573059082,59.626390607608656,56.93422836369852,59.1776962663532,37759264
2024-10-02,56.03684616088867,59.67624753904594,56.03684616088867,58.28031417068172,46633981
2024-10-03,57.632198333740234,58.429875069132855,55.68785867623012,56.186407111303346,42269757
2024-10-04,60.97247314453125,61.37130959742283,56.88437382794009,57.48263421271133,39808119
2024-10-07,58.828712463378906,61.42116267760422,58.38001813301846,61.42116267760422,27616198
2024-10-08,57.98118209838867,58.82871288115975,57.482633684141554,58.5794386740362,29016706
2024-10-09,58.579437255859375,58.6791454148459,57.38292032990882,57.88146873208635,24880481
2024-10-10,56.53539276123047,58.828714780067905,56.28611854606069,58.57944056489813,22562691
2024-10-11,55.937129974365234,57.68204940605284,55.488439449115,56.53539034740306,29313295
2024-10-14,55.189308166503906,57.28321379727186,54.84032579652053,56.08669683735054,42077682
2024-10-15,55.83742141723633,56.435677982400584,54.54119632363212,55.23916485207207,35292948
2024-10-16,56.88437271118164,56.98408467516392,55.68785576875184,56.58524442647982,27564873
2024-10-17,58.08089065551758,58.77885920094359,56.63509948362567,56.63509948362567,28678178
2024-10-18,59.17769241333008,60.4739212711431,58.72900190491119,58.92841821815409,34854332
2024-10-21,57.43277359008789,59.32725901278546,57.133645313773116,58.928418775284165,24244193
2024-10-22,58.18059539794922,58.72900166802223,56.83451627087737,57.532484775279286,29023761
2024-10-23,60.822906494140625,61.371308988691155,57.1835015513209,58.080890217765436,65759516
2024-10-24,60.67333984375,61.1220341724998,60.0750832744986,60.0750832744986,34359414
2024-10-25,60.67333984375,61.07218009233261,59.6263889457488,60.2246493186227,28316140
2024-10-28,60.02522659301758,60.723195095978014,60.02522659301758,60.224646708666604,7089169
2024-10-30,61.32145309448242,61.82000149362455,59.875661976245745,60.075082096627085,39535478
2024-10-31,60.67333984375,62.46811715874921,60.473923523081204,61.07218009233261,32641509
2024-11-01,63.66463088989258,64.11332902644172,60.822906454061666,60.822906454061666,44140353
2024-11-04,63.31564712524414,65.21013257642484,62.76724464315156,64.3127439303661,48800889
2024-11-05,64.96085357666016,66.60606470503303,63.46520847945652,64.16317314858715,54259395
2024-11-06,63.36550521850586,65.50926120313547,62.76724861898659,64.76143855192504,40269872
2024-11-07,65.1602783203125,65.1602783203125,63.46521670015027,63.564924864763576,30815245
2024-11-08,65.0605697631836,66.15737478180353,64.61187922150803,64.86115343516008,35606906
2024-11-11,65.60897064208984,66.30693533960891,64.71158202581914,65.21013041183123,34627082
2024-11-12,65.80838775634766,67.10461661868877,65.50925567819363,65.65882171727064,38586169
2024-11-13,67.80258178710938,68.00199810240883,65.55911400738884,65.80838820513557,56324521
2024-11-14,68.15157318115234,68.89939587357298,67.20433414698452,68.10172289933845,36258173
2024-11-15,67.50345611572266,69.49764988702609,67.25418189430972,68.50055300137437,31127041
2024-11-18,67.2541732788086,67.70287138421935,66.30693440168238,67.5034474682886,25156586
2024-11-19,67.702880859375,68.20142930810789,66.3069436814738,67.25418269116803,39450126
2024-11-20,65.80838775634766,67.90228948169158,65.21013120728435,67.30403293262829,25645008
2024-11-21,67.85244750976562,67.95215567893642,64.71159073378847,65.30984735605895,27754435
2024-11-22,68.30113220214844,69.0988127014219,67.60316747071792,67.60316747071792,37108888
2024-11-25,68.91220092773438,69.4615041279315,68.0133446090875,68.61257961495659,35049758
2024-11-26,67.46404266357422,69.36161873318207,67.31423202131944,68.96213384675038,24455130
2024-11-27,68.3129653930664,68.61257908383844,67.31423785112007,67.6138515418921,27601257
2024-11-28,70.06073760986328,70.06073760986328,68.31296443594495,68.31296443594495,28599089
2024-11-29,69.36162567138672,71.70864152221536,68.91220131935252,69.81105764310746,36825237
2024-12-02,70.11066436767578,70.26047501002223,69.21181575296865,69.36161877562931,21238229
2024-12-03,70.11066436767578,70.80977815873064,69.66124006032221,70.11066436767578,25353035
2024-12-04,70.2105484008789,71.30914715984783,69.81105586497576,70.36035143461703,30704942
2024-12-05,70.90965270996094,71.15933458570024,69.96086463002605,70.26047830910153,23510896
2024-12-06,71.1093978881836,71.55882985355201,70.51016288737883,71.20927673805643,23089633
2024-12-09,71.15933227539062,71.25920349850662,69.41155920195997,70.90965040775767,36646944
2024-12-10,70.90965270996094,71.55882711082035,69.91092520700374,71.10939516267791,28454917
2024-12-11,69.21182250976562,71.2092776168909,68.76239053885051,70.9096563029475,29563072
2024-12-12,69.1119384765625,70.51015847064727,68.91219602870152,69.41155976803994,21842593
2024-12-13,69.1119384765625,69.21181732017895,68.16315041969389,68.91219602870152,13791857
2024-12-16,67.46404266357422,69.21181571061308,67.41410324292737,69.16187628996623,16669227
2024-12-17,67.96340942382812,68.56264439989931,67.5639168998853,67.5639168998853,21700007
2024-12-18,70.65997314453125,70.90965502843419,67.31423742416916,67.91347242159894,45206572
2024-12-19,69.81105041503906,71.10939153075883,69.66123977330984,70.01079285755418,26172219
2024-12-20,69.711181640625,70.90965157715317,68.91219660314886,70.06073473713855,22794354
2024-12-23,71.95832061767578,72.85716928685143,69.6612442816605,69.91092616080624,44640850
2024-12-24,72.55755615234375,73.35653359983995,70.75984356102626,71.95832116180003,35526356
2024-12-25,73.90583801269531,73.90583801269531,72.40774670162716,72.65742858680518,15689030
2024-12-26,74.30532836914062,74.55501024698069,72.80723710210023,73.90583584065928,21477208
2024-12-27,73.85589599609375,74.80469169828774,72.90710791358593,74.30532794545496,30264543
2024-12-30,73.10684967041016,74.55500911164138,73.10684967041016,73.90583471520574,15733468
2024-12-31,72.40774536132812,73.70609418809542,72.30787413304286,73.10685157901126,27815526
2025-01-02,73.4064712524414,73.70609255032582,72.10812245452378,72.85716807954869,26506697
2025-01-03,74.75475311279297,75.25411687122136,73.35653306525623,73.35653306525623,27667543
2025-01-06,75.40392303466797,75.70354431976614,74.50506679905926,75.20418059105972,21399430
2025-01-07,77.2016372680664,78.25029655047476,75.10430346387774,75.40392475581497,46375846
2025-01-08,76.50252532958984,77.85080593688318,76.05310100038746,76.95195727847839,28639553
2025-01-09,78.1004867553711,78.35016862814362,76.40265306839235,76.55246371599308,23867081
2025-01-10,78.25029754638672,79.59857813789223,77.40138070134148,77.80087322244691,27031090
2025-01-13,78.6997299194336,79.24902547172545,77.75093422417038,78.2502979733554,23151017
2025-01-14,78.4500503540039,80.14788410333395,78.10048962353625,78.400110929741,33725336
2025-01-15,78.20036315917969,80.04800743608435,77.20163569926518,78.45004502415831,41783078
2025-01-16,80.14788055419922,80.44750184713604,77.35144055240883,78.25029681153332,30229393
2025-01-17,80.94686889648438,81.79578576824505,79.94814137213385,80.69718701539674,21433875
2025-01-20,82.24520874023438,82.29514816349693,80.84698870543083,81.19654942889636,19993143
2025-01-21,80.54737091064453,82.34507576097903,79.94813596053302,82.24520453924141,20518796
2025-01-22,81.8956527709961,81.8956527709961,80.04800847022179,80.64724342997481,19910869
2025-01-23,83.94304656982422,84.09284959398383,81.44622790468591,82.09539466187317,32844398
2025-01-24,85.0416488647461,85.4411413920459,83.29387572503481,83.99298193304485,24082576
2025-01-27,85.74075317382812,86.88929130699573,84.19273014189442,84.89183633442111,45575561
2025-01-28,89.53591918945312,89.83553285857471,84.54228184056768,85.74075175642582,51430881
2025-01-29,88.08776092529297,90.4847084076837,87.38865473528509,89.53592034700357,34854634
2025-01-30,88.68700408935547,89.1364284116237,87.08903401087724,88.08776150008312,24681032
2025-01-31,88.58712768554688,89.93541592887331,88.38738523007657,88.68700653296828,23591558
2025-02-03,88.13770294189453,88.88674857596162,87.33871788434848,88.03783171462283,20492281
2025-02-04,88.28751373291016,89.48598370144707,87.43859687022267,88.43732438389883,27977135
2025-02-05,86.0903091430664,88.63706736596295,85.39120292720938,88.38738548605883,32504292
2025-02-06,85.84062194824219,88.33744059269002,85.49106886195665,86.78941760494385,27242522
2025-02-07,85.5909423828125,86.24011677174325,84.94177561356777,85.84062425396387,22943950
2025-02-10,81.44622802734375,85.74075156603766,81.3463491848391,85.6408803432189,51630303
2025-02-11,81.6459732055664,82.1952763789829,80.89692757982726,81.24648068123497,24098781
2025-02-12,78.00061798095703,82.14533872314412,78.00061798095703,81.79578561421694,50265805
2025-02-13,79.54864501953125,80.09794055974199,77.151697552224,78.1004856069336,48323805
2025-02-14,79.1990966796875,80.69718798419846,78.10049029396367,79.74839225286301,42286606
2025-02-17,80.59730529785156,80.79705536742212,78.99934283971737,79.19909290928793,30049968
2025-02-18,83.89311218261719,84.19273348828678,80.3476264175011,80.59730829899698,44845386
2025-02-19,83.69336700439453,84.94177637128773,83.19400325763725,83.64342758184438,27999402
2025-02-20,83.99298095703125,84.64215535388915,82.04546538614365,83.89310973128836,31337511
2025-02-21,82.64469909667969,84.04291909476011,81.54610039093292,83.94304787054422,20946566
2025-02-24,83.64342498779297,84.44241000569995,82.64469752525216,82.99425061320427,20137572
2025-02-25,80.89692687988281,84.49234432838485,80.54737378149954,83.94304877940715,33624825
2025-02-26,85.89056396484375,87.03910209993876,82.59476020669045,82.59476020669045,77775026
2025-02-27,89.8854751586914,90.23502826037131,84.94177707283784,85.89056515163846,86597843
2025-02-28,93.33108520507812,94.18000970655234,89.38611448517138,89.88547825324497,99828367
2025-03-03,97.92523193359375,99.42332314551194,93.43095829783917,93.88038261354025,78386555
2025-03-04,101.57058715820312,101.77033723681157,96.82663137178356,97.82535890576663,88344020
2025-03-05,105.26587677001953,105.86511172755911,100.17236820140434,101.97007307402306,75414801
2025-03-06,112.05722045898438,112.05722045898438,104.7665144104745,105.86511311699671,76781475
2025-03-07,108.06230926513672,113.85493164217434,105.56549058877324,111.85747670108356,96915667
2025-03-10,110.1596450805664,111.05849372488487,107.86256880807557,108.06231125799387,51755935
2025-03-11,116.85111999511719,118.44908250530119,109.56040604156442,110.15964865010892,90000097
2025-03-12,115.75251770019531,117.94971513193926,113.65519149358774,116.95098764120364,61955099
2025-03-13,116.15200805664062,119.7474254323729,114.05467426941804,115.952257990403,72620847
2025-03-14,116.95098876953125,117.65010259160277,115.65264759086035,116.95098876953125,35017698
2025-03-17,121.54513549804688,121.74488557281,116.85111922656368,117.15074052886526,57042667
2025-03-18,123.24297332763672,123.8422082954517,120.04704079981344,121.6450108735681,58847122
2025-03-19,112.1571044921875,122.84348599866868,110.95862688624234,117.55022705003852,78521688
2025-03-20,117.35047912597656,120.84602531270778,113.05594790583238,113.25569797402862,76894160
2025-03-21,110.35939025878906,117.5502253092248,107.86257147465356,117.35048285436847,69700458
2025-03-24,120.24679565429688,120.44653811162227,111.95735414062513,112.15710421763686,73404180
2025-03-25,117.35047912597656,125.54004142987245,114.0546753877556,122.64373782804395,100179556
2025-03-26,115.85238647460938,118.34920514863113,113.85493153539197,116.85111394421807,51094163
2025-03-27,116.85111999511719,118.04958997283362,114.8536649524656,117.55022621217073,42818807
2025-03-28,119.74742889404297,119.74742889404297,114.75379138903439,116.85111761720076,36533871
2025-04-02,118.14946746826172,120.54640739625687,116.45162612963124,119.5476798863635,26643644
2025-04-03,117.15074157714844,120.54640906195806,115.65265029160786,118.04959025272375,45528015
2025-04-04,117.2506103515625,118.24933785435317,115.15328411963931,117.15073912522067,30956862
2025-04-07,116.55149841308594,117.65010477967519,113.35557340033428,113.35557340033428,36119623
2025-04-08,118.6488265991211,119.74742529325101,116.95098532666039,118.74869782228092,30048916
2025-04-09,116.95098876953125,119.54767874655917,116.15201134104596,117.35048129361697,36638755
2025-04-10,122.94335174560547,123.54258671201535,120.04704051832405,120.34666181137199,43491599
2025-04-11,119.0483169555664,123.24297709796919,118.74870327233594,122.84348456730899,32305299
2025-04-14,119.148193359375,120.54640575848028,118.1494658630506,120.14692085569939,24518993
2025-04-15,116.45162200927734,119.74742572318608,116.0521294955178,119.14819076238975,31099483
2025-04-16,121.04576873779297,121.84475377765199,116.65137387762648,116.65137387762648,57457601
2025-04-17,128.33648681640625,133.13038197882358,121.14565169246657,121.14565169246657,88444266
2025-04-18,129.7346954345703,130.43381687218985,126.7385205708772,128.63610433428792,25485816
2025-04-21,127.73725128173828,131.1329263723411,126.5387736863975,130.0343200050238,24934299
2025-04-22,131.53240966796875,132.5311371753024,128.83584844604235,128.83584844604235,42482740
2025-04-24,134.32884216308594,134.62846344626823,131.43253865085723,132.13164481870157,41709151
2025-04-25,135.12783813476562,135.8269443593288,132.13165553860395,134.9280956762294,31222511
2025-04-28,138.42364501953125,141.12020636627577,133.8294921773939,135.62720482168123,38791893
2025-04-29,137.22515869140625,139.22261378292234,136.6259313075752,138.42364393781426,26663636
2025-04-30,134.82821655273438,136.52605030589427,131.83203396267362,135.127837859615,39393812
2025-05-02,129.63482666015625,135.12782766067667,128.8358416485699,134.82820637641035,27383518
2025-05-05,129.63482666015625,130.63355411479634,128.03685663698352,129.73469026199732,24859653
2025-05-06,137.22515869140625,138.42364393781426,129.33521717566688,129.53495963694388,42909071
2025-05-07,144.01651000976562,146.31358642818512,137.22515960549742,137.32503845648773,53124006
2025-05-08,154.4032745361328,154.7028805886981,144.01649959833117,144.4159997340381,45723588
2025-05-09,149.01014709472656,155.60175500643533,148.9102834835631,155.00251238196253,36613645
2025-05-12,140.22132873535156,148.2111483838473,137.02540392382758,148.11128478186404,65721237
2025-05-13,136.6259307861328,141.4198260353498,135.2277030837842,140.12147718294497,52831124
2025-05-14,137.82440185546875,139.12275071792385,136.32631053095278,137.3250380806301,39980565
2025-05-15,137.3250274658203,141.61955864535307,136.32629999334162,141.4198161987317,39271203
2025-05-16,138.42364501953125,143.61702525018237,136.42618991240596,137.32503861486313,47312639
2025-05-20,132.13165283203125,137.72451775334565,129.7346976605773,137.6246541458095,45130917
2025-05-21,132.8307647705078,134.72834102862296,131.03305212423535,132.8307647705078,27390598
2025-05-22,136.82566833496094,137.82439584105555,130.9331821447517,133.2302432172714,32790134
2025-05-23,136.0266876220703,138.32376400724937,134.22897500587047,135.92682401189816,25281752
2025-05-26,136.12655639648438,138.12401132456375,134.92808648751108,136.42617768357064,15398955
2025-05-27,137.42491149902344,138.7232450707832,135.02795633092427,135.62719893279217,25937494
2025-05-28,134.92808532714844,138.52349502314829,133.92935787169768,137.82438885220705,20977030
2025-05-29,132.03176879882812,136.02667868828962,130.83329887986406,135.02795121592425,19670153
2025-05-30,129.43508911132812,132.4312715885406,128.43636161892397,131.43254409613644,29057534
2025-06-02,129.13546752929688,132.4312712947946,129.03558868452913,130.53367991981247,20620160
2025-06-03,127.43762969970703,130.23406217668997,126.73852348538286,129.2353346592633,32067776
2025-06-04,134.52859497070312,134.82821627697095,127.7372523522675,127.7372523522675,39191709
2025-06-05,139.32247924804688,139.52222169013393,133.82947827410953,134.22896315828365,15261303
2025-06-10,139.02285766601562,140.9204489601873,137.32502405287258,138.82311522435847,29996112
2025-06-11,141.1201934814453,142.71814827762213,138.0241322523345,140.02158717708429,40042707
2025-06-12,144.515869140625,148.01141546170135,141.7194290358894,144.21624783665823,52557913
2025-06-13,141.3199462890625,150.50823656881602,140.52096121269855,148.91028165546092,48698994
2025-06-16,138.72325134277344,144.81549552617557,138.3237664163815,141.3199490824403,33034762
2025-06-17,144.3161163330078,145.31484378167914,138.42363048159552,139.32247908965115,45384727
2025-06-18,141.3199462890625,145.4147352808198,141.02032498050443,144.41600774520805,23678474
2025-06-19,143.91664123535156,145.2149748154114,141.519686051929,141.81930735477837,30274928
2025-06-20,146.11383056640625,146.71305789927757,143.11764818393465,143.816754358637,31320852
2025-06-23,146.91282653808594,147.61193276492,143.71688623363409,146.2137050718791,33863987
2025-06-24,142.41854858398438,143.8167609979376,138.42363855626388,142.91791233744945,44459926
2025-06-25,148.21115112304688,149.80912117802794,142.91790769958737,143.21751375044596,39703153
2025-06-26,140.12147521972656,149.40964427756705,140.12147521972656,148.71052281650157,22953982
2025-06-27,146.31358337402344,146.31358337402344,140.32121818464364,140.52096064308176,35646531
2025-06-30,150.6081085205078,151.70669961574328,144.91536487611427,146.31357726618563,44361621
2025-07-01,148.21115112304688,153.00504604861814,147.81166622898755,150.60810620551845,26946538
2025-07-02,145.41473388671875,150.40837151690314,145.314855038366,148.8104013794951,35818693
2025-07-03,149.609375,150.30848116685527,146.51331381044906,146.51331381044906,42289082
2025-07-04,151.00759887695312,151.50696263993206,148.81040136772037,150.8078564196361,28599538
2025-07-07,151.1074676513672,151.4070889370541,148.31102771724184,150.20860379430638,22896439
2025-07-08,152.00631713867188,153.30466589116193,151.40708980324152,152.3059384260729,26600839
2025-07-09,149.50950622558594,152.60556762359099,147.21242988894085,152.10620386516257,32979888
2025-07-10,152.30593872070312,154.00377236676448,149.2098774771893,151.00758996570147,33507736
2025-07-11,153.8040313720703,154.6030164010983,151.70669757579333,152.3059401574073,26734047
2025-07-14,155.3021240234375,156.8002152519594,151.2073352363955,153.70415395059865,31432471
2025-07-16,161.49423217773438,165.189520844979,154.50313974372534,155.30212478405792,62542623
2025-07-17,161.6939697265625,165.98850085371996,160.1958785361149,160.7951211080426,33834459
2025-07-18,165.98851013183594,168.68507137749464,162.29322137005383,162.29322137005383,41835450
2025-07-21,176.5750274658203,176.67489107356445,166.58775232905867,166.58775232905867,33414388
2025-07-22,176.27540588378906,178.17298206101006,173.4789658020641,177.37401224283644,28536377
2025-07-23,179.87083435058594,181.56866810467267,176.97451536832253,178.0731217476936,37748666
2025-07-24,182.36764526367188,187.46114630491397,178.27285647028623,180.3701902892149,41750398
2025-07-25,182.9668731689453,186.76204067983235,182.2677669736332,182.86700956354193,25124710
2025-07-28,181.06930541992188,184.76459425719113,178.47260772920683,184.06548802949794,20263642
2025-07-29,179.07183837890625,182.0680207882375,177.07438343935206,181.0692933184604,20734021
2025-07-30,180.07057189941406,181.36892070162574,176.37528318494412,178.77222309720236,25425784
2025-07-31,186.7620391845703,186.7620391845703,180.27031054981254,180.27031054981254,36147227
2025-08-01,184.16534423828125,188.459875520626,183.26649558728053,187.76076932102853,20662476
2025-08-04,188.2601318359375,188.2601318359375,183.56611568153656,186.0629344061511,20992141
2025-08-05,184.86447143554688,188.45988139091446,184.86447143554688,188.26013893328948,14575760
2025-08-06,181.36892700195312,188.1602620690572,179.37147192589362,185.76332207353494,36492060
2025-08-07,178.772216796875,183.26649040350034,177.87336817129864,181.8682780438545,21739606
2025-08-08,180.2703094482422,182.46750684793642,179.5712032627993,180.07056700088305,20700951
2025-08-11,178.47259521484375,181.46877761432978,178.37273161181727,181.3689140113033,13886398
2025-08-12,171.7811279296875,178.7722203454306,171.7811279296875,178.4725990511672,21753767
2025-08-13,173.97833251953125,175.67616627110903,170.1831648611163,171.7811350034087,25254554
2025-08-14,169.78367614746094,175.17679858816075,168.58520618723568,174.2779499278349,16553058
2025-08-15,170.18316650390625,171.88101551124615,168.88483289505504,170.18316650390625,14923094
2025-08-18,171.48150634765625,172.2804913845605,166.78749020998032,170.18315756760833,22600903
2025-08-19,172.1806182861328,172.9796033497005,169.3841934227047,171.98087583008405,16197940
2025-08-20,181.26904296875,182.26777047821972,172.97960159227705,173.4789653470119,38944686
2025-08-21,180.07057189941406,183.06675440942303,178.47260179832702,182.16789051279696,20439294
2025-08-22,181.26904296875,182.66725538625863,178.77222419507578,180.07057300526085,24210182
2025-08-25,179.97068786621094,182.86700668603189,179.47132412893546,182.26776410555254,14214828
2025-08-26,185.26394653320312,185.76331027048937,178.8720967916877,180.2703091603405,33825828
2025-08-27,183.06675720214844,185.16407584752642,181.6685295325239,185.16407584752642,18713287
2025-08-28,183.5661163330078,186.56229881317864,182.76713129042116,184.76458627720172,19222348
2025-08-29,183.06675720214844,187.26140973227692,182.76713589870226,183.5661209614345,35688973
2025-09-01,178.27285766601562,184.66470753140123,177.97323636996302,183.26649513565192,23196336
2025-09-02,173.97833251953125,179.37147032023864,168.48533110953855,178.7722277070358,25999625
2025-09-03,178.57247924804688,178.77222169927776,170.4827804385318,172.77985672611763,27613522
2025-09-04,181.76840209960938,183.9655995166753,178.47259835432448,178.57247719847965,24151693
2025-09-05,174.77731323242188,182.36764835997886,174.77731323242188,181.8682846078862,22814460
2025-09-08,173.2792205810547,175.3765544187068,171.78112933683806,173.57884187777245,14491964
2025-09-09,173.4789581298828,174.2779431520934,170.58265456866263,173.2792156841731,23875219
2025-09-10,177.17425537109375,180.66980167962785,174.3778305157645,179.87083185774662,39929582
2025-09-11,171.88101196289062,177.47387692069648,170.88228444477824,177.17425561738824,24580157
2025-09-12,173.6787109375,176.67489352001724,171.08202850960868,171.8810135794878,21574800
2025-09-15,184.96432495117188,186.16279487089392,171.68124651243727,173.47895901170625,39453729
2025-09-16,194.95159912109375,196.24994788013439,184.5648395275122,184.96432441981466,53887807
2025-09-17,193.85301208496094,199.04639198991444,193.85301208496094,194.95160318135896,31237472
2025-09-18,191.95542907714844,196.5495818314569,191.15644400169833,194.35238430349872,20834723
2025-09-19,204.139892578125,204.139892578125,191.4560565205288,192.1551627146882,45499411
2025-09-22,213.3282012939453,217.92233867612578,205.03875994951173,209.73277617800207,68105717
2025-09-23,210.93124389648438,214.22704767786442,209.03366775173,212.52921398423595,31683071
2025-09-24,217.22323608398438,217.52285738852646,207.33583970970378,211.33074979860464,41049717
2025-09-25,218.022216796875,220.5190355525896,215.32565558857766,218.72132300060062,35589650
2025-09-26,217.0234832763672,222.01712064931917,213.82755840555228,217.72258946070608,44830105
2025-09-29,216.02476501464844,220.2194175389443,213.3282037661277,217.02349253183186,28386846
2025-09-30,214.72640991210938,218.82119870850775,213.0285762304462,216.22450114405433,39223793
2025-10-01,217.82247924804688,218.4217066192852,206.83647647557885,214.82629667373743,41278766
2025-10-02,216.72386169433594,221.61762021749155,215.72513422109014,217.9223316143565,28112699
2025-10-03,215.82501220703125,219.32055834950924,212.6290721138397,217.92233074889498,24107108
2025-10-06,214.9261474609375,216.9236023913168,212.72895008539464,215.92487492612716,20279138
2025-10-07,209.23341369628906,216.72387003386504,206.23723116125868,215.12589991943318,32163159
2025-10-08,215.32565307617188,215.92488042692827,208.13480295211832,209.13353044275107,27020145
2025-10-09,218.9210662841797,223.01585515484388,209.23341252310834,214.72641380653124,40301031
2025-10-10,213.2283172607422,219.72004588928937,211.83010488265003,218.92106085636303,29717793
2025-10-13,213.72769165039062,215.62526786368707,209.3332966094027,211.03113036435838,19071746
2025-10-14,211.730224609375,216.6239831390316,209.83264850343593,213.72767955852004,20036093
2025-10-15,207.2359619140625,212.22959955054594,202.84156688970614,211.83011463537633,33134559
2025-10-16,203.74041748046875,210.33202531823304,203.54067502100952,207.1360850093941,22182650
2025-10-17,194.6519775390625,204.8390099105244,193.35364402134877,203.74040359928932,28317714
2025-10-20,203.64053344726562,205.9376097710054,190.25759089232113,195.05148599417538,39630987
2025-10-21,205.33837890625,207.13607620433837,202.3421964236065,203.84028766492824,21489361
2025-10-22,207.33583068847656,215.92487786227855,205.6379817830694,205.6379817830694,28052729
2025-10-23,206.2372283935547,211.13098703934776,205.63798579884147,208.73404713923935,26059011
2025-10-24,203.64053344726562,215.4255211278403,203.64053344726562,207.53557988474762,53541269
2025-10-27,208.5343017578125,208.73404420678668,200.3447394348943,203.94014923454588,31221468
2025-10-28,211.1309814453125,211.1309814453125,206.73658666508834,208.8339204516423,12129563
2025-10-30,205.43824768066406,211.6303552527066,205.43824768066406,211.13099149303588,24507408
2025-10-31,203.34092712402344,207.73532207210752,201.143714410609,205.73786705218342,26205355
2025-11-03,202.34219360351562,205.73786094076985,201.24358727944235,204.23976972032736,25081750
2025-11-04,197.04893493652344,203.64052716373192,195.5508437158799,202.34219363067172,23546197
2025-11-05,193.85301208496094,203.940150599715,192.8542845940325,198.7467706947615,44519407
2025-11-06,187.16152954101562,195.45097093352803,187.16152954101562,194.15262212083073,42870800
2025-11-07,184.86447143554688,189.65835137603702,184.46497128092423,187.26141140579193,25678773
2025-11-10,186.1627960205078,188.3600086661672,183.76585616626187,185.7633111245908,25412471
2025-11-11,181.16915893554688,188.55975143766833,179.87082540190286,188.06038769722926,34898259
2025-11-12,183.3663787841797,185.86319758440342,180.96942359234137,182.76713617637697,23347877
2025-11-13,177.57374572753906,184.4649591171092,177.07438199671887,183.56611049738152,21915538
2025-11-14,175.7760467529297,177.5737593698683,171.28177283026955,177.5737593698683,32083989
2025-11-17,188.06039428710938,188.95924295564774,177.7734978257239,178.07311912836084,45680469
2025-11-18,187.96051025390625,189.65834393617544,184.36510043957833,188.06038909848706,28742274
2025-11-19,184.0654754638672,190.95668889969934,183.96559662128396,187.96050649466417,36852150
2025-11-20,184.56484985351562,186.56230490552474,183.26650102183518,184.8644711591915,22196256
2025-11-21,184.4649658203125,185.76331461549958,181.3689197203442,183.46623832237972,27716401
2025-11-24,184.16534423828125,184.86446567725093,181.36891943989136,184.26522308366899,25804960
2025-11-25,180.10000610351562,185.39999389648438,179.39999389648438,185.0,28775390
2025-11-26,184.10000610351562,185.6999969482422,180.10000610351562,180.3000030517578,23280248
2025-11-27,184.5,186.10000610351562,183.39999389648438,184.3000030517578,13460544
2025-11-28,183.39999389648438,185.0,182.8000030517578,184.5,13710754
2025-12-01,187.1999969482422,188.1999969482422,181.5,183.39999389648438,18915360
2025-12-02,187.6999969482422,188.89999389648438,185.5,187.10000610351562,19794223
2025-12-03,185.89999389648438,191.8000030517578,185.6999969482422,187.6999969482422,25981247
2025-12-04,185.10000610351562,187.60000610351562,183.0,185.6999969482422,14532958
2025-12-05,188.1999969482422,188.6999969482422,184.10000610351562,185.10000610351562,14533185
2025-12-08,193.6999969482422,194.39999389648438,186.6999969482422,190.0,27158085
2025-12-09,202.0,202.8000030517578,191.89999389648438,193.8000030517578,40458135
2025-12-10,205.8000030517578,209.89999389648438,200.89999389648438,202.0,52526261
2025-12-11,204.89999389648438,209.89999389648438,204.5,206.8000030517578,26064583
2025-12-12,204.0,207.10000610351562,203.3000030517578,205.0,16173224
2025-12-15,212.1999969482422,214.1999969482422,205.89999389648438,207.0,36336874
2025-12-16,209.3000030517578,212.60000610351562,207.0,212.1999969482422,21248733
2025-12-17,201.0,209.60000610351562,200.0,209.3000030517578,33541318
2025-12-18,204.39999389648438,205.89999389648438,201.8000030517578,202.0,27863503
2025-12-19,211.10000610351562,211.3000030517578,204.1999969482422,204.39999389648438,32709015
2025-12-22,212.8000030517578,216.3000030517578,209.6999969482422,211.8000030517578,30091977
2025-12-23,221.6999969482422,223.89999389648438,211.8000030517578,212.60000610351562,43793581
2025-12-24,224.6999969482422,229.5,221.0,221.60000610351562,33914596
2025-12-25,222.6999969482422,228.0,220.3000030517578,225.1999969482422,13579327
2025-12-26,226.10000610351562,227.0,222.0,222.6999969482422,21511696
2025-12-29,221.0,228.0,221.0,226.3000030517578,23826351
2025-12-30,229.0,231.3000030517578,222.0,222.0,34829885
2025-12-31,231.6999969482422,237.3000030517578,229.1999969482422,229.8000030517578,33390707
2026-01-02,230.1999969482422,233.6999969482422,228.5,232.0,20364261
2026-01-05,240.0,242.5,233.0,233.0,34329300
2026-01-06,257.0,258.0,238.8000030517578,240.0,54994067
2026-01-07,263.5,270.0,257.75,259.0,46562786
2026-01-08,262.75,268.5,260.25,264.0,39424305
2026-01-09,280.0,280.0,263.5,265.0,46746602
2026-01-12,283.0,294.75,280.0,285.75,73292826
2026-01-13,289.75,292.75,282.5,283.0,55044032
2026-01-14,288.0,292.5,283.0,292.0,46382182
2026-01-15,302.5,304.5,285.75,289.25,57149729
2026-01-16,309.25,312.5,301.0,303.25,50889702
2026-01-19,316.0,325.0,305.75,310.0,53303143
2026-01-20,336.75,338.25,317.0,317.5,72992317
2026-01-21,303.25,339.25,303.25,338.5,109808705
2026-01-22,300.25,304.75,287.5,295.0,85588015
2026-01-23,300.75,306.75,296.75,302.75,51219152
2026-01-26,323.25,324.25,300.75,300.75,64694547
2026-01-27,310.5,333.5,308.0,328.5,70509406
2026-01-28,307.5,316.25,307.5,312.25,54249535
2026-01-29,319.0,323.0,309.0,310.25,58984283
2026-01-30,303.25,317.25,303.25,317.0,52704794
2026-02-02,299.5,306.0,293.75,300.0,36840843
2026-02-03,296.75,306.5,291.75,304.25,50541184
2026-02-04,302.5,304.0,297.25,299.0,46636544
2026-02-05,285.0,303.0,283.75,302.75,41435454
2026-02-06,288.0,292.75,283.0,285.0,41861945
2026-02-09,292.0,294.25,287.25,291.0,28749581
2026-02-10,298.25,298.25,291.0,292.25,38575272
2026-02-11,294.0,300.0,291.5,298.0,39497827
2026-02-12,301.5,303.5,292.5,295.0,40207260
2026-02-13,302.25,304.0,298.5,302.0,38043567
2026-02-16,296.5,304.5,295.25,303.25,33971514
2026-02-17,294.0,301.75,293.25,296.75,32315707
2026-02-18,310.25,315.5,294.75,294.75,83188891
2026-02-19,307.0,321.25,304.5,313.25,74721661
2026-02-20,313.25,314.75,306.0,307.25,42689070
2026-02-23,310.5,316.25,308.75,314.5,35880813
2026-02-24,309.0,315.5,305.25,312.75,32333409
2026-02-25,306.25,314.75,303.75,309.75,59100784
2026-02-26,311.0,312.75,304.0,308.25,34047361
2026-02-27,322.0,324.75,307.5,312.25,73945610
2026-03-02,340.0,347.0,324.0,324.0,58565606
2026-03-03,322.25,345.5,318.0,344.25,36583772
2026-03-04,333.0,339.25,321.75,322.0,46372048
2026-03-05,345.0,350.0,330.0,333.5,46519728
2026-03-06,333.5,350.0,333.5,346.0,34172215
2026-03-09,319.0,337.75,318.5,333.5,36349526
2026-03-10,334.25,336.0,319.25,319.25,30058029
2026-03-11,335.75,335.75,326.5,334.5,19131976
2026-03-12,330.0,338.25,329.75,336.75,23419978
2026-03-13,322.25,333.5,320.25,330.0,22428192
2026-03-16,320.5,328.25,314.75,324.0,18105422
2026-03-17,341.25,343.75,321.5,321.75,33575822
2026-03-18,348.75,355.5,338.0,341.0,41934787
2026-03-19,338.75,351.5,338.75,348.0,12565804
2026-03-23,353.25,356.5,338.0,338.75,44437394
2026-03-24,352.0,359.0,347.0,353.25,30707912
2026-03-25,337.5,355.0,337.0,352.0,23956540
2026-03-26,338.0,343.25,335.0,340.0,22025311
2026-03-27,330.75,341.0,328.0,340.0,14929459
2026-03-30,320.5,332.75,320.5,330.75,18317233
2026-03-31,320.25,324.75,316.0,321.0,18067512
2026-04-01,320.25,327.5,317.75,321.5,17723482
2026-04-02,336.5,336.5,323.25,325.0,24822094
2026-04-03,330.5,338.5,330.0,336.5,12968325
2026-04-06,337.0,342.5,327.75,330.5,21266430
2026-04-07,342.0,344.75,337.0,338.5,21595112
2026-04-08,362.25,366.5,338.0,341.5,53570213
2026-04-09,376.75,379.0,362.25,362.25,35915324
2026-04-10,398.5,399.5,376.5,377.0,34383162
2026-04-13,415.25,429.0,388.5,398.75,77119327
2026-04-14,411.75,425.25,408.5,415.75,38474453
2026-04-15,416.75,421.25,411.25,412.25,21183260
2026-04-16,411.0,422.5,406.0,420.0,15450028
2026-04-17,414.0,417.5,407.0,412.5,20981008
2026-04-20,408.0,421.5,408.0,418.0,17267189
2026-04-21,396.5,412.25,396.5,409.0,13215889
2026-04-22,396.5,406.75,391.0,399.0,23228306
2026-04-24,392.0,404.5,390.25,399.0,18264062
2026-04-27,415.0,416.25,391.0,393.75,31236856
2026-04-28,414.5,424.75,414.25,420.75,28763388
2026-04-29,425.5,434.25,415.5,415.5,38292607
2026-04-30,420.25,431.0,418.25,427.25,27047316
2026-05-04,431.75,443.5,421.5,422.0,35686201
2026-05-05,427.25,434.5,424.25,432.75,15706669
2026-05-06,434.0,450.0,429.5,430.75,30033225
2026-05-07,428.0,437.0,423.0,437.0,17211142
2026-05-08,428.5,434.5,426.25,431.0,17958234
2026-05-11,431.75,438.75,425.0,430.0,21073942
2026-05-12,419.25,433.25,419.25,433.0,13835481
2026-05-13,412.75,423.5,410.75,420.0,13698866
2026-05-14,415.5,421.0,413.75,414.75,10379851
2026-05-15,415.0,419.0,410.5,415.5,15045515
2026-05-18,402.0,419.0,402.0,416.75,14506796
2026-05-20,393.5,403.25,389.25,402.0,21017807
2026-05-21,377.75,409.25,377.75,397.75,20097708
2026-05-22,410.0,412.0,370.5,370.5,28455776
2026-05-25,401.75,413.0,396.0,411.25,15337705
2026-05-26,380.25,401.75,380.25,399.75,23629428
2026-06-01,384.0,398.25,383.0,385.0,28628121
2026-06-02,407.75,408.5,383.0,385.0,27766669
2026-06-03,383.5,409.5,381.25,409.5,33258536
2026-06-04,362.25,393.5,356.75,388.5,44493259
2026-06-05,363.0,367.75,355.0,362.75,24157367
2026-06-08,368.0,377.25,359.5,366.0,28237277
2026-06-09,357.25,368.75,357.25,368.5,19113351
2026-06-10,376.75,382.75,356.0,357.25,36066569
2026-06-11,377.75,389.75,373.25,380.5,24887395
2026-06-12,371.25,382.75,365.25,377.75,26510524
2026-06-15,375.75,385.5,369.75,372.0,30445838
2026-06-16,394.0,397.0,378.5,382.0,30390789
2026-06-17,395.0,399.25,384.75,398.0,22440362
2026-06-18,410.75,412.5,390.0,393.5,25136272
2026-06-19,402.5,412.75,400.5,408.75,19250277
2026-06-22,394.75,407.25,393.75,402.75,15420310
2026-06-23,392.0,396.25,387.25,393.0,15103312
2026-06-24,367.5,392.75,367.5,392.0,25534326
2026-06-25,373.5,389.0,371.25,374.25,30370634
2026-06-26,361.5,379.0,354.25,376.0,30569254
2026-06-29,357.5,367.75,354.0,364.25,27586033
2026-06-30,345.0,367.0,342.5,359.0,45256637
2026-07-01,371.25,372.25,342.5,345.0,51344130
2026-07-02,384.75,388.75,371.75,372.5,48201664
2026-07-03,399.5,399.75,382.25,386.0,42574152
2026-07-06,401.75,411.25,396.5,403.75,53832210
2026-07-07,383.0,410.0,382.75,402.75,65463431
2026-07-08,377.0,389.0,375.25,383.0,46688381
2026-07-09,358.75,382.0,358.25,378.5,39044596
2026-07-10,370.0,375.25,355.0,359.0,54713081
2026-07-13,352.5,370.5,352.5,370.0,35331632
2026-07-14,348.5,353.25,345.5,352.75,38210676
2026-07-16,352.5,363.0,349.0,349.0,39755676
2026-07-17,351.5,353.25,344.5,350.25,44877273
2026-07-20,354.5,361.75,348.75,353.25,40499377
2026-07-21,360.0,363.5,353.5,355.5,34390421
2026-07-22,370.0,376.0,360.0,362.0,47861304
2026-07-23,376.25,381.0,370.0,371.5,40700422
2026-07-24,380.25,391.25,371.5,376.25,42885683
2026-07-27,360.5,382.5,360.5,381.25,33473184
2026-07-28,358.0,366.25,355.5,360.5,23084210
2026-07-29,354.5,362.75,352.0,357.5,23389684
2026-07-30,337.5,356.0,335.5,354.5,33703835
2026-07-31,342.25,348.75,339.75,341.0,35132678
2026-08-03,336.25,344.5,331.75,344.0,30271176
2026-08-04,349.25,351.25,336.5,337.75,31914222
2026-08-05,346.75,361.5,341.5,354.0,44255746
2026-08-06,363.0,364.5,344.75,346.75,41509167
2026-08-07,353.75,368.5,350.5,365.0,34419991
2026-08-10,356.25,362.5,349.5,354.0,24549019
2026-08-11,356.25,357.75,346.75,355.25,28492033
2026-08-12,381.0,382.75,360.0,361.0,57068181
2026-08-13,395.75,395.75,378.25,379.5,40507326
2026-08-14,387.5,407.5,387.5,398.25,54376880
2026-08-17,389.0,394.0,380.5,387.5,33600898
2026-08-18,381.25,390.0,378.75,388.5,27561732
2026-08-19,403.0,405.0,379.0,380.5,41440825
2026-08-20,402.25,408.75,394.25,403.5,26923899
2026-08-21,403.25,408.0,400.0,403.0,31717255
2026-08-24,399.75,410.0,396.75,406.0,32277245
2026-08-25,403.75,412.75,396.5,399.75,38377691
2026-08-26,398.25,405.25,396.0,404.25,29752710
2026-08-27,403.75,408.0,393.5,400.0,31779482
2026-08-28,404.0,411.0,402.0,403.75,26903505
2026-08-31,386.25,406.75,385.25,404.25,33990305
2026-09-01,384.5,396.5,382.5,386.75,32059546
2026-09-02,380.75,391.75,380.75,385.5,23651001
2026-09-03,380.25,388.5,373.0,383.5,26909299
2026-09-04,388.25,393.75,379.75,380.5,33219537
2026-09-07,392.5,398.75,390.25,390.25,28176860
2026-09-08,390.0,392.0,384.0,392.0,26814796
2026-09-09,402.25,406.25,391.0,392.0,49335597
2026-09-10,398.5,407.0,390.25,404.0,26436478
2026-09-11,393.75,400.75,391.5,398.5,24340606
2026-09-14,372.5,391.0,370.75,390.25,35221158
2026-09-15,377.0,379.5,368.25,375.5,26299817
2026-09-16,360.0,381.75,347.5,378.0,46419314
2026-09-17,379.75,383.25,357.0,360.0,40373803
2026-09-18,372.75,380.75,371.0,379.75,23957969
2026-09-21,378.0,381.75,364.0,373.0,33482697
2026-09-22,374.5,383.75,373.5,378.0,19564289
2026-09-23,381.5,386.0,377.0,379.0,25790079
2026-09-24,367.75,383.75,367.25,381.0,19974718
2026-09-25,372.25,374.5,368.25,368.25,18048971
2026-09-28,367.25,370.0,357.25,370.0,24903811
2026-09-29,338.5,367.75,338.5,367.25,42040281
2026-09-30,336.5,349.25,334.25,338.5,51610580
2026-10-01,370.0,370.0,342.0,342.0,71906664
2026-10-02,362.75,378.0,360.25,375.0,47196188
2026-10-05,371.5,384.25,370.0,378.0,33929559
2026-10-06,376.0,379.0,364.25,373.5,35668280
2026-10-07,348.75,377.25,346.75,377.25,47872999
2026-10-08,348.75,354.0,340.25,351.5,37459105
2026-10-09,,,,,38382749
