Date,Close,High,Low,Open,Volume
2018-01-01,1.6478939056396484,1.6478939056396484,1.6478939056396484,1.6478939056396484,0
2018-01-02,1.6563200950622559,1.6587273916473202,1.6466900047050888,1.6478940547829142,1957067
2018-01-03,1.6695605516433716,1.6864125289566112,1.657523066254248,1.6611345127635984,8145564
2018-01-04,1.6852093935012817,1.6924312821015093,1.669560561952487,1.669560561952487,1899093
2018-01-05,1.6948387622833252,1.702061454381944,1.67678333783876,1.685209376686488,1565991
2018-01-08,1.7104874849319458,1.7225241666464484,1.7056720890327433,1.709283334618228,2194451
2018-01-09,1.704468846321106,1.7140982324589562,1.6972461538166908,1.710487589330932,1692131
2018-01-10,1.6900240182876587,1.7080794432583777,1.6803939292860468,1.7056721470121705,1562967
2018-01-11,1.6996533870697021,1.7068760793061504,1.686412554724576,1.6960427440756352,1733200
2018-01-12,1.7285430431365967,1.7453951220552222,1.699653478000914,1.699653478000914,2374183
2018-01-15,1.7080795764923096,1.7502097752449144,1.705672280058328,1.7321543488658326,2533433
2018-01-16,1.7032649517059326,1.7092834940170532,1.6864126716280607,1.7080795444836727,2414356
2018-01-17,1.6996533870697021,1.7116908726427553,1.6984500402976295,1.7068760793061504,1627675
2018-01-18,1.7092833518981934,1.716505441356951,1.7020614633320492,1.7020614633320492,1336412
2018-01-19,1.702061414718628,1.7249314309823631,1.6972460189082792,1.7116908000910707,987007
2018-01-22,1.704468846321106,1.70807948944913,1.6888201144955581,1.7056721931378234,811265
2018-01-23,1.7128949165344238,1.7165055597275662,1.7032649275450245,1.7044688770613268,872501
2018-01-24,1.7128949165344238,1.7189136596527983,1.7044688770613268,1.7128949165344238,1809353
2018-01-25,1.7153022289276123,1.7237282684794948,1.7080795362254015,1.7128949325503813,1254806
2018-01-26,1.716505527496338,1.7201169741921771,1.7128948843709932,1.716505527496338,840336
2018-01-29,1.711690902709961,1.7189135950732817,1.70326486355343,1.7177094447095917,649607
2018-01-30,1.705672264099121,1.7177095497269383,1.6924314307118913,1.7153022533154807,1224657
2018-01-31,1.6828012466430664,1.7092834141634412,1.679190704013698,1.7092834141634412,1984101
2018-02-01,1.6864125728607178,1.6900240194640888,1.6791906841170687,1.6852094269683227,1327816
2018-02-02,1.67196786403656,1.6912273386143248,1.6647458749646096,1.6852093994318786,1342565
2018-02-05,1.6394678354263306,1.6683574002179937,1.6394678354263306,1.667153350271685,1130199
2018-02-06,1.6214115619659424,1.632244896679591,1.6081708306988498,1.6250229079118663,1499512
2018-02-07,1.6322450637817383,1.6466898463664084,1.6250230742746579,1.6250230742746579,978866
2018-02-08,1.6214115619659424,1.6466896777854672,1.616596869305358,1.6370603929106022,978551
2018-02-09,1.609375,1.6226157322499395,1.5949302178219016,1.609375,1069481
2018-02-12,1.6250227689743042,1.6274300648756235,1.6165967310882123,1.621411423337146,1388352
2018-02-13,1.6226158142089844,1.6286345574591272,1.6141897745514162,1.627430407023835,576303
2018-02-14,1.609375,1.6262270784639303,1.604559503411539,1.6238189786076118,926499
2018-02-15,1.6322450637817383,1.6334491137437874,1.6153929848434792,1.6153929848434792,522305
2018-02-16,1.6358563899993896,1.6382637867697152,1.6286345010273504,1.6358563899993896,1411627
2018-02-19,1.637060523033142,1.6478938586078835,1.6346532267346565,1.6382637693971394,1703436
2018-02-20,1.6310418844223022,1.649097210494134,1.6226158446068817,1.641875220690246,2052281
2018-02-21,1.6226158142089844,1.6394678935241207,1.620208517801559,1.6298378038775763,1326143
2018-02-22,1.6575230360031128,1.6731718671696763,1.6430791587091502,1.6430791587091502,3786713
2018-02-23,1.6623387336730957,1.668357476986903,1.649097197043769,1.668357476986903,3542364
2018-02-26,1.667153239250183,1.669560535411991,1.6623385464802618,1.6659490889377508,1220268
2018-02-27,1.6478939056396484,1.6731720241898675,1.6466898556707958,1.667153381486633,901138
2018-02-28,1.6105780601501465,1.6262268904471595,1.576873907119003,1.6190040984079324,5044830
2018-03-01,1.6165968179702759,1.6214115104779694,1.6009487910929467,1.61298537169273,1818733
2018-03-02,1.6286344528198242,1.6310417490725815,1.6069668780651296,1.6310417490725815,1600382
2018-03-05,1.6442824602127075,1.6442824602127075,1.6178009964137126,1.6286344320910922,1418368
2018-03-06,1.667153239250183,1.6972460484136713,1.6490970113420396,1.6490970113420396,3586765
2018-03-07,1.6683573722839355,1.6791907077836408,1.6611345794217047,1.6647459256296648,1373127
2018-03-08,1.6623387336730957,1.6791908131664879,1.6623387336730957,1.6719680198509683,908936
2018-03-09,1.6575230360031128,1.6755792637572573,1.6370604161244353,1.6635417785878277,700112
2018-03-12,1.667153239250183,1.6731718814399252,1.6575230501398952,1.6731718814399252,884317
2018-03-13,1.6779866218566895,1.6876167107941205,1.6563198508758237,1.6683573364897266,1623363
2018-03-14,1.670764684677124,1.6900240595804434,1.670764684677124,1.6852094669703928,916916
2018-03-15,1.6623387336730957,1.6852095564802951,1.6515053974935108,1.6828013560305533,1582581
2018-03-16,1.670764684677124,1.6779866740385119,1.6599313490729517,1.6731719809821495,1342103
2018-03-19,1.6490970849990845,1.6659491633474952,1.6382637495555494,1.651505285285206,2480079
2018-03-20,1.6695605516433716,1.6743751440137944,1.6478937810670957,1.6539125237616576,2070439
2018-03-21,1.6743751764297485,1.6779866230090166,1.665949137386847,1.6719678801979316,1140804
2018-03-22,1.6755791902542114,1.6779864862898863,1.6611344095771583,1.6779864862898863,1339583
2018-03-23,1.6695605516433716,1.6719678478285829,1.6587271161320805,1.6611345127635984,457163
2018-03-26,1.6779866218566895,1.680393918086853,1.6731719289500537,1.6779866218566895,1679909
2018-03-27,1.6779866218566895,1.685209414563957,1.6719678790497379,1.680393918086853,1340339
2018-03-28,1.6635417938232422,1.6828011675928862,1.6587271010502898,1.6803938714295628,1086610
2018-03-29,1.676031231880188,1.6910182393618207,1.6722851574192663,1.6910182393618207,861455
2018-03-30,1.6885204315185547,1.6897697830139167,1.6772804367339542,1.6772804367339542,294098
2018-04-02,1.6822758913040161,1.696014485096953,1.6797781262222398,1.6885204603337216,812546
2018-04-03,1.6722850799560547,1.6910181610308594,1.6710357284869406,1.6835250745045125,1246252
2018-04-04,1.6747828722000122,1.67728053316592,1.6635427725523426,1.673533520632821,861476
2018-04-05,1.6735334396362305,1.6835251251847527,1.6710357787912058,1.6785296992778613,979048
2018-04-06,1.698512077331543,1.7010097380955551,1.6610449773177411,1.676031150335492,51199680
2018-04-09,1.6398131847381592,1.7047566330242214,1.6398131847381592,1.7047566330242214,1763874
2018-04-10,1.6348180770874023,1.6660405060367656,1.6148348096202434,1.6610450799831464,2044609
2018-04-11,1.62982177734375,1.6672888787547975,1.5948524410067018,1.6448087846551176,1467893
2018-04-12,1.6273242235183716,1.6423112318154593,1.6135864625993988,1.6310711319179183,934094
2018-04-13,1.6235769987106323,1.6410616657440154,1.6198309245354723,1.6410616657440154,458129
2018-04-16,1.6335687637329102,1.6473064193129971,1.6273240906051216,1.6385640853677759,828366
2018-04-17,1.611088752746582,1.6385641695349102,1.5923547324009177,1.633568847643453,1365091
2018-04-18,1.6523025035858154,1.653550916994707,1.5998485054799945,1.6110884990500558,1207059
2018-04-19,1.6473063230514526,1.6610449157802862,1.6298216561827394,1.6560486564858092,750526
2018-04-20,1.6435604095458984,1.648555835593925,1.6373157361726953,1.648555835593925,382795
2018-04-23,1.6435604095458984,1.6435604095458984,1.6435604095458984,1.6435604095458984,0
2018-04-24,1.6360664367675781,1.6572981171269225,1.6310710108785682,1.6448087707780823,580286
2018-04-25,1.6135863065719604,1.639813308013692,1.6035947255007323,1.6348179864538566,1337175
2018-04-26,1.5811147689819336,1.6235771944703714,1.5811147689819336,1.6235771944703714,701470
2018-04-27,1.5798653364181519,1.5961015900257534,1.5761192622304463,1.5961015900257534,530831
2018-04-30,1.5686253309249878,1.607341572753748,1.5686253309249878,1.598599239270443,794801
2018-05-01,1.5686253309249878,1.5686253309249878,1.5686253309249878,1.5686253309249878,0
2018-05-02,1.567376971244812,1.5861100523297647,1.5486429522083054,1.5698746320160009,819406
2018-05-03,1.5536383390426636,1.5736215006146244,1.548642913408602,1.5736215006146244,968471
2018-05-04,1.5336560010910034,1.559883003393228,1.4612195632063631,1.554887681669499,1023337
2018-05-07,1.5249136686325073,1.5374030151237115,1.5211675942030485,1.5324075891777595,978831
2018-05-08,1.4262501001358032,1.5274111922002516,1.42375243949576,1.5199182102801216,1901760
2018-05-09,1.425001621246338,1.4512286200149433,1.4112630293213089,1.423752374116347,1198890
2018-05-10,1.4424865245819092,1.452477272545005,1.3737961590683636,1.4312455913315314,1033921
2018-05-11,1.4537266492843628,1.4637173974205553,1.4312456161288771,1.4312456161288771,321097
2018-05-14,1.4699618816375732,1.4737088939746432,1.4537265651243034,1.4537265651243034,295729
2018-05-15,1.436241865158081,1.4662150472911906,1.4212548572241375,1.4612196211525195,524643
2018-05-16,1.4412370920181274,1.4487301780816477,1.4274993333315367,1.4274993333315367,317261
2018-05-17,1.4424865245819092,1.4512288589441087,1.4362418511562722,1.4487303642727765,278887
2018-05-18,1.436241865158081,1.4524772867050917,1.4312456052846323,1.442486538644597,600509
2018-05-21,1.4387396574020386,1.4587219876337223,1.4362418921772904,1.4424865657812838,678958
2018-05-22,1.429997205734253,1.4512287815993208,1.4237525326414324,1.4487302870611487,689311
2018-05-23,1.4349925518035889,1.4362417990939709,1.421254791849398,1.4362417990939709,544943
2018-05-24,1.4237525463104248,1.4399879669897446,1.4137608608323038,1.4349925411180509,579642
2018-05-25,1.4262501001358032,1.4299971121800374,1.4200054274515257,1.4274993473231603,476070
2018-05-28,1.4512288570404053,1.4512288570404053,1.4299972800716292,1.4299972800716292,789915
2018-05-29,1.436241865158081,1.44997962574418,1.4337442041971693,1.44997962574418,220388
2018-05-30,1.4349925518035889,1.4462325466949122,1.4299972301115393,1.4462325466949122,721427
2018-05-31,1.4237525463104248,1.4387395534433982,1.4125124472859574,1.4337441275717044,1105587
2018-06-01,1.400023102760315,1.4050184240496695,1.3912807694197746,1.3987746893053126,1038695
2018-06-04,1.4150100946426392,1.4150100946426392,1.4012723359333266,1.410014669186419,281001
2018-06-05,1.4012724161148071,1.4137608241447006,1.3962761566380346,1.4075170891055293,351932
2018-06-06,1.3725477457046509,1.405018481805395,1.3725477457046509,1.405018481805395,1140937
2018-06-07,1.3775430917739868,1.3975254202776273,1.3750454309820819,1.3862854256298547,283577
2018-06-08,1.351316213607788,1.4499796600409678,1.347569200993555,1.3825386438272556,1100190
2018-06-11,1.3450714349746704,1.3588091948133163,1.3350798537230264,1.3588091948133163,731206
2018-06-12,1.351316213607788,1.3613069619045968,1.3350799579419586,1.3363292053193523,432537
2018-06-13,1.3288358449935913,1.3550628435671106,1.3288358449935913,1.3475689240953432,209377
2018-06-14,1.3388265371322632,1.3413241975380976,1.3200934587875606,1.3288357912921014,336497
2018-06-15,1.3388265371322632,1.3388265371322632,1.3388265371322632,1.3388265371322632,0
2018-06-18,1.3363292217254639,1.340076130168848,1.3225914606457634,1.3338315606748103,374164
2018-06-19,1.3188445568084717,1.3338315653332453,1.3175952051945266,1.3188445568084717,741727
2018-06-20,1.3163467645645142,1.328836006568406,1.3163467645645142,1.3175950738855418,501921
2018-06-21,1.3063549995422363,1.323839666318346,1.3063549995422363,1.3200935921983066,1539027
2018-06-22,1.3088526725769043,1.313848931892164,1.303857351213165,1.307604259103312,1188390
2018-06-25,1.2988618612289429,1.3388266187107654,1.2988618612289429,1.3363289581527413,909447
2018-06-26,1.3088526725769043,1.3238396788364781,1.3013596905312954,1.303857351213165,436247
2018-06-27,1.3288358449935913,1.3313335055003621,1.3076041674336136,1.3076041674336136,1001560
2018-06-28,1.3388265371322632,1.347568869636804,1.3238395325290158,1.3325818650335568,861672
2018-06-29,1.3650537729263306,1.3663031244314519,1.342573783181528,1.342573783181528,861098
2018-07-02,1.358809232711792,1.3675515669273932,1.3538138067055883,1.3675515669273932,877625
2018-07-03,1.3550629615783691,1.3625560479680767,1.3550629615783691,1.3563113750731648,541212
2018-07-04,1.360058307647705,1.3625559682258221,1.3538136351182564,1.3538136351182564,542633
2018-07-05,1.3625560998916626,1.371298433844013,1.3575607782527233,1.3613068526145624,1801023
2018-07-06,1.360058307647705,1.370049054177004,1.352564387961873,1.3675513935988872,993391
2018-07-09,1.351316213607788,1.3675516355388198,1.3500669662303943,1.3625562092819905,2262309
2018-07-10,1.3113514184951782,1.3463207563056585,1.3113514184951782,1.3463207563056585,882469
2018-07-11,1.2626433372497559,1.312599677103723,1.260145572365475,1.312599677103723,1140384
2018-07-12,1.2489056587219238,1.3887831066722698,1.2426609855669042,1.2563987454237389,1585234
2018-07-13,1.2464079856872559,1.2601456411927128,1.2226786447979348,1.2489056464911201,1571808
2018-07-16,1.2164340019226074,1.241412590701739,1.2064432542421204,1.241412590701739,1684921
2018-07-17,1.2401632070541382,1.2401632070541382,1.2114385470015887,1.2176831153471925,618926
2018-07-18,1.313848853111267,1.3625559431248804,1.23142084471033,1.2414124247902147,4659564
2018-07-19,1.2788797616958618,1.3737961948140835,1.267639766104639,1.3363291954538445,4859316
2018-07-20,1.271385669708252,1.2901195837356145,1.2651409969601861,1.2851242624045016,1729063
2018-07-23,1.275132656097412,1.292617428218215,1.272634995278048,1.2788796684106647,1005683
2018-07-24,1.2464079856872559,1.2813773212781696,1.242660973397256,1.2813773212781696,1025080
2018-07-25,1.2651411294937134,1.2738834638231642,1.2451587999076053,1.248905708165798,1055285
2018-07-26,1.2489056587219238,1.2826257473737708,1.2451587506120703,1.2726349998436315,2986816
2018-07-27,1.2464079856872559,1.2576479803888485,1.2401633125933917,1.2563987331195536,1490447
2018-07-30,1.2476563453674316,1.2489055925828034,1.2426609197584872,1.2464079318867494,1610427
2018-07-31,1.2451586723327637,1.2763819319281093,1.2451586723327637,1.2501548274100531,4587912
2018-08-01,1.2464079856872559,1.25265265878112,1.2414125598626866,1.2476563992218253,2298254
2018-08-02,1.2201809883117676,1.2364163046785386,1.2176832232822241,1.2364163046785386,1461173
2018-08-03,1.2239279747009277,1.2326703091888964,1.2139363928593212,1.2189317148043097,1504930
2018-08-06,1.208940863609314,1.2301717095830638,1.196451621860189,1.221429375840567,1560370
2018-08-07,1.1827137470245361,1.2114385104266794,1.1777174880412722,1.2001984128041439,2542386
2018-08-08,1.2001984119415283,1.2051938371865725,1.1827137461744872,1.1827137461744872,2541105
2018-08-09,1.1914561986923218,1.2114386311967387,1.1777176054496339,1.1989492852038561,1475824
2018-08-10,1.1414998769760132,1.1914562196582283,1.1052811898266743,1.1764692126367229,2679579
2018-08-13,1.1989493370056152,1.1989493370056152,1.125263651499694,1.1864599904731183,4974942
2018-08-14,1.2289233207702637,1.2476564021441678,1.2001985539890923,1.242660976307898,4209499
2018-08-15,1.192704677581787,1.2426610221231273,1.1789669173208193,1.2401633612213274,2240217
2018-08-16,1.148992896080017,1.192704563086472,1.1365043843361802,1.183962229685181,1726921
2018-08-17,1.1215174198150635,1.1514905994737852,1.106530517335187,1.1477445252090575,2187185
2018-08-20,1.1390022039413452,1.1427482782470462,1.1140235117841495,1.1190197712997874,544173
2018-08-21,1.1390022039413452,1.1390022039413452,1.1390022039413452,1.1390022039413452,0
2018-08-22,1.1390022039413452,1.1390022039413452,1.1390022039413452,1.1390022039413452,0
2018-08-23,1.1390022039413452,1.1390022039413452,1.1390022039413452,1.1390022039413452,0
2018-08-24,1.1390022039413452,1.1390022039413452,1.1390022039413452,1.1390022039413452,0
2018-08-27,1.1577352285385132,1.170224469790023,1.1402505617501697,1.1489928951443416,1574958
2018-08-28,1.1752198934555054,1.1839622268357564,1.1602328873510257,1.1602328873510257,1458457
2018-08-29,1.2139363288879395,1.230171749654673,1.175219980433339,1.1789668885620186,2375520
2018-08-30,1.2139363288879395,1.2139363288879395,1.2139363288879395,1.2139363288879395,0
2018-08-31,1.2326701879501343,1.2339186014462034,1.200198514164492,1.2051939398350053,1679020
2018-09-03,1.2314209938049316,1.2401633278099267,1.2239279070845595,1.2339186546394416,1620206
2018-09-04,1.2251763343811035,1.2376656808622055,1.217683247576658,1.236416329346723,787129
2018-09-05,1.2214293479919434,1.2289232680511764,1.2176831695886001,1.2289232680511764,736302
2018-09-06,1.2239279747009277,1.2301718144816203,1.2189317148043097,1.2201810663747954,440139
2018-09-07,1.2214293479919434,1.2264255031317717,1.2176831695886001,1.2176831695886001,432551
2018-09-10,1.1902070045471191,1.2264255884582824,1.1877093436707804,1.2226786802763991,729386
2018-09-11,1.1827137470245361,1.1964515051629747,1.1739714141347324,1.1914560799143399,1370929
2018-09-12,1.1689751148223877,1.1827137062214808,1.1502420362984254,1.1777174474105851,1324064
2018-09-13,1.1702245473861694,1.1727223124286275,1.1452467927447485,1.1639799784547622,879606
2018-09-14,1.1627315282821655,1.1827138564260495,1.160232929583683,1.1664776025352186,739683
2018-09-17,1.1552375555038452,1.168975315527012,1.1502422337867146,1.1602329814378187,1132397
2018-09-18,1.1527398824691772,1.1589845556338443,1.1477445608048111,1.1564868948016611,685426
2018-09-19,1.1477444171905518,1.1739714158993864,1.1452466524540657,1.155237398749524,2751896
2018-09-20,1.1215174198150635,1.155237507473222,1.1115258388446299,1.1502421859637788,3814048
2018-09-21,1.1202682256698608,1.1352552330769443,1.1127751388336935,1.1227658865429688,2127615
2018-09-24,1.1277621984481812,1.1327576246424935,1.1202682775303496,1.1202682775303496,2084474
2018-09-25,1.1290104389190674,1.1502421173197173,1.1277620254835639,1.136504358687558,2850358
2018-09-26,1.1252636909484863,1.1377529337019796,1.1227659257712654,1.1290105992564357,1342271
2018-09-27,1.1202682256698608,1.1290105598099565,1.1165213174928246,1.1240152380637407,2292591
2018-09-28,1.1252636909484863,1.1277621856436377,1.1177706038505182,1.1190198511980938,1653869
2018-10-01,1.124015212059021,1.1302598851815346,1.1177705389365074,1.1277621201493704,1325359
2018-10-02,1.1202682256698608,1.1215174729737891,1.115272903923645,1.1202682256698608,957222
2018-10-03,1.119019865989685,1.1265129531866995,1.1140236060512705,1.1227659406123736,987154
2018-10-04,1.069063425064087,1.1177705197653725,1.0665657642916018,1.1177705197653725,2992906
2018-10-05,1.0540764331817627,1.0778057741088638,1.0403387776544337,1.06281876709341,1657558
2018-10-08,1.0540764331817627,1.0615695198221262,1.0478317600779563,1.0615695198221262,928452
2018-10-09,1.0540764331817627,1.060321106285569,1.050329525102638,1.0540764331817627,2682071
2018-10-10,1.031596302986145,1.056574056565075,1.031596302986145,1.054076395845703,1518825
2018-10-11,1.015359878540039,1.03284454280394,1.0128622182406526,1.03284454280394,1605352
2018-10-12,1.0103647708892822,1.0290978523838474,1.0028708504603014,1.0191071048637974,7202671
2018-10-15,1.0290979146957397,1.0340941746014418,1.011613245688012,1.011613245688012,2743440
2018-10-16,1.0328447818756104,1.0428364675541189,1.0290978736919587,1.0365917942761058,1731275
2018-10-17,1.0266002416610718,1.046582571411138,1.024102476496525,1.046582571411138,1849736
2018-10-18,1.0128624439239502,1.034094124451815,1.0066177706999648,1.0266002039325037,1738611
2018-10-19,1.0178577899932861,1.0178577899932861,1.0003731214150873,1.0141117154871506,1351924
2018-10-22,1.0103647708892822,1.0453341067873434,1.0091154193921732,1.0453341067873434,1263878
2018-10-23,0.9941282868385315,1.037840055412781,0.9878845524291725,1.019106976281792,1894459
2018-10-24,0.9853860139846802,1.001622371545376,0.9853860139846801,0.9953776988042121,1258950
2018-10-25,0.9803907871246338,0.98538610893155,0.9704000392939566,0.9841376953472003,1767311
2018-10-26,0.9679014086723328,0.9978754228669784,0.9666529951289561,0.9978754228669784,1223222
2018-10-29,0.9679014086723328,0.9679014086723328,0.9679014086723328,0.9679014086723328,0
2018-10-30,0.9591591358184814,0.9704000692670737,0.9429237141434652,0.9704000692670737,1658944
2018-10-31,0.9379282593727112,0.9629060120272622,0.934181247348137,0.9616575985811262,1143464
2018-11-01,0.9479190111160278,0.9541636838006027,0.9304343444665535,0.9304343444665535,1280146
2018-11-02,0.9616576433181763,0.9641553040613079,0.9504167109383502,0.9541637231372383,1077965
2018-11-05,0.9616576433181763,0.9728976377464591,0.9566613838803698,0.9641553040613079,1399783
2018-11-06,0.9566614031791687,0.9716484101086735,0.9554129896497712,0.9641553235112822,1163505
2018-11-07,0.9991246461868286,1.0078669799365978,0.9778930706775455,0.9941283867120929,7422072
2018-11-08,0.9853860139846802,1.017857686937724,0.9803906926590882,1.001622371545376,3437112
2018-11-09,0.9604083299636841,0.9916307579608933,0.9579106691214654,0.9853860847711353,1907122
2018-11-12,0.9566614031791687,0.9741460709021906,0.9541637423856517,0.9641553235112822,1250025
2018-11-13,0.9554130434989929,0.9591591180330447,0.9441730482104536,0.9504167836787961,1729903
2018-11-14,0.946670651435852,0.9554129852571693,0.9441729906538182,0.9529153244751355,1005592
2018-11-15,0.9566614031791687,0.9604083112368054,0.9466706557882603,0.9491683165817774,1241310
2018-11-16,0.9579106569290161,0.9728976639599934,0.9516659838187413,0.9529153353081601,937293
2018-11-19,0.9591591358184814,0.9691508219093793,0.9566614748378772,0.9604083831761758,1288469
2018-11-20,0.9191944003105164,0.9579107521414205,0.9191944003105164,0.9579107521414205,2643648
2018-11-21,0.9166966080665588,0.9329320279257263,0.9117012866640515,0.9204436202026214,1528128
2018-11-22,0.912949800491333,0.9204437213702924,0.9104520352987089,0.9166967088223887,2023665
2018-11-23,0.9141988754272461,0.9229412082778843,0.9117012149225326,0.9154472888122901,2047339
2018-11-26,0.9204437136650085,0.9279366965296114,0.9166967011484722,0.9179459484932939,1799364
2018-11-27,0.9166966080665588,0.9329320279257263,0.9029588489086452,0.9191942687678125,7571578
2018-11-28,0.9141988754272461,0.9241896216629282,0.9141988754272461,0.9241896216629282,3017980
2018-11-29,0.9166966080665588,0.9416743614642962,0.9154473608485865,0.9179458552845313,6643364
2018-11-30,0.936678946018219,0.9391767109634372,0.9154473707912569,0.9191942787511782,5405372
2018-12-03,0.9516660571098328,0.9529154086954684,0.9179459661026991,0.9191943797366939,12471137
2018-12-04,0.9454213976860046,0.9629060652085855,0.9404259719393969,0.9504167192157732,4918662
2018-12-05,0.935430645942688,0.941674380957727,0.9204436392565586,0.9366789552349739,3314297
2018-12-06,0.9279367327690125,0.9491684149672687,0.9216921632705817,0.9341814064842944,3184188
2018-12-07,0.935430645942688,0.9366789552349739,0.9279366215154305,0.9329320472381837,1827448
2018-12-10,0.9241896867752075,0.9316836067687736,0.9179458477240089,0.9304343595610904,2040773
2018-12-11,0.9279367327690125,0.935430758094755,0.917945984342519,0.9229414106641912,1762033
2018-12-12,0.9054566025733948,0.9329320163309114,0.8992119298136896,0.9279365907736525,3124828
2018-12-13,0.9117013812065125,0.9179459504745474,0.9067051213343706,0.9117013812065125,887264
2018-12-14,0.8954649567604065,0.9117013150771055,0.8867226229493829,0.9117013150771055,1871674
2018-12-17,0.8992119431495667,0.9042072645640741,0.8954649310045028,0.8967142824423129,1705739
2018-12-18,0.9067050814628601,0.9067050814628601,0.8892204133414507,0.8954649823348866,1088129
2018-12-19,0.9154473543167114,0.9166966015257703,0.9067050208405195,0.9067050208405195,1320788
2018-12-20,0.939176619052887,0.942923526646125,0.9067049484249582,0.9141988678282617,2465834
2018-12-21,0.9479190111160278,0.9491682583034443,0.9241896717819785,0.9441729370231199,2668974
2018-12-24,0.9616576433181763,0.9679013783086526,0.949168297434137,0.949168297434137,1542989
2018-12-25,0.9491683840751648,0.9604083795294455,0.9429237105631252,0.9604083795294455,781193
2018-12-26,0.9454213976860046,0.9529153179322091,0.9391767246895985,0.9491683057006873,614726
2018-12-27,0.9316835403442383,0.9554128783714639,0.9316835403442383,0.952915217868853,1078763
2018-12-28,0.9266881942749023,0.9354306320817413,0.9241896998242586,0.9329320334142605,1047977
2018-12-31,0.9416744112968445,0.942923658580926,0.9291860029128646,0.9304344164622107,497455
2019-01-01,0.9416744112968445,0.9416744112968445,0.9416744112968445,0.9416744112968445,0
2019-01-02,0.9241896867752075,0.9429236009160207,0.9179458477240089,0.9429236009160207,2082024
2019-01-03,0.8967143893241882,0.9241898067640537,0.8942166241023823,0.916696719532334,760858
2019-01-04,0.9054566025733948,0.9141989360033118,0.8917188435862189,0.9104519239138185,1684900
2019-01-07,0.9067050814628601,0.911701341115296,0.9042073163955913,0.9079543287554437,556717
2019-01-08,0.9054566025733948,0.909203510446053,0.8929672570539844,0.9054566025733948,1198071
2019-01-09,0.9029589295387268,0.9129497816695515,0.8979627739553945,0.9092036029336636,1744554
2019-01-10,0.9079542756080627,0.9191942698612571,0.9042072634675429,0.9042072634675429,3118661
2019-01-11,0.9191944003105164,0.9204437519241155,0.9067051570654282,0.9067051570654282,2299689
2019-01-14,0.936678946018219,0.937928297466597,0.9104519451176579,0.917945865254338,4290006
2019-01-15,0.9416744112968445,0.9479190844646231,0.9354306760806432,0.9366789854131474,5135235
2019-01-16,0.9591591358184814,0.9616577347507184,0.9391768058051665,0.9416744667857708,3180695
2019-01-17,0.9554130434989929,0.9604083653675746,0.9454214618102145,0.9591591180330447,1904021
2019-01-18,0.9704000353813171,0.9716484489606333,0.9566614414318637,0.9579106887459352,1472597
2019-01-21,0.9878847002983093,1.0066177822333147,0.9679014331020687,0.971648445513077,4981431
2019-01-22,0.9953778386116028,1.01286250787536,0.9878847513539264,0.9878847513539264,1507828
2019-01-23,0.9941282868385315,1.0028707239268442,0.9866353053065241,0.9978752986886774,1379378
2019-01-24,1.0128624439239502,1.0128624439239502,0.992880114908254,0.9941284242519939,2854971
2019-01-25,1.0191071033477783,1.0266001900308794,1.006617757068931,1.0141116774867638,2245313
2019-01-28,1.0103647708892822,1.0278494388383128,1.0103647708892822,1.0178577533666884,1292186
2019-01-29,1.006617784500122,1.0153601186998684,0.9928801285200759,1.0153601186998684,2934407
2019-01-30,1.0078669786453247,1.0153600651373418,1.0041200706403806,1.0078669786453247,2123513
2019-01-31,1.0178577899932861,1.026600228499231,1.01161322083671,1.016609480619674,2124633
2019-02-01,1.004120111465454,1.021604779653475,0.9991246855287279,1.0178577672793476,964509
2019-02-04,0.9941282868385315,1.00786687868281,0.9903822129398416,1.005369218172141,965440
2019-02-05,0.9866354465484619,1.0016224539262284,0.9853860950301341,0.9903823547181686,1873739
2019-02-06,0.9878847002983093,0.9916307747577213,0.9753953537072415,0.9891331138731959,985866
2019-02-07,0.9853860139846802,0.9891330260630481,0.9816399398578253,0.9866353654002521,612584
2019-02-08,0.981640100479126,0.9903824353135543,0.981640100479126,0.9828885141474569,696073
2019-02-11,0.9941282868385315,0.9953776381780083,0.9828882934563781,0.9866353053065241,973420
2019-02-12,0.9928801655769348,1.0003731485270422,0.9891331530176402,0.9953778265603039,1800057
2019-02-13,0.9891331791877747,1.0053694350451217,0.9891331791877747,0.9941285012866774,1294013
2019-02-14,0.997875452041626,1.0003731129361342,0.9866354569321163,0.9903823651412567,991592
2019-02-15,0.9916306138038635,1.0028707112608863,0.9853859415219168,1.0028707112608863,796845
2019-02-18,0.9491683840751648,0.990382395519845,0.9441730621329237,0.989133148166894,3701075
2019-02-19,0.946670651435852,0.9554129852571693,0.9404259783965686,0.9516659729999197,821548
2019-02-20,0.9504166841506958,0.9554129434476819,0.9466706100089348,0.9479190234779612,891107
2019-02-21,0.939176619052887,0.9466705384561903,0.9354305451942676,0.9416742795368395,2042740
2019-02-22,0.9429236650466919,0.945421430114089,0.9354306824950287,0.9366789918360927,1569512
2019-02-25,0.9691506624221802,0.9741459835613393,0.9404258984027206,0.9491682314804036,3520279
2019-02-26,0.9441729187965393,0.9591589865650514,0.94042590682446,0.9591589865650514,2964654
2019-02-27,0.9241896867752075,0.9454213658135383,0.9229412733022087,0.9441729523405394,4850951
2019-02-28,0.9104519486427307,0.9304343809323573,0.9092035351410569,0.9266882024757944,6092884
2019-03-01,0.9079542756080627,0.9179458563764908,0.9067050283886042,0.912949701233349,2810668
2019-03-04,0.9204437136650085,0.9291860480912801,0.9092036140670223,0.9092036140670223,4704658
2019-03-05,0.9141988754272461,0.9254388687825977,0.9129496283075765,0.9229412082778843,3011939
2019-03-06,0.9092035293579102,0.9179458629696717,0.9079542821294788,0.9141989550190761,2942877
2019-03-07,0.9017096161842346,0.9129497148215615,0.9017096161842346,0.9117013013182139,3544947
2019-03-08,0.8992119431495667,0.9042072645640741,0.892967270297249,0.9042072645640741,1659875
2019-03-11,0.8992119431495667,0.9029588510777938,0.8954649310045028,0.8992119431495667,1639834
2019-03-12,0.8967143893241882,0.9004612976990198,0.8917189630974255,0.8992120503291452,1400028
2019-03-13,0.8804779052734375,0.8979626762257713,0.8779802446209867,0.8954649113564861,2284940
2019-03-14,0.8842250108718872,0.8854742581975987,0.8779803374960107,0.8842250108718872,1930943
2019-03-15,0.8979628086090088,0.900461303364478,0.8829766340512804,0.8842250476942172,2636571
2019-03-18,0.9042072296142578,0.9042072296142578,0.8954648963925991,0.8954648963925991,3003672
2019-03-19,0.912949800491333,0.9141990478466125,0.9017097007992528,0.9054567133471565,5686233
2019-03-20,0.9191944003105164,0.9266883214382339,0.9104520655208613,0.9117014171344606,4832695
2019-03-21,0.9416744112968445,0.9691507648013866,0.9329320772956383,0.9529153440830557,13921369
2019-03-22,0.8979628086090088,0.9541638291638577,0.8892204739524099,0.9516660639263365,6899067
2019-03-25,0.8867226243019104,0.9054566434262776,0.87673187695346,0.9029588784265351,3168473
2019-03-26,0.8754826188087463,0.9029588671989877,0.8704872451966345,0.9004612064471413,4172595
2019-03-27,0.8242778778076172,0.8792296460068634,0.821780164904779,0.8792296460068634,4521783
2019-03-28,0.8242778778076172,0.8417625455369465,0.8117885316671241,0.8292732515048734,3279773
2019-03-29,0.8292732238769531,0.8355178446307349,0.8192815909721776,0.8242778503461219,2604833
2019-04-01,0.8280239105224609,0.8467578766833711,0.816783864319787,0.8392647904598153,3309271
2019-04-02,0.8355178236961365,0.8467578698075392,0.8292732030988189,0.8342685765044869,2827048
2019-04-03,0.8330202102661133,0.8417625441160206,0.8317709108952318,0.8342686237938538,1269478
2019-04-04,0.8455086350440979,0.8455086350440979,0.8317709272354876,0.8317709272354876,2089493
2019-04-05,0.8579980134963989,0.8629933874701753,0.8480072655488461,0.8579980134963989,2052232
2019-04-08,0.8567495942115784,0.8629933817428717,0.8505049208370994,0.8592472551276792,1535233
2019-04-09,0.8779802918434143,0.8817273041077965,0.8679895444794213,0.8692379580054556,3071243
2019-04-10,0.8742341995239258,0.8979627060275561,0.8717356529454605,0.8979627060275561,1645315
2019-04-11,0.8667402863502502,0.8767318673236745,0.8604956133773843,0.8729849072146969,1120357
2019-04-12,0.8467578887939453,0.853002561639701,0.8367662559154814,0.853002561639701,1523676
2019-04-15,0.8342686295509338,0.857997970474204,0.8305225030987202,0.857997970474204,3205972
2019-04-16,0.8355178236961365,0.8430109098588471,0.8317708637474444,0.838015536453179,2696428
2019-04-17,0.8455086350440979,0.8517533082264808,0.8367663010224463,0.8380156004178705,3129035
2019-04-18,0.836766242980957,0.8467578757049729,0.8342685823149362,0.8455085763962051,2385103
2019-04-19,0.8442602157592773,0.8455086293030664,0.8355178817969864,0.8392648420062374,837046
2019-04-22,0.838015615940094,0.8455086507051119,0.8367663165215296,0.84301098981958,995442
2019-04-23,0.838015615940094,0.838015615940094,0.838015615940094,0.838015615940094,0
2019-04-24,0.8330202102661133,0.8417625441160206,0.8317709108952318,0.8367662845840557,1710772
2019-04-25,0.8142862915992737,0.8342686733855287,0.8117885785521795,0.8330202597835784,2553530
2019-04-26,0.8180332183837891,0.8205308792198731,0.8117885452093689,0.8155355054392841,1499036
2019-04-29,0.8067931532859802,0.8230285736564836,0.8067931532859802,0.8205308607681461,1586662
2019-04-30,0.8155354261398315,0.8217800987070443,0.8067930929793974,0.8117884662742559,2378719
2019-05-01,0.8155354261398315,0.8155354261398315,0.8155354261398315,0.8155354261398315,0
2019-05-02,0.804295539855957,0.8205309090738372,0.804295539855957,0.8205309090738372,2215045
2019-05-03,0.7943038940429688,0.808041602125567,0.7918061810454639,0.808041602125567,2681252
2019-05-06,0.7705745697021484,0.7918061988818613,0.7568368613100915,0.7918061988818613,2533622
2019-05-07,0.763081431388855,0.7655791442748386,0.7493428380764995,0.7518414368056197,1901487
2019-05-08,0.7555875182151794,0.7668275650126106,0.7493428451283054,0.7618321913020535,2987173
2019-05-09,0.7568367719650269,0.7705744787353387,0.7530898120135299,0.7680767659764264,2586717
2019-05-10,0.7605838179588318,0.763081478891879,0.7518414836089363,0.7593345185165009,1559712
2019-05-13,0.7443475127220154,0.7630814809137757,0.7406005523367092,0.7618322335765578,2243955
2019-05-14,0.7505921721458435,0.7518414715681669,0.7443474988290039,0.7480945112527965,1656655
2019-05-15,0.7393521070480347,0.7505921539874707,0.7343567332743668,0.7505921539874707,1535541
2019-05-16,0.7393521070480347,0.7455967802138027,0.7368544462154112,0.7393521070480347,1253238
2019-05-17,0.7318581342697144,0.740600467643017,0.7318581342697144,0.740600467643017,840770
2019-05-20,0.7331074476242065,0.7393520683547474,0.7318581482974873,0.7318581482974873,1423786
2019-05-21,0.7131250500679016,0.7381028028535067,0.7106273373194414,0.7331074294650033,1626254
2019-05-22,0.6993874311447144,0.7156228005355041,0.6968888843479567,0.7156228005355041,1455902
2019-05-23,0.69688880443573,0.7031334250793674,0.6956403909694939,0.69688880443573,933849
2019-05-24,0.7118757963180542,0.7206181302017108,0.6968888414590052,0.6968888414590052,1315342
2019-05-27,0.7093780636787415,0.7231157698792743,0.7081296502726097,0.7131250234748312,1018276
2019-05-28,0.7256144285202026,0.7293605551611703,0.7143735473929935,0.7168720941694713,1877400
2019-05-29,0.7081297039985657,0.726862784822603,0.7056311574190425,0.7256143713217538,2216571
2019-05-30,0.7243651747703552,0.726862835681519,0.7106274144578834,0.7118758280460846,2100588
2019-05-31,0.7243651747703552,0.7293605487011053,0.7218674617507688,0.7243651747703552,1316840
2019-06-03,0.7243651747703552,0.7293605487011053,0.72311587533897,0.726862835681519,513051
2019-06-04,0.7243651747703552,0.7243651747703552,0.7243651747703552,0.7243651747703552,0
2019-06-05,0.7243651747703552,0.7243651747703552,0.7243651747703552,0.7243651747703552,0
2019-06-06,0.7243651747703552,0.7243651747703552,0.7243651747703552,0.7243651747703552,0
2019-06-07,0.7430990934371948,0.7493428284333971,0.7256143739424387,0.7281120867962798,2456699
2019-06-10,0.765579104423523,0.7693260643706032,0.739352052263307,0.7493427990703455,2871393
2019-06-11,0.7580851912498474,0.7718237839688503,0.7530898178020438,0.7668275246779485,1480360
2019-06-12,0.778068482875824,0.7805661959051509,0.7580852674969482,0.7580852674969482,1458884
2019-06-13,0.7493427991867065,0.7755698513509951,0.7493427991867065,0.7755698513509951,1549226
2019-06-14,0.7480944395065308,0.7593344335314889,0.7406004674860799,0.7480944395065308,1573922
2019-06-17,0.7543390989303589,0.7605837719696188,0.7480944779995188,0.7480944779995188,739172
2019-06-18,0.7618321776390076,0.7680767985054674,0.754339091153346,0.7605837641282251,1342810
2019-06-19,0.7680767774581909,0.7680767774581909,0.7543390704825179,0.7643298174506816,1090397
2019-06-20,0.7668275237083435,0.7818145298759025,0.7655791102424159,0.7680767709089508,3033037
2019-06-21,0.7605838179588318,0.7680768528663964,0.7555875581411228,0.7643298924910183,835975
2019-06-24,0.7693260908126831,0.7830637980389731,0.765579130736818,0.7718238036544988,1726081
2019-06-25,0.7868107557296753,0.7905568820594822,0.7705745019760868,0.7743214620405932,2428454
2019-06-26,0.7768191695213318,0.7955531359800578,0.7768191695213318,0.7880591637942715,1503726
2019-06-27,0.7805660963058472,0.7868107167871063,0.7793167970289991,0.7805660963058472,1088857
2019-06-28,0.7793169021606445,0.7855615755927408,0.7743215281739299,0.7843122761473593,1376424
2019-07-01,0.7918061017990112,0.7980507744809526,0.7830637684779608,0.7830637684779608,3303349
2019-07-02,0.7930545210838318,0.7968014810458048,0.7880591476604579,0.791806107622431,1629978
2019-07-03,0.7943038940429688,0.801796928818639,0.7880592207360407,0.7943038940429688,2171995
2019-07-04,0.8155354261398315,0.8342685579983987,0.796801460546609,0.796801460546609,8176098
2019-07-05,0.8080415725708008,0.8205308666194289,0.8030461988669231,0.815535492915551,2239279
2019-07-08,0.7992992997169495,0.8042955596454098,0.7905569651732642,0.7980508860901369,1423191
2019-07-09,0.7868107557296753,0.8017968764098832,0.7843122091607319,0.7992992156840579,1354941
2019-07-10,0.7868107557296753,0.7930545427853075,0.7668275419115804,0.7930545427853075,1006292
2019-07-11,0.7980508208274841,0.7992992343522046,0.7880591876308664,0.7893084869987256,1473801
2019-07-12,0.7743214964866638,0.7992992512412762,0.7743214964866638,0.7968015382959203,1429029
2019-07-15,0.7743214964866638,0.7743214964866638,0.7743214964866638,0.7743214964866638,0
2019-07-16,0.7843122482299805,0.7893085078820485,0.7805661738219876,0.7818145873797382,1077013
2019-07-17,0.7968015074729919,0.8005485196676578,0.7830638002086384,0.7855615130573745,1315923
2019-07-18,0.8092908263206482,0.8217801196651765,0.7930545209065673,0.7930545209065673,3004764
2019-07-19,0.8080415725708008,0.8180332058217,0.805543911773072,0.8180332058217,1694504
2019-07-22,0.8067931532859802,0.8167839006224908,0.8005485323604073,0.810539279696918,1230355
2019-07-23,0.8167839050292969,0.8180332044017747,0.806793157638883,0.8080415711682187,979454
2019-07-24,0.8217802047729492,0.8230286183633632,0.8117885710505561,0.8192816580141732,1794723
2019-07-25,0.8142862915992737,0.8292732993997634,0.8092909176135084,0.824277925413998,1266979
2019-07-26,0.8192815780639648,0.8205308252672328,0.8105392446282983,0.8167838652836927,1178856
2019-07-29,0.8230286240577698,0.8242779235000128,0.8155355370423093,0.8192816636826552,2389940
2019-07-30,0.838015615940094,0.8467579501236763,0.8205308954645072,0.8242779078770256,1854538
2019-07-31,0.8417624831199646,0.8517532297736599,0.8392647704023327,0.8405131838396103,1624196
2019-08-01,0.8330202102661133,0.8417625441160206,0.8305224973674913,0.8392648312173986,825867
2019-08-02,0.8192815780639648,0.8317708714831714,0.8155354518151062,0.8317708714831714,997409
2019-08-05,0.8267754912376404,0.854250904787468,0.8192815713321361,0.8280239046959691,4640076
2019-08-06,0.7918061017990112,0.8155354411230535,0.7880591418645956,0.811788481188638,5360971
2019-08-07,0.7755698561668396,0.7930545229793237,0.7755698561668396,0.7905568623158756,2686474
2019-08-08,0.7693260908126831,0.7830637980389731,0.7668275442361655,0.7780684244637606,3553725
2019-08-09,0.7718238234519958,0.7768191971553411,0.7693261105461132,0.7743214842494583,1941667
2019-08-12,0.7718238234519958,0.7718238234519958,0.7718238234519958,0.7718238234519958,0
2019-08-13,0.7718238234519958,0.7718238234519958,0.7718238234519958,0.7718238234519958,0
2019-08-14,0.7718238234519958,0.7718238234519958,0.7718238234519958,0.7718238234519958,0
2019-08-15,0.7605838179588318,0.7718238653501975,0.7580852711825931,0.7718238653501975,1349943
2019-08-16,0.7568367719650269,0.7655791053259312,0.7543390592061145,0.7618321453744342,1311037
2019-08-19,0.7568367719650269,0.763081392567019,0.7530898120135299,0.7605837319165238,1159998
2019-08-20,0.7593345046043396,0.7630814649110678,0.7543391307213451,0.7580852572933199,1701896
2019-08-21,0.7505921721458435,0.7605838057780536,0.7493428727235202,0.7605838057780536,1151353
2019-08-22,0.7443475127220154,0.7568368595888044,0.739352138734262,0.7493428867097688,886305
2019-08-23,0.7568367719650269,0.7580851854229372,0.7443474265442083,0.7455967258452102,1561896
2019-08-26,0.7743214964866638,0.7780684567178556,0.7430991206639248,0.7493428558888939,2029601
2019-08-27,0.7805660963058472,0.7843121703418264,0.7743214237161719,0.7755698371499455,2395799
2019-08-28,0.7793169021606445,0.7843122761473593,0.7755699417761174,0.780566201606026,1354262
2019-08-29,0.7980508208274841,0.8030461945042237,0.7780684402773874,0.7793168538021078,1622054
2019-08-30,0.7980508208274841,0.7980508208274841,0.7980508208274841,0.7980508208274841,0
2019-09-02,0.8180332183837891,0.8217801786137042,0.8017969118050337,0.8017969118050337,1557416
2019-09-03,0.8205308318138123,0.8305224646408822,0.8155354583218303,0.8217801311354653,1904721
2019-09-04,0.8305224776268005,0.8317708911248675,0.8205308446435029,0.8217801439846898,1921437
2019-09-05,0.8417624831199646,0.8430108965572423,0.829273190013977,0.829273190013977,1871576
2019-09-06,0.836766242980957,0.8505048356797614,0.828023909565709,0.8442601629305344,2420901
2019-09-09,0.8555002212524414,0.856749520578926,0.8367662548475031,0.840513214875429,2530808
2019-09-10,0.8929672837257385,0.9017096174167775,0.8567495354565285,0.8567495354565285,5298279
2019-09-11,0.8904696106910706,0.8967142835511098,0.8804779256813343,0.8954649321117548,2255071
2019-09-12,0.8779802918434143,0.8992119717837139,0.8704872573746296,0.8942165459932975,3185959
2019-09-13,0.8842250108718872,0.8879720233311039,0.8779803374960107,0.8792296890385676,1352911
2019-09-16,0.8817272782325745,0.8904696118139801,0.8779802660781523,0.8842249389460661,1875314
2019-09-17,0.8692378997802734,0.8829764922231002,0.8555001931805272,0.8742341589707394,2315796
2019-09-18,0.9042072296142578,0.9104519022252036,0.8654918226788835,0.8692378967276225,7523061
2019-09-19,0.8717356324195862,0.9117012776407715,0.8679895061637092,0.9054566048652599,6616631
2019-09-20,0.8692378997802734,0.8829764922231002,0.8617448658134035,0.8742341589707394,4770528
2019-09-23,0.891718864440918,0.9017096115722549,0.8842249443035056,0.8867226050321304,4246032
2019-09-24,0.9204437136650085,0.9216921272750545,0.9017096932507966,0.9017096932507966,6099415
2019-09-25,0.9079542756080627,0.9191942698612571,0.8967142813548684,0.9166966091570323,4683287
2019-09-26,0.9029589295387268,0.9166966899233593,0.9004612686144435,0.9067051082746147,4074329
2019-09-27,0.9154473543167114,0.9304343605856626,0.9029588424658779,0.9029588424658779,5861142
2019-09-30,0.9304343461990356,0.9404259267297939,0.9166965873515602,0.9166965873515602,7119791
2019-10-01,0.9104519486427307,0.9329320416704086,0.9054566271666283,0.9254389552394171,4569138
2019-10-02,0.9191944003105164,0.9216921655860528,0.9029589781279543,0.9067051570654282,3144953
2019-10-03,0.9029589295387268,0.9291860367132331,0.8967143603606357,0.9154474425938348,4004658
2019-10-04,0.9104519486427307,0.9166966215720483,0.9054566271666283,0.9092035351410569,3452498
2019-10-07,0.9216920733451843,0.9554129954671527,0.8979627324096838,0.9079543135961516,11620553
2019-10-08,0.922941267490387,0.9279365888202953,0.9004611751206159,0.9166965947438271,7048601
2019-10-09,0.9079542756080627,0.9491682826486855,0.9042072634675429,0.9204436212975522,7503307
2019-10-10,0.8904696106910706,0.9079542778318332,0.8767318514831682,0.9079542778318332,6008429
2019-10-11,0.9241896867752075,0.9479190264942204,0.8954649214779948,0.909203514257444,12934271
2019-10-14,0.8754826188087463,0.9266882075941054,0.8567495378688679,0.9154473793918962,6834114
2019-10-15,0.8879719972610474,0.8979627448512127,0.8817273240685088,0.8879719972610474,3983700
2019-10-16,0.8704872727394104,0.880477968171327,0.8604956393559174,0.8754826465095791,5532702
2019-10-17,0.8767318725585938,0.8804779468468104,0.8567495442271414,0.8729849124272433,2604868
2019-10-18,0.9017096161842346,0.9179458700390654,0.8979627082047829,0.9117013013182139,5892782
2019-10-21,0.9404260516166687,0.9429237125931665,0.9029589484153963,0.9129498007550831,9103388
2019-10-22,0.9329320192337036,0.9516659333542741,0.9279365936609016,0.9429235998971556,6513640
2019-10-23,0.9416744112968445,0.946670670915277,0.9354306760806432,0.9379283369140707,4053217
2019-10-24,0.9554130434989929,0.9691508039386691,0.9416744493245476,0.9429236966590776,7504917
2019-10-25,0.9791423082351685,0.981639968972042,0.9516659557928022,0.9516659557928022,5145763
2019-10-28,1.0003730058670044,1.0016223572647638,0.9703999319556103,0.9828883393083717,2679068
2019-10-30,1.0091153383255005,1.0228539307995128,0.9841375856887947,0.9941283324062441,5843012
2019-10-31,0.997875452041626,1.017857781366137,0.9891331178266246,1.0078670335712592,4024153
2019-11-01,0.9828883409500122,1.0028707723860388,0.9666529215451889,0.9978753469064908,2537304
2019-11-04,0.9891331791877747,0.9991247613372385,0.9828885054798916,0.9828885054798916,2439556
2019-11-05,0.9554130434989929,0.9741461258072508,0.9554130434989929,0.9654037914530024,6505954
2019-11-06,0.9504166841506958,0.9579106041204164,0.9466706100089348,0.9466706100089348,4978554
2019-11-07,0.9554130434989929,0.9591591180330447,0.9454214618102145,0.951666031013326,6791694
2019-11-08,0.9554130434989929,0.9579107044332837,0.9479191227445053,0.9566614570987538,4579001
2019-11-11,0.9566614031791687,0.9629060762471626,0.9504167301111749,0.9541637423856517,3975594
2019-11-12,0.9529152512550354,0.9616575844046092,0.9491682392856987,0.955412911845154,4564875
2019-11-13,0.946670651435852,0.9554129852571693,0.9441729906538182,0.9529153244751355,3645103
2019-11-14,0.939176619052887,0.9504166123148097,0.9316835333842023,0.9504166123148097,3529603
2019-11-15,0.9416744112968445,0.9479190844646231,0.939176750463417,0.939176750463417,6074950
2019-11-18,0.9579106569290161,0.9616576692288628,0.9441730013874574,0.9454214149253076,9265396
2019-11-19,0.9691506624221802,0.9778929954998632,0.9579105645580867,0.9616575764966105,12390203
2019-11-20,0.9728977084159851,0.9966270504519635,0.9654037876907022,0.9791423818116065,13923476
2019-11-21,0.9616576433181763,0.9866353971347115,0.9604082918624197,0.9766437119938038,14357476
2019-11-22,0.954163670539856,0.9691506763408821,0.9466705845066725,0.967901324953995,12301289
2019-11-25,0.9429236650466919,0.9691507714469957,0.9379283433455831,0.9666530063795986,12076547
2019-11-26,0.9504166841506958,0.9566613569167083,0.9316836038041753,0.9416743507119487,9919476
2019-11-27,0.981640100479126,0.9928802006018831,0.9516660832843661,0.9554130959758407,47605866
2019-11-28,1.022853970527649,1.0403387419680095,0.9853860374069024,0.9853860374069024,59508358
2019-11-29,1.050329566001892,1.0690634818259588,1.0266002241507837,1.0303471323758109,46590026
2019-12-02,1.0965389013290405,1.1090282480589928,1.0553248908549597,1.0553248908549597,27599845
2019-12-03,1.1102774143218994,1.1489929273223243,1.0815518147234011,1.0927927470438912,29145522
2019-12-04,1.1414998769760132,1.1427482905130744,1.0952904423744358,1.1127751102047907,23039149
2019-12-05,1.1252636909484863,1.1564869541574905,1.1190198511980938,1.1539892931971167,19100473
2019-12-06,1.131508231163025,1.141499811779322,1.1015350525666574,1.1265128056137985,14631358
2019-12-09,1.1852115392684937,1.231420973586103,1.119019776434476,1.1365044441573835,56674772
2019-12-10,1.1552375555038452,1.2289233448062966,1.1477445729281495,1.190206996077461,36263654
2019-12-11,1.1340059041976929,1.1564868305585148,1.1277620651146076,1.1552374791276157,12176241
2019-12-12,1.1402506828308105,1.1577353514758115,1.1327575958383034,1.1327575958383034,15734019
2019-12-13,1.1277621984481812,1.161482289265637,1.1215175248921092,1.1489930463703415,14458675
2019-12-16,1.148992896080017,1.1764691434822458,1.1340058899394685,1.1352551371378243,25440688
2019-12-17,1.131508231163025,1.1677268120269009,1.1265128056137985,1.161482139277237,16644439
2019-12-18,1.0990363359451294,1.1252634375935324,1.0877963430699151,1.1252634375935324,14659715
2019-12-19,1.0790542364120483,1.1052812393322897,1.0740589145706088,1.0990365659462624,10684107
2019-12-20,1.0840504169464111,1.1002858370451354,1.0703118238510905,1.0753080832788464,12581086
2019-12-23,1.0927927494049072,1.1077789222506453,1.084050415747015,1.090294150718023,13833911
2019-12-24,1.119019865989685,1.1352552877478026,1.0952905232997643,1.0952905232997643,18073881
2019-12-25,1.1227657794952393,1.1327574642034706,1.1177704582252916,1.1240151308968942,6396096
2019-12-26,1.1327574253082275,1.1527397518702251,1.1227657409430782,1.1265127528510468,14711914
2019-12-27,1.126512885093689,1.1439975531590199,1.1227658727458543,1.139002231474189,7932953
2019-12-30,1.1252636909484863,1.1390022852664026,1.1227659257712654,1.1352552727416059,8911483
2019-12-31,1.1327574253082275,1.1464950794130446,1.1240150923018346,1.127761999992973,10684961
2020-01-02,1.1627315282821655,1.163979941788281,1.1340059284882633,1.1340059284882633,22714685
2020-01-03,1.1352550983428955,1.1752198561232508,1.094041093406875,1.1552374251246575,21171437
2020-01-06,1.1115258932113647,1.12776214794694,1.092792811333653,1.12776214794694,12989592
2020-01-07,1.119019865989685,1.1302599657610253,1.1152729576322078,1.1152729576322078,16093686
2020-01-08,1.0952903032302856,1.1090280612347772,1.0378400474683545,1.0378400474683545,9439339
2020-01-09,1.1439976692199707,1.1452469166352863,1.1190199118765056,1.1240153382849751,12572049
2020-01-10,1.148992896080017,1.1589844766796638,1.1390021492150484,1.145246717737471,15498574
2020-01-13,1.177717685699463,1.1814646981863277,1.158984603385216,1.1639800294722409,17451532
2020-01-14,1.1789668798446655,1.185211552984888,1.1527398779567808,1.181464644883913,17502044
2020-01-15,1.1839622259140015,1.1964515713527353,1.1689752198211898,1.1764691397349334,19530707
2020-01-16,1.1902070045471191,1.2126869946026064,1.18021625682492,1.192704665423458,23917145
2020-01-17,1.1864598989486694,1.211438590086787,1.1627314971863194,1.1952022324133396,22270822
2020-01-20,1.2051939964294434,1.2164339913122177,1.1839623160017454,1.1852115632911773,20785674
2020-01-21,1.2051939964294434,1.220181003662617,1.1939538973298267,1.202696231368476,20856171
2020-01-22,1.1739716529846191,1.2064433306344424,1.1689753929848432,1.20394473165873,20482658
2020-01-23,1.1802161931991577,1.1902069403827533,1.1677268473223301,1.1727222730225468,16248218
2020-01-24,1.1789668798446655,1.2014469736315756,1.1652292242372253,1.1877093180241354,17977498
2020-01-27,1.2314209938049316,1.2476564145302986,1.1702245515531247,1.1789668855581197,33029094
2020-01-28,1.2826259136199951,1.3413245982832478,1.2489058205975534,1.2489058205975534,44722510
2020-01-29,1.2826259136199951,1.3088529189694131,1.2713859173514663,1.3026091829566937,19794012
2020-01-30,1.2189315557479858,1.2863726660958112,1.2089408089448366,1.2788795799392407,14817509
2020-01-31,1.2301716804504395,1.2414125084209595,1.218931581997774,1.227673915533237,11358571
2020-02-03,1.2264255285263062,1.2351679664673363,1.2151855340478295,1.2301717070072182,9827615
2020-02-04,1.2601455450057983,1.2651409704490666,1.2339185453145198,1.2364162059277377,11632684
2020-02-05,1.2501548528671265,1.2776303714129817,1.2501548528671265,1.267639624307487,10650339
2020-02-06,1.2476563453674316,1.2688880245364347,1.2451586846713776,1.2663902596235443,9228723
2020-02-07,1.243910312652588,1.2576479680229686,1.238914053142419,1.2489056342111997,8888691
2020-02-10,1.195202350616455,1.2576480424691476,1.1714739465074135,1.2476564608089178,15282561
2020-02-11,1.2051939964294434,1.2301717512559596,1.1802162416029274,1.2189316521563427,13170619
2020-02-12,1.2051939964294434,1.2176832386016496,1.1964516623907941,1.2176832386016496,7418712
2020-02-13,1.2114386558532715,1.2114386558532715,1.1939538837578838,1.2051939827297318,9298793
2020-02-14,1.2014468908309937,1.2289232423206904,1.200198477373194,1.2226785696108347,8047928
2020-02-17,1.2276740074157715,1.2301717725199135,1.2039446657337785,1.2039446657337785,10104395
2020-02-18,1.2139363288879395,1.230171749654673,1.2051939948606698,1.2289233361016048,10170055
2020-02-19,1.2126868963241577,1.2276739025360528,1.2026961494116275,1.2201809205142815,7731451
2020-02-20,1.1464952230453491,1.2114386783509785,1.1302599063573682,1.2051940051114687,11442879
2020-02-21,1.1852115392684937,1.1939538731299473,1.1115258561024117,1.1177705291703648,17657997
2020-02-24,1.1727222204208374,1.1827138008909717,1.1190197030286797,1.1190197030286797,10213931
2020-02-25,1.158984661102295,1.1939540002719309,1.1539893389833507,1.1752200832899713,9069053
2020-02-26,1.158984661102295,1.1677269958947039,1.1365045651816814,1.152739987369358,8742251
2020-02-27,1.126512885093689,1.1602329739357737,1.1177705510610234,1.1527398871916852,6357659
2020-02-28,1.131508231163025,1.1677268120269009,1.0253517124901168,1.074058805118641,13477212
2020-03-02,1.151490569114685,1.1714738347455314,1.135255149336011,1.1552374770153344,2879849
2020-03-03,1.1764692068099976,1.2176832153729136,1.1652292121416392,1.1802162190889183,10274586
2020-03-04,1.1702245473861694,1.1989493143502228,1.1614822134123044,1.1864599680537251,3662421
2020-03-05,1.1552375555038452,1.1864599837053984,1.146495221414652,1.1852115701434875,10200400
2020-03-06,1.119019865989685,1.1589846304377234,1.1127751924219704,1.1577353830736345,6117496
2020-03-09,1.0241023302078247,1.0915434390527594,0.9741459918844775,1.0653163353787942,12560184
2020-03-10,1.0016224384307861,1.0740588753791895,0.9778930972971264,1.0478317691991055,16199869
2020-03-11,1.0016224384307861,1.0016224384307861,1.0016224384307861,1.0016224384307861,0
2020-03-12,0.8742341995239258,0.956661380897458,0.8567495322081413,0.956661380897458,7165970
2020-03-13,0.8467578887939453,0.9004611894243335,0.8192815888147117,0.8392648024632212,25574780
2020-03-16,0.7618321776390076,0.7992992254283152,0.7618321776390076,0.7868107653216857,6366563
2020-03-17,0.738102912902832,0.7580852952792576,0.6856488530277197,0.7443475344097502,9113006
2020-03-18,0.7281121015548706,0.7718238230151546,0.6943911274956224,0.7143735081408369,8342271
2020-03-19,0.7256144285202026,0.746845223862633,0.7106274207520259,0.7381028895119016,4414256
2020-03-20,0.7543390989303589,0.755587512454012,0.7293605109901589,0.7406005055934677,9636984
2020-03-23,0.7455967664718628,0.7755698944045977,0.711875792540324,0.7181204655909977,17731091
2020-03-24,0.7830638289451599,0.7880592027175312,0.7580852405054128,0.7580852405054128,18891159
2020-03-25,0.7693260908126831,0.8005485174495469,0.761832170660953,0.7968015052652629,11793502
2020-03-26,0.8142862915992737,0.8292732993997634,0.7680768545958543,0.7680768545958543,13102229
2020-03-27,0.7693260908126831,0.8242778576693826,0.7693260908126831,0.8242778576693826,12241992
2020-03-30,0.7705745697021484,0.7830638644889188,0.7555875618616091,0.7705745697021484,8576386
2020-03-31,0.7893084287643433,0.7955531013482164,0.775569836429326,0.775569836429326,10738084
2020-04-01,0.7830638289451599,0.7968015367136536,0.7718238341170623,0.7793168687214088,8805153
2020-04-02,0.7793169021606445,0.7943039099639827,0.771823867234784,0.7880592365318865,8253385
2020-04-03,0.7955531477928162,0.8092908550867709,0.7818145546557362,0.7818145546557362,12379500
2020-04-06,0.8505048155784607,0.8555001889008567,0.800548476933689,0.805543850256085,16588243
2020-04-07,0.838015615940094,0.8942165813456845,0.833020242060608,0.864242618490841,12443165
2020-04-08,0.836766242980957,0.8505048356797614,0.8205308233508112,0.836766242980957,8597680
2020-04-09,0.8629933595657349,0.8779803147372373,0.8392648519546327,0.848007238128974,12164985
2020-04-10,0.8654918670654297,0.8729849013902636,0.8517532739662707,0.8667402805674803,6625402
2020-04-13,0.8654918670654297,0.879229626429885,0.8567495333954224,0.860495607636278,10013346
2020-04-14,0.8879719972610474,0.892967318947709,0.8654919032858048,0.8692379776834316,13275493
2020-04-15,0.8642426133155823,0.9067050887774998,0.8542509797732674,0.8967143410783545,18238423
2020-04-16,0.8692378997802734,0.876731819590224,0.8530025325610426,0.8754825724131498,8564941
2020-04-17,0.8804779052734375,0.8917188372451473,0.8742341705096479,0.8804779052734375,13342924
2020-04-20,0.9079542756080627,0.9216920347823184,0.8867225963696039,0.8904696085101238,13849332
2020-04-21,0.8967143893241882,0.9079543849307395,0.88672270313587,0.9079543849307395,9437141
2020-04-22,0.9017096161842346,0.9154473755629611,0.8979627082047829,0.9004612026808871,6163080
2020-04-24,0.9042072296142578,0.9154473276634624,0.8967142477821187,0.9042072296142578,8657579
2020-04-27,0.922941267490387,0.9254389281553411,0.9117012734139188,0.9117012734139188,8625365
2020-04-28,0.9429236650466919,0.9566614250257971,0.9216920887811824,0.9254389969243846,10933797
2020-04-29,0.9591591358184814,0.9679014703348368,0.9491683876792163,0.9554130612149673,9404850
2020-04-30,0.9679014086723328,1.0103647691428164,0.9366789809343106,0.965403747850848,43336846
2020-05-04,0.9891331791877747,1.0303471919249956,0.9504168275000051,0.9591591622573395,56785911
2020-05-05,0.9529152512550354,1.007866910742597,0.9341812335766696,1.0028707558277057,17800300
2020-05-06,0.9329320192337036,0.9479190254699575,0.9191942602037831,0.9441729513203243,11447681
2020-05-07,0.9454213976860046,0.9591590529770637,0.9316836381781064,0.9316836381781064,8152025
2020-05-08,0.9429236650466919,0.9629060982363964,0.9404260041961375,0.9491683382572912,10267383
2020-05-11,0.936678946018219,0.9504167053253384,0.9341812852898382,0.9454213838685769,6200173
2020-05-12,0.946670651435852,0.9516659729999197,0.935430656832501,0.9391767311381927,10238410
2020-05-13,0.9454213976860046,0.9579106394619777,0.9416743854544828,0.9491683057006873,13229433
2020-05-14,0.935430645942688,0.9479190539243131,0.9316836337290593,0.9441729796622315,9769907
2020-05-15,0.9379282593727112,0.9441729320242239,0.934181247348137,0.9379282593727112,7867979
2020-05-18,0.9728977084159851,0.9866354688021235,0.9429236929843852,0.9429236929843852,24251234
2020-05-20,0.977893054485321,0.9953777216953434,0.9703999681077765,0.9841376231532593,19020085
2020-05-21,0.966653048992157,0.9853861314981736,0.9616577270708414,0.9816400569245759,11582928
2020-05-22,0.9654037952423096,0.9828884640194356,0.9541637999096522,0.9654037952423096,10563042
2020-05-27,0.9991246461868286,1.0078669799365978,0.9753953056991139,0.9753953056991139,18184873
2020-05-28,0.9941282868385315,1.0128623039209768,0.9841375405790265,1.0028707239268442,13884948
2020-05-29,0.9953778386116028,1.0091154952706993,0.9778931693478455,0.9941284870205511,13099611
2020-06-01,1.0678141117095947,1.0902940994387769,0.9953776809011411,0.9953776809011411,49874804
2020-06-02,1.1602329015731812,1.172722247174733,1.0778057218069985,1.0778057218069985,116029655
2020-06-03,1.1140234470367432,1.1814645571225555,1.1077788785772202,1.1789667922688465,35270326
2020-06-04,1.1340059041976929,1.1589844912519522,1.0753080640473405,1.1115258115715596,47707730
2020-06-05,1.1090282201766968,1.1452468036987538,1.092792799353853,1.1427483091145072,23679747
2020-06-08,1.1165212392807007,1.1302598321562183,1.107778905753004,1.1115258136675699,17255749
2020-06-09,1.1015350818634033,1.1290104963074843,1.0965388224466155,1.1165212546928238,12511016
2020-06-10,1.1527398824691772,1.1864599711731187,1.1077789652014676,1.1102774597683855,93267216
2020-06-11,1.1577352285385132,1.201446895509372,1.1390021482875088,1.1477444816816804,51195417
2020-06-12,1.1539891958236694,1.165229190281158,1.1390021891575568,1.1439975106567997,16429637
2020-06-15,1.1365044116973877,1.1539891831377482,1.1315082565183607,1.1452467453091493,11503100
2020-06-16,1.1689751148223877,1.1914560388096782,1.1477443758686905,1.155237357157895,25170887
2020-06-17,1.1627315282821655,1.1789668442214516,1.1539891945836922,1.1789668442214516,8789585
2020-06-18,1.1764692068099976,1.1802162190889183,1.1589845390662394,1.1702245337345976,10084270
2020-06-19,1.1827137470245361,1.2264254114735553,1.1677267417608315,1.1852114075404392,34588981
2020-06-22,1.1852115392684937,1.211438645069695,1.1827138784749929,1.1989492989337889,21926044
2020-06-23,1.1964515447616577,1.2101891991379394,1.1877092115825107,1.198949205360225,21561813
2020-06-24,1.2201809883117676,1.2613949971423841,1.1977008946121939,1.202696216237599,46108027
2020-06-25,1.2026962041854858,1.2301717234519756,1.1952022838709049,1.2289233099254988,12345032
2020-06-26,1.2164340019226074,1.2376656825354995,1.2051940069417917,1.215185588357025,12686562
2020-06-29,1.2176833152770996,1.226425649866239,1.1864600515552444,1.1864600515552444,12096560
2020-06-30,1.2401632070541382,1.247656293044902,1.2189315287755207,1.2239277879096282,20825784
2020-07-01,1.2901196479797363,1.3188444145334026,1.2364162934067822,1.2464079787349136,45339210
2020-07-02,1.2926173210144043,1.33133356170779,1.2838748835706402,1.3063549754657746,27188924
2020-07-03,1.2813774347305298,1.3113514513675957,1.2676397780087492,1.2951151956691602,14463785
2020-07-06,1.3288358449935913,1.337578177851431,1.293866513562232,1.3001102479618463,33931303
2020-07-07,1.4200055599212646,1.4449841487717479,1.3026090374438237,1.3300844534326037,79500897
2020-07-08,1.3925299644470215,1.4387393942802875,1.3787913723802507,1.4362416295123395,23229451
2020-07-09,1.3325819969177246,1.4137607621154236,1.3300843362646995,1.3987746939804384,20412581
2020-07-10,1.3051066398620605,1.3150973871236076,1.2489056251462152,1.3113513128491976,14071988
2020-07-13,1.3750452995300293,1.3800406206362945,1.3238396106017525,1.3238396106017525,13082489
2020-07-14,1.358809232711792,1.398774829315156,1.346320719804705,1.3800408093523917,11643107
2020-07-16,1.3613067865371704,1.3862853736393999,1.3575607123571647,1.368800706583399,8392440
2020-07-17,1.370049238204956,1.3912809192233038,1.3550630642896169,1.3613069039231014,13336974
2020-07-20,1.3900325298309326,1.4112632732672483,1.361306927620111,1.367551601097062,17190033
2020-07-21,1.4150100946426392,1.468713341338373,1.3850360828696562,1.398774675313633,49711410
2020-07-22,1.3875337839126587,1.443734797082235,1.3850361232202002,1.4337440500955652,22863603
2020-07-23,1.4125124216079712,1.4362417622897699,1.3900324324013817,1.392530093183403,18043760
2020-07-24,1.4075169563293457,1.4200053631811624,1.3950276115260667,1.4025206973238884,10039967
2020-07-27,1.4474818706512451,1.4911935400457454,1.4050185105717852,1.4050185105717852,33730424
2020-07-28,1.436241865158081,1.523665313849206,1.4312456052846323,1.44997962574418,40849627
2020-07-29,1.4587217569351196,1.4924418426784707,1.3987746715039229,1.437490078473056,23425703
2020-07-30,1.4512288570404053,1.4699619393411265,1.4412372753556466,1.4612196049903952,4197781
2020-08-04,1.3200936317443848,1.4787041551594948,1.306355038676747,1.4587218271265219,28611030
2020-08-05,1.2988618612289429,1.3488183031111654,1.273883275528925,1.322591199782627,14037023
2020-08-06,1.1764692068099976,1.3026089975120654,1.1727222987479171,1.3026089975120654,17008201
2020-08-07,1.2389140129089355,1.2926173655093955,1.0865480603216358,1.1539891720631854,19084107
2020-08-10,1.2701373100280762,1.2863727303427084,1.2039446098302602,1.2326702099046127,10161074
2020-08-11,1.397525429725647,1.397525429725647,1.3388267531296423,1.3388267531296423,17341380
2020-08-12,1.4637173414230347,1.5261629279870266,1.4362418210937935,1.4487303339488966,38685857
2020-08-13,1.5598828792572021,1.6098393232410788,1.4637172118019424,1.4662148724650421,50790474
2020-08-14,1.4787042140960693,1.5586345715821148,1.4662149719813748,1.5361536439685077,19328960
2020-08-17,1.4312454462051392,1.53115823076423,1.4212546992550918,1.53115823076423,18863418
2020-08-18,1.482451319694519,1.5036830013601934,1.4237526388454973,1.4362418817459262,22204791
2020-08-19,1.4737088680267334,1.5099266169694912,1.4612195219020163,1.4849488626716183,9730357
2020-08-20,1.5161712169647217,1.5336558838293461,1.4549747787217004,1.4737087970059488,19427681
2020-08-21,1.4974381923675537,1.5423982746706644,1.4849488463798604,1.533655940912957,11540613
2020-08-24,1.4949404001235962,1.5149227266454246,1.4849487157785326,1.4986864740725636,5763296
2020-08-25,1.4699618816375732,1.5049313218846148,1.4612195476300234,1.492441975539995,9462334
2020-08-26,1.4562242031097412,1.4874466305297975,1.4437348569610935,1.4687134450415487,4684701
2020-08-27,1.4699618816375732,1.482451227982193,1.4587218867947835,1.4774559063117132,6892354
2020-08-28,1.4649664163589478,1.4899441686480832,1.451228657810765,1.4737087495095018,8407420
2020-08-31,1.425001621246338,1.4762063716535578,1.417507701718828,1.4699616992560387,7067249
2020-09-01,1.406267762184143,1.4274993364991972,1.385036083652256,1.4237524287002077,6968402
2020-09-02,1.4162594079971313,1.4487302481724034,1.3825384868516042,1.403770062146746,10067190
2020-09-03,1.4025208950042725,1.4662149992260183,1.3900324863922584,1.420005563325949,10391080
2020-09-04,1.406267762184143,1.41625934262006,1.3937784169102883,1.4012723367251003,4559023
2020-09-07,1.4212548732757568,1.4362418813789635,1.398774882205189,1.4075172167513526,10116176
2020-09-08,1.4237525463104248,1.4524772090784503,1.4112632000048775,1.4225031948125035,9676807
2020-09-09,1.454974889755249,1.501184325330924,1.4250018130319722,1.4250018130319722,26413436
2020-09-10,1.4399880170822144,1.4724596933051706,1.4374902519510575,1.4612195938896968,8264186
2020-09-11,1.4449840784072876,1.4662149243122293,1.4362417446931242,1.439987923169739,10305477
2020-09-14,1.4574726819992065,1.467464263583027,1.4449841690252476,1.4512288423796074,8587180
2020-09-15,1.468713402748108,1.4949405078208242,1.4562241611759439,1.4637172475651579,11541005
2020-09-16,1.5211676359176636,1.5461453916334422,1.4737089516843849,1.4737089516843849,24510388
2020-09-17,1.5611321926116943,1.5736214335742127,1.5061804286413711,1.5086780892435767,16684213
2020-09-18,1.5773677825927734,1.5923546857799786,1.5374030200774234,1.5648792697960752,12953136
2020-09-21,1.5086781978607178,1.5736215468669439,1.504931289820322,1.5324075385425464,13444816
2020-09-22,1.558634638786316,1.569874738318816,1.5061806325342884,1.5061806325342884,10930654
2020-09-23,1.5523898601531982,1.5723721871486056,1.542398175571333,1.5611321933492093,9580704
2020-09-24,1.556136965751648,1.563630052731206,1.5336560373434454,1.5511407059582296,5083575
2020-09-25,1.5523898601531982,1.5936038655298677,1.547394434729595,1.5573851813599693,13063246
2020-09-28,1.6348180770874023,1.6860228355523152,1.5498922908031298,1.552390055938362,27759501
2020-09-29,1.6585464477539062,1.7172451220565461,1.611088601470574,1.6548002693376072,22941856
2020-09-30,1.8383896350860596,1.8408872958625562,1.651053404562793,1.6822758317384319,50338099
2020-10-01,1.6947650909423828,1.9133236466644898,1.6885204178529412,1.898336639683511,50586697
2020-10-02,1.6785297393798828,1.7172452550890431,1.6685381578094924,1.7110005817430771,21176302
2020-10-05,1.6972628831863403,1.7259876521044322,1.686022887622244,1.7047569083413958,14320201
2020-10-06,1.6835249662399292,1.7110003793264597,1.6835249662399292,1.6947649600655625,11621610
2020-10-07,1.6722850799560547,1.6947650690529705,1.6672888204648295,1.6810274137346768,8547938
2020-10-08,1.6810274124145508,1.7110004880142753,1.6660404056389122,1.6847734866990058,14395094
2020-10-09,1.6835249662399292,1.6935157128936245,1.6772802936327273,1.6847733796772069,5569662
2020-10-12,1.6860226392745972,1.6985119845810437,1.678529553174896,1.68852029990222,8082529
2020-10-13,1.7846862077713013,1.8084155474295887,1.6822757628984446,1.6922673435471236,35755139
2020-10-14,1.7622061967849731,1.7809393833339204,1.7459699416555718,1.7809393833339204,19916113
2020-10-15,1.723489761352539,1.7784415266507967,1.7209919964731417,1.7696991932476533,16179492
2020-10-16,1.7222415208816528,1.7434722639469973,1.714747600189714,1.7297346078388298,5531008
2020-10-19,1.7447214126586914,1.7634545979686296,1.7184944112972134,1.7272367450843726,7284984
2020-10-20,1.7659530639648438,1.7771930583428117,1.7484683966728096,1.7672015816803062,11482555
2020-10-21,1.747219204902649,1.7734461024564006,1.74347219260159,1.7684507808339285,6466684
2020-10-22,1.7222415208816528,1.755961506465824,1.715996847513817,1.7459699248604412,5166700
2020-10-23,1.6972628831863403,1.7359792340381617,1.657298222921001,1.7234899911089092,7254366
2020-10-26,1.5786168575286865,1.7060050517347323,1.5723721849448136,1.7060050517347323,12181911
2020-10-27,1.6435604095458984,1.6860228336646903,1.5448961335019689,1.57112313636835,8080156
2020-10-28,1.5848615169525146,1.6560485952640838,1.573621419045373,1.6498039227320638,2127412
2020-10-30,1.558634638786316,1.6772805159800337,1.5211676403446481,1.5361537102033906,20134401
2020-11-02,1.5773677825927734,1.598599359045702,1.5511406759609532,1.5548876883540743,7870786
2020-11-03,1.5823638439178467,1.6098393624837268,1.554887595834105,1.581114596688505,7636447
2020-11-04,1.6822758913040161,1.723489900996492,1.654800371187634,1.691018225415498,36635410
2020-11-05,1.6897698640823364,1.707254532845763,1.6835251906427606,1.6960145375219122,10247727
2020-11-06,1.698512077331543,1.702258151610205,1.6672888165772546,1.6947650651013297,7860020
2020-11-09,1.7647037506103516,1.7809392752363826,1.713499099079029,1.719742834176343,32780720
2020-11-10,1.8321449756622314,1.8646166503345423,1.7359790946933387,1.7359790946933387,36732339
2020-11-11,1.950790286064148,2.0019959707265684,1.855873982110908,1.8733586466945218,46862144
2020-11-12,1.8558745384216309,1.9707734101788847,1.8259005209596062,1.9607825573701894,37402456
2020-11-13,1.8608696460723877,1.8958389816903474,1.8296471143136444,1.8733589922697755,15935773
2020-11-16,1.8771048784255981,1.9283105702432557,1.8708612477746087,1.8783542298568126,22488963
2020-11-17,1.8858473300933838,1.9545376932415495,1.8583720185688588,1.9358036736097517,31556511
2020-11-18,1.8883458375930786,1.9283104914008629,1.8746071410848941,1.9045811525248915,22591149
2020-11-19,1.9058305025100708,1.9457951562886033,1.8608694853829835,1.8908434968010417,25037523
2020-11-20,1.9170706272125244,1.9795154811699631,1.9070789420011605,1.9208165972694458,36133776
2020-11-23,1.955786108970642,2.0244762601011255,1.9070789110714401,1.942048245491485,51202788
2020-11-24,1.9532884359359741,1.9945024429809621,1.9395505725434268,1.9607822517841347,22602678
2020-11-25,1.9120742082595825,1.9732707511521317,1.908328238310928,1.9645284176580062,12562494
2020-11-26,1.8983367681503296,1.9370531186238893,1.8933414462080886,1.914573127715328,8869350
2020-11-27,1.974519968032837,2.0656905269363492,1.8883459812954373,1.9033319459875433,71609601
2020-11-30,1.8683627843856812,1.9607824949220667,1.8633674623572802,1.9607824949220667,23546712
2020-12-01,1.9620307683944702,2.0107385912605245,1.8796035880850375,1.8796035880850375,45126333
2020-12-02,1.9570353031158447,2.005742502287697,1.9395506354489727,1.9607823153782884,20801032
2020-12-03,2.0107386112213135,2.063192613012224,1.952039936526479,1.952039936526479,33341252
2020-12-04,1.9720224142074585,2.0244764199799725,1.9682754017470063,2.009489620740309,8908403
2020-12-07,1.960782527923584,2.001996540772793,1.9495425320862565,1.9582848668673458,10993514
2020-12-08,1.9682750701904297,2.01698226373144,1.9632797491969265,1.9632797491969265,13317045
2020-12-09,1.979515552520752,2.0082402155572567,1.9682753491743845,1.9682753491743845,9909886
2020-12-10,1.9682750701904297,2.001996092317274,1.9645282667948187,1.9882576047663776,8484364
2020-12-11,2.066939115524292,2.116895464419852,1.9595332259409732,1.9670272514680034,47682649
2020-12-14,2.0894198417663574,2.1456198140874045,2.083175168804378,2.116895152197006,19014765
2020-12-15,2.086921215057373,2.1081528954697686,2.0706858984980503,2.1081528954697686,8430947
2020-12-16,2.054450511932373,2.134380041379736,2.054450511932373,2.0919177198622885,10315424
2020-12-17,2.1143972873687744,2.140624285976684,2.0669386111730472,2.083174967740773,11559156
2020-12-18,2.2917418479919434,2.3292088405398546,2.1106503071031293,2.1181443309136916,74905299
2020-12-21,2.2180564403533936,2.339200807817621,2.148117767893526,2.2455327940348098,41588323
2020-12-22,2.243034839630127,2.281751186749276,2.223052511423969,2.22555017217869,13549725
2020-12-23,2.248030424118042,2.287995081500036,2.2355410778730147,2.2630174311783926,14510643
2020-12-24,2.259270191192627,2.3092265289699614,2.241785525078975,2.2717595361790375,16136330
2020-12-25,2.258021831512451,2.3416983644380536,2.25677268849277,2.274257355829494,30390493
2020-12-28,2.2330431938171387,2.280501871069001,2.2305455332515103,2.2730086809384544,10579429
2020-12-29,2.2442831993103027,2.2680125380616714,2.226798533090169,2.234292348561314,8787730
2020-12-30,2.239288330078125,2.256772999826955,2.214310468646888,2.244283652243927,15291136
2020-12-31,2.2255501747131348,2.2492795151625913,2.2105631679993523,2.2492795151625913,7328804
2021-01-04,2.3154714107513428,2.3466937338711493,2.226798720802275,2.2280480722811635,48243972
2021-01-05,2.332956075668335,2.429121747871061,2.249279541132345,2.3167207594725134,32376134
2021-01-06,2.3204665184020996,2.39165453409418,2.3142218459201658,2.3704228560892657,9213386
2021-01-07,2.332956075668335,2.384160935644282,2.3167207594725134,2.32920906340453,14325171
2021-01-08,2.357933759689331,2.372920766792182,2.3142220898761896,2.339200782437079,14883981
2021-01-11,2.4053924083709717,2.4128864329023925,2.329209064589126,2.376667746060125,20831293
2021-01-12,2.3879077434539795,2.5327806150876877,2.3816630703933646,2.4291217519193187,25244135
2021-01-13,2.3866593837738037,2.452851040916265,2.3641783527963582,2.389157044511658,14707427
2021-01-14,2.417881727218628,2.480326581145347,2.3891570652316223,2.3941523867506525,20551783
2021-01-15,2.3666763305664062,2.4216288295606163,2.3516901570179427,2.4216288295606163,11559254
2021-01-18,2.3966498374938965,2.414134711880384,2.3429475304492366,2.3816628320817155,9030427
2021-01-19,2.41538405418396,2.4540995674459487,2.3904055708126526,2.4003970475346463,13937147
2021-01-20,2.4953136444091797,2.5202923369070693,2.432868789067596,2.435366449883703,19828200
2021-01-21,2.7301087379455566,2.7351040599035157,2.487820824192126,2.487820824192126,44641478
2021-01-22,2.80754017829895,2.907453071120863,2.732606186091975,2.742596829229759,55728162
2021-01-25,3.0897927284240723,3.0897927284240723,2.869985671449646,2.8749809926789,43496775
2021-01-26,2.9099507331848145,3.3345784956362743,2.9074530723992704,3.222177298842709,68151020
2021-01-27,2.7376015186309814,3.039836608490203,2.6926413315603117,2.909950743566061,39769219
2021-01-28,2.812535524368286,2.909950541601359,2.5777414609288,2.6851473290799586,47657680
2021-01-29,2.765078067779541,2.8974616028855054,2.7176193828143806,2.7875580586921007,25990769
2021-02-01,3.0398364067077637,3.0398364067077637,2.7975493606719275,2.8425093363245018,43141994
2021-02-02,3.049828290939331,3.289618542158443,3.0423353080509936,3.104780167059585,57168167
2021-02-03,3.0897927284240723,3.1897054060191126,3.032343199349006,3.1172688710879575,23700047
2021-02-04,3.049828290939331,3.1522388518578075,3.0173566140862564,3.147243321498555,17441158
2021-02-05,2.9973738193511963,3.0972864953776873,2.9973738193511963,3.0748056742959866,12534067
2021-02-08,3.152238607406616,3.202194949293581,2.914946035551952,3.022351910066829,42031556
2021-02-09,3.049828290939331,3.1897058506364404,3.0223521444455095,3.1722211817285135,22160684
2021-02-10,2.9998717308044434,3.0723082706562357,2.9973740700201494,3.0698106098719418,12849991
2021-02-11,2.947417736053467,3.012361085299914,2.947417736053467,3.009863424508651,10711008
2021-02-12,2.959906816482544,3.0273478204664217,2.9349281264753184,2.962404477049605,13083294
2021-02-15,2.964902639389038,3.044833001903734,2.964902639389038,3.007366002720387,14106323
2021-02-16,2.899959087371826,3.0323434481559457,2.8500035782100666,2.967400098173667,29532881
2021-02-17,2.959906816482544,2.9798891431873398,2.8799764674950534,2.9349281264753184,18992358
2021-02-18,2.959906816482544,3.014858475462809,2.8974611336327882,2.962404477049605,19999112
2021-02-19,2.937426805496216,3.014858665051278,2.924937668140889,2.9649023240636456,19678400
2021-02-22,2.9074532985687256,2.9798896356578943,2.8999592734607367,2.957409644670889,16286774
2021-02-23,2.8400120735168457,2.9698979480132985,2.7925533884193956,2.922440096650632,20681157
2021-02-24,2.687645435333252,2.9698980154446946,2.687645435333252,2.9224401630045,24462431
2021-02-25,2.8225271701812744,2.9099507164481806,2.660169632105429,2.777566149794875,40700723
2021-02-26,2.697636842727661,2.79754952681792,2.665165168289907,2.6851474966742797,18717006
2021-03-01,2.899959087371826,2.924937779904278,2.7201168782455096,2.802544896133139,16917726
2021-03-02,2.8050427436828613,2.8999592804205276,2.790055735599396,2.8999592804205276,11049227
2021-03-03,2.787557601928711,2.85250094522182,2.7650776146996754,2.850003284659517,8905155
2021-03-04,2.7500905990600586,2.820029263220981,2.7376012541260932,2.7850599311405198,9160571
2021-03-05,2.7600815296173096,2.7875578829088177,2.7251121938836143,2.7376015401223373,9869433
2021-03-08,2.7101259231567383,2.79255310416548,2.6951389166426245,2.777566097651366,10979122
2021-03-09,2.7500905990600586,2.7875575916936524,2.7101257374396717,2.7425965752323584,8452220
2021-03-10,2.7975497245788574,2.847505236420664,2.700134694379252,2.700134694379252,12146029
2021-03-11,2.7400991916656494,2.8300203999433955,2.7400991916656494,2.802544880479576,10138975
2021-03-12,2.7600815296173096,2.825024879456575,2.7376015401223373,2.755086207989185,11629436
2021-03-15,2.7500905990600586,2.7925529127999176,2.7276104034799022,2.760081241272589,7823053
2021-03-16,2.8425097465515137,2.8599946240775376,2.750091079111638,2.767575748203965,20456478
2021-03-17,2.775068521499634,2.9649024146168124,2.775068521499634,2.869985884925585,34249740
2021-03-18,2.8150339126586914,2.897461087156434,2.7750682177218566,2.7750682177218566,15202579
2021-03-19,2.7351038455963135,2.812535706985174,2.6701604965575174,2.8100378377682174,12908679
2021-03-22,2.4615931510925293,2.582736668407858,2.4615931510925293,2.4978110001894054,8521114
2021-03-23,2.52278995513916,2.5827369402190654,2.2580218637075307,2.3104760748992743,17548251
2021-03-24,2.61271071434021,2.6426847252166903,2.5028073973508476,2.5377767293173084,12747623
2021-03-25,2.5627548694610596,2.66266756347228,2.5477678611425265,2.6077158944166583,9722678
2021-03-26,2.60271954536438,2.6202042134095778,2.5227900213917476,2.5902310327329987,7995582
2021-03-29,2.667663097381592,2.835016807956863,2.6526760890438137,2.692641583567022,31522407
2021-03-30,2.5777416229248047,2.6676628302109213,2.5302829416363197,2.6676628302109213,11424455
2021-03-31,2.5352790355682373,2.597723674880063,2.5327803328876732,2.587733032830948,7797818
2021-04-01,2.5652523040771484,2.587733335655024,2.5352793322539933,2.5727463286592425,5388362
2021-04-02,2.610213279724121,2.6626672822140063,2.565252259517767,2.577741605492041,10645173
2021-04-05,2.690142869949341,2.782562573485483,2.6351912052937085,2.6351912052937085,25641343
2021-04-06,2.695138931274414,2.7301084743747452,2.630195583416803,2.690142776064011,10495513
2021-04-07,2.6601696014404297,2.740099122304021,2.6301955881950208,2.697636805346676,15905820
2021-04-08,2.617706537246704,2.685147548193174,2.607715685513346,2.6776543572847347,5799500
2021-04-09,2.5402746200561523,2.627697957894406,2.492815938895845,2.6177064810744017,5996312
2021-04-12,2.5028076171875,2.547767595283027,2.4728336036782217,2.537776952225528,5221720
2021-04-13,2.4903182983398438,2.54776762305179,2.4528510936953984,2.5227899729674137,5196590
2021-04-14,2.6227028369903564,2.6351913502360276,2.5227901454837065,2.5327807893332874,5414241
2021-04-15,2.5827367305755615,2.650177943105105,2.5452697376708073,2.6401870923866073,4244534
2021-04-16,2.590230941772461,2.6027194539652863,2.560256928413735,2.5852347865340937,2800637
2021-04-19,2.5477676391601562,2.637688847501883,2.5377769959306002,2.60022164262055,7100982
2021-04-20,2.4853227138519287,2.552763930854231,2.420379366020158,2.5477675672121407,6703508
2021-04-21,2.3978993892669678,2.4928159170199193,2.2755067173674797,2.48532272633803,6202049
2021-04-22,2.4603443145751953,2.4790783339937534,2.3317067575389743,2.3916547859436283,4109371
2021-04-26,2.615208387374878,2.615208387374878,2.455348732217359,2.460344053331196,7565796
2021-04-27,2.6651651859283447,2.6726581683089257,2.587733324221717,2.6227026596679,6140456
2021-04-28,2.6551735401153564,2.6801520243256243,2.5952263452393423,2.6726582080987553,4007010
2021-04-29,2.6776540279388428,2.6976365626824816,2.6426846963543036,2.6501778863410963,4115230
2021-04-30,2.747593402862549,2.747593402862549,2.662667510428011,2.682650048832173,8002687
2021-05-03,2.854998826980591,2.8774790243849835,2.7925531394116865,2.7950508001675005,15786813
2021-05-04,2.8225271701812744,2.872483512110032,2.780064852734447,2.8649896960617807,12708255
2021-05-05,3.057321310043335,3.1047799921682233,2.8774791007352736,2.9174437582254877,64323175
2021-05-06,2.962404727935791,3.0598197513110987,2.9474177210958667,3.0573212567977937,15251663
2021-05-07,2.9973738193511963,3.0423348362136107,2.954911505232509,2.979889153154976,18137126
2021-05-10,2.9798896312713623,3.0573214986399164,2.9624049622697672,3.019854291226871,11702467
2021-05-11,2.939924955368042,2.9998719449761193,2.9349285912743475,2.962404946200012,6043786
2021-05-12,2.962404727935791,2.964902388714379,2.909950725080255,2.9399247387601033,2971094
2021-05-17,2.9773919582366943,3.022352148396128,2.959907289305913,2.9723966363046066,7874013
2021-05-18,2.9099507331848145,2.9873823862102826,2.8999590478742383,2.9798894038536496,6388802
2021-05-20,2.959906816482544,2.969897458750788,2.894963473065727,2.909950478636401,7925358
2021-05-21,2.937426805496216,2.9973739978140252,2.9299329895891404,2.9599070026153944,5826128
2021-05-24,3.0148587226867676,3.0148587226867676,2.9149460388014576,2.939924730856982,15720558
2021-05-25,2.8200294971466064,3.022351899451938,2.8100378119369487,3.019854030257943,11856299
2021-05-26,2.850003242492676,2.8974610852445553,2.785059900160427,2.8350162371722885,8826496
2021-05-27,2.869986057281494,2.887470726102793,2.8075403648475104,2.854999049410599,7340858
2021-05-28,2.8200294971466064,2.879976690333065,2.802544829655997,2.8699858388581183,4455122
2021-05-31,2.9349284172058105,2.9624047705018715,2.8549988940352438,2.884972908145781,18523407
2021-06-01,2.947417736053467,2.9723964283029014,2.8899682029155302,2.917443722221506,6267275
2021-06-02,2.9973738193511963,2.9973738193511963,2.899958803900121,2.9324304757171458,9424009
2021-06-03,3.0098633766174316,3.0847973678366247,2.9649023565848847,2.9973740306914376,17492041
2021-06-04,2.9524128437042236,3.0323431940748997,2.9524128437042236,3.0023691824148555,6625381
2021-06-07,2.954911708831787,2.972396376232736,2.934928338514946,2.9524130059158944,3214547
2021-06-08,3.0598196983337402,3.0598196983337402,2.9374268186895733,2.9549116944390335,20410334
2021-06-09,3.1072773933410645,3.109775053954442,3.0173561919841565,3.0598195489165634,17607338
2021-06-10,3.1797139644622803,3.2321679678842203,3.1022823108163533,3.109775293233027,28399084
2021-06-11,3.2071902751922607,3.2446572711163264,3.1597315940098603,3.1797139223581357,11723194
2021-06-14,3.1197669506073,3.2296702780753335,3.0748059300057964,3.2271726172922053,12462114
2021-06-15,3.15973162651062,3.15973162651062,3.042335107552242,3.1097752840418873,9409050
2021-06-16,3.0323433876037598,3.1697232757173786,3.0223519107902965,3.1697232757173786,8155553
2021-06-17,2.969897747039795,3.0773044570275787,2.947417757585798,3.0098634464971785,7635362
2021-06-18,2.859994411468506,2.984884746819697,2.850003559821037,2.984884746819697,8853404
2021-06-21,2.812535524368286,2.8799765298114397,2.7600813163864264,2.8574963336194994,12339271
2021-06-22,2.8200294971466064,2.854998832127826,2.7975495081353623,2.847505016112163,5583032
2021-06-23,2.7575836181640625,2.92743516820014,2.755085957577015,2.8699856397594283,15734768
2021-06-24,2.80754017829895,2.8350165312646536,2.712623857648008,2.7675755214110165,13203526
2021-06-25,2.7301087379455566,2.81753208305224,2.7251123738191176,2.8150344220732606,6654795
2021-06-28,2.6551735401153564,2.770073233507013,2.6476803491895384,2.7351038975402155,8951607
2021-06-29,2.667663097381592,2.6751569142010307,2.5677501948083714,2.6551737500720267,7909510
2021-06-30,2.6351912021636963,2.685147545109957,2.602719527140206,2.6676628771871864,7012831
2021-07-01,2.6476800441741943,2.6576717285144067,2.597723706809729,2.597723706809729,4211039
2021-07-02,2.685147523880005,2.702632191664534,2.62769799048813,2.660169665254885,7919037
2021-07-05,2.785059928894043,2.7875575894451607,2.6801517243036197,2.690142574941752,8638266
2021-07-06,2.785059928894043,2.8549985929985517,2.7700729234190336,2.7875575894451607,10352279
2021-07-07,2.812535524368286,2.835016345861225,2.777565982902491,2.777565982902491,8539055
2021-07-08,2.7400991916656494,2.8225272090928786,2.7400991916656494,2.812535732135705,4823826
2021-07-09,2.8425097465515137,2.8425097465515137,2.707627715791139,2.7400993929866724,10018953
2021-07-12,2.899959087371826,2.9324307623629653,2.8175319032189274,2.8500035782100666,19106871
2021-07-13,2.8025448322296143,2.9149460279911215,2.7750684795041147,2.907453045703289,11964176
2021-07-14,2.8100380897521973,2.8300206284123814,2.7900557595257114,2.8050427677376986,5701031
2021-07-16,2.8924660682678223,2.8974613898436603,2.8175318675229697,2.8175318675229697,13154435
2021-07-19,2.869986057281494,2.8949639173877,2.8475052328246115,2.8949639173877,3089149
2021-07-26,2.937426805496216,2.9798893305767726,2.8450073141270025,2.889968125232709,13592677
2021-07-27,2.9723963737487793,3.002369344862227,2.9149460079305416,2.9399246997215274,7650790
2021-07-28,2.954911708831787,2.9898810436336842,2.934928338514946,2.9848846799702824,7178843
2021-07-29,3.0123610496520996,3.022351901132602,2.9574093863893958,2.989881060628355,10865960
2021-07-30,2.9998717308044434,3.0248504229841777,2.994876409235856,3.0048670523730308,6527941
2021-08-02,3.0598196983337402,3.082299687120212,2.9873823261668804,2.9873823261668804,11360881
2021-08-03,3.062317371368408,3.0847973602451675,3.019854012191882,3.0648150321137835,9485952
2021-08-04,3.042335271835327,3.0698107927009994,3.0398367771675114,3.0648152624012126,5885208
2021-08-05,3.0598196983337402,3.0673126805397715,3.0098633571217306,3.0398365365479094,8311086
2021-08-06,3.147243022918701,3.1522385528040267,3.0723081987357452,3.097286681897072,15686671
2021-08-09,3.242159605026245,3.242159605026245,3.1522386065222916,3.15473626729068,19689691
2021-08-10,3.1497411727905273,3.309600853005785,3.142247147776792,3.297111714528898,39775078
2021-08-11,3.029845714569092,3.2146832408953214,3.0223518985556512,3.1622292384390476,30831024
2021-08-12,3.074805974960327,3.0773044695147025,3.022351971242546,3.064815123248065,9449475
2021-08-13,3.1647276878356934,3.1772161998892914,2.997373997644982,3.0897928637079586,17301802
2021-08-16,3.1847102642059326,3.2196795991174207,3.157233911560455,3.174718579016199,9760324
2021-08-17,3.144744634628296,3.192203316526358,3.1322561221438683,3.1872079949060597,6808480
2021-08-18,3.1996970176696777,3.2296699865299265,3.149740680011524,3.1647274770921396,16983183
2021-08-19,3.0972867012023926,3.1822125856853405,3.0947890404609995,3.1822125856853405,8919897
2021-08-20,3.157233715057373,3.227172380527437,3.0872950495873095,3.1022820553549404,11561676
2021-08-23,3.1722209453582764,3.192203273740048,3.1622292600831927,3.1722209453582764,6167196
2021-08-24,3.157233715057373,3.1872077265926353,3.132255858456538,3.1822124053928658,7061152
2021-08-25,3.1272597312927246,3.169723088372815,3.1272597312927246,3.1647275586950196,5311572
2021-08-26,3.137251615524292,3.2096879468454955,3.127259930232086,3.144744597867149,15382563
2021-08-27,3.132256031036377,3.154736228275932,3.094789035637118,3.147243037629756,8905309
2021-08-31,3.1996970176696777,3.2196793442992786,3.149740680011524,3.149740680011524,19168520
2021-09-01,3.259644031524658,3.2871203822818584,3.2046923721785725,3.209687693345949,17318476
2021-09-02,3.3470680713653564,3.4095137639617827,3.249653041035364,3.264640048945245,32683091
2021-09-03,3.3895301818847656,3.4095135526383413,3.344570203110236,3.3470678639123315,14924973
2021-09-06,3.2846224308013916,3.354561107376438,3.2396622400942996,3.35206344637997,20390006
2021-09-07,3.3021068572998047,3.3595570162372637,3.2721336769424956,3.284622189440851,13315092
2021-09-08,3.2671375274658203,3.3345785382101574,3.239662007871964,3.3195915311371476,21816851
2021-09-09,3.2796263694763184,3.29461337519755,3.2371640550730945,3.2671372327809025,11264316
2021-09-10,3.3595569133758545,3.412011123780378,3.287120583344928,3.2921159048178534,22956213
2021-09-13,3.42449951171875,3.4294958754829836,3.329583190555971,3.3670501868614995,17812256
2021-09-14,3.3895301818847656,3.471958199195945,3.374544008638512,3.4394865244318926,12215287
2021-09-15,3.3395745754241943,3.4220017565905025,3.3245875688814315,3.382037100588718,13515460
2021-09-16,3.2571465969085693,3.374543947664672,3.239661929441422,3.3570592801975243,9716735
2021-09-17,3.3695476055145264,3.3695476055145264,3.1072773996211933,3.2671372671490855,10967075
2021-09-20,3.209688186645508,3.324587886332398,3.2021952037428405,3.322090225364842,11219432
2021-09-21,3.33707594871521,3.3495652940339675,3.1996971104485503,3.2321677408079843,18253942
2021-09-22,3.327085256576538,3.359556930654312,3.2696359328372995,3.3495654539223723,11840787
2021-09-23,3.407014846801758,3.4244995145701234,3.292115988557907,3.344570200296684,21059689
2021-09-24,3.3620548248291016,3.4294958342352793,3.3295831505099502,3.4070148029876255,16552858
2021-09-27,3.354560613632202,3.3945263101987586,3.272133435773243,3.3920286495699115,28621740
2021-09-28,3.3820371627807617,3.394526508824126,3.322089969242046,3.3570593044287493,14678447
2021-09-29,3.434490919113159,3.526909780431915,3.3895299018843383,3.3970239258399686,21595329
2021-09-30,3.439486503601074,3.4844475242717095,3.4170065143499566,3.434491182027137,14277774
2021-10-01,3.504430055618286,3.526910044833794,3.4195041697202013,3.4294958550206482,13054237
2021-10-04,3.6418092250823975,3.6592938912794777,3.506927216656831,3.506927216656831,19621952
2021-10-05,3.6967616081237793,3.7042547993288353,3.584360405108875,3.651800793423911,15145032
2021-10-06,3.7242379188537598,3.7592072537556147,3.669285213577942,3.6967613577821736,22464645
2021-10-07,3.8116610050201416,3.849127789774892,3.721738970765967,3.72923299470464,14404138
2021-10-08,3.9140706062316895,3.924062499975753,3.7841847417734167,3.8216519463263365,14504812
2021-10-11,3.949039936065674,4.001493938993239,3.9090752792165957,3.9165693037310465,16187535
2021-10-12,3.834141254425049,3.98151178508972,3.8166565869314537,3.9365518070595544,16285647
2021-10-13,3.771695613861084,3.8990848670714224,3.7417228489665586,3.8316436448544375,13396481
2021-10-14,3.76420259475708,3.841634455659379,3.7492153795495153,3.769197916292245,9242996
2021-10-15,3.7217392921447754,3.8116613341638783,3.679276765675746,3.776691998545919,7311122
2021-10-18,3.7991721630096436,3.8341415002387813,3.704254795005723,3.7242381667096214,8935948
2021-10-19,3.7991721630096436,3.839136822080528,3.7667002782676877,3.8241500228205236,9151058
2021-10-20,3.766700267791748,3.814158951661716,3.754210921053661,3.8016696049236294,6488293
2021-10-21,3.771695613861084,3.786682830043114,3.6942641647915635,3.7667002920011243,8491140
2021-10-22,3.8016693592071533,3.8216518958291634,3.7567085475907924,3.784184691771314,10877209
2021-10-25,3.8266472816467285,3.8666127724297827,3.7816873030094555,3.7841847553702452,6981219
2021-10-26,3.904080390930176,3.936552277470634,3.836639165223753,3.844132356835085,8343391
2021-10-27,3.9515388011932373,3.9590319922805017,3.8641154593926434,3.914070761420034,8867026
2021-10-28,3.8890933990478516,3.951538882688925,3.8890933990478516,3.951538882688925,3037475
2021-11-01,3.834141254425049,3.884097387711413,3.766700036777734,3.884097387711413,9384907
2021-11-02,3.6293206214904785,3.709250769464122,3.60184489366664,3.6817746247729217,18802091
2021-11-03,3.5169196128845215,3.644307615646281,3.4669630592856295,3.6293208163135673,12301786
2021-11-04,3.6418092250823975,3.649302415242675,3.5593812152480724,3.6293202969037184,7083538
2021-11-05,3.6043426990509033,3.6642898921018525,3.596848674618503,3.649302676971761,4890046
2021-11-08,3.571870803833008,3.6368141518982497,3.5493908149521096,3.6043426862993053,7508879
2021-11-09,3.5393993854522705,3.5918533883197297,3.5169193962714727,3.5718708514844084,7956949
2021-11-10,3.579364061355591,3.5843602166752797,3.5319062135279182,3.534404082754082,6377721
2021-11-11,3.591853141784668,3.6218271534139945,3.5593812611139537,3.581861665619116,7520366
2021-11-12,3.596848726272583,3.6368142169927484,3.5893555354672824,3.6193295492905664,5942503
2021-11-15,3.654298782348633,3.679276640156558,3.6043426498654334,3.619329447923658,9171505
2021-11-16,3.6168313026428223,3.6742814616916997,3.6093381117558034,3.6567967937988364,6882554
2021-11-17,3.6293206214904785,3.6443074200186962,3.6043427628992366,3.6193295614274543,3742263
2021-11-18,3.6118357181549072,3.659294402221662,3.6043429438157486,3.6368144117346546,8487486
2021-11-19,3.741722583770752,3.7517132267825812,3.639312031455512,3.659294151213879,11376064
2021-11-22,3.861616373062134,3.8616163730621342,3.776691742743542,3.784184516219749,7582582
2021-11-23,3.9140706062316895,3.969023312186201,3.759207300183736,3.8641153061849685,12476807
2021-11-24,4.061441421508789,4.078926086805381,3.949039406220267,3.95153810883543,9821602
2021-11-25,4.051450729370117,4.151363419574852,4.018979261378846,4.12138940407974,6507137
2021-11-26,3.9290578365325928,4.038961998258723,3.906577847208987,4.038961998258723,5984559
2021-11-29,3.9690232276916504,3.9840091920855984,3.856621199558401,3.936551762268351,4077409
2021-11-30,4.091415882110596,4.1238869305344545,3.9215645313196914,3.9690232115459323,6479550
2021-12-01,4.221301555633545,4.228794745900632,4.121388878177972,4.1263850331349134,8150485
2021-12-02,4.353686332702637,4.368672297122957,4.243781756674633,4.2462796258450295,6364099
2021-12-03,4.563502311706543,4.563502311706543,4.373668841499573,4.3861569366704085,8227954
2021-12-06,4.526034832000732,4.64343218471242,4.458594447066729,4.608462849195611,8309392
2021-12-07,4.705877780914307,4.720864996677248,4.5385242900344736,4.558506410650319,7403480
2021-12-08,4.693387985229492,4.7558338778634885,4.588479986134136,4.720864544831703,9791334
2021-12-09,4.775816440582275,4.783309631575837,4.71586882829693,4.71586882829693,7202006
2021-12-10,4.835763454437256,4.835763454437256,4.7083754605232695,4.785807321175467,7354886
2021-12-13,4.933178901672363,5.003117574677024,4.835763666338569,4.868235550405625,7550326
2021-12-14,4.850750923156738,4.9831350792445015,4.783309702017287,4.980636793053362,10576321
2021-12-15,4.745842933654785,4.8482530751756,4.658419174407762,4.840759050303946,9855601
2021-12-16,4.865737438201904,4.888217427068776,4.688392895240769,4.765824755420549,9204916
2021-12-17,4.383660316467285,5.033091412704301,4.381162446838576,4.900707657322131,17354295
2021-12-20,4.243781566619873,4.471082648538142,4.031467699052786,4.1538607817167765,11251905
2021-12-21,4.133878707885742,4.533528630811685,4.118891908727811,4.52603502279903,7798189
2021-12-22,3.879101514816284,4.328707997722632,3.8466308803946783,4.09391411249926,7995806
2021-12-23,3.8865950107574463,3.971520890519775,3.6617917999051586,3.939049009916181,5633362
2021-12-24,4.038961887359619,4.038961887359619,3.8890930726913204,3.956533872545115,3123736
2021-12-27,4.011486053466797,4.151363402304117,3.9815120380963838,4.1213893869337035,5346082
2021-12-28,3.8166563510894775,4.071432740166789,3.7666998040227138,4.036463407340452,6156535
2021-12-29,3.934054136276245,3.9840094383473565,3.744220236599631,3.8216521011951397,9109842
2021-12-30,3.8441317081451416,3.9964983865619765,3.759207077788823,3.946542255735944,9220932
2021-12-31,3.846630573272705,3.851625894758968,3.784184677587214,3.8141586908415555,4118751
2022-01-03,3.8965861797332764,3.9215648734710236,3.8016696447341505,3.8466308765947095,10945424
2022-01-04,3.9065778255462646,3.9565339592412267,3.846630631859254,3.9190671716205245,10315914
2022-01-05,3.919067144393921,3.9390492642391983,3.8616165697188065,3.9215645967240635,8322503
2022-01-06,3.9964985847473145,4.011485799918938,3.854123375555737,3.9015820565311667,14513023
2022-01-07,4.196324348449707,4.218804337364684,3.991503244092788,4.058944461439779,19826184
2022-01-10,4.228794574737549,4.37117060332473,4.2237992537174565,4.261266454138372,15551823
2022-01-11,4.196324348449707,4.271258339611887,4.146367798518449,4.22879498036317,9376899
2022-01-12,4.371170997619629,4.381161640561004,4.168847763602571,4.223799634718944,12012406
2022-01-13,4.308725833892822,4.401144498696708,4.301232642705487,4.363677292157886,14901775
2022-01-14,4.431118488311768,4.463589955958847,4.3087258088672655,4.336201954707595,15139509
2022-01-17,4.47607946395874,4.538524532166307,4.433616100565676,4.433616100565676,10334093
2022-01-18,4.2587690353393555,4.486069713966536,4.2587690353393555,4.481074392418447,7152481
2022-01-19,4.438611030578613,4.451100376611108,4.208812482856361,4.243781818012631,11631599
2022-01-20,4.3386993408203125,4.483572425215296,4.283747883714851,4.458594565961427,9417506
2022-01-21,4.281248569488525,4.376165921825333,4.221301382343425,4.338698721425988,5495952
2022-01-24,3.966524362564087,4.318716813820817,3.9565337200433954,4.29124025411858,9567831
2022-01-25,3.954036235809326,4.016480877562693,3.884097153190496,3.9715209022472013,6745767
2022-01-26,3.9065778255462646,4.008987962151041,3.899084634769068,3.9565339592412267,6507739
2022-01-27,4.003992557525635,4.0214772247995185,3.8416343968672595,3.894088398688912,6624184
2022-01-28,4.153860569000244,4.193825221288168,4.016480695887539,4.0414593851937,8705284
2022-01-31,4.221301555633545,4.261266626615774,4.166350104117143,4.24627941234694,7179095
2022-02-01,4.29373836517334,4.2987336867152175,4.21880437337161,4.246279684020327,6917302
2022-02-02,4.183835029602051,4.333703012896034,4.1688478144052965,4.3212145006334515,5788132
2022-02-03,4.163852214813232,4.286244879341898,4.158856059880599,4.183834750207123,5679422
2022-02-04,4.061441421508789,4.198821291868269,4.011485294499571,4.1638519612750855,4261187
2022-02-07,4.108901023864746,4.108901023864746,3.95653432270077,4.061442338157574,3443272
2022-02-08,4.061441421508789,4.136375820456268,4.013982746512824,4.12138860717293,4430342
2022-02-09,4.118891716003418,4.1388738360341035,4.053948366867932,4.076429189854012,4771305
2022-02-10,4.168847560882568,4.186332227348119,4.106402085295695,4.128882906723687,4595976
2022-02-11,4.141372203826904,4.16385302951941,4.051450985393932,4.151363681912462,5395047
2022-02-14,4.081425189971924,4.151363872308828,4.051451171207944,4.096411990920199,5414129
2022-02-15,4.096411228179932,4.148865647033173,4.071432953338738,4.086419751496513,5852833
2022-02-16,4.183835029602051,4.226297138523431,4.113896359486621,4.121389133350286,8890301
2022-02-17,4.193826198577881,4.271258902869232,4.111399005863363,4.206315546141361,10452134
2022-02-18,4.261267185211182,4.261267185211182,4.183835319008572,4.23129400334642,6285006
2022-02-21,4.218804359436035,4.318717042953906,4.188830345946996,4.308725566168441,9491965
2022-02-22,4.271258354187012,4.306227689137809,4.008987925188683,4.058944475290411,11367314
2022-02-23,4.311222553253174,4.48357175739723,4.311222553253174,4.398645881354951,20171424
2022-02-24,3.8816001415252686,4.056446825746839,3.8816001415252686,3.9315554437299083,8461677
2022-02-25,4.203817367553711,4.203817367553711,3.8816001445868835,3.8816001445868835,10589929
2022-02-28,4.033966064453125,4.183835308333626,4.028970742588769,4.141371945981223,5700569
2022-03-01,4.031467914581299,4.1188916688343395,3.8616165613267137,4.0614419280187875,12504485
2022-03-02,3.954036235809326,4.1313807692316775,3.9240622241534475,4.041459567998701,9646455
2022-03-03,3.941547393798828,4.006490746621613,3.9265601776238435,3.9540367406113157,6246415
2022-03-04,3.8865950107574463,4.0014936514851565,3.8691103443712014,3.9190668913610405,5603346
2022-03-07,3.854123592376709,3.886595476874638,3.73922410413451,3.8816001550704313,6964580
2022-03-08,3.8066647052764893,3.8766037923385173,3.804167252941557,3.8366387188366033,4646390
2022-03-09,3.836638927459717,3.9465426771324865,3.826647450107258,3.826647450107258,8137360
2022-03-10,3.7941763401031494,3.964026848241609,3.7766916737976324,3.95653365803486,8029252
2022-03-11,3.836638927459717,3.8566214652972546,3.7816874694907114,3.8141589371514435,6719881
2022-03-14,3.949039936065674,3.959031829795822,3.8591191455047285,3.8815999684460034,7469070
2022-03-15,3.9115731716156006,3.9490399594710417,3.8965859562325904,3.9490399594710417,5844279
2022-03-16,4.056446552276611,4.093913755922105,3.934053881572761,3.934053881572761,12768581
2022-03-17,4.046454906463623,4.096411036946549,4.023974918710072,4.096411036946549,6338612
2022-03-18,4.246279239654541,4.246279239654541,4.048952178680646,4.066437261283183,10911985
2022-03-21,4.371170997619629,4.373668866788648,4.266262993724922,4.27125831519561,11540438
2022-03-22,4.4560956954956055,4.498558634273609,4.383659162796256,4.383659162796256,12885761
2022-03-23,4.373668670654297,4.493563467319164,4.338698920723573,4.493563467319164,12545820
2022-03-24,4.503554821014404,4.568498170138953,4.371171087279771,4.376166408852922,16802317
2022-03-25,4.396148681640625,4.533528145562435,4.378664015016625,4.501056681384626,15924426
2022-03-28,4.406140327453613,4.441109662047106,4.353686325563374,4.421126291849359,10298610
2022-03-29,4.4535980224609375,4.483572034568311,4.4261227131694625,4.433615486678467,9999584
2022-03-30,4.506052494049072,4.538524378635322,4.451100619114301,4.473581026330203,17384787
2022-03-31,4.4384026527404785,4.542591167640159,4.414960715064281,4.532171707562261,10923157
2022-04-01,4.441007614135742,4.474868578747617,4.407146214818183,4.443612370599069,7956144
2022-04-04,4.370680332183838,4.42277459011337,4.261283173002023,4.3602621761270015,22302952
2022-04-05,4.313377380371094,4.3889131406015975,4.302958789730713,4.375890663036033,11697518
2022-04-06,4.230027675628662,4.329005815775001,4.222212971313977,4.323796737408039,11286247
2022-04-07,4.261282920837402,4.295144316899525,4.235236228119637,4.24305006205271,10041136
2022-04-08,4.38370418548584,4.394123645829549,4.269097946407201,4.271702268111033,17399319
2022-04-11,4.482681751251221,4.550404105176725,4.41756502281551,4.427983177718479,21609259
2022-04-12,4.579056739807129,4.6051029982832885,4.433193432225261,4.490496765813154,22952153
2022-04-13,4.576452255249023,4.6806394688674455,4.545195612987253,4.623336131877489,18853135
2022-04-14,4.58426570892334,4.649383309745174,4.555613390750288,4.58426570892334,15072400
2022-04-15,4.722315311431885,4.735338224571931,4.597290041877983,4.597290041877983,17761905
2022-04-18,4.855154514312744,4.870782617586574,4.779618319567847,4.784827397522015,20240773
2022-04-19,4.782223224639893,4.875991847199371,4.724919887716427,4.870782769083184,20536222
2022-04-20,4.722315311431885,4.7952471896028275,4.706687207075858,4.784827728855989,11423517
2022-04-21,4.6624064445495605,4.76659452391171,4.6624064445495605,4.72231497055025,13017844
2022-04-22,4.448822498321533,4.70668731274974,4.435798715477693,4.662406885786385,16558815
2022-04-25,4.365471363067627,4.459240421092251,4.230027506247587,4.422774700455213,12393605
2022-04-26,4.297748565673828,4.446216189651682,4.2586785272583825,4.39412323980339,13200054
2022-04-27,4.284726142883301,4.321191863994212,4.201375674797968,4.313377594596581,9526454
2022-04-28,4.308168411254883,4.375890773598269,4.297748950939915,4.3211917585608255,7139027
2022-04-29,4.344634056091309,4.396727879116862,4.289935476708627,4.329005517948542,9802961
2022-05-05,4.4019365310668945,4.469658885680444,4.362866493608526,4.381099351638015,15269163
2022-05-06,4.3394246101379395,4.399332262449571,4.237840859646028,4.396727506313304,11136426
2022-05-09,4.282120704650879,4.388913105356252,4.271702114094166,4.339424908888276,9293851
2022-05-10,4.227421760559082,4.276911256864258,4.214398849518637,4.2638874764125685,4233467
2022-05-11,4.118024826049805,4.219608590729412,4.0711409478714735,4.203980051729047,10357725
2022-05-12,3.9200687408447266,4.115420249802582,3.8862073431432482,4.115420249802582,15315503
2022-05-13,4.032070636749268,4.060722090025006,3.9643482690603884,3.9982096702576824,7706335
2022-05-16,4.050302982330322,4.16230489396883,4.045093035072463,4.058116816452978,7734846
2022-05-17,4.013836860656738,4.089373046252946,3.9956040032612954,4.073744944871939,7524958
2022-05-18,3.9773716926574707,4.047698810598679,3.927882190990805,4.013837412461504,4991070
2022-05-20,3.940905809402466,4.011232924426824,3.933091105903335,3.9851853617818933,4571154
2022-05-23,3.8940207958221436,3.9825803291409434,3.8679741043960614,3.9825803291409434,7546084
2022-05-24,3.909648895263672,3.9721613024131086,3.8783922569833322,3.90704457388713,7871129
2022-05-25,4.26649284362793,4.287330458506646,3.912253825395394,3.9278819278780213,23681364
2022-05-26,4.321191787719727,4.3498432389272725,4.1414679418033975,4.266493207018858,26306595
2022-05-27,4.292539596557617,4.420169609117018,4.269097659856863,4.342029095605091,20289563
2022-05-30,4.4019365310668945,4.412355990192585,4.31077224091945,4.31077224091945,18468373
2022-05-31,4.636359691619873,4.680639244416723,4.193561555417443,4.401936842073417,42767753
2022-06-01,4.7275238037109375,4.810873828179361,4.6624062031429965,4.6624062031429965,25276762
2022-06-02,4.753570556640625,4.818688592742528,4.6936629023910665,4.740547644949276,20203806
2022-06-03,4.7275238037109375,4.829106686785482,4.651988047804697,4.756175252360997,20250657
2022-06-06,4.904644012451172,4.915062168353733,4.724919738137592,4.727524059760401,24984932
2022-06-07,4.951528072357178,4.985389471185526,4.844735232432102,4.904644195517394,24917326
2022-06-08,4.691058158874512,4.974969632390587,4.612917645575289,4.961946720663969,20631954
2022-06-09,4.631150245666504,4.818688336515996,4.47226360230803,4.704081677140682,20295898
2022-06-10,4.550404071807861,4.678034075781659,4.516543112446227,4.584265465875112,13205745
2022-06-13,4.659801959991455,4.6780348206049815,4.48268243209885,4.532171935696769,20026916
2022-06-14,4.818688869476318,4.84473512906048,4.513938894757677,4.657197452174423,22511979
2022-06-15,4.823897361755371,4.868177779964814,4.71189545967451,4.831712064622469,27539547
2022-06-16,4.58426570892334,4.818688550235171,4.58426570892334,4.818688550235171,44905686
2022-06-17,4.550404071807861,4.636359282947289,4.550404071807861,4.60770740099894,12430992
2022-06-20,4.480077743530273,4.665011090998553,4.435798191211713,4.571242039133957,17907043
2022-06-21,4.526962757110596,4.547800373736414,4.4644494725274635,4.500915192946226,13399064
2022-06-22,4.513938903808594,4.584266021825756,4.493101722217216,4.503520747718575,10532074
2022-06-23,4.477473258972168,4.576452264070501,4.454031320612749,4.506125144875213,10138303
2022-06-24,4.521753311157227,4.54259092608799,4.4696590564774965,4.480077646590058,9033871
2022-06-27,4.42798376083374,4.42798376083374,4.42798376083374,4.42798376083374,127029
2022-06-28,4.368075847625732,4.553009195732495,4.323796295154297,4.487892027807469,8624434
2022-06-29,4.297748565673828,4.401936638898589,4.295144244210641,4.373284755747167,9650333
2022-06-30,4.407145977020264,4.417565437017048,4.289935420140421,4.2951444980803215,8010632
2022-07-01,4.4019365310668945,4.474867963184851,4.386308429142422,4.414960311591976,4706639
2022-07-04,4.253469467163086,4.441007584201667,4.232632285008294,4.42798380197282,5595863
2022-07-05,4.1544904708862305,4.284726119954748,4.133653288682087,4.2586789901410445,7028840
2022-07-06,4.211794376373291,4.232631991790226,4.151885851682156,4.157095798918454,5941264
2022-07-07,4.30035400390625,4.30035400390625,4.214399644935979,4.224817801852388,5231968
2022-07-08,4.352447509765625,4.360262213639656,4.269097913537164,4.300353686093582,2176181
2022-07-13,4.4019365310668945,4.414960311591976,4.292539382889961,4.347237956978428,8373596
2022-07-14,4.373285293579102,4.427983875734387,4.193561877589669,4.401937180254168,8754333
2022-07-18,4.472263813018799,4.487891915541638,4.40193669960756,4.40193669960756,8954015
2022-07-19,4.615522384643555,4.701476731600321,4.456635298291292,4.4878919382004225,19366179
2022-07-20,4.909852504730225,4.930689683461108,4.646777798109094,4.659801143492298,26546842
2022-07-21,4.865572929382324,4.964551936368506,4.688454271276265,4.9228771369870685,24462004
2022-07-22,4.792641639709473,5.014041599539085,4.685849664033476,4.8655730843316745,35706461
2022-07-25,4.792641639709473,4.987994034023013,4.777013969811229,4.818689205225544,16772392
2022-07-26,4.849945545196533,4.92808606331924,4.782223183215957,4.805665121299933,15728657
2022-07-27,4.844735145568848,4.95152798357919,4.829107042000563,4.873387465737766,14827610
2022-07-28,5.073948860168457,5.0765536165140865,4.857758865243506,4.8812008029428435,41744157
2022-07-29,5.058320999145508,5.180741945021326,4.985389556796377,5.120833415612943,37306563
2022-08-01,5.058320999145508,5.178137188550902,5.040088138558225,5.1182286591425195,21710052
2022-08-02,4.9958086013793945,5.084367278765524,4.9619472018428095,5.0739491222562,17151225
2022-08-03,5.120833396911621,5.136461500971406,5.014041424954039,5.014041424954039,19870151
2022-08-04,5.089577674865723,5.18855581314522,5.079158214211231,5.144276256979873,14480935
2022-08-05,5.284928798675537,5.391721633115038,5.063529730332156,5.131252089804512,31282748
2022-08-08,5.506328582763672,5.602701954640411,5.334418149941261,5.339627227674027,28638372
2022-08-09,5.725123405456543,5.727727727007425,5.428187278091002,5.508933417926542,22467956
2022-08-10,5.600098133087158,5.709495295826582,5.561027655722266,5.7042853482173985,33195995
2022-08-11,5.628748893737793,5.701680332244484,5.58186501856301,5.646981753364465,21012985
2022-08-12,5.725123405456543,5.870986278177131,5.631353484338343,5.636563431557057,28359562
2022-08-15,5.7381463050842285,5.857962928177758,5.712100044718245,5.761589547824639,16595586
2022-08-16,5.639167308807373,5.772006824484748,5.459443488323309,5.745960133382904,20301848
2022-08-17,5.5896782875061035,5.680843018214376,5.548003491266087,5.662610159013853,17220364
2022-08-18,5.863171577453613,6.053314871918834,5.5896782562685035,5.6000977160051715,38456376
2022-08-19,6.3398308753967285,6.430995167588544,5.816287493011058,5.868380442751449,36112412
2022-08-22,6.496113300323486,6.798257650065157,6.339831395345712,6.342435717017094,35268548
2022-08-23,6.462252140045166,6.635464521493461,6.433599820770109,6.5377883338567795,15781157
2022-08-24,6.72662878036499,6.837328748864627,6.4231816286848415,6.4804849627940895,31967173
2022-08-25,6.77221155166626,6.935004482051622,6.707093510100753,6.785234899155952,15756083
2022-08-26,6.648488521575928,6.811281448480059,6.511741854388517,6.811281448480059,13060740
2022-08-29,6.628952980041504,6.726629172824933,6.5117419834070684,6.64848865330387,10993997
2022-08-31,6.908957004547119,7.039191768810387,6.64197602036608,6.64197602036608,25438784
2022-09-01,6.863375186920166,6.96105137037055,6.713604749159152,6.902445225594681,15390494
2022-09-02,6.804769515991211,7.026168590758676,6.739652780332646,6.915469488080612,16843253
2022-09-05,6.987098217010498,7.09779818383427,6.73965245974978,6.863375338380139,16059050
2022-09-06,7.338733196258545,7.56664415968638,6.7982575577100475,7.019657499695045,37842749
2022-09-07,7.364779949188232,7.670830997080734,7.175939025257516,7.3517561673757,23295538
2022-09-08,7.364779949188232,7.553620438413281,7.28012710622944,7.423385228521959,17749571
2022-09-09,7.664319038391113,7.664319038391113,7.371291774902682,7.455943747701475,14313999
2022-09-12,8.172235488891602,8.40014645956375,7.814090174641857,7.814090174641857,28819784
2022-09-13,7.651296615600586,8.33502954904973,7.644784724335309,8.295959940280838,24087742
2022-09-14,7.8922295570373535,7.924789009446573,7.429896635173073,7.481990020205265,17400264
2022-09-15,7.957347393035889,8.400145501769536,7.885718338353167,7.944323612398573,14854896
2022-09-16,7.9052534103393555,7.937811993635228,7.7099010411528335,7.937811993635228,11645956
2022-09-19,7.65780782699585,8.002930208712652,7.65780782699585,7.970371624688245,9784117
2022-09-20,7.8922295570373535,7.9052533380010415,7.579666638610363,7.696878059049714,16182152
2022-09-21,7.853160381317139,8.191770880140913,7.833625578217367,7.898741878353716,23970688
2022-09-22,7.768507480621338,7.937812294049642,7.755483699045576,7.866183234205591,11805731
2022-09-23,7.677341938018799,7.898740984968679,7.677341938018799,7.807577131795261,9665544
2022-09-26,7.5405964851379395,7.716413188552625,7.455943644104036,7.677342713414771,9438268
2022-09-27,7.3517560958862305,7.599202731450137,7.293150817122389,7.553620364960857,10258836
2022-09-28,7.254079341888428,7.527572666504876,7.169426935977584,7.312685489011894,8815205
2022-09-29,7.228033065795898,7.416873114638074,6.980586435264914,7.299661690083078,10303195
2022-09-30,7.566644191741943,7.612226558502883,7.09779848119171,7.267103297060627,9235611
2022-10-03,7.820601940155029,7.840137613024867,7.6317605800586374,7.6317605800586374,9006389
2022-10-04,7.918278217315674,8.13967730794114,7.775020084488772,7.91176632593056,13385092
2022-10-05,7.846648216247559,8.035488696865094,7.81408963261161,7.957347748374301,9012570
2022-10-06,8.25037670135498,8.256887722522698,7.931301018273839,8.002930075820363,12501048
2022-10-07,8.641079902648926,8.647591792723084,8.211304721277946,8.289446532756621,16557338
2022-10-10,8.484798431396484,8.97969166818004,8.465263629634643,8.719221269006189,15937551
2022-10-11,8.478287696838379,8.582474468969629,8.28944721617507,8.497822499260165,10213651
2022-10-12,8.478287696838379,8.504334389871191,8.21130539825404,8.478287696838379,9748970
2022-10-13,8.400146484375,8.628057455720322,8.276424031493121,8.439216961445952,7787899
2022-10-14,8.484798431396484,8.660615994309397,8.393633704744511,8.517357883351666,9655814
2022-10-17,8.582474708557129,8.66061652865956,8.20479460609853,8.569451796382825,18685247
2022-10-18,8.634568214416504,8.868991046098728,8.582473962016707,8.660615775322025,17430497
2022-10-19,8.556427955627441,8.901550340558016,8.53038126204763,8.67363938085356,14147560
2022-10-20,8.849455833435059,8.95364434362707,8.426193379748758,8.615033859031257,17102316
2022-10-21,8.85596752166748,9.038296106220931,8.738756971849117,8.862479412082116,12469401
2022-10-24,8.927597999572754,9.20760321885983,8.875503742441502,8.908062327119287,14703136
2022-10-25,8.738758087158203,9.129461998377089,8.608522870477653,8.999226781696539,15395513
2022-10-26,9.311790466308594,9.604819482084773,8.790851346235291,8.790851346235291,27515544
2022-10-27,9.376907348632812,9.455047424509148,9.18155498541382,9.350859787262774,11143454
2022-10-28,10.1973876953125,10.314599128078058,9.695983377828401,9.709007160161697,22179570
2022-10-31,9.982499122619629,10.418785337506645,9.865287706065374,10.197386284930136,19955698
2022-11-01,10.470879554748535,10.750884749359152,10.028081451095698,10.041104362172328,26175373
2022-11-02,10.106224060058594,11.187172805697267,10.106224060058594,10.959261826081786,71705480
2022-11-03,9.982499122619629,10.262503448767639,9.897846287984125,10.106222429439883,24838352
2022-11-04,9.923893928527832,10.119247177541892,9.891336212907268,10.028082443923509,16749866
2022-11-07,9.761099815368652,10.015058335269021,9.754588794103851,9.975987860623679,18245353
2022-11-08,9.839242935180664,10.047618247903165,9.617843839383726,9.761101106145452,23584932
2022-11-09,9.767611503601074,9.949940091696618,9.487606296210974,9.897846706190055,17280445
2022-11-10,9.826216697692871,9.956451018261372,9.565747187144668,9.761098667997418,20012552
2022-11-11,10.13878059387207,10.24948099450592,9.819705781316909,9.897846729169457,29241779
2022-11-14,10.30157470703125,10.575068010112146,10.223432893882608,10.249480454735904,21522732
2022-11-15,10.086687088012695,10.39925000628589,9.85226424724934,10.35366851175797,18988214
2022-11-16,9.728541374206543,10.151804710842347,9.689470898987679,10.093199432719711,16162440
2022-11-17,9.598306655883789,9.865288081059402,9.31830144968112,9.728540988509192,13572293
2022-11-18,10.125758171081543,10.125758171081543,9.62435387638651,9.650401439869228,15617252
2022-11-21,10.509950637817383,10.705303009436486,10.353668740522101,10.353668740522101,24494323
2022-11-22,10.588092803955078,10.653209978845291,10.334135126354132,10.568557999252574,25615541
2022-11-23,11.030891418457031,11.063449135206183,10.633673885182384,10.633673885182384,28580328
2022-11-24,10.881118774414062,11.14158829105938,10.757396340860112,11.050423568998468,23035684
2022-11-25,11.844857215881348,11.851369106190415,10.816002021152643,10.874607295111737,35973105
2022-11-28,11.988116264343262,12.50254346730901,11.831834362325482,12.11183958167589,30754514
2022-11-29,11.83183479309082,12.020675286668924,11.532294759788407,11.994627722443424,14576681
2022-11-30,11.916486740112305,12.079280526610004,11.708111458477184,11.779739646466172,17671073
2022-12-01,12.05323314666748,12.313702687356956,11.896952117782838,12.03369834408614,23280313
2022-12-02,12.027186393737793,12.339750188778607,11.79276354745718,12.072768758749795,18531863
2022-12-05,11.740669250488281,12.176956357765652,11.616946806562854,12.09230351867151,14840693
2022-12-06,12.515567779541016,12.567662038892568,11.55834152380649,11.74718201851525,17205069
2022-12-07,11.779740333557129,12.691384200060725,11.525782672560405,12.613244116948252,19793669
2022-12-08,11.564852714538574,11.786251781904948,11.174147966591265,11.7211346137175,14673960
2022-12-09,11.74718189239502,11.851370409979536,11.532294705023238,11.55182950868824,12638892
2022-12-12,11.955557823181152,12.046721687511702,11.786252137492317,11.799275919287254,11190039
2022-12-13,12.040209770202637,12.333238774066569,11.942534884600216,11.968580709310283,19562879
2022-12-14,11.519270896911621,12.105328046706086,11.499736093290814,12.053233788031683,16358111
2022-12-15,11.675553321838379,11.981605257637993,11.330430907651339,11.62997095215115,13076511
2022-12-16,11.669041633605957,11.779740301735757,11.597411702809843,11.682064546050519,3577042
2022-12-19,11.955557823181152,12.085792163485177,11.851370177055665,12.007651211538228,14487053
2022-12-20,12.046721458435059,12.189979577809869,11.883928536150647,11.955557595838052,14158886
2022-12-21,12.326725959777832,12.450448399644836,11.955556901354287,12.085791231616662,19361181
2022-12-22,12.196492195129395,12.489521211519731,12.17044636930592,12.430915060477115,12587183
2022-12-23,13.114646911621094,13.231858334719247,12.209514979983657,12.209514979983657,30479162
2022-12-26,13.33604621887207,13.609539544403757,12.938830446775953,13.114647149912095,22512140
2022-12-27,13.075577735900879,14.052337888293856,13.003947806035626,13.596515962197003,25390316
2022-12-28,13.036506652832031,13.58349241701532,12.74998955495492,13.088600038328751,19035359
2022-12-29,13.166741371154785,13.33604618308877,12.932318521328057,13.036507034191922,9869650
2022-12-30,13.075577735900879,13.453257841289153,13.016971587722278,13.231858769084052,10282489
2023-01-02,13.57046890258789,13.57046890258789,13.166741244704482,13.166741244704482,14014154
2023-01-03,13.205810546875,13.765820922835006,13.127669604620637,13.700702891348886,13072822
2023-01-04,13.088601112365723,13.531400141891197,12.997436376148647,13.231859238354247,15570926
2023-01-05,12.639290809631348,13.323023709417745,12.411379843035881,13.192788498758333,12053076
2023-01-06,12.639290809631348,12.756502238401417,11.577876929167397,12.150910291128397,12980037
2023-01-09,12.020673751831055,12.880223265061387,11.922998006691044,12.74998893820804,12224310
2023-01-10,11.421595573425293,12.059746136700115,11.421595573425293,12.020675658564457,9215003
2023-01-11,10.522974967956543,11.610435545713276,10.522974967956543,11.460665531228285,12937274
2023-01-12,11.011354446411133,11.467176337720458,10.19738641075394,10.731349247396937,21952966
2023-01-13,10.8876314163208,11.154612841465575,10.698790938506754,10.978796144677078,12528117
2023-01-16,11.636482238769531,11.65601791165378,10.900655078944949,10.939726424713449,13803685
2023-01-17,12.05323314666748,12.124863074562542,11.512758393295883,11.636481707682059,14060592
2023-01-18,12.040209770202637,12.294168298178802,11.831834478408759,12.242074040524665,12507579
2023-01-19,11.799275398254395,12.189979271325086,11.642993501261598,11.981603988275557,8745184
2023-01-20,11.721135139465332,11.936023195180741,11.695088444904297,11.838346569107006,8130668
2023-01-23,11.571364402770996,12.255097265009598,11.174147771072931,11.76020488273943,15304954
2023-01-24,11.252289772033691,11.636481759405758,11.017866923547771,11.57136459129677,12952506
2023-01-25,11.349966049194336,11.38903652574921,10.809491268420475,11.317406594222485,11536924
2023-01-26,11.24577808380127,11.47368904569717,11.089495312585749,11.349965728533627,8705179
2023-01-27,11.232754707336426,11.258802271517522,10.770420876058239,11.18066044838559,11144826
2023-01-30,10.907167434692383,11.382525062196061,10.907167434692383,11.232755041346712,7015988
2023-01-31,10.659720420837402,11.030890353831792,10.581579473829244,11.030890353831792,8145732
2023-02-01,10.796466827392578,11.096005946025874,10.698790215127751,10.776931157175124,15453053
2023-02-02,10.679255485534668,10.92670211361675,9.91086977752682,10.894143529797804,14416066
2023-02-03,11.402058601379395,11.402058601379395,10.646696689705358,10.75088519914482,10754338
2023-02-06,12.541613578796387,12.541613578796387,11.525782114576396,12.098815448872331,20872950
2023-02-07,12.828130722045898,13.75279832865961,11.564852626266175,12.541613619267702,65618819
2023-02-08,11.792763710021973,11.792763710021973,11.792763710021973,11.792763710021973,1750
2023-02-15,14.104432106018066,14.104432106018066,13.674657744501499,13.700704438390323,12100634
2023-02-16,15.510968208312988,15.510968208312988,14.781653790200686,15.510968208312988,36079785
2023-02-17,17.06076431274414,17.06076431274414,15.510968928744392,15.550040277327316,56760424
2023-02-20,18.7668399810791,18.7668399810791,17.32123324688407,17.425420023064017,38529533
2023-02-21,20.642223358154297,20.642223358154297,19.756626968746527,20.108260420111883,14274071
2023-02-22,18.584508895874023,22.270155340446156,18.584508895874023,21.814333452597324,12317487
2023-02-23,16.73517608642578,17.32123412204506,16.73517608642578,16.73517608642578,14551257
2023-02-24,17.347278594970703,18.33706337442578,15.706320396400034,15.953767025969457,113386294
2023-02-27,16.604942321777344,18.115666355031603,16.34447362022195,17.190998639099785,70794647
2023-02-28,16.214235305786133,17.04773990509797,15.15933338382492,16.800293281515472,97150256
2023-03-01,15.628179550170898,16.604940554703752,15.628179550170898,16.188188242213368,65030700
2023-03-02,14.625370979309082,15.65422710942705,14.625370979309082,15.60213198361378,37551115
2023-03-03,14.703512191772461,15.315616020427955,14.443043513345321,14.625371240479787,46883508
2023-03-06,14.58630084991455,14.96398180438348,14.560253287943397,14.742582744096353,27585453
2023-03-07,14.312808990478516,14.781653851286613,14.312808990478516,14.742584243179692,25520180
2023-03-08,14.065361022949219,14.768630421684176,14.01326676801037,14.547229620841245,37013151
2023-03-09,15.471898078918457,15.471898078918457,13.974197946402615,14.091408505111389,72385383
2023-03-10,14.820722579956055,16.149118736753014,14.78165297416746,15.237474895029312,52205846
2023-03-13,14.521183967590332,15.107241117313519,14.364902060997482,14.820723129344827,28413147
2023-03-14,14.469088554382324,14.990029360672574,14.456065642812964,14.547229501443605,21998235
2023-03-15,14.156526565551758,14.72955992517576,13.98722174873747,14.586301802622593,19352774
2023-03-16,14.260713577270508,14.54722980962415,14.0653612054788,14.260713577270508,20304914
2023-03-17,14.833745956420898,14.911886904686886,14.31280775033313,14.377924917417689,35933730
2023-03-20,14.013266563415527,14.9639817030541,14.013266563415527,14.820721852005406,21605178
2023-03-21,13.388140678405762,14.19559688574597,13.388140678405762,14.052337895354807,19650169
2023-03-22,13.63558578491211,13.856985715926909,13.309999952449633,13.531399014053147,17425289
2023-03-23,14.11745548248291,14.911887013287334,13.531399235631152,13.635586008196185,48217365
2023-03-24,13.778844833374023,14.286760125469668,13.752798140536404,14.13047909903267,14424599
2023-03-27,13.42721176147461,14.169550832752348,13.42721176147461,13.843963230984638,10600352
2023-03-28,12.76301383972168,13.51837578393575,12.76301383972168,13.466281526971866,13840470
2023-03-29,12.743477821350098,12.880224046727118,12.385332531357282,12.763013493210414,14343056
2023-03-30,12.502542495727539,13.283951945092547,12.476495803885792,12.945341473504795,13369944
2023-03-31,12.170445442199707,12.561149318605283,12.170445442199707,12.509055062692598,9856385
2023-04-03,11.9432954788208,12.420758478236777,11.72810052080256,12.219013485676399,12328071
2023-04-04,12.373684883117676,12.440932916782446,11.963469902467192,11.963469902467192,13536831
2023-04-05,12.447657585144043,12.71665061086667,12.346785537196128,12.508181532202007,11801272
2023-04-06,12.488006591796875,12.73010058445887,12.34006056223505,12.44093261024679,9216207
2023-04-07,12.535079956054688,12.629227016657051,12.387133035917017,12.521630889032334,6659618
2023-04-10,12.790624618530273,12.918395700641671,12.548530624222058,12.582154640454611,12659913
2023-04-11,13.173938751220703,13.86659577223874,12.783898753268211,12.804073700332028,29128064
2023-04-12,12.965469360351562,13.294985429532135,12.965469360351562,13.18066431589897,9605694
2023-04-13,12.743550300598145,13.368959320470854,12.743550300598145,13.046167336572294,12507530
2023-04-14,12.58887767791748,12.965468603682083,12.51490556665015,12.824246669822314,8493639
2023-04-17,12.440932273864746,12.723375257666953,12.440932273864746,12.602328264608865,7017591
2023-04-18,12.239188194274902,12.541805228260833,12.239188194274902,12.461107232816385,10506447
2023-04-19,12.366958618164062,12.48128062268765,12.171938622463653,12.353508653680777,7024689
2023-04-20,12.64267635345459,12.64267635345459,12.17193838024454,12.34678432360207,5098002
2023-04-24,12.595602989196777,12.97219392479862,12.508180911127335,12.649401950814605,11220713
2023-04-25,12.239188194274902,12.696476236552442,12.239188194274902,12.622502325843785,8680511
2023-04-26,11.78862476348877,12.360234841877165,11.76845071265696,12.319886740213546,6192130
2023-04-27,11.882771492004395,12.124865482259514,11.707926430950039,11.79534941040797,8440138
2023-04-28,11.405308723449707,11.950019720660434,11.29771170004225,11.88949577771399,7283857
2023-05-02,10.853873252868652,11.566705249858208,10.847148270241327,11.432208290896188,9615865
2023-05-03,10.625228881835938,10.974918988360038,10.1544908877175,10.887496910659747,8871821
2023-05-04,10.766450881958008,11.001819900026652,10.490732863710122,10.5848808300822,6746803
2023-05-05,10.510906219482422,10.699202139769188,10.302437147232988,10.699202139769188,7416003
2023-05-08,10.995094299316406,11.048893262486821,10.457108259058241,10.544531237512105,9007922
2023-05-09,10.72610092163086,11.149765834519256,10.72610092163086,11.042167911765219,7511189
2023-05-10,10.833699226379395,10.934572178645404,10.544532131703072,10.80680019144386,6620544
2023-05-11,11.45238208770752,11.647402090280632,10.78662408596748,10.833698065456469,13305362
2023-05-12,11.035443305969238,11.613779242459398,11.008544273293474,11.533081246570607,9745967
2023-05-15,10.833699226379395,11.331337208787012,10.463834129034895,10.490733163970429,8750420
2023-05-16,11.445657730102539,11.707926673919081,10.833698656920328,10.833698656920328,9290393
2023-05-17,11.553255081176758,11.78862408181985,11.304436115515838,11.452382139266014,10227112
2023-05-18,11.243913650512695,11.633953677598809,11.169940634809624,11.586879695461892,8847482
2023-05-22,11.297712326049805,11.459107421173181,11.149766298434162,11.257362429942077,10006591
2023-05-23,11.035443305969238,11.338061239482949,11.035443305969238,11.297712241538555,4830455
2023-05-24,11.660852432250977,11.869322406521517,11.035443407300864,11.069067422919693,18394047
2023-05-25,11.842423439025879,12.131590513662292,11.593604465065766,11.674302462141396,23354688
2023-05-26,12.447657585144043,12.66957662934637,11.889496585392296,11.889496585392296,22585815
2023-05-29,13.416033744812012,13.67830179147291,12.750275704933173,12.925120770086595,33463633
2023-05-30,14.754273414611816,14.754273414611816,13.543804373427013,13.839697324481055,26168814
2023-05-31,14.539079666137695,15.467106639116029,14.189388642273611,14.875321622301076,41358863
2023-06-01,15.063615798950195,15.198111855519983,14.660125833517895,14.687025763121028,22083376
2023-06-02,15.023265838623047,15.319157880067372,14.8618707510198,15.023265838623047,18849992
2023-06-05,14.740822792053223,15.251911573297326,14.579427705238366,15.13086368692863,26425546
2023-06-06,15.03671646118164,15.184662488376045,14.485280452673853,14.83497147052495,30771363
2023-06-07,15.144314765930176,15.789896956414715,14.942568872378775,15.198112832873123,44463202
2023-06-08,15.265359878540039,15.695749773427035,14.969467835899382,15.171211920684485,30833712
2023-06-09,15.359509468078613,15.467107402161522,15.13086542941017,15.332609535627105,20230203
2023-06-12,15.198112487792969,15.910944490424832,15.198112487792969,15.440206477123962,25837322
2023-06-13,14.88877010345459,15.332608175184543,14.794622143951065,15.225012046371628,14841365
2023-06-14,14.63322639465332,15.02326548657099,14.592877399232671,14.902219398170491,12968928
2023-06-15,15.198112487792969,15.305708619235846,14.660126443409547,14.740823541991706,13843396
2023-06-16,15.789897918701172,16.08579179422773,15.17121382612201,15.225013692066744,28075215
2023-06-19,15.359509468078613,16.260635656526635,15.26536150022146,16.0588915503097,21668094
2023-06-20,15.386407852172852,15.736097960236991,15.063615878130294,15.399856021322169,14708652
2023-06-21,15.103964805603027,15.803346855821212,15.036716773275534,15.46710669418375,16402043
2023-06-22,16.610326766967773,16.610326766967773,15.14431464022578,15.18466274116732,29296736
2023-06-23,16.79862403869629,17.753548325171998,16.677576134730828,16.973468217743672,20416452
2023-06-26,17.52490234375,17.672848368913918,16.90621831280162,16.933118243094324,14420917
2023-06-27,17.7535457611084,17.780445690487507,17.05416375875787,17.457653720829892,7149219
2023-07-03,18.54707908630371,18.654675221482357,17.88804512651143,17.88804512651143,21803831
2023-07-04,18.103239059448242,18.74882304866436,18.03599102652541,18.695023185747644,16137450
2023-07-05,18.062891006469727,18.39913117198647,17.37695711822483,18.11668907380779,26398841
2023-07-06,19.165760040283203,19.636498037688806,18.08978798784838,18.08978798784838,38947790
2023-07-07,19.582700729370117,19.97274074810641,19.071612817523654,19.192660710633824,26572854
2023-07-10,19.448205947875977,19.892044061834568,19.152313871903583,19.74409802384837,30593843
2023-07-11,19.36750602722168,19.690298003843054,18.775721933897803,19.56925011474856,24849559
2023-07-12,20.080337524414062,20.68557156809264,18.990915527503457,19.434753586771357,59442229
2023-07-13,20.36277961730957,20.968013661524292,20.039987648202274,20.241733526755795,31313667
2023-07-14,20.214834213256836,20.577974291703956,19.959292059697702,20.483826331892338,20547191
2023-07-17,21.317707061767578,21.694297120348693,20.214835021529492,20.214835021529492,30553264
2023-07-18,21.223560333251953,21.855694388118593,21.07561429433293,21.855694388118593,22190154
2023-07-19,21.78844451904297,21.801894484308423,20.497276585127295,21.30425654382459,44633638
2023-07-20,22.931663513183594,23.40240150019503,21.277357372061495,21.38495349749542,39314233
2023-07-21,23.536901473999023,23.76554550582732,22.756821413473517,22.958565513655046,27154638
2023-07-24,23.01236343383789,24.61287152149278,22.716469597877264,23.671395542028872,23471357
2023-07-25,22.232282638549805,23.469652509357637,21.815344488906963,23.133410560007018,25295669
2023-07-26,23.52345085144043,23.536900816888313,21.88259277698219,22.191934799391404,25313008
2023-07-27,23.281354904174805,23.980736887187227,23.079609030855664,23.671394890772557,12351570
2023-07-28,24.74736976623535,25.540899795781176,23.26790763844118,23.34860563798352,28264558
2023-07-31,25.352603912353516,26.899313967151613,25.2853540876032,26.899313967151613,45137148
2023-08-01,24.572525024414062,25.742645092650633,24.4649270956238,25.35260506990511,20910869
2023-08-02,25.28535270690918,25.567796568268925,24.63977058606446,24.63977058606446,19794145
2023-08-03,25.32570457458496,25.796442584505584,24.895316460457934,25.339154539849492,19604830
2023-08-04,25.95783805847168,26.764818001017357,25.55434808719884,25.79644206996254,26379899
2023-08-07,26.092334747314453,26.616870824779156,25.47365070832455,26.092334747314453,16754402
2023-08-08,25.28535270690918,26.09233260261865,24.976010712841024,26.09233260261865,24716237
2023-08-09,24.585973739624023,25.473651733595908,24.397679604718103,25.40640370000643,23483075
2023-08-10,24.653221130371094,25.66194333015891,24.45147525383521,24.680119263712417,26522237
2023-08-11,25.39295196533203,25.7695420046346,24.30352994647823,25.016361926029465,23729496
2023-08-14,24.720468521118164,25.984738310594746,24.599422426097195,25.55434840399389,23875873
2023-08-15,24.10178565979004,24.747367809356774,23.765543722331177,24.720467879728727,16307298
2023-08-16,24.31698226928711,24.49182644310497,23.765546223927696,24.209384335171933,18692478
2023-08-17,24.51872444152832,24.653222297493887,23.90004040954487,24.35732845094803,13506619
2023-08-18,23.267906188964844,24.57252406624856,23.267906188964844,24.532174171129448,14799162
2023-08-21,24.478376388549805,24.572524349188825,22.945114475105303,23.133410396383344,14514598
2023-08-22,26.0654354095459,26.737917483064265,24.276629610284573,24.4918236583237,40870333
2023-08-23,25.581249237060547,27.060711338462045,25.581249237060547,26.186483324969558,30690065
2023-08-24,24.491825103759766,25.82334295612415,24.37077900575738,25.742644958881552,16309160
2023-08-25,25.298805236816406,25.406403165730723,23.819343141790522,24.357329194916023,14244384
2023-08-28,25.473651885986328,26.09233595357836,25.32570585205981,25.32570585205981,12365122
2023-08-29,26.18648338317871,26.468925479304602,25.366055230413043,25.527449431254226,15473430
2023-08-31,28.79571533203125,28.79571533203125,26.53617334313203,26.53617334313203,45143630
2023-09-01,28.55362319946289,29.253005246065644,28.150133211860716,29.226105314984487,18317397
2023-09-04,28.257726669311523,29.65649242580561,28.230828536500105,29.051256603844266,21490049
2023-09-05,29.051258087158203,29.279903899928208,28.109782089062268,28.324977936878394,21710409
2023-09-06,31.0821590423584,31.95638524775564,28.80916695773491,29.226105112262605,52195689
2023-09-07,33.382049560546875,33.89313747777405,30.7324673983306,31.203205418855237,42226254
2023-09-08,31.875688552856445,34.40422455464962,31.75464245715158,34.25627852846679,32943001
2023-09-11,33.28790283203125,34.215928891873325,32.158130883522546,32.38677670287086,31900988
2023-09-12,36.3140754699707,36.60997113448038,33.44930091114884,33.879689054564174,52249974
2023-09-13,34.98255920410156,36.905861163961426,34.71356707829262,36.31407345915728,34525932
2023-09-14,34.02763366699219,35.238101840945774,33.08615762248471,35.184305569924206,30671893
2023-09-15,33.05925750732422,34.969109516947455,32.69611921202613,34.22937936936313,29794415
2023-09-18,30.799715042114258,33.20720124484297,30.638319058195037,33.04580526092375,29635179
2023-09-19,30.974559783935547,31.70083988755459,30.23482612478105,30.79971384221425,30060422
2023-09-20,32.92476272583008,34.04108476918346,30.94766440293084,30.974564335062812,42173355
2023-09-21,36.206478118896484,36.206478118896484,34.60596811158537,35.91058605574678,69711061
2023-09-22,39.824432373046875,39.824432373046875,37.053804351844754,37.63213845543409,42024913
2023-09-25,43.80553436279297,43.80553436279297,42.15122456823367,42.36642041861131,18897200
2023-09-26,40.913856506347656,48.176672460853005,40.510368327295566,47.746284351574914,117844251
2023-09-27,42.09743118286133,44.222475536189606,38.86951116331686,41.96293152250848,115849363
2023-09-28,39.91858673095703,42.54126903784971,39.91858673095703,42.09743093563048,45814587
2023-09-29,39.07125473022461,43.30789680940559,38.60051672142672,40.012730747820385,49927591
2023-10-02,38.07329177856445,39.89975769130077,37.69670349751248,39.16540389907383,44126485
2023-10-03,38.12977981567383,39.316038051925176,37.320109842487405,38.28041583918902,42541290
2023-10-04,37.82851028442383,39.975074660133785,37.80968033130138,38.33690824439081,36706466
2023-10-05,37.56489562988281,39.07125586521633,36.49160992183083,38.90178988981055,27201300
2023-10-06,36.585758209228516,37.32010834547754,36.585758209228516,37.188302279119604,17001600
2023-10-09,34.17557907104492,35.85140884174102,34.1379191680077,35.77608903566658,22756280
2023-10-10,35.04174041748047,35.49364849936949,34.25090037631314,34.25090037631314,22386126
2023-10-11,33.62952423095703,35.26769047736622,33.62952423095703,35.04173824614576,16487585
2023-10-12,33.139957427978516,34.57100144414318,32.27379760096876,33.968457351325654,25854089
2023-10-13,32.763362884521484,34.06260072265155,32.25496500115157,33.139954707339,20570000
2023-10-16,31.445301055908203,33.70484138865708,31.35115129738988,33.064637396516716,16291655
2023-10-17,32.424434661865234,32.78219657521752,31.087540362071955,31.46412863641197,21976096
2023-10-18,32.575069427490234,33.85547741180754,31.5017873204731,31.69008324606907,35551333
2023-10-19,31.78422737121582,33.36590729829569,31.633591358705637,32.895169310270624,17681510
2023-10-20,30.240209579467773,31.916039382841323,30.202553267142306,31.784229719640855,15549627
2023-10-23,32.19847869873047,32.57506692959915,30.842751011555006,31.068706823232844,27854285
2023-10-24,35.41832733154297,35.41832733154297,32.14199116992546,32.49975306782478,23607564
2023-10-25,32.95166015625,38.24275429573442,32.95166015625,36.71756417410714,45306659
2023-10-26,36.246826171875,36.246826171875,33.2152722882373,33.742500143657836,31378024
2023-10-27,38.12977981567383,39.353697955665496,36.75522565216697,37.6590417932581,54472517
2023-10-30,36.811710357666016,38.28041421833646,36.43512211054643,38.129778201199436,25061576
2023-10-31,34.60865783691406,37.470745875905116,34.55217157273475,37.094157612740666,17645911
2023-11-01,33.516544342041016,35.28652023707859,32.38677600917689,34.985248202788696,19376634
2023-11-02,33.32825469970703,35.19237690887457,33.139958765241914,33.85547900647387,15886701
2023-11-03,32.895172119140625,33.497719812077854,32.4997538993294,33.441229955770766,11843998
2023-11-06,33.121124267578125,33.648352093441936,32.98931820897361,33.32825012621136,12310638
2023-11-07,31.859548568725586,33.27176259465944,31.803058714767676,33.121126575551,17155672
2023-11-08,31.162853240966797,32.141989113930315,30.88041116761658,31.991353102047146,20395182
2023-11-09,31.407638549804688,31.821886678619112,30.861580769987444,31.144026430690577,16782216
2023-11-10,31.087539672851562,31.727743675626883,30.95573360018243,31.67125381957749,8671492
2023-11-13,30.12723159790039,31.313489761831534,30.051913590734557,31.25700350111083,9945721
2023-11-14,30.202550888061523,30.50382291161037,29.505857088951174,30.127231086451403,12076049
2023-11-15,29.637664794921875,30.692116935854564,29.524688677683447,30.503824604272523,11177559
2023-11-16,29.487028121948242,30.014254180741844,29.430540064579667,29.731812098176015,10460902
2023-11-17,31.049877166748047,32.42443122574324,29.562345200845,29.581175151283464,42982186
2023-11-20,31.746572494506836,32.23614045512232,31.068708611893708,31.35115069916718,19030215
2023-11-21,31.746572494506836,32.29262671770942,31.520616669820463,32.10433079571177,12177087
2023-11-22,33.04581069946289,34.55217466110186,31.74657622696422,31.934868579653475,35159384
2023-11-23,32.36794662475586,34.32621488192279,32.36794662475586,33.17761657787675,19786522
2023-11-24,33.554203033447266,33.87430500726073,31.82188710306484,32.951658986609175,24234270
2023-11-27,33.47888946533203,34.81578372582554,33.23410368233293,33.89313763236253,18177132
2023-11-28,32.83868408203125,33.855476300561364,32.443262292114134,33.478888053176334,13042911
2023-11-29,31.690082550048828,33.21527269013037,31.690082550048828,33.045806719960645,8553669
2023-11-30,32.443260192871094,32.57506625049963,31.6335903057864,31.690080155389648,11339007
2023-12-01,32.25497055053711,33.25293653868899,32.01018833760362,32.575072577571,11247233
2023-12-04,31.840717315673828,32.819853195572016,31.746571154372244,32.386775107271376,10760921
2023-12-05,31.14402961730957,32.01018586384899,31.08753976109982,31.840719886665863,7821708
2023-12-06,30.051916122436523,31.238176182026226,30.033086170128016,31.238176182026226,7566383
2023-12-07,30.484994888305664,30.786266930899316,29.543517061615976,30.033085028692167,9231830
2023-12-08,29.844791412353516,31.200515627302085,29.844791412353516,30.484995411718533,8234791
2023-12-11,29.166927337646484,30.522651544623013,28.940973303150393,29.901279296551053,9301686
2023-12-12,28.90331268310547,29.22341465308374,28.6961868226943,28.922140837551396,8303331
2023-12-13,27.566417694091797,29.091607795630498,27.566417694091797,28.903313674651482,9360026
2023-12-14,28.281940460205078,28.60204065445842,27.32163449027606,27.848860557880563,9960186
2023-12-15,28.884483337402344,28.9974594493337,28.206619482922516,28.319597390576796,9623712
2023-12-18,27.773542404174805,29.091608464211387,27.71705434615519,28.80916637839033,8053749
2023-12-19,28.055984497070312,28.413746387971717,27.41578231599962,27.77354241117804,9354035
2023-12-20,27.095680236816406,28.22545037232311,27.095680236816406,28.037156247600148,6499678
2023-12-21,27.88652229309082,27.999498417140053,26.700262216235192,27.114510398713197,9232884
2023-12-22,26.945043563842773,28.07481367189013,26.945043563842773,27.90534770675229,6013777
2023-12-25,25.89059066772461,27.67939475471371,25.21272857670265,26.945044605037335,13130483
2023-12-26,26.11654281616211,26.832064758543343,25.38219092367858,25.928248702307812,8812479
2023-12-27,26.380159378051758,26.907385463770492,25.815273388348725,26.11654543733086,7283964
2023-12-28,27.095680236816406,27.302804312728558,26.436646310978592,26.436646310978592,5392784
2023-12-29,27.622907638549805,27.77354366391659,26.907385620196035,27.095681549766052,5669170
2024-01-02,28.489063262939453,28.809165238591138,27.773541305348804,27.848859311636087,8334202
2024-01-03,27.07684898376465,28.658528893149395,27.00153097835218,28.620868992581713,9877943
2024-01-04,26.850894927978516,27.208655004230074,26.51196300626017,27.076848943883114,7688532
2024-01-05,26.9638729095459,27.05802087163805,26.530794797934234,26.888554899016782,8084767
2024-01-08,27.133338928222656,28.300768991267038,27.001532858503733,27.208656938879617,14637852
2024-01-09,27.17099952697754,27.924179652828194,27.039191658161375,27.246317539562604,15373890
2024-01-10,27.472270965576172,27.679395046642178,26.85089692665513,27.208657029536962,11980183
2024-01-11,27.340463638305664,27.98066580372497,27.170997672624136,27.528757759056187,9659233
2024-01-12,29.166927337646484,30.07074527135388,26.83206718546386,27.265145302650602,33482858
2024-01-15,28.696189880371094,29.618835988279372,28.60204191521813,29.37405379289397,12458932
2024-01-16,28.58321189880371,28.88448393111041,28.432575882650365,28.809165923033735,8005973
2024-01-17,28.9786319732666,29.185756047140885,28.54555207879115,28.620870087083887,11307774
2024-01-18,28.922142028808594,29.543516044189737,28.922142028808594,29.09160799586217,11862985
2024-01-19,29.01629066467285,29.355222606686297,28.47023464460841,29.01629066467285,12088220
2024-01-22,29.0539493560791,29.882447429463088,28.94097144821073,29.016289454882003,12633268
2024-01-23,28.35725975036621,29.562347959307875,28.300769893779762,29.31756396793583,10334128
2024-01-24,28.733848571777344,28.959802601172395,27.961838522413498,28.451404688241276,11315180
2024-01-25,29.957767486572266,30.33435934142711,28.827997309176883,28.940973429054896,18762694
2024-01-26,30.50382423400879,30.918072386485445,29.95776642300023,29.95776642300023,13159646
2024-01-29,30.616798400878906,30.918070418310165,30.296696433427478,30.616798400878906,10506558
2024-01-30,31.294662475585938,32.047842524934566,30.259036765216525,30.729774744990138,22163902
2024-01-31,30.974559783935547,31.7465697654598,30.84275013585582,31.407637853289017,10810184
2024-02-01,33.610694885253906,34.06260294728159,31.0122190392872,31.068708893832916,43644557
2024-02-02,33.252933502197266,33.83664764238789,32.80102543320006,33.817817690582245,19157922
2024-02-05,33.196441650390625,33.497717269716524,33.083465537797075,33.25293150241033,9507860
2024-02-06,34.9664192199707,36.190337342095674,33.27176308230182,33.36590924883218,28052857
2024-02-07,34.62748718261719,36.51043923981566,34.62748718261719,35.15471505155333,16613943
2024-02-08,34.57099914550781,35.39949542232191,34.36387328058136,34.64631535637916,9284302
2024-02-09,35.1170539855957,35.512475772065315,34.70280583965003,34.759292100970036,12406945
2024-02-12,36.604591369628906,37.73436339544976,35.55013556342477,35.851411216230424,26183503
2024-02-13,34.83461380004883,36.64224608956264,34.83461380004883,36.60458977711568,11628956
2024-02-14,34.53334045410156,34.89110234474948,33.94962633147832,34.83461249103266,11395593
2024-02-15,35.58779525756836,35.96438712775382,34.70280903151265,34.7592952980281,11891101
2024-02-16,35.92672348022461,37.18830144505652,35.644281402728545,36.510437585909266,17159640
2024-02-19,34.83461380004883,36.52926996932955,34.53334175179653,36.152681704737226,12039656
2024-02-20,35.776092529296875,36.09619455348002,34.34504839715144,34.83461641010485,18929626
2024-02-21,35.13588333129883,35.92672329916985,34.8911011564214,35.8890633979746,14207899
2024-02-22,35.851409912109375,35.9455560810672,35.0229099777852,35.1735460029854,16045174
2024-02-23,35.681941986083984,36.43512207095059,35.41832626279622,35.88906426476859,18648530
2024-02-26,35.1170539855957,35.96438381985494,34.90993170834582,35.92672391801099,14370255
2024-02-27,33.610694885253906,35.15471499504333,33.55420503070819,35.09822514049761,12814438
2024-02-28,32.236141204833984,33.61069536192643,32.236141204833984,33.61069536192643,15606071
2024-02-29,32.95166015625,33.08346622224365,32.160820168842164,32.31145618589861,12244822
2024-03-01,32.744537353515625,33.403571336668165,32.63156122800116,33.32825511680728,9015240
2024-03-04,31.878379821777344,33.17761778429488,31.821889965512707,32.97049190277069,10052068
2024-03-05,32.575069427490234,32.80102525649461,31.76540305288588,31.878379171665035,13520266
2024-03-06,32.06667709350586,32.46209532957188,31.426473061492622,32.46209532957188,8772197
2024-03-07,33.23410415649414,33.309423965090346,31.972526094076812,32.02901595052397,13344007
2024-03-08,32.763362884521484,33.55420283928164,32.443260912560326,33.422396778729244,9676003
2024-03-11,32.386775970458984,33.46005804026437,32.33028611730493,33.36590828500762,10720678
2024-03-12,31.633594512939453,32.42443455533525,31.351152410250855,32.42443455533525,7519352
2024-03-13,31.25700569152832,31.878379743121613,30.805097616864664,31.63359395802497,7581820
2024-03-14,30.59796905517578,31.33231916323734,30.59796905517578,31.257002953114885,7045948
2024-03-15,30.69211769104004,31.068709546362268,30.334359379074638,30.635631426753978,6960471
2024-03-18,29.750642776489258,30.861582978603025,29.69415471773978,30.842753027112195,6655460
2024-03-19,29.468198776245117,30.089572807232408,28.97863260945601,29.750642660335796,12908336
2024-03-20,29.938936233520508,31.068708157538364,29.487028182202554,29.543516239686557,13033272
2024-03-21,29.825960159301758,31.42647008789323,29.675324141989968,30.108402242830618,11900880
2024-03-22,30.2590389251709,30.861583007660673,29.825960814812124,29.844790766320685,8818938
2024-03-25,30.484994888305664,31.78422922519852,30.296698963823122,30.993389215528676,15092143
2024-03-26,29.223417282104492,30.635631348800242,29.14809747465326,30.597971445074627,8736891
2024-03-27,29.449369430541992,29.90127747195849,28.677357615135143,29.27990346608007,8167586
2024-03-28,29.7318115234375,29.976595494933413,29.411709544998455,29.468197601275072,6800056
2024-03-29,29.61883544921875,29.76947326815574,29.166927379576908,29.355223306455862,8810228
2024-04-01,28.90331268310547,29.901276697655025,28.09364278307538,29.618832832291492,10872372
2024-04-02,28.413747787475586,29.355223847785723,28.319599822299956,28.903315769810394,7684537
2024-04-03,27.867691040039062,28.69618916205563,27.717055017854232,28.376087165982106,6691927
2024-04-04,27.96183967590332,28.526723874832218,27.811203650092537,27.92417977158909,7368476
2024-04-05,29.600008010864258,29.618836167430274,28.093645946474766,28.150134007618984,9517391
2024-04-08,30.56031036376953,30.579140314906766,29.712982315546753,29.73181226668399,9112674
2024-04-15,29.769472122192383,30.654460071299365,29.600006153669455,30.597970217976403,13080053
2024-04-16,29.0539493560791,29.825959373390365,28.95980139880928,29.76947131731764,7134479
2024-04-17,28.922142028808594,29.637664003188718,28.86565397169839,29.148096052972377,7075235
2024-04-18,28.733848571777344,29.33639265016415,28.489064591001952,28.97863255255273,7633728
2024-04-19,29.524690628051758,29.71298476779531,28.48906657443129,28.696190666866134,9060017
2024-04-22,30.202550888061523,30.842751244518464,29.95776512427445,30.22137724701824,11898838
2024-04-24,30.108400344848633,30.654458117835038,29.769470225124167,30.5791383182042,8193786
2024-04-25,30.221378326416016,30.466164098945946,29.920108087829796,30.108402211411555,7458123
2024-04-26,31.049877166748047,31.068707117186506,30.24020725512337,30.33435700731567,16335119
2024-04-29,31.456005096435547,31.9034303740254,31.028031720540458,31.806165299914472,12386648
2024-04-30,31.066940307617188,32.25359169176176,30.930765859775235,31.45600618313898,11045605
2024-05-02,31.494915008544922,31.747806446745518,31.047487841671725,31.2031160535673,11590274
2024-05-03,31.533817291259766,31.786712427666107,31.222564592932606,31.533817291259766,9539155
2024-05-06,32.58429718017578,32.68156225475267,31.514366518130956,31.669992863708835,17294723
2024-05-07,32.60375213623047,33.14844622099741,31.94233921559379,33.07063119013432,13061980
2024-05-08,32.38976287841797,33.0317220089659,32.350855364948465,32.87609566551261,8394789
2024-05-09,32.059059143066406,32.38976561464521,31.76726018824393,32.38976561464521,7337406
2024-05-10,32.428672790527344,32.87609809724703,31.883978692939266,32.07851256425108,10874852
2024-05-13,31.319833755493164,33.05117737448846,31.319833755493164,32.778832187794784,8018539
2024-05-14,31.066940307617188,31.572725018189303,29.763568233209856,31.31983359050946,8285463
2024-05-15,30.794593811035156,31.41709922286462,30.580608039521895,31.06694085631678,5033449
2024-05-16,31.68944549560547,31.68944549560547,30.716778087458792,30.81404501379469,8601611
2024-05-17,32.311954498291016,32.37031206337387,31.51436895180825,31.864525473580528,12656300
2024-05-20,32.973365783691406,32.973365783691406,32.0007001701362,32.38976418930337,17093489
2024-05-21,32.64265823364258,33.4596974700878,32.54538944928914,33.14844478100626,18316216
2024-05-22,33.45969772338867,33.61532406910758,32.3897633499495,32.60375096672228,21674084
2024-05-23,32.973365783691406,33.65422874484017,32.934458268647234,33.45969859046901,19020176
2024-05-24,33.401336669921875,33.518055502365215,32.89555011543437,32.99281519073302,11376653
2024-05-27,32.9344596862793,34.04329793979313,32.817740846547586,33.848764066623595,16916229
2024-05-28,32.00069808959961,32.273043256352494,31.57272287278837,31.90342930831314,12312712
2024-05-29,31.33928871154785,32.00070165631681,31.203116112993957,32.00070165631681,7278722
2024-05-30,30.891860961914062,31.51436823331827,30.85295344579584,31.339288121211226,5666404
2024-05-31,30.133180618286133,31.300380110411286,30.094274957995268,31.125300001071267,8032710
2024-06-03,30.19154167175293,30.327714264598324,29.938648388459743,30.172087914142892,5459386
2024-06-04,29.783021926879883,30.38607356884151,29.783021926879883,30.210993461429286,5461861
2024-06-05,29.335594177246094,29.958099563963554,29.06324714295101,29.841380731560225,6587806
2024-06-06,29.763566970825195,29.977552729483133,29.47176618515089,29.47176618515089,4859202
2024-06-07,30.113725662231445,30.366618937302366,29.569033453346897,29.860834242372903,6141093
2024-06-10,29.12160873413086,30.42498079329133,29.04379555993676,30.11372624130252,5822063
2024-06-11,28.538009643554688,29.19942256672452,28.42128895202547,29.121609390775863,4158187
2024-06-12,28.59636878967285,28.888169588113733,28.3045698464444,28.59636878967285,5181429
2024-06-13,29.569034576416016,29.70520902521851,28.751995304450826,28.751995304450826,5313212
2024-06-14,29.685754776000977,29.99700747346057,29.25778138938783,29.763567950365875,5262864
2024-06-20,30.133180618286133,30.444433321462853,29.76356849706689,29.958100508946114,5133152
2024-06-21,30.502796173095703,30.561155594158052,29.8219294582556,30.386075475758453,5430349
2024-06-24,29.8608341217041,30.44443198697302,29.588487090756203,30.44443198697302,6696408
2024-06-25,29.179967880249023,29.91919395584082,29.121608463947997,29.88028644149854,6156477
2024-06-26,28.849262237548828,29.452315740265057,28.693635886243825,29.19942245559131,4983841
2024-06-27,29.607942581176758,29.666302000078073,28.907622133511058,29.02434282652617,4917582
2024-06-28,30.288806915283203,30.580607715394784,29.56903457668121,29.74411468570567,9970908
2024-07-01,29.218875885009766,30.833500653066906,29.1216089527339,30.638966788515173,8457313
2024-07-02,29.977554321289062,30.016461836863233,29.121609385994343,29.27723573786611,5050207
2024-07-03,31.12529945373535,31.12529945373535,30.016461254364003,30.055366913970715,7730329
2024-07-04,32.02014923095703,32.136871772494295,30.81404598513658,31.222563749242774,11762422
2024-07-05,32.5064811706543,32.759376293597754,31.922883319964942,32.02014839160495,8994740
2024-07-08,33.5180549621582,33.712588820045006,32.73992324103571,32.87609582842906,12968343
2024-07-09,33.22625732421875,33.634778812729465,32.681563243012754,33.49860250960931,10941205
2024-07-10,33.45969772338867,33.693135386754655,32.44812462100337,33.2846176206518,9724157
2024-07-11,34.237831115722656,34.43236498493059,33.61532570259724,34.02384348855144,10173570
2024-07-12,34.14056396484375,34.43236663787627,33.98493760409146,34.335097843390386,7097858
2024-07-16,33.96548080444336,34.801973810009514,33.36242917431942,34.39345604101662,9167328
2024-07-17,33.96548080444336,34.25728345135232,33.634778064072805,34.04329583306569,6180810
2024-07-18,33.38188552856445,34.29618992346045,33.265166686975085,34.14056356453294,6115827
2024-07-19,32.9344596862793,33.61532638716017,32.623206973378046,33.38188499727172,7631580
2024-07-22,35.288307189941406,35.77463999558194,32.817739357210364,33.07063078355651,22901842
2024-07-23,35.1326789855957,35.77463810672965,34.82142630325347,35.32721283966576,15004802
2024-07-24,34.80197525024414,35.638468290427475,34.47126878576294,35.09377790922898,8347511
2024-07-25,34.41291046142578,35.40502983293332,34.23783035407593,34.72416316106444,9620358
2024-07-26,35.73573684692383,35.73573684692383,34.43236475546896,34.43236475546896,10381195
2024-07-29,34.29618835449219,36.12480077105463,34.19892327602154,35.560656637160044,12054352
2024-07-30,33.693138122558594,34.60744622451854,33.57641928139831,34.39345859037046,7715032
2024-07-31,32.79828643798828,33.693137042233424,32.662113842596625,33.63477947873697,9895264
2024-08-01,33.07063293457031,33.459700688558826,32.876099057576056,33.18735177659683,8299229
2024-08-02,33.07063293457031,33.420793171074955,32.19523234330871,32.25359361953451,8592510
2024-08-05,31.203113555908203,32.5842968971102,30.541698810129475,30.541698810129475,11967721
2024-08-06,31.203113555908203,32.68156197084213,31.125298528582878,32.195229181333026,8719628
2024-08-07,31.80616569519043,31.903430770510138,30.716779412613242,31.378190458764244,9791928
2024-08-08,32.837188720703125,32.837188720703125,31.767258054736214,31.786711811807855,10265673
2024-08-09,32.25358963012695,33.226255184365314,32.00069821861182,33.12899011311133,7616815
2024-08-12,30.736234664916992,32.72047161031739,30.736234664916992,32.72047161031739,8728123
2024-08-13,31.319833755493164,31.319833755493164,30.308260618595398,30.93076602270944,7935860
2024-08-14,30.522245407104492,31.806165544669806,30.40552657518825,31.611631684526227,6169780
2024-08-15,30.891860961914062,30.98912789699714,30.210994271545005,30.522246979640865,6718100
2024-08-16,31.611631393432617,32.19522925806456,31.125298602764424,31.125298602764424,14371044
2024-08-19,32.29249954223633,32.38976462071742,30.93076618095155,31.728351697856237,10790492
2024-08-20,32.58429718017578,33.012268702908756,31.961791797864265,32.31195200302068,10057005
2024-08-21,32.58429718017578,33.284617590488615,32.195229461018705,32.58429718017578,9753265
2024-08-22,32.739925384521484,33.070631851453015,32.214685046967006,32.83719046462048,8758250
2024-08-23,32.58429718017578,33.75149662722225,32.58429718017578,32.91500362833187,18396994
2024-08-26,33.9460334777832,34.70471151551933,32.234139815166955,33.07063288776068,25843069
2024-08-27,35.03541564941406,35.229949513121255,33.595870994660565,33.946031207248545,14979416
2024-08-28,34.49072265625,35.83300227651466,34.41291133457847,34.80197536378601,22463743
2024-08-29,34.87978744506836,35.38557397963131,33.94602940145582,34.49071973835081,13403514
2024-09-02,34.977054595947266,35.366122325795175,34.626894381169116,35.01596211101703,11373992
2024-09-03,34.45181655883789,35.502297272846725,34.23783263261117,35.05487195114301,10656546
2024-09-04,35.015960693359375,35.26885211022454,33.80985374800124,34.23782897559189,14528911
2024-09-05,35.327213287353516,35.71628100042414,34.84088050122759,35.1326794308182,10850469
2024-09-06,35.44393539428711,35.638469268809224,34.74361864060257,35.32721655374386,7582715
2024-09-09,35.288307189941406,36.26097280122248,35.249403385413046,35.59955988871736,12286076
2024-09-10,34.043296813964844,35.44393397570072,33.86821670494475,35.28830762439674,9836302
2024-09-11,32.54539108276367,34.04329704316491,32.44812600395317,34.023843285317824,8474891
2024-09-12,32.739925384521484,33.05117809334822,31.631087145523114,32.856644222725265,9774935
2024-09-13,34.5490837097168,34.60744498341651,32.64265996062551,32.7982863133998,8401889
2024-09-16,34.87978744506836,35.424477781963354,34.5296272511075,34.54908100748584,8966026
2024-09-17,34.918697357177734,35.191042544338764,34.52962962372635,34.957601162182954,6329240
2024-09-18,34.977054595947266,35.17158846087122,34.607444334059096,34.91869703376748,5440121
2024-09-19,35.24940490722656,35.5995614256481,34.977056001220916,35.28830871343451,7805676
2024-09-20,36.33878707885742,36.63058601411607,35.327213973564334,35.34666773063822,14216799
2024-09-23,35.69683074951172,37.01965665135685,35.63846947369206,36.76676149989672,8869263
2024-09-24,36.51387023925781,36.74730792283962,35.73573844327664,35.89136480247287,8948254
2024-09-25,35.24940490722656,36.70840338713714,35.15213611564419,36.688949628820666,8676556
2024-09-26,34.704708099365234,35.83300002076148,34.704708099365234,35.34666723204888,7042744
2024-09-27,34.76306915283203,34.76306915283203,34.14056007040777,34.72416163947589,5959763
2024-09-30,34.12110900878906,34.9965057707044,33.82930637772603,34.782518164038066,6602268
2024-10-01,32.58429718017578,34.43236328053476,32.13687190044247,34.19892190695556,7598259
2024-10-02,31.242019653320312,32.58429928985109,31.144754572445983,32.33140785332282,8757337
2024-10-03,30.522245407104492,31.98124564775655,30.444432234089536,31.436551581439485,10949856
2024-10-04,30.794593811035156,30.85295322959105,29.19942276561592,30.73623439247926,9526354
2024-10-07,30.81404685974121,31.786712470944092,30.658420510365744,31.222564635442495,6582882
2024-10-08,30.483341217041016,30.950220277627274,30.19154226797772,30.79459392409852,6261926
2024-10-09,32.07851028442383,32.09796404121492,30.366618646266883,30.658419432496252,10145701
2024-10-10,31.18366050720215,32.292498698794695,31.144752992655967,32.0785110792155,6473618
2024-10-11,30.600059509277344,31.319833700536787,30.30826056541401,31.18366110742889,5955141
2024-10-14,29.685754776000977,30.677874140562736,29.530128427271183,30.61951286837975,5488446
2024-10-15,30.42498016357422,30.522245237894403,29.66630033947512,29.68575409642411,5856082
2024-10-16,30.755687713623047,31.10584607519809,30.26935490373485,30.347168079108464,6703015
2024-10-17,30.81404685974121,31.203114588392303,30.54169982072793,30.6973261701034,7824358
2024-10-18,29.880287170410156,31.0280328985325,29.744114577315113,30.87240654779175,8661060
2024-10-21,29.257781982421875,29.97755432368955,29.160515048691117,29.97755432368955,6040413
2024-10-22,29.685754776000977,29.821927367336446,28.790902343198443,29.3161408063584,9637135
2024-10-23,29.063249588012695,29.783023820974122,28.81035814479252,29.646849364764165,6563753
2024-10-24,29.452316284179688,29.627394541221765,29.160515478684598,29.25778241384963,6238924
2024-10-25,31.883975982666016,32.38976252091273,30.230445637922664,30.288805052270412,28879865
2024-10-28,32.07851028442383,32.09796404121492,31.514366179180904,31.90343018372868,6486344
2024-10-30,33.673683166503906,34.3350960936004,31.90343201175299,32.07851212248,20578663
2024-10-31,33.90712356567383,33.94603108035479,33.2457106577967,33.79040473205575,9102984
2024-11-01,33.65422821044922,34.49072121849211,33.38188303031425,33.92657710100899,13285279
2024-11-04,33.61532211303711,34.08220112302622,32.83718671929737,33.63477586892306,12036035
2024-11-05,33.45969772338867,34.29618701261234,32.73992355542323,33.770950414826494,14079916
2024-11-06,35.405029296875,35.6773744773291,33.57641693136579,33.7514970360648,15504057
2024-11-07,35.891361236572266,35.891361236572266,34.938145706971575,35.40502844859933,8365825
2024-11-08,36.902931213378906,37.05855755963406,35.30776023665741,35.988626892932984,14955184
2024-11-11,36.24151611328125,37.38926173862097,36.06643973099807,37.0585553091091,10680052
2024-11-12,35.98862838745117,36.51386871928352,35.67737568201532,36.22206977174053,9064682
2024-11-13,37.38926315307617,37.73942335173836,35.77463845624196,35.94971855557305,17647383
2024-11-14,37.27254867553711,37.71997399921281,35.98863027081762,37.44762879531023,16085999
2024-11-15,37.52544403076172,38.5175597675252,37.23364135596937,37.350363910056366,12873039
2024-11-18,37.66161346435547,38.167400024897,37.214184465521726,37.54489092009023,10681706
2024-11-19,37.972869873046875,38.55646780971509,37.56434834903897,37.719974712845506,12172919
2024-11-20,37.52544403076172,38.71209364724505,37.253095114983864,38.14794947752513,12125771
2024-11-21,38.459197998046875,38.78990444430315,37.27254480081706,37.60325124707333,11743560
2024-11-22,38.459197998046875,38.80935820119172,37.89505017955246,38.57591682895358,9457945
2024-11-25,39.120609283447266,40.20999365148126,38.75099533859794,38.867714164709724,12870134
2024-11-26,39.4902229309082,39.97655574390178,38.84826376617368,38.84826376617368,8584633
2024-11-27,39.04279708862305,40.03491645853613,38.945532011551606,39.87929010896691,6784517
2024-11-28,38.47865295410156,39.101158352237,37.136373370356495,38.906624487713465,15160060
2024-11-29,39.39295959472656,39.704212311974345,38.01177612574265,38.47865520161433,12236122
2024-12-02,39.56803512573242,39.5874888821087,38.011771719876776,39.39295502877058,12641631
2024-12-03,38.92607498168945,40.32671201006634,38.906621225825596,39.568034083498596,10734191
2024-12-04,39.062252044677734,39.62639989819155,38.98444072271805,39.062252044677734,6814751
2024-12-05,40.26835632324219,40.38507515342203,39.159514450047205,39.21787572034948,14989600
2024-12-06,39.87928771972656,40.50179308070801,39.782022648482446,40.34616674046265,6865979
2024-12-09,43.867218017578125,43.867218017578125,41.96079429115269,42.019155564158524,33113084
2024-12-10,41.66899490356445,46.04599015095389,41.63008738864125,44.54808422023421,66871993
2024-12-11,40.54070281982422,42.544395307145294,40.46288779021571,41.82462112496593,23386061
2024-12-12,41.45500946044922,41.84407720927778,40.67687767321713,40.851957789147484,14236116
2024-12-13,42.40821838378906,42.797286105279696,41.163207611698674,41.27992644397595,15013740
2024-12-16,42.388771057128906,43.40034051915105,42.388771057128906,42.70002377012418,11496481
2024-12-17,42.73892593383789,42.87510223716153,40.521249511372595,42.641660856174454,13099893
2024-12-18,43.264163970947266,43.98393812304821,42.36931343039305,42.855646213848516,16466320
2024-12-19,42.855648040771484,44.12011258957449,42.66111417701144,42.99182063227606,10864173
2024-12-20,43.5365104675293,43.731044328917726,42.36931472004832,42.87510127548831,8451393
2024-12-23,42.777835845947266,44.178473079073854,42.6027557280033,43.594875159544046,16379546
2024-12-24,43.82831573486328,43.94503457450382,42.23314094445911,42.77783504682334,17384116
2024-12-25,43.88667297363281,44.41191331375311,43.478155182711454,43.94503424823228,8569646
2024-12-26,43.88667297363281,44.27574071677933,43.43924766631181,44.08120684520607,10841921
2024-12-27,45.190040588378906,45.42348195309943,43.57541592287118,43.886668602215465,13967567
2024-12-30,45.09278106689453,46.240526854634645,44.937154708070025,45.32621874991875,9558138
2024-12-31,45.32621383666992,45.65692027712737,44.62589715308478,44.762069738492315,7286157
2025-01-02,46.960296630859375,47.62170957302007,45.20949919413842,45.442940583899556,18970435
2025-01-03,45.968177795410156,47.11592357944341,45.7736476303266,47.038112255495,11153958
2025-01-06,44.19792556762695,46.24052564813145,43.90612661624773,46.182164373685616,15900935
2025-01-07,44.178470611572266,44.58699210076603,43.73104531756113,44.48972702308531,14175631
2025-01-08,43.45869827270508,44.41191009281565,43.40033700233821,44.178468721772894,11024349
2025-01-09,45.267860412597656,45.384579252119806,43.51706297806529,43.59487430093839,14465805
2025-01-10,45.520751953125,46.104353572908344,45.034419125184726,45.20949924007722,10164257
2025-01-13,46.20161437988281,46.35724072200859,45.034414958727154,45.54020149824209,13592095
2025-01-14,47.48553466796875,47.777333608174665,46.31833519672026,46.5712303325436,17157579
2025-01-15,47.91350555419922,48.51656089431666,47.09646630637296,47.48553402835681,16464040
2025-01-16,49.21687698364258,49.362778305167645,47.971866225547664,48.380387699563016,12850081
2025-01-17,49.50868225097656,50.140912686773156,48.61382793834416,49.21687959245897,17844038
2025-01-20,48.82781219482422,49.70320897867828,48.04968048347905,49.605943906169394,15191415
2025-01-21,49.16824722290039,49.80048137130856,48.477655510926816,48.87644827379852,10641311
2025-01-22,49.70321273803711,49.75184898839489,48.61382825975704,49.26551616821674,9254423
2025-01-23,51.64854049682617,51.98897567399151,49.65457681214949,49.94637574227357,16472922
2025-01-24,53.98294448852539,53.98294448852539,51.5512803223756,51.69718165651461,14640668
2025-01-27,54.95560836791992,55.2960398559406,53.54524245533079,53.98294273308948,14239414
2025-01-28,54.46927261352539,55.831005913033415,53.10753931401736,55.052870478786126,17621254
2025-01-29,52.23214340209961,55.00423887474611,51.94034446451968,54.56653861316382,13407121
2025-01-30,51.454010009765625,53.156174753050934,51.30810869045701,52.47530811365187,9936047
2025-01-31,51.89170837402344,52.08624223647651,50.7731451581617,51.55127689754917,8441847
2025-02-03,52.329410552978516,53.302076190433226,51.06494596637238,51.89171027403891,10411026
2025-02-04,51.16221237182617,52.815744740435775,50.82178087406466,52.767112199387704,11905011
2025-02-05,50.67587661743164,51.648542223988294,49.89774487427128,51.308110745863395,9134789
2025-02-06,52.86437225341797,53.01027357311017,50.62724218416064,50.91904111312035,8907744
2025-02-07,52.66984558105469,53.15617839820044,52.18351276390894,52.86437573957304,5607179
2025-02-10,51.940345764160156,52.91301138738094,51.162210297243604,52.86437513787999,8116133
2025-02-11,51.25947952270508,52.4753115620936,51.113578193808486,51.940346206847636,6942414
2025-02-12,50.14091110229492,51.454011892854616,49.50868068647712,51.35674310628085,8555396
2025-02-13,51.55127716064453,51.940344887536305,50.09227875043761,50.52997901558465,9455201
2025-02-14,51.843074798583984,52.86437291799439,51.50264332892209,51.940343583076476,8029142
2025-02-17,50.77314758300781,51.891710852290394,50.52998117093443,51.84307831196071,7166007
2025-02-18,50.18954086303711,50.77314241891056,49.411409165630445,50.77314241891056,11672288
2025-02-19,50.28681182861328,51.11357609731666,49.16824491408539,50.384076903604935,13702799
2025-02-20,49.3627815246582,50.48134850150518,49.119615113206684,50.28681463025897,12265037
2025-02-21,46.59068298339844,49.55731227414537,46.37669536746481,49.55731227414537,21072117
2025-02-24,45.03441619873047,47.27154631979617,44.820432291431,47.17428124469866,11772300
2025-02-25,44.23683166503906,45.42348490106793,44.08120531526682,45.151136006147865,12289086
2025-02-26,44.62590026855469,45.014964295391586,43.575419604202715,44.39245888411261,13843287
2025-02-27,46.10435485839844,46.29888502665846,44.62590257498651,44.64535633389754,14423619
2025-02-28,43.789405822753906,44.976059043864915,42.79728646401885,44.25628486620131,25643615
2025-03-03,43.71158981323242,44.37300270422105,43.45869839511311,43.80885859745118,11025081
2025-03-04,42.75837707519531,43.750496390441974,42.38876683434972,43.750496390441974,8753589
2025-03-05,44.081207275390625,44.081207275390625,42.46658243329807,43.16690289362618,11219987
2025-03-06,47.07701873779297,47.193737576362295,44.139568042419214,44.35355196139215,17405280
2025-03-07,47.1937370300293,48.06913387480279,46.571231617632606,47.01865691898961,14080697
2025-03-10,46.785213470458984,47.79678657619615,45.59856397182959,46.999201087940826,12605020
2025-03-11,50.28681182861328,50.91904223690858,45.812547880926495,45.812547880926495,21937434
2025-03-12,50.432708740234375,51.64854071285743,49.605944483020586,50.57861006111903,11924226
2025-03-13,51.55127716064453,51.74581102409042,50.52997901558465,50.72451287903054,11215876
2025-03-14,52.329410552978516,52.86437591149362,51.16221104594787,51.599911324887486,11979548
2025-03-17,51.7944450378418,52.86437575163663,51.35674476022575,52.32941039473921,8761611
2025-03-18,52.1348762512207,52.232145040414814,50.967680464290694,51.5999108971403,9480633
2025-03-19,49.02234649658203,52.42667601133288,48.34147985154692,48.516559951996655,17962063
2025-03-20,50.967681884765625,53.204812152630424,49.60594848149573,49.60594848149573,19206618
2025-03-21,45.87091064453125,50.57861240952733,45.87091064453125,50.57861240952733,15915460
2025-03-24,47.9913215637207,48.9737122016943,43.28361984152848,46.143255412159654,20764673
2025-03-25,50.23817825317383,51.162207577778,47.89405437422781,48.14694579023612,12081334
2025-03-26,50.092281341552734,51.502647286458156,49.46004718025633,50.14091388232361,12571308
2025-03-27,49.654579162597656,51.50264532490467,49.31414767974236,50.67587732158842,8925348
2025-03-28,50.092281341552734,52.13487773732954,48.77918418861408,49.65458105376484,21729614
2025-04-02,46.6006965637207,49.92931882018953,46.24616826038299,49.92931882018953,27478618
2025-04-03,45.34015655517578,46.83705180601191,45.30076368514331,46.521916359173865,13913357
2025-04-04,44.473533630371094,45.49772574393622,44.079612430781125,45.241675837189455,16767955
2025-04-07,45.61589813232422,45.97042644142536,42.208493840115736,43.134203725327005,22929385
2025-04-08,47.01431655883789,47.50671617033648,45.67498901448799,45.89164228898395,19189488
2025-04-09,45.69468307495117,47.58549568161694,45.59620090374314,46.60069650980084,15504496
2025-04-10,47.44762420654297,47.94002379045752,46.640089189459964,46.640089189459964,13998786
2025-04-11,47.25066375732422,47.86123819125265,46.95522475746922,47.44762434279779,10548846
2025-04-14,48.8657341003418,49.338437254394755,47.48701750686503,47.48701750686503,12853394
2025-04-15,49.436920166015625,50.963358161540874,48.964217004887786,49.00360611744868,10049174
2025-04-16,48.11729049682617,50.766399046570996,47.86124059583321,49.08239328175229,9462979
2025-04-17,48.58999252319336,48.94452083513561,47.50671490933497,48.11728935950729,11943966
2025-04-18,49.22026443481445,49.53539988384538,46.83705213192924,48.58999353675261,11304502
2025-04-21,49.58463668823242,50.42171823644512,48.98391235039455,49.436919066814205,10123420
2025-04-22,47.88093566894531,49.97855900003774,47.78245725241773,49.58463782050584,7755912
2025-04-24,47.09309768676758,50.37248084293156,47.09309768676758,50.32323787730849,15750360
2025-04-25,46.28556442260742,47.56580268720968,45.734075494092316,47.211274358643614,12417644
2025-04-28,46.79765701293945,47.88093459734161,46.502218013258016,46.679482164409016,16428750
2025-04-29,45.45833206176758,46.81735604372916,45.30076433608441,46.67948475334526,11377942
2025-04-30,46.068904876708984,47.07340050067446,45.359852014923945,45.359852014923945,18645019
2025-05-02,46.18708419799805,46.837051522759616,45.596202421217,46.167387763100926,9505469
2025-05-05,44.51292419433594,46.50221901139892,44.453834890447055,46.50221901139892,7801802
2025-05-06,43.84326171875,44.59170747288701,43.508429833730865,44.59170747288701,9532042
2025-05-07,43.82356643676758,44.512926660148814,43.29177394244111,43.82356643676758,10791036
2025-05-08,44.13869857788086,44.57200886104072,43.823563143453555,43.823563143453555,3541266
2025-05-09,45.832557678222656,46.364350171139066,44.49323010645289,44.49323010645289,9903882
2025-05-12,48.64908218383789,48.78695347133423,46.67948377569402,47.27036179545285,13924541
2025-05-13,49.436920166015625,50.126280351426935,48.09759266446469,49.00360611744868,11162917
2025-05-14,51.751197814941406,52.194358211475354,48.49151482904799,49.387681961278474,13710118
2025-05-15,53.425357818603516,54.3609178312853,51.308037987624274,51.75119838907468,19564841
2025-05-16,52.93295669555664,55.0010335009778,52.39131789001404,53.425356292724615,12056781
2025-05-20,53.4745979309082,53.819279918614114,52.0466382828945,52.93295910075431,8918558
2025-05-21,52.046634674072266,53.81927618688003,51.40651746707898,53.474594223073765,7678438
2025-05-22,51.997398376464844,52.58828016603466,49.880082294794704,51.997398376464844,10329986
2025-05-23,50.4709587097168,52.04663591796998,50.4709587097168,51.948157501220706,6622050
2025-05-26,51.06183624267578,51.40651821147323,49.92931943388326,50.914118618943235,7799008
2025-05-27,50.76639938354492,51.061838400204024,49.929321543558984,51.01259919021266,5775128
2025-05-28,48.19607162475586,51.2587977460381,47.56580073614038,50.7663981447184,13658259
2025-05-29,46.77796173095703,48.66877438086085,46.3446514378651,48.452121112670284,12600977
2025-05-30,47.467323303222656,48.0778977696458,46.226474178398796,46.56130606451037,11449488
2025-06-02,47.368839263916016,47.979417463036576,46.38404007957921,47.40823213290007,7725082
2025-06-03,49.33843994140625,49.68312192608015,47.62489138423188,47.62489138423188,7425804
2025-06-04,50.56943893432617,50.66792111130699,48.806651168545294,49.33843989739797,5417501
2025-06-05,50.717159271240234,51.11108045758469,49.83083848032063,50.224759666665086,2164601
2025-06-10,49.83083724975586,51.40651819951165,49.584637453548154,51.061836230794405,7863886
2025-06-11,50.02779769897461,50.71715787778175,49.48615890016569,50.02779769897461,9738149
2025-06-12,48.511207580566406,49.6338818390499,47.95972242556841,49.28919986046528,6519660
2025-06-13,45.30076217651367,46.89613579259015,44.61140200074632,46.12799363609235,12941743
2025-06-16,45.51742172241211,46.1279961946041,44.39475119858102,45.28106825368986,10102908
2025-06-17,45.30076217651367,45.87194750283,44.61140200074632,45.694683350298085,8647206
2025-06-18,44.3553581237793,45.26137161017606,43.98113336531889,45.064411013264746,7041651
2025-06-19,44.15839767456055,45.5765072149854,44.15839767456055,44.375054707558725,10325780
2025-06-20,44.15839767456055,45.615900085841595,44.079611932848145,44.70988659641457,9512721
2025-06-23,42.56302261352539,43.52812537843389,42.247887170155714,43.52812537843389,9688243
2025-06-24,44.90684127807617,45.24167315083273,44.00082783221182,44.690188012205994,13828345
2025-06-25,44.21748733520508,45.044718846260096,43.843262572493984,44.98562953950225,7013194
2025-06-26,44.21748733520508,45.06441152513508,44.05991960722845,44.21748733520508,8739694
2025-06-27,44.099308013916016,44.86745396259577,42.74028779069589,44.25687573936375,10248838
2025-06-30,47.270362854003906,47.270362854003906,43.922043982494266,44.35535804628429,18394665
2025-07-01,49.633880615234375,49.92931962051454,47.290057494151604,47.802153523102255,18326958
2025-07-02,50.61867904663086,50.86487884013255,49.289197907695325,49.289197907695325,11610088
2025-07-03,50.42171859741211,51.80043519073915,50.0770366315473,51.11107877243099,6856250
2025-07-04,51.30803680419922,51.701957986782844,49.83083800457685,50.37248056980704,8777048
2025-07-07,50.96335983276367,51.751198460478705,49.83083922268456,50.42172101100402,11708578
2025-07-08,50.323238372802734,52.39131897787667,50.02779935970957,51.40651976309219,12233059
2025-07-09,50.27399826049805,50.76639785904692,49.97855925271088,50.569437268285206,7727024
2025-07-10,51.800437927246094,51.997398524329455,50.61868185816775,50.61868185816775,8097031
2025-07-11,51.20956039428711,52.194359632638786,50.22476115593543,52.095881211488,7442154
2025-07-14,50.4709587097168,51.35727948730346,49.83083773071412,51.30803652221803,4078267
2025-07-16,48.80664825439453,50.6679180860234,48.018805912432285,50.22475770784731,9104201
2025-07-17,49.38768005371094,49.929318847793816,48.57029493648477,48.806648391077495,9927748
2025-07-18,48.708168029785156,49.683120900733925,48.43242545310548,49.53539951653504,6877855
2025-07-21,49.38768005371094,49.781597469084524,48.70816621970106,48.90512680574321,10108130
2025-07-22,48.96421813964844,50.077038547032544,48.96421813964844,49.48616052110666,9557935
2025-07-23,49.20056915283203,49.73236164430253,48.80665171066612,48.92482656764479,8610898
2025-07-24,49.88008117675781,50.86488038058947,49.22026375670097,49.387681574841984,10457163
2025-07-25,49.633880615234375,50.22475862579471,48.9839133009337,50.126280209604914,6451901
2025-07-28,48.45212173461914,49.83083837036068,48.25516114188154,49.83083837036068,6893484
2025-07-29,48.05820083618164,48.84603945512674,47.703672518478626,48.452122024009626,5999633
2025-07-30,48.72786331176758,49.12178448916953,48.05819956421072,48.05819956421072,8089500
2025-07-31,50.96335983276367,51.20955963871905,48.66877583803829,48.82634732029221,16275974
2025-08-01,50.17552185058594,51.70195991580563,49.92932204146305,50.71716067931409,10463466
2025-08-04,49.33843994140625,50.47096055907474,49.22026508563479,50.37248213871701,11125912
2025-08-05,48.64908218383789,49.53539921347613,48.45212159168133,49.4861600046147,12963861
2025-08-06,48.2945556640625,49.220265597876256,48.136987935823754,48.88543370578005,13371632
2025-08-07,48.747562408447266,49.535401049564825,48.27485922377673,48.31425209501035,13558058
2025-08-08,48.47181701660156,48.94452017390147,48.35363840974352,48.846038001519766,7035669
2025-08-11,49.33843994140625,49.78160034643787,48.7869547766655,48.7869547766655,10282459
2025-08-12,48.23546600341797,49.436922270370545,48.117291147283424,49.3384400929993,8057774
2025-08-13,47.92033004760742,48.64908312568205,47.90063361233936,48.31425123954682,6548666
2025-08-14,47.270362854003906,48.37333693538494,46.915834531525135,47.92033019297803,9981096
2025-08-15,47.13249206542969,47.42793108507176,46.85674948132522,47.05370632327929,5858179
2025-08-18,47.42792892456055,47.60519307961297,46.60069745321952,47.34914694270991,8846941
2025-08-19,47.68397521972656,48.2551605560603,47.5067148207966,47.58549680290872,9187114
2025-08-20,48.45212173461914,48.668775005590746,47.54610451071051,47.72336866850326,9947716
2025-08-21,49.28919982910156,49.486160422923035,48.60968972496391,48.727864578572444,10042503
2025-08-22,48.58999252319336,49.83083785828044,48.47181767144954,49.43692043356412,11426215
2025-08-25,48.905128479003906,49.48616016151702,48.747560756121246,49.003606897039006,10607027
2025-08-26,49.78160095214844,50.52020038395097,48.49151634889504,48.944523098789965,19913548
2025-08-27,48.550601959228516,50.61868262486157,48.550601959228516,50.1262830030505,13324749
2025-08-28,48.156681060791016,48.92482321355818,47.86123830353222,48.64908064727472,8232704
2025-08-29,47.664283752441406,48.393033071510175,47.29005899694857,48.25516178177883,7136418
2025-09-01,47.15218734741211,47.84154754751938,46.93553031850989,47.72336893718498,10821102
2025-09-02,45.95072937011719,47.36883883016072,44.82805891132722,47.19157467806644,14006492
2025-09-03,44.5720100402832,45.67498784667098,44.237178162756706,45.51742012528855,10572312
2025-09-04,45.3598518371582,45.85225142991485,44.552316805574165,44.670491655956745,10446650
2025-09-05,44.37505340576172,45.694684487043986,44.0993070745686,45.59620231279258,12384553
2025-09-08,44.296268463134766,44.86745381393459,43.035726663729484,43.62660469302298,12004640
2025-09-09,44.11900329589844,45.537116544568946,43.92204270505967,44.49322804282102,10138660
2025-09-10,44.19778823852539,44.65079495959434,43.508428061366565,44.35535595701506,7276431
2025-09-11,43.74477767944336,45.37954792121261,43.665995698700314,44.31596300585104,11411598
2025-09-12,43.409950256347656,43.961435400459074,42.58271878346974,43.646299959049465,7568675
2025-09-15,45.67498779296875,45.69468422770725,42.60241159455784,42.996332775906154,14882763
2025-09-16,46.462825775146484,46.75826477883576,45.47802659170838,45.990122617901484,9236891
2025-09-17,46.00981903076172,46.75826475687035,45.87194774621887,46.48252218778466,5716080
2025-09-18,45.30076217651367,46.77796094313912,45.12349802398176,46.38403976935471,9348425
2025-09-19,45.69468307495117,45.75376862096529,44.05991660000488,45.4583296207626,14725989
2025-09-22,46.69917678833008,47.053705105408845,45.65529202883244,46.5416090648185,18140551
2025-09-23,46.7188720703125,47.82184986438236,45.67498733657847,46.28556178052769,17713408
2025-09-24,45.970428466796875,46.81735640769461,45.241675381902496,46.81735640769461,12794061
2025-09-25,45.32046127319336,46.60069952813331,44.72957947780579,46.24617120224297,10406373
2025-09-26,45.30076217651367,46.206775616822796,45.02501960889102,45.39924059160441,10732681
2025-09-29,44.80836486816406,46.65978846844199,44.690190012698515,45.20228606199713,12089308
2025-09-30,46.38404083251953,47.48701864171286,43.764475109929315,45.182588362689074,30285752
2025-10-01,44.72957992553711,46.24617166515497,44.07961257380246,46.18708611472245,23007429
2025-10-02,43.52812576293945,44.84775685247351,43.52812576293945,44.72957824263283,10914103
2025-10-03,42.97663497924805,43.803866428496086,42.70089241506893,43.70538801463517,10018040
2025-10-06,42.858463287353516,43.803869654196156,42.622109817287374,42.97663814403111,10739668
2025-10-07,43.03572463989258,43.40994937775898,42.68119633630449,42.93724246850105,11680900
2025-10-08,42.622108459472656,43.8826539984832,42.58271934630892,43.0751189496086,8679356
2025-10-09,43.37055969238281,43.823566443900134,42.878160069417646,43.05542423422199,11048842
2025-10-10,43.03572463989258,44.13869866250275,42.93724246850105,43.42964205532657,10089993
2025-10-13,42.0903205871582,42.838766346231516,41.85396711988136,42.779677040234574,11198444
2025-10-14,41.99183654785156,42.85846088047762,41.93275100118641,42.83876444601899,10778309
2025-10-15,42.20849609375,42.48423867923546,41.73579290861307,42.24788896502248,11136853
2025-10-16,41.657005310058594,42.77967579432758,41.4797411539413,42.20849421316915,8390724
2025-10-17,41.381263732910156,42.346366519050655,40.55403223668817,42.070623939213625,12099731
2025-10-20,41.97214126586914,42.306973147438235,40.928256507873776,41.40095967772823,10143620
2025-10-21,42.56302261352539,42.641804596012406,41.460044805020694,42.05092657887196,10692452
2025-10-22,42.22819137573242,42.81906940183334,42.18879850553613,42.64180524266089,9915626
2025-10-23,42.87815856933594,43.54782233367742,42.11001262982019,42.18879836995959,14176275
2025-10-24,44.15839767456055,44.92653987270181,43.114509137136814,43.31146973470689,16587811
2025-10-27,44.21748733520508,45.37955073779929,43.76447683015019,44.11900515727533,11028693
2025-10-28,45.16289138793945,45.65529098221405,44.394749223018536,44.709884662817416,8009587
2025-10-30,46.462825775146484,46.91583249791743,44.98562699998933,45.26136956920456,13721067
2025-10-31,46.79765701293945,47.19157442694446,46.00981842821873,47.19157442694446,17523237
2025-11-03,45.10380172729492,46.64008980169057,44.70988430901886,46.64008980169057,20681919
2025-11-04,44.02052688598633,45.12350098557932,43.685694993306726,45.10380454992629,10998614
2025-11-05,44.256874084472656,44.33565982260595,43.50842835576017,44.04022081802762,11743693
2025-11-06,44.690189361572266,44.985628374287124,44.04022203091524,44.35535747870587,7864129
2025-11-07,43.98113250732422,45.0447174558701,43.725086366032166,44.591706964798234,9988983
2025-11-10,43.60690689086914,45.08410567450791,43.56751777840563,44.197788658351115,9463869
2025-11-11,42.050926208496094,43.54782142967314,41.47974087447517,43.3311644054982,11583958
2025-11-12,41.95244598388672,42.28727787465831,41.61761409311513,42.267581439117514,7020871
2025-11-13,43.90235137939453,44.45383654267821,42.1297097639515,42.1297097639515,16566247
2025-11-14,42.9372444152832,44.21748640444452,42.07062380800927,43.784172344096675,10852830
2025-11-17,43.055423736572266,43.80386950187569,42.74028828205388,42.97663799458719,12214706
2025-11-18,43.42964172363281,43.764473590385315,42.700892444454865,43.05542074533524,10005345
2025-11-19,43.98113250732422,44.37505369346214,43.409950919806164,43.48873290300724,9503571
2025-11-20,44.51292419433594,44.63109904540292,43.86295687840136,44.23717786623194,8097656
2025-11-21,44.15839767456055,44.49322956341639,43.42964459056456,44.41444382170399,6974834
2025-11-24,44.33565902709961,44.670490894736766,43.62660242346547,43.98113072528254,9845839
2025-11-25,44.828060150146484,45.24167401198951,43.94173936518168,44.45383540130459,8421899
2025-11-26,45.45833206176758,46.0098209800141,44.709886303950285,44.82806115903493,10756178
2025-11-27,45.18259048461914,45.85225427282523,44.59170868264913,45.7537720941414,8890295
2025-11-28,45.06441116333008,45.57650721432042,44.434140256483786,44.82806145161819,10542183
2025-12-01,47.03400802612305,47.07340089563907,44.76897062290335,45.06440963085187,12230419
2025-12-02,47.467323303222656,48.21576905980159,46.5416096292437,46.87644151535528,11791984
2025-12-03,48.11729049682617,48.68847209101429,46.955227116531056,47.565801581135155,13208559
2025-12-04,46.77796173095703,48.41272824328626,46.71887242688099,48.37333537390223,7398033
2025-12-05,47.42792892456055,47.8218501039461,46.18708359590439,46.58100101857916,8951289
2025-12-08,47.999114990234375,48.80665003923733,47.72336865777935,47.72336865777935,7833404
2025-12-09,47.17188262939453,48.018806775823684,47.07340045652316,48.018806775823684,4492458
2025-12-10,47.270362854003906,47.70367316108302,46.85674898225261,47.171884434075764,6003041
2025-12-11,47.368839263916016,47.80215330931909,47.09309669444915,47.290057282658665,7695881
2025-12-12,47.762760162353516,48.11728846772512,47.290057007428295,47.42792829135931,7930480
2025-12-15,48.21576690673828,48.550598777898024,47.723367317192235,47.86123860119141,7277899
2025-12-16,48.27485656738281,48.452120721468916,47.30975381553111,48.21576726378385,5986388
2025-12-17,47.17188262939453,48.27485666857847,47.03400758737462,48.27485666857847,5671753
2025-12-18,46.75826644897461,47.74306566758834,46.62039515944243,47.17188407428204,7764747
2025-12-19,45.79316329956055,47.13249082724509,45.53711715772008,46.87644092869377,10711417
2025-12-22,45.37955093383789,46.324957305781766,45.182590333838505,45.85225411980983,7660402
2025-12-23,45.20228576660156,45.4189390407541,44.926539430036044,45.37954992699693,6073129
2025-12-24,45.30076217651367,45.73407246230794,44.80836258763853,45.20228376142293,5547126
2025-12-25,45.24167251586914,45.91133625198358,45.18258696996597,45.753768535057276,5286085
2025-12-26,44.690189361572266,45.2613709519262,44.256875303327,45.20228540340975,5970544
2025-12-29,44.21748733520508,44.98562953950225,44.05991960722845,44.69019051913495,5151578
2025-12-30,44.13869857788086,44.453834012308164,43.50842770902625,44.43413757806762,7013304
2025-12-31,45.79316329956055,45.79316329956055,44.13870032497504,44.21748606505571,7128606
2026-01-02,44.847755432128906,45.497722738824514,44.61140197664381,45.497722738824514,14775245
2026-01-05,45.10380172729492,45.261369445947494,44.70988430901886,45.005323311903595,10871611
2026-01-06,45.970428466796875,46.22647461425596,45.14319696135152,45.30076468825964,12894044
2026-01-07,45.10380172729492,46.600696932849736,44.92653757422193,46.30525792996501,11593339
2026-01-08,44.670494079589844,45.14319726347782,44.059919603323415,45.103804392309414,9013768
2026-01-09,44.33565902709961,45.458329478379866,44.178091310370995,44.74927287474573,11156011
2026-01-12,44.92654037475586,45.26137226735345,44.2962694608571,44.39475163909814,11361755
2026-01-13,45.5962028503418,45.95073116840487,44.86745353584403,45.02502125979308,9118804
2026-01-14,44.80836486816406,46.02951756367783,44.532622286507475,45.81286053139855,16532190
2026-01-15,44.453834533691406,44.906841256404974,43.941738507563166,44.82805927522949,15035472
2026-01-16,44.985626220703125,45.0841046346567,44.434137335115366,44.61140148560033,11923965
2026-01-19,45.43863296508789,46.50221786868732,45.26136881448799,45.69468285227028,20704470
2026-01-20,44.37505340576172,45.674988052193704,44.158396379119445,45.497723895251994,16635229
2026-01-21,44.473533630371094,44.72957978040689,44.119005302082314,44.4341407590699,14374263
2026-01-22,45.832557678222656,45.87195054955965,44.611404963752875,44.80836556372684,18075164
2026-01-23,47.270362854003906,47.32945215998734,45.871949756127535,45.93103530540005,21070716
2026-01-26,47.762760162353516,47.762760162353516,46.5810003966851,47.07339998598771,13746031
2026-01-27,48.333946228027344,48.82634582485707,47.15218644429384,47.92032861320076,20876228
2026-01-28,53.12991714477539,53.12991714477539,49.68311997374636,50.22475877785162,37474333
2026-01-29,51.89891815185547,52.78523517032353,51.16031875811002,52.44055695592664,33580670
2026-01-30,50.66791915893555,51.99739656490529,49.633880759102325,51.89891814843004,21560616
2026-02-02,51.45575714111328,51.997395938624955,48.94451998413315,50.126279751156375,15004874
2026-02-03,51.60348129272461,52.19435932962085,50.76639969095885,51.55423832572414,12158297
2026-02-04,50.61867904663086,52.440556015859045,50.61867904663086,52.292834637073746,10094936
2026-02-05,50.22475814819336,51.111078912316366,49.78159776613186,50.22475814819336,7676987
2026-02-06,49.88008117675781,50.27399860426398,48.57029643244051,50.27399860426398,11362993
2026-02-09,51.45575714111328,51.60347852075771,49.978558371511944,50.323236581734626,12364575
2026-02-10,50.17552185058594,51.406520896200355,49.73236144282256,51.406520896200355,10359166
2026-02-11,50.717159271240234,51.20955887581538,49.38768184157168,49.73236006208994,10342524
2026-02-12,52.63751983642578,52.88371964505573,50.76639978815377,51.06183880716752,19214964
2026-02-13,52.48979568481445,53.52383407527276,52.09587826577406,52.637517064898816,11326399
2026-02-16,54.114715576171875,55.001032582242736,52.88371660381451,54.16395478372402,22584018
2026-02-17,53.12991714477539,54.360916134428614,53.031434971576665,54.311676926184646,8752839
2026-02-18,54.45939636230469,56.625955407499006,53.27763654158861,53.67155773406427,31390663
2026-02-19,51.997398376464844,54.80407842432189,51.455759553559034,54.70559624770479,13528408
2026-02-20,53.031436920166016,53.42535811401362,51.40652044814423,52.19435907912851,10553171
2026-02-23,53.32687759399414,54.26243381829762,52.93295641565842,54.06547698584053,13055426
2026-02-24,53.17915725708008,53.27763567524219,52.243597257696685,52.98219666404502,10928553
2026-02-25,51.84967803955078,53.868515595911894,51.209557073448394,53.376116008667196,15007085
2026-02-26,52.53903579711914,52.53903579711914,51.01259778904808,51.80043639740306,14954232
2026-02-27,50.42171859741211,51.01259660073645,49.53539783571487,49.732358422393226,31034345
2026-03-02,48.25516128540039,49.180871190296244,47.27036207549426,47.32945138050454,12533568
2026-03-03,46.521915435791016,48.747559954498186,46.28556197699828,48.13698550795723,9688512
2026-03-04,46.77796173095703,47.42792904895032,45.83255540600512,46.48252272399841,8999635
2026-03-05,47.940025329589844,49.38768135492358,47.368839990689715,47.427929295072396,6935170
2026-03-06,47.270362854003906,48.196072774145556,46.65978838568542,47.92033019297803,6667742
2026-03-09,46.40373611450195,46.56130383237064,44.69018765226881,45.06440863426274,11259772
2026-03-10,48.64908218383789,48.64908218383789,47.11279407306977,47.861239815211675,7381561
2026-03-11,47.959720611572266,48.74755920084992,47.42792815504333,48.727862766529135,5476083
2026-03-12,47.664283752441406,48.747561391796985,47.526408705999174,47.664283752441406,6730369
2026-03-13,48.39303207397461,48.49151424797474,46.52191584850188,47.66428276992771,6397200
2026-03-16,48.92482376098633,49.338437615039496,47.2309679623821,48.66877386939181,7053569
2026-03-17,49.33843994140625,50.175521541290635,48.826347647492966,48.96421893867815,7378284
2026-03-18,47.86124038696289,49.781599609185974,47.782458403185636,49.68312119028669,5432217
2026-03-19,49.141483306884766,49.141483306884766,47.270363258549466,47.270363258549466,1907841
2026-03-23,49.082393646240234,49.082393646240234,46.79765973909945,47.76276253119246,7823133
2026-03-24,48.21576690673828,49.4369195417652,48.21576690673828,48.86573421467063,6463731
2026-03-25,49.68312072753906,50.323237957844135,48.49151458908627,48.96421775747967,8506003
2026-03-26,49.082393646240234,51.2095598272579,49.082393646240234,49.92932158291863,8144732
2026-03-27,48.3536376953125,49.633879620383624,47.80215256496624,49.38767982813313,4948257
2026-03-30,47.86124038696289,48.570297024512556,47.66428354916432,48.25516157598179,5793265
2026-03-31,47.959720611572266,48.84603761574311,47.09309628501149,47.86123843996836,8945422
2026-04-01,49.7599983215332,50.150001525878906,48.599998474121094,49.34000015258789,7935388
2026-04-02,49.84000015258789,50.45000076293945,48.79999923706055,48.79999923706055,7350343
2026-04-03,49.02000045776367,50.150001525878906,48.959999084472656,50.099998474121094,4292137
2026-04-06,49.900001525878906,50.5,49.34000015258789,49.400001525878906,6384808
2026-04-07,48.880001068115234,50.20000076293945,48.02000045776367,49.68000030517578,4989923
2026-04-08,52.5,53.099998474121094,50.349998474121094,50.900001525878906,9210806
2026-04-09,52.0,52.75,51.70000076293945,52.29999923706055,4634878
2026-04-10,53.349998474121094,53.70000076293945,52.099998474121094,52.5,7424872
2026-04-13,53.25,53.400001525878906,51.70000076293945,52.349998474121094,6275475
2026-04-14,53.400001525878906,54.599998474121094,52.79999923706055,54.0,5845436
2026-04-15,53.04999923706055,54.0,52.5,54.0,6105259
2026-04-16,52.5,54.04999923706055,52.29999923706055,53.79999923706055,5293838
2026-04-17,54.349998474121094,54.650001525878906,52.20000076293945,52.54999923706055,10570758
2026-04-20,54.849998474121094,55.20000076293945,53.849998474121094,55.04999923706055,6813640
2026-04-21,55.04999923706055,55.75,53.5,55.25,10605124
2026-04-22,56.29999923706055,58.45000076293945,55.04999923706055,56.900001525878906,14692536
2026-04-24,56.04999923706055,56.5,55.29999923706055,56.29999923706055,5775907
2026-04-27,56.150001525878906,57.20000076293945,55.75,56.400001525878906,6585987
2026-04-28,56.349998474121094,56.650001525878906,54.95000076293945,56.25,6969251
2026-04-29,57.20000076293945,59.75,56.04999923706055,56.75,14315764
2026-04-30,57.599998474121094,58.5,54.0,56.599998474121094,13575820
2026-05-04,58.70000076293945,58.70000076293945,56.349998474121094,57.95000076293945,9330231
2026-05-05,57.70000076293945,59.04999923706055,57.20000076293945,58.95000076293945,7271456
2026-05-06,58.45000076293945,59.29999923706055,57.900001525878906,58.599998474121094,9207087
2026-05-07,59.0,60.0,57.900001525878906,59.04999923706055,9946768
2026-05-08,58.349998474121094,59.5,57.650001525878906,59.5,7380754
2026-05-11,57.54999923706055,58.75,57.45000076293945,58.349998474121094,6248724
2026-05-12,55.400001525878906,57.54999923706055,55.04999923706055,57.54999923706055,6693453
2026-05-13,54.650001525878906,56.0,54.599998474121094,56.0,3825715
2026-05-14,55.5,56.0,54.849998474121094,55.20000076293945,3499381
2026-05-15,53.5,55.349998474121094,53.5,55.349998474121094,3400894
2026-05-18,52.0,53.5,52.0,53.5,2988022
2026-05-20,52.150001525878906,52.70000076293945,50.900001525878906,52.0,3419447
2026-05-21,49.7400016784668,52.45000076293945,49.7400016784668,52.400001525878906,3375887
2026-05-22,51.54999923706055,52.400001525878906,48.58000183105469,48.86000061035156,5645000
2026-05-25,52.150001525878906,52.95000076293945,51.45000076293945,52.650001525878906,3992721
2026-05-26,50.650001525878906,52.25,50.650001525878906,52.150001525878906,1804536
2026-05-27,50.650001525878906,50.650001525878906,50.650001525878906,50.650001525878906,0
2026-05-28,50.650001525878906,50.650001525878906,50.650001525878906,50.650001525878906,0
2026-05-29,50.650001525878906,50.650001525878906,50.650001525878906,50.650001525878906,0
2026-06-01,51.150001525878906,52.29999923706055,51.0,51.20000076293945,3325271
2026-06-02,53.79999923706055,53.900001525878906,51.54999923706055,51.650001525878906,4940399
2026-06-03,52.20000076293945,53.849998474121094,51.45000076293945,53.849998474121094,5643850
2026-06-04,51.400001525878906,53.099998474121094,50.70000076293945,52.70000076293945,4297318
2026-06-05,49.52000045776367,51.70000076293945,49.52000045776367,51.45000076293945,6535090
2026-06-08,49.58000183105469,49.97999954223633,48.70000076293945,49.20000076293945,5518497
2026-06-09,49.5,50.25,49.2599983215332,49.97999954223633,5006987
2026-06-10,49.31999969482422,50.45000076293945,49.20000076293945,49.5,4073737
2026-06-11,48.560001373291016,50.099998474121094,48.220001220703125,49.439998626708984,6381466
2026-06-12,50.099998474121094,50.849998474121094,49.0,49.5,9652636
2026-06-15,51.400001525878906,52.5,51.0,52.20000076293945,4438137
2026-06-16,51.20000076293945,52.0,50.70000076293945,51.54999923706055,4776885
2026-06-17,49.900001525878906,51.599998474121094,49.81999969482422,51.599998474121094,4498923
2026-06-18,50.70000076293945,50.95000076293945,49.720001220703125,49.720001220703125,3675261
2026-06-19,49.7599983215332,50.5,49.599998474121094,50.5,5730035
2026-06-22,50.650001525878906,51.599998474121094,49.880001068115234,50.04999923706055,5995948
2026-06-23,49.880001068115234,50.599998474121094,49.619998931884766,50.20000076293945,3822848
2026-06-24,49.29999923706055,50.099998474121094,49.18000030517578,50.099998474121094,3011005
2026-06-25,49.02000045776367,49.97999954223633,48.939998626708984,49.7400016784668,4762771
2026-06-26,49.040000915527344,49.439998626708984,48.459999084472656,49.0,4493834
2026-06-29,47.939998626708984,49.540000915527344,47.41999816894531,49.29999923706055,9095713
2026-06-30,47.099998474121094,48.15999984741211,46.959999084472656,47.84000015258789,7022533
2026-07-01,47.70000076293945,47.720001220703125,46.79999923706055,46.959999084472656,7301139
2026-07-02,47.20000076293945,47.97999954223633,47.13999938964844,47.560001373291016,5196747
2026-07-03,48.619998931884766,49.040000915527344,47.08000183105469,47.34000015258789,10819432
2026-07-06,48.2400016784668,49.720001220703125,48.099998474121094,48.63999938964844,7911095
2026-07-07,48.540000915527344,49.459999084472656,48.060001373291016,48.2400016784668,8657360
2026-07-08,46.58000183105469,48.41999816894531,46.52000045776367,48.29999923706055,6820880
2026-07-09,45.79999923706055,46.900001525878906,45.47999954223633,46.779998779296875,6697381
2026-07-10,46.900001525878906,47.2400016784668,45.7400016784668,45.79999923706055,8733602
2026-07-13,46.5,46.7599983215332,46.220001220703125,46.5,3426485
2026-07-14,45.81999969482422,46.5,45.52000045776367,46.5,8365307
2026-07-16,48.060001373291016,48.220001220703125,45.97999954223633,45.97999954223633,12616577
2026-07-17,48.86000061035156,49.41999816894531,47.47999954223633,47.900001525878906,9073670
2026-07-20,49.86000061035156,50.25,48.41999816894531,48.720001220703125,10297361
2026-07-21,50.650001525878906,50.849998474121094,49.880001068115234,50.04999923706055,11610595
2026-07-22,50.599998474121094,51.20000076293945,50.400001525878906,50.650001525878906,9039551
2026-07-23,50.150001525878906,51.0,50.0,50.45000076293945,6192585
2026-07-24,,,,,8712644
