Date,Close,High,Low,Open,Volume
2018-01-01,3.278855085372925,3.278855085372925,3.278855085372925,3.278855085372925,0
2018-01-02,3.2244784832000732,3.284291498193159,3.2244784832000732,3.284291498193159,3847614
2018-01-03,3.2244784832000732,3.2571039178308694,3.2244784832000732,3.235353515344989,1887214
2018-01-04,3.2081663608551025,3.2571043501996124,3.2027285058647403,3.235353944826445,1940759
2018-01-05,3.2244784832000732,3.262541772099376,3.213603789251206,3.2190406289315665,2813913
2018-01-08,3.2407920360565186,3.25166673224168,3.23535418066976,3.23535418066976,1303419
2018-01-09,3.2244784832000732,3.2516660635623627,3.2190406289315665,3.2407913696134956,1416303
2018-01-10,3.235353946685791,3.235353946685791,3.1972913291040372,3.229916768084492,1842021
2018-01-11,3.197291374206543,3.2462297024656186,3.191853519136347,3.240791847395422,980980
2018-01-12,3.148352861404419,3.2081658752844917,3.148352861404419,3.197290843341941,2056366
2018-01-15,3.0613510608673096,3.1592273567930533,3.0613510608673096,3.14291480990344,1066480
2018-01-16,3.0885400772094727,3.1048529663187465,3.0396020862738604,3.045039265048812,1141630
2018-01-17,3.148352861404419,3.3169168711020864,3.142915007237101,3.2081658752844917,7873243
2018-01-18,3.115727663040161,3.1809785360228306,3.115727663040161,3.175540681444218,3618550
2018-01-19,3.093977212905884,3.1266026524740718,3.0722274835205923,3.110290101788028,4007118
2018-01-22,3.0722274780273438,3.0994150624554715,3.061351767863894,3.0885400286842204,3645686
2018-01-23,3.1048524379730225,3.1266021639600416,3.0885395516396756,3.0885395516396756,3551856
2018-01-24,3.1266021728515625,3.153790429549809,3.1211649949863807,3.1266021728515625,3736180
2018-01-25,3.099414587020874,3.142915053629225,3.099414587020874,3.1374778757737345,1892218
2018-01-26,3.1429150104522705,3.1809782986822226,3.0994145444415238,3.0994145444415238,4614395
2018-01-29,3.186415195465088,3.1972909040060755,3.159227615092864,3.164665469363358,1951385
2018-01-30,3.077664375305176,3.2190408159927313,3.077664375305176,3.1864153794660437,7083960
2018-01-31,3.0722274780273438,3.121165468194073,3.0504770722887424,3.0885400286842204,6641671
2018-02-01,3.099414587020874,3.1102896191239497,3.08310203886626,3.0885395549177983,2939231
2018-02-02,3.0613510608673096,3.110289377928192,3.0504763678035887,3.104852200494342,2953692
2018-02-05,3.045038938522339,3.0722271968543713,3.045038938522339,3.0504767931063865,2583633
2018-02-06,2.9797885417938232,3.061351977043567,2.936288065540368,2.9797885417938232,5443432
2018-02-07,2.9797885417938232,3.0341643907577343,2.9797885417938232,3.0069768044719014,3682475
2018-02-08,3.0722274780273438,3.0994150624554715,2.985226193269038,2.9906637101546636,5634037
2018-02-09,3.012413740158081,3.061351729714971,2.9961008515083876,3.0504770342753336,2852891
2018-02-12,3.0178513526916504,3.0559143055545,3.0178513526916504,3.02872604725752,2357540
2018-02-13,2.974351406097412,3.0341644349944126,2.974351406097412,3.0069768483121977,1820268
2018-02-14,2.974351406097412,3.0015389927796274,2.963475695032271,2.990663958106741,1255848
2018-02-15,3.028726100921631,3.0341639555950173,2.9852259691031287,2.9961006638616805,1292649
2018-02-16,3.0722274780273438,3.07766465671687,3.0341641834357667,3.0341641834357667,1848219
2018-02-19,3.028726100921631,3.08310228028298,3.0178514061630795,3.08310228028298,1555036
2018-02-20,3.0015385150909424,3.061351534468824,3.0015385150909424,3.0450389850556037,1282358
2018-02-21,3.028726100921631,3.039601810268404,3.0178514061630795,3.0341639555950173,1231585
2018-02-22,3.028726100921631,3.045038988549643,3.0178514061630795,3.023288922640392,948597
2018-02-23,3.012413740158081,3.0396020006396016,3.012413740158081,3.0341641456256405,1671099
2018-02-26,3.0232889652252197,3.034163998333027,3.0124135939213343,3.0124135939213343,795241
2018-02-27,3.0341641902923584,3.045039224088185,3.0287263351983453,3.0287263351983453,900407
2018-02-28,2.99066424369812,3.0341647247398393,2.985226725842425,3.028726868687985,1576593
2018-03-01,2.9526002407073975,3.0015382223705305,2.9417252088258214,2.9906631904889545,2113382
2018-03-02,2.9526002407073975,2.9689127885297615,2.9362873546889925,2.947162386570569,1306904
2018-03-05,2.9471631050109863,3.017851844061398,2.9417259259407986,2.979788546804975,2335456
2018-03-06,2.8982245922088623,2.9689133268442998,2.8982245922088623,2.9526007760641924,2968589
2018-03-07,2.8873496055603027,2.903662154696408,2.8655988636533603,2.8873496055603027,1716281
2018-03-08,2.8819119930267334,2.9199752872665776,2.8764748143874512,2.8982245435328697,1609075
2018-03-09,2.90366268157959,2.925413089237178,2.8873501294834956,2.8927876468488605,2520516
2018-03-12,2.9145374298095703,2.947162868990788,2.9091002511748125,2.9199752848365197,1516882
2018-03-13,2.919975519180298,2.930850215518662,2.8927875946479564,2.914537663716931,2850190
2018-03-14,2.892787456512451,2.9308500755656017,2.892787456512451,2.914537524542823,2053499
2018-03-15,2.8982245922088623,2.909100302454471,2.887349896551559,2.8982245922088623,1780091
2018-03-16,2.9526002407073975,2.963474934392933,2.903661920848224,2.903661920848224,3006787
2018-03-19,2.9526002407073975,2.963474934392933,2.9199748068666285,2.930849500552164,3060982
2018-03-20,2.958038568496704,2.979788638229272,2.9526010510635623,2.968913603362988,2202741
2018-03-21,2.93084979057312,2.9580380493595437,2.93084979057312,2.9526005328806884,1695050
2018-03-22,2.8982245922088623,2.947162920941388,2.8927874134782616,2.9417257422107874,2973199
2018-03-23,2.892787456512451,2.898224635323937,2.865599195082272,2.881912084301158,1468572
2018-03-26,2.919975519180298,2.930850215518662,2.8873500773807126,2.8982247737190767,2736323
2018-03-27,2.9362876415252686,2.958038045609187,2.919975092109385,2.9254126085813463,3086883
2018-03-28,2.9362876415252686,2.9526005291372255,2.930849786857234,2.9417254961933033,2652077
2018-03-29,2.9471631050109863,2.9526009604734207,2.9362880704783647,2.9362880704783647,1882410
2018-03-30,2.9852263927459717,3.0015389444928755,2.941725916558107,2.9526009510560427,2976408
2018-04-02,2.9526002407073975,3.0124132542521065,2.9526002407073975,2.9906631904889545,1483199
2018-04-03,2.958038568496704,2.968913603362988,2.9417260161972782,2.963475747733713,3914200
2018-04-04,2.9689135551452637,2.9797885898349277,2.9526010031107677,2.9580385204555997,2324857
2018-04-05,3.0015385150909424,3.0178514027002366,2.9580380451262815,2.9689130780684283,6560935
2018-04-06,3.083102226257324,3.088539742639355,3.001538465938665,3.001538465938665,4653647
2018-04-09,2.974351406097412,3.1157282096294403,2.952600998555513,3.0831027674146547,7468466
2018-04-10,2.9362876415252686,2.985225966165066,2.865598912801553,2.985225966165066,6283321
2018-04-11,2.892787456512451,2.9634755158072665,2.8329737548406073,2.9308500755656017,2994818
2018-04-12,2.8764750957489014,2.914537717319635,2.865599384622147,2.8927876478506445,1919852
2018-04-13,2.8057861328125,2.89822459711513,2.8057861328125,2.8927874183753253,3190652
2018-04-16,2.8601620197296143,2.8710370537579517,2.827536748546549,2.8329737582665566,3422156
2018-04-17,2.7933874130249023,2.921371249188285,2.7766938541300403,2.915806441146935,6071903
2018-04-18,2.8490328788757324,2.854597515186328,2.726613821822563,2.782258627515613,4196230
2018-04-19,2.843468427658081,2.8601619885369867,2.8267748667791754,2.843468427658081,1260074
2018-04-20,2.804516553878784,2.843468485126573,2.7878229926624902,2.843468485126573,2889004
2018-04-23,2.804516553878784,2.804516553878784,2.804516553878784,2.804516553878784,0
2018-04-24,2.743307113647461,2.8156454750341333,2.732177669079885,2.7989519138432835,5141255
2018-04-25,2.704355239868164,2.7433071718834694,2.6987906039891785,2.732177727079633,3893550
2018-04-26,2.676532745361328,2.72661342662264,2.676532745361328,2.6876614972318644,2100709
2018-04-27,2.682096481323242,2.6987900393760147,2.66540292327047,2.682096481323242,2261931
2018-04-30,2.704355239868164,2.7210488014133913,2.682097042443951,2.682097042443951,2079359
2018-05-01,2.704355239868164,2.704355239868164,2.704355239868164,2.704355239868164,0
2018-05-02,2.6987907886505127,2.7377425502851778,2.676533108840941,2.7154843513379756,2884494
2018-05-03,2.6709680557250977,2.7154841034642523,2.6542744945614496,2.693226425686397,3174929
2018-05-04,2.7099199295043945,2.7154840460008574,2.6598392470732266,2.665403363569689,3732857
2018-05-07,2.721048593521118,2.737742153790932,2.6987903977974654,2.721048593521118,2251674
2018-05-08,2.6876614093780518,2.726613337495573,2.6654032141811386,2.7210485291275734,3512462
2018-05-09,2.721048593521118,2.732177518337093,2.659839160941554,2.676532721211368,3112091
2018-05-10,2.715484380722046,2.7266138264078315,2.6932267006716253,2.7099202635397286,2906419
2018-05-11,2.7377421855926514,2.7433069941569834,2.7099198732295298,2.7266134336932564,2028179
2018-05-14,2.748871326446533,2.7989520117712745,2.7266136478536724,2.73217776467162,3038332
2018-05-15,2.704355239868164,2.754435924503846,2.6987906039891785,2.732177727079633,2962262
2018-05-16,2.704355239868164,2.7154841655344057,2.6765329257025603,2.6987906039891785,1970315
2018-05-17,2.715484380722046,2.7377425799101025,2.7043554541738963,2.7043554541738963,1203639
2018-05-18,2.787822723388672,2.798951647760692,2.721048484973172,2.7377420445770473,4843333
2018-05-21,2.804516553878784,2.8212101150950786,2.776694240261397,2.7878229926624902,2179088
2018-05-22,2.787822723388672,2.821209842596422,2.782258088156817,2.8100810912702467,1855473
2018-05-23,2.8100812435150146,2.8490324809273875,2.7822582388941886,2.7822582388941886,6455258
2018-05-24,2.818549871444702,2.8669372982025454,2.794356504157481,2.818549871444702,3769818
2018-05-25,2.818549871444702,2.8366951132174307,2.8004048027178237,2.806452928232316,1409551
2018-05-28,2.8245980739593506,2.8729855020362627,2.818549948279983,2.836695190547361,2014978
2018-05-29,2.8004045486450195,2.8366948558521092,2.782259308518557,2.830646730886346,1213949
2018-05-30,2.7520177364349365,2.8245983669411743,2.7520177364349365,2.800405169530841,2396793
2018-05-31,2.7036304473876953,2.7883074863857793,2.6975816301238322,2.7580659957540314,2404885
2018-06-01,2.6612915992736816,2.709679027596728,2.6491953478534156,2.6854856595269165,2979099
2018-06-04,2.6915338039398193,2.715727172177744,2.673388561454054,2.673388561454054,795513
2018-06-05,2.643146514892578,2.703630890434413,2.63105026274933,2.697582072179324,761541
2018-06-06,2.594759702682495,2.6612915057990927,2.582662586457846,2.6491952548036926,3062766
2018-06-07,2.594759702682495,2.618953069902544,2.576614460960146,2.588710711955546,2032312
2018-06-08,2.558469533920288,2.5887108552663443,2.546372417025944,2.5887108552663443,2007533
2018-06-11,2.6008074283599854,2.6129043696791308,2.528226818720052,2.570565248107945,1736870
2018-06-12,2.516129732131958,2.643145886926951,2.4798394269113633,2.594759332436967,6235450
2018-06-13,2.5040338039398193,2.5403241138137025,2.485888562479954,2.516130054760238,4845947
2018-06-14,2.5100820064544678,2.5645175594603624,2.449598327852578,2.5040338808584726,6720129
2018-06-15,2.5100820064544678,2.5100820064544678,2.5100820064544678,2.5100820064544678,0
2018-06-18,2.558469533920288,2.6068560979932127,2.510082104618067,2.510082104618067,4357581
2018-06-19,2.6370983123779297,2.649195429399844,2.5524205697748674,2.5524205697748674,4711251
2018-06-20,2.7278237342834473,2.733871859189564,2.6431460055436533,2.6552431205850517,5648907
2018-06-21,2.782259941101074,2.818550256559233,2.7338725077317814,2.7399214993020333,4220307
2018-06-22,2.8125016689300537,2.824597919627869,2.7701623688458605,2.794356427654102,3726336
2018-06-25,2.7762115001678467,2.90927597510261,2.758066257971997,2.8790336163664367,2987611
2018-06-26,2.77016282081604,2.8185502541438674,2.77016282081604,2.7822599387168077,2094032
2018-06-27,2.7520177364349365,2.800405169530841,2.7399214838215156,2.794356870178258,2220985
2018-06-28,2.7278237342834473,2.7883074059862776,2.7217756093773304,2.7459689742309625,3194396
2018-06-29,2.806452751159668,2.8548400018186753,2.752017202321934,2.7580660196381785,4289286
2018-07-02,2.872985363006592,2.879033488393278,2.812501686497874,2.836695053273853,3356313
2018-07-03,2.8125016689300537,2.879033470409878,2.8004047260488556,2.879033470409878,1947787
2018-07-04,2.842743396759033,2.8487922147931783,2.812501902276206,2.8366952709083275,1486528
2018-07-05,2.860888719558716,2.897179208331677,2.8245984038316303,2.8306473954467077,3094199
2018-07-06,2.84879207611084,2.8729854435652022,2.836695132814882,2.8608883272233925,2280530
2018-07-09,2.8306467533111572,2.8548399455492097,2.8004045708302474,2.8427430033385113,4321876
2018-07-10,2.77016282081604,2.8245983804795665,2.77016282081604,2.8004051829532743,1861670
2018-07-11,2.6975820064544678,2.800404992451119,2.655243567571851,2.800404992451119,3046086
2018-07-12,2.7036304473876953,2.7278238129389316,2.6189528892520975,2.709678745514045,1852222
2018-07-13,2.7399210929870605,2.770162412390349,2.71572703379851,2.7459692184310396,2890859
2018-07-16,2.7338719367980957,2.7762112349844936,2.727823811720286,2.7580659945218753,3158256
2018-07-17,2.7520177364349365,2.7520177364349365,2.72782436597873,2.7338724922854407,3335555
2018-07-18,2.7338719367980957,2.7459690521829043,2.7157268693813155,2.7338719367980957,2984332
2018-07-19,2.7399210929870605,2.7459692184310396,2.71572703379851,2.727823976869861,2078471
2018-07-20,2.8125016689300537,2.824597919627869,2.733872059339803,2.733872059339803,1710259
2018-07-23,2.806452751159668,2.8548400018186753,2.7943563278480545,2.8487918766857887,2734033
2018-07-24,2.8366951942443848,2.8729855057805826,2.7883077661044102,2.8004048827081864,4022003
2018-07-25,2.8911304473876953,2.8971785724459274,2.8487918415217,2.8487918415217,1966371
2018-07-26,2.818549871444702,2.8971787910042583,2.794356504157481,2.891130665489766,1987797
2018-07-27,2.8790335655212402,2.8911306818479225,2.8185498873921926,2.8185498873921926,2538406
2018-07-30,2.9516146183013916,2.9516146183013916,2.879033817493412,2.879033817493412,2082295
2018-07-31,2.9274208545684814,2.9879045334219367,2.921372901993184,2.96371133875392,2545847
2018-08-01,2.872985363006592,2.9576629254288287,2.866937237619905,2.9576629254288287,3210716
2018-08-02,2.8669373989105225,2.89717889277454,2.8306470871361324,2.8729855246374694,3075750
2018-08-03,2.885082244873047,2.9032274858781224,2.860888186425979,2.8669371769138143,1966983
2018-08-06,2.897179126739502,2.9213731890138166,2.8729857566486685,2.8729857566486685,1361565
2018-08-07,2.9758081436157227,2.993953384863537,2.903227524716157,2.903227524716157,2626769
2018-08-08,3.0181467533111572,3.036291995610515,2.993953558367627,2.993953558367627,2436091
2018-08-09,3.0241947174072266,3.066533842148534,3.000001525140775,3.0181464193406136,2818299
2018-08-10,3.0362918376922607,3.0846792633378106,2.8911305990306877,2.981856459717094,5031628
2018-08-13,3.1451632976531982,3.2298408695545846,3.0060499954901774,3.0120989867832457,7336419
2018-08-14,2.93346905708313,3.0786302968834196,2.93346905708313,3.0786302968834196,7294883
2018-08-15,2.7883079051971436,2.963711518986622,2.7883079051971436,2.957663219951802,5332736
2018-08-16,2.8245980739593506,2.921372930113175,2.721775957355434,2.836695190547361,5134443
2018-08-17,2.8125016689300537,2.8608882291339266,2.7580661181480446,2.8185497942789612,3482327
2018-08-20,3.108872652053833,3.108872652053833,2.8306471002109066,2.8306471002109066,2522355
2018-08-21,3.108872652053833,3.108872652053833,3.108872652053833,3.108872652053833,0
2018-08-22,3.108872652053833,3.108872652053833,3.108872652053833,3.108872652053833,0
2018-08-23,3.108872652053833,3.108872652053833,3.108872652053833,3.108872652053833,0
2018-08-24,3.108872652053833,3.108872652053833,3.108872652053833,3.108872652053833,0
2018-08-27,3.06048583984375,3.108872926707871,3.0423405957467686,3.108872926707871,2263310
2018-08-28,3.096775531768799,3.108872474772173,3.0604853949420647,3.0604853949420647,2122559
2018-08-29,3.0786309242248535,3.151211905006728,3.0725829706153855,3.0786309242248535,2821465
2018-08-30,3.0786309242248535,3.0786309242248535,3.0786309242248535,3.0786309242248535,0
2018-08-31,3.1149213314056396,3.1391152217478075,3.066534588996575,3.066534588996575,2798488
2018-09-03,3.1814537048339844,3.1995986017084674,3.120970023068927,3.120970023068927,2984891
2018-09-04,3.2298407554626465,3.241937353254551,3.1814536721115902,3.2056468676953984,3138038
2018-09-05,3.260082960128784,3.272180252739439,3.211696558420526,3.229841459061123,2500807
2018-09-06,3.235889196395874,3.2842766279625857,3.217743952819824,3.2661313843865356,1736587
2018-09-07,3.1935505867004395,3.2600822200373307,3.1814536429277815,3.235889024675449,3231548
2018-09-10,3.1270179748535156,3.2177438435614367,3.1209700219891703,3.1875016565976475,2042727
2018-09-11,3.1935505867004395,3.2237920809027916,3.151211456541996,3.1572601014741832,1723823
2018-09-12,3.1028244495391846,3.205646559148802,3.078630218008935,3.1935503086128936,3491657
2018-09-13,3.169356346130371,3.187501588703806,3.102824712939019,3.1209699555124537,3485326
2018-09-14,3.1149213314056396,3.1995989093279564,3.0725828885362385,3.1814540107089657,5176497
2018-09-17,3.139115333557129,3.157260578914175,3.0786309516391275,3.120970434291851,4494443
2018-09-18,3.175405502319336,3.1875017545113224,3.133066370051113,3.1512116135684276,1815117
2018-09-19,3.1572601795196533,3.211695908704654,3.1270179923863,3.193550665642987,2381677
2018-09-20,3.169356346130371,3.181453635968282,3.1391148519941727,3.1754053371410422,2281144
2018-09-21,3.139115333557129,3.217744268648638,3.1391153335571285,3.205647323046684,1981412
2018-09-24,3.1572601795196533,3.193550665642987,3.145163235447967,3.169356431407889,1752112
2018-09-25,3.1451632976531982,3.169356494091615,3.145163297653198,3.1572602419641385,1203459
2018-09-26,3.1572601795196533,3.17540542258132,3.133066291376281,3.169356431407889,1272790
2018-09-27,3.199598789215088,3.217744033244663,3.1512117025307163,3.1512117025307163,1745926
2018-09-28,3.151211738586426,3.20564712520625,3.151211738586426,3.20564712520625,774153
2018-10-01,3.139115333557129,3.2116963149853146,3.1270183879551747,3.157260578914175,2040375
2018-10-02,3.151211738586426,3.169356636731869,3.139115139822797,3.1451634392046115,904635
2018-10-03,3.0907278060913086,3.151211487269218,3.0907278060913086,3.151211487269218,1688126
2018-10-04,3.0786309242248535,3.114921414615791,3.0786309242248535,3.1088731149145565,1029476
2018-10-05,3.0665340423583984,3.1028245253107776,3.0060496733766366,3.084679283834588,3775750
2018-10-08,3.000001907348633,3.090727774273222,2.9939536085114513,3.0665342328327796,4286505
2018-10-09,3.000001907348633,3.0302440937179735,2.97580836590819,3.000001907348633,3520182
2018-10-10,2.9697601795196533,3.0362925152766027,2.957663579977537,3.0302445615973146,3004953
2018-10-11,2.9697601795196533,2.987905078832828,2.951614934114709,2.9758088253824813,1875259
2018-10-12,2.9697601795196533,2.987905078832828,2.9395186806643623,2.9758088253824813,2511453
2018-10-15,3.0181467533111572,3.0665341814733487,2.957663073768911,2.993953558367627,3674564
2018-10-16,2.9879047870635986,3.048389163234954,2.963711590341834,3.0241952743297174,5848397
2018-10-17,3.0060501098632812,3.0181470546344817,2.96975996773317,2.9939538572755713,2055929
2018-10-18,2.9697601795196533,3.0181472698716583,2.957663579977537,3.0060503242377723,1743158
2018-10-19,2.9637112617492676,2.9758082048606735,2.9395180677098507,2.9697595602591216,1210321
2018-10-22,2.9032278060913086,2.9697597869619585,2.891130862056457,2.9637114879903947,4018784
2018-10-23,2.818549871444702,2.903227608702152,2.8125017459302097,2.8729854237170374,1472641
2018-10-24,2.806452751159668,2.8669371173136464,2.806452751159668,2.8125015684759123,1714043
2018-10-25,2.8004045486450195,2.8608880478984995,2.78830743348432,2.78830743348432,1857781
2018-10-26,2.7883079051971436,2.848792279912259,2.782259779208187,2.812501966565745,1697893
2018-10-29,2.7883079051971436,2.7883079051971436,2.7883079051971436,2.7883079051971436,0
2018-10-30,2.8125016689300537,2.8185497942789612,2.739921049917939,2.7701623688458605,2172740
2018-10-31,2.806452751159668,2.8487918766857887,2.7943563278480545,2.83064680910377,2300290
2018-11-01,2.8125016689300537,2.8608882291339266,2.782259484772904,2.8427431609038205,3817312
2018-11-02,2.8245980739593506,2.836695190547361,2.8125018226006153,2.818549948279983,2315056
2018-11-05,2.806452751159668,2.8608881269515622,2.806452751159668,2.8608881269515622,1693019
2018-11-06,2.77016282081604,2.8245983804795665,2.7580665681446415,2.8185502541438674,1609817
2018-11-07,2.818549871444702,2.8245979969591946,2.7641143191723665,2.776211435430603,4139148
2018-11-08,2.8004045486450195,2.830646730886346,2.7943562506334216,2.830646730886346,2331881
2018-11-09,2.818549871444702,2.8548401819443088,2.8004048027178237,2.818549871444702,4924286
2018-11-12,2.8245980739593506,2.848792134089517,2.8064530047378278,2.8245980739593506,1915429
2018-11-13,2.8790335655212402,2.8790335655212402,2.8185498873921926,2.8245980129409056,2146685
2018-11-14,2.8548407554626465,2.872986000880633,2.8427438098200652,2.872986000880633,2265791
2018-11-15,2.860888719558716,2.872985837559495,2.8427436482181108,2.8548405931730145,1426715
2018-11-16,2.8790335655212402,2.9032276251287534,2.860888323645845,2.866937314423814,3765828
2018-11-19,2.9213733673095703,2.927421320848186,2.879034058575762,2.8911311769741594,1239130
2018-11-20,2.885082244873047,2.927420679095975,2.860888186425979,2.927420679095975,2680841
2018-11-21,2.8911304473876953,2.9092756877915775,2.866937081925582,2.8911304473876953,998434
2018-11-22,2.860888719558716,2.885082782514399,2.8487924667873132,2.885082782514399,1305287
2018-11-23,2.8125016689300537,2.8548401037850186,2.8004047260488556,2.8548401037850186,1003989
2018-11-26,2.806452751159668,2.83064680910377,2.800404626026781,2.8125015684759123,1383128
2018-11-27,2.7641143798828125,2.8064529898726787,2.7580662542354806,2.8004048642253463,2254657
2018-11-28,2.7762115001678467,2.7883077514788983,2.752017440133054,2.764114383627523,1878477
2018-11-29,2.8125016689300537,2.824597919627869,2.782259484772904,2.782259484772904,3399525
2018-11-30,2.8548407554626465,2.860888882192167,2.8125023109430383,2.8125023109430383,1925097
2018-12-03,2.79435658454895,2.8669373806821072,2.7822596409885447,2.8487921383873545,2937424
2018-12-04,2.7762115001678467,2.8245980628247427,2.752017440133054,2.7762115001678467,3054293
2018-12-05,2.721776008605957,2.7822596891805005,2.715727190629271,2.770162572364703,4385747
2018-12-06,2.721776008605957,2.733872260192462,2.685485696433716,2.7096790648360183,1484391
2018-12-07,2.7641143798828125,2.8004048642253463,2.7036307007675338,2.715727125108052,4678946
2018-12-10,2.77016282081604,2.7822599387168077,2.739921496954049,2.7580665681446415,2141135
2018-12-11,2.745969295501709,2.7822596065967717,2.745969295501709,2.776211480983041,1910453
2018-12-12,2.7154579162597656,2.758172685654842,2.691049501546008,2.752070800206405,2562728
2018-12-13,2.7886838912963867,2.800888536019831,2.7154581179639004,2.7520710046301438,3198165
2018-12-14,2.8069908618927,2.8436037542976926,2.794786215256285,2.8130927487508024,1667749
2018-12-17,2.819195032119751,2.831398979113433,2.776479559093641,2.782582143634564,1470430
2018-12-18,2.8313989639282227,2.8680118522170495,2.7947859010553735,2.8313989639282227,4242623
2018-12-19,2.8130924701690674,2.8558081181222246,2.806990583915238,2.837501586440611,1240015
2018-12-20,2.7703776359558105,2.831398941366933,2.745969218541774,2.8130924100763792,1958035
2018-12-21,2.7276625633239746,2.776479395934128,2.6971515628365923,2.776479395934128,3020147
2018-12-24,2.7276625633239746,2.7276625633239746,2.6971515628365923,2.6971515628365923,695279
2018-12-25,2.7520711421966553,2.7581730284033528,2.7032536083667487,2.7093563674935637,537297
2018-12-26,2.7581729888916016,2.7581729888916016,2.7459692166530303,2.752071102772316,223978
2018-12-27,2.7398669719696045,2.776479864481886,2.7398669719696045,2.770377977605903,1629703
2018-12-28,2.7276625633239746,2.758172865475304,2.7154580932954167,2.752070979629051,826286
2018-12-31,2.7886838912963867,2.7947857771980718,2.7398665344907145,2.7398665344907145,935231
2019-01-01,2.7886838912963867,2.7886838912963867,2.7886838912963867,2.7886838912963867,0
2019-01-02,2.819195032119751,2.825297092908604,2.7703776728888116,2.800888675169169,2148208
2019-01-03,2.7276625633239746,2.8252969268803336,2.7093562074491637,2.8191948664500677,1950208
2019-01-04,2.745969295501709,2.770377713599828,2.727662763698087,2.758173068090703,699365
2019-01-07,2.7520711421966553,2.782582144486353,2.7520711421966553,2.7703776737368644,594999
2019-01-08,2.745969295501709,2.7642758273053305,2.7337648245766104,2.745969295501709,644216
2019-01-09,2.7642757892608643,2.7642757892608643,2.733764786952064,2.752071143919711,1121090
2019-01-10,2.7642757892608643,2.782582146228511,2.7459692577091936,2.752071143919711,678045
2019-01-11,2.7520711421966553,2.776479559943562,2.7459692559899582,2.7703776737368644,444976
2019-01-14,2.7520711421966553,2.7581730284033528,2.73376478524047,2.7520711421966553,249461
2019-01-15,2.7276625633239746,2.758172865475304,2.7093562074491637,2.758172865475304,1187769
2019-01-16,2.733765125274658,2.7459695975421767,2.7215604784230947,2.733765125274658,663635
2019-01-17,2.776479482650757,2.788683953060492,2.7520710655833422,2.7642757105770963,2008880
2019-01-18,2.8069908618927,2.819195333945073,2.7764798563458095,2.7764798563458095,10341894
2019-01-21,2.794785976409912,2.8313990402699427,2.7764796190639243,2.8252971539333163,1733918
2019-01-22,2.8008882999420166,2.81309207071677,2.7886836562472626,2.7886836562472626,855524
2019-01-23,2.8985228538513184,2.8985228538513184,2.800888659681388,2.8191950165307427,2862976
2019-01-24,2.9168295860290527,2.92293147262009,2.8802165206424846,2.904624939926806,1267039
2019-01-25,2.941237449645996,2.947340208366498,2.880216147465405,2.9046245635872343,1030324
2019-01-28,2.941237449645996,2.9534419195829282,2.9168292081081786,2.941237449645996,886514
2019-01-29,3.142609119415283,3.1487118791738884,2.922931591110697,2.9290341762852607,3538775
2019-01-30,3.0510761737823486,3.203630471306682,3.02666793311351,3.203630471306682,3060310
2019-01-31,3.0327703952789307,3.0754858745333387,3.0144638610750696,3.0510769294827917,1322673
2019-02-01,3.00836181640625,3.0327700604256456,2.9839532232187955,3.00836181640625,931719
2019-02-04,2.9900550842285156,3.0205660855480962,2.959544082908935,3.002259554589955,1019487
2019-02-05,2.9839532375335693,3.051076607245033,2.9534422340268374,2.9534422340268374,1536452
2019-02-06,3.0327703952789307,3.0388731552937145,2.9778511418354454,2.9900556143607186,1359256
2019-02-07,3.0022594928741455,3.0754852660334118,2.9900550227635865,3.051076325812294,788775
2019-02-08,3.014463186264038,3.044974186163048,2.9656467037632854,2.996157005326256,595163
2019-02-11,3.0876898765563965,3.1059960608727986,3.020566502393421,3.020566502393421,1452247
2019-02-12,3.081587553024292,3.1120985559594603,3.0388727774175543,3.0571793093450443,1647119
2019-02-13,3.0510761737823486,3.1120981721264913,3.044974113615139,3.0876892331216297,1553961
2019-02-14,2.8985228538513184,3.0632809384156263,2.8863182085890293,3.0449744069822486,2792491
2019-02-15,2.9595441818237305,2.9839531233624124,2.8985228754811687,2.8985228754811687,1372486
2019-02-18,2.977850914001465,2.99005538559298,2.9473406079428557,2.9595443811982283,846007
2019-02-19,2.965646743774414,2.983952924959175,2.947340213421629,2.9778505153962302,549608
2019-02-20,3.038872718811035,3.0632809620195545,2.959544182543108,2.9717486533154154,1649037
2019-02-21,3.0327703952789307,3.0815879362119265,3.0205666210898534,3.0388731552937145,1175482
2019-02-22,3.069382905960083,3.069382905960083,3.020566072233615,3.0266681328034193,700664
2019-02-25,3.0510761737823486,3.0876892331216297,3.044974113615139,3.057178932285581,1299751
2019-02-26,3.0510761737823486,3.08158717295442,3.0388724026159406,3.044974113615139,1338574
2019-02-27,3.0510761737823486,3.069382703451989,3.0388724026159406,3.0510761737823486,565023
2019-02-28,3.0449740886688232,3.063280618188485,3.0266679083171697,3.051076148786041,548677
2019-03-01,3.0632810592651367,3.06938312026098,3.0266683441220184,3.0571793474373523,896725
2019-03-04,3.0571792125701904,3.099893986824794,3.0571792125701904,3.081587455476796,618859
2019-03-05,2.9717485904693604,3.057179185732745,2.9534420592820663,3.0510764267235797,3228297
2019-03-06,2.965646743774414,3.032769757286561,2.959543985043445,2.97174845500131,2890845
2019-03-07,2.99615740776062,3.0205663506255678,2.9534422814990617,2.9717488140637394,1850029
2019-03-08,2.99615740776062,3.0266684117577713,2.977850875195943,2.977850875195943,937899
2019-03-11,3.02056622505188,3.026668285930403,2.9961572832016827,3.002259693248258,400991
2019-03-12,3.0571792125701904,3.06938298485545,3.0266682106008465,3.0266682106008465,1515051
2019-03-13,3.0449740886688232,3.0815871477081473,3.0083613787975074,3.051076148786041,2256891
2019-03-14,3.0571792125701904,3.06938298485545,3.0144633908114566,3.038872681222193,2550323
2019-03-15,3.0510761737823486,3.0754851127872103,3.044974113615139,3.0754851127872103,341853
2019-03-18,3.014463186264038,3.026668005225266,2.977850475220454,3.0205659449126716,2887521
2019-03-19,3.014463186264038,3.026668005225266,2.977850475220454,2.9900549450136618,2173748
2019-03-20,3.02056622505188,3.032769997640874,2.9961572832016827,3.0083617541267813,1370228
2019-03-21,3.038872718811035,3.0571792503854724,3.00836171646429,3.0266682480387277,1584507
2019-03-22,2.977850914001465,3.051076696046341,2.8558082930947424,3.051076696046341,6587634
2019-03-25,2.9839532375335693,2.9961573596018134,2.9656470544312032,2.977850827331386,1062301
2019-03-26,3.0022594928741455,3.0266680839272344,2.9290337197148792,2.9290337197148792,2618597
2019-03-27,2.880216360092163,3.002259671799018,2.880216360092163,3.002259671799018,1392593
2019-03-28,2.880216360092163,2.929033894275735,2.837501585079618,2.9168294234378296,1313523
2019-03-29,2.880216360092163,2.9046247780158994,2.843603471330521,2.8741144738412596,1242955
2019-04-01,2.8497049808502197,2.8863178647716357,2.7764792130073883,2.8008883260403374,906455
2019-04-02,2.8741142749786377,2.9412374632706033,2.8497051604076913,2.9107271612070003,2526863
2019-04-03,2.892421007156372,2.9107273642555747,2.8558081183739423,2.874114475473145,757358
2019-04-04,2.9107272624969482,2.929033793540182,2.8924209060377333,2.9229312091630604,495832
2019-04-05,2.947340488433838,2.959544261194371,2.929033956372896,2.941237729133429,565634
2019-04-08,2.965646743774414,2.9778505153962302,2.9107271527160585,2.97174845500131,705359
2019-04-09,2.977850914001465,3.0083619183962167,2.9595443811982283,2.996157446804702,650098
2019-04-10,2.9900550842285156,3.002259554589955,2.965646841841709,2.983953023631814,438548
2019-04-11,3.014463186264038,3.038872475018474,2.9656467037632854,3.0022594148068698,2778773
2019-04-12,3.02056622505188,3.026668285930403,2.9961572832016827,3.026668285930403,242403
2019-04-15,3.0510761737823486,3.08158717295442,3.0083614034438693,3.044974113615139,1066703
2019-04-16,3.081587553024292,3.099894084951782,3.0510765500891237,3.063281021096802,587470
2019-04-17,3.17592191696167,3.17592191696167,3.081587595470593,3.119321468009775,2643255
2019-04-18,3.2576780319213867,3.2702561088884092,3.106742907601438,3.1759217911347655,2610905
2019-04-19,3.1947884559631348,3.2702558318003425,3.175921522039624,3.24510039971144,498772
2019-04-22,3.17592191696167,3.2010773521786207,3.138188044422488,3.2010773521786207,314884
2019-04-23,3.17592191696167,3.17592191696167,3.17592191696167,3.17592191696167,0
2019-04-24,3.28912353515625,3.28912353515625,3.169633405497189,3.1759222649905823,2616970
2019-04-25,3.2576780319213867,3.307989979932612,3.2262337391459908,3.301701121377533,3115026
2019-04-26,3.226233959197998,3.2954117678791497,3.201077443691237,3.270256331943054,2911048
2019-04-29,3.201077699661255,3.251389655127242,3.1822111212005413,3.2451011554972546,1453349
2019-04-30,3.3583016395568848,3.421190946159787,3.213655730570588,3.213655730570588,3350418
2019-05-01,3.3583016395568848,3.3583016395568848,3.3583016395568848,3.3583016395568848,0
2019-05-02,3.3142786026000977,3.4463467963379024,3.2954116663722854,3.370879411283533,2960201
2019-05-03,3.3268566131591797,3.408612855360349,3.2010772807401757,3.3268566131591797,2289869
2019-05-06,3.2576780319213867,3.333145414152929,3.238811096399285,3.333145414152929,1059221
2019-05-07,3.2199440002441406,3.2639670875041116,3.1318992651515836,3.22623357819918,4026575
2019-05-08,3.188499689102173,3.2262335580280292,3.169632754639245,3.2136554817671295,1572314
2019-05-09,3.201077699661255,3.213656138348898,3.12561030624765,3.1947892000312677,1417522
2019-05-10,3.2765450477600098,3.3960355223767165,3.251389253066196,3.3331454958568725,2539101
2019-05-13,3.28912353515625,3.320568552337052,3.2451011588455794,3.3017016139999544,1024261
2019-05-14,3.1444766521453857,3.3079898468543267,3.138187793843303,3.2954114105364627,1748469
2019-05-15,3.1444766521453857,3.1633435869084825,3.119321218937056,3.1570547286064,1243154
2019-05-16,3.125610113143921,3.169633206403207,3.113032754804073,3.138188191197559,1472597
2019-05-17,3.1067428588867188,3.157054806109037,3.100454360287109,3.144476729339243,548258
2019-05-20,3.07529878616333,3.138188094931667,3.0564322094469594,3.138188094931667,835485
2019-05-21,3.1633434295654297,3.1759215054008174,3.0564317641772094,3.075298338145043,1663904
2019-05-22,3.1444766521453857,3.1696328050674145,3.13189929539807,3.150766230161167,691597
2019-05-23,3.1444766521453857,3.1633435869084825,3.13189929539807,3.13189929539807,547226
2019-05-24,3.1947884559631348,3.213655389886645,3.157054588116114,3.175921522039624,652697
2019-05-27,3.2451000213623047,3.3017004566769064,3.2136550152037113,3.2388104443597197,598487
2019-05-28,3.226233959197998,3.3017013465769507,3.201077443691237,3.2891232687520144,1294276
2019-05-29,3.226233959197998,3.2576782541181175,3.1885000855800776,3.2388113173091573,1880317
2019-05-30,3.28283429145813,3.2891231502155103,3.188499970669926,3.188499970669926,694953
2019-05-31,3.3205676078796387,3.3268561057274986,3.257677591405622,3.3017006749087967,757246
2019-06-03,3.3268566131591797,3.3394350502006986,3.3017011785036234,3.3017011785036234,81445
2019-06-04,3.3268566131591797,3.3268566131591797,3.3268566131591797,3.3268566131591797,0
2019-06-05,3.3268566131591797,3.3268566131591797,3.3268566131591797,3.3268566131591797,0
2019-06-06,3.3268566131591797,3.3268566131591797,3.3268566131591797,3.3268566131591797,0
2019-06-07,3.3457233905792236,3.3583014671682685,3.2702560106155154,3.326856455624083,696175
2019-06-10,3.3583016395568848,3.38345743416942,3.018698232359221,3.352012421011097,2528037
2019-06-11,3.3142786026000977,3.3583016937029098,3.2828343086485403,3.3457236162654094,590714
2019-06-12,3.2325222492218018,3.307989991575834,3.194788737901651,3.3017011329986197,1565960
2019-06-13,3.207366943359375,3.2576781738487837,3.182210788329351,3.2199443011606275,1428201
2019-06-14,3.207366943359375,3.2576781738487837,3.1885000070152967,3.2199443011606275,333027
2019-06-17,3.2576780319213867,3.2765449674434883,3.201077225355082,3.201077225355082,548210
2019-06-18,3.2702560424804688,3.289122977619446,3.2451006087709744,3.2702560424804688,610978
2019-06-19,3.28283429145813,3.2891231502155103,3.2576781367148584,3.28283429145813,401332
2019-06-20,3.2451000213623047,3.2891223822421107,3.219943512635922,3.263966593229311,533667
2019-06-21,3.3583016395568848,3.3645904982458004,3.238811165326252,3.2576781012498714,919495
2019-06-24,3.2954113483428955,3.39603523841826,3.2765447737927125,3.3834571621946288,699493
2019-06-25,3.3834574222564697,3.396035499446887,3.2891231028273897,3.2954116016372925,3449708
2019-06-26,3.4463462829589844,3.452635500669311,3.3583011934394738,3.3645900512929763,1423973
2019-06-27,3.4400579929351807,3.5343923157362176,3.414902557368913,3.465213788358332,1577477
2019-06-28,3.4274792671203613,3.4777912083089935,3.3331449621590004,3.402323836311268,1975721
2019-07-01,3.4652132987976074,3.5092363843897023,3.4023239990530882,3.490369450523614,1064527
2019-07-02,3.6350157260894775,3.6475938045207186,3.4274801309007934,3.4715032254816847,3616389
2019-07-03,3.5847036838531494,3.710482280670476,3.553258674791993,3.635014906665985,3354950
2019-07-04,3.5406811237335205,3.704193971562086,3.5155253286719623,3.603571151172732,2847856
2019-07-05,3.6475932598114014,3.7230606395582924,3.5469700868155467,3.5658370217164825,3467685
2019-07-08,3.6161482334136963,3.729349482494651,3.565837006980534,3.565837006980534,4334700
2019-07-09,3.6790380477905273,3.729349271375563,3.6098591707369243,3.6098591707369243,2227267
2019-07-10,3.7167720794677734,3.760794447031223,3.6601712757030307,3.7167720794677734,4037495
2019-07-11,3.7419276237487793,3.7545057004673685,3.697905254875859,3.7419276237487793,754582
2019-07-12,3.6790380477905273,3.760794280919352,3.6475930382467388,3.7230604134095375,2587787
2019-07-15,3.6790380477905273,3.6790380477905273,3.6790380477905273,3.6790380477905273,0
2019-07-16,3.6916160583496094,3.7293499325492343,3.6224382486020144,3.6664606220257183,3681952
2019-07-17,3.6475932598114014,3.7041937046573565,3.6413044014633735,3.7041937046573565,953204
2019-07-18,3.6538820266723633,3.6979051135768506,3.6413043102912326,3.6979051135768506,2241694
2019-07-19,3.6350157260894775,3.6664607422391273,3.6350157260894775,3.6664607422391273,2505783
2019-07-22,3.6601710319519043,3.666459889776895,3.6350148809382983,3.6413040986201106,556930
2019-07-23,3.6538820266723633,3.7230605463391124,3.6413043102912326,3.685327037338877,930087
2019-07-24,3.6538820266723633,3.685327037338877,3.6413043102912326,3.647593168481798,526831
2019-07-25,3.6287264823913574,3.6727488525949052,3.6224379836272713,3.6538822767320425,1216043
2019-07-26,3.6475932598114014,3.6727486932035127,3.6161482483575575,3.6224378264192896,874693
2019-07-29,3.6475932598114014,3.6601713363643094,3.603570891518354,3.6601713363643094,2232757
2019-07-30,3.697906017303467,3.748217254980334,3.6161490415614157,3.635015980600823,3499840
2019-07-31,3.8362619876861572,3.873995858457663,3.6916157229666258,3.7293495937381316,3418262
2019-08-01,3.760794162750244,3.8865734772595872,3.760794162750244,3.798527669217592,3281469
2019-08-02,3.7167720794677734,3.8048175343083646,3.7104825015102803,3.7545055887874224,768941
2019-08-05,3.6287264823913574,3.7230608011331423,3.6161484052925816,3.6916157883146354,1007908
2019-08-06,3.5847036838531494,3.672748413739818,3.553258674791993,3.66017105785764,1638153
2019-08-07,3.5406811237335205,3.6098596501170244,3.5406811237335205,3.5847042149123443,827875
2019-08-08,3.5343921184539795,3.5784144880945963,3.5155251829755074,3.5595479124729876,839512
2019-08-09,3.4777915477752686,3.653882099624779,3.4715026894591414,3.647593241308652,1661103
2019-08-12,3.4777915477752686,3.4777915477752686,3.4777915477752686,3.4777915477752686,0
2019-08-13,3.4777915477752686,3.4777915477752686,3.4777915477752686,3.4777915477752686,0
2019-08-14,3.4777915477752686,3.4777915477752686,3.4777915477752686,3.4777915477752686,0
2019-08-15,3.3583016395568848,3.4715028952417297,3.352012421011097,3.4589248180070262,1037657
2019-08-16,3.414902448654175,3.42747980618002,3.3645904995526896,3.3897459343181247,1181726
2019-08-19,3.4400579929351807,3.4966588025299328,3.3897460422319954,3.4086129787635797,1107638
2019-08-20,3.4211909770965576,3.490369862727683,3.4086128997481144,3.446346771936569,541324
2019-08-21,3.414902448654175,3.446346742110968,3.4086128702490726,3.42747980618002,427295
2019-08-22,3.4652132987976074,3.490369450523614,3.4211905730623444,3.4463463649315185,964157
2019-08-23,3.4840803146362305,3.4903698931505858,3.440057943175157,3.446346801975756,415972
2019-08-26,3.5784149169921875,3.6601718871026083,3.490370167158186,3.490370167158186,2683178
2019-08-27,3.6413044929504395,3.6853272222064017,3.5532590344385158,3.5909929051884433,2108950
2019-08-28,3.6035706996917725,3.691615431591038,3.5972811219648495,3.6790380754213565,2783164
2019-08-29,3.6287264823913574,3.6727488525949052,3.5909929708087645,3.5909929708087645,765331
2019-08-30,3.6287264823913574,3.628726482391358,3.628726482391358,3.628726482391358,0
2019-09-02,3.6350157260894775,3.6916161793877977,3.622438367372048,3.622438367372048,672907
2019-09-03,3.6287264823913574,3.647593418111088,3.597281469572851,3.635015341012312,513169
2019-09-04,3.6035706996917725,3.6538819236546622,3.5972811219648495,3.6287261317448007,725920
2019-09-05,3.5847036838531494,3.622437550783807,3.5784141062699986,3.603570617318478,2714902
2019-09-06,3.5721263885498047,3.6035714044797857,3.56583752930657,3.5909933261364126,515576
2019-09-09,3.5155255794525146,3.597281829270453,3.509237080059632,3.5721263922713065,1323041
2019-09-10,3.4840803146362305,3.5218141871535824,3.477791815692509,3.5029472508949064,4088903
2019-09-11,3.5343921184539795,3.565837130870387,3.5281036197703064,3.5532590539324516,1147315
2019-09-12,3.5469701290130615,3.5847039992638448,3.521813975607969,3.5406809107333603,2717372
2019-09-13,3.5909931659698486,3.6035712437522105,3.559548151442388,3.559548151442388,1281316
2019-09-16,3.5972814559936523,3.6098595330449483,3.565837163007579,3.5847040986560894,974141
2019-09-17,3.5469701290130615,3.5972813562526786,3.5343920523105155,3.5972813562526786,2870387
2019-09-18,3.5218138694763184,3.5658369566801444,3.515525011242991,3.534391945799818,1766291
2019-09-19,3.4652132987976074,3.5281033182557913,3.458924440794522,3.521813740539041,1625036
2019-09-20,3.5092365741729736,3.5218139310025087,3.4463465513136295,3.471502704400108,1614448
2019-09-23,3.5343921184539795,3.5784144880945963,3.5092366842918343,3.521814041516044,2532538
2019-09-24,3.5343921184539795,3.5595479124729876,3.5281036197703064,3.546970195391915,1407035
2019-09-25,3.5092365741729736,3.5532589424321808,3.4966584976297344,3.534392007545748,2169359
2019-09-26,3.5281035900115967,3.5595478824490527,3.509236654692263,3.515525153322894,2711391
2019-09-27,3.5406811237335205,3.5909930737135145,3.5218141874731326,3.5281037659880585,2496062
2019-09-30,3.5595481395721436,3.5847042950529775,3.5406812028899615,3.553259280630378,1749083
2019-10-01,3.6035706996917725,3.6601711415247524,3.5595476140284736,3.5595476140284736,2829825
2019-10-02,3.6224372386932373,3.679037674355997,3.6035703068533866,3.616147661651964,3169582
2019-10-03,3.6475932598114014,3.6601713363643094,3.6287263249104655,3.6350151832584934,1536310
2019-10-04,3.6287264823913574,3.647593418111088,3.6035710479075407,3.641304559490134,2757811
2019-10-07,3.6790380477905273,3.7104823376206557,3.6161480287029497,3.6224376063826362,5826897
2019-10-08,3.6790380477905273,3.7230604134095375,3.6475930382467388,3.716771915300342,1973669
2019-10-09,3.6350157260894775,3.716772696107186,3.5909933512223984,3.685327679957536,2730761
2019-10-10,3.6790380477905273,3.685326905756553,3.5972810949480425,3.6224376063826362,4729251
2019-10-11,3.6350157260894775,3.6664607422391273,3.622438367372048,3.622438367372048,1177245
2019-10-14,3.5972814559936523,3.6475934043419698,3.578414520345142,3.6475934043419698,1429953
2019-10-15,3.5784149169921875,3.609859933177496,3.5721264175547947,3.609859933177496,422462
2019-10-16,3.4652132987976074,3.5784141822804747,3.458924440794522,3.5721256841342215,1035686
2019-10-17,3.4777915477752686,3.484080046234545,3.4211907433595736,3.4337691797055285,883640
2019-10-18,3.5092365741729736,3.6475932570074927,3.5092365741729736,3.5155250726593152,1204946
2019-10-21,3.4777915477752686,3.5469700688232173,3.4715026894591414,3.528103493874836,961111
2019-10-22,3.458925247192383,3.496659123721662,3.458925247192383,3.4715033259877814,705081
2019-10-23,3.5155255794525146,3.5218144387023016,3.477792064096891,3.484080563489774,651599
2019-10-24,3.5532586574554443,3.5784140888107148,3.5218136485477096,3.5469697996166265,1738918
2019-10-25,3.5847036838531494,3.603570617318478,3.5469698169224912,3.5595475326614943,870338
2019-10-28,3.6035706996917725,3.6098591978481966,3.584703765795168,3.5909926238084253,209457
2019-10-30,3.6224372386932373,3.6413038106762947,3.5658364431736844,3.5847033750135355,926188
2019-10-31,3.6224372386932373,3.6727480973147237,3.5847033750135355,3.6224372386932373,945526
2019-11-01,3.6035706996917725,3.6475930656414053,3.5972811219648495,3.635014989758058,424562
2019-11-04,3.6475932598114014,3.653882118159429,3.6098593900095297,3.6098593900095297,1476795
2019-11-05,3.6287264823913574,3.6727488525949052,3.6098595466716272,3.6538822767320425,690117
2019-11-06,3.6161482334136963,3.635015168236664,3.603570876626469,3.628726309914625,1035333
2019-11-07,3.6413044929504395,3.653882209962508,3.61614833921258,3.61614833921258,1125304
2019-11-08,3.6287264823913574,3.6664603538308187,3.6161484052925816,3.635015341012312,811181
2019-11-11,3.6538820266723633,3.691615535672599,3.6287262340532584,3.647593168481798,1938022
2019-11-12,3.6790380477905273,3.6790380477905273,3.641304180280713,3.666459972001646,4018206
2019-11-13,3.72413969039917,3.7370261604021846,3.679037967088473,3.7370261604021846,1851647
2019-11-14,3.72413969039917,3.7434692110637213,3.704810169734619,3.7176966397376336,831001
2019-11-15,3.72413969039917,3.7499126304051993,3.7176966397376336,3.7370261604021846,1964845
2019-11-18,3.730583906173706,3.756356483001917,3.7176974334195907,3.7370269582107536,7258115
2019-11-19,3.74346923828125,3.749912657669576,3.72413971747616,3.737026187572868,2280405
2019-11-20,3.730583906173706,3.756356483001917,3.7112547500625634,3.7499134309648694,1704959
2019-11-21,3.704810380935669,3.7370263734397797,3.698367329906832,3.724139902702143,764725
2019-11-22,3.730583906173706,3.743470010247801,3.7112547500625634,3.7112547500625634,818397
2019-11-25,3.6983673572540283,3.769242393815165,3.698367357254028,3.749912871905761,3368357
2019-11-26,3.6983673572540283,3.724139930239912,3.659708682115185,3.704810408330508,4389399
2019-11-27,3.711254596710205,3.7434698555642796,3.6919250727177553,3.7176972798010146,1480375
2019-11-28,3.704810380935669,3.724139902702143,3.698367329906832,3.698367329906832,1678825
2019-11-29,3.711254596710205,3.7176972798010146,3.698367755808565,3.711254596710205,1016254
2019-12-02,3.72413969039917,3.7499126304051993,3.72413969039917,3.7305831097406483,4616685
2019-12-03,3.704810380935669,3.7370263734397797,3.704810380935669,3.7305833224109426,2513042
2019-12-04,3.72413969039917,3.7434692110637213,3.704810169734619,3.704810169734619,6945421
2019-12-05,3.74346923828125,3.7950143813081927,3.72413971747616,3.730583136864486,16499389
2019-12-06,3.8143444061279297,3.840116981046903,3.7692426765297222,3.7692426765297222,16984873
2019-12-09,3.917435646057129,3.981866902351613,3.846560600509175,3.846560600509175,11310272
2019-12-10,3.8852195739746094,3.949650829021084,3.8401171055540693,3.923878253266493,7037509
2019-12-11,3.910991907119751,3.943207904361474,3.833674177363647,3.8658901746053695,5110239
2019-12-12,3.943207263946533,3.968979836346186,3.9238777424768037,3.930320793406728,4385076
2019-12-13,3.910991907119751,3.9883096368758553,3.9045492238234303,3.9496509563378117,3937998
2019-12-16,3.891662836074829,3.9432083639330915,3.891662836074829,3.9303218897985106,2425426
2019-12-17,4.033411502838135,4.033411502838135,3.898105231881866,3.898105231881866,4917582
2019-12-18,3.994752883911133,4.059184132287786,3.9174351646511685,4.046297661404475,4501911
2019-12-19,3.9818665981292725,4.072070792465789,3.96898012664692,4.052741269582252,3738430
2019-12-20,3.9818665981292725,4.039854798099899,3.96898012664692,3.994753069611625,2948548
2019-12-23,3.975423812866211,3.988309547851242,3.9496508681761138,3.975423812866211,2111518
2019-12-24,4.0205254554748535,4.033412296214966,3.975423724964463,3.975423724964463,1936803
2019-12-25,4.0205254554748535,4.039854979225021,4.007638983414742,4.026968507164909,811187
2019-12-26,4.0591840744018555,4.072070545101399,4.020525030983186,4.020525030983186,2188406
2019-12-27,4.046297550201416,4.104285745882727,4.0334118170321736,4.065627071655173,3492419
2019-12-30,4.136502742767334,4.1751617950664865,4.052741954359232,4.059185006849075,3156611
2019-12-31,4.155832290649414,4.188048290627194,4.117173238148098,4.1493892381258775,1589175
2020-01-02,4.142945289611816,4.168718233785702,4.110730031094464,4.142945289611816,1182277
2020-01-03,4.123616695404053,4.13650317039598,4.05918542648467,4.123616695404053,2602071
2020-01-06,4.0591840744018555,4.097843117820524,4.001195877953814,4.097843117820524,1252443
2020-01-07,4.130059719085693,4.155831926924214,4.078514197368604,4.078514197368604,1618352
2020-01-08,4.110730171203613,4.123615906369747,4.046298177252817,4.110730171203613,1840432
2020-01-09,4.175161361694336,4.188047834016483,4.136502313407903,4.14938878573005,2782199
2020-01-10,4.142945289611816,4.220263016093468,4.142945289611816,4.2073772813665276,1600646
2020-01-13,4.1622748374938965,4.188047781816958,4.149388734012369,4.149388734012369,1630763
2020-01-14,4.291138172149658,4.297580855342181,4.149388818873843,4.168718343171456,2720266
2020-01-15,4.246035575866699,4.297580353508031,4.213819582905911,4.297580353508031,1654467
2020-01-16,4.246035575866699,4.271808149027349,4.213819582905911,4.226706422506188,1463296
2020-01-17,4.207376956939697,4.252478684066242,4.194490485846418,4.246035632859589,3144230
2020-01-20,4.27180814743042,4.284694618345911,4.181603588381915,4.181603588381915,1236278
2020-01-21,4.233149528503418,4.278251259537331,4.2138200045288805,4.239592580268262,2945423
2020-01-22,4.323354244232178,4.362012924821247,4.246036145694003,4.246036145694003,4171786
2020-01-23,4.284694671630859,4.32979639869605,4.27180820055511,4.32979639869605,1223419
2020-01-24,4.304024696350098,4.316910431570164,4.265365647289821,4.284695171819959,2249283
2020-01-27,4.316910266876221,4.35556931446162,4.284695008355056,4.304024532147756,1861685
2020-01-28,4.304024696350098,4.342683376730358,4.2718086992398625,4.342683376730358,3039729
2020-01-29,4.265365123748779,4.310466850543188,4.265365123748779,4.297580379544807,2340769
2020-01-30,4.291138172149658,4.316910379639794,4.2589221754269655,4.278251331044568,1728397
2020-01-31,4.555307388305664,4.555307388305664,4.271808679644148,4.271808679644148,4003358
2020-02-03,4.452216148376465,4.58752206491163,4.452216148376465,4.58752206491163,2493711
2020-02-04,4.458659648895264,4.497318693565328,4.445773177778585,4.471545382651996,2271723
2020-02-05,4.47799015045166,4.503762360960791,4.45221720258242,4.47799015045166,2394154
2020-02-06,4.407114505767822,4.54242080487438,4.400671822684659,4.51020480869853,3616623
2020-02-07,4.38134241104126,4.432887195148082,4.362012886576193,4.413557670683015,1706444
2020-02-10,4.239593029022217,4.387785816059628,4.130060031385965,4.387785816059628,3142097
2020-02-11,4.220263481140137,4.342683689076027,4.1687186931524565,4.342683689076027,2346646
2020-02-12,4.252478122711182,4.310466313276183,4.194489932146181,4.233148602962873,2775326
2020-02-13,4.323354244232178,4.368455976806089,4.233149673044301,4.239592725029143,3287294
2020-02-14,4.329796314239502,4.362012306960487,4.310466792342904,4.329796314239502,2604431
2020-02-17,4.355569362640381,4.3813423071024005,4.342683259089377,4.349126310864879,1627960
2020-02-18,4.36845588684082,4.4006718834616,4.329796838367889,4.342683310752203,2403296
2020-02-19,4.3877854347229,4.471545846612278,4.368455910382269,4.452216690951658,3362105
2020-02-20,4.200933456420898,4.426443950916191,4.181603932795588,4.413557478939318,4675372
2020-02-21,4.265365123748779,4.310466850543188,4.142944939644053,4.200933137436843,2832809
2020-02-24,4.233149528503418,4.2589221042427985,4.168718273494967,4.246036000713111,1774869
2020-02-25,4.265365123748779,4.310466850543188,4.226706448113576,4.271808174907985,2277850
2020-02-26,4.336239814758301,4.381342282978495,4.278251243058054,4.278251243058054,3798156
2020-02-27,4.200933456420898,4.329796701469637,4.1944907734524595,4.310467177844326,3261670
2020-02-28,4.1622748374938965,4.246035984843838,3.7756858341680237,3.8207875650333722,2286236
2020-03-02,4.104287624359131,4.246037390336955,4.020526817963287,4.175162691688105,2169935
2020-03-03,4.181603908538818,4.188047697509873,4.117172655068202,4.117172655068202,483733
2020-03-04,4.291138172149658,4.316910379639794,4.149388818873843,4.168718343171456,2152402
2020-03-05,4.2589216232299805,4.6906130476383625,4.2460355211556795,4.4522161037842,5027423
2020-03-06,4.304024696350098,4.3491264286804,4.252479174709724,4.284695171819959,3057668
2020-03-09,4.014081954956055,4.252478137056306,3.988308647404827,4.252478137056306,3089036
2020-03-10,3.801457643508911,4.207376865639034,3.795014592442073,4.130059146797085,3432394
2020-03-11,3.801457643508911,3.801457643508911,3.801457643508911,3.801457643508911,0
2020-03-12,3.543732166290283,3.666151619994284,3.530845694559341,3.543732166290283,1995747
2020-03-13,3.85300350189209,3.8658899738556074,3.5308457582841237,3.5372891786058815,2253971
2020-03-16,3.6532657146453857,3.7692424800760276,3.640379243517548,3.762798691492148,2388130
2020-03-17,3.672595262527466,3.7692425062781885,3.6017202238516277,3.6403792688239074,3413409
2020-03-18,3.685480833053589,3.7048103546830924,3.5823909112828103,3.6597086291208645,1206903
2020-03-19,3.614607095718384,3.724140074295336,3.614607095718384,3.6532657723526034,2641528
2020-03-20,3.6532657146453857,3.7048104931168138,3.6274927723897106,3.6274927723897106,1242501
2020-03-23,3.7821285724639893,3.7885723616588662,3.595277857173006,3.6597091128816204,2003554
2020-03-24,3.8787753582000732,3.91099060737563,3.795013866944153,3.795013866944153,2289514
2020-03-25,3.7821285724639893,3.9045491380863844,3.7692428374742786,3.8787765620669368,2976877
2020-03-26,3.82723069190979,3.8530032655761204,3.769242493330541,3.782128227143743,1276139
2020-03-27,3.666151285171509,3.846560029528351,3.63393603048629,3.820787088420261,1270504
2020-03-30,3.6919243335723877,3.7048100658542116,3.6081628339213214,3.64682187416645,1418083
2020-03-31,3.891662836074829,3.898106626162209,3.6983683048165394,3.6983683048165394,2148401
2020-04-01,3.8981056213378906,4.078513631957381,3.865889628645865,3.994752862054037,1482530
2020-04-02,3.7950146198272705,3.936764693760307,3.7756854664872757,3.9109913832670777,846303
2020-04-03,3.84656023979187,3.865889762339563,3.7885720408287678,3.7950147234380283,487334
2020-04-06,3.994752883911133,4.142944902649423,3.8658896497978916,3.8658896497978916,661846
2020-04-07,3.8787753582000732,4.104285051868128,3.8787753582000732,4.078512852527682,1424030
2020-04-08,3.994752883911133,4.001195935012805,3.885219171782875,3.885219171782875,1412038
2020-04-09,4.039854526519775,4.065627099071929,3.968979859831361,3.975423279479369,1222513
2020-04-10,4.1622748374938965,4.220263040520776,4.052741483180901,4.084956741884719,1672225
2020-04-13,4.426444053649902,4.471545784915732,4.1365022985809565,4.188047819004775,2358237
2020-04-14,4.261031150817871,4.525691212073903,4.2279483592111555,4.492608420467187,2647732
2020-04-15,4.055919647216797,4.287497703591095,4.042687210366308,4.287497703591095,1580120
2020-04-16,4.002987861633301,4.02945349157373,3.9434386798687338,4.0228374626882735,1735369
2020-04-17,4.247798919677734,4.366896163492937,4.042687609739961,4.042687609739961,5813514
2020-04-20,4.267647743225098,4.393360993837082,4.234564950180188,4.300730536270009,2292171
2020-04-21,4.214715480804443,4.34042987111471,4.122085020364175,4.254414682249865,3064406
2020-04-22,4.208099365234375,4.274264194812519,4.15516697153237,4.241182158623083,2701046
2020-04-24,4.181633472442627,4.247798303836578,4.168400279004048,4.227948702978534,1420127
2020-04-27,4.181633472442627,4.227948702978534,4.148550678146005,4.208099480720136,2482599
2020-04-28,4.122084617614746,4.201482634148342,4.115467453687635,4.19486547022123,1280293
2020-04-29,4.148550510406494,4.20148290342093,4.089002088839747,4.108851688895206,1161592
2020-04-30,4.062536239624023,4.1816334659888295,4.062536239624023,4.1816334659888295,1521808
2020-05-04,4.04930305480957,4.128701079688258,3.976521437354194,3.9963706596241315,1676816
2020-05-05,4.04930305480957,4.108851857418322,4.029453453939986,4.095618285372404,687477
2020-05-06,4.0162200927734375,4.075768892895388,3.9963704927327877,4.069152485748381,1357741
2020-05-07,4.082385540008545,4.108851546297444,3.9699047293310112,3.9831379217752696,2382944
2020-05-08,4.108851909637451,4.155167140788902,4.075769114901149,4.108851909637451,1943563
2020-05-11,4.128701210021973,4.208099616006735,4.115468016157959,4.115468016157959,2067176
2020-05-12,4.1617841720581055,4.2014833766404065,4.135317783270123,4.141934948366629,2493517
2020-05-13,4.155167102813721,4.16840029630723,4.11546790093284,4.141934666519507,2220759
2020-05-14,4.082385540008545,4.168399965797562,4.082385540008545,4.168399965797562,1094875
2020-05-15,4.102234840393066,4.135316872593559,4.069152050993393,4.135316872593559,1189247
2020-05-18,4.102234840393066,4.148550064073347,4.082385242473181,4.148550064073347,1576347
2020-05-20,4.0426859855651855,4.128700017131074,4.036068822645564,4.102234394248985,1860770
2020-05-21,4.0426859855651855,4.128700017131074,4.0426859855651855,4.049302012686159,2335280
2020-05-22,4.062536239624023,4.0890022478606864,4.0360698527877155,4.042687017396261,1437068
2020-05-27,4.186925888061523,4.231388626201136,4.112821072095764,4.120231402252496,3800174
2020-05-28,4.186925888061523,4.246210043713819,4.157284188834986,4.246210043713819,1426993
2020-05-29,4.11282205581665,4.201747931965124,4.105412102487186,4.19433797863566,2023600
2020-06-01,4.090590476989746,4.098000808548557,4.068359103713633,4.075769435272444,1797776
2020-06-02,4.090590476989746,4.112821850265859,4.075769435272444,4.090590476989746,4360995
2020-06-03,4.038717269897461,4.112821718917996,4.023895850053817,4.105411766195512,4466661
2020-06-04,4.053536891937256,4.068358309360335,4.0164852413775955,4.046126940424931,3757111
2020-06-05,4.075768947601318,4.1054114060888445,4.053537198385582,4.060948286257009,3212969
2020-06-08,4.11282205581665,4.12764347687438,4.083180349500293,4.098001013358622,6222038
2020-06-09,4.149873733520508,4.172105101919828,4.105410996721865,4.127642365121186,9691145
2020-06-10,4.12764310836792,4.179516184440362,4.1202320199010005,4.157284812037934,8540030
2020-06-11,4.11282205581665,4.172106225648766,4.105412102487186,4.11282205581665,6005766
2020-06-12,4.1350531578063965,4.1350531578063965,4.075768997307612,4.090590037432308,3440713
2020-06-15,4.223979473114014,4.335136718075001,4.09800080783861,4.120232181110872,17394964
2020-06-16,4.298083305358887,4.349957133187988,4.26844160479892,4.305494393048225,12693949
2020-06-17,4.320314884185791,4.327725972233232,4.268441811049444,4.320314884185791,4976597
2020-06-18,4.3647780418396,4.4092407845023205,4.29808354924587,4.3351363395976685,9271621
2020-06-19,4.387009620666504,4.45370411641473,4.327726213378671,4.387009620666504,12451622
2020-06-22,4.8094072341918945,4.8094072341918945,4.424062086447139,4.438883126475714,24635793
2020-06-23,4.646377086639404,4.824228815791175,4.6019139650516365,4.779765694203407,20892963
2020-06-24,4.468524932861328,4.64637703878084,4.431472521219661,4.64637703878084,10452655
2020-06-25,4.550041198730469,4.6167356963215616,4.401831162016966,4.438883576545423,10324673
2020-06-26,4.535219192504883,4.624145051601064,4.520398152888915,4.572271980844617,5306078
2020-06-29,4.594503402709961,4.6908395933992075,4.512987873203959,4.542629574170079,12139147
2020-06-30,4.57968282699585,4.6389669921347405,4.572272495653323,4.601914199623098,5218314
2020-07-01,4.68342924118042,4.698249902295225,4.542629553193099,4.5870922937367755,6564520
2020-07-02,4.7204813957214355,4.742712766573276,4.661197992516288,4.705661112819609,5770676
2020-07-03,4.631555080413818,4.757533719643597,4.594503051686876,4.705660652266115,4962767
2020-07-06,4.6241455078125,4.676018583686669,4.616735555172902,4.653787211369216,4847487
2020-07-07,4.705660820007324,4.801996628170872,4.624144915223788,4.631555245513409,17120793
2020-07-08,4.735302925109863,4.972438815071343,4.735302925109863,4.927975693728697,24988276
2020-07-09,4.512988090515137,4.83163875749242,4.512988090515137,4.75012398126055,8243640
2020-07-10,4.424062252044678,4.4981666977620876,4.268441893819057,4.483346414378048,7506339
2020-07-13,4.5278096199035645,4.557450944419382,4.48334649733086,4.53521957243286,4525138
2020-07-14,4.505577087402344,4.579681900230093,4.475934632231813,4.512987417245281,4924971
2020-07-16,4.698250770568848,4.742713519329588,4.542630392706855,4.557451435160336,13194668
2020-07-17,4.698250770568848,4.7797663147631395,4.676019017588778,4.735303566002399,6890443
2020-07-20,5.009490489959717,5.098416354405158,4.683429491792634,4.683429491792634,39667465
2020-07-21,4.764944553375244,5.098416254565719,4.750123891757604,5.068774552730796,18329910
2020-07-22,4.705660820007324,4.8316383279289745,4.58709212797683,4.7797652587023896,11743652
2020-07-23,4.8094072341918945,4.846460023563151,4.735302791248297,4.750123831276872,11728527
2020-07-24,4.772355556488037,4.853870714800304,4.742713095629547,4.779765887752911,5902689
2020-07-27,4.78717565536499,4.876101513071466,4.779765324972626,4.831638394918418,7820957
2020-07-28,4.68342924118042,4.809407132254044,4.6537867831519195,4.794586849738869,8211993
2020-07-29,4.824228763580322,4.876101836971839,4.564861125024858,4.698250109744892,12040224
2020-07-30,4.8094072341918945,4.876101725020662,4.801996903477426,4.861281063591726,2639360
2020-08-04,4.564860820770264,4.8909225513536105,4.44629326292143,4.8909225513536105,9380366
2020-08-05,4.7204813957214355,4.7204813957214355,4.453703809700432,4.594503501361127,7637485
2020-08-06,4.535219192504883,4.816818188009023,4.446293333408701,4.816818188009023,7957563
2020-08-07,4.74271297454834,4.779765765725747,4.320315016842391,4.616735453263368,8959054
2020-08-10,4.757534027099609,4.839049555645719,4.5796823089986685,4.653786749841162,9725555
2020-08-11,4.757534027099609,4.816818185533008,4.742712608891632,4.801996767325031,6348384
2020-08-12,4.8094072341918945,4.846460023563151,4.742712743363127,4.772355202019915,6903784
2020-08-13,4.994670391082764,5.039133135647473,4.853870690362079,4.890923103699225,18473663
2020-08-14,4.8094072341918945,5.024311746706773,4.7871758634488515,5.024311746706773,11763335
2020-08-17,4.772355556488037,4.8242290111411466,4.757534515358625,4.809407591412068,4225032
2020-08-18,4.861281394958496,4.883513145816593,4.757534486286255,4.764944817505845,3788245
2020-08-19,4.913154125213623,4.942795824323171,4.85386996979531,4.868691008649888,3987135
2020-08-20,4.9057440757751465,5.053953337002104,4.853870247516285,4.950206816283271,10071990
2020-08-21,4.920565128326416,5.283679711366585,4.883513469770598,5.046543796213707,23397543
2020-08-24,4.861281394958496,4.93538622155305,4.831638934281146,4.905744518075027,4729406
2020-08-25,4.876101493835449,4.927975320775844,4.846459793783307,4.9131542814499625,4457693
2020-08-26,4.8983330726623535,4.905744160541146,4.846460000706441,4.853870331385961,4667841
2020-08-27,4.8686909675598145,4.927975122477789,4.853869928830321,4.913154083748295,3560279
2020-08-28,4.831637859344482,4.876100972568916,4.801996162461106,4.876100972568916,2918569
2020-08-31,4.757534027099609,4.809407097829392,4.742712608891632,4.809407097829392,2615322
2020-09-01,4.824228763580322,4.831638715865279,4.720481480998348,4.742712852251805,3921454
2020-09-02,4.78717565536499,4.831638394918418,4.779765324972626,4.824228443125675,1810773
2020-09-03,4.824228763580322,4.853870465718382,4.772355311589158,4.787175973358365,2211517
2020-09-04,4.883512496948242,4.942795896027351,4.8019965927657235,4.824228340669906,5341451
2020-09-07,4.935385704040527,4.965027404410394,4.890922585586291,4.890922585586291,2838132
2020-09-08,4.950207710266113,4.9872597483145436,4.905744961728238,4.957618042155859,2397957
2020-09-09,4.972438335418701,5.009489986464365,4.9427958787833335,4.965027248010344,3155854
2020-09-10,4.972438335418701,5.009489986464365,4.950206587592079,4.987258617237354,1322558
2020-09-11,4.935385704040527,4.965027404410394,4.927975373597967,4.965027404410394,1131960
2020-09-14,4.95761775970459,5.002080884308957,4.927976055234688,4.9427967181698005,1557253
2020-09-15,5.009490489959717,5.04654328052833,4.950207085128956,4.957617416082889,3667439
2020-09-16,4.972438335418701,5.024311404081854,4.950206587592079,5.009489986464365,1898549
2020-09-17,4.979848861694336,5.009490564551081,4.942796449173662,4.972438909229719,1812028
2020-09-18,5.187342166900635,5.209573916739087,4.972438785392296,4.994670156631101,6015228
2020-09-21,5.105827331542969,5.320731089130535,5.061364589586821,5.320731089130535,4638097
2020-09-22,5.061364650726318,5.142879426230829,5.03172219139808,5.098416305137941,2112689
2020-09-23,5.083596706390381,5.165111492869434,5.068775285430993,5.165111492869434,2420505
2020-09-24,5.046543121337891,5.0984161935784105,5.024311750577719,5.0613645399775224,3966371
2020-09-25,5.009490489959717,5.091006402050875,4.957617416082889,5.083596071096943,5062906
2020-09-28,5.053952693939209,5.076184061364561,4.9576165160296295,5.002079629479915,4347219
2020-09-29,5.13546895980835,5.142879290495094,5.053953429255981,5.068774469229106,3892497
2020-09-30,5.187342166900635,5.216984626218453,5.135469093543303,5.157700464782109,2630053
2020-10-01,5.13546895980835,5.2614476102800944,5.128058629121606,5.254036522394077,2278056
2020-10-02,5.105827331542969,5.157700404291926,5.098416243550874,5.120647993128589,2591995
2020-10-05,5.165111064910889,5.165111064910889,5.113237988849496,5.135469361247188,2247994
2020-10-06,5.254035949707031,5.43188765279952,5.150289817002338,5.172521185239,11715103
2020-10-07,5.39483642578125,5.4022467567604915,5.224395027262189,5.224395027262189,4123003
2020-10-08,5.350373268127441,5.439299125986083,5.276267692479266,5.42447770797675,3217032
2020-10-09,5.305910587310791,5.4022467835163095,5.291089546679253,5.372605080852886,2275632
2020-10-12,5.276268482208252,5.380015773604671,5.276268482208252,5.298500233950181,2881434
2020-10-13,5.239215850830078,5.30590995786047,5.20957339448389,5.216984103220339,3234900
2020-10-14,5.2836785316467285,5.335551599242228,5.231804706852021,5.246625745564851,3880257
2020-10-15,5.276268482208252,5.313321275578241,5.26144819777955,5.305910944064051,2246904
2020-10-16,5.342962741851807,5.42447827786938,5.291089666367497,5.313321038517866,4721353
2020-10-19,5.350373268127441,5.372604637942196,5.298499440893643,5.372604637942196,3858726
2020-10-20,5.402246475219727,5.424477845598503,5.320730945698039,5.357783734462175,4245641
2020-10-21,5.313321590423584,5.417068887967636,5.283679884010699,5.402247466861642,3120725
2020-10-22,5.2836785316467285,5.32814164778522,5.261447162877285,5.298499191759954,1910763
2020-10-23,5.320731163024902,5.380015324589293,5.261447758659806,5.372604993693568,2928440
2020-10-26,5.254035949707031,5.283678405021907,5.165110098160787,5.261447036785245,5769498
2020-10-27,5.342962741851807,5.42447827786938,5.224395171316724,5.298499997551066,4721721
2020-10-28,5.350373268127441,5.394836007756951,5.3207308107083975,5.328141898312686,2385249
2020-10-30,5.350373268127441,5.372604637942196,5.2614474102688,5.2614474102688,4424814
2020-11-02,5.335552215576172,5.409657039100905,5.298499803813806,5.342962546488787,5395485
2020-11-03,5.313321590423584,5.424478841321231,5.305911258470288,5.335552964883173,6333141
2020-11-04,5.365193843841553,5.394836302882191,5.313320770969276,5.313320770969276,4916166
2020-11-05,5.602330207824707,5.646792950672703,5.372605026844329,5.372605026844329,7311779
2020-11-06,5.646792888641357,5.6764345906811835,5.498582864043644,5.5875087273624136,3703903
2020-11-09,5.698664665222168,5.795001594680366,5.602328871562647,5.698664665222168,5101856
2020-11-10,5.528225898742676,5.683846270399716,5.505994525248723,5.683846270399716,3649949
2020-11-11,5.476351261138916,5.550456459601927,5.4392992298068545,5.528225089362838,3732958
2020-11-12,5.461531639099121,5.5430464264175,5.342963299000747,5.491173345524013,5641268
2020-11-13,5.402246475219727,5.461530634362639,5.350373403869127,5.424477845598503,4209698
2020-11-16,5.39483642578125,5.483762669130052,5.372605054243875,5.409657087739732,4029224
2020-11-17,5.342962741851807,5.431888609052949,5.335552410668237,5.42447827786938,3272964
2020-11-18,5.365193843841553,5.387425593472121,5.328142189789416,5.328142189789416,2069095
2020-11-19,5.380014419555664,5.4244771546497255,5.313319938314987,5.372604089906515,2664963
2020-11-20,5.328141689300537,5.40224612624288,5.328141689300537,5.380014757300216,2755357
2020-11-23,5.313321590423584,5.394837134908346,5.276268794858001,5.350374385989167,4290071
2020-11-24,5.2910895347595215,5.335552277954317,5.268858163162124,5.328142325554722,2627172
2020-11-25,5.261446952819824,5.357783132707699,5.246625536099119,5.313320018344348,3452252
2020-11-26,5.276268482208252,5.276268482208252,5.21698507289537,5.26885852929374,2198623
2020-11-27,5.254035949707031,5.313320103137591,5.224394251591347,5.268857366664267,2455081
2020-11-30,5.172521591186523,5.291089150153819,5.165110503526677,5.202163291628534,2560700
2020-12-01,5.2836785316467285,5.320730560529397,5.194752677969352,5.268857492933899,5050242
2020-12-02,5.350373268127441,5.365193550337907,5.283678780083554,5.291089110488599,5521543
2020-12-03,5.372605323791504,5.424478400448006,5.372605323791504,5.4022470277952666,4514246
2020-12-04,5.298499584197998,5.387425444461748,5.276267835182336,5.372604783250816,2590460
2020-12-07,5.298499584197998,5.387425444461748,5.254036464766307,5.291089253592533,6055885
2020-12-08,5.298499584197998,5.320730954614028,5.276267835182336,5.320730954614028,2019209
2020-12-09,5.298499584197998,5.335551994424591,5.291089253592533,5.291089253592533,2105773
2020-12-10,5.350373268127441,5.4318880383817945,5.298499440893643,5.357783598532485,7216105
2020-12-11,5.342962741851807,5.365194114002176,5.283679335183927,5.313321038517866,5671048
2020-12-14,5.417068004608154,5.483762495710774,5.365193796395686,5.387425545829652,9076300
2020-12-15,5.357783794403076,5.417067954209237,5.3503734637271245,5.417067954209237,4043222
2020-12-16,5.328141689300537,5.409656456357232,5.305909941758267,5.380014757300216,3359762
2020-12-17,5.39483642578125,5.409657087739732,5.320731222990581,5.342962594527956,4552556
2020-12-18,5.409657001495361,5.543045607192692,5.380015299451314,5.505993952887189,7390667
2020-12-21,5.350373268127441,5.42447770797675,5.3207308107083975,5.365193550337907,5154556
2020-12-22,5.39483642578125,5.454119830814482,5.365193966065331,5.380015385223116,4863750
2020-12-23,5.476351261138916,5.505993719123749,5.394836110729048,5.4096567718220205,7691505
2020-12-24,5.454119682312012,5.557866963394161,5.424477980602467,5.49858280277579,7950330
2020-12-25,5.439299583435059,5.498582988860433,5.424478164179234,5.461530955119488,2883156
2020-12-28,5.439299583435059,5.483762705403571,5.431888495207493,5.468941286147746,4051942
2020-12-29,5.505993366241455,5.543045016599225,5.409656425114016,5.4541191627425505,9710107
2020-12-30,5.461531639099121,5.528226141104605,5.45412054994342,5.520815051948905,4371269
2020-12-31,5.483762741088867,5.5134040653947896,5.461530990660112,5.483762741088867,4771741
2021-01-04,5.543045997619629,5.609740494465774,5.476351879373156,5.483762967955551,8051440
2021-01-05,5.780181884765625,5.883928788616757,5.491172544437574,5.52081424653815,26137198
2021-01-06,5.995085716247559,6.217400552911956,5.728308139410058,5.772771258182789,19361741
2021-01-07,5.980264663696289,6.084011562008193,5.898749135422757,6.032137734252615,7574971
2021-01-08,5.965443134307861,6.07660073962636,5.9061597343773355,6.0024959218137734,5393258
2021-01-11,6.024727821350098,6.1507064770316475,5.9654436590059206,6.039549240535794,7487707
2021-01-12,6.624977111816406,6.624977111816406,5.987675054558908,6.0766009142088,14774793
2021-01-13,6.498999118804932,7.254868768700389,6.498999118804932,6.839881910804469,32494519
2021-01-14,6.158115863800049,6.5434609669539165,6.150705533943079,6.513819647526041,17056846
2021-01-15,6.076601028442383,6.232221001805461,6.009906537801272,6.135885188389876,9710321
2021-01-18,6.150706768035889,6.254453299847384,5.995086402419142,6.098832934230637,13375224
2021-01-19,6.187757968902588,6.23963179571238,6.165526599269548,6.224810756423813,8714384
2021-01-20,6.143294811248779,6.217400385811273,6.09883207227067,6.217400385811273,4999439
2021-01-21,6.135885238647461,6.269273842422602,6.106243537030563,6.195169399080537,8907531
2021-01-22,6.0469584465026855,6.143294245889731,5.987674295188223,6.113652548832082,4902303
2021-01-25,6.024727821350098,6.09142231468747,6.009906780764053,6.084011983694275,5011214
2021-01-26,5.98767614364624,6.03954998136018,5.9506241055357245,6.032138892258619,5630551
2021-01-27,5.720897674560547,6.039549092870424,5.720897674560547,6.017317721834735,10186949
2021-01-28,5.7653608322143555,5.787592204852541,5.557867389925177,5.617151555093232,9833328
2021-01-29,5.7653608322143555,5.802413624744225,5.609740466547719,5.735719128229999,7013051
2021-02-01,5.802412986755371,5.891338846130177,5.691255757186773,5.7727712860301885,7494433
2021-02-02,5.958033084869385,6.098832009244781,5.780181373595649,5.832054442334177,10283661
2021-02-03,5.995085716247559,6.061780205106841,5.906159857301725,6.009906377238842,6739014
2021-02-04,5.883928298950195,6.024727224059704,5.876517211492429,6.0024958546844775,5471408
2021-02-05,5.824644565582275,5.935801799132419,5.824644565582275,5.898749387949038,5627548
2021-02-08,5.787591457366943,5.869107363244818,5.7357183874439714,5.861697032855714,6420269
2021-02-09,5.780181884765625,5.9135704907173325,5.772771553890393,5.809823586866202,7667803
2021-02-10,5.77277135848999,5.8394658485081505,5.765360270666321,5.817234099435675,5802465
2021-02-11,5.750539779663086,5.832054549376968,5.743128692107935,5.772771149330439,5325775
2021-02-12,5.669024467468262,5.743129293181635,5.639382764342708,5.735718962050161,6108046
2021-02-15,5.757950305938721,5.809823759404811,5.7431292651484585,5.750540353443076,7277150
2021-02-16,5.72830867767334,5.817234544975135,5.646793141563502,5.809823835183516,7211329
2021-02-17,5.661613941192627,5.772771168498094,5.646792523232353,5.750539798756925,5544409
2021-02-18,5.617151737213135,5.698666520462914,5.587509275068366,5.691256567476167,6961003
2021-02-19,5.669024467468262,5.691256218062001,5.580098600892282,5.631971676011916,8617545
2021-02-22,5.654202938079834,5.824644325374103,5.624561237515338,5.71348709640808,11813048
2021-02-23,5.520814418792725,5.683845867730681,5.513404087686283,5.669024448318481,6980641
2021-02-24,5.335552215576172,5.505993991162423,5.335552215576172,5.483762619824934,7452536
2021-02-25,5.39483642578125,5.424478128297866,5.27626810131618,5.380015385223116,6984461
2021-02-26,5.239215850830078,5.37260444349047,5.239215850830078,5.261447219840209,7424101
2021-03-01,5.409657001495361,5.461530831921649,5.291089436119878,5.291089436119878,6931958
2021-03-02,5.446710109710693,5.52081455844865,5.37260528237307,5.409657317442214,8648386
2021-03-03,5.587508201599121,5.6393820271368895,5.4689406473972815,5.476350977560043,10015542
2021-03-04,5.809823513031006,5.987675237772786,5.55786696608009,5.587508667803959,40357230
2021-03-05,5.854286193847656,6.076601036755625,5.8468758631439,5.928391772483042,29605089
2021-03-08,5.787591457366943,5.93580147254562,5.780181505577461,5.861697032855714,15388688
2021-03-09,6.150706768035889,6.239632637159792,5.787592202997142,5.824644995515133,40512850
2021-03-10,6.024727821350098,6.180348179604084,6.017317868956554,6.158116808024843,11481256
2021-03-11,6.217401027679443,6.343378927322921,6.12106407368232,6.150706533727298,19462523
2021-03-12,6.084011077880859,6.247041742855343,6.084011077880859,6.224810374586004,10272836
2021-03-15,6.113653659820557,6.261863686440227,6.076601247815552,6.121063990781698,8604675
2021-03-16,6.069190979003906,6.150706513409439,6.017317904545431,6.128475141698713,7174670
2021-03-17,5.950623512268066,6.187758652691687,5.950623512268066,6.054369662953824,10067688
2021-03-18,5.861696243286133,6.0099054813018045,5.839464876513761,5.972853455747565,5427093
2021-03-19,5.809823513031006,5.972854576210672,5.757950061764683,5.795002851468892,8574823
2021-03-22,5.483762741088867,5.720897878732127,5.313320961733591,5.446709949907494,11833629
2021-03-23,5.854286193847656,5.906160023172499,5.372604854512939,5.483762465266741,10764561
2021-03-24,5.928391456604004,6.032137595327294,5.876517251443508,5.876517251443508,10200345
2021-03-25,5.839466571807861,6.009907226077657,5.817234819981672,5.9283924433135775,10536480
2021-03-26,5.7653608322143555,5.906160535188649,5.6393829277314165,5.891339493896635,7615334
2021-03-29,6.335968971252441,6.335968971252441,5.765360951956969,5.765360951956969,25367967
2021-03-30,6.121063232421875,6.654618732109128,6.084011203607026,6.380430841522254,46285659
2021-03-31,5.869108200073242,6.298916131715395,5.869108200073242,6.165527515495372,14795048
2021-04-01,6.032138347625732,6.084012180656059,5.950623568262688,5.958033899495783,11429382
2021-04-02,6.017317295074463,6.1136531031969055,5.950622808097861,6.076600694565374,6585520
2021-04-05,6.024727821350098,6.084011983694275,5.995086118777661,6.039549240535794,6333766
2021-04-06,5.9358015060424805,6.032137694642586,5.9358015060424805,6.017317412380365,4579145
2021-04-07,5.898749828338623,5.965443946288182,5.8542867044392475,5.928392289537878,8205901
2021-04-08,5.943212032318115,6.061780351917,5.9061600003429175,5.9061600003429175,8660855
2021-04-09,5.861696243286133,5.995084822519937,5.765359311006998,5.950622088975192,5892628
2021-04-12,5.943212032318115,5.995085861442445,5.832054800593615,5.9061600003429175,7002349
2021-04-13,5.801390171051025,5.98753142416138,5.58422610220483,5.956508212180511,13616521
2021-04-14,5.824658393859863,5.902217418665861,5.7626119665051645,5.80139048829554,5273469
2021-04-15,5.917728424072266,5.987531343517874,5.73158756971399,5.840169800797154,8249689
2021-04-16,6.282253742218018,6.3753241592232115,5.894459875743903,5.917727777178936,27071023
2021-04-19,6.24347448348999,6.344301403151847,6.057333636215047,6.29000989343123,15775405
2021-04-20,6.026310443878174,6.290009912266483,6.018555136565589,6.23571919487331,5964044
2021-04-21,5.832414150238037,6.103868919493026,5.770366542025612,5.987530991421602,7554627
2021-04-22,5.793634414672852,5.871192636741026,5.73934369884963,5.73934369884963,5858112
2021-04-26,5.9332404136657715,5.948752614300298,5.739344245654752,5.739344245654752,4938888
2021-04-27,5.886704921722412,5.995287147441917,5.878949218276021,5.917728131752983,3944305
2021-04-28,5.909972667694092,5.948752375231859,5.80914653758195,5.8867051601674465,3359817
2021-04-29,5.925484657287598,5.987531077658665,5.886704951126922,5.894460258367049,2301360
2021-04-30,6.088357925415039,6.165916549386245,5.925484973573518,5.933240281227602,7204553
2021-05-03,6.13489294052124,6.189183656791605,6.08835753140307,6.11938074123685,4153320
2021-05-04,6.034066200256348,6.173672035475176,6.003042989509395,6.142648824728225,4526223
2021-05-05,6.111625671386719,6.150404189878384,6.02631055323496,6.034066256933293,4585835
2021-05-06,6.212452411651611,6.243475627719661,6.103870164800735,6.111626662246638,5848846
2021-05-07,6.16591739654541,6.305522859625508,6.111626669302375,6.2434756349276155,6994526
2021-05-10,6.235718727111816,6.266741935260049,6.158160112373768,6.173671518325394,5365395
2021-05-11,6.16591739654541,6.258987837347169,6.158161691580714,6.18918490768458,4217893
2021-05-12,6.437371253967285,6.701070698100964,6.40634725385542,6.4994176692111285,12868922
2021-05-17,6.608000755310059,6.623512558352817,6.476150627569113,6.476150627569113,8895944
2021-05-18,6.538197994232178,6.639024122025042,6.538197994232178,6.623512714860763,5399773
2021-05-20,6.894967079162598,6.894967079162598,6.491662195860203,6.522685404578858,11175612
2021-05-21,6.8561882972717285,6.972526619967862,6.639023850900273,6.825164691720094,9791878
2021-05-24,6.941503524780273,7.042329655868691,6.801897685778592,6.856188801363133,5762512
2021-05-25,6.631268501281738,6.949259484532033,6.561465583190453,6.9415033846079925,6796580
2021-05-26,6.654536247253418,6.747606274178215,6.569221131334007,6.670047654244214,4401847
2021-05-27,6.561465263366699,6.693315785688504,6.545953460519722,6.662291387504558,3488467
2021-05-28,6.576976776123047,6.631267486054507,6.468394167525265,6.514929571210029,3793855
2021-05-31,6.693316459655762,6.763118985128262,6.561465924057587,6.576978124711523,4315058
2021-06-01,6.631268501281738,6.708826726807033,6.6080009939996485,6.646780304884803,3031933
2021-06-02,6.646780490875244,6.7320944224668215,6.592488978622822,6.608001178904965,5037810
2021-06-03,6.801897048950195,6.825164554523711,6.670047322373622,6.670047322373622,4115929
2021-06-04,7.04232931137085,7.073352917685832,6.763118439516018,6.817409552444736,9585452
2021-06-07,7.019062042236328,7.135400371731142,6.988038434871709,7.050085649600947,3794801
2021-06-08,7.01130485534668,7.112131761773532,6.972525946520124,7.019060954107956,2898672
2021-06-09,6.964771747589111,7.034574278011392,6.918235934817464,7.011306767870632,2118413
2021-06-10,6.894967079162598,7.01906149901716,6.840676761088693,6.949258982216448,2693171
2021-06-11,6.925992488861084,7.026818625361337,6.832921660367712,6.871700577872384,2670165
2021-06-14,6.794140815734863,6.949258837318728,6.794140815734863,6.9337466389153635,2123109
2021-06-15,6.701071739196777,6.8484328898465,6.693316431392628,6.786386464962965,2995068
2021-06-16,6.732093334197998,6.778629135031683,6.670046920569625,6.708825830026117,2489051
2021-06-17,6.794140815734863,6.832920519253318,6.7010707952745,6.7010707952745,2833648
2021-06-18,6.817409992218018,6.848432808044193,6.739851367672459,6.801897791814871,2587332
2021-06-21,6.809654235839844,6.825165644536112,6.747607016074574,6.8018981352466605,2156128
2021-06-22,6.933747291564941,6.933747291564941,6.786386147802122,6.81740975503904,3191606
2021-06-23,7.057840347290039,7.065597239073555,6.863944204871003,6.94150282033661,4036180
2021-06-24,7.1664228439331055,7.282761167865037,7.003550299914394,7.057840619593968,5773267
2021-06-25,6.988038063049316,7.174178904842739,6.980281963498343,7.1431552991288365,4904488
2021-06-28,7.088865280151367,7.143155601838902,6.941503344887978,6.980282259306221,4878719
2021-06-29,7.158668041229248,7.181935549157061,7.057841116888655,7.057841116888655,4634301
2021-06-30,7.236225605010986,7.267248416043048,7.135399487931944,7.150910893447976,3090446
2021-07-01,7.344808101654053,7.360319507762597,7.197446177418033,7.197446177418033,2779589
2021-07-02,7.150911331176758,7.4533897009294945,7.150911331176758,7.344808270690809,4336816
2021-07-05,7.050085067749023,7.15091118899521,7.034572869101937,7.15091118899521,2708592
2021-07-06,7.04232931137085,7.112132623702062,7.011305705055866,7.065597610474592,2041037
2021-07-07,7.019062042236328,7.073353157001903,6.964770927470753,7.034573449673621,2027610
2021-07-08,7.104375839233398,7.181935252441881,6.995794404219565,7.01130581136725,3857640
2021-07-09,7.019062042236328,7.112132864330186,6.988038434871709,7.081108464475532,2541604
2021-07-12,6.941503524780273,7.042329655868691,6.863944901443794,7.0190621481167526,2167168
2021-07-13,6.825165271759033,6.941503604342219,6.817409964079528,6.902724688474527,1385777
2021-07-14,7.02681827545166,7.034573583072356,6.732094396143858,6.801897712160461,2287279
2021-07-16,6.957014560699463,7.050085379223973,6.933747054190837,7.0268178727153465,906059
2021-07-19,6.980282783508301,6.980282783508301,6.902724948847412,6.918235564791488,330946
2021-07-26,7.088865280151367,7.0966205875410004,6.95701475215727,6.980282259306221,1730554
2021-07-27,7.243981838226318,7.243981838226318,7.073353185762187,7.0888653857525865,2305161
2021-07-28,7.174178600311279,7.39909913782209,7.174178600311279,7.251738007548768,2204887
2021-07-29,7.228470802307129,7.275006612180474,7.166423584136055,7.181935784923863,2080128
2021-07-30,7.1819353103637695,7.267249239099117,7.073353081984207,7.23622642455355,2254181
2021-08-02,7.150911331176758,7.228469948484381,7.1121324187679384,7.150911331176758,1656896
2021-08-03,7.228470802307129,7.275006612180474,7.1431560754444225,7.150912175838326,2138348
2021-08-04,7.259493350982666,7.492169196401608,7.2207136471678615,7.2207136471678615,4243014
2021-08-05,7.282761573791504,7.306029081376775,7.236226558620961,7.251738758671169,1235514
2021-08-06,7.360320091247559,7.383587598499876,7.282761469576491,7.290516777000578,1408446
2021-08-09,7.375831604003906,7.414610514982101,7.344807999727378,7.360319405620665,1065618
2021-08-10,7.399099826812744,7.445634841496527,7.360320119582904,7.383587626924795,1402851
2021-08-11,7.399099826812744,7.461147041384476,7.313785104899122,7.406855134266686,2846576
2021-08-12,7.468902111053467,7.484414310447559,7.368075984951895,7.3990995912500725,1629325
2021-08-13,7.523193359375,7.755869222064634,7.4223672314584945,7.445634738478456,5904623
2021-08-16,7.717090129852295,8.159175130504106,7.6240201039192845,7.6240201039192845,9838606
2021-08-17,7.569727420806885,7.8644504601205085,7.569727420806885,7.717089336708658,3942094
2021-08-18,7.709333419799805,7.879962843820562,7.592995104104749,7.592995104104749,5617431
2021-08-19,7.841184139251709,7.841184139251709,7.585240763129682,7.717090501206187,3153859
2021-08-20,7.755868911743164,7.887718641240829,7.717089999091493,7.841183629062827,2673841
2021-08-23,7.864451885223389,7.887719393531526,7.755869651458702,7.755869651458702,2039450
2021-08-24,8.143662452697754,8.166929957813895,7.895474410642311,7.895474410642311,3580381
2021-08-25,7.918743133544922,8.143663705073704,7.701578662410946,8.104883995589747,2200658
2021-08-26,8.097126960754395,8.112638365745704,7.887717842187287,7.887717842187287,1903630
2021-08-27,8.376337051391602,8.430628945246584,8.06610263929926,8.104881544565885,4255047
2021-08-31,8.50818920135498,8.616772227785972,8.399606967414055,8.422874475759958,3162844
2021-09-01,8.50818920135498,8.585747826671346,8.28326942568454,8.523701401912293,3416798
2021-09-02,8.337559700012207,8.508188341467452,8.337559700012207,8.430630516479601,1703059
2021-09-03,8.112639427185059,8.337559980171571,8.08161582065347,8.337559980171571,4070353
2021-09-06,8.097126960754395,8.291023089350372,8.073858664532564,8.112638365745704,2707015
2021-09-07,8.035080909729004,8.182442844513726,8.035080909729004,8.089372023730213,2122988
2021-09-08,8.104884147644043,8.174686675036627,7.949766891778241,8.011813318630505,2343682
2021-09-09,8.291025161743164,8.298781262422459,8.058349273775274,8.058349273775274,2250507
2021-09-10,8.120396614074707,8.322048894791617,8.104884412487179,8.298781384900446,2209880
2021-09-13,8.104884147644043,8.182443568067038,8.104884147644043,8.120396348724679,2051690
2021-09-14,8.120396614074707,8.18244383544458,8.104884412487179,8.120396614074707,1722894
2021-09-15,8.143662452697754,8.197952769642114,8.112638848379579,8.112638848379579,1164608
2021-09-16,8.159174919128418,8.182442425008892,8.104883015420672,8.120395214334309,1191760
2021-09-17,7.8954758644104,8.27551370042574,7.879964455640226,8.143663952163902,5849917
2021-09-20,7.864451885223389,8.035081336136486,7.763625751724769,7.794649360298974,2077144
2021-09-21,7.802404403686523,8.120395786429281,7.7868937886601035,8.104883586422783,2766256
2021-09-22,7.848939418792725,7.895475226322572,7.76362548871642,7.841184111279448,1695966
2021-09-23,8.050593376159668,8.089373088044194,7.825672790707695,7.879964704342083,2449722
2021-09-24,8.174686431884766,8.29102476656874,8.019569973122916,8.027325280942463,3565199
2021-09-27,8.120396614074707,8.244490264324336,8.050593291911069,8.174686942160697,2286042
2021-09-28,7.973034381866455,8.15917522845715,7.934254675602138,8.120395522192833,3977437
2021-09-29,7.903231143951416,8.00405727170769,7.887718944302746,7.996301964373376,2227906
2021-09-30,8.058348655700684,8.058348655700684,7.794649177731446,7.9032314089529025,4191386
2021-10-01,7.825671195983887,8.004056724814932,7.7946483837862806,7.988544526226164,3976342
2021-10-04,7.779137134552002,7.949766584912031,7.771381826801137,7.810161535515712,4163500
2021-10-05,7.810161590576172,7.918743032264326,7.763625781292599,7.786894082179419,4043160
2021-10-06,7.779137134552002,7.817916843266577,7.717090710094769,7.794649335033857,2472511
2021-10-07,7.825671195983887,7.856695593161424,7.779136185197512,7.786893076981862,2806152
2021-10-08,7.825671195983887,7.879963098554612,7.802403690590699,7.833428087768237,3096685
2021-10-11,7.8722076416015625,7.887719048966036,7.81016121965364,7.833428726945365,2514599
2021-10-12,7.980790138244629,8.058348762647846,7.825672096948137,7.856696497697492,6480061
2021-10-13,7.988546371459961,8.019570775803668,7.918743839157066,7.988546371459961,2920717
2021-10-14,7.949766635894775,8.042837461912592,7.926499127512838,7.996302445148717,8357943
2021-10-15,7.825671195983887,7.996301418010514,7.810160582375049,7.988544526226164,3014756
2021-10-18,7.88771915435791,7.90323135441968,7.833428831611838,7.841184139152682,2732800
2021-10-19,7.856696128845215,7.91874254996083,7.825671729552377,7.903231142804431,1942023
2021-10-20,7.794649124145508,7.89547525458941,7.794649124145508,7.864451646955123,2150676
2021-10-21,8.143662452697754,8.143662452697754,7.794648290975711,7.794648290975711,6813850
2021-10-22,8.283267974853516,8.353070487665175,8.050591347168131,8.112638553549557,5406670
2021-10-25,8.376337051391602,8.477163948562467,8.275510946710575,8.275510946710575,5061985
2021-10-26,8.46940803527832,8.50043163566232,8.384093332344785,8.453896631331247,2967131
2021-10-27,8.407362937927246,8.477165455307887,8.360827133850172,8.469409355880044,3225391
2021-10-28,8.531457901000977,8.546969309793317,8.39960736006062,8.407364253191945,2775608
2021-11-01,8.384095191955566,8.562479943117378,8.345316277241709,8.531457128342304,3058896
2021-11-02,8.399605751037598,8.492676563433365,8.35307074108469,8.399605751037598,3994042
2021-11-03,8.43062973022461,8.43838503650613,8.298779221069909,8.399605335138881,3129754
2021-11-04,8.562479019165039,8.57023591075683,8.453897594188929,8.461652900800829,2987365
2021-11-05,8.663308143615723,8.717599266220892,8.570238100572658,8.577993409166147,5431833
2021-11-08,8.655550003051758,8.702085013608391,8.609014200005165,8.647793903795666,4375194
2021-11-09,8.655550003051758,8.779644421189394,8.655550003051758,8.686573607586167,5434596
2021-11-10,8.996809959411621,9.027833570468337,8.671063232051296,8.671063232051296,7235433
2021-11-11,9.400115013122559,9.423382522537501,8.91925103857345,9.03558937813827,8482966
2021-11-12,9.500941276550293,9.625034915543544,9.268264613764131,9.4001143528476,5983739
2021-11-15,10.206725120544434,10.377353777322558,9.376846967267474,9.578499232320727,7557864
2021-11-16,9.578499794006348,10.299795756862359,9.54747697640209,10.206725719069379,7808528
2021-11-17,9.88097858428955,9.88097858428955,9.61727909836535,9.61727909836535,5205357
2021-11-18,10.167943954467773,10.377352289692908,9.950779520163207,9.950779520163207,8404265
2021-11-19,9.896491050720215,10.369598918026545,9.873223541630242,10.18345805281667,5246188
2021-11-22,10.152432441711426,10.237746360725524,9.904244406196948,9.904244406196948,4422285
2021-11-23,11.059870719909668,11.152941544213352,10.315307295440412,10.315307295440412,15649071
2021-11-24,11.246010780334473,12.075888077752971,11.106404950001549,11.300301892547832,15836173
2021-11-25,11.897504806518555,11.897504806518555,11.339082245777961,11.339082245777961,9534499
2021-11-26,11.95179557800293,11.998331387512422,11.424396605142622,11.944040270159741,8131111
2021-11-29,11.913015365600586,12.331832058203034,11.672583413830665,12.052620401474746,8061781
2021-11-30,12.037110328674316,12.254273991739092,11.711363645342121,11.94403950808368,9217296
2021-12-01,12.595532417297363,12.642067429657589,12.03710989150467,12.238761347568987,9093874
2021-12-02,12.432659149169922,12.905766959882184,12.29305331883991,12.742893623245504,6662371
2021-12-03,13.301316261291504,13.433167585940918,12.455927499873019,12.486950315391638,9820684
2021-12-06,12.603287696838379,13.7123766464448,12.541241277990252,13.409899066763945,14581600
2021-12-07,12.87474250793457,12.88249860702378,12.68084637062389,12.820452191779939,7341065
2021-12-08,12.882500648498535,12.967815374529732,12.735138704901003,12.921279565109943,6232446
2021-12-09,12.828207969665527,12.913522685311316,12.67308994463229,12.882499080304669,7774812
2021-12-10,12.882500648498535,13.231514067961488,12.758407005855933,13.037617899924308,13212655
2021-12-13,12.975570678710938,13.099665113808733,12.866989236735472,12.898012053019851,8804387
2021-12-14,13.09190845489502,13.161710977291685,12.913523702665739,13.115175962360574,7327318
2021-12-15,13.49521541595459,14.317336706893412,13.239271232605816,13.89851996094644,17254074
2021-12-16,14.146703720092773,14.146703720092773,13.572769862797792,13.727887078688873,13508583
2021-12-17,13.898518562316895,15.248040285103917,12.781673490521431,14.968828620910047,15299441
2021-12-20,13.960565567016602,14.526744194180019,13.262537209416772,13.898518355344173,14125223
2021-12-21,12.564508438110352,13.945052908690265,12.564508438110352,13.945052908690265,6694612
2021-12-22,11.30805778503418,12.114668410390838,11.30805778503418,11.804433920249064,9512365
2021-12-23,11.246010780334473,11.633803872937042,10.5402263215608,11.478687428386012,6255544
2021-12-24,11.447662353515625,11.509709561661493,11.17620760097984,11.401127343651199,7488958
2021-12-27,11.052115440368652,11.788923611887297,10.90475428155899,11.47868909282057,10600244
2021-12-28,10.819438934326172,11.253767870253549,10.703100600062749,11.191720652981047,4743595
2021-12-29,11.897504806518555,11.897504806518555,10.83495000786197,10.873729715582447,9990313
2021-12-30,11.905261039733887,12.618801694345882,11.8277024107526,12.39388111555708,15692981
2021-12-31,11.680339813232422,12.25427458685552,11.424396431036078,12.021598712814292,6669935
2022-01-03,12.037110328674316,12.176715370825239,11.486443089948933,11.866480094679806,5378647
2022-01-04,12.130179405212402,12.300808040841757,12.013841086722874,12.060376889612659,5082894
2022-01-05,12.468003273010254,12.491572174117318,12.185174854214505,12.303020162505314,3256222
2022-01-06,12.130180358886719,12.55442215187189,12.130180358886719,12.42872108799806,4596745
2022-01-07,11.90234661102295,12.240169382186656,11.82378334388718,12.12232408010528,4613101
2022-01-10,11.988767623901367,12.177319644108351,11.902347780732432,11.957342153407616,4235185
2022-01-11,11.973053932189941,12.122324709425985,11.768789587583813,12.090899240389161,3490250
2022-01-12,11.823784828186035,12.130182170407936,11.705939511310946,12.012336853532847,4958251
2022-01-13,11.666655540466309,11.91020270243307,11.658799775995591,11.83949600566413,4111221
2022-01-14,11.863065719604492,11.988766790081453,11.658800576979532,11.666656341989958,5320781
2022-01-17,12.130180358886719,12.153749258190848,11.894489760334578,11.918058659638707,4389450
2022-01-18,11.533100128173828,12.350158334449334,11.533100128173828,12.138037415379948,4587659
2022-01-19,11.580236434936523,11.611661900876506,11.226701347933693,11.430965672410462,4750903
2022-01-20,11.313119888305664,11.77664448750137,11.23455743097433,11.611661400492673,3991369
2022-01-21,11.815927505493164,12.043759935185495,11.320978203141285,11.320978203141285,7502955
2022-01-24,11.729506492614746,12.436576672522406,11.713794160891306,11.753076194333026,9489447
2022-01-25,11.878778457641602,12.216601250034701,11.540955665248502,12.216601250034701,6075850
2022-01-26,11.666655540466309,12.028047999803384,11.643086641543329,11.957340500279031,4663810
2022-01-27,11.705938339233398,11.760932707901292,11.313121190818306,11.47024853183762,3328033
2022-01-28,11.823784828186035,11.98876795070894,11.627377037068282,11.745221551187825,4948503
2022-01-31,12.303019523620605,12.303019523620605,11.870921152666764,11.870921152666764,5062514
2022-02-01,12.138038635253906,12.483717234506063,12.130182869030524,12.303021767278805,3381394
2022-02-02,11.941628456115723,12.232311817416766,11.925915321285116,12.224456052756894,2414862
2022-02-03,11.76878833770752,12.004478929074999,11.753076006235542,11.98090922773393,1813701
2022-02-04,11.910202980041504,11.99662201052159,11.658800047744212,11.760932213042807,2830543
2022-02-07,12.090898513793945,12.098755081269887,11.745219980673193,11.933771980807734,2763314
2022-02-08,12.177318572998047,12.303019641160931,12.035904369592645,12.083042169809294,3498949
2022-02-09,12.122323989868164,12.263738190762055,11.988766356455999,12.200887256419117,3953345
2022-02-10,11.996623039245605,12.216601326280127,11.996623039245605,12.130181485634012,2693686
2022-02-11,12.035904884338379,12.075186921369218,11.839497107450649,11.980910514148498,1942551
2022-02-14,11.4309663772583,11.8316392864994,11.210989707625204,11.753076820938295,4922847
2022-02-15,11.533100128173828,11.713795577241173,11.368117012729748,11.438823718167706,2893268
2022-02-16,11.580236434936523,11.690224361593348,11.564523300588828,11.59594876652881,1795620
2022-02-17,11.517386436462402,11.729507345303977,11.4152542659469,11.595949706301672,1879492
2022-02-18,11.627375602722168,11.658800267440487,11.485961400467943,11.517386065186262,1586517
2022-02-21,11.226702690124512,11.705938895426195,11.085289280621247,11.635232190674563,3517087
2022-02-22,10.88887882232666,10.951729755533057,10.566769997221297,10.951729755533057,4526289
2022-02-23,10.66104507446289,10.95958578850385,10.606050711277572,10.849597062133213,4486308
2022-02-24,9.600441932678223,10.056108427654733,9.600441932678223,9.616153463187079,7369280
2022-02-25,10.040395736694336,10.52748848635751,9.490452050701892,9.741854993263503,5489511
2022-02-28,9.624011039733887,9.977546171918213,9.443314788175012,9.741855548624988,5114780
2022-03-01,9.6161527633667,9.81256213278796,9.482595933450675,9.639721662925728,2614083
2022-03-02,9.459028244018555,9.741855877665484,9.459028244018555,9.62401136479407,2512069
2022-03-03,10.056109428405762,10.221092556499713,9.427602388441509,9.427602388441509,7333584
2022-03-04,10.04825210571289,10.22109097306717,9.781136032973643,10.056107870532097,5347767
2022-03-07,10.331080436706543,10.3546501410928,9.953976405103495,10.04825281438201,4911055
2022-03-08,10.221090316772461,10.527487602200363,10.173952519862135,10.21323455245767,3789881
2022-03-09,10.920304298400879,10.983154424286225,10.1660963657338,10.283940853490927,7925573
2022-03-10,11.336689949035645,11.572379736784827,10.998867197448627,10.998867197448627,9353600
2022-03-11,11.242413520812988,11.643086399691652,11.12456822589057,11.375971147105876,6452842
2022-03-14,11.203133583068848,11.470248866461086,11.187420447130782,11.32097889158239,3812155
2022-03-15,11.195276260375977,11.234558294817475,11.030293160681467,11.195276260375977,3285842
2022-03-16,11.187420845031738,11.28955302123973,11.132427275559026,11.203133981528671,2477346
2022-03-17,11.155996322631836,11.25812850016805,11.124570049229275,11.203134127224622,2926313
2022-03-18,11.949483871459961,11.973052770261457,11.210989033161729,11.210989033161729,11850036
2022-03-21,11.910202980041504,12.263738077637393,11.863065181096834,11.918058744695328,4942037
2022-03-22,11.957341194152832,12.10661116357885,11.894490258207426,11.965197761834872,4134801
2022-03-23,12.051617622375488,12.318732896548969,11.918059182533288,12.012335586641525,8415211
2022-03-24,12.145893096923828,12.389439468216464,12.059473261415707,12.098755296739563,4445116
2022-03-25,12.130180358886719,12.216600191505474,12.051617093621147,12.208742821396864,3087304
2022-03-28,12.193032264709473,12.515141116060704,12.177319128749833,12.216601165893442,4014038
2022-03-29,12.460147857666016,12.884390525103662,12.161607078101257,12.25588349400592,11747512
2022-03-30,12.193032264709473,12.522997684040524,12.130181326381896,12.507285350836375,4309396
2022-03-31,12.632987022399902,12.632987022399902,12.177318931055801,12.295163435062484,5331460
2022-04-01,12.499427795410156,12.61727309477579,12.35801359672248,12.570135296131706,4523694
2022-04-04,12.499427795410156,12.727261826782268,12.460145761369802,12.570135296131706,7371787
2022-04-05,12.805826187133789,13.002233965864107,12.538710098880225,12.538710098880225,9861201
2022-04-06,12.452290534973145,12.750831277214768,12.41300849923496,12.750831277214768,6511885
2022-04-07,12.648697853088379,12.750830821253262,12.460145854349612,12.48371475384753,4651839
2022-04-08,12.75083065032959,12.939382646540835,12.664410818158721,12.711548616522679,4540581
2022-04-11,12.790111541748047,13.080796497036145,12.735117980287365,12.82939357451185,7401244
2022-04-12,12.790111541748047,12.915813404387896,12.538708619223753,12.805824675955728,6807358
2022-04-13,12.652322769165039,12.944112774140983,12.56316466607843,12.879269538579221,5887519
2022-04-14,12.579377174377441,12.709061176312282,12.54695513865452,12.709061176312282,3938668
2022-04-15,12.676639556884766,12.82253457194057,12.579376765641792,12.58748144611781,4262697
2022-04-18,12.619901657104492,12.725270783809309,12.603692296367338,12.684744069201098,2673481
2022-04-19,12.733376502990723,12.854954992443712,12.628008202734351,12.676639598515546,8384684
2022-04-20,12.668534278869629,12.830639486020218,12.619902054171368,12.806323787766765,6956911
2022-04-21,13.025165557861328,13.252114001374512,12.733376358298475,12.749586547310892,11250084
2022-04-22,12.644218444824219,13.008954742900293,12.611797238104016,13.008954742900293,6325936
2022-04-25,12.595586776733398,12.660429193036546,12.47400828140423,12.619902475799233,5499112
2022-04-26,12.522640228271484,12.806324776789433,12.433482937187062,12.700956466823172,6424224
2022-04-27,12.757692337036133,12.822534750897313,12.384850527812736,12.538850225493844,5293395
2022-04-28,12.782008171081543,12.83874507676545,12.636113152438444,12.75769247267292,3328899
2022-04-29,12.863061904907227,12.863061904907227,12.733377892607603,12.822536013397347,2446404
2022-05-05,12.87926959991455,13.000848907265407,12.814427192235257,12.927901819769659,5335481
2022-05-06,12.96032428741455,13.000851005803566,12.790113560925223,12.846851297946408,4574368
2022-05-09,13.26832389831543,13.479060491794646,13.017060590910269,13.017060590910269,7577790
2022-05-10,12.741479873657227,12.887374874194014,12.563164498060049,12.879269366333288,3063865
2022-05-11,12.725272178649902,12.798220107302374,12.603693677881488,12.644219568740485,3930448
2022-05-12,12.595586776733398,12.725271609339693,12.546955378601732,12.70095591027386,4179296
2022-05-13,12.563164710998535,12.757691105614278,12.563164710998535,12.619900782411488,3070388
2022-05-16,12.619901657104492,12.644218182784218,12.538849884270732,12.563165581759126,2431889
2022-05-17,12.644218444824219,12.676639651544422,12.522639126671294,12.619901918640554,2468525
2022-05-18,12.644218444824219,12.798218969697345,12.571270522655924,12.644218444824219,3872044
2022-05-20,12.555060386657715,12.790112687041562,12.546954877895438,12.733376610279683,3516737
2022-05-23,12.409165382385254,12.652323175547732,12.36053316119972,12.619901142629844,2622900
2022-05-24,12.401060104370117,12.457797838627574,12.360534216146549,12.409166441482746,3588210
2022-05-25,12.555060386657715,12.61990197218187,12.409166198084852,12.409166198084852,5760389
2022-05-26,12.619901657104492,12.652323691344126,12.555060073199218,12.644218182784218,3511940
2022-05-27,12.636112213134766,12.676638926264165,12.579376139859688,12.619901196606484,1907734
2022-05-30,12.863061904907227,12.903588624608542,12.595587542537993,12.652325281396408,2682696
2022-05-31,12.749585151672363,12.911690336816964,12.684742746338026,12.871164454626436,2312471
2022-06-01,13.041377067565918,13.138640689887536,12.725271330259869,12.798219254048924,6208979
2022-06-02,12.871166229248047,13.162956265292092,12.854955211583734,13.098113851017557,3332963
2022-06-03,13.252113342285156,13.300744735095076,12.93600680444679,12.93600680444679,6713926
2022-06-06,13.573429107666016,14.155270792022346,13.477903034035554,14.155270792022346,6932121
2022-06-07,13.90342903137207,13.90342903137207,13.434481433668536,13.616849989897204,6568683
2022-06-08,13.816587448120117,14.658955799227222,13.530008387938713,13.981588015007214,11400098
2022-06-09,14.511322021484375,14.554744088972013,13.547375312613934,13.894743570602493,10627715
2022-06-10,15.55342960357666,15.718430159483093,14.216061297191867,14.502640338301653,16350176
2022-06-13,14.66763973236084,15.79658876296513,14.66763973236084,15.562114542410852,10750009
2022-06-14,15.874746322631836,16.126587707518382,14.719745742496313,14.780534985179871,20854588
2022-06-15,16.300273895263672,16.79527394423855,15.753167357483091,15.900799096333735,33569752
2022-06-16,15.718430519104004,16.19606171308713,15.3363245700879,16.19606171308713,21229118
2022-06-17,16.14395523071289,16.578165964930275,15.831322972033975,15.831322972033975,52773982
2022-06-20,15.892112731933594,16.812640711313502,15.892112731933594,16.326323480416836,6361714
2022-06-21,15.614219665527344,16.16132619041687,15.588168078121084,15.9615879674668,5783892
2022-06-22,16.15264129638672,16.352377857025594,15.631588030751791,15.631588030751791,7726448
2022-06-23,16.274221420288086,16.63027416204705,15.987642343838607,16.143958504880658,6150989
2022-06-24,16.09185028076172,16.500007771441794,16.039743800467036,16.413165293999814,2652260
2022-06-27,15.640271186828613,15.640271186828613,15.640271186828613,15.640271186828613,32315
2022-06-28,15.805273056030273,16.456589226091147,15.76185098419661,16.413167154257483,2428882
2022-06-29,15.614219665527344,16.05711487164367,15.553430419735779,15.848693890479996,2215674
2022-06-30,14.971585273742676,15.857375531016844,14.971585273742676,15.596848107851391,6208340
2022-07-01,14.954217910766602,15.388428668811443,14.632902877387671,14.928166325368771,3636243
2022-07-04,15.13658618927002,15.45790119927312,15.015007715904789,15.015007715904789,2388318
2022-07-05,14.988956451416016,15.431851649536025,14.771851059575777,15.093166111925024,3262828
2022-07-06,15.414484977722168,15.588169978052488,15.093168224025954,15.19737955550073,3727284
2022-07-07,15.605533599853516,15.87474545470865,15.310270160348399,15.336323401380923,2752213
2022-07-08,15.657641410827637,16.057114535602203,15.553430094235363,15.640272581998477,1296245
2022-07-13,16.916852951049805,16.98632661517881,15.735800660856691,15.848694743922774,6803461
2022-07-14,15.909482955932617,17.837379908513046,15.909482955932619,16.942905091823217,6240949
2022-07-18,16.117904663085938,16.248167573675275,15.952905749318072,16.248167573675275,2379681
2022-07-19,17.6636962890625,17.6636962890625,16.12658958882183,16.282905749033805,5295835
2022-07-20,17.47264289855957,18.16737949921727,17.38580040938168,17.663695049644762,4123959
2022-07-21,16.73448371887207,17.767904174039653,16.725799304578732,17.490009542183405,2981372
2022-07-22,16.48263931274414,17.133955423529542,16.37842966259269,16.83869198746289,2596905
2022-07-25,16.456586837768555,16.83869107615446,16.43053359844943,16.526060486237125,1563678
2022-07-26,16.28290557861328,16.64764272982953,16.265536748464218,16.543431405317968,2377613
2022-07-27,16.586851119995117,17.021061873626493,16.317640916530785,16.3871145708565,4348556
2022-07-28,16.291589736938477,16.760536548893054,16.22211607381992,16.69974730071216,4012906
2022-07-29,16.256847381591797,16.64763765899783,16.239480213115545,16.36974308679012,5392407
2022-08-01,16.491323471069336,16.673692840585467,16.256849277283955,16.274218104167872,2375188
2022-08-02,16.196060180664062,16.60421933407928,16.196060180664062,16.52606126880328,1710843
2022-08-03,16.395797729492188,16.62158752567114,16.239483245721484,16.248166003389898,1849880
2022-08-04,16.43053436279297,16.56948166619389,16.378429538113252,16.517376841514174,2112273
2022-08-05,16.265533447265625,16.52606087747734,16.230797450400214,16.473954397605514,1396074
2022-08-08,16.46527099609375,16.51737747916755,16.300272102174443,16.3350081011744,2249238
2022-08-09,16.986324310302734,17.281587756882388,16.439219486571368,16.5000087273879,5771301
2022-08-10,16.838695526123047,17.055800942009657,16.717117023269065,16.986327275181257,2376338
2022-08-11,17.029747009277344,17.11658783857834,16.786588380639675,16.934220109387073,2985563
2022-08-12,17.68106460571289,17.82001193155724,16.925537072099296,17.03843280958707,3386033
2022-08-15,17.646326065063477,18.549485294344105,17.57685240560979,17.85474704342454,3103715
2022-08-16,17.351062774658203,17.767904735617403,16.830009495267845,17.715799904593183,3094034
2022-08-17,17.455270767211914,17.55948040940455,16.74316547216011,17.064480468033533,5181966
2022-08-18,17.316326141357422,17.594220771863903,16.968957853224317,17.472642285112983,2750517
2022-08-19,17.22948455810547,17.837380336480965,17.22948455810547,17.628957696296474,5126555
2022-08-22,17.029747009277344,17.36843088142264,16.99500935245083,17.229483566881868,4016560
2022-08-23,16.977642059326172,17.142642631407835,16.951590470733084,17.038432964269894,2765131
2022-08-24,16.456586837768555,17.02974485172985,16.41316477223668,16.995007199304347,2337579
2022-08-25,16.517375946044922,16.80395495082061,16.34369099801863,16.482638293886694,3187860
2022-08-26,16.46527099609375,16.725798442315025,16.378430170402567,16.543429064321874,1971457
2022-08-29,16.239484786987305,16.465272948212867,16.23080037211205,16.465272948212867,1303032
2022-08-31,16.057113647460938,16.430535164719988,16.057113647460938,16.256850198800514,2130541
2022-09-01,16.057113647460938,16.491324405877023,16.03974481959247,16.074482475329404,2610227
2022-09-02,16.274221420288086,16.456590826964757,16.06580042435963,16.10053808520579,2019520
2022-09-05,16.491323471069336,16.595534775990338,16.352376168762998,16.41316540647421,3358390
2022-09-06,16.777904510498047,16.925536244032767,15.787904448196205,16.595536775393054,4767040
2022-09-07,16.326324462890625,17.0210626961008,16.326324462890625,16.960273452676223,4186193
2022-09-08,16.352380752563477,16.74317118508312,16.33501192081083,16.47395926206605,3667610
2022-09-09,16.56079864501953,16.673694373763468,16.34369325815481,16.45658898689875,3057213
2022-09-12,16.96027374267578,17.325010865842444,16.708430694030444,16.76921993849444,6704734
2022-09-13,15.987643241882324,17.32501344469003,15.987643241882324,17.290275781892614,4554353
2022-09-14,16.28290557861328,16.586853480690625,16.065800170898438,16.065800170898438,3839114
2022-09-15,16.326324462890625,16.656325579170687,16.230799218816,16.291588462240576,3224129
2022-09-16,16.777904510498047,16.777904510498047,16.187377576359157,16.500009872405087,6501429
2022-09-19,16.586851119995117,17.255536078119256,16.569482292318042,16.97763980443381,6345583
2022-09-20,16.43922233581543,16.9081691722369,16.282906171547317,16.630274505263753,4631133
2022-09-21,16.239484786987305,16.638957932952437,16.239484786987305,16.43922135996987,3117802
2022-09-22,16.039749145507812,16.26553899954554,15.987644304232347,16.23948740709933,3518599
2022-09-23,15.544744491577148,16.11790254806562,15.544744491577148,16.065797721943728,4896147
2022-09-26,15.683693885803223,15.857378871164643,15.475272897199183,15.544746560067196,3128399
2022-09-27,15.310270309448242,15.848692368019421,15.310270309448242,15.683691819304977,2843579
2022-09-28,14.563430786132812,15.336325488401288,14.563430786132812,15.336325488401288,5357080
2022-09-29,13.851324081420898,14.763166909091279,13.668955515886823,14.59816634455545,6321929
2022-09-30,14.68501091003418,15.02369484519521,13.877378458758225,13.877378458758225,6262913
2022-10-03,15.18869400024414,15.22343166025702,14.632904691100446,14.676325109733748,4624213
2022-10-04,15.110535621643066,15.318956608434647,14.902114634851486,15.284220605494099,3877909
2022-10-05,14.867378234863281,15.127904047299474,14.780535745256978,15.119219632700572,4047059
2022-10-06,15.431851387023926,15.579483117219224,14.876060467027276,14.902113709902679,7442889
2022-10-07,15.127903938293457,15.510009895978248,15.110535109220805,15.457903408760295,3446593
2022-10-10,15.544744491577148,15.70106062632538,15.197376223460283,15.28421870458514,5513216
2022-10-11,15.353694915771484,15.761852491750394,15.336326085376763,15.631589576555664,4627007
2022-10-12,14.841325759887695,15.423168317093426,14.841325759887695,15.36237906813478,5215364
2022-10-13,14.83263874053955,15.1105333477768,14.737111848158303,14.858691981111486,2880416
2022-10-14,14.980273246765137,15.18869424099767,14.936852827443584,14.988957661906012,3747312
2022-10-17,15.206061363220215,15.318955434604835,15.00632480656447,15.00632480656447,7643474
2022-10-18,15.371062278747559,15.735799400302396,15.214746132883674,15.24079771960587,9280300
2022-10-19,15.701062202453613,15.787904692296026,15.414483145441558,15.431851974686586,7175454
2022-10-20,15.57948112487793,15.996323019281682,15.570796711696712,15.727112836193731,10842313
2022-10-21,15.683693885803223,15.70106271561592,15.336325571463158,15.579484219692592,7652967
2022-10-24,16.395797729492188,16.595535939900664,15.77053482526152,15.77921923931255,13132214
2022-10-25,15.848692893981934,16.395797728089125,15.813955237780783,16.38711497042145,6688690
2022-10-26,16.14395523071289,16.326322944020593,15.9268498636042,15.9268498636042,6580689
2022-10-27,15.813957214355469,16.22211644382142,15.744483549652323,16.196063198414183,4912270
2022-10-28,15.657641410827637,16.031061292358462,15.657641410827637,15.822640315556601,1908936
2022-10-31,16.274221420288086,16.274221420288086,15.692378852177585,15.692378852177585,7960863
2022-11-01,16.170007705688477,16.456586710452,16.083165231679015,16.335006584285786,4831910
2022-11-02,16.456586837768555,16.586849721599314,16.10053418231934,16.25684864908679,9009384
2022-11-03,16.925537109375,16.925537109375,16.42185263798425,16.586853208931345,10926572
2022-11-04,16.604223251342773,17.351064769844424,16.569485589077026,17.15132818096508,16212913
2022-11-07,16.803956985473633,16.890799470001824,16.604220430526635,16.638956430508337,10513140
2022-11-08,16.6215877532959,16.90816679537401,16.55211409631886,16.847377552566932,10459898
2022-11-09,17.611589431762695,18.254221172752402,16.803957134345893,16.803957134345893,35457940
2022-11-10,18.549484252929688,19.105273497355785,17.785272385461198,17.872114868998427,21037209
2022-11-11,19.05316925048828,19.348432709684324,18.566851990410882,19.105274079645625,21003940
2022-11-14,19.157381057739258,19.522118215519555,18.948960061348068,19.070538561813883,13531129
2022-11-15,19.157381057739258,19.765276872834033,18.740539064956874,19.278961214587916,15790865
2022-11-16,19.001062393188477,19.331063502954645,18.375799486385777,19.22685219029622,11621512
2022-11-17,18.288957595825195,19.05316949645072,18.25422159473277,19.001063010238067,7971474
2022-11-18,18.341062545776367,18.740535634983832,18.167377585714185,18.341062545776367,8079610
2022-11-21,18.393169403076172,18.51474789472056,18.028432271760284,18.51474789472056,7298141
2022-11-22,19.31369400024414,19.608957443351123,18.44527249849009,18.44527249849009,14773375
2022-11-23,19.80000877380371,20.095272204926648,19.278957219005584,19.487378172201336,15490505
2022-11-24,21.085275650024414,21.380539107010602,19.92159065046299,19.92159065046299,26004987
2022-11-25,20.6163272857666,21.258959030494957,20.581591285275074,21.10264288732648,18420034
2022-11-28,20.633695602416992,21.120011191914568,20.460010635119414,20.755274085695735,16783019
2022-11-29,21.866851806640625,22.613694764236325,20.65106213957449,20.842114257302086,40461937
2022-11-30,22.28369903564453,22.68317384931556,21.88422587835632,21.988435547047672,21737467
2022-12-01,22.23158836364746,22.73527271375057,22.005798598927807,22.71790388806851,37124691
2022-12-02,22.63106346130371,22.92632689905341,22.057905413056066,22.61369629043449,72985339
2022-12-05,23.152114868164062,23.27369333662486,22.526852043588292,22.978429922035147,162615990
2022-12-06,23.01317024230957,24.246328864945237,22.856854103944364,23.343169690560764,145935556
2022-12-07,20.79001235961914,22.943697404930383,20.720538701911767,22.943697404930383,116919519
2022-12-08,19.991064071655273,21.137380229303165,19.41790599283133,20.546853322300887,73153009
2022-12-09,20.824748992919922,21.12001246124178,19.817380097368652,20.02580107682243,95300365
2022-12-12,21.27632713317871,21.50211692601101,20.946327686043873,21.189484650338198,68919497
2022-12-13,21.25895881652832,21.762643241455812,21.172116331599586,21.450012614648056,125658607
2022-12-14,20.234220504760742,21.588959251905962,20.234220504760742,21.311064633942607,101917557
2022-12-15,22.24896240234375,22.24896240234375,20.807381004230045,20.824749833981688,205365605
2022-12-16,23.70790672302246,24.298433618893174,22.752644380577873,22.908958862088422,83859531
2022-12-19,23.082645416259766,23.829488501417465,22.700539459157834,23.707908354477073,101356549
2022-12-20,23.065275192260742,23.846854231859336,23.03053919265191,23.2389601594527,74697501
2022-12-21,23.22159194946289,24.055277495235856,22.943697319666118,23.18685594892962,116881079
2022-12-22,24.2463321685791,25.02791131051498,23.343172871136524,23.343172871136524,168423911
2022-12-23,26.660539627075195,26.660539627075195,24.211589705422284,24.40264348772841,182729577
2022-12-26,28.050016403198242,29.31791111636974,26.886331352170387,27.320542142661893,236815650
2022-12-27,26.53896141052246,28.275806121506488,26.382645270587116,28.17159315303944,119938129
2022-12-28,27.685279846191406,28.362649289681787,26.677910923902786,26.747384585564664,198355154
2022-12-29,29.64790916442871,30.290542525206117,27.96317266495402,27.96317266495402,148927014
2022-12-30,28.779489517211914,30.012649835718946,28.62317337384109,29.87370252080769,119020789
2023-01-02,29.387388229370117,30.047387213644882,29.300547391069575,29.31791290851718,72475314
2023-01-03,30.429492950439453,30.915806914944536,28.518964812377614,29.456858395898436,180374135
2023-01-04,29.94317054748535,31.59317259171927,29.94317054748535,30.82896080475952,133455004
2023-01-05,29.248435974121094,30.55106820582091,28.74474992106993,30.25580476745835,83988119
2023-01-06,29.64790916442871,29.64790916442871,26.07001355008082,27.355276958870544,155300417
2023-01-09,29.752120971679688,30.724755496999503,29.09212204849476,30.655280182577233,152523472
2023-01-10,28.22370147705078,29.96054464486929,27.16422774097927,29.578440340544777,98221927
2023-01-11,25.913698196411133,28.727385368740876,25.913698196411133,28.501593919201817,95097642
2023-01-12,27.98054313659668,28.27580659331629,25.44475051192849,26.78212048135057,131069488
2023-01-13,27.251066207885742,28.466855988507625,27.12948772673833,27.598436136391346,79548682
2023-01-16,27.945804595947266,28.136858389183264,27.112119080877882,27.459489011713302,84227593
2023-01-17,28.484228134155273,29.26580890795166,27.997914152918003,28.050017329327403,87343546
2023-01-18,28.258440017700195,29.543703604480008,27.911070048185415,28.65791316370631,106252403
2023-01-19,27.494226455688477,28.53633299018845,27.216331821523863,28.0500157240177,67620058
2023-01-20,26.53896141052246,28.015277013104093,26.13948830302779,27.737384045771698,75885478
2023-01-23,25.79212188720703,26.868964460110156,25.583699247976863,26.83422680144422,68779232
2023-01-24,26.087387084960938,26.608438748334635,25.496860099662385,25.861597257853678,78743327
2023-01-25,25.357912063598633,26.452121851369352,24.52422644388904,26.208964856923767,72086098
2023-01-26,25.82685661315918,26.278436215203495,25.097382381051492,25.305803353599025,52777682
2023-01-27,25.080013275146484,26.08738378255686,24.750013819692278,25.653173013790326,46544843
2023-01-30,24.85422706604004,25.392647533611868,24.767384574256038,25.184226547159927,33886991
2023-01-31,25.77475357055664,26.834227335200666,24.576330824867775,24.645804487198813,78957645
2023-02-01,24.350542068481445,25.89633143160205,24.350542068481445,25.792121768847913,57256222
2023-02-02,23.70790672302246,24.69790837755149,21.918958863941985,24.298433618893174,74733892
2023-02-03,24.715274810791016,24.90632859867936,23.55159153804155,23.70790601488309,43536446
2023-02-06,24.628433227539062,24.663169224749783,23.030537602666197,24.2289584931296,9728707
2023-02-07,22.179485321044922,24.50685348840052,22.179485321044922,24.29843253265446,26313434
2023-02-08,20.303693771362305,20.303693771362305,20.303693771362305,20.303693771362305,250
2023-02-15,24.385276794433594,24.385276794433594,22.544222399504847,22.874223512515798,48268367
2023-02-16,23.117380142211914,25.53159075640443,23.117380142211914,25.201591328297123,60585526
2023-02-17,23.377906799316406,23.829486375941528,22.61369660965914,22.908958395194347,44024537
2023-02-20,23.482120513916016,24.246330781875,22.613698926680353,23.499487686809857,45969597
2023-02-21,24.628433227539062,25.757380467198537,23.15211607747745,23.32580103267852,108185409
2023-02-22,26.07001495361328,26.48685689408675,24.628435333855567,24.75001381906467,104317005
2023-02-23,27.35527801513672,27.35527801513672,25.878960761290585,26.22633069611269,70988158
2023-02-24,26.486858367919922,27.268437463893473,26.34791104669719,27.164227801167787,48881541
2023-02-27,27.007911682128906,27.390017644127486,26.31317341882397,26.504227228014624,47011437
2023-02-28,28.414752960205078,28.501593786382998,26.99054055280755,27.18159268933459,62644577
2023-03-01,28.275808334350586,28.918438459696347,28.206333016602134,28.57107180925054,50349749
2023-03-02,27.945804595947266,28.814226110270635,27.841594941802708,28.397384180927236,48836162
2023-03-03,28.258440017700195,28.71001965296319,26.660544120910192,28.05001737343822,60894916
2023-03-06,28.605802536010742,28.98791010975011,28.171591793317877,28.623171363250265,53927341
2023-03-07,28.623172760009766,29.213699663909924,28.44948779190409,28.744751243854168,49180923
2023-03-08,28.8663330078125,30.290543781690676,28.51896307199407,28.744751211340393,81088703
2023-03-09,28.901071548461914,29.40475769727206,28.848968369457904,29.092125372185173,37547353
2023-03-10,28.83159637451172,29.16159749396988,28.50159525505356,28.83159637451172,42155050
2023-03-13,28.17159652709961,29.005283810859048,27.980546020892042,28.9705461505429,44949773
2023-03-14,27.35527801513672,28.414753334855455,27.164225876090647,28.18896188339152,30158999
2023-03-15,25.84422492980957,27.35527819314097,25.809487273548275,27.268435708870346,49731307
2023-03-16,25.931068420410156,26.521595348708345,25.548962468620267,26.174225398145165,25725572
2023-03-17,26.05264663696289,27.424752626920963,26.035277808339742,26.278436439915822,35086053
2023-03-20,25.271068572998047,26.400015976226324,24.802120119840534,26.08738533050405,31170298
2023-03-21,24.663171768188477,25.444750834430202,24.663171768188477,25.39264600504946,20104931
2023-03-22,24.802120208740234,24.99317401910376,24.506856734890004,24.819489038115595,12402001
2023-03-23,25.6010684967041,25.809489482965873,24.750015722039517,24.871594216596527,23295938
2023-03-24,25.39264488220215,26.174223913882923,25.39264488220215,25.705277157427496,25243843
2023-03-27,25.166858673095703,25.878964151273713,25.166858673095703,25.61843832241248,15992304
2023-03-28,24.2463321685791,25.39264846426943,24.05528000475832,25.288438795415487,27264989
2023-03-29,24.385276794433594,24.836856393089295,23.39527676816602,24.142118166761453,25010962
2023-03-30,25.04528045654297,25.531596115552517,24.489491131960627,24.71527930278507,31878854
2023-03-31,25.444751739501953,25.878962531345895,24.97580494562951,25.08001460809773,47013640
2023-04-03,26.40001678466797,26.40001678466797,25.41001667286254,25.41001667286254,47290596
2023-04-04,27.372648239135742,27.598438045732156,26.486857841653517,26.556331500884514,40890386
2023-04-05,26.660539627075195,27.476854611243674,26.660539627075195,27.459487440801517,28427005
2023-04-06,26.764753341674805,27.18159531050291,26.521596354716447,26.834227003146154,31209958
2023-04-07,26.31317138671875,26.938435941043732,26.31317138671875,26.938435941043732,18942699
2023-04-10,27.216331481933594,27.251067482579415,26.400014761973587,26.556330905836422,24213435
2023-04-11,27.80685806274414,27.911067719799018,27.146857494660257,27.26843598001849,27259812
2023-04-12,27.634109497070312,28.301686828977033,27.388161717308463,28.020601019344983,27422713
2023-04-13,27.247617721557617,27.96789618340955,27.23004954556282,27.721946745662816,27425818
2023-04-14,27.054370880126953,27.880056714732813,26.948965175943588,27.37059134346398,35054933
2023-04-17,25.947601318359375,27.194911583039353,25.82462576907211,27.159776908523977,23971425
2023-04-18,25.420568466186523,26.861125342472693,25.420568466186523,26.52733838652593,23425133
2023-04-19,26.40436363220215,26.58004204089122,25.332730030300517,25.824627229079063,36228644
2023-04-20,26.650312423706055,26.685447099356676,26.123278885799262,26.334091965883292,11182917
2023-04-24,27.142210006713867,27.563836173035632,26.843557720054253,26.843557720054253,28170679
2023-04-25,25.789491653442383,27.70437920473932,25.789491653442383,27.194912172381954,60523384
2023-04-26,25.807056427001953,26.105708686146404,25.297591104119064,25.912463796567824,37983179
2023-04-27,25.402999877929688,25.982736254105795,25.33272885279905,25.912465228975158,27734849
2023-04-28,24.01514434814453,25.49083745745508,23.962441501495807,25.402998262778347,27046602
2023-05-02,23.24216651916504,24.50704684260745,23.24216651916504,24.06785244874211,24574574
2023-05-03,22.644861221313477,23.365139685093066,22.047556639039623,23.207029451503697,23776358
2023-05-04,21.959718704223633,23.47054674793253,21.959718704223633,22.398913078308105,28504674
2023-05-05,21.889446258544922,22.13539569529926,21.274573504355814,21.889446258544922,35387818
2023-05-08,22.644861221313477,22.679995898003625,21.67863331912892,22.012420286955997,20957213
2023-05-09,22.117826461791992,23.06648613620705,21.924579886656172,22.644859986554444,22138861
2023-05-10,21.028623580932617,22.100257071208883,21.028623580932617,21.871875833859523,24772410
2023-05-11,22.434045791625977,22.978645788887757,20.817810623260744,20.87051347048759,61191400
2023-05-12,21.344844818115234,22.469182961379897,21.18673625886597,22.34620907905486,43712810
2023-05-15,20.80024528503418,22.082692019898406,20.15023782930105,20.290779891330185,38151347
2023-05-16,21.344844818115234,21.836743698202362,20.8529476134216,20.87051578958046,48876613
2023-05-17,21.81917381286621,22.188097106335672,21.274572122356677,21.415114169831387,48848643
2023-05-18,20.817811965942383,22.398910887869956,20.817811965942383,21.97728473207506,39829874
2023-05-22,20.343481063842773,21.204301541451155,20.290778213787448,20.97592029068688,34250312
2023-05-23,20.642131805419922,21.011055079170816,20.378615899337827,20.501589765457034,43329055
2023-05-24,21.134031295776367,21.1867358231691,20.69483695319768,20.729973304792832,42414545
2023-05-25,20.466453552246094,21.45024951384368,20.448887053680263,21.134029084152797,39969577
2023-05-26,20.94078826904297,21.151601371368336,20.431322852908266,20.536728566374144,31691474
2023-05-29,22.434045791625977,22.60972250751323,21.309707773295678,21.5556571860098,44596607
2023-05-30,23.18946075439453,23.59352041730964,22.539453333994388,22.662427212736905,56505490
2023-05-31,22.715129852294922,23.59351845694183,22.55701963539555,23.31243437151775,50853814
2023-06-01,22.820537567138672,23.417842139246215,22.715131863468784,22.961079622294157,34684034
2023-06-02,23.98000717163086,25.08677696537596,23.540812888814227,23.944872500210007,114636645
2023-06-05,24.612451553344727,24.82326463838959,24.050281651164955,24.419204968841832,69254835
2023-06-06,24.77056121826172,25.01650897414713,24.384069733507378,24.61245098925342,65403750
2023-06-07,25.842195510864258,26.790855235804887,25.596246072770953,25.666517101455685,93447947
2023-06-08,25.894899368286133,26.140848815922602,25.28002826228527,25.648951596043204,60362486
2023-06-09,26.544902801513672,26.72058119109293,25.82462441994664,26.263818718501494,67053719
2023-06-12,26.26382064819336,27.282751361673444,26.12327859636117,26.79085418026078,88735975
2023-06-13,25.525976181030273,26.386798415001696,25.350299439190422,26.298959206384993,47479370
2023-06-14,24.542179107666016,25.94760126886099,24.2610950105057,25.525973447727136,56068575
2023-06-15,24.981372833251953,25.016507506863373,24.59488137116635,24.77055976540344,36615631
2023-06-16,24.577314376831055,25.315160987427838,24.542179701532522,25.034076883465904,32251480
2023-06-19,23.277297973632812,24.665151899007263,23.277297973632812,24.594880877800705,29093698
2023-06-20,23.207029342651367,23.99757883149667,22.961079905400027,23.242164019176716,30569740
2023-06-21,23.452978134155273,23.78676509122633,23.25973155470949,23.36513893217023,35670454
2023-06-22,24.893537521362305,24.946240377701635,22.75026848397097,23.593522562368214,75023931
2023-06-23,25.209754943847656,25.807057818960043,24.59488221823444,25.297592468598065,75863890
2023-06-26,25.807056427001953,26.053005839060116,25.209753584106355,25.227320082872918,51416944
2023-06-27,25.73678970336914,25.912468123516515,25.52597660442844,25.754357880462596,17407083
2023-07-03,26.316524505615234,26.738152352636103,25.93003468598686,26.26382165301018,69312202
2023-07-04,26.088146209716797,27.265187253613924,26.088146209716797,26.808424707392504,97265843
2023-07-05,26.492202758789062,26.720584019257146,25.91246635736757,26.123279441939616,50451884
2023-07-06,26.492202758789062,27.177346540193312,26.42193173059838,26.790855047447828,40533682
2023-07-07,27.66924476623535,27.704381119333753,26.457069066030577,26.492203743735445,69944689
2023-07-10,28.213844299316406,28.51249659339653,27.827354474948535,28.108438592813712,56103902
2023-07-11,28.055734634399414,28.8111477525567,27.65167497433969,28.653037523637394,48510361
2023-07-12,27.458431243896484,28.108438687497646,27.440863067622356,28.090870511223518,39407598
2023-07-13,27.300317764282227,28.301681912805776,27.28274959009562,27.511130828341578,56918251
2023-07-14,27.9678955078125,28.196275088654186,27.335456265818387,27.63410687354831,49285049
2023-07-17,29.32061195373535,30.111159671063415,28.670602925420393,28.688171099243668,73401314
2023-07-18,27.89762306213379,29.5665611223972,27.89762306213379,29.49629177447609,51213673
2023-07-19,28.23141098022461,28.56519960905516,27.4935643722126,27.897624026787465,71575461
2023-07-20,28.758445739746094,28.951688963299915,27.932758268135785,28.582767340417085,65617322
2023-07-21,29.109798431396484,29.16250295506205,28.371951854012007,28.740876818097586,59032906
2023-07-24,28.108436584472656,29.548993423301,28.03816556002721,29.496292249208636,55127224
2023-07-25,27.5462703704834,28.319253370382157,27.265186252481485,28.196276136817698,44702912
2023-07-26,27.95033073425293,28.055738125111795,27.19491584671302,27.528704521604734,39806206
2023-07-27,28.3719539642334,28.617905075512457,28.09086985201756,28.108438027879416,38545198
2023-07-28,28.934120178222656,29.039529226069607,28.56519856311841,28.653036085537508,63879552
2023-07-31,29.531421661376953,29.636830698331927,29.02195805257329,29.338178461865525,72666476
2023-08-01,30.181434631347656,31.077391458853196,29.584130079677298,29.619266429960682,102553274
2023-08-02,29.671968460083008,30.409815083373253,29.671968460083008,30.199003677168548,68488124
2023-08-03,28.758445739746094,30.076028708533507,28.688173039699784,29.865213959181343,49955145
2023-08-04,29.46116065979004,29.777381158587932,28.582771874590247,28.89899237338814,42759357
2023-08-07,29.14493751525879,29.794943280859208,28.96925910400919,29.51385916317465,44867282
2023-08-08,28.934120178222656,29.654398584576686,28.776009957238923,29.26790879483128,46477504
2023-08-09,29.215208053588867,29.443591002707443,28.688176149262674,29.057101162920713,58925986
2023-08-10,28.143573760986328,30.058461327607905,28.03816638352559,29.496293115533103,64469657
2023-08-11,29.12736701965332,29.12736701965332,28.178709035705978,28.213842034528675,61886500
2023-08-14,30.023326873779297,31.25307242848859,29.689538220223277,29.689538220223277,97622343
2023-08-15,29.865219116210938,30.83144545318518,29.30305082191412,30.339549871069135,63377615
2023-08-16,30.409814834594727,30.761171643110682,29.601698866109626,29.953052323838726,65890064
2023-08-17,29.671968460083008,30.7260355434672,29.60169910827707,30.515224137262493,80160616
2023-08-18,28.28411865234375,30.058464344003937,27.669245852138783,29.812513213449638,67624988
2023-08-21,28.98682403564453,29.25033994762943,27.82735134228168,28.10843542850379,71824454
2023-08-22,28.336816787719727,29.215205450524003,28.196274735702517,29.127367924558307,53214596
2023-08-23,28.354385375976562,29.285478578391253,28.301684199944425,28.494927430040395,74839270
2023-08-24,27.07193946838379,29.021963454811864,27.07193946838379,28.54763275258012,66479324
2023-08-25,27.49356460571289,27.61654015835492,26.65031228961945,27.247616851215682,54068366
2023-08-28,27.915191650390625,28.248978597231215,27.75708142674226,27.880055300516155,43919782
2023-08-29,27.757080078125,28.371951092513466,27.598969862158643,28.03816416189039,39100250
2023-08-31,28.811147689819336,29.390884077665444,27.792216967217488,27.932759020307852,81071864
2023-09-01,29.28548240661621,29.4962971906633,28.670609583165124,29.109803978374856,55957994
2023-09-04,29.77737808227539,30.585494072794518,29.408453088195866,29.67196902637441,81566240
2023-09-05,29.95305061340332,29.95305061340332,29.215204038283197,29.74223922096138,45474449
2023-09-06,29.390884399414062,30.37468213260332,29.390884399414062,30.269273078541467,53392087
2023-09-07,30.304410934448242,30.304410934448242,29.408454035161412,29.496294917907413,53954249
2023-09-08,30.076030731201172,30.884146731360403,29.847647791478263,30.515225083666927,52847237
2023-09-11,30.497657775878906,32.184162528992,29.830080464681323,30.30441118303954,166740727
2023-09-12,33.5368766784668,33.5368766784668,30.620626823885907,30.70846434268706,163050481
2023-09-13,32.44768142700195,34.29229993801308,32.25443816738571,32.92201218847231,210477905
2023-09-14,32.9220085144043,33.67742334263772,32.0611879789809,32.535518687516344,144727919
2023-09-15,32.23686218261719,34.099045070184815,31.973346273653576,32.904436042044104,120843995
2023-09-18,30.936851501464844,32.974713044752654,30.901715148804396,32.23686639281831,75152575
2023-09-19,30.35711669921875,31.200369103166913,30.234139458370844,30.989554326786276,66641784
2023-09-20,29.30304718017578,30.884146149085833,29.144936948206084,30.55035750928459,58977379
2023-09-21,30.690898895263672,30.72603524622017,29.162504487311303,29.23277383843745,62558101
2023-09-22,30.444955825805664,31.53415941758425,30.093598963738412,30.849013871631843,53328777
2023-09-25,31.05982780456543,31.288207413075202,30.6382015921562,30.866581200665973,52190672
2023-09-26,30.216567993164062,31.217930421696614,30.216567993164062,31.14765772807993,53041093
2023-09-27,30.26927375793457,30.954419221567107,30.058462346653,30.321978286148447,52667004
2023-09-28,30.216567993164062,31.094956558653873,30.111158952739036,30.831437308377765,47581076
2023-09-29,30.585493087768555,30.69089878948792,30.216571456357347,30.392246508960678,40361164
2023-10-02,30.796306610107422,31.05982252925833,30.690897561817692,30.77873843539247,46480371
2023-10-03,32.30713653564453,32.30713653564453,30.813878369797216,30.86657954928678,102215352
2023-10-04,31.094959259033203,32.23686382317908,30.98955020945414,32.149022948529854,62268524
2023-10-05,31.780101776123047,31.83280630165681,30.357113094579464,31.270634748323747,59938074
2023-10-06,31.446311950683594,31.83280508829237,31.30576990540404,31.446311950683594,33894596
2023-10-09,29.373313903808594,30.72603316701477,29.33818090601637,30.72603316701477,40679519
2023-10-10,29.84764862060547,30.09359639256655,29.65440202790057,29.865216797286557,31253919
2023-10-11,28.67060661315918,30.251705601969714,28.67060661315918,29.953053310133182,42315246
2023-10-12,28.248977661132812,29.267908318220456,27.686809484917095,29.074661751101313,44083138
2023-10-13,28.213844299316406,28.670606828544067,27.809786298733588,28.19627612310146,33004483
2023-10-16,28.407089233398438,28.951689261214234,27.66924262925354,28.459793758975504,44767046
2023-10-17,29.039531707763672,29.109801061546772,28.090870300789465,28.47736012356397,32330469
2023-10-18,28.108436584472656,28.617903605943866,28.073300234553244,28.24897863336355,32944071
2023-10-19,28.442228317260742,28.670607915136472,28.055736802851666,28.19627719171712,29976245
2023-10-20,27.49356460571289,28.213843044557727,27.159777649440926,27.932758939193246,25329255
2023-10-23,28.003028869628906,28.28411463938645,27.317886808464547,28.108436242712155,25856613
2023-10-24,28.617904663085938,28.740878541559766,28.07330127157773,28.12600579840375,28241037
2023-10-25,26.29895782470703,29.092232449133302,26.29895782470703,28.82871651252118,29404743
2023-10-26,26.808422088623047,27.1949118896161,26.211117536587643,26.703014713101872,34939611
2023-10-27,27.388160705566406,27.58140562186831,26.738153250303412,26.84355895905226,30626751
2023-10-30,27.353023529052734,27.75708320147707,27.159778618567564,27.317888852325197,20430470
2023-10-31,26.720584869384766,27.634108264927793,26.615177486048424,27.528702556984975,15965621
2023-11-01,26.386798858642578,27.24761943169341,25.859765273474906,27.054372834408902,18729765
2023-11-02,27.49356460571289,27.511132781146525,26.527338412370845,26.61517593875218,21229450
2023-11-03,27.001667022705078,27.528700550179703,26.65031189618646,27.49356419983114,24243444
2023-11-06,27.7746524810791,27.7746524810791,27.265187082836608,27.405729146117743,18499660
2023-11-07,28.28411865234375,28.477361900394826,27.7395168856999,27.774653240177255,22731535
2023-11-08,28.47736167907715,28.705744630617847,28.003032625074358,28.617907095894296,18188472
2023-11-09,28.12600326538086,28.371951000178505,27.651672619025476,28.108435091354373,21357516
2023-11-10,29.232776641845703,29.742243727212028,28.090871932546204,28.14357646403529,41693273
2023-11-13,29.092235565185547,30.181439130843046,28.93412531612579,29.338186703049214,33889098
2023-11-14,29.355745315551758,29.513855531140337,28.600333936478815,29.092229406499655,25531828
2023-11-15,28.95168685913086,29.707101575792347,28.863849341243647,29.51385501549666,19879969
2023-11-16,29.07466697692871,29.355751115558117,28.916556730101263,28.98682944015224,21446075
2023-11-17,29.355745315551758,29.53142370518202,29.10979758054134,29.10979758054134,18569097
2023-11-20,29.60169792175293,29.83007749445171,29.513857047032822,29.531425221976843,19918641
2023-11-21,29.689537048339844,30.199004096857465,29.3908847597436,29.77737792780164,31449811
2023-11-22,30.708467483520508,31.112525472590985,29.60169921980857,29.707104923308062,59200657
2023-11-23,29.882783889770508,30.831441940620845,29.86521571372682,30.796308939320433,28531797
2023-11-24,30.234134674072266,30.409813068125295,29.75980736615174,29.917917585720804,21510877
2023-11-27,30.392244338989258,30.515221558132737,30.09359207978544,30.35711134144915,19562928
2023-11-28,31.358476638793945,31.51658686972397,30.25170502228375,30.44495160470643,52751254
2023-11-29,31.024686813354492,31.639559537786823,30.67333001345408,31.358475438181205,28167885
2023-11-30,30.884143829345703,31.481448360636634,30.79630630742096,31.094958573066428,27039410
2023-12-01,30.655765533447266,31.499017841734283,30.62062918290527,31.182797388429947,20850205
2023-12-04,30.62062644958496,30.93684687466219,30.497652584451934,30.690895793609617,22292479
2023-12-05,29.72467613220215,30.673334262074825,29.70710795469505,30.60306490283367,23898415
2023-12-06,28.494930267333984,29.953055479979586,28.494930267333984,29.830081589277352,23668430
2023-12-07,28.91655158996582,28.91655158996582,28.055732824975518,28.49492545696894,23416603
2023-12-08,28.969255447387695,29.2854758775649,28.723307713155013,28.969255447387695,18419012
2023-12-11,28.98682403564453,29.79493994583644,28.898986515245106,29.03952855835616,31026181
2023-12-12,30.093595504760742,30.199004561737556,28.89898968277308,28.969259036637304,28302045
2023-12-13,29.830080032348633,30.761173278877248,29.68953797162611,29.882784561664717,33607064
2023-12-14,30.216567993164062,30.866573655186105,29.847643053249385,30.128727126143207,37193961
2023-12-15,31.446311950683594,31.76253239025926,30.321975588447163,30.33954376295544,42983436
2023-12-18,31.780101776123047,32.605785904764524,31.235501748754704,31.270634748323747,39408933
2023-12-19,31.903072357177734,32.00847804657396,30.76116789482366,31.867936010450176,33247533
2023-12-20,32.676055908203125,33.29092858552796,32.271997964824656,32.500377521712245,50633518
2023-12-21,32.37740707397461,32.67605935729715,31.481450224007,32.658491181715014,31655062
2023-12-22,31.37604331970215,32.62335358118396,31.323338794974156,32.43010700796806,24714800
2023-12-25,29.812511444091797,31.20036720649409,29.707105737702697,31.18279903029807,16174358
2023-12-26,29.98818588256836,30.497652872399993,29.548991588211386,30.12872792273113,18867379
2023-12-27,29.60169792175293,30.181434291758645,29.40845134815544,29.777376320406397,25681902
2023-12-28,30.040897369384766,30.321981514881802,29.83008258486833,29.953056479674864,17351810
2023-12-29,29.865219116210938,30.39225105441737,29.83008276012055,30.093598729223768,15936124
2024-01-02,29.95305061340332,30.146297182130652,29.79494039367853,30.111160833128107,21211911
2024-01-03,29.275541305541992,30.505756837928825,29.275541305541992,30.13134193648526,22776235
2024-01-04,29.68561363220215,29.68561363220215,28.901127977472143,29.257713293435675,19859462
2024-01-05,29.667787551879883,29.828250623066975,29.275546378228107,29.68561715986178,13633972
2024-01-08,30.1491756439209,30.291809101820263,29.810419906166203,29.810419906166203,21147386
2024-01-09,30.024368286132812,30.737535492323126,29.75693100889263,30.291805563372993,22086679
2024-01-10,31.522024154663086,31.71814643049328,29.953052749321138,30.042200784084777,30866587
2024-01-11,31.43287467956543,32.16387492853175,31.04063354652833,31.593337734137346,23764702
2024-01-12,31.183265686035156,31.55768059786997,30.57707270546413,31.111950665135364,23906364
2024-01-15,31.040634155273438,31.504193721944432,30.808856072262802,31.290241844769465,18467923
2024-01-16,31.236753463745117,31.664653776867045,31.09412002603781,31.379386901452428,18468476
2024-01-17,31.022804260253906,31.218926529119408,30.791026179398973,31.022804260253906,15841315
2024-01-18,31.0762939453125,31.361560853076547,30.951490098246953,31.218927399194524,19299131
2024-01-19,30.648395538330078,31.236758998198717,30.5770771065157,31.18327017433793,13700514
2024-01-22,30.59490203857422,30.969316947076955,30.27397594575744,30.630561249031523,16662110
2024-01-23,30.380958557128906,31.183270520035105,30.345299340826397,30.82668855896014,20165762
2024-01-24,31.32590103149414,31.361560244435044,30.167003816112487,30.434441111869834,23526083
2024-01-25,31.50419807434082,31.93209848715672,31.25459035036076,31.450709247495013,23527795
2024-01-26,32.46696472167969,32.59177195190876,31.39721566776779,31.557678705984433,26483292
2024-01-29,32.80572509765625,33.037506586319715,32.395654341589875,32.538287795902086,27602648
2024-01-30,32.27085494995117,32.94836310131876,32.1460510852769,32.94836310131876,18192385
2024-01-31,33.21579360961914,33.625867738630156,32.19952989122356,32.28867791955186,42689950
2024-02-01,34.46384048461914,35.44444503958712,33.269284051861014,33.269284051861014,45828498
2024-02-02,34.838253021240234,35.373127577903595,34.12508241148976,34.51732692698242,28782960
2024-02-05,34.48167419433594,35.230500754734194,34.28555189974469,34.69562269693536,25636172
2024-02-06,34.677791595458984,35.19483657098789,34.570813958605015,34.677791595458984,31073674
2024-02-07,35.1235237121582,35.67622793404165,34.62430491134905,34.83825679759579,48476259
2024-02-08,35.1235237121582,35.783202176840085,35.0165460687099,35.21266834771526,24848290
2024-02-09,35.21266555786133,36.03280702208705,34.87390984841394,35.266154375347625,38454746
2024-02-12,35.81886291503906,36.17544827373597,35.21266984564432,35.60491101969092,40520807
2024-02-13,34.838253021240234,36.03280597107844,34.838253021240234,35.890172529258244,25145201
2024-02-14,35.640567779541016,35.81886044660253,34.57081517782169,34.87391169163134,26204113
2024-02-15,35.801029205322266,36.2467591523012,35.64056615235788,35.6762253642721,29204771
2024-02-16,35.85451889038086,36.9420976748722,35.85451889038086,35.943663521672875,38473222
2024-02-19,35.551422119140625,36.56768587118344,35.444444481604776,36.086296704221155,33219588
2024-02-20,35.961490631103516,36.10412407165692,35.4444422836915,35.69405335514706,20547721
2024-02-21,35.26615524291992,36.371563626300556,34.9273995251389,36.10412633358909,21491457
2024-02-22,35.51576232910156,35.6583957761803,35.14134740511386,35.35529927605678,14147933
2024-02-23,36.514198303222656,36.67466136437347,35.480104909500625,35.58707915005124,32742929
2024-02-26,35.711883544921875,36.94209571459076,35.51576128570675,36.835121482586835,21772568
2024-02-27,33.94679260253906,35.71188269133744,33.94679260253906,35.640564271273135,24364116
2024-02-28,33.16230773925781,34.19640104916163,33.16230773925781,33.85764534745104,28304464
2024-02-29,33.697181701660156,34.01810779225731,33.233622170869765,33.411914821273676,20497298
2024-03-01,33.14448165893555,34.08943044288162,33.073163229664196,33.82198973376395,14935887
2024-03-04,33.108821868896484,34.26771911921619,33.037506841514414,33.35842956570847,28225984
2024-03-05,33.6080436706543,33.91114021561341,33.10882483170689,33.21579908267772,24187949
2024-03-06,33.982452392578125,34.321208126266086,33.44757778203911,33.59021123822617,25071154
2024-03-07,34.23206329345703,35.301812508349585,34.0894298380947,35.19483826699029,42844663
2024-03-08,33.9289665222168,34.51732994627143,33.9289665222168,34.41035230506165,31346209
2024-03-11,33.2514533996582,34.428180188874876,33.10881995250011,34.321205953668716,24065515
2024-03-12,32.44914245605469,33.48323582747711,32.28867939836417,33.287113556822085,19706151
2024-03-13,32.03907012939453,32.680922396640135,32.03907012939453,32.50262972233303,16426054
2024-03-14,32.27085494995117,32.573951507295945,32.05690303861652,32.11039186661275,16048639
2024-03-15,32.27085494995117,32.80572962731241,32.19953651262286,32.30651416861532,20440316
2024-03-18,32.44914245605469,33.03750586737004,32.30650900484642,32.30650900484642,16160130
2024-03-19,32.253021240234375,32.59177697317667,32.128217391426645,32.413484303172844,15759172
2024-03-20,31.628999710083008,32.413485445353544,31.611170102389362,32.28868159214799,18982518
2024-03-21,31.50419807434082,31.967757705053923,31.415053430247998,31.89643926925951,23082844
2024-03-22,31.842952728271484,32.28868273443139,31.53985618805675,31.611171220704296,29250546
2024-03-25,31.022804260253906,32.05689762224071,30.969318841944908,31.62899727252028,28935873
2024-03-26,30.042198181152344,31.07629149026541,30.042198181152344,31.04063227944956,22748506
2024-03-27,30.791025161743164,31.0762920521286,30.22049138097229,30.327465614704433,18830490
2024-03-28,30.70187759399414,31.290240989327927,30.57707375265813,30.82668483597978,20098261
2024-03-29,31.022804260253906,31.129778497521592,30.612733516853034,30.862341204027533,16555088
2024-04-01,30.470104217529297,31.147612346713174,30.2026668876054,31.129782737964895,18454792
2024-04-02,30.327468872070312,31.058465782277977,30.131346588621934,30.612735793095258,20158751
2024-04-03,29.79258918762207,30.345296791935464,29.79258918762207,30.23831915201366,13586294
2024-04-04,31.129779815673828,31.325902092843883,29.863908319230312,29.863908319230312,18160351
2024-04-05,32.6274299621582,32.6274299621582,31.040632477855013,31.522021624997397,22607847
2024-04-08,32.84138488769531,33.233626043774464,32.43131412443304,32.69875143088018,15952807
2024-04-15,31.82512092590332,32.87704393997247,31.73597289042722,32.520458599367736,17278368
2024-04-16,31.468538284301758,31.9320979065867,31.432879067052887,31.557686327423937,16050361
2024-04-17,31.111953735351562,31.932095260205372,31.058464913911155,31.771632196534004,14627333
2024-04-18,30.791025161743164,31.4507035705159,30.594902899359585,31.111951263589177,15852694
2024-04-19,31.735971450805664,31.825119482237795,30.345296166961287,30.684048484454326,16262130
2024-04-22,32.21736145019531,32.41348372375869,31.91426493680181,32.09255760361854,20990054
2024-04-24,32.235191345214844,32.55611746822497,31.89643561529862,32.484799040600585,14898593
2024-04-25,33.019676208496094,33.23362468464418,32.73440930653217,33.10882084011618,27523916
2024-04-26,34.677791595458984,34.96305849243693,33.090990655288316,33.1444794737153,30939435
2024-04-29,34.856082916259766,35.12352362355602,34.24988987418135,34.838256709713214,19976446
2024-04-30,34.23206329345703,34.85608253526108,33.60804065100316,34.85608253526108,24526646
2024-05-02,34.41034698486328,34.69561384935122,34.178568932710306,34.428176588974935,16424957
2024-05-03,34.00027847290039,34.5529826332131,33.71501159011645,34.410349191821126,14034139
2024-05-06,34.58864212036133,34.731275562894076,33.839815696902036,34.00027874483256,14645943
2024-05-07,34.26771545410156,34.80259340518326,33.928963159130895,34.55298233441869,17969272
2024-05-08,34.980892181396484,35.19484067877625,34.41035492020032,34.41035492020032,28735385
2024-05-09,34.90957260131836,35.19483952221709,34.58864646514481,34.98089103186801,14344537
2024-05-10,35.31964111328125,35.711885654886466,34.83825534049715,34.9987149976587,18864208
2024-05-13,34.37469482421875,35.33746974384733,34.321206006208975,35.33746974384733,25144767
2024-05-14,33.35202407836914,34.549747971808756,33.22303891494086,34.36548194637602,28960917
2024-05-15,33.37044906616211,33.60999242490314,33.20461000450221,33.481007269074745,15089955
2024-05-16,33.97852325439453,33.97852325439453,33.296740078910474,33.53628694377586,10629710
2024-05-17,34.918277740478516,34.918277740478516,34.03380157912557,34.10750939031411,11968866
2024-05-20,34.918277740478516,35.249952347081255,34.67873086869768,34.89985078768138,16423019
2024-05-21,35.4526481628418,35.67376809959844,34.862999684266974,35.01041180391068,27409408
2024-05-22,36.5582389831543,36.83463625429527,35.47107333736209,35.65533935631674,22556891
2024-05-23,37.626976013183594,38.41931739947448,36.410825262228876,36.558237367963336,30161773
2024-05-24,36.521385192871094,37.71910904802143,36.392400033566254,37.2584457564573,14211712
2024-05-27,37.074180603027344,37.42428214910682,36.24498533161437,36.5950903922756,15484667
2024-05-28,36.963619232177734,37.42428249509225,36.39239777024664,37.22159304932547,11439964
2024-05-29,37.405860900878906,39.11952904672153,37.27687573111996,39.04582474168025,31624773
2024-05-30,37.534847259521484,37.940229698586286,36.90834488986911,37.16631521340289,19172102
2024-05-31,38.308753967285156,38.32717740272691,37.092599867829485,37.534839639221374,27751654
2024-06-03,38.76942443847656,38.935259990595,37.921802151498504,38.43774630507567,22478131
2024-06-04,37.6638298034668,38.824699693264684,37.49799074569827,38.73256844542964,18387711
2024-06-05,38.01393508911133,38.36404019150506,37.129462370562905,37.70068389530266,17517678
2024-06-06,37.82966995239258,38.49302268801859,37.82966995239258,38.06921331242215,12495575
2024-06-07,37.608551025390625,38.52987761300839,37.44271195845286,37.99551001977273,14955386
2024-06-10,36.98204803466797,37.62697733793067,36.88991678330842,37.22159491153392,8715101
2024-06-11,36.72407531738281,37.25844286656722,36.65036750945022,36.94519171201715,12131807
2024-06-12,36.889915466308594,37.166312725101584,36.55823734992427,36.687222503055544,10412836
2024-06-13,38.78784942626953,38.95368849959236,37.20317002447005,37.25844737252289,23801393
2024-06-14,38.695716857910156,39.119526246663774,38.474596929448865,38.82470201843673,15865984
2024-06-20,38.95368957519531,39.377502504601765,38.19820200456704,39.06425130351817,19428531
2024-06-21,38.345611572265625,39.58018933960304,38.345611572265625,39.027394793157875,18232050
2024-06-24,38.99053955078125,39.24850986167614,38.2719059620987,38.34561025896215,19256876
2024-06-25,38.47459411621094,39.45120149741786,38.437743726313556,38.953684330694614,15801805
2024-06-26,38.17977523803711,38.603588169532564,38.013936159317645,38.4377490908131,12178387
2024-06-27,37.99551010131836,38.419319489032425,37.571697199022275,38.36403862840719,17645624
2024-06-28,37.92180252075195,38.47459707208146,37.77439040609195,38.23505370372722,23361835
2024-07-01,36.484527587890625,38.47459266514681,36.226557295429416,38.142918081088816,18415158
2024-07-02,37.2952995300293,37.313726483375866,36.20813388465574,36.42925381023256,13626296
2024-07-03,37.424285888671875,37.51642065835849,36.79778351313127,37.25844681781806,12926674
2024-07-04,38.47459411621094,38.60358278188798,37.424282440627486,37.424282440627486,18743612
2024-07-05,38.327178955078125,38.91683083595598,38.06920867346884,38.69571094130409,26735556
2024-07-08,37.405860900878906,38.86155870720364,37.405860900878906,38.529880548062195,21357222
2024-07-09,37.03732681274414,37.81124123024919,36.94519205198059,37.534843977122044,17757714
2024-07-10,37.49799346923828,37.7743907474004,36.85306414380528,37.037330167440714,17027986
2024-07-11,38.161346435546875,38.345612460155934,37.59012492238267,37.75596399307261,15369267
2024-07-12,38.824703216552734,39.0642501059933,38.12449653155091,38.235054741902324,20659651
2024-07-16,39.911869049072266,40.280401104307145,39.34064752658214,39.50648659997962,25644643
2024-07-17,39.801307678222656,40.18826314237217,39.61704166523542,40.003997129384935,16268864
2024-07-18,39.5249137878418,40.15141617669523,39.432779016197365,39.930296239330765,15575905
2024-07-19,40.298824310302734,40.42780946326329,39.15637785700014,39.50648292545152,20976571
2024-07-22,40.6673583984375,40.999036559907,40.261975931409395,40.427815012144144,14442052
2024-07-23,40.188262939453125,40.796338319033396,39.70917271393809,40.75948792828751,14161429
2024-07-24,41.93878936767578,43.30235238265637,40.09613607479679,40.09613607479679,53496543
2024-07-25,42.98909378051758,43.22863712093162,41.791370049284076,41.957209098255966,22298055
2024-07-26,42.1414794921875,43.320776394862484,41.82822831309171,43.2102181888822,14925820
2024-07-29,43.08122634887695,43.173361109241256,41.92035648494072,42.1414763952333,19160653
2024-07-30,43.09965515136719,43.560318429221326,42.25203640711488,43.28392116542522,18653228
2024-07-31,42.95224380493164,43.63402701466539,42.67584653623275,43.37605669915735,16580110
2024-08-01,43.89200210571289,44.002560322305015,43.19179538118632,43.22864577699547,13035896
2024-08-02,42.71269989013672,43.541891685508006,42.25203661006981,43.025951061165486,15334485
2024-08-05,41.459693908691406,43.283920018924015,39.6538947508347,41.23857399476239,34701865
2024-08-06,42.23360824584961,42.989095718747606,41.29385476416586,42.049342237063854,21495902
2024-08-07,42.8416862487793,43.21021828901021,42.17832998219647,42.362596002311925,11167508
2024-08-08,42.1046257019043,42.95224447440316,41.84665186779342,42.65742024791816,17552538
2024-08-09,40.79633712768555,42.52843196710767,40.79633712768555,42.381019864683346,10568241
2024-08-12,40.538368225097656,41.12801665512961,40.225117057320446,40.796338534591165,13795841
2024-08-13,41.25700378417969,41.27543073782272,40.317250235877296,40.53837016501164,9524832
2024-08-14,41.128013610839844,41.643957706218636,40.92532066005146,41.441264755430254,7072087
2024-08-15,41.55182647705078,41.58868038297428,40.5199417132661,41.18329796156149,10006089
2024-08-16,41.459693908691406,42.17832747844255,41.312281804266,41.79137202229403,9388264
2024-08-19,43.76300811767578,44.03940536076583,41.92035514429996,41.92035514429996,26874108
2024-08-20,43.26549530029297,44.02098281380081,43.081229281602326,43.57874647769246,13842149
2024-08-21,42.67584991455078,43.707734772851246,42.620569050602064,43.191794100992134,8927854
2024-08-22,44.86860656738281,45.237135102284206,42.896968186184985,42.896968186184985,21360287
2024-08-23,43.339202880859375,45.47668025119525,43.339202880859375,44.88703180621735,19613331
2024-08-26,42.196754455566406,44.13154228118915,42.04934235105454,44.13154228118915,14433605
2024-08-27,43.523468017578125,43.523468017578125,41.8466504535634,42.178328575795284,12924129
2024-08-28,45.21870803833008,45.826783411028764,43.22863934813605,43.50504012038421,27227874
2024-08-29,44.96073532104492,45.73464977023737,44.70276500950808,45.145001335534914,12621501
2024-09-02,46.75732421875,47.264053137908725,45.052871441239205,45.16342964742718,17834756
2024-09-03,46.71125793457031,47.2640524723074,46.11239425653684,47.17192122087854,12076156
2024-09-04,46.75732421875,46.75732421875,45.273987853615154,46.11239490591981,11778219
2024-09-05,47.63258361816406,47.67864924301872,46.52699104874291,46.98765432645323,10662359
2024-09-06,46.43486022949219,47.632584059725744,46.388791089628576,47.632584059725744,6163727
2024-09-09,45.14500045776367,46.57305589177656,44.94230749430753,46.11239262179939,8791240
2024-09-10,44.518497467041016,45.49510485011123,44.057834203918006,45.329265794220404,9491266
2024-09-11,43.30235290527344,44.960740185963196,43.24707204057027,44.389518642359654,11701309
2024-09-12,43.91042709350586,44.26053219737389,43.007527416862786,43.83672279060754,9270310
2024-09-13,45.97419738769531,45.97419738769531,43.652454002532785,43.910424318245745,9327028
2024-09-16,44.3158073425293,45.734651127244724,44.242103043295536,45.734651127244724,10649021
2024-09-17,44.739620208740234,45.05287138805471,44.33423426222621,44.48164637516349,8125065
2024-09-18,44.13154220581055,44.887029679466174,44.11311525345531,44.68433671814039,8631646
2024-09-19,45.20028305053711,45.27398734898023,44.334233820402154,44.51849983838291,10920471
2024-09-20,44.13154220581055,45.329265992246405,44.02098049167915,45.23713123047023,10295398
2024-09-23,42.8416862487793,44.53692730759385,42.620566321724354,44.35266128747839,17888175
2024-09-24,42.9153938293457,43.74458564348427,42.62056609001463,42.970671174872415,18229308
2024-09-25,42.34416961669922,43.3760579373511,42.252038362696965,42.97067198474427,12398174
2024-09-26,41.47812271118164,42.98909772758394,41.47812271118164,42.491580534988465,15887395
2024-09-27,41.754520416259766,42.030917687951224,41.42284228439723,41.55182744354777,9175431
2024-09-30,41.73609161376953,42.12305058865911,41.22015100002588,41.31228224831386,8624985
2024-10-01,42.41787338256836,43.468185042097545,41.699236314536506,42.381019478652526,26213517
2024-10-02,42.41787338256836,43.13650693601849,41.95721012736561,41.95721012736561,12252716
2024-10-03,41.496551513671875,42.86011447984065,41.257004626006676,42.69427540825154,14412915
2024-10-04,41.95721435546875,41.97564130928359,40.51994358915044,41.6808170774104,8942635
2024-10-07,41.828224182128906,42.694269820177276,41.60710427742419,41.95720932879764,7282214
2024-10-08,42.1414794921875,42.76797833579708,40.92532516807643,41.69923963910238,9343048
2024-10-09,42.381019592285156,42.381019592285156,41.275427073917896,41.994064143876564,8844915
2024-10-10,40.92532730102539,42.786407519168996,40.92532730102539,42.381025066392226,11622452
2024-10-11,41.25700378417969,42.23361123976814,40.9069022087082,40.98060650869829,11879419
2024-10-14,39.248512268066406,41.55182879822481,39.248512268066406,41.293858471513346,12926367
2024-10-15,40.556800842285156,40.72263992571654,39.26694208550379,39.43278116893518,11290405
2024-10-16,41.44126510620117,41.75451625344303,40.16983356568051,40.26196832344673,11732949
2024-10-17,43.2470703125,43.65245627496018,41.40441707101088,41.40441707101088,19606930
2024-10-18,43.984130859375,44.29738202564755,43.17336251468454,43.32077462148445,19818003
2024-10-21,42.30731201171875,44.8133212648804,42.196753813662134,44.03940684932058,18341961
2024-10-22,44.334232330322266,44.42636709350696,42.19675502858316,42.417874945644584,18730289
2024-10-23,43.43133544921875,44.57378198193788,42.93381824071613,44.407942912437,10950514
2024-10-24,44.48164367675781,44.48164367675781,43.67087886207747,43.87356830845666,12195903
2024-10-25,44.11311721801758,44.6843387081418,43.74458518366404,44.555353550492654,7587216
2024-10-28,44.149967193603516,44.315806256041114,43.91042383373916,44.02098203717025,2560589
2024-10-30,44.426368713378906,44.68433903053846,44.00255581643995,44.186821834946194,15590998
2024-10-31,43.37605667114258,44.85017777963922,43.33920276478467,44.463218792045126,10298444
2024-11-01,44.90545654296875,45.12657294163045,43.431331988702965,43.431331988702965,13631622
2024-11-04,44.03940963745117,45.126575278484545,43.76301236752007,44.83175105528044,12810676
2024-11-05,44.00255584716797,44.86860508037751,43.744585529828264,44.22367577244627,12502339
2024-11-06,47.8629150390625,48.277512690030186,44.573779532355296,44.66591078164506,40260104
2024-11-07,47.770782470703125,48.784243832377896,46.71125899684837,48.13931451396341,19303956
2024-11-08,49.429168701171875,50.12016358414493,47.86291293018328,48.09324455784096,20398159
2024-11-11,47.95505142211914,49.70557346267956,47.67865413007861,49.5213074297918,16198019
2024-11-12,50.67296600341797,50.765097263045824,47.955051669409094,47.955051669409094,24807747
2024-11-13,50.25836944580078,51.36396215932148,49.70557484633161,50.53476674553537,29278563
2024-11-14,50.58082962036133,51.73248782196717,50.166231964866846,50.67296087065703,14947354
2024-11-15,49.52130126953125,51.04149145852168,49.52130126953125,50.81115982470991,9889110
2024-11-18,48.64604568481445,49.19884377524253,47.86291944993575,49.06064337398996,12407933
2024-11-19,47.1258544921875,49.613433368364774,46.480925203534106,48.92243845507511,15828235
2024-11-20,45.1081428527832,48.50783975569553,45.0528655142523,48.41570500050811,17003923
2024-11-21,46.11239242553711,46.29665843566008,44.8133221503138,44.97916120796629,16001704
2024-11-22,47.26405334472656,47.31011897129129,45.69779743945162,46.15846073426295,14061199
2024-11-25,47.81684494018555,48.36963941336279,47.35618170767733,47.49437856868087,9312733
2024-11-26,46.5269889831543,47.816847509312055,46.29665735452482,47.816847509312055,9218932
2024-11-27,47.17192077636719,47.72471530889517,46.04790124370078,46.941589135383545,13537749
2024-11-28,47.586517333984375,48.18537747796128,47.21798531108947,47.264050935305875,10514581
2024-11-29,48.32358169555664,48.5999789773455,46.98765739989802,47.67865236166122,12633529
2024-12-02,48.46177291870117,50.76508918887863,48.46177291870117,50.67295794390422,15294588
2024-12-03,49.24489974975586,49.84375983708639,48.59997052798479,48.59997052798479,12535463
2024-12-04,49.10670471191406,49.751634003768174,48.78424182327795,49.47523673999695,7639835
2024-12-05,49.38310623168945,49.52130663277659,48.876377285340276,49.24490934518451,6265449
2024-12-06,49.429168701171875,49.75163157405995,49.10670231370209,49.659500328829566,7466198
2024-12-09,51.77854919433594,52.699875679948384,50.212293465878446,50.258359087242745,27502155
2024-12-10,49.3370361328125,52.101015787475184,49.19883925882849,51.456086498470846,13017613
2024-12-11,49.060638427734375,49.93589934673239,48.738175543431765,49.47523607511047,12719707
2024-12-12,48.78424072265625,50.02803013885655,48.36964307906221,49.24490399007589,8332927
2024-12-13,49.52130126953125,49.52130126953125,47.862914209002845,48.69210598197614,8705235
2024-12-16,49.10670471191406,49.98196564267451,48.922438697872614,49.6595027540384,6384187
2024-12-17,50.35049819946289,50.857227107461355,48.83030796088557,49.1527708529077,16561700
2024-12-18,49.9359016418457,50.8572282274348,49.383103581743036,50.67296220740058,11126895
2024-12-19,48.36964416503906,49.5673679843046,47.95504651213663,49.38310197028331,10158394
2024-12-20,46.84945297241211,48.59997479749096,46.80338734850621,48.36964316337963,9243259
2024-12-23,47.07978439331055,47.448316412052414,46.43485863238499,47.07978439331055,8125187
2024-12-24,47.07978439331055,47.35618516465785,46.48092425608227,47.264050402681484,6304009
2024-12-25,47.402252197265625,48.00111235229349,47.35618657219916,47.54044907246502,5613868
2024-12-26,47.35619354248047,48.04718856392961,46.9876614585413,47.63259084814364,9350896
2024-12-27,48.231441497802734,48.646039131122826,47.35618412306022,47.49438099111243,9471881
2024-12-30,46.3887939453125,48.507847984537975,46.20453143284258,48.46177884183836,11038353
2024-12-31,44.776466369628906,45.734646770463485,44.16839102190344,45.14499837443657,20157072
2025-01-02,45.91891860961914,46.11239635517436,44.813325969245994,45.218711928979346,15290149
2025-01-03,46.665191650390625,46.757322900519476,45.51353345087044,45.91891587185206,13549888
2025-01-06,46.20452880859375,47.21798662794616,46.158459668510694,46.8033889692722,8707666
2025-01-07,45.97419738769531,46.57305755125497,45.863635668462365,46.20452903089102,10479045
2025-01-08,44.85017776489258,45.90048949367384,44.776469952201005,45.863635587328055,11024378
2025-01-09,45.62409210205078,45.771504212453934,44.73961943963185,44.997589754191885,10439881
2025-01-10,45.03444290161133,45.88206164350167,44.75804563858543,45.67937219172635,13577543
2025-01-13,44.11311721801758,45.052870742495344,43.87357034131319,44.887031678494445,8840245
2025-01-14,45.089717864990234,45.36611862800565,44.14996440865023,44.3342304124666,13889096
2025-01-15,45.089717864990234,46.48092285495128,44.70276242009936,45.18185262418927,29343837
2025-01-16,46.5269889831543,46.57305460596384,45.14499921137743,45.53195466047572,26507190
2025-01-17,46.480926513671875,46.89552417624813,46.01104799122479,46.57305776554127,12217034
2025-01-20,47.310115814208984,47.44831619926285,46.388789286067954,46.71125567966639,15843707
2025-01-21,46.29665756225586,47.3101153269402,46.158457178625376,47.079783697277236,12951823
2025-01-22,46.29665756225586,46.57305481493506,45.91891383019187,46.3427231852721,9676290
2025-01-23,46.61912155151367,47.171919584658184,46.34272429223233,46.48092467916392,10549377
2025-01-24,46.94158935546875,47.4943838905885,46.80338896439784,46.80338896439784,15082801
2025-01-27,46.15846252441406,46.52699458038862,45.80836093727861,46.38879418075262,12495947
2025-01-28,44.86860656738281,46.34272773615257,44.831752659518045,46.29666210861266,20419821
2025-01-29,44.48164367675781,45.23713114905373,44.37108547740718,45.07129209273689,15392110
2025-01-30,45.14500045776367,45.660944585387576,44.444793833814366,44.61062937759086,16239029
2025-01-31,44.86860656738281,45.36612377981089,44.334235447089966,45.181857755069146,10191538
2025-02-03,43.11808395385742,44.62905900770184,43.08123004654853,44.62905900770184,12083584
2025-02-04,43.96570587158203,44.260530098357904,42.860113263881495,43.28392265054906,12030206
2025-02-05,43.56031799316406,44.62905664650387,42.896965269610234,44.02098126640677,14858216
2025-02-06,44.40793991088867,44.592205921721934,43.8367184404292,43.96570359363793,13121875
2025-02-07,45.476680755615234,45.49510770904793,44.22367603884808,44.51850026460718,13615530
2025-02-10,45.03444290161133,46.15845890652758,44.85017688806676,45.937342501939604,13919978
2025-02-11,46.480926513671875,46.57305776554127,44.90545891046408,45.03444406891403,19406819
2025-02-12,47.402252197265625,48.55391039683679,46.57305688774162,46.57305688774162,27816329
2025-02-13,48.09324645996094,49.70556791733313,47.31011678620248,49.33703589267245,36279205
2025-02-14,48.231441497802734,49.290968392444995,47.95504424711659,48.1393102524346,19722436
2025-02-17,47.72471618652344,48.32357986992642,47.31011852221229,48.231445103089506,11034829
2025-02-18,49.290977478027344,49.935906858226424,47.49438974553791,47.72472141599598,21180467
2025-02-19,47.54045486450195,49.79770591358742,47.44832360314431,49.290976946955745,14628887
2025-02-20,48.047183990478516,48.50784729426227,47.49438591718875,47.72471756908063,10895120
2025-02-21,45.86363220214844,48.277510170900655,45.476676757824585,47.86291254156675,11947901
2025-02-24,45.93734359741211,46.98765533070655,45.42139945009994,46.434860791472204,8466709
2025-02-25,44.149967193603516,46.15845938127495,44.03940899017242,46.01104727183952,12329088
2025-02-26,44.776466369628906,45.3661182802375,43.85513987219142,44.11311368138946,15928890
2025-02-27,45.402976989746094,45.67937780129676,44.573785098841036,44.68434331471191,15446782
2025-02-28,44.7580451965332,45.38454401306609,44.35265926782258,45.16342761066198,17224452
2025-03-03,44.518497467041016,45.34769274649514,43.910422100301915,44.79489472199846,25081241
2025-03-04,44.53692626953125,44.92388173963077,44.205248143970564,44.59220712865201,19209457
2025-03-05,46.80339050292969,46.80339050292969,45.43982755883992,45.43982755883992,24944496
2025-03-06,49.290977478027344,49.705575187768346,48.0011187176292,49.705575187768346,32856374
2025-03-07,50.39656066894531,50.62689229584673,48.59997327619796,49.290968156902196,22446870
2025-03-10,49.613433837890625,50.81116117725978,49.29097094780318,50.442629147518204,21285362
2025-03-11,50.90329360961914,51.548222919354245,49.79770100929925,49.935901402307486,20629311
2025-03-12,50.626895904541016,52.79201194591147,50.304429495144554,52.51561467684447,33968919
2025-03-13,51.77854919433594,52.469544058545274,50.534756330010154,50.67295670868467,27271193
2025-03-14,52.97627258300781,53.75939868492398,51.31788562245606,52.05494610330333,33745450
2025-03-17,53.85153579711914,54.173998673287656,52.83807451636627,53.43693816020123,25796309
2025-03-18,56.29304885864258,56.70764649476701,53.43693805793071,53.52906930392203,39498956
2025-03-19,53.98973846435547,58.688506329725236,52.42348602381435,52.42348602381435,62860994
2025-03-20,56.062721252441406,56.66158493810787,54.911063021992064,55.14139466808193,47394866
2025-03-21,54.77286911010742,56.569456749845095,52.23922086587235,55.74026137317165,81567616
2025-03-24,55.00320053100586,57.62898002148882,52.97628124145967,55.74026113231843,45907794
2025-03-25,56.845848083496094,57.39864260032702,54.12793409415006,55.878455921751055,37424859
2025-03-26,59.10309982299805,60.3929584039521,56.29305102267542,56.75371429950446,35758368
2025-03-27,58.08964157104492,61.91314486177133,57.26044973773921,59.79409789401825,33511576
2025-03-28,58.64244079589844,58.87277245100474,56.84585318315282,57.951445830579516,17232393
2025-04-02,55.924522399902344,60.070488368622556,55.924522399902344,58.55030166682758,24987352
2025-04-03,57.76717758178711,58.596369399528875,55.97059003814028,55.97059003814028,20647183
2025-04-04,54.91106033325195,57.85930596175675,54.864994709205995,57.76717471366485,19061676
2025-04-07,55.27959060668945,55.97058548927307,52.97627433141073,53.11447471376014,24805404
2025-04-08,54.72679901123047,56.47731736460684,54.40433260682663,56.10878884975061,16069833
2025-04-09,56.38518524169922,57.12224577458394,54.542532152196515,54.63466340083891,26386541
2025-04-10,57.72111129760742,58.412106228474634,56.61551870530349,58.36603708808458,16897828
2025-04-11,59.517696380615234,59.932297564118336,57.26044904403321,57.582911945092924,20486676
2025-04-14,58.82670211791992,60.254761162346995,58.780636490747256,59.97836037014687,10549309
2025-04-15,58.964900970458984,59.840158407573654,58.64243807410958,58.82670057797668,11112873
2025-04-16,58.86980056762695,59.86839901929375,57.348123454079484,58.91735218380999,11870446
2025-04-17,57.776092529296875,60.914549840660186,56.87259735263033,58.77469093384175,18683991
2025-04-18,56.96770095825195,58.29916421236182,56.63483242375795,58.29916421236182,7180986
2025-04-21,56.92014694213867,57.871193698919306,56.11175865005732,57.06280540683795,9519789
2025-04-22,58.39427185058594,58.58447829805679,57.30056663785142,58.15651016329195,10007398
2025-04-24,61.58028030395508,62.388668632824746,58.869798374963246,58.869798374963246,23877485
2025-04-25,58.013851165771484,61.580276442355796,58.013851165771484,61.29495951786473,15424695
2025-04-28,61.05719757080078,61.627831417334676,57.918747694418194,58.441822673815295,18809838
2025-04-29,60.53413009643555,61.39007366514691,60.20126154062308,60.8669950242924,9138796
2025-04-30,60.86699676513672,62.24601175823227,59.39287491282221,60.96209999639996,14589279
2025-05-02,59.63063430786133,61.91314442131842,58.964900830953,60.86699440614503,12388035
2025-05-05,60.62923812866211,61.770491473425146,60.20126631039802,60.48657964658878,8930735
2025-05-06,60.86699676513672,61.627837127065504,60.20126326242689,60.24881487805851,12742309
2025-05-07,58.9173469543457,61.15230899613226,58.536926802735735,60.62923038067969,11306436
2025-05-08,59.250213623046875,59.82084386738333,58.299166843775,59.44042370449236,4850465
2025-05-09,64.71873474121094,65.95509117224191,60.96209569606344,61.485174314979844,24818564
2025-05-12,71.18585205078125,71.18585205078125,66.1453083273687,67.52432329511569,33645545
2025-05-13,65.62222290039062,71.75647126914987,65.62222290039062,71.37605839039779,35915273
2025-05-14,64.67118835449219,67.61943225476459,64.19566491070916,65.62223524205825,35011030
2025-05-15,62.959293365478516,64.67118045639455,61.43761998239261,64.52852198949971,25142070
2025-05-16,61.86559295654297,63.434814263104066,61.43761757264478,62.95929089604658,16837196
2025-05-20,61.00965118408203,63.24460962179017,60.81944110624495,62.95929269105681,18799417
2025-05-21,61.39007568359375,62.76909068258907,60.58168370257484,60.67678693424496,17056032
2025-05-22,59.535526275634766,61.86559521273891,59.29776458343502,61.81803997193455,19628402
2025-05-23,59.15510940551758,61.199857769931455,58.82224086157428,59.297764243245716,19995688
2025-05-26,60.439022064208984,61.4376204563093,60.248811982867124,60.72433537224399,16486732
2025-05-27,58.53692626953125,60.53412660535822,58.489374658002006,60.39146814281508,10346987
2025-05-28,58.299163818359375,58.91734564398797,57.538327160016344,58.48937388993397,11474564
2025-05-29,58.013851165771484,59.25021120272964,57.77608948066587,58.72713622108835,9170190
2025-05-30,57.348121643066406,59.060005167285944,57.348121643066406,57.918751903110014,14304126
2025-06-02,58.013851165771484,58.82223944394844,55.63623431471528,56.492177832277676,14726356
2025-06-03,59.39287185668945,60.29636701902265,58.15651177410717,58.15651177410717,8781046
2025-06-04,60.296363830566406,60.296363830566406,59.06000018540719,59.25021025604364,8556317
2025-06-05,59.91594696044922,60.53412881677893,59.630633652895334,60.15370865473672,2864632
2025-06-10,60.486572265625,60.86699241942861,59.72573558597323,60.153707352013434,8892298
2025-06-11,61.45831298828125,61.88842266131779,60.167973030842845,60.263552147937716,11563272
2025-06-12,59.929019927978516,61.123777089038256,58.92542464191023,60.215760917410954,13362937
2025-06-13,59.785648345947266,59.785648345947266,56.53591101553825,57.34834443661312,12466527
2025-06-16,59.546695709228516,60.64587374719426,58.304149000729936,59.068792848566794,9874371
2025-06-17,60.932621002197266,61.314944788498124,59.642284604124086,59.69007416588423,9694538
2025-06-18,59.49890899658203,60.980407206230815,59.021006113075345,60.93261764710208,8683677
2025-06-19,58.11299133300781,60.024602914002216,58.11299133300781,59.54670001875362,6780320
2025-06-20,57.68287658691406,59.21216800196299,57.68287658691406,59.21216800196299,7031624
2025-06-23,57.73066711425781,58.590890077092666,57.25276425286862,57.68287391123131,6971055
2025-06-24,60.120182037353516,60.598084903640554,59.49890685273655,60.21576115216712,10363787
2025-06-25,60.215763092041016,61.219362060462736,59.73786021035815,60.1201839741483,10229477
2025-06-26,60.88482666015625,61.79284284674688,60.45471334586494,60.550292461880986,10077603
2025-06-27,60.0723876953125,60.98040385327056,58.877630552238585,60.88482474026843,11526475
2025-06-30,63.51329040527344,63.51329040527344,59.97681197841404,60.072391096828206,20869602
2025-07-01,65.37712097167969,65.902809808808,63.752246666925245,63.89561900149474,14459728
2025-07-02,63.75224304199219,65.85502014760175,63.36992656117176,65.2337449279394,16470270
2025-07-03,64.75584411621094,65.32932614809508,64.18236208432681,64.23014799985567,10508082
2025-07-04,64.70804595947266,65.56827258761699,63.800033419454216,64.66026004759854,8047452
2025-07-07,63.08317947387695,64.08677842784903,62.461904278190396,63.56108234867905,7887372
2025-07-08,61.697265625,63.51329076171892,61.21936273802779,63.178760199282245,9327073
2025-07-09,61.2193603515625,61.888421450354386,60.74145383711046,61.697263219905004,12917396
2025-07-10,62.031795501708984,62.50969838339824,61.69726494297036,61.69726494297036,10401425
2025-07-11,62.17516326904297,63.08317576083415,61.31493668658785,62.60527291416116,11544539
2025-07-14,61.36272430419922,62.74864697346478,60.40692223035406,62.366323227039146,11982358
2025-07-16,60.215763092041016,61.31494117835546,59.355536446568,61.31494117835546,10517238
2025-07-17,61.2193603515625,61.55389090095844,60.12018229593093,60.502502402939214,10436841
2025-07-18,62.60527420043945,62.7486465158308,60.50250090265319,61.07598651810913,11058431
2025-07-21,64.32572937011719,65.1381627925834,62.414117885623,62.65306932118477,21294221
2025-07-22,65.0425796508789,65.61606160228668,63.99118756570956,64.42130449842938,17693165
2025-07-23,65.5204849243164,66.90640029934382,65.2815334946759,65.32931940527264,15048819
2025-07-24,65.28153228759766,66.61965443506705,64.56467801193101,65.56826962253305,13413471
2025-07-25,66.0939712524414,66.38070861157397,64.89921402550725,65.47269603599176,9698792
2025-07-28,66.14175415039062,66.52407790402101,64.89921106636568,66.4284987886682,10257799
2025-07-29,63.60887145996094,66.76302585536064,63.60887145996094,66.332916212603,16707380
2025-07-30,65.8072280883789,66.0461795391662,62.84423155706028,63.13097621489287,16223940
2025-07-31,66.52407836914062,66.85860892132402,65.56827262449143,65.95059638079493,7490095
2025-08-01,65.85501861572266,67.38430638008934,65.56827396955796,66.38070741073221,14857467
2025-08-04,66.81082153320312,67.71883405366921,65.85501580967295,65.85501580967295,12716686
2025-08-05,66.4762954711914,68.19674151423136,66.42850226490442,67.00198427925106,9658505
2025-08-06,66.52407836914062,67.04977444558534,65.61606582861154,66.76302980530292,7643864
2025-08-07,69.39149475097656,70.06056313934647,66.81082218900144,66.85860810031562,17090824
2025-08-08,69.43928527832031,69.82160901519421,68.57905869340871,69.43928527832031,6275591
2025-08-11,69.1047592163086,70.72962608792734,69.1047592163086,70.39509553109045,6786273
2025-08-12,68.29232025146484,69.5348706857614,67.86221056617264,69.20034012028754,6044785
2025-08-13,70.01277160644531,70.15614392824706,68.00558097787844,68.62685617753988,9131792
2025-08-14,68.5312728881836,70.01277479388396,67.81441853875816,69.96498158703446,9295374
2025-08-15,70.06056213378906,71.01636785298281,68.43568803582835,68.53126714930393,13688505
2025-08-18,70.15613555908203,72.64122876905334,69.20032991738397,72.59343557008111,17074415
2025-08-19,68.5312728881836,71.39869028588532,68.5312728881836,70.44288448665141,14946748
2025-08-20,69.91719055175781,70.29951430189438,67.9577858899448,68.72243339021793,13613853
2025-08-21,70.72962188720703,71.49426936503733,69.821609387975,70.29951223856423,10872596
2025-08-22,69.96497344970703,71.30310287144628,69.39149149530984,70.6818277157582,10902545
2025-08-25,70.82521057128906,71.44648581946753,69.6304532833381,70.25172853151656,14781777
2025-08-26,70.01277160644531,70.96857736216471,69.72602696284181,70.82520504036296,9200301
2025-08-27,68.8180160522461,70.34730383940769,68.6746437270267,70.06056648118829,8649729
2025-08-28,68.77022552490234,69.4392939712453,68.00558524764996,68.96139106338019,7590752
2025-08-29,69.91719055175781,70.44287932750396,68.005579093294,68.77021930134812,13912459
2025-09-01,69.72602844238281,70.2039313303833,68.62685763375718,70.10835221122707,7639617
2025-09-02,65.75942993164062,69.91718294287979,64.51687970197457,69.67823153657618,17012980
2025-09-03,65.47269439697266,66.09396959786953,63.417710559645734,65.75943904114636,15822449
2025-09-04,66.04618072509766,66.38071130376282,64.75584432612074,65.52049189925802,11186273
2025-09-05,66.14175415039062,68.00557971475664,65.95059591968496,66.38070558488224,11734003
2025-09-08,64.8514175415039,66.04617470804679,64.27793556000712,64.75583842662428,9730437
2025-09-09,63.84782409667969,65.85501462143299,63.704451782293276,64.89920891514866,12081628
2025-09-10,63.51329040527344,64.2779379370254,62.65307104732661,64.1345656132945,11323309
2025-09-11,63.895606994628906,66.09396293234003,63.17875274870812,63.17875274870812,14670354
2025-09-12,65.2337417602539,65.85501694974776,63.75223994624695,64.13456370072156,11622125
2025-09-15,71.54206085205078,71.73322638252066,65.233744190932,65.233744190932,34426448
2025-09-16,71.01637268066406,72.73681871683709,70.58625570245624,71.68543381269478,24572909
2025-09-17,71.87659454345703,73.02356589953902,70.58625814855701,70.87300281063243,21407388
2025-09-18,71.63763427734375,74.21831404192685,71.35089694275814,72.16333032907886,20764704
2025-09-19,72.545654296875,72.83239163236756,71.11194574275581,71.63763450393489,14941858
2025-09-22,72.16333770751953,74.21832163048221,71.92438625815689,74.0749493024207,14771155
2025-09-23,71.63763427734375,72.73681229046883,71.11194551782742,71.87658570227447,11483918
2025-09-24,71.92438507080078,73.11914229789049,70.15614583315188,71.6376404194115,16354517
2025-09-25,70.44288635253906,72.736821789906,69.48708052798781,72.1633397536192,11133111
2025-09-26,68.3401107788086,70.77741834584955,68.3401107788086,70.39509458934248,12212551
2025-09-29,67.43209838867188,68.86580700961697,67.38430518441939,68.29231772746363,7961639
2025-09-30,67.28872680664062,68.00558112498078,66.76303072297014,67.76662968553407,11235861
2025-10-01,68.14895629882812,69.34371354605709,66.6674543953764,67.28872962237936,14024406
2025-10-02,67.5754623413086,68.72243359513838,67.43209731527152,68.24453072909739,8941465
2025-10-03,67.28872680664062,68.57906312120907,66.71524481041233,67.95778792020376,11969005
2025-10-06,65.09037017822266,68.14895295645185,64.8036328282825,67.71883599321285,14527451
2025-10-07,66.42850494384766,66.7152496086946,64.75584474741984,65.18595445247053,14718726
2025-10-08,67.18629455566406,67.86348268827786,65.59008172894697,67.23466777253527,14479849
2025-10-09,66.12215423583984,67.96022587808082,65.78356383928109,67.9118526582651,9519706
2025-10-10,67.71837615966797,68.68578153337751,65.92867769444877,66.12215581690377,15150082
2025-10-13,67.33141326904297,67.81511596117792,66.02541747642205,66.02541747642205,9703641
2025-10-14,67.23467254638672,67.86348750677693,66.26726718600706,67.33141160628125,10516468
2025-10-15,71.24940490722656,71.68473435879567,66.12215364285909,67.2346712621898,21554931
2025-10-16,68.39556121826172,71.78148023660572,67.86349265809544,71.24941167643945,16806324
2025-10-17,68.20207214355469,68.87925288631045,66.65422517388683,68.44392346321268,13061474
2025-10-20,69.79829406738281,70.18525766461411,66.94444399592913,68.44392516743163,16627956
2025-10-21,68.87925720214844,70.42711164951834,68.87925720214844,70.13688709545723,12787428
2025-10-22,72.1684341430664,72.70051001211671,68.78251558184343,69.0727401250921,24092709
2025-10-23,72.07169342041016,72.99072548489387,71.49125172806694,72.16843247234793,14400269
2025-10-24,73.03910827636719,74.7804409623954,71.58800016491618,72.41029328526159,32004879
2025-10-27,73.5228042602539,74.2483582496643,72.55539894104004,73.03910160064697,15085904
2025-10-28,73.32933044433594,74.15162353769435,73.23258400217365,73.42606950578093,4548399
2025-10-30,74.73206329345703,75.74784186332484,72.99073071103139,73.66791888451563,15201284
2025-10-31,75.16738891601562,75.7478380010392,74.29673004991368,74.73205948296466,15002835
2025-11-03,73.5228042602539,76.03805661406659,73.232579712203,75.16739035063074,16739952
2025-11-04,73.47443389892578,74.00650979746895,72.652140821764,73.52280711905412,10587802
2025-11-05,73.23258209228516,74.15162160383751,72.8456258565969,73.52280664976846,9925136
2025-11-06,75.02229309082031,75.36088351085328,73.32933360993788,73.47443851801086,10983491
2025-11-07,75.36088562011719,75.45762468844599,74.0065165213605,75.02229519060747,9311000
2025-11-10,73.76465606689453,75.65109349926934,72.7005116850237,75.55435444286597,13741006
2025-11-11,71.10429382324219,74.63532485659424,70.28200074496716,73.76465855812539,14777970
2025-11-12,71.87821960449219,72.21680999683159,70.1852602620782,71.39451693523105,11235619
2025-11-13,71.39452362060547,72.21681675920543,70.91082090605046,71.87822633516046,10403012
2025-11-14,71.58799743652344,72.21681240366338,70.71733112669254,70.9591824693835,7789962
2025-11-17,71.39452362060547,73.0391098978054,71.15267226332796,71.92659217818536,11348196
2025-11-18,72.1684341430664,72.55539774049238,70.9591775140582,71.29776789403715,13660300
2025-11-19,73.42606353759766,74.15161751053692,71.92658237456982,72.5553972939272,15876221
2025-11-20,73.57118225097656,74.34510212812081,72.84562821450034,73.7646603750833,9494967
2025-11-21,73.5228042602539,73.61954331603192,72.31354761123657,73.28095293045044,7712544
2025-11-24,75.6511001586914,76.81199107987352,73.37769891986305,73.86140162517621,27196252
2025-11-25,74.8771743774414,78.74679571600979,74.10324715744095,75.74784065476268,30977440
2025-11-26,74.63533020019531,75.55436240393999,74.2967397767482,75.21577198049287,9808770
2025-11-27,76.66687774658203,77.68265636617389,74.92554507891526,75.07065736467374,19267673
2025-11-28,76.8119888305664,77.44080380520326,76.18317385592955,76.8119888305664,7112766
2025-12-01,76.66687774658203,77.19895366745727,76.23154827002406,76.8119900323405,10817031
2025-12-02,77.0538330078125,77.68264792395063,75.79620317553626,76.57013036166266,13210467
2025-12-03,77.58590698242188,78.3114610030083,76.08643310164022,77.10220430203093,11093114
2025-12-04,77.44080352783203,78.65006025137271,77.24731802363515,77.73102071305141,8007813
2025-12-05,77.15057373046875,78.11797904370347,76.3282806903626,77.44079827672589,9940665
2025-12-08,78.45657348632812,78.98864938842215,77.39242906285727,77.39242906285727,7237607
2025-12-09,78.89191436767578,79.18213156309095,77.29569396038093,78.4565775034767,7779022
2025-12-10,78.1663589477539,79.0370178995651,77.73102209113087,78.89191299474153,6072237
2025-12-11,77.44080352783203,78.98865065782064,77.44080352783203,78.45657474717582,6680666
2025-12-12,77.53754425048828,78.45657642777869,77.44080518667626,77.68265653656505,5222631
2025-12-15,78.6016845703125,79.56908991887019,77.68265244146953,77.73101828046717,10648931
2025-12-16,78.11798095703125,79.37561084732597,77.58590506943341,78.9886472364109,7952796
2025-12-17,77.63428497314453,78.31146581501575,76.32828913198283,78.26309997243503,11031005
2025-12-18,75.94132232666016,77.87613308657507,75.651097760386,77.6342817415857,10596009
2025-12-19,75.699462890625,76.18316552890376,75.1190212008338,76.13479231278927,8264597
2025-12-22,76.13479614257812,76.9570965735892,75.6994666985156,75.6994666985156,7051554
2025-12-23,75.50598907470703,76.4250211873312,74.92553997124234,76.13479663559886,6130206
2025-12-24,75.50598907470703,76.13479663559886,74.68368863837105,75.45761585584599,6609930
2025-12-25,75.79620361328125,76.42501853305095,75.60272550599058,75.9413158841076,2698762
2025-12-26,76.8603515625,76.8603515625,75.07065315378053,75.79620716115737,6192261
2025-12-29,75.55435943603516,78.84353923614032,75.40924715148161,78.35983654144007,10186931
2025-12-30,75.94132232666016,76.42502501663888,74.82880466356562,75.55435869853372,6735167
2025-12-31,76.27991485595703,77.82776203081366,76.08643672686902,76.32828807858779,9868545
2026-01-02,77.48916625976562,77.48916625976562,76.08643146901787,76.27990958473583,6869770
2026-01-05,78.1663589477539,78.35983707466363,77.15058032968426,77.58590980558985,7712909
2026-01-06,79.76256561279297,80.05279016082893,78.11797952250075,78.31145763404682,10441324
2026-01-07,78.65006256103516,80.00442422659948,78.55331611573698,79.90768516201882,6267271
2026-01-08,80.0044174194336,80.39138102554902,77.39242599440905,78.65005586910496,10070033
2026-01-09,78.74679565429688,80.2946427123678,78.31145882561893,80.24626949338682,8379723
2026-01-12,77.39242553710938,79.27886295728968,77.34405231886194,79.2304971197591,13386144
2026-01-13,78.31146240234375,78.79516509137791,77.19895212213902,77.39243024546576,13368322
2026-01-14,78.34404754638672,78.9305267489994,77.80643726045729,78.19742588136164,9056946
2026-01-15,79.12601470947266,79.12601470947266,77.07333383958432,78.34404495105622,14067272
2026-01-16,82.1072998046875,82.49828843811217,78.88165290079391,79.17489624023438,16497379
2026-01-19,80.7877197265625,83.0847676948641,80.68997443253672,82.49828847322146,11946821
2026-01-20,78.73503875732422,80.88546505680607,78.24630482948854,80.73884338695778,13392554
2026-01-21,78.63728332519531,79.37038419195905,78.34404745298241,78.88165028078322,10186473
2026-01-22,80.29898071289062,80.34784962806425,78.39291404142048,78.9305243107425,17406867
2026-01-23,82.20503997802734,82.5960285870969,80.54334771134108,80.6410929992366,15171439
2026-01-26,82.15617370605469,82.205042622831,80.4944739284187,82.10729733179069,15418428
2026-01-27,82.49828338623047,83.32912952045008,81.17870335453021,82.2050400647471,13157730
2026-01-28,88.94956970214844,90.02478278946812,82.69377429753281,82.69377429753281,29890434
2026-01-29,91.93085479736328,93.73916883863104,88.50971730294235,88.94957485494416,26233920
2026-01-30,95.64522552490234,95.98733777337148,90.56239579982099,91.93085225118526,22978226
2026-02-02,92.27296447753906,93.73916621990202,90.70901744384946,93.25043230578103,16571543
2026-02-03,94.0812759399414,94.81437679142147,91.39323948451451,92.27296199778809,13868375
2026-02-04,95.69409942626953,95.69409942626953,93.98353077064286,94.71663162305428,9942511
2026-02-05,93.93465423583984,95.64522288852288,93.34817504641744,95.49860122679542,8723866
2026-02-06,92.37071228027344,93.93465935648419,91.19775383748735,93.93465935648419,9157190
2026-02-09,95.05874633789062,95.35198966948589,92.71282205759167,92.8594437233893,7930403
2026-02-10,93.20155334472656,95.20536532000536,92.51732886694172,95.10762003139145,9521449
2026-02-11,93.8369140625,94.52113857787724,92.02860002258483,92.81056983194625,9586833
2026-02-12,99.99496459960938,99.99496459960938,93.54367078738588,93.836914127028,15695078
2026-02-13,98.8219985961914,101.7544021596243,97.74678544776359,100.19045508395767,11718439
2026-02-16,100.5814437866211,101.85214752382574,99.11524200389334,99.21298729791094,10491849
2026-02-17,97.74678039550781,101.55890632243012,97.74678039550781,100.58143851847504,12827401
2026-02-18,97.25804901123047,99.8972091672336,95.84072364180058,97.9422735087164,16479094
2026-02-19,97.25804901123047,98.919741337975,96.18283589054356,97.55129234300313,11109938
2026-02-20,99.70172119140625,99.70172119140625,96.81819400268918,97.30692793009803,10926907
2026-02-23,100.67918395996094,102.340876246208,98.91973892718019,100.09270476819653,11565319
2026-02-24,100.67918395996094,101.07017257363304,98.7242483490879,100.67918395996094,9386127
2026-02-25,99.5062255859375,101.65665177510823,98.4310050338646,101.07017258328781,10453610
2026-02-26,99.5062255859375,100.09270477775792,97.84452584204418,98.91973893662954,6998276
2026-02-27,99.40847778320312,102.04764546387813,97.74678541415761,99.79946641635735,15482182
2026-03-02,95.54747772216797,97.55128970087085,93.64141848973354,93.83690906729541,13402738
2026-03-03,91.00225067138672,96.67156689331541,90.9045053829026,94.81437658216723,9416086
2026-03-04,90.95338439941406,92.12634281029004,89.7315496141317,91.00225331633273,10089316
2026-03-05,91.0999984741211,93.59254441543855,90.46465035269574,92.85944354534374,13116101
2026-03-06,87.58111572265625,92.17521897958773,87.58111572265625,91.09999840494167,10943829
2026-03-09,90.02478790283203,90.02478790283203,85.23519392455687,85.52843726388535,11398132
2026-03-10,91.34436798095703,92.85944613777912,90.02478786944407,92.71282446816925,14996873
2026-03-11,88.65632629394531,90.95338158519229,87.53224429225634,90.95338158519229,16010724
2026-03-12,89.24281311035156,90.95338176010922,87.92322561454853,87.9721019875366,13490240
2026-03-13,91.53986358642578,92.370709748753,88.6074601023384,88.85182705934567,15988940
2026-03-16,92.1263427734375,93.05493422688555,91.24662023688856,91.93085219086561,9366983
2026-03-17,93.8369140625,94.96100358703795,92.61507924397787,92.61507924397787,9395838
2026-03-18,94.03240203857422,96.18283573393433,92.76169833709969,94.3256453698694,11031894
2026-03-19,90.85562896728516,93.88578511128341,90.85562896728516,93.10380788880241,5176467
2026-03-23,95.20536804199219,95.3031133334007,89.24281577622055,90.31802889668958,18298962
2026-03-24,91.58872985839844,95.49860105760413,91.4909845699158,94.32564268083742,8812229
2026-03-25,91.83309936523438,93.00606523214717,91.05112957811355,92.46845494429284,9686176
2026-03-26,89.7804183959961,92.02859738052885,89.43830614812921,91.68648513266196,7177504
2026-03-27,90.36689758300781,91.00225316177308,89.4871825050888,90.75788620513165,7408487
2026-03-30,91.34436798095703,92.61507917425864,89.73155198771224,89.8781661998342,9727612
2026-03-31,91.34436798095703,93.2993036891208,90.70901984179413,91.34436798095703,10151945
2026-04-01,92.61507415771484,93.78803253608403,91.3932394062938,93.59254195885167,7799787
2026-04-02,92.22409057617188,92.95719146701185,90.51352183087859,91.34436801566632,8199579
2026-04-03,91.53986358642578,92.27296445744763,91.29549662941851,92.2240880830511,4563897
2026-04-06,93.8369140625,94.3745243656449,91.88197835286459,91.88197835286459,9352490
2026-04-07,91.0999984741211,93.98353303765333,90.46465035269574,93.83691137213683,7709319
2026-04-08,95.05000305175781,96.4000015258789,94.5,95.5,15693011
2026-04-09,94.75,95.5,94.05000305175781,94.9000015258789,8671514
2026-04-10,102.19999694824219,102.30000305175781,95.30000305175781,95.55000305175781,21125954
2026-04-13,100.30000305175781,101.69999694824219,98.75,100.30000305175781,12965590
2026-04-14,104.5999984741211,108.0,101.5,101.80000305175781,18500698
2026-04-15,104.19999694824219,105.5,103.0,104.69999694824219,8136383
2026-04-16,103.80000305175781,106.9000015258789,102.5999984741211,104.5999984741211,8805276
2026-04-17,108.0,108.5999984741211,103.4000015258789,103.80000305175781,11140402
2026-04-20,107.5,108.19999694824219,104.9000015258789,106.0,9321027
2026-04-21,105.5,108.0999984741211,104.5999984741211,107.80000305175781,7453994
2026-04-22,106.80000305175781,107.4000015258789,105.30000305175781,105.5999984741211,8676997
2026-04-24,106.5,108.19999694824219,105.5999984741211,106.69999694824219,6701436
2026-04-27,106.30000305175781,108.19999694824219,106.0999984741211,106.80000305175781,10102021
2026-04-28,103.69999694824219,106.4000015258789,102.5999984741211,106.4000015258789,8391477
2026-04-29,104.9000015258789,106.69999694824219,104.0,104.0,8403818
2026-04-30,104.5999984741211,105.30000305175781,103.5,105.0,6050980
2026-05-04,103.4000015258789,105.80000305175781,102.0,105.19999694824219,6790251
2026-05-05,106.0999984741211,106.80000305175781,102.5999984741211,103.5999984741211,10329276
2026-05-06,110.5,110.80000305175781,106.5999984741211,107.0,14525679
2026-05-07,111.4000015258789,113.5,110.5,111.0,9725586
2026-05-08,111.30000305175781,114.30000305175781,110.80000305175781,111.4000015258789,10962316
2026-05-11,105.19999694824219,109.0,104.9000015258789,108.19999694824219,19801946
2026-05-12,101.0999984741211,104.5,100.69999694824219,104.5,16034594
2026-05-13,102.0,104.5,101.4000015258789,101.4000015258789,13789979
2026-05-14,103.69999694824219,104.69999694824219,102.0999984741211,102.4000015258789,9658545
2026-05-15,101.69999694824219,104.0,99.0,104.0,7007681
2026-05-18,98.19999694824219,101.69999694824219,98.19999694824219,101.69999694824219,8404353
2026-05-20,98.80000305175781,99.6500015258789,96.1500015258789,98.0,8997053
2026-05-21,95.25,98.9000015258789,92.5,98.80000305175781,7889941
2026-05-22,98.94999694824219,99.30000305175781,92.5,93.0,17571530
2026-05-25,99.0,100.4000015258789,97.9000015258789,100.19999694824219,7548521
2026-05-26,100.5,100.5,97.30000305175781,99.05000305175781,3045198
2026-05-27,100.5,100.5,100.5,100.5,0
2026-05-28,100.5,100.5,100.5,100.5,0
2026-05-29,100.5,100.5,100.5,100.5,0
2026-06-01,98.5,101.80000305175781,97.6500015258789,100.5,14084145
2026-06-02,99.19999694824219,99.75,98.5,98.5,10634352
2026-06-03,95.9000015258789,99.19999694824219,95.5,99.19999694824219,10293825
2026-06-04,94.94999694824219,97.25,93.75,96.19999694824219,14312062
2026-06-05,93.3499984741211,95.1500015258789,92.5,95.1500015258789,10013303
2026-06-08,94.94999694824219,95.55000305175781,91.55000305175781,93.0,10206512
2026-06-09,96.1500015258789,97.80000305175781,95.0999984741211,95.0999984741211,10988389
2026-06-10,93.80000305175781,96.19999694824219,92.80000305175781,96.0,8544227
2026-06-11,92.80000305175781,94.30000305175781,90.94999694824219,93.8499984741211,9885053
2026-06-12,93.0,95.30000305175781,92.75,94.4000015258789,15143162
2026-06-15,96.0999984741211,96.69999694824219,94.30000305175781,95.5,16760607
2026-06-16,94.1500015258789,96.5,93.44999694824219,96.1500015258789,16961393
2026-06-17,92.6500015258789,94.69999694824219,92.44999694824219,94.4000015258789,10668385
2026-06-18,94.30000305175781,94.6500015258789,92.4000015258789,93.0,14608542
2026-06-19,94.4000015258789,94.69999694824219,92.9000015258789,93.4000015258789,9401333
2026-06-22,92.69999694824219,94.69999694824219,91.9000015258789,94.5,12961712
2026-06-23,90.1500015258789,92.44999694824219,89.9000015258789,92.1500015258789,12447939
2026-06-24,89.30000305175781,90.44999694824219,89.0999984741211,90.44999694824219,8378511
2026-06-25,89.69999694824219,90.6500015258789,88.6500015258789,90.05000305175781,12747582
2026-06-26,90.8499984741211,91.25,89.1500015258789,89.5,9580496
2026-06-29,91.4000015258789,91.4000015258789,89.55000305175781,91.0,8957725
2026-06-30,90.5,92.55000305175781,90.0,92.30000305175781,17202901
2026-07-01,93.55000305175781,94.1500015258789,89.94999694824219,90.5,18535023
2026-07-02,92.05000305175781,93.8499984741211,91.8499984741211,93.5,11655202
2026-07-03,93.69999694824219,95.3499984741211,91.69999694824219,92.5,20136788
2026-07-06,91.05000305175781,94.44999694824219,91.0,94.30000305175781,11429260
2026-07-07,91.05000305175781,92.19999694824219,90.0999984741211,91.05000305175781,10339602
2026-07-08,89.5999984741211,91.0,88.75,91.0,14867916
2026-07-09,88.5,90.44999694824219,88.0,90.0,8271723
2026-07-10,90.30000305175781,90.6500015258789,88.25,88.8499984741211,11330554
2026-07-13,89.80000305175781,90.75,89.0,90.0,7229553
2026-07-14,89.69999694824219,90.3499984741211,88.44999694824219,89.9000015258789,9800886
2026-07-16,92.1500015258789,92.1500015258789,90.0999984741211,90.25,8122500
2026-07-17,90.69999694824219,92.19999694824219,90.05000305175781,92.1500015258789,7033451
2026-07-20,89.69999694824219,90.80000305175781,89.0999984741211,90.80000305175781,11243857
2026-07-21,91.19999694824219,91.9000015258789,89.94999694824219,90.1500015258789,9955572
2026-07-22,91.05000305175781,92.1500015258789,90.5999984741211,91.5999984741211,10173888
2026-07-23,89.94999694824219,91.44999694824219,89.25,91.05000305175781,11629601
2026-07-24,88.80000305175781,90.3499984741211,88.25,90.3499984741211,8348093
2026-07-27,88.6500015258789,90.55000305175781,88.0999984741211,89.5999984741211,8553069
2026-07-28,88.75,90.0,87.8499984741211,88.5,9039053
2026-07-29,87.55000305175781,89.94999694824219,87.0999984741211,88.80000305175781,8194693
2026-07-30,85.25,88.19999694824219,85.25,87.75,9960052
2026-07-31,87.5999984741211,87.69999694824219,84.75,85.44999694824219,15331035
2026-08-03,87.05000305175781,88.75,86.4000015258789,88.0,7939854
2026-08-04,85.8499984741211,87.19999694824219,85.55000305175781,87.05000305175781,12221440
2026-08-05,87.0999984741211,87.44999694824219,85.1500015258789,85.80000305175781,15550329
2026-08-06,85.8499984741211,88.05000305175781,85.75,87.55000305175781,16261778
2026-08-07,86.3499984741211,87.69999694824219,86.0,86.30000305175781,9755483
2026-08-10,86.19999694824219,87.44999694824219,85.55000305175781,86.69999694824219,9741184
2026-08-11,85.9000015258789,86.55000305175781,84.5999984741211,86.19999694824219,8451687
2026-08-12,86.6500015258789,87.05000305175781,85.0999984741211,86.1500015258789,13021209
2026-08-13,85.8499984741211,87.1500015258789,85.5,86.5999984741211,12278486
2026-08-14,87.6500015258789,87.69999694824219,85.8499984741211,86.05000305175781,14925184
2026-08-17,80.1500015258789,87.0,79.8499984741211,86.4000015258789,52418759
2026-08-18,81.0,81.75,78.5,80.0,33998045
2026-08-19,83.0999984741211,83.5999984741211,80.69999694824219,80.94999694824219,23161767
2026-08-20,82.8499984741211,84.1500015258789,82.1500015258789,83.1500015258789,13559963
2026-08-21,83.25,84.19999694824219,83.05000305175781,83.19999694824219,12252832
2026-08-24,82.94999694824219,84.5999984741211,82.75,84.0,10793790
2026-08-25,83.94999694824219,84.05000305175781,82.44999694824219,83.0999984741211,16256176
2026-08-26,87.75,89.25,83.94999694824219,84.0,35516469
2026-08-27,87.44999694824219,88.44999694824219,87.0,88.0,13396394
2026-08-28,89.0,90.3499984741211,86.75,87.1500015258789,18743353
2026-08-31,87.4000015258789,89.80000305175781,86.80000305175781,89.55000305175781,18611522
2026-09-01,88.9000015258789,89.30000305175781,87.44999694824219,87.6500015258789,13972508
2026-09-02,86.80000305175781,89.0,85.30000305175781,88.80000305175781,14774428
2026-09-03,86.9000015258789,87.8499984741211,86.25,87.0,9982330
2026-09-04,87.25,88.19999694824219,86.69999694824219,86.9000015258789,9449641
2026-09-07,89.0,89.25,87.5,87.6500015258789,9486050
2026-09-08,89.6500015258789,89.6500015258789,87.8499984741211,89.05000305175781,15164832
2026-09-09,90.3499984741211,91.3499984741211,88.9000015258789,90.8499984741211,19775049
2026-09-10,89.75,90.8499984741211,88.8499984741211,90.55000305175781,10033241
2026-09-11,91.25,91.6500015258789,89.30000305175781,89.75,11059783
2026-09-14,89.30000305175781,91.05000305175781,88.80000305175781,90.4000015258789,12522450
2026-09-15,85.80000305175781,89.5999984741211,85.80000305175781,89.30000305175781,12539133
2026-09-16,81.94999694824219,86.75,79.25,85.94999694824219,19409897
2026-09-17,85.75,86.8499984741211,81.25,82.0,16255560
2026-09-18,85.3499984741211,86.75,84.6500015258789,85.75,9152820
2026-09-21,86.30000305175781,86.69999694824219,83.30000305175781,86.0,17357640
2026-09-22,86.75,87.5999984741211,86.0999984741211,86.3499984741211,12022209
2026-09-23,88.44999694824219,89.3499984741211,86.8499984741211,87.1500015258789,12783879
2026-09-24,86.4000015258789,88.94999694824219,86.3499984741211,88.19999694824219,10118825
2026-09-25,86.44999694824219,87.6500015258789,86.44999694824219,86.5,4420175
2026-09-28,,,,,722571
