Date,Close,High,Low,Open,Volume
2018-01-01,8.113037109375,8.113037109375,8.113037109375,8.113037109375,0
2018-01-02,8.264398574829102,8.309806953708254,8.143308602147135,8.158444487855796,28328592
2018-01-03,8.113037109375,8.332512892362368,8.029787201575932,8.271967898555733,36670025
2018-01-04,7.961674690246582,8.218990555161454,7.946538080793979,8.120604758979328,47944005
2018-01-05,8.067626953125,8.120603635372467,8.00708196719842,8.03735446016171,41655354
2018-01-08,8.007081985473633,8.19628524736432,7.991946099834024,8.150876868692327,40906990
2018-01-09,7.931400775909424,8.06762736202533,7.878424090976882,8.022218981155495,32367001
2018-01-10,7.855720043182373,7.96167413672452,7.757334253840353,7.90869672907684,40374545
2018-01-11,7.954105854034424,7.954105854034424,7.780038465726829,7.938969245593235,29236404
2018-01-12,8.01465129852295,8.082764596862187,7.954106304833238,7.976810497028565,33522984
2018-01-15,7.885993003845215,8.105468786335011,7.878424699198229,8.007082991183964,30624173
2018-01-16,8.196284294128418,8.203852596944603,7.780037022028238,7.878422793379414,45923399
2018-01-17,8.567124366760254,8.567124366760254,8.120604506345497,8.166013611537355,49238058
2018-01-18,8.45360279083252,8.635237770337087,8.39305779766433,8.58982938633757,61866513
2018-01-19,8.332512855529785,8.491443644007989,8.309807941637716,8.446034537977107,41869155
2018-01-22,8.551987648010254,8.551987648010254,8.377920270411728,8.430897674943369,29336335
2018-01-23,8.574690818786621,8.635235798126882,8.536850026260687,8.62009991416836,37071951
2018-01-24,8.975802421569824,8.975802421569824,8.529283332899261,8.57469171125409,41181496
2018-01-25,8.847145080566406,8.975803369075138,8.794168392975719,8.945530873058567,43608787
2018-01-26,9.354209899902344,9.354209899902344,8.81687255603134,8.824440860449313,61358061
2018-01-29,9.30123233795166,9.445026499606968,9.112029075811266,9.414754006534631,49757449
2018-01-30,9.081757545471191,9.346642429248732,9.081757545471191,9.195279226088285,42988321
2018-01-31,9.30123233795166,9.308800641658037,9.119597379517643,9.149869872589978,44579941
2018-02-01,9.248255729675293,9.649366446538556,9.119597452647858,9.346641513387635,66851283
2018-02-02,9.096895217895508,9.346643521850732,9.04391780189511,9.255825300636717,50293199
2018-02-05,9.006074905395508,9.149869787466217,8.953098223450068,9.043915701822177,39477552
2018-02-06,8.90769100189209,8.93039519399519,8.688214498466854,8.779032710385763,65420098
2018-02-07,8.89255428314209,9.059053373938637,8.869850091318593,8.953099275840245,42457191
2018-02-08,8.854713439941406,8.915258432350152,8.733623455123913,8.90769084961399,43834737
2018-02-09,8.771465301513672,8.839578606531994,8.665511191290356,8.763896996122007,43725799
2018-02-12,9.013643264770508,9.028779872136042,8.832008306903086,8.86228079988099,29033983
2018-02-13,9.006074905395508,9.187710583892887,8.975802412604805,9.043915701822177,39083823
2018-02-14,8.733623504638672,9.134734262059,8.718487617327295,9.074189269306997,42166639
2018-02-15,9.081757545471191,9.081757545471191,8.869850071501105,8.884985958765204,37995976
2018-02-16,9.021212577819824,9.187711668704148,8.968235889619322,9.127166675974076,38754878
2018-02-19,8.839577674865723,9.127166753657944,8.82444106567775,9.089325952441262,35766522
2018-02-20,8.589828491210938,8.945530108568875,8.589828491210938,8.877416817914282,44178579
2018-02-21,8.922825813293457,8.945530002658458,8.72605424745501,8.741190854867122,50020726
2018-02-22,8.968235969543457,8.983371856984242,8.79416857257829,8.892554367079775,34736754
2018-02-23,8.95309829711914,9.036347472540285,8.915257500381104,9.006074979500491,32161832
2018-02-26,9.013643264770508,9.059052365113946,8.960666582497467,9.036347454065645,27021508
2018-02-27,8.990939140319824,9.036347519237593,8.930394153927354,9.036347519237593,28696802
2018-02-28,8.884984970092773,8.968234866918076,8.839576591600029,8.900121577425796,38900062
2018-03-01,8.756327629089355,8.862281726466508,8.726055132946346,8.839577534797561,35502121
2018-03-02,8.635237693786621,8.756327679049551,8.60496519747089,8.71848759996982,25467190
2018-03-05,8.673077583312988,8.726054265860787,8.650373393900098,8.695781772725878,34829244
2018-03-06,8.763895034790039,8.854712513905362,8.695781745015255,8.756326731092138,38966036
2018-03-07,8.733623504638672,8.756327696482362,8.65037432004298,8.695782703730359,31900835
2018-03-08,8.726055145263672,8.794168442119897,8.66551015289219,8.733623449748418,21471249
2018-03-09,8.695782661437988,8.741191766657764,8.650374277971455,8.726055157666758,22522647
2018-03-12,8.922825813293457,8.968234913776625,8.748759158573177,8.763895044232122,31620030
2018-03-13,8.786599159240723,8.937962345068263,8.763894970067856,8.915257434142235,31622970
2018-03-14,8.642806053161621,8.877417720659366,8.627669444031058,8.794168535701013,32687945
2018-03-15,8.491442680358887,8.680645944134913,8.476306072815282,8.665509336591306,30785684
2018-03-16,8.430898666381836,8.529284461506732,8.393057864910222,8.521716156861759,42114915
2018-03-19,8.24169635772705,8.446035555090416,8.23412805218495,8.400627165344488,43720427
2018-03-20,8.302239418029785,8.408192783840795,8.188717026692482,8.279534506710421,72155959
2018-03-21,8.438465118408203,8.46117002930037,8.332511754590733,8.355215943729739,49950085
2018-03-22,8.309806823730469,8.529283297975054,8.294670938258555,8.514146690749984,51178271
2018-03-23,8.15844440460205,8.218989390325197,8.135740215394161,8.188716897463623,53500713
2018-03-26,8.181150436401367,8.27953551036561,8.173582131710807,8.211422933410349,43271545
2018-03-27,8.24169635772705,8.408194749133248,8.226559746642847,8.28710474747298,36884927
2018-03-28,8.097900390625,8.302240283276225,8.029787093074592,8.203854489231553,60185408
2018-03-29,8.256831169128418,8.279535361037349,8.060059581242347,8.12817287872239,41114491
2018-03-30,8.309806823730469,8.40062502357458,8.26439844556157,8.294670938258555,23678687
2018-04-02,8.17358112335205,8.317375285966792,8.17358112335205,8.287102792692469,14779094
2018-04-03,8.181150436401367,8.25683131804719,8.113037137692844,8.203854628719789,29536155
2018-04-04,8.135741233825684,8.241695332981095,8.07519624052352,8.20385453172893,31262982
2018-04-05,8.181150436401367,8.302240424437292,8.113037137692844,8.150877939392386,40164120
2018-04-06,8.135741233825684,8.211422836330014,8.105468737174602,8.158445425875682,25901713
2018-04-09,7.923834800720215,8.173583111418118,7.863289799445168,8.166014805820401,44837356
2018-04-10,7.719493389129639,8.007082450516739,7.658948399548481,7.976809955726161,57517860
2018-04-11,7.522721290588379,7.7800378393459795,7.416767927043361,7.6665161721897,78830153
2018-04-12,7.492449760437012,7.613540468513998,7.43947307185869,7.500018065020558,88710298
2018-04-13,7.439472675323486,7.583267567733374,7.394064293749047,7.545426768585866,62237615
2018-04-16,7.530290126800537,7.568130925780078,7.431904338155011,7.431904338155011,70427324
2018-04-17,7.219996929168701,7.605971782536202,7.167020243246845,7.598403478332162,137579979
2018-04-18,7.689220905303955,7.727061704284442,7.15945188483677,7.227565178651004,142339456
2018-04-19,7.704357624053955,7.84058349188227,7.605971833995428,7.68165271128822,84148250
2018-04-20,7.598404884338379,7.696790691936541,7.560564078069341,7.696790691936541,42346703
2018-04-23,7.598404884338379,7.598404884338379,7.598404884338379,7.598404884338379,0
2018-04-24,7.658939838409424,7.73789828382744,7.57998214599495,7.643148601127946,50855515
2018-04-25,7.319420337677002,7.698419068855899,7.279941114928315,7.682627078555007,108051693
2018-04-26,7.256254196166992,7.382587878134912,7.232566960237106,7.358899889201372,62269816
2018-04-27,7.532607555389404,7.714211693771739,7.303628948214184,7.303628948214184,86659900
2018-04-30,7.272045612335205,7.619461139447351,7.20887915286027,7.524711450234948,67418689
2018-05-01,7.272045612335205,7.272045612335205,7.272045612335205,7.272045612335205,0
2018-05-02,7.287836074829102,7.485231427924193,7.082545479892876,7.485231427924193,80313196
2018-05-03,7.04306697845459,7.327316044879704,7.035170982802995,7.264149585674123,90744638
2018-05-04,7.177295684814453,7.20887891350326,6.93252509772352,7.050962770059224,128030942
2018-05-07,7.066754341125488,7.232566487811275,7.043067106742834,7.1615040316597085,57362370
2018-05-08,7.050963401794434,7.169400331737995,6.964108950365762,7.114129864831485,89869980
2018-05-09,7.20098352432251,7.319421206629342,6.9009424500169505,6.964108912712476,93919158
2018-05-10,7.461544990539551,7.477336981909615,7.074650238016103,7.248358378068841,105897835
2018-05-11,7.216774940490723,7.453648780191019,7.161503725290891,7.445753537736962,70311050
2018-05-14,7.2957329750061035,7.374691427243553,7.193087288298863,7.224670518593121,56284003
2018-05-15,7.098337173461914,7.272045306207272,6.987796250535964,7.1930868586856835,94370912
2018-05-16,7.114130020141602,7.177296484557653,7.003588330911684,7.0904420312328424,93640879
2018-05-17,7.0035881996154785,7.153609114543899,6.98779696030933,7.153609114543899,52225487
2018-05-18,7.058858394622803,7.090441625021425,7.011483925526674,7.02727516422418,40213373
2018-05-21,7.050963401794434,7.169400331737995,7.019380170275908,7.043067405663893,63328570
2018-05-22,7.303629398345947,7.358899866345235,7.090442016628151,7.090442016628151,110301772
2018-05-23,7.193087100982666,7.358899243960486,7.161503871510871,7.248358317310998,130505995
2018-05-24,7.122025966644287,7.429962290268405,7.050963506422216,7.28783736982426,147794135
2018-05-25,7.327316761016846,7.351004750286783,7.161504601145605,7.208879826681815,93199388
2018-05-28,7.516816139221191,7.5878778407318075,7.414170455256629,7.4536489273168876,72349643
2018-05-29,7.374691486358643,7.516816400323872,7.311525025263787,7.508920404436112,82187481
2018-05-30,7.477337837219238,7.5641915406787374,7.366796143995046,7.366796143995046,126894341
2018-05-31,7.066754341125488,7.5483995425956145,7.050963102538253,7.5483995425956145,110674200
2018-06-01,6.727234840393066,7.0825463700186475,6.569317935667378,7.066754378344635,252206258
2018-06-04,6.7351298332214355,6.924629961257379,6.656172136793074,6.656172136793074,129040432
2018-06-05,6.632483959197998,6.8219840817778294,6.608796726251854,6.782504858198549,83692389
2018-06-06,6.703546524047852,6.735129752842991,6.458776689136412,6.671963295252712,126990579
2018-06-07,6.853568077087402,6.948317772479863,6.6561726901022,6.695651165096326,133148324
2018-06-08,6.648275852203369,6.837775218996905,6.632483861802134,6.821983981599217,70607423
2018-06-11,6.671963691711426,6.703546922383292,6.458777072927238,6.648276456958431,77490679
2018-06-12,6.608797550201416,6.69565125050144,6.521943849901392,6.616693546502415,55856786
2018-06-13,6.498255252838135,6.6719633901847955,6.490360010279691,6.569317706889204,73267845
2018-06-14,6.561422824859619,6.608797294827684,6.435089147936325,6.44298514393221,41848352
2018-06-15,6.561422824859619,6.561422824859619,6.561422824859619,6.561422824859619,0
2018-06-18,6.490360736846924,6.600901675075529,6.482464740400976,6.5298399660729975,52357130
2018-06-19,6.6009016036987305,6.6403808324979074,6.450881437866248,6.458777434226815,74876260
2018-06-20,6.593005180358887,6.656171633930892,6.561421953572884,6.569317195516742,72678988
2018-06-21,6.624588966369629,6.703546663498208,6.5614225074653305,6.5614225074653305,54529358
2018-06-22,6.7351298332214355,6.750921824309256,6.561422449276893,6.648276141249164,65549237
2018-06-25,6.395610332489014,7.200983055978179,6.332443873901769,7.177295822258858,177620334
2018-06-26,6.427193641662598,6.521943330721055,6.3798184206315725,6.387714416304009,85796928
2018-06-27,6.624588966369629,6.664067438432125,6.419297598428867,6.419297598428867,101944555
2018-06-28,6.616693019866943,6.727234700271735,6.585109790180374,6.600901028521863,66818273
2018-06-29,6.616693019866943,6.758817929958305,6.569317798835292,6.671963483567543,67607337
2018-07-02,6.656172752380371,6.711443220292198,6.545631063553068,6.545631063553068,84591074
2018-07-03,6.593005180358887,6.719338087502898,6.577213190464124,6.703546097608134,64120262
2018-07-04,6.687755584716797,6.735130053522682,6.5851098982992395,6.608797132702182,72757403
2018-07-05,6.766712665557861,6.821983878120258,6.711442205999001,6.711442205999001,65840074
2018-07-06,6.782504558563232,6.877254239165548,6.6640668930576945,6.798295795495189,90199185
2018-07-09,6.774609088897705,6.932525235479692,6.766713093317709,6.861462781266902,105706629
2018-07-10,6.229798316955566,6.624589468005936,6.221902697245543,6.569318247526661,307821857
2018-07-11,5.503383159637451,6.158736153086574,5.495487540030594,6.142944537371042,405292037
2018-07-12,5.503383159637451,5.724466156156717,5.448112692883997,5.5349667675703325,296267541
2018-07-13,5.471799373626709,5.661299119508668,5.456007759511694,5.566549434818578,173758458
2018-07-16,5.290195941925049,5.57444538963052,5.258612711791308,5.558653774563649,167369071
2018-07-17,5.290195941925049,5.369154393761203,5.15596740210755,5.250717092508773,265293953
2018-07-18,5.353363037109375,5.353363037109375,5.163863270657683,5.298092193456419,191285443
2018-07-19,5.321779251098633,5.408633323507291,5.266508785794602,5.400737704107489,189944297
2018-07-20,5.440216541290283,5.503383002347071,5.290196008029508,5.329675234440903,152397358
2018-07-23,5.629716396331787,5.6928828584586375,5.495487476061325,5.503383095576274,156343667
2018-07-24,5.274404048919678,5.6534031670547416,5.250716815818488,5.6534031670547416,263385195
2018-07-25,5.5428619384765625,5.5981327772576,5.227029273231098,5.250716883137767,226111921
2018-07-26,5.440216541290283,5.653403535607847,5.353362845588102,5.574445459286862,210082550
2018-07-27,5.558653354644775,5.629715805328304,5.424424448465566,5.479695285275174,153981682
2018-07-30,5.558653354644775,5.613924191454383,5.471799290087327,5.487590903961247,105651627
2018-07-31,5.598132610321045,5.677090680152432,5.534966154455936,5.558653387154464,119539420
2018-08-01,5.613924980163574,5.684987064328953,5.590237367773897,5.629716596256084,110731343
2018-08-02,5.36915397644043,5.527070114835007,5.361257981269815,5.487590891985477,100960720
2018-08-03,5.511279106140137,5.527070721713532,5.369154565979585,5.384946181552979,125693366
2018-08-06,5.392841815948486,5.566549964236287,5.337571349540217,5.471799894033025,93912176
2018-08-07,5.534965991973877,5.566549218979288,5.408632707450469,5.408632707450469,123250916
2018-08-08,5.6060285568237305,5.645507782298562,5.5191744866801775,5.542862097265436,97629213
2018-08-09,5.534965991973877,5.740256967509049,5.479695156463526,5.487590774963996,183669433
2018-08-10,5.187551021575928,5.511279342994043,4.863822323655984,5.416529645481692,218882087
2018-08-13,4.619051933288574,5.045425934730484,4.374281701090575,5.037530315112132,328246910
2018-08-14,4.8480305671691895,4.8875097949082695,4.7138016446585,4.840134947522465,167686060
2018-08-15,4.619051933288574,5.029634318991962,4.611156313670222,4.9901554678965665,199711185
2018-08-16,4.563781261444092,4.721697411735527,4.5558852656786195,4.721697411735527,110704411
2018-08-17,4.611156463623047,4.69011454488334,4.405865075844456,4.532198005860924,101631466
2018-08-20,4.761177062988281,4.792760295868648,4.619052138524794,4.6269481349958035,32701273
2018-08-21,4.761177062988281,4.761177062988281,4.761177062988281,4.761177062988281,0
2018-08-22,4.761177062988281,4.761177062988281,4.761177062988281,4.761177062988281,0
2018-08-23,4.761177062988281,4.761177062988281,4.761177062988281,4.761177062988281,0
2018-08-24,4.761177062988281,4.761177062988281,4.761177062988281,4.761177062988281,0
2018-08-27,4.745385646820068,4.80855211524665,4.721698032909176,4.792760498140005,81576365
2018-08-28,4.919092655181885,4.934884269785125,4.729592903441205,4.745384894546236,100897894
2018-08-29,4.879613876342773,4.958572333076328,4.824343408431475,4.863822260296428,66602158
2018-08-30,4.879613876342773,4.879613876342773,4.879613876342773,4.879613876342773,0
2018-08-31,4.737489223480225,4.887509760737316,4.698009996017163,4.8559265293675935,76025963
2018-09-03,4.800655364990234,4.840134589811597,4.674322447964741,4.690114062592928,68167794
2018-09-04,4.816446781158447,4.871717618330581,4.761176320488089,4.792759548443087,64686509
2018-09-05,4.729593276977539,4.8164473524058655,4.682218429426221,4.784864120704987,83538730
2018-09-06,4.753280162811279,4.800655003124802,4.721696935935597,4.729592554403636,52464150
2018-09-07,4.871717929840088,4.887509544827341,4.721697399210283,4.769072244172042,116793459
2018-09-10,4.666426658630371,4.871718034371348,4.6585310392182295,4.855926419045258,94354032
2018-09-11,4.603260517120361,4.753281061391237,4.595364897159702,4.68221859923613,89677100
2018-09-12,4.516406059265137,4.698009821131671,4.500614444168125,4.658530971640044,94879381
2018-09-13,4.840134620666504,4.903301079581924,4.461135490672189,4.547989559931788,205842464
2018-09-14,5.021738529205322,5.3533628249785705,4.934884457335709,4.934884457335709,284237521
2018-09-17,4.840134620666504,4.974363534112669,4.808551391208794,4.9585719193838145,153048256
2018-09-18,4.887509822845459,4.974363898466805,4.863822210766248,4.863822210766248,120315781
2018-09-19,5.242821216583252,5.258612832011143,4.934884527488478,4.966467758344259,162005667
2018-09-20,5.077008247375488,5.384945263299249,5.061216634494917,5.258611983752931,286051077
2018-09-21,5.195446491241455,5.2744045702189295,5.132280028059475,5.132280028059475,166045293
2018-09-24,5.629716396331787,5.637612015846737,5.2270296355204,5.234925631537163,246599144
2018-09-25,5.590237140655518,5.756049291141216,5.5428622943027195,5.700778448812047,208411558
2018-09-26,5.700778484344482,5.732362091945016,5.550758324876465,5.6691952532457615,130265644
2018-09-27,5.96134090423584,6.016611372248772,5.677091438377099,5.716570290314646,283217466
2018-09-28,6.103465557098389,6.1271531698822415,5.945549393545479,5.98502824618279,289885843
2018-10-01,5.811319828033447,6.13504811601365,5.803423832472081,6.103464886771766,205042130
2018-10-02,5.76394510269165,5.81131994752862,5.653403421570255,5.779736717637308,163029335
2018-10-03,5.5744452476501465,5.8665903071972565,5.566549628568712,5.795528229457181,175701416
2018-10-04,5.195446491241455,5.582341642983808,5.195446491241455,5.574445646835151,183578045
2018-10-05,5.329675674438477,5.369154904109126,5.163863512224688,5.171759508759553,176436987
2018-10-08,5.692882061004639,5.708673674324276,5.242820516642346,5.258612129961983,226312970
2018-10-09,5.70867395401001,5.835006866756549,5.582341041263471,5.7165695728057795,226617560
2018-10-10,5.5744452476501465,5.7797366147925215,5.566549628568712,5.7481533854632,153273152
2018-10-11,5.629716396331787,5.684986862441875,5.503383095576274,5.52707070712475,149133344
2018-10-12,5.700778484344482,5.961340705661649,5.30598771910866,5.74025771146879,183018371
2018-10-15,6.079777717590332,6.127152941391343,5.779737018028778,5.779737018028778,160708733
2018-10-16,5.992923736572266,6.150839886790826,5.97713212155041,6.0481942008978615,119406957
2018-10-17,6.20611047744751,6.2376937062180895,6.056089952536363,6.0876731813069425,148756329
2018-10-18,6.040298938751221,6.190319478579239,5.969236478700627,6.158736246668269,121901651
2018-10-19,5.86659049987793,6.0639858779202775,5.86659049987793,6.0560902585795215,131048615
2018-10-22,5.7797369956970215,6.063986078393896,5.732362148580876,5.969236384161604,100555007
2018-10-23,5.669195175170898,5.842903320323407,5.56654986376457,5.716570021166544,159292454
2018-10-24,5.6376118659973145,5.787632397811898,5.629716246692232,5.732361933170917,107110730
2018-10-25,5.700778484344482,5.708674480370069,5.558653944400239,5.5902371754989595,92733532
2018-10-26,5.456008434295654,5.7323622802397605,5.448112814512528,5.70867466788673,114565758
2018-10-29,5.456008434295654,5.456008434295654,5.456008434295654,5.456008434295654,0
2018-10-30,5.6376118659973145,5.684986711333214,5.495487329989615,5.503382949294696,126429303
2018-10-31,5.479695796966553,5.716570027194559,5.4560081856928475,5.669195181148958,120315451
2018-11-01,5.921861171722412,5.969236015915976,5.503382816593239,5.550758037288596,139616506
2018-11-02,6.0718817710876465,6.198214690417889,5.858694781466964,5.921861241132085,159323454
2018-11-05,6.364027500152588,6.403505974479405,6.142944504805353,6.1903193517008,166404171
2018-11-06,6.277173042297363,6.387714728096372,6.182423348614054,6.3719227359806725,149154762
2018-11-07,6.364027500152588,6.4745684330734825,6.245589818161247,6.277173049424879,136467182
2018-11-08,6.253485202789307,6.435088576547886,6.229797593406747,6.379818115491545,121522693
2018-11-09,6.174527645111084,6.277172956954895,6.135048418362212,6.229798110757334,77547877
2018-11-12,6.04819393157959,6.269276908542835,6.032402317260914,6.166631227220551,78945968
2018-11-13,6.20611047744751,6.25348532060338,5.992923494995203,6.048193957092825,78673619
2018-11-14,6.292964935302734,6.379819013258502,6.142944768608904,6.206111233848796,82414643
2018-11-15,6.182423114776611,6.379818490735006,6.150839884743412,6.2850688006354085,91143701
2018-11-16,6.269277572631836,6.324548416852797,6.206111108666066,6.237694340648951,64610200
2018-11-19,6.403505802154541,6.450881024276888,6.253485645940394,6.269277261147241,88033660
2018-11-20,6.253485202789307,6.450880567137444,6.166631137055628,6.371922120196767,114029492
2018-11-21,6.340339183807373,6.34823517946553,6.221902260949375,6.292964339363815,65786420
2018-11-22,6.285068511962891,6.356130964524597,6.269276897671598,6.348234969128059,47552490
2018-11-23,6.364027500152588,6.371922743215773,6.277173049424879,6.285069045491694,37278675
2018-11-26,6.379818916320801,6.616693533873057,6.364027676752598,6.419298144746786,162831883
2018-11-27,6.20611047744751,6.427193455343354,6.150839638848102,6.4035054690127415,146319425
2018-11-28,6.277173042297363,6.356131496868603,6.237694191513558,6.237694191513558,77398556
2018-11-29,6.395610332489014,6.506151258514901,6.37192234576611,6.450880795501957,94313872
2018-11-30,6.521943092346191,6.553526320877988,6.3640269496872115,6.4035054205992825,73293589
2018-12-03,6.48246431350708,6.648276462934321,6.458777078732794,6.624589228160034,97077054
2018-12-04,6.348235607147217,6.514047762121361,6.300860759512007,6.45877729479786,101850608
2018-12-05,6.150839805603027,6.237693875327708,6.063985735878346,6.2297978796701035,136741294
2018-12-06,6.103465557098389,6.174528018948115,6.024507475321934,6.11925717345368,93409405
2018-12-07,6.292964935302734,6.324548544424512,6.182423621132921,6.22190285015877,73626585
2018-12-10,6.198214530944824,6.332443819032336,6.174527297430749,6.237693755470668,80817695
2018-12-11,6.150839805603027,6.2850687197679544,6.103464961162782,6.214006264856688,99967069
2018-12-12,5.929757118225098,6.20611056198286,5.929757118225098,6.174527332782075,91774653
2018-12-13,6.040298938751221,6.111361022299992,5.953444862745143,5.953444862745143,104068479
2018-12-14,6.103465557098389,6.111361177025119,5.921861780761626,6.024507475321934,86423738
2018-12-17,6.079777717590332,6.21400663985562,6.048194486057537,6.135048561023632,72060829
2018-12-18,6.308755397796631,6.324547387720219,6.071881196469247,6.071881196469247,83937106
2018-12-19,6.561422824859619,6.569318067851881,6.3245482160084245,6.3245482160084245,79822213
2018-12-20,6.458776950836182,6.529839406755481,6.395610490686494,6.506151419446646,79726608
2018-12-21,6.411401748657227,6.490360200585487,6.300860443060186,6.458776970414903,105412045
2018-12-24,6.356131076812744,6.4587767597703865,6.340339085740685,6.435088773162298,42340332
2018-12-25,6.292964935302734,6.340339784232654,6.261381702682788,6.300860931708637,29771659
2018-12-26,6.332444190979004,6.356131425884389,6.30086058360214,6.340339433945052,16082017
2018-12-27,6.371922016143799,6.4429844666292535,6.332443546321697,6.435088471463415,59002583
2018-12-28,6.285068511962891,6.435088659479276,6.269276897671598,6.39561018850372,68281059
2018-12-31,6.277173042297363,6.316652269582983,6.261381426683479,6.300860653969098,22147672
2019-01-01,6.277173042297363,6.277173042297363,6.277173042297363,6.277173042297363,0
2019-01-02,6.095569133758545,6.292964512625751,6.071881899135492,6.261381282127143,66771138
2019-01-03,5.953444957733154,6.166631964784539,5.937653341525713,6.06398627118525,75968527
2019-01-04,6.32454776763916,6.33244376307527,6.00871510372865,6.00871510372865,110691734
2019-01-07,6.442984580993652,6.537734265654906,6.379818124552817,6.387714119858811,89859815
2019-01-08,6.474567890167236,6.553526338207297,6.395610195130743,6.482463885571956,93195318
2019-01-09,6.32454776763916,6.5140471400843944,6.2534853147213045,6.506151144648284,94059817
2019-01-10,6.229798316955566,6.356131620832341,6.18242346918996,6.300860776854888,98190638
2019-01-11,6.229798316955566,6.308756396564911,6.1745278494799365,6.2534859290892815,72845186
2019-01-14,6.442984580993652,6.442984580993652,6.119256303483483,6.174527141120103,92619032
2019-01-15,6.577214241027832,6.6009014766499625,6.466672553118484,6.498255784949206,89535815
2019-01-16,7.058858394622803,7.074650386323919,6.577213942792907,6.60879717319153,156534873
2019-01-17,7.279942035675049,7.35100449500976,6.948317727448826,7.0509634183763366,174210452
2019-01-18,7.208878517150879,7.382586641890432,7.185191285187517,7.327315429971217,94760426
2019-01-21,7.0035881996154785,7.248358809391705,6.979900964154436,7.224670820927025,98812613
2019-01-22,7.1378173828125,7.193087851907221,6.96410922608152,7.011484451736757,119487666
2019-01-23,7.050963401794434,7.19308756712598,6.995692181884287,7.161504335607455,95117015
2019-01-24,7.16150426864624,7.216775488039592,7.050963335866794,7.058858578919877,111761784
2019-01-25,7.208878517150879,7.303628198007855,7.1141288362939035,7.256252981077603,101126343
2019-01-28,7.019380569458008,7.335212902604193,6.987797336143389,7.232567206080763,91053599
2019-01-29,7.208878517150879,7.232565749114241,6.972003938506676,7.027274397422363,117759357
2019-01-30,7.232566833496094,7.311525289216946,7.153609130778882,7.193087605635668,125203683
2019-01-31,7.185192108154297,7.485232422065192,7.161504120474268,7.3667954956795025,106475891
2019-02-01,7.1062331199646,7.169399576346223,7.027274672985792,7.114129115263191,82096035
2019-02-04,7.066754341125488,7.145712793072474,7.035171110947414,7.137816797277054,53701285
2019-02-05,7.1378173828125,7.232567081119308,7.043067684505693,7.106234150043564,127570072
2019-02-06,7.04306697845459,7.216775117771733,7.003587753200205,7.169399896865752,106629725
2019-02-07,6.995692253112793,7.066754713003926,6.956213778065403,7.035171481163827,72058667
2019-02-08,7.0035881996154785,7.0904418983083906,6.948317732538501,6.979900964154436,92000308
2019-02-11,7.248358726501465,7.272045961691626,7.066754582033884,7.082546574163078,104522627
2019-02-12,7.193087100982666,7.327316014488691,7.090441416948436,7.272045551163947,116479660
2019-02-13,7.050963401794434,7.2562540301630305,7.043067405663893,7.240462790905586,82879699
2019-02-14,6.995692253112793,7.074650709214861,6.900942557592498,7.027275484952892,118937106
2019-02-15,7.0035881996154785,7.058858666692455,6.916734500922566,7.003588199615478,85107909
2019-02-18,6.782504558563232,7.114128817173098,6.76671256862775,7.011483141603042,143261264
2019-02-19,6.869358539581299,6.88515053019584,6.758817617293751,6.821984073744795,95078982
2019-02-20,6.798296928405762,6.948317845779158,6.7904016851258335,6.87725538523425,87063056
2019-02-21,6.853568077087402,6.932525780079298,6.782505617292147,6.798296856689069,68857813
2019-02-22,6.845671653747559,6.900942117693618,6.814088423920726,6.8851508792819995,52652896
2019-02-25,6.964108467102051,7.011483687594126,6.893046012865731,6.91673399961356,90399962
2019-02-26,6.987796306610107,7.027274777684138,6.924629849287376,6.940421087116275,69015062
2019-02-27,6.869358539581299,7.011483443097927,6.853567301970317,6.979900214872406,67760164
2019-02-28,7.050963401794434,7.0588586449213375,6.8456720204222,6.869359255810186,78863060
2019-03-01,6.932525634765625,7.090441790442955,6.869359172494693,7.058858559307489,83561072
2019-03-04,7.1299214363098145,7.153609425805185,6.956214031365794,6.9799012678574925,70156478
2019-03-05,7.011484146118164,7.295733228648656,6.893046463644401,7.098337844196017,171722847
2019-03-06,6.964108467102051,7.122025366739911,6.948317228940415,7.035170921338371,80457210
2019-03-07,6.91673469543457,7.224671024098797,6.908838699057626,6.948317927938688,103703919
2019-03-08,6.82198429107666,6.995691675349149,6.7746090707273385,6.940421212444592,60576125
2019-03-11,6.837775230407715,6.9088376813247665,6.821983992983675,6.877254453473138,45615296
2019-03-12,6.987796306610107,7.003587544439005,6.861462638961077,6.877254629793544,50639068
2019-03-13,7.20098352432251,7.216775516498207,6.9562136696282595,6.964108912712476,84083013
2019-03-14,7.169400691986084,7.287837627880865,7.137817458880565,7.232567158197124,53212932
2019-03-15,7.208878517150879,7.248357739092167,7.153608058235192,7.200982522161916,43227151
2019-03-18,7.469441890716553,7.501025124277573,7.23256726250705,7.2404632591482265,75355373
2019-03-19,7.516816139221191,7.579982598121909,7.358899238965812,7.4931281523807325,68944602
2019-03-20,7.429961681365967,7.524711369562559,7.398378451967102,7.445753672567191,47733174
2019-03-21,7.611566543579102,7.714212237199366,7.4773376175375,7.485232860890091,86237893
2019-03-22,7.303629398345947,7.840545097780115,7.272046166202976,7.730003408777889,149946434
2019-03-25,6.82198429107666,7.279941491437915,6.790401061844974,7.248358262206228,152140674
2019-03-26,6.719339370727539,7.019380458996619,6.71144337427222,6.995692469630665,134255877
2019-03-27,6.111361026763916,6.711443186514305,6.103465407031318,6.703547190279884,227988709
2019-03-28,6.269277572631836,6.379818884571933,6.016611340266933,6.071882184487894,291968196
2019-03-29,6.529839515686035,6.608797215688513,6.221902452566611,6.300860529070896,130891146
2019-04-01,6.32454776763916,6.58510959300225,6.292964162396502,6.58510959300225,164700307
2019-04-02,6.442984580993652,6.537734265654906,6.356130891638394,6.3719221292468236,113283698
2019-04-03,6.450880527496338,6.506150988213038,6.340338853059387,6.371922081040865,96212973
2019-04-04,6.798296928405762,6.814088920972919,6.419298142837781,6.474568610815532,107376643
2019-04-05,7.1378173828125,7.177296612024587,6.9167347534299495,6.97200522252467,118376951
2019-04-08,6.964108467102051,7.137816604901547,6.853567540959849,7.122025366739911,75385272
2019-04-09,6.948317050933838,7.17729564593831,6.940421055553513,7.114129188902839,71979926
2019-04-10,6.987796306610107,7.082545992594203,6.940421087116275,7.050962763932838,55968697
2019-04-11,6.987796306610107,7.066754001761736,6.900941863038676,6.972004315777641,62061138
2019-04-12,6.687755584716797,6.9009422003504906,6.6640675973102494,6.885150961749731,92926487
2019-04-15,6.671963691711426,6.821984602155499,6.616693226286565,6.624589222205436,109867986
2019-04-16,6.782504558563232,6.85356700726585,6.703546114892874,6.727234099796097,110598783
2019-04-17,6.869358539581299,6.932524996032344,6.798296087822985,6.845671306663047,147837080
2019-04-18,6.695651054382324,6.853567963762211,6.664067823107073,6.8219847324869605,97513559
2019-04-19,6.66406774520874,6.750922194953136,6.648276506257519,6.735130202998293,30504854
2019-04-22,6.553527355194092,6.616693822226986,6.545631358564059,6.608797825596953,24182366
2019-04-23,6.553527355194092,6.553527355194092,6.553527355194092,6.553527355194092,0
2019-04-24,6.703546524047852,6.735129752842991,6.537734384622476,6.553526375521831,90793418
2019-04-25,6.41929817199707,6.774609723331946,6.348235711129364,6.774609723331946,112097398
2019-04-26,6.450880527496338,6.506150988213038,6.308755625077908,6.435088537003823,100978373
2019-04-29,6.285068511962891,6.458776645668889,6.253485283380305,6.442984654875814,94112262
2019-04-30,6.48246431350708,6.521943540133303,6.308756168153872,6.308756168153872,134976039
2019-05-01,6.48246431350708,6.48246431350708,6.48246431350708,6.48246431350708,0
2019-05-02,6.32454776763916,6.5140471400843944,6.308755776766938,6.466671920471301,78301356
2019-05-03,6.427193641662598,6.47456810969003,6.300860346416191,6.356131186617856,75638585
2019-05-06,6.332444190979004,6.356131425884389,6.190319275539453,6.30086058360214,82450033
2019-05-07,6.135047912597656,6.166631140792354,6.08767307030561,6.119256298500307,119198228
2019-05-08,6.119256496429443,6.253485408849473,6.05609003799691,6.142944106592539,155096886
2019-05-09,6.000819206237793,6.174527343649637,5.992923587174595,6.119256504200089,108182886
2019-05-10,5.96134090423584,6.127153061278287,5.945549288160456,6.079777836550309,105984814
2019-05-13,5.70867395401001,6.0166106170805875,5.6691947305258275,5.977131770098183,132061701
2019-05-14,6.056090831756592,6.071882448434501,5.732362501608539,5.756049738374482,158333642
2019-05-15,6.02450704574585,6.087673506662944,5.866590516951309,6.0481942803388575,97325337
2019-05-16,5.992923736572266,6.198214731856394,5.937652895744869,6.079777430941574,115184686
2019-05-17,6.040298938751221,6.13504863448413,5.898174018650034,5.945549243018312,104027373
2019-05-20,5.913965225219727,6.071881750344852,5.8902779911771255,6.048194139800454,85500095
2019-05-21,5.76394510269165,5.985027711930844,5.756049106967923,5.945548862817601,111739853
2019-05-22,5.598132610321045,5.827111201082953,5.582340996354768,5.732361517285289,109200802
2019-05-23,5.661299705505371,5.716570172378037,5.550758395258222,5.590237246381294,140023299
2019-05-24,5.937653541564941,5.985028391783325,5.669195680492264,5.677091677112915,154107992
2019-05-27,5.8429036140441895,6.032403007552842,5.811320381792748,5.977132539363732,66096883
2019-05-28,5.985027313232422,6.03240215491347,5.906069243764007,5.92186085765769,110616422
2019-05-29,5.906069755554199,5.977132212484573,5.858694909767886,5.961340597222469,92029547
2019-05-30,6.229798316955566,6.245589932877436,5.9929240781275315,5.9929240781275315,133306280
2019-05-31,6.253485202789307,6.2692768168770865,6.111360299497509,6.198214365231188,107359365
2019-06-03,6.245589733123779,6.285068959916693,6.1429444211654625,6.221902498249479,35482721
2019-06-04,6.245589733123779,6.245589733123779,6.245589733123779,6.245589733123779,0
2019-06-05,6.245589733123779,6.245589733123779,6.245589733123779,6.245589733123779,0
2019-06-06,6.245589733123779,6.245589733123779,6.245589733123779,6.245589733123779,0
2019-06-07,6.608797550201416,6.616693546502415,6.300860847997182,6.332444456699348,99972979
2019-06-10,6.593005180358887,6.632483649088748,6.482463510106116,6.616692412197508,136595278
2019-06-11,6.514047145843506,6.679859285130574,6.4745679216316185,6.632484065475595,159516737
2019-06-12,6.450880527496338,6.56142220193329,6.411401304268602,6.482463755477817,114830246
2019-06-13,6.261381149291992,6.427193670644685,6.245589534377706,6.40350568352056,95802846
2019-06-14,6.229798316955566,6.34033962840865,6.166631853268091,6.324548388988603,108452853
2019-06-17,6.458776950836182,6.4824641851414135,6.190319118698208,6.198214737966018,122021626
2019-06-18,6.577214241027832,6.624589465275736,6.427194078082816,6.427194078082816,118826992
2019-06-19,6.727234840393066,6.750922074900476,6.5140474708155525,6.537734705322962,159693134
2019-06-20,6.82198429107666,6.987796432793914,6.790401061844974,6.829879533631896,194994198
2019-06-21,6.727234840393066,6.798296543915296,6.640380392193216,6.782505305244892,128745688
2019-06-24,7.058858394622803,7.114129612573099,6.924630230181364,7.02727516422418,184698033
2019-06-25,7.098337173461914,7.169399625630632,6.9720042598302205,7.003587488238145,175948210
2019-06-26,7.035171031951904,7.129920721422213,6.987796563718548,7.074650257482099,86244510
2019-06-27,7.050963401794434,7.122025860962025,7.019380170275908,7.0588586449213375,77221747
2019-06-28,7.185192108154297,7.216775338724055,7.050963189981921,7.090441663441409,102241512
2019-07-01,7.72210693359375,7.8089613813532575,7.4615450963224355,7.4615450963224355,133147788
2019-07-02,7.753690242767334,7.816856703779416,7.6431493124979974,7.714211769387493,108906580
2019-07-03,7.737899303436279,7.8247530024378165,7.714212067891068,7.808961763075556,88947000
2019-07-04,7.824751853942871,7.848439086011338,7.67473171350454,7.785272631826406,70028062
2019-07-05,7.982669353485107,8.014252585974521,7.7694827224324765,7.8168571946647685,134221855
2019-07-08,7.8484392166137695,7.927397662160613,7.761585528915076,7.785272761377712,127525673
2019-07-09,7.540503025054932,7.856335304982483,7.516815792311253,7.816856081740651,170328934
2019-07-10,7.745795249938965,7.801065716857844,7.516816633127506,7.548399864653099,169538737
2019-07-11,7.611566543579102,7.856336406593559,7.572087314801514,7.824753174172221,149046937
2019-07-12,7.319420337677002,7.730002296454141,7.279941114928315,7.611565381211621,166080452
2019-07-15,7.319420337677002,7.319420337677002,7.319420337677002,7.319420337677002,0
2019-07-16,7.193087100982666,7.4378576941417665,7.161503871510871,7.429961698522921,149437349
2019-07-17,7.508920669555664,7.516816665722211,7.090441908772387,7.200983596093116,217069902
2019-07-18,7.6747331619262695,7.722107635003999,7.477337767093831,7.516816996661053,155216365
2019-07-19,7.587878227233887,7.832648832694681,7.564190992190463,7.7457951355330446,138948537
2019-07-22,7.532607555389404,7.643149237578808,7.5010243251929465,7.579982777185893,73497762
2019-07-23,7.769482135772705,7.808961361654382,7.556294767813814,7.5720867593679255,118923520
2019-07-24,7.801064968109131,7.801064968109131,7.579982368649558,7.745794506495129,130950013
2019-07-25,7.6431498527526855,7.94319094027023,7.603670623578649,7.832649249183661,219934828
2019-07-26,7.753690242767334,7.85633593016287,7.619461324865758,7.690523781755253,111174301
2019-07-29,7.769482135772705,7.840544591759002,7.722106914113973,7.79316937010027,86331404
2019-07-30,7.69842004776001,7.824752974217027,7.627357588377027,7.793169742602773,70608364
2019-07-31,7.769482135772705,7.8168566044278345,7.706315675563464,7.761586139995649,82668599
2019-08-01,7.635253429412842,7.753690357309209,7.572086967467629,7.690523895363996,103049091
2019-08-02,7.5641913414001465,7.666837035331907,7.548400101643385,7.611566566677752,83672516
2019-08-05,7.572087287902832,7.666836984830263,7.524712062937289,7.572087287902832,83261549
2019-08-06,7.690524101257324,7.7300033292809385,7.611566398213737,7.627357637620998,92211715
2019-08-07,7.7615861892700195,7.8721278718397665,7.714211720314133,7.753690193442837,96398757
2019-08-08,7.62735652923584,7.832647882723382,7.524710852492069,7.824751887665353,109368982
2019-08-09,7.714211940765381,7.7694824071279305,7.5641910277761335,7.643149482297172,76565968
2019-08-12,7.714211940765381,7.714211940765381,7.714211940765381,7.714211940765381,0
2019-08-13,7.714211940765381,7.714211940765381,7.714211940765381,7.714211940765381,0
2019-08-14,7.714211940765381,7.714211940765381,7.714211940765381,7.714211940765381,0
2019-08-15,7.351004123687744,7.651044432161562,7.2799416679426185,7.651044432161562,113732836
2019-08-16,7.050963401794434,7.406274944628754,7.043067405663893,7.382587709240768,135353925
2019-08-19,6.908838748931885,7.145713370924568,6.90094275249794,7.129921378056679,79522005
2019-08-20,6.995692253112793,7.137817172895058,6.8851513181742705,6.916734550014369,122919086
2019-08-21,6.964108467102051,7.0667541506652265,6.91673399961356,7.027274925755761,87739185
2019-08-22,6.893044948577881,7.043065829469871,6.814087263953621,6.956212150482144,95924643
2019-08-23,7.153608798980713,7.153608798980713,6.8772549697791945,6.908838200001916,113669944
2019-08-26,7.1062331199646,7.114129115263191,6.972004211902761,6.979900207201354,105190949
2019-08-27,7.027275562286377,7.1220260118530225,6.972005094208877,7.114130015555194,113588119
2019-08-28,6.979900360107422,7.05885805581237,6.916733902342036,7.043066817872809,111268555
2019-08-29,7.035171031951904,7.098337491598777,6.948317338188353,6.9562133338951115,74999321
2019-08-30,7.035171031951904,7.035171031951904,7.035171031951904,7.035171031951904,0
2019-09-02,7.287836074829102,7.3431072857381166,7.043066258673155,7.0509622535178025,80554895
2019-09-03,7.374691486358643,7.429961951565737,7.216775333621505,7.264149802940839,108855876
2019-09-04,7.445754051208496,7.485232525211998,7.3983788281992195,7.4773372822134725,86244348
2019-09-05,7.437857627868652,7.5483993065367745,7.398378403129781,7.532607315439794,78483386
2019-09-06,7.256254196166992,7.406275114064798,7.224670963925926,7.398379117753619,110205737
2019-09-09,7.477337837219238,7.532608307329494,7.303629677296559,7.31152567388479,144513618
2019-09-10,7.477337837219238,7.548400300505955,7.422066614105302,7.445754603869995,81985880
2019-09-11,7.572087287902832,7.674732981158463,7.501024826956345,7.508920823284544,86734606
2019-09-12,7.635253429412842,7.737899118324717,7.548399732489081,7.587878206452121,164182888
2019-09-13,7.619461536407471,7.690523995269897,7.572087065834943,7.635253528600736,100585928
2019-09-16,7.485231876373291,7.564190323543227,7.453648648106029,7.54050309059367,109796933
2019-09-17,7.461544990539551,7.532607445697652,7.32731607590838,7.485232224591053,138436597
2019-09-18,7.477337837219238,7.540504303917724,7.366796143995046,7.422066614105302,94401454
2019-09-19,7.351004123687744,7.508920273674912,7.287836910689277,7.501024277924653,135662039
2019-09-20,7.3431077003479,7.4062741566645816,7.287836486318138,7.374690928506241,96991393
2019-09-23,7.358899116516113,7.398378340923037,7.303628654148565,7.335211883073389,69060151
2019-09-24,7.635253429412842,7.666836660385448,7.477337274549812,7.50102450952836,92364423
2019-09-25,7.706315994262695,7.714211990366295,7.57998306861964,7.603670303926805,85801239
2019-09-26,7.587878227233887,7.761586374560785,7.572086988206146,7.722107147485996,91460194
2019-09-27,8.164273262023926,8.18006450129674,7.627357572682735,7.627357572682735,192218801
2019-09-30,8.069523811340332,8.21164798110703,8.014252589705382,8.1958567413568,102564769
2019-10-01,7.90371036529541,8.116896961729088,7.8563351477526275,8.093209729459465,89442652
2019-10-02,7.832648754119873,7.982668911894765,7.824752758183401,7.903711211540892,97762138
2019-10-03,7.7615861892700195,7.97477355858233,7.7063157244869505,7.895815106317709,95063452
2019-10-04,7.880023002624512,7.92739822391042,7.793169308771208,7.8326485343422,105826696
2019-10-07,7.737899303436279,8.077418856263117,7.722107311070377,7.848440237983028,147318163
2019-10-08,7.603670597076416,7.745795520406111,7.47733766656276,7.745795520406111,196806508
2019-10-09,7.398378849029541,7.658940693805119,7.39837884902954,7.611566223666083,139988673
2019-10-10,7.335212230682373,7.48523238693371,7.208879308996276,7.429961921946945,164296579
2019-10-11,7.335212230682373,7.453649156512186,7.311524996117132,7.390482695669137,124594616
2019-10-14,6.608797550201416,7.272046179412222,6.600901553900418,7.200983718710543,220500989
2019-10-15,6.798296928405762,6.86935938895067,6.695651235730187,6.861463392667091,152679733
2019-10-16,6.711442947387695,6.727234939293874,6.506151570629085,6.521943562535264,31104780
2019-10-17,6.86146354675293,6.8772555396747235,6.687756142635203,6.766713848233169,13903256
2019-10-18,7.311525344848633,7.398379044399507,7.224670892294112,7.264150120454927,30579697
2019-10-21,7.193087100982666,7.319420771873433,7.169399867129717,7.319420771873433,30277026
2019-10-22,7.351004123687744,7.382587353685178,7.185191977950319,7.22467045069441,55513597
2019-10-23,7.587878227233887,7.6984199124425725,7.453649306981777,7.453649306981777,56337679
2019-10-24,7.666836261749268,7.785273183487521,7.619461041251815,7.643149028002333,68255043
2019-10-25,7.532607555389404,7.674732467775266,7.485232333592915,7.627357245978777,45599945
2019-10-28,7.477337837219238,7.477337837219238,7.477337837219238,7.477337837219238,45000
2019-10-30,7.303629398345947,7.406275091061518,7.256254173629665,7.295733402059292,60426926
2019-10-31,7.264150142669678,7.382587827514319,7.240462906902208,7.311525367208264,31726159
2019-11-01,7.311525344848633,7.358899816238693,7.248358880992789,7.27994211292071,32372403
2019-11-04,7.477337837219238,7.516817067156712,7.398379377344289,7.422066614105302,33364248
2019-11-05,7.453649997711182,7.540504455925243,7.437858757220067,7.461545994458587,23609629
2019-11-06,7.5010247230529785,7.5641911867962905,7.437858259309666,7.453649498743672,38134579
2019-11-07,7.682627201080322,7.722106424458638,7.572086279225302,7.579982274501676,52850692
2019-11-08,7.730002403259277,7.769481626553448,7.6905231799651075,7.706315170484197,44720051
2019-11-11,7.72210693359375,7.816856624146627,7.658940473225165,7.666836469022139,38024617
2019-11-12,7.7615861892700195,7.8168566540530895,7.737898954792077,7.737898954792077,35210009
2019-11-13,7.840545654296875,7.848440898140279,7.753691194986092,7.7615871918332004,37525305
2019-11-14,7.714211940765381,7.85633610469817,7.674732713504862,7.745795171973071,48407797
2019-11-15,7.8484392166137695,7.864231206924555,7.722106306141655,7.761585528915076,54365939
2019-11-18,8.022148132324219,8.06162735897221,7.880023217592897,7.903711205383862,62029517
2019-11-19,8.08531379699707,8.1011057873015,7.9905641141811135,8.030043336938649,36268845
2019-11-20,8.030043601989746,8.164272511993788,7.9826683825162625,8.045834839811862,39100730
2019-11-21,8.0458345413208,8.09320975903672,8.006356071728332,8.022147308964612,22684034
2019-11-22,8.022148132324219,8.156377051125219,7.982668905676228,8.085314593759557,29735762
2019-11-25,7.8484392166137695,8.093209795406148,7.777377519225863,8.06162656778812,55367597
2019-11-26,7.919502258300781,7.927398254045714,7.753690112675176,7.856335798348512,44355824
2019-11-27,7.90371036529541,7.9826680571953315,7.8563351477526275,7.8958143702043575,32325428
2019-11-28,7.943191051483154,7.974774284663848,7.9195030618448765,7.943191051483154,17507766
2019-11-29,7.935294151306152,8.045835078348905,7.903710921721996,7.982668619180592,38909564
2019-12-02,8.014252662658691,8.045835895450308,7.966878189973098,8.014252662658691,28135039
2019-12-03,7.8484392166137695,8.116897027868784,7.801064751688498,7.982668122241277,53003668
2019-12-04,8.0458345413208,8.061626531560622,7.8563351764642055,7.8563351764642055,39829366
2019-12-05,8.164273262023926,8.219543728984235,8.061627571237896,8.085314806648936,34854973
2019-12-06,8.180065155029297,8.322190084861127,8.140586677190408,8.148481920955968,40000441
2019-12-09,8.148481369018555,8.180064600952594,8.045835676982016,8.156377365252975,25038208
2019-12-10,8.187959671020508,8.219542899382066,8.109001976618393,8.13268920963867,21115507
2019-12-11,8.164273262023926,8.195856493573194,8.109002795063615,8.164273262023926,17909666
2019-12-12,8.353772163391113,8.361668159068149,8.211647253218844,8.21954324889588,53503235
2019-12-13,8.653812408447266,8.795937305256832,8.424833826367145,8.424833826367145,72801904
2019-12-16,8.630126953125,8.740667892950398,8.559064490092284,8.6853974230377,32234396
2019-12-17,8.598544120788574,8.716981062696005,8.598544120788574,8.677501831058958,26773114
2019-12-18,8.488001823425293,8.53537704864509,8.440626598205496,8.527481052274515,28751341
2019-12-19,8.503793716430664,8.543272191813209,8.480105727596758,8.511688959704983,13964449
2019-12-20,8.543272018432617,8.653813705069853,8.503793543851266,8.51958478308308,20929570
2019-12-23,8.582751274108887,8.582751274108887,8.495897575540553,8.582751274108887,14387935
2019-12-24,8.701189041137695,8.732772273012817,8.67750105247862,8.693293044918004,10611008
2019-12-25,8.685397148132324,8.709084384058935,8.645917919585537,8.685397148132324,5648311
2019-12-26,8.71697998046875,8.77225044609647,8.645917522945327,8.685396749680963,8952285
2019-12-27,8.732771873474121,8.75645910804582,8.653813420896975,8.732771873474121,11056952
2019-12-30,8.851208686828613,8.985437602701412,8.740667005226427,8.740667005226427,23068325
2019-12-31,8.780146598815918,8.890688285048727,8.732772128290167,8.874896292871055,20945380
2020-01-02,8.890687942504883,8.898583938289498,8.780146260531067,8.82752148223516,17530514
2020-01-03,8.645916938781738,8.795937839640235,8.582750481474024,8.78804184422588,43258585
2020-01-06,8.369564056396484,8.543271441228518,8.35377206522798,8.519584207479348,35766193
2020-01-07,8.361668586730957,8.511688747249545,8.345876594569194,8.47220951984877,22511490
2020-01-08,8.74856185913086,8.764353848585845,8.211646265717357,8.24322949162383,48344721
2020-01-09,9.427602767944336,9.474977989211979,8.961750315997769,9.001228788549941,53324062
2020-01-10,9.43549919128418,9.50656164990448,9.356541489597781,9.419707952148352,33321027
2020-01-13,9.632893562316895,9.7513312319008,9.51445664573654,9.51445664573654,33618732
2020-01-14,9.632893562316895,9.719748003945801,9.498664655257267,9.609206329601534,34794313
2020-01-15,9.58552074432373,9.680270444473098,9.482875047577663,9.57762474772703,23582327
2020-01-16,9.656580924987793,9.798705829199735,9.60920645891952,9.60920645891952,38957538
2020-01-17,9.609206199645996,9.751331100023155,9.546039744590267,9.71185187736244,17590235
2020-01-20,9.656580924987793,9.767122600819699,9.640789687299556,9.640789687299556,21382891
2020-01-21,9.85397720336914,9.885561187678302,9.553936882468415,9.561832125542074,28230961
2020-01-22,9.656580924987793,9.956621971099914,9.617102454265419,9.901351509685743,31688754
2020-01-23,9.5618314743042,9.727643615615998,9.506561011534792,9.601310698998166,51821295
2020-01-24,9.467082023620605,9.69606062896827,9.20652018832856,9.656581403286893,54363635
2020-01-27,9.293375015258789,9.388124708964456,9.190729325493407,9.190729325493407,28900698
2020-01-28,9.30126953125,9.388123975110318,9.22231183583575,9.364435988782828,34091668
2020-01-29,9.34864616394043,9.380229397480619,9.22231322977967,9.372333400844651,33232166
2020-01-30,9.553936958312988,9.617103421425501,9.269687121303043,9.293375109722964,41805045
2020-01-31,9.45129108428955,9.609207239009605,9.403915861371724,9.467082323259746,27562761
2020-02-03,9.332853317260742,9.443395001045179,9.277582851870331,9.443395001045179,25817994
2020-02-04,9.696061134338379,9.71974912278401,9.411812050023551,9.459186520907537,44702128
2020-02-05,9.790810585021973,9.893456273383137,9.680269653712735,9.696060892612504,38929607
2020-02-06,9.696061134338379,9.96451897935976,9.64079066730585,9.917144508475774,42817182
2020-02-07,9.459186553955078,9.711853160565749,9.451291310782588,9.69606116821349,34264288
2020-02-10,9.253894805908203,9.482873396314469,9.198623592359416,9.372331722220443,53927735
2020-02-11,9.427602767944336,9.451290755079954,9.056500005529456,9.451290755079954,80860929
2020-02-12,9.269685745239258,9.522352313185166,9.24599851333929,9.40391464767828,51803096
2020-02-13,9.21441650390625,9.277582965987579,9.159146037835995,9.222312499917322,25468141
2020-02-14,9.095978736877441,9.301269343207004,9.095978736877441,9.269686115079105,26528932
2020-02-17,9.269685745239258,9.285477735174918,9.143352837768065,9.19862329653583,25031946
2020-02-18,9.143353462219238,9.23020715378653,9.111770233194443,9.198623924761735,17263085
2020-02-19,9.024917602539062,9.214416998964175,8.953855140628729,9.17493776979136,30623464
2020-02-20,8.74856185913086,9.009123661110117,8.582749734871014,9.001227666382624,59786528
2020-02-21,8.740667343139648,8.96175071489108,8.574855190827888,8.606438422077575,43435284
2020-02-24,8.472208976745605,8.535376188339749,8.38535528443448,8.5116882016156,36641544
2020-02-25,8.456418991088867,8.582751926981292,8.393252523142655,8.559064689752386,35272578
2020-02-26,8.409041404724121,8.440624629837505,8.282708504270586,8.385354174139954,64497911
2020-02-27,8.08531379699707,8.322188380538734,8.014251346634216,8.259021925328096,54068103
2020-02-28,7.532607555389404,7.864231848954012,6.940421424453119,6.948317420253135,63232587
2020-03-02,7.5641913414001465,7.824753197917823,7.493128879985569,7.816857201537612,49362511
2020-03-03,7.895815849304199,7.974774308998713,7.658941223224338,7.706316449641782,63786628
2020-03-04,8.187959671020508,8.385355036531138,7.958981077148319,7.990564305509877,61321076
2020-03-05,8.164273262023926,8.3853558828688,8.116898038198205,8.33008541590849,60803736
2020-03-06,7.887918472290039,8.109001819541986,7.808960779417383,8.045834611038897,39411466
2020-03-09,7.2957329750061035,7.6747324915408095,7.279941736360779,7.65104450406741,51403039
2020-03-10,7.374691486358643,7.627357330738062,7.319421021151547,7.422065955677977,79720234
2020-03-11,7.374691486358643,7.374691486358642,7.374691486358642,7.374691486358642,0
2020-03-12,6.900942325592041,7.422066009936007,6.845671859980899,7.398378775103177,51964674
2020-03-13,7.1299214363098145,7.406275289726432,6.837776342899955,6.948318034867336,75830670
2020-03-16,6.466671943664551,6.766712994280746,6.403505485956255,6.750921756355458,82044485
2020-03-17,6.545630931854248,6.624589386999904,6.221902621163599,6.545630931854247,101789809
2020-03-18,6.379818916320801,6.727235222865083,6.371922920034874,6.427194141032713,82633412
2020-03-19,5.9771318435668945,6.466671886476979,5.969235848172292,6.253485281847672,127672345
2020-03-20,5.890278339385986,6.198215035656319,5.850799111645408,6.150840188268715,113739528
2020-03-23,5.463903903961182,5.787632190406269,5.337570987592716,5.582341201307512,214387493
2020-03-24,5.985027313232422,6.0008189271261045,5.692882267948401,5.756048723523133,140425492
2020-03-25,5.921861171722412,6.261381076693851,5.8823819466435445,6.12715253972965,165757354
2020-03-26,6.277173042297363,6.292964657911249,5.882382275448427,5.898173891062312,126319483
2020-03-27,6.214006423950195,6.435089036998254,6.135048347861603,6.316652111116268,118306327
2020-03-30,6.332444190979004,6.442985122539881,6.174527660101926,6.20611089097698,71490952
2020-03-31,6.450880527496338,6.585109434668511,6.403505309022345,6.4429845322500805,92031851
2020-04-01,6.166631698608398,6.466672393598861,6.150840083082585,6.308756238340723,85925736
2020-04-02,5.969236850738525,6.300861182974307,5.969236850738525,6.277173569313817,74772537
2020-04-03,5.953444957733154,6.000819806355481,5.898174112756192,6.000819806355481,71108960
2020-04-06,6.119256496429443,6.15083972564571,5.992923579564376,6.142944106592539,88211622
2020-04-07,6.174527645111084,6.364027406403138,6.1666316491605855,6.221902491308645,142574830
2020-04-08,6.214006423950195,6.221902419809957,6.111360736784122,6.150839963079322,86313638
2020-04-09,6.671963691711426,6.703546922383292,6.261381316475366,6.316652158402035,237147729
2020-04-10,6.814088821411133,7.058858678596501,6.600901442891322,6.695651137898913,211665732
2020-04-13,6.703546524047852,6.845671430127766,6.600900842212755,6.61669283311211,131514078
2020-04-14,6.782504558563232,6.861462249230065,6.703546114892874,6.790400553530974,129973609
2020-04-15,6.5061516761779785,6.790401511071612,6.490360437019239,6.782505514990427,118078660
2020-04-16,6.521943092346191,6.608796782557739,6.411401415983122,6.537734330110307,112249485
2020-04-17,6.624588966369629,6.782505113630373,6.59300573691748,6.72723465034001,118025219
2020-04-20,6.624588966369629,6.719338654726076,6.585109741303546,6.648276200207843,98842027
2020-04-21,6.458776950836182,6.593005866905169,6.45088095506657,6.553526641060713,78168368
2020-04-22,6.395610332489014,6.561422474531428,6.37192234576611,6.506151258514901,124457740
2020-04-24,6.41929817199707,6.5061518725000145,6.292964866398723,6.379818943403494,105456062
2020-04-27,6.6009016036987305,6.6324848361373405,6.498255910022334,6.514047902743468,142756168
2020-04-28,6.577214241027832,6.703547168350719,6.56931824481924,6.624589465275736,110124857
2020-04-29,6.640379905700684,6.671963133731225,6.561422212126106,6.608796677670142,90280619
2020-04-30,6.577214241027832,6.743026396390031,6.498255784949206,6.656172697106458,180482375
2020-05-04,6.435089111328125,6.498255572928616,6.3798186456786,6.490360329981269,78278742
2020-05-05,6.435089111328125,6.5377347996798285,6.419297872429811,6.506151568879583,92141039
2020-05-06,6.387714862823486,6.442985330386919,6.356131630929576,6.427194090941786,81630302
2020-05-07,6.340339183807373,6.450880864010804,6.285068720207453,6.364027170781846,141185727
2020-05-08,6.221902847290039,6.419298239324608,6.2061112309873465,6.379819010316962,111602500
2020-05-11,6.127152442932129,6.2771725922574815,6.10346483295867,6.229797748812351,95087338
2020-05-12,6.245589733123779,6.285068959916693,6.0955691984132425,6.1271528057486595,120610289
2020-05-13,6.229798316955566,6.332444385200448,6.221902697245543,6.237694313167412,80024531
2020-05-14,6.063985824584961,6.198214740713446,6.056090205313651,6.166631510624603,105103921
2020-05-15,6.079777717590332,6.166631792556428,6.063986101823935,6.158736172924138,61334550
2020-05-18,6.127152442932129,6.198214519848931,6.111360451948632,6.135048061922091,102470850
2020-05-20,6.095569133758545,6.158735971257568,6.063985903259937,6.142944356008264,86368909
2020-05-21,6.008715629577637,6.11136094371752,5.985028017698084,6.07977771221266,122324577
2020-05-22,5.953444957733154,6.000819806355481,5.929757721672906,5.969236573940597,64270652
2020-05-27,6.040298938751221,6.13504863448413,5.977132474929282,6.063986174433537,252970676
2020-05-28,6.150839805603027,6.206110645700878,6.0324025062515165,6.063985735878346,281631665
2020-05-29,6.198214530944824,6.261380988984744,6.127152453900809,6.135048072904905,206369937
2020-06-01,6.316651821136475,6.316651821136475,6.2297977531753475,6.261380982160887,146709914
2020-06-02,6.356131076812744,6.395610301489311,6.308755856600148,6.348235081276715,128128250
2020-06-03,6.474567890167236,6.5456303428025775,6.419297428341334,6.442984661551926,189218912
2020-06-04,6.427193641662598,6.498255343703747,6.419297645990161,6.498255343703747,120208638
2020-06-05,6.545630931854248,6.55352692796954,6.419298006024105,6.45088123748164,188596599
2020-06-08,6.529839515686035,6.640380446290227,6.521943519784703,6.545630754485084,159240250
2020-06-09,6.450880527496338,6.569317444175995,6.419297299514859,6.545630211440774,116327488
2020-06-10,6.474567890167236,6.537734347397858,6.450880656956645,6.474567890167236,126423599
2020-06-11,6.427193641662598,6.466672114017594,6.356131186617856,6.403505654645289,123730461
2020-06-12,6.435089111328125,6.458777099181023,6.3798186456786,6.395610637580532,103652403
2020-06-15,6.356131076812744,6.395610301489311,6.332443843208235,6.340339085740685,81818364
2020-06-16,6.48246431350708,6.54563077490759,6.450881082806826,6.474568317581112,154682117
2020-06-17,6.41929817199707,6.5140478688194605,6.403506179358178,6.4982558761805675,94913804
2020-06-18,6.435089111328125,6.46667234212837,6.411401876478845,6.427193868380778,94694263
2020-06-19,6.585109233856201,6.632483697881963,6.442984335771857,6.474567562790208,254788218
2020-06-22,6.727234840393066,6.8298797742597115,6.648276388030222,6.648276388030222,258322159
2020-06-23,6.679859638214111,6.7746093295287695,6.664067646493196,6.766713333668312,104643653
2020-06-24,6.466671943664551,6.656172069793014,6.450880705739263,6.656172069793014,136048787
2020-06-25,6.48246431350708,6.529839536059271,6.3877146214063165,6.442985086880858,123958350
2020-06-26,6.48246431350708,6.569318009681876,6.474568317581112,6.537734778981622,75056773
2020-06-29,6.719339370727539,6.7588186000004615,6.450881515276063,6.47456875163835,234603466
2020-06-30,6.695651054382324,6.81408873641724,6.687755811316235,6.790401501211709,160787753
2020-07-01,6.545630931854248,6.750922312830046,6.529839692627297,6.7351303205994615,152900934
2020-07-02,6.608797550201416,6.656172775003753,6.561423078402732,6.577214318001076,152268582
2020-07-03,6.490360736846924,6.608797671521478,6.450881507620851,6.608797671521478,105414002
2020-07-06,6.616693019866943,6.624589015539485,6.529839326479775,6.593005785852914,100735755
2020-07-07,6.577214241027832,6.648276700897867,6.545631009197111,6.608797472858554,182007268
2020-07-08,6.450880527496338,6.553526206687033,6.411401304268602,6.545630211440774,189268486
2020-07-09,6.261381149291992,6.4982553730062715,6.237693915171463,6.474568138885743,157475143
2020-07-10,6.158736228942871,6.2140066963770835,6.071882153186767,6.206111076672976,167971496
2020-07-13,6.292964935302734,6.3166525480186095,6.17452800122885,6.22190285015877,127583054
2020-07-14,6.229798316955566,6.308756396564911,6.214006701033698,6.261381548799305,113838012
2020-07-16,6.300860404968262,6.3719224841715665,6.245589564252981,6.245589564252981,121998067
2020-07-17,6.277173042297363,6.340339504752903,6.2534858071274435,6.308756273525133,125895948
2020-07-20,6.245589733123779,6.308756194790993,6.229798117706976,6.26927734449989,90541416
2020-07-21,6.277173042297363,6.411401963266292,6.221902575899674,6.292964657911249,292503185
2020-07-22,6.277173042297363,6.356131496868603,6.261381426683479,6.292964657911249,115952894
2020-07-23,6.292964935302734,6.364027773450361,6.2771733189927605,6.324548544424512,85154867
2020-07-24,6.237693786621094,6.269277015798777,6.20611055744341,6.253485401209935,52351258
2020-07-27,6.158736228942871,6.285069156223153,6.135048616826907,6.277173160017224,98366875
2020-07-28,5.850798606872559,6.135048043176612,5.842902987906722,6.119256428743153,160633122
2020-07-29,5.6060285568237305,5.874486386448276,5.590236941934156,5.858694771558702,212620363
2020-07-30,5.5428619384765625,5.613924391694784,5.495487095165011,5.606028396225298,89756060
2020-08-04,5.353363037109375,5.621820506205028,5.305987813120088,5.606028890375872,207326324
2020-08-05,5.361258506774902,5.4323209642688175,5.266508814450888,5.369154502719475,209649225
2020-08-06,5.1085920333862305,5.37704985829895,5.092800418773822,5.329675014461727,228192782
2020-08-07,5.179654598236084,5.211237828136771,4.926988382528788,5.092800527758295,223896497
2020-08-10,5.179654598236084,5.242821058037459,5.100696523484366,5.163862983285741,143398170
2020-08-11,5.5744452476501465,5.598132857898032,5.203342114779735,5.219133729444395,218156928
2020-08-12,5.590237140655518,5.684986833361114,5.479695832498989,5.606028756106451,217448417
2020-08-13,5.471799373626709,5.637611510085256,5.456007759511694,5.606028281855226,137057778
2020-08-14,5.337571144104004,5.45600806842142,5.321779152593095,5.416529219149548,96755913
2020-08-17,5.471799373626709,5.534966206588548,5.337570841899971,5.353362456014986,157756694
2020-08-18,5.621820449829102,5.669195296841492,5.471799912705624,5.47969590879193,193384390
2020-08-19,5.740257263183594,5.771840491815824,5.645507577286905,5.653403196194071,173091141
2020-08-20,5.6534037590026855,5.724466218750516,5.613924907533085,5.724466218750516,146774169
2020-08-21,5.582341194152832,5.819215412040112,5.574445198639029,5.684986500319759,248244921
2020-08-24,5.503383159637451,5.6139248461479925,5.503383159637451,5.5981332304324605,98527108
2020-08-25,5.353363037109375,5.558654042888404,5.329675425114732,5.53496680739558,129642492
2020-08-26,5.432320594787598,5.463903823414125,5.313883299187229,5.345466527813756,146999555
2020-08-27,5.503383159637451,5.574445618608254,5.471799928206387,5.503383159637451,160266650
2020-08-28,5.456008434295654,5.550758507205948,5.424425202159497,5.542862510920997,152532124
2020-08-31,5.361258506774902,5.4717998144862525,5.337571271944803,5.463904195043489,100745245
2020-09-01,5.416528701782227,5.432320315282977,5.290195417274456,5.369153861279974,117101307
2020-09-02,5.400737285614014,5.463903741924997,5.361258062168759,5.432320513769506,102278797
2020-09-03,5.337571144104004,5.45600806842142,5.337571144104004,5.416529219149548,111852950
2020-09-04,5.36915397644043,5.416528817958803,5.321778758420285,5.3296747535909,102534248
2020-09-07,5.392841815948486,5.408633431565394,5.337571349540217,5.38494619639094,87648158
2020-09-08,5.353363037109375,5.408633504260512,5.329675425114732,5.400737884596843,74582440
2020-09-09,5.345466613769531,5.361258228336726,5.313883384635142,5.337570994736828,78225029
2020-09-10,5.392841815948486,5.4560082784161175,5.329675353480855,5.353362965157125,212395046
2020-09-11,5.361258506774902,5.4323209642688175,5.353362887332139,5.408633352936909,69894660
2020-09-14,5.345466613769531,5.392841457471115,5.345466613769531,5.384945838438412,42167424
2020-09-15,5.321779251098633,5.377050092904471,5.305987635797223,5.361258477603061,69621715
2020-09-16,5.30598783493042,5.361258678810567,5.298092215234297,5.3375714432203765,54975760
2020-09-17,5.26650857925415,5.3059874277085015,5.250716964572051,5.274404198344303,62800164
2020-09-18,5.250716686248779,5.313883141628928,5.234925072403742,5.290195532610485,50383150
2020-09-21,5.116488456726074,5.282300612270581,5.084905224860627,5.258613000120585,88292410
2020-09-22,5.124383926391602,5.171759149304374,5.084905075966706,5.124383926391602,73979474
2020-09-23,5.187551021575928,5.250717486584162,5.116488560190749,5.1322801764428085,95851257
2020-09-24,5.5744452476501465,5.5744452476501465,5.163862889867189,5.163862889867189,599491241
2020-09-25,5.661299705505371,5.795528627627819,5.645508089755778,5.684986940878852,466913031
2020-09-28,5.527070045471191,5.692882176955468,5.511278431829916,5.669194568242672,254400080
2020-09-29,5.456008434295654,5.574445743057153,5.416529582376371,5.527070894852918,249093746
2020-09-30,5.6060285568237305,5.629716167408989,5.51127886748629,5.566549707850696,274335598
2020-10-01,5.621820449829102,5.700778528183086,5.590237218487508,5.653403681170696,260974731
2020-10-02,5.621820449829102,5.677091292927799,5.566549983232221,5.582341598903017,230041790
2020-10-05,5.661299705505371,5.677091321254964,5.621820477880481,5.645508089755778,103521468
2020-10-06,5.613924980163574,5.771841141088668,5.606028983866406,5.684987064328953,293637095
2020-10-07,5.527070045471191,5.598132495107815,5.49548681818864,5.574444886395018,227919840
2020-10-08,5.503383159637451,5.574445618608254,5.479695924315061,5.5665499990013965,112225616
2020-10-09,5.6060285568237305,5.6060285568237305,5.495487252596716,5.51127886748629,145667078
2020-10-12,5.6534037590026855,5.700778606667299,5.606028911338073,5.62971652342129,151549126
2020-10-13,5.590237140655518,5.645507982984688,5.582341521180957,5.637611987008316,111308189
2020-10-14,5.6376118659973145,5.653403481109281,5.566549786244366,5.598133016468299,142253844
2020-10-15,5.527070045471191,5.606028113677569,5.49548681818864,5.606028113677569,121086071
2020-10-16,5.661299705505371,5.684986940878852,5.550758395258222,5.558654014882109,169900747
2020-10-19,5.913965225219727,5.9376528357641245,5.708674232009399,5.716569851189667,373827158
2020-10-20,5.921861171722412,5.969236015915976,5.866590331912357,5.921861171722412,261573118
2020-10-21,5.945549011230469,6.008715472589857,5.8902781692901,5.985027861329182,195095247
2020-10-22,5.621820449829102,6.000819602430043,5.606028834158305,5.945549135833161,460367519
2020-10-23,5.5744452476501465,5.6218200916441265,5.511278788991505,5.598132857898032,159953885
2020-10-26,5.361258506774902,5.511279041205496,5.353362887332139,5.503383045260923,164744477
2020-10-27,5.440216541290283,5.471799771818677,5.321779238557902,5.3454668497051,168600614
2020-10-28,5.353363037109375,5.471799967577136,5.345467040943888,5.432321116255156,78185403
2020-10-30,5.2191338539123535,5.313883544159943,5.203342238871088,5.27440431830588,165510881
2020-11-02,5.227029323577881,5.321779011113614,5.219133704534132,5.24282093816717,171461779
2020-11-03,5.487590789794922,5.54286162545465,5.211237364499811,5.250716586614155,353351142
2020-11-04,5.471799373626709,5.598132663048608,5.416528912475046,5.479695368935106,413771423
2020-11-05,5.479695796966553,5.574445489057755,5.432320950920951,5.479695796966553,302368286
2020-11-06,5.503383159637451,5.54286238717719,5.456008312490855,5.479695924315061,254468194
2020-11-09,5.898173809051514,5.969236266576819,5.732362035662149,5.803424116685646,690428956
2020-11-10,6.127152442932129,6.135048061922091,5.7797365478327185,5.8034237813043905,539419871
2020-11-11,6.727234840393066,6.735130083226464,6.166631560525174,6.1982147908695895,190956784
2020-11-12,6.82198429107666,7.0430668956984706,6.656172149359407,6.711442612263965,104193969
2020-11-13,6.9720048904418945,7.0035881217064935,6.7825055028543035,6.853567961450558,569349318
2020-11-16,7.066754341125488,7.200983257633201,7.043067106742834,7.114129562894401,385669747
2020-11-17,6.66406774520874,7.035171273107723,6.66406774520874,7.01148403817908,527503329
2020-11-18,7.0035881996154785,7.011484195770372,6.474568505295834,6.727235111226954,875806240
2020-11-19,7.516816139221191,7.643149057022625,6.821984338309718,6.987796481174996,429230017
2020-11-20,7.477337837219238,7.572087537266968,7.4062753739325204,7.501025073980251,469210290
2020-11-23,7.122025966644287,7.4457542827638195,7.050963506422216,7.422066294020697,337983734
2020-11-24,7.153608798980713,7.429961875178627,7.066754351115525,7.232566498035714,555768630
2020-11-25,7.169400691986084,7.31942161399006,7.153609451935162,7.232567158197124,364963947
2020-11-26,7.382587432861328,7.382587432861328,7.1694000633395785,7.224670528176947,388001992
2020-11-27,7.248358726501465,7.508920572604127,7.224670738307673,7.414170878839852,353043738
2020-11-30,6.924630165100098,7.1694000101380455,6.908838173547403,7.106233549934472,268026401
2020-12-01,7.272045612335205,7.287836850702142,6.940421323589996,7.0351710128024,514317530
2020-12-02,7.279942035675049,7.38258772660256,7.248358804082248,7.272046039525939,303265706
2020-12-03,7.264150142669678,7.351004595489811,7.1772964428531925,7.279942135183756,302968759
2020-12-04,7.20098352432251,7.295733218365797,7.193087528234661,7.256253990930186,131523437
2020-12-07,7.04306697845459,7.169399896865752,7.0272749871514,7.106233437660171,158209906
2020-12-08,7.066754341125488,7.177296023250547,7.043067106742834,7.043067106742834,138328731
2020-12-09,7.327316761016846,7.453649691775188,7.114130128613058,7.122026125036371,489328007
2020-12-10,7.5010247230529785,7.595774418667947,7.319421328041866,7.343108563694697,515430134
2020-12-11,7.508920669555664,7.579983129047301,7.335212518909844,7.493128677222572,310847465
2020-12-14,7.651043891906738,7.7457943282121295,7.579982194183016,7.611565421950297,229037046
2020-12-15,7.619461536407471,7.706315987463162,7.611566293314471,7.6668367599836325,208518974
2020-12-16,7.682627201080322,7.785272880662522,7.611565502603618,7.698419191633071,239999991
2020-12-17,7.714211940765381,7.80106563833562,7.682627956554063,7.7615864110751005,177492922
2020-12-18,7.769482135772705,7.801065365877326,7.666836449681788,7.690523684009352,118604400
2020-12-21,7.69842004776001,7.714212040068956,7.477337426460228,7.690524051605536,185883846
2020-12-22,7.943191051483154,7.982669528206265,7.730003662760712,7.7536908993953135,250519256
2020-12-23,7.872127532958984,8.014251686712063,7.856335541984434,7.958981224308287,154849317
2020-12-24,7.856335639953613,8.132689461425803,7.7931691812748705,7.887918869292985,341960854
2020-12-25,7.785274028778076,7.911607712820173,7.761586792459288,7.85633649073811,77638014
2020-12-28,7.801064968109131,7.86423142509758,7.753689748866012,7.848439434348686,69278577
2020-12-29,7.887918472290039,7.895814467478369,7.7852727938523945,7.808960779417383,138511771
2020-12-30,8.187959671020508,8.195855666361787,7.93529384412804,7.951085081807039,188406544
2020-12-31,8.26692008972168,8.298503325614446,8.101107913033724,8.180065626263769,194474483
2021-01-04,8.156375885009766,8.298500779421518,8.148479890208332,8.21954233741421,131841519
2021-01-05,7.96687650680542,8.219542315757474,7.935293280686413,8.124792637400454,200649427
2021-01-06,8.211647033691406,8.24323026255162,7.9984604271358535,8.053730889390335,225358010
2021-01-07,8.306398391723633,8.361668860089434,8.203752698327392,8.314293635058993,162347598
2021-01-08,8.519584655761719,8.535376647761163,8.266918807799598,8.35377250478567,237594804
2021-01-11,8.243229866027832,8.495896437759107,8.180063411345897,8.424833987991047,149716522
2021-01-12,8.282710075378418,8.432730987876356,8.251126844274161,8.361668529640871,118236711
2021-01-13,8.290606498718262,8.385356196914602,8.21954403682009,8.337981724318265,122473499
2021-01-14,8.132689476013184,8.377459315581454,8.124793480413281,8.377459315581454,117879322
2021-01-15,7.919502258300781,8.077418408181453,7.864231794093445,8.014251948229184,142253685
2021-01-18,7.982669353485107,8.014252585974521,7.808961951295159,7.880023659643597,153201267
2021-01-19,8.014252662658691,8.140586346828828,7.982669429867074,8.05373189189913,116131950
2021-01-20,7.935294151306152,8.037939835705558,7.856335700843966,8.037939835705558,114317512
2021-01-21,7.935294151306152,8.164272754042186,7.911606917368932,7.958981385243372,232206974
2021-01-22,7.69842004776001,7.919502669059791,7.627357588377027,7.89581543360001,209832734
2021-01-25,7.540503025054932,7.785272853747896,7.524711034556778,7.745794383509616,129358749
2021-01-26,7.516816139221191,7.651044299632525,7.374691230192785,7.485232156767246,202388501
2021-01-27,7.193087100982666,7.4931281574665105,7.177295862748562,7.45364893237587,189065479
2021-01-28,7.414170265197754,7.414170265197754,7.082545987968233,7.11412921660897,255518336
2021-01-29,7.351004123687744,7.4615450521769615,7.22467045069441,7.2483584379451855,237175665
2021-02-01,7.485231876373291,7.54050309059367,7.351003720990094,7.422065419838765,162525674
2021-02-02,7.651043891906738,7.666835882292153,7.516815738648453,7.53260697603032,173228903
2021-02-03,7.974772930145264,7.974772930145264,7.6668358941839765,7.682627131590338,188357860
2021-02-04,7.832648754119873,8.030044134509984,7.824752758183401,7.982668911894765,141601521
2021-02-05,7.706315994262695,7.958981845548806,7.690524002055497,7.919502618034443,136562162
2021-02-08,7.769482135772705,7.872127821863623,7.666836449681788,7.753690144218593,149803327
2021-02-09,8.053730964660645,8.132689414050914,7.737898673106729,7.76948190226212,242762175
2021-02-10,8.03794002532959,8.132689716317312,7.958981573004685,8.132689716317312,126328276
2021-02-11,7.8484392166137695,8.030043340170092,7.840543974461919,8.022147345014698,115900007
2021-02-12,7.832648754119873,7.951085681152493,7.7694822926353275,7.8010655233776,153511688
2021-02-15,7.935294151306152,7.943190146953089,7.856335700843966,7.9273981556592155,94084359
2021-02-16,7.690524101257324,8.014252415644407,7.674732861850064,7.95108595200808,179626893
2021-02-17,7.540503025054932,7.73789838826054,7.532607029805854,7.714211155516861,185293465
2021-02-18,7.366796016693115,7.603670639220968,7.351004776793213,7.548400170065813,187758541
2021-02-19,7.453649997711182,7.49312922844451,7.264150593795641,7.366796292500816,175234466
2021-02-22,7.272045612335205,7.477336982130542,7.256253620964674,7.453648995074746,126629651
2021-02-23,7.248358726501465,7.390482890646061,7.232566734372271,7.311525189010981,143332203
2021-02-24,7.066754341125488,7.303628943962841,7.066754341125487,7.193087261837782,165832073
2021-02-25,7.169400691986084,7.224671161669826,7.011484526458485,7.200983925091604,147611241
2021-02-26,7.04306697845459,7.1220254289633615,6.9325252983430286,6.972004523597414,218008145
2021-03-01,7.319420337677002,7.319420337677002,7.058857768737082,7.177295436983144,194681438
2021-03-02,7.264150142669678,7.366795835000241,7.21677567113474,7.287837378437147,156318198
2021-03-03,7.256254196166992,7.461545582235751,7.2483589528594665,7.311525417341599,201891087
2021-03-04,7.422065734863281,7.437857726168972,7.185191889306642,7.216775118914433,139373118
2021-03-05,7.303629398345947,7.398379094774862,7.232566937773349,7.358899866345235,165444095
2021-03-08,7.1062331199646,7.3510037031960564,7.08254588707238,7.343107707897464,251186738
2021-03-09,7.122025966644287,7.224670905849895,7.07465074216169,7.16150444187553,273328024
2021-03-10,7.240462779998779,7.248358776117425,7.082546622644032,7.1141298541149816,335443963
2021-03-11,7.074650287628174,7.2799416588570836,7.058858296147366,7.272045663116679,139999432
2021-03-12,7.04306697845459,7.169399896865752,7.019379744503395,7.07465020805738,206973540
2021-03-15,6.88515043258667,7.05096256667087,6.87725443739134,7.02727458108488,143083195
2021-03-16,6.995692253112793,7.05885871679299,6.900942557592498,6.916734550014369,163080876
2021-03-17,6.908838748931885,7.1062341417585095,6.90094275249794,6.979901210830056,169018165
2021-03-18,7.1378173828125,7.264150313888243,6.940421989755735,6.956213982642035,395224269
2021-03-19,6.995692253112793,7.129921176684123,6.900942557592498,7.114129937265895,138991882
2021-03-22,6.300860404968262,6.442984939876671,6.300860404968262,6.395610471409001,142481284
2021-03-23,5.677090644836426,5.874486006437824,5.677090644836426,5.677090644836426,330241223
2021-03-24,5.684986591339111,5.827111500848756,5.574445287888562,5.684986591339111,993663283
2021-03-25,5.519175052642822,5.740258060269558,5.519175052642822,5.700778830746336,496703105
2021-03-26,5.432320594787598,5.6218199665467585,5.40863298506681,5.5981327333277555,455777816
2021-03-29,5.440216541290283,5.511278998230073,5.4165293066448905,5.448112537173285,278311837
2021-03-30,5.353363037109375,5.4481127320843115,5.305987813120088,5.432321116255156,275933869
2021-03-31,5.2823004722595215,5.39284178085861,5.258612860737381,5.353362930324128,433561192
2021-04-01,5.534965991973877,5.550757605476583,5.274403804426589,5.321778644934706,640050538
2021-04-02,5.550758361816406,5.629716440088669,5.527070750083819,5.574445597047177,342792396
2021-04-05,5.565699577331543,5.597964471201347,5.541500714615252,5.597964471201347,125722945
2021-04-06,5.476970672607422,5.614096657501959,5.476970672607422,5.565699318944097,174438671
2021-04-07,5.517301559448242,5.5253675896119,5.404374060134419,5.4769702547464725,170390517
2021-04-08,5.452772617340088,5.56569974937514,5.452772617340088,5.541500885910829,109008505
2021-04-09,5.3559770584106445,5.468904564748556,5.3317785817867,5.44470570349676,161767380
2021-04-12,5.339844703674316,5.404374488611019,5.315646226636981,5.355977149908492,121869310
2021-04-13,5.404374122619629,5.436639012902959,5.307579451769638,5.347910756937717,199621174
2021-04-14,5.638295650482178,5.638295650482178,5.468905142341018,5.476971173858268,218295459
2021-04-15,5.896414756774902,6.009341881966957,5.670560506390792,5.6866929528467995,803733708
2021-04-16,5.872215747833252,5.928679113004105,5.848016888025866,5.856083302837604,241399289
2021-04-19,5.646361351013184,5.9044808655255245,5.646361351013184,5.8964144504027125,168941412
2021-04-20,5.718957901000977,5.783487687448332,5.638295283313915,5.638295283313915,214478455
2021-04-21,5.614096164703369,5.718957248021419,5.565698830393767,5.702824803251551,170211412
2021-04-22,5.70282506942749,5.710891099874989,5.549566644646593,5.581831535692273,227724371
2021-04-26,5.759288311004639,5.759288311004639,5.654427609703997,5.694758530318757,146532173
2021-04-27,5.743156433105469,5.864149976156383,5.743156433105469,5.799620189096661,130270987
2021-04-28,5.743156433105469,5.815752635861591,5.727023986340538,5.743156433105469,117225835
2021-04-29,5.831884384155273,5.872215688551148,5.775420634926613,5.783487049656918,144520450
2021-04-30,5.815752029418945,5.87221577952233,5.79961958433624,5.8480169195843565,116784823
2021-05-03,5.944811820983887,5.944811820983887,5.799619809600111,5.81575225530942,135618450
2021-05-04,5.864149570465088,5.977076690007122,5.856083539954579,5.977076690007122,140612336
2021-05-05,5.848017692565918,5.896415034211118,5.807686382214311,5.880282586996051,139863758
2021-05-06,5.960944175720215,5.985143036228789,5.856083472523965,5.864149502941597,250932484
2021-05-07,6.227129936218262,6.275527658930056,5.920613461686632,5.977076830470637,307707789
2021-05-10,6.315858840942383,6.340057703291606,6.154534374040456,6.251329054181612,220249664
2021-05-11,6.1948652267456055,6.251328981821638,6.146467887235233,6.235196535318181,148512241
2021-05-12,6.1948652267456055,6.210997673249063,6.16260033373869,6.1787327802421474,40529800
2021-05-17,6.420719623565674,6.444918100106724,6.251328749266923,6.251328749266923,180378325
2021-05-18,6.517514705657959,6.565912431015625,6.461051333787139,6.469117749556041,219396958
2021-05-20,6.638507843017578,6.654640674501552,6.4449184807443665,6.517514683910758,213139762
2021-05-21,6.58204460144043,6.694972116293212,6.58204460144043,6.670773637844674,130864153
2021-05-24,6.517514705657959,6.6304422186553476,6.485249811838098,6.606242971348641,165921723
2021-05-25,6.291660308837891,6.614309239852867,6.291660308837891,6.5497794536498715,288262186
2021-05-26,6.557845592498779,6.557845592498779,6.340057380940377,6.412653195041279,246875676
2021-05-27,6.420719623565674,6.582044082598841,6.420719623565674,6.549779190792208,171710992
2021-05-28,6.436851978302002,6.50138214562916,6.388454641277517,6.428785563150666,203629130
2021-05-31,6.444918155670166,6.4610509863404175,6.396520817542968,6.4610509863404175,93763779
2021-06-01,6.533646583557129,6.573977118003577,6.452983976152963,6.477182450671958,191976349
2021-06-02,6.501382350921631,6.533647243290107,6.4287857661507735,6.452984627741059,174757975
2021-06-03,6.4852495193481445,6.565912134887723,6.3965208730313226,6.525580827117934,184131401
2021-06-04,6.533646583557129,6.557845058076125,6.461050390744506,6.477182450671958,131160813
2021-06-07,6.686905384063721,6.703038215103414,6.525580919945409,6.541712981729379,191740927
2021-06-08,6.694972038269043,6.735303348050421,6.646574312680238,6.694972038269043,142195041
2021-06-09,6.743368625640869,6.759501456373018,6.654640364381175,6.7030380873219135,139334191
2021-06-10,6.840163707733154,6.864362955265845,6.743369025369658,6.759501857058118,189586218
2021-06-11,6.824031352996826,6.89662755397377,6.824031352996826,6.856296245735943,139556198
2021-06-14,6.743368625640869,6.880494609841302,6.735302979530503,6.872428963730935,111393418
2021-06-15,6.79176664352417,6.815965121417539,6.694971962694948,6.7030383784113186,145948388
2021-06-16,6.743368625640869,6.799832763947682,6.719170148798354,6.783699933215533,112342242
2021-06-17,6.606242656707764,6.783699948892972,6.573977764424608,6.711103748941945,169110152
2021-06-18,6.58204460144043,6.703038532194646,6.55784612299189,6.6465743901403735,111684680
2021-06-21,6.606242656707764,6.606242656707764,6.48524950295986,6.565912118295603,126464168
2021-06-22,6.711103916168213,6.727236747339641,6.614309236906832,6.64657412999396,106167026
2021-06-23,6.670773029327393,6.75950128838196,6.606242477258256,6.751434873216357,143880998
2021-06-24,6.727236270904541,6.783699637494242,6.6788385500736,6.694971380102472,120621081
2021-06-25,6.614308834075928,6.767567643847665,6.614308834075928,6.751434813658773,80946889
2021-06-28,6.598176956176758,6.703038047546359,6.549779233523209,6.670773155529228,134404756
2021-06-29,6.654640197753906,6.654640197753906,6.533647047315203,6.590110414952505,128762737
2021-06-30,6.694972038269043,6.743368994602096,6.646574312680238,6.66270714429509,174157753
2021-07-01,6.815964221954346,6.815964221954346,6.686904664546624,6.70303749385041,127515044
2021-07-02,6.775633335113525,6.824031056748998,6.743368443775106,6.8159646416004716,65620761
2021-07-05,6.969223499298096,6.969223499298096,6.751434904356424,6.775633380709157,121302067
2021-07-06,6.945024490356445,7.074084830232314,6.928892428656787,6.953090905834134,178972977
2021-07-07,7.041818618774414,7.082149923759665,6.961156778059572,6.969223192907754,163838142
2021-07-08,6.904693603515625,7.041818813447283,6.888560773373264,7.017620337489423,111730496
2021-07-09,6.880494594573975,6.936958732755498,6.840163287088803,6.904693840618502,96401249
2021-07-12,6.969223499298096,7.082150235114643,6.880494470578588,6.880494470578588,165435479
2021-07-13,6.815964221954346,6.98535508336589,6.775632917950523,6.969223023317746,139847060
2021-07-14,6.799832820892334,6.888561082895076,6.791766405458708,6.8240312979374975,126804095
2021-07-16,6.735302925109863,6.840163246998736,6.719170094508066,6.8320976009535395,68323838
2021-07-19,6.670773029327393,6.743368458050753,6.654640198996186,6.703037920734117,26677556
2021-07-26,6.573977947235107,6.703038289212375,6.485249683302985,6.678839042385288,139400809
2021-07-27,6.614308834075928,6.638507310103582,6.53364699089852,6.549779051831728,106196993
2021-07-28,6.614308834075928,6.662706555386919,6.598176773142719,6.598176773142719,84218170
2021-07-29,6.727236270904541,6.735302685918977,6.622375183483899,6.670772904314839,172520404
2021-07-30,6.8724284172058105,6.8724284172058105,6.694971139542882,6.70303755426748,182851576
2021-08-02,6.896628379821777,6.945025340097964,6.815965753687046,6.904694796286413,113667361
2021-08-03,7.1466803550720215,7.154746770655027,6.888561210461699,6.888561210461699,210117644
2021-08-04,7.34027099609375,7.372535891426338,7.138615207951128,7.138615207951128,261835298
2021-08-05,7.469330310821533,7.485462373284134,7.235409635695646,7.275740945735784,250319007
2021-08-06,7.445129871368408,7.566123782119152,7.420931396920513,7.461262700504094,235359326
2021-08-09,7.372535228729248,7.5419261063131975,7.340270336296863,7.420932182749968,157522857
2021-08-10,7.348336219787598,7.428998838101525,7.291872848521291,7.356402635470138,168545356
2021-08-11,7.219275951385498,7.420931708515013,7.219275951385498,7.332203452310066,184948064
2021-08-12,7.493528366088867,7.541926089255843,7.283806181124831,7.291872596528612,208466062
2021-08-13,7.477396488189697,7.590323229593384,7.4289987638340245,7.5015949657396686,127527871
2021-08-16,7.58225679397583,7.6548529956898355,7.501594945936947,7.509661361517555,164627792
2021-08-17,7.6306538581848145,7.638720273067711,7.477395821688091,7.582256138143097,214807185
2021-08-18,7.598389148712158,7.6951838218431545,7.533859366624828,7.679051760949163,151228895
2021-08-19,7.493528366088867,7.566124566211474,7.461263473729455,7.533859673852061,120897422
2021-08-20,7.5580573081970215,7.566123722701518,7.469329056414443,7.5015939451768014,122206058
2021-08-23,7.703249454498291,7.719381513753748,7.606454791198737,7.622586850454194,158260891
2021-08-24,7.703249454498291,7.735514342264809,7.654851738220713,7.727447928009279,125553324
2021-08-25,7.687117576599121,7.79197866712164,7.679051930601772,7.6951839918521685,170572362
2021-08-26,7.614521503448486,7.735515426473115,7.614521503448486,7.695184118798239,126848935
2021-08-27,7.71131706237793,7.727449124130447,7.6064559685915425,7.630654445848179,112793560
2021-08-31,7.969437122344971,7.993635602388671,7.775847743483752,7.775847743483752,196195556
2021-09-01,7.929104804992676,8.009767420594587,7.921038389581342,8.001701005183252,132109808
2021-09-02,7.953303337097168,8.03396595325817,7.929104859951155,7.937171275418399,99152733
2021-09-03,7.921038627624512,7.977502767944995,7.87264167221351,7.9694363522912495,108906612
2021-09-06,7.993635177612305,8.042032904383692,7.929105388087634,7.93717180409216,114196979
2021-09-07,7.848442077636719,8.001700891246951,7.816177185706517,7.96943599931675,110634071
2021-09-08,7.590323448181152,7.904906742413139,7.582257032346953,7.8484426008294985,219483007
2021-09-09,7.71131706237793,7.71131706237793,7.525793352061791,7.5661246603266665,196660038
2021-09-10,7.654853343963623,7.832310648532129,7.606456386789517,7.751648027567599,177312451
2021-09-13,7.574191093444824,7.687117833742224,7.558058262399068,7.679052187475071,158562007
2021-09-14,7.71131706237793,7.735515539634567,7.549991829318427,7.6064559685915425,223700479
2021-09-15,7.606456756591797,7.735516341004908,7.5741918604885194,7.679052965138123,145167979
2021-09-16,7.662919044494629,7.7677801342562915,7.622587737777729,7.646786214105592,176800041
2021-09-17,7.574191093444824,7.743581973146648,7.54999184687619,7.735515557623771,152127066
2021-09-20,7.3241376876831055,7.525793462716794,7.316071272060382,7.501594985104357,139936918
2021-09-21,7.4048004150390625,7.461263786722693,7.348336274099687,7.4048004150390625,149526413
2021-09-22,7.646785259246826,7.646785259246827,7.445129520098896,7.445129520098896,139181718
2021-09-23,7.4048004150390625,7.711317289939441,7.396733999296902,7.69518445845512,354905496
2021-09-24,7.114415168762207,7.364468656738847,7.0821502770157725,7.356402241488314,239336274
2021-09-27,7.195077419281006,7.219275894554468,7.098282748931498,7.178944589594925,166162952
2021-09-28,7.130547523498535,7.211209362854849,7.106349048617205,7.1628124130921895,159299932
2021-09-29,7.308005332946777,7.3241373942902674,7.178944995920345,7.178944995920345,187861646
2021-09-30,7.453197002410889,7.4693298330974205,7.235409172932654,7.32413743394146,249317224
2021-10-01,7.485461711883545,7.501594542176437,7.38060062274681,7.396733453039702,164277487
2021-10-04,7.437065601348877,7.574191597337575,7.437065601348877,7.493528975253949,164612907
2021-10-05,7.485461711883545,7.509660957322883,7.388667037893256,7.445130405407003,162815555
2021-10-06,7.437065601348877,7.509661807372985,7.364469395324769,7.445131248152619,154556172
2021-10-07,7.574191093444824,7.598389570757735,7.4773964149374565,7.541926200609035,177561053
2021-10-08,7.501594066619873,7.630653623758648,7.485461237349707,7.574190259824344,161841619
2021-10-11,7.614521503448486,7.638720749606839,7.5177268265822095,7.525793241968327,144311226
2021-10-12,7.662919044494629,7.7274488275393916,7.558057954732966,7.58225643106083,192434349
2021-10-13,7.566124439239502,7.7032504217797335,7.525793132153134,7.69518400651132,161036717
2021-10-14,7.469330310821533,7.598389887545366,7.461263894962355,7.53386009918345,158680320
2021-10-15,7.203144073486328,7.517726570261968,7.1708791822976545,7.501594509295474,329506686
2021-10-18,7.098282814025879,7.2192759607584085,7.05795150869648,7.211209545841395,240099859
2021-10-19,7.283806324005127,7.316071216997453,7.146680336473811,7.146680336473811,203568437
2021-10-20,7.348336219787598,7.380601113262021,7.219276645889905,7.27574078641195,198220752
2021-10-21,7.2515411376953125,7.437064841838735,7.146680047397847,7.3483358127570435,478944606
2021-10-22,7.35640287399292,7.404800600401664,7.235409711854706,7.283806669007685,376782530
2021-10-25,7.3241376876831055,7.372535412163714,7.2192765923549,7.267674316835508,426474663
2021-10-26,7.453197002410889,7.501594725214778,7.356402326058817,7.356402326058817,272365102
2021-10-27,7.71131706237793,7.727449124130447,7.469329982044398,7.493528459301035,306391488
2021-10-28,7.945237636566162,7.945237636566162,7.638720774207936,7.7113169744053724,196122762
2021-11-01,8.17109203338623,8.195290510811237,7.937171366929223,7.985568321779237,270286644
2021-11-02,8.195289611816406,8.332415584275415,8.138826247599983,8.195289611816406,340278304
2021-11-03,8.372747421264648,8.388879482386475,7.7919786050207565,8.171091657079822,447246852
2021-11-04,8.429211616516113,8.566337611163028,8.421145200535527,8.509874237810452,252085325
2021-11-05,8.558270454406738,8.598601761562962,8.372747518446088,8.429210886911383,299894438
2021-11-08,8.695396423339844,8.71959566914847,8.50987348767458,8.590535332602899,295234195
2021-11-09,8.534072875976562,8.792192038132807,8.534072875976562,8.671198873186013,319142683
2021-11-10,8.655065536499023,8.727661738938446,8.509873900875915,8.53407237860381,349619162
2021-11-11,8.55020523071289,8.695396866688979,8.461476196735335,8.606668601967161,331517127
2021-11-12,8.534072875976562,8.622801145653826,8.501807980707031,8.590536250384295,186583443
2021-11-15,9.381026268005371,9.381026268005371,9.381026268005371,9.381026268005371,14837964
2021-11-16,9.735940933227539,10.082789125299692,9.719808870640055,9.856934864284591,332518764
2021-11-17,9.598814010620117,9.77627129744288,9.590748364734841,9.744006406134714,238391959
2021-11-18,9.873066902160645,10.115053994413316,9.558484374562354,9.606881331459432,585903143
2021-11-19,9.719808578491211,9.937596417038627,9.719808578491211,9.889199461475085,178007663
2021-11-22,9.631078720092773,9.8166024185538,9.614946659371109,9.792403942843464,150631736
2021-11-23,9.332629203796387,9.687543805537395,9.324563557272624,9.631079664336564,397787117
2021-11-24,9.542351722717285,9.606881512634187,9.38102724792503,9.405225726829924,420541692
2021-11-25,9.469754219055176,9.590748135510747,9.453622158414502,9.574615305614405,163524304
2021-11-26,9.227767944335938,9.397158826451427,9.195503051040403,9.397158826451427,169002203
2021-11-29,9.195502281188965,9.292297722227547,9.163237390594661,9.251966416670749,185822456
2021-11-30,9.21163558959961,9.340695158680646,9.163237866566366,9.163237866566366,245035471
2021-12-01,9.389093399047852,9.510086559414052,9.268099469425897,9.276165885251844,334426883
2021-12-02,9.397157669067383,9.461687447710759,9.38102560903436,9.421356913000379,169697906
2021-12-03,9.405224800109863,9.477820998927239,9.389092738848058,9.42135763062737,150813859
2021-12-06,9.550416946411133,9.590748252387819,9.389092491760069,9.429423028481077,248004252
2021-12-07,9.542351722717285,9.647212823646194,9.493954764907496,9.639146407592639,251790326
2021-12-08,9.66334342956543,9.70367473449673,9.566548759283707,9.58268158895849,410614582
2021-12-09,9.566549301147461,9.719808114716077,9.558483655108878,9.679476807500352,277325529
2021-12-10,9.461688995361328,9.58268292705039,9.421358454054074,9.566550095122876,151096196
2021-12-13,9.614948272705078,9.71174296104369,9.364894750888478,9.46168943922709,330074543
2021-12-14,9.808537483215332,10.010193272818462,9.62301452602323,9.63914658917847,678063044
2021-12-15,9.67141056060791,9.985993839261354,9.66334414517317,9.937596115908626,348352820
2021-12-16,10.010191917419434,10.026324747646047,9.711741481528252,9.744006372725794,374121222
2021-12-17,9.381026268005371,10.953941079124537,9.20356897964277,10.123119543788228,656202412
2021-12-20,9.340693473815918,9.631077451869084,8.776057576306977,9.19550110016155,285157157
2021-12-21,9.179370880126953,9.985993972202197,8.864787597285547,9.953729079289415,500717974
2021-12-22,9.582682609558105,9.687543705845409,8.9777152789238,8.9777152789238,444475907
2021-12-23,9.469754219055176,9.74400617324767,9.364893132495949,9.703674867762478,343875872
2021-12-24,9.453621864318848,9.493953168549359,9.381025670555054,9.469753924457665,151162138
2021-12-27,9.413290977478027,9.54235054133371,9.413290977478027,9.453622283496848,202712855
2021-12-28,9.06644344329834,9.43749009941048,9.026112134518726,9.397158790630865,182499858
2021-12-29,9.227767944335938,9.284232084544923,8.985781629247297,9.034178584562731,162409388
2021-12-30,9.243901252746582,9.40522572755121,9.219702773839831,9.251967668800757,235220932
2021-12-31,9.090642929077148,9.235834567542259,9.034178787599172,9.195503257702493,140695710
2022-01-03,9.243901252746582,9.308431042668433,9.106775256848705,9.106775256848705,169236298
2022-01-04,9.219701766967773,9.364893393807856,9.139039153746634,9.268098719495903,183862957
2022-01-05,9.235833168029785,9.27616447175812,9.203568278898242,9.219701108091831,164659874
2022-01-06,9.260031700134277,9.332627893445487,9.163237032137877,9.179369861431764,223955311
2022-01-07,9.477821350097656,9.502019827514813,9.260032745576067,9.260032745576067,388789472
2022-01-10,9.469754219055176,9.614946611099594,9.469754219055176,9.542350415077385,226449293
2022-01-11,9.502019882202148,9.606880977287641,9.421358033928817,9.526219129014308,230410361
2022-01-12,9.558484077453613,9.61494744849706,9.518152768455836,9.574616139499282,166235208
2022-01-13,9.582682609558105,9.639145980922137,9.542351300331337,9.55041771602784,177638969
2022-01-14,9.566549301147461,9.574615716441746,9.469754625383143,9.566549301147461,118345939
2022-01-17,9.67141056060791,9.719808283960639,9.631079252689922,9.695609806912131,206368074
2022-01-18,9.29229736328125,9.768204288849805,9.29229736328125,9.647211146108852,314908728
2022-01-19,9.703676223754883,9.711742639830257,9.39715933619268,9.413292168343427,266284829
2022-01-20,9.631078720092773,9.808536003565129,9.477820681586426,9.735939807178454,316515563
2022-01-21,9.623013496398926,9.64721197317054,9.526218820056764,9.598814250371605,156826318
2022-01-24,9.421357154846191,9.735939641494051,9.405224325143397,9.614946495745745,231715124
2022-01-25,9.550416946411133,9.5665490072484,9.421357382690282,9.485887164550707,129484465
2022-01-26,9.534284591674805,9.598814376752532,9.518152530033232,9.55848383802074,86605730
2022-01-27,9.614948272705078,9.614948272705078,9.445557375798558,9.46168943922709,99329314
2022-01-28,9.518152236938477,9.65527821832002,9.493953760593408,9.623013326774698,124394141
2022-01-31,9.606881141662598,9.614947557404667,9.550417769979596,9.574616247950061,133263397
2022-02-01,9.631078720092773,9.735939807178454,9.623013074359777,9.647211550070113,150576827
2022-02-02,9.913397789001465,9.937596266416465,9.695609953755016,9.695609953755016,287602316
2022-02-03,9.631078720092773,9.8166024185538,9.60688024438244,9.76013905214446,156869217
2022-02-04,9.623013496398926,9.65527838851298,9.566549358257552,9.6391455578281,72306695
2022-02-07,9.631078720092773,9.647211550070113,9.526218402262767,9.614946659371109,85793003
2022-02-08,9.679475784301758,9.74400556132332,9.614946007280196,9.623012421721796,136183116
2022-02-09,9.703676223754883,9.7359411188006,9.671411328709166,9.71980905590563,100967611
2022-02-10,9.655277252197266,9.73593908836157,9.639144423411034,9.703674200044725,86043561
2022-02-11,9.631078720092773,9.647211550070113,9.534284047995763,9.590748183660775,79761374
2022-02-14,9.52621841430664,9.582681780787365,9.461687863571376,9.558483305046435,86728225
2022-02-15,9.598814010620117,9.647211732210213,9.518152166977544,9.534284228003784,89179142
2022-02-16,9.550416946411133,9.623013143318031,9.534284116318187,9.606880313225085,68067877
2022-02-17,9.518152236938477,9.631078972719259,9.518152236938477,9.574615604828868,115007865
2022-02-18,9.550416946411133,9.5665490072484,9.477820749504234,9.550416946411133,64111005
2022-02-21,9.518152236938477,9.614946911574444,9.502019406537968,9.598814081173936,83890434
2022-02-22,9.429423332214355,9.477821054796465,9.38102637888795,9.437489747520658,76636086
2022-02-23,9.381026268005371,9.461688112347868,9.381026268005371,9.453622466392604,63342351
2022-02-24,8.88092041015625,9.268099124315567,8.800257793411863,8.953516611375054,191408283
2022-02-25,9.179370880126953,9.235834250410388,8.929317383111108,8.929317383111108,144311434
2022-02-28,8.937383651733398,9.074509636672461,8.929317236323874,9.001913436498167,144868945
2022-03-01,9.372960090637207,9.542350968087217,9.018046274161609,9.018046274161609,283856942
2022-03-02,9.372960090637207,9.510086075680345,9.332628782814687,9.40522498304408,111799250
2022-03-03,9.502019882202148,9.558484022174786,9.397158787116657,9.461688573437616,154531936
2022-03-04,9.558484077453613,9.647212341844135,9.381026779416835,9.437490150460281,147460939
2022-03-07,9.477821350097656,9.655278646086833,9.421357979705716,9.55848396716248,159389609
2022-03-08,9.356827735900879,9.54235066911381,9.356827735900879,9.453622410088803,206245450
2022-03-09,9.550416946411133,9.574615422294873,9.413290967643809,9.445555858574021,180863274
2022-03-10,9.453621864318848,9.5907478371492,9.429422620227152,9.582681422451968,158601796
2022-03-11,9.493953704833984,9.534284242086999,9.413291091816575,9.429423152866644,174683696
2022-03-14,9.566549301147461,9.590748547030318,9.477821040677428,9.502019517304582,146919335
2022-03-15,9.574615478515625,9.66334373678079,9.542350587395957,9.542350587395957,157521445
2022-03-16,9.566549301147461,9.623013438951757,9.558483655108878,9.5988141930689,82785755
2022-03-17,9.566549301147461,9.647211915578913,9.550417239814593,9.5988141930689,254127349
2022-03-18,9.542351722717285,9.582683033729293,9.51815324381239,9.56655020162218,82583750
2022-03-21,9.542351722717285,9.574616617675737,9.51815324381239,9.56655020162218,139554145
2022-03-22,9.623013496398926,9.6391455578281,9.534284466143498,9.542350881485937,167530701
2022-03-23,9.81660270690918,9.832734768104713,9.679476725096524,9.679476725096524,327815783
2022-03-24,9.719808578491211,9.784338365413092,9.69561010070944,9.776271949733923,157500927
2022-03-25,9.752073287963867,9.800470242614324,9.703675564057686,9.711741979584671,109428624
2022-03-28,9.760139465332031,9.808536418801545,9.760139465332031,9.800470003471391,80986012
2022-03-29,9.768204689025879,9.800469579695646,9.735939798356112,9.768204689025879,126715382
2022-03-30,9.832735061645508,9.856934308044782,9.776271691891976,9.784338107358401,176665611
2022-03-31,9.840801239013672,9.921463853214844,9.784337870626272,9.848867654284929,253516104
2022-04-01,10.04245662689209,10.115052823086804,9.881132173823655,9.92146347940468,473620260
2022-04-04,10.187649726867676,10.19571614239527,9.994060369739747,10.082788632776117,338196320
2022-04-05,10.074721336364746,10.211847311321343,10.058589275975788,10.187648836110077,265811110
2022-04-06,10.010191917419434,10.131185836351978,10.010191917419434,10.090854530041131,176496101
2022-04-07,10.171517372131348,10.179583788036682,10.034391378763704,10.050524210574373,205647440
2022-04-08,10.728087425231934,10.744219487281178,10.252179671315327,10.260246086967816,423532534
2022-04-11,11.195928573608398,11.195928573608398,10.889411707314057,10.889411707314057,464147960
2022-04-12,11.074934005737305,11.252391290502208,10.9055439052755,11.147530202652751,351150433
2022-04-13,11.002338409423828,11.195927752060388,10.889410908258002,11.17979492221284,271795242
2022-04-14,11.050736427307129,11.107200567968995,10.970074578049198,11.083001320861449,237731524
2022-04-15,11.21205997467041,11.21205997467041,10.962007262465423,11.050735520142084,188436798
2022-04-18,11.63150405883789,11.679901009458177,11.17979482726647,11.236258961997684,290307960
2022-04-19,11.437915802001953,11.728299841015055,11.349186768695038,11.696034947791375,256596160
2022-04-20,11.4459810256958,11.5266436404042,11.349186349599142,11.494378748371982,183234705
2022-04-21,11.687968254089355,11.720233146545382,11.445981176041304,11.478246068497329,240420804
2022-04-22,11.4459810256958,11.752497884629738,11.357252764921123,11.62343831650086,238288878
2022-04-25,12.07514762878418,12.091279690245349,12.042882736606131,12.091279690245349,244715396
2022-04-26,12.083212852478027,12.091279267554478,12.07514720665726,12.083212852478027,147133884
2022-04-27,12.07514762878418,12.091279690245349,12.07514762878418,12.08321327488691,68650444
2022-04-28,12.083212852478027,12.196140355781296,12.083212852478027,12.091279267554478,157138301
2022-04-29,12.083212852478027,12.10741209770738,12.07514720665726,12.09934568263093,124207229
2022-05-05,12.083212852478027,12.115478512783831,12.083212852478027,12.10741209770738,66297040
2022-05-06,12.083212852478027,12.09934568263093,12.083212852478027,12.083212852478027,60414429
2022-05-09,12.091279983520508,12.10741281462869,12.083213567966418,12.083213567966418,64845147
2022-05-10,12.091279983520508,12.0993463990746,12.091279983520508,12.0993463990746,6928697
2022-05-11,12.083212852478027,12.10741209770738,12.083212852478027,12.091279267554478,84540979
2022-05-12,12.083212852478027,12.09934568263093,12.083212852478027,12.091279267554478,88840583
2022-05-13,12.083212852478027,12.09934568263093,12.083212852478027,12.091279267554478,50210740
2022-05-16,12.07514762878418,12.091279690245349,12.0590147980673,12.08321327488691,146325141
2022-05-17,12.07514762878418,12.091279690245349,11.88155750646018,12.002551429069642,67928310
2022-05-18,12.623650550842285,13.22861784438276,12.010617611355597,12.059014564055648,175313752
2022-05-20,13.107625007629395,13.785188515720074,12.421995084143418,12.542989007305732,246624606
2022-05-23,12.236472129821777,13.38994337516899,12.204207237537869,13.244750975263548,269946351
2022-05-24,12.196141242980957,12.4703932214851,12.083213731462857,12.38166495695671,186901833
2022-05-25,12.147770881652832,12.353665303375761,11.950112425300793,12.353665303375761,170996857
2022-05-26,12.073649406433105,12.180714605675444,12.073649406433105,12.131299596246315,92721640
2022-05-27,11.711275100708008,12.09835605376543,11.670096058669479,12.073648942712273,116671258
2022-05-30,11.83481216430664,11.925405433985206,11.760690041194655,11.777161973186184,94665118
2022-05-31,11.983055114746094,12.221892604822001,11.867753959548294,11.884225889758635,132289711
2022-06-01,12.378372192382812,12.526616424704422,12.040705472472366,12.040705472472366,133704673
2022-06-02,12.411314964294434,12.57603112303419,12.370136710034348,12.46896593402329,104831134
2022-06-03,12.403079986572266,12.551323432256089,12.37837209110424,12.452494206658583,88334548
2022-06-06,13.292543411254883,13.341959203656787,12.444258610644445,12.46073054144508,196546662
2022-06-07,12.88899040222168,13.31725117363608,12.831340215848543,13.243129056627827,118952277
2022-06-08,12.55955982208252,13.020763675890208,12.468966558577838,12.971348668708176,101872611
2022-06-09,12.600739479064941,12.70780467866609,12.394845045699256,12.55956043530682,47042819
2022-06-10,12.617210388183594,12.99605616987337,12.35366576976459,12.35366576976459,105113173
2022-06-13,12.419551849365234,12.68309646619264,12.411315883733149,12.518381080675512,64548094
2022-06-14,12.36190128326416,12.518380698370402,12.271307234927752,12.485437622273041,57730659
2022-06-15,12.287778854370117,12.518380381209205,12.221892703844663,12.35366500489557,71275376
2022-06-16,11.900697708129883,12.33719367288661,11.843047519980384,12.320722527168856,59215432
2022-06-17,12.436022758483887,12.436022758483887,11.8842256732863,11.900696817771756,60616834
2022-06-20,12.683095932006836,12.790161124439834,12.312486133846386,12.43602325684979,68281729
2022-06-21,12.864283561706543,12.95487682582652,12.69956817902254,12.69956817902254,55792976
2022-06-22,12.84781265258789,12.971348995518099,12.674861301230653,12.76545456701781,58444645
2022-06-23,12.666625022888184,12.963112709856249,12.608974835667283,12.930169633526463,55485127
2022-06-24,12.501909255981445,12.740746748368613,12.444258285112218,12.691331742684257,35695815
2022-06-27,12.328958511352539,12.452494853409366,12.221893315038333,12.2713075376911,28853830
2022-06-28,11.941877365112305,12.419552396882802,11.867755242005686,12.296016048655067,44201125
2022-06-29,11.431259155273438,11.99129227127046,11.423023189349966,11.859519172769737,50608049
2022-06-30,11.447729110717773,11.620680449992783,11.365371816326014,11.39831489116769,51592050
2022-07-01,11.554794311523438,11.653623536144378,11.34889989720693,11.34889989720693,35170939
2022-07-04,11.159477233886719,11.670095278943272,11.159477233886719,11.645388169540896,30660962
2022-07-05,11.09359073638916,11.40655032553685,11.011232660404309,11.159476883007114,43113628
2022-07-06,11.406551361083984,11.44772961738997,11.175949041561028,11.406551361083984,36713703
2022-07-07,11.735980987548828,11.777160025291858,11.431257364930117,11.431257364930117,30451194
2022-07-08,11.59597396850586,11.735982240525061,11.554794926366405,11.694803198385609,13477619
2022-07-13,11.5300874710083,11.61244555282831,11.315957086616175,11.61244555282831,45053300
2022-07-14,11.62891674041748,11.670095781477912,11.488908472066944,11.488908472066944,28418978
2022-07-18,12.180713653564453,12.221892693965795,11.72774577999944,11.72774577999944,37364528
2022-07-19,12.485437393188477,12.534852399140288,12.024234336287645,12.13129874257097,44091319
2022-07-20,12.468966484069824,12.551323781647895,12.33719339418011,12.50190956018603,36195364
2022-07-21,12.436022758483887,12.633681204858437,12.386607754177826,12.468965832879645,37027952
2022-07-22,12.436022758483887,12.551323126156618,12.361900644737219,12.47720101240995,26414436
2022-07-25,12.88899040222168,12.930169443384585,12.452494450914605,12.46896638154972,52867720
2022-07-26,12.427787780761719,13.045471063818068,12.361901626736367,12.930169901561248,80362522
2022-07-27,12.403079986572266,12.51838035705692,12.386608056260247,12.50190921216977,37775167
2022-07-28,12.098356246948242,12.543088180130907,12.081885101124765,12.485437991611366,49908962
2022-07-29,11.958349227905273,12.139535766200849,11.908934217645152,12.10659268783575,75303231
2022-08-01,12.114827156066895,12.14777023035935,11.958347749533944,11.958347749533944,48572203
2022-08-02,12.090120315551758,12.263071655789279,12.01599820038927,12.164242430714248,60548242
2022-08-03,12.221893310546875,12.24660042186418,12.057177926056669,12.123064079852751,53636349
2022-08-04,12.518381118774414,12.518381118774414,12.320722655552299,12.320722655552299,66624734
2022-08-05,12.913698196411133,13.177242801097115,12.493673393624192,12.559559544795688,114903911
2022-08-08,12.979584693908691,13.06194199235811,12.806633346112545,12.996055839428616,64711911
2022-08-09,13.201951026916504,13.300779470719677,12.773690248169977,12.888990622890276,59428986
2022-08-10,13.753747940063477,13.967876755383232,13.136063892136036,13.136063892136036,115748580
2022-08-11,14.882047653198242,14.931461871593429,13.827869282902649,13.869047536423691,119634415
2022-08-12,14.618504524230957,15.129123401603376,14.511440111847138,14.890285108889708,90737188
2022-08-15,15.071471214294434,15.269131243758768,14.593796213263511,14.67615429706535,91972334
2022-08-16,15.895049095153809,16.00211507659417,14.667918501893833,15.137357542909752,129620204
2022-08-17,17.476318359375,17.476318359375,15.911521031826124,15.960935254358246,137487518
2022-08-18,17.27865982055664,18.250481760792585,16.800984815965222,17.47631828064449,207886626
2022-08-19,16.81745719909668,17.45984838978798,16.669212957333315,17.311604148024614,87484424
2022-08-22,17.29513168334961,17.59162015773611,16.463318018648437,16.768042458528985,102007289
2022-08-23,19.0081729888916,19.024644919666542,17.27865952876741,17.37748954256727,129288031
2022-08-24,19.288188934326172,19.930580077106363,18.695213582348114,19.18935892357163,159495395
2022-08-25,21.215360641479492,21.215360641479492,19.37054687754863,19.46937531675312,131088051
2022-08-26,20.589441299438477,22.681329289469286,20.4906112900273,21.561263180107925,219306674
2022-08-29,19.947050094604492,20.91887197182526,19.716449358212923,20.671799305448666,142864485
2022-08-31,18.94228744506836,19.979995554474083,18.94228744506836,19.963523623170065,208928827
2022-09-01,18.711685180664062,19.46937674378311,18.250482098589377,18.958759438484307,232879038
2022-09-02,20.07882308959961,20.34236926595703,18.596383898194134,18.92581465507871,272345843
2022-09-05,20.836515426635742,21.34713429781302,19.96352349420989,20.095295802091158,295044278
2022-09-06,21.314191818237305,22.071883423136924,20.095297105831367,21.133005275858018,312515155
2022-09-07,19.848222732543945,21.742450799733497,19.848222732543945,21.281247731094698,142165759
2022-09-08,19.60114860534668,20.85298708467011,19.4858482301734,20.177653622912676,218924306
2022-09-09,21.56126594543457,21.56126594543457,19.765866182519712,19.765866182519712,113799174
2022-09-12,23.702566146850586,23.702566146850586,22.516613850267124,23.191947295133478,66068460
2022-09-13,24.344955444335938,26.05799693221513,24.344955444335938,25.102646962293065,156835785
2022-09-14,21.92363929748535,25.119120116172002,21.92363929748535,24.62497317676587,85616266
2022-09-15,19.732919692993164,22.813101479004665,19.732919692993164,21.693035375000484,72019922
2022-09-16,17.937522888183594,18.563442129267525,17.772806719690525,17.772806719690525,217060856
2022-09-19,16.150358200073242,17.212772550475034,16.150358200073242,16.94922795412264,203982271
2022-09-20,16.586854934692383,16.883343419362905,15.186773739986835,16.800985332415554,229477436
2022-09-21,15.853872299194336,16.81745836670664,15.853872299194336,16.405669475818474,139656425
2022-09-22,15.77975082397461,16.208011665165156,15.582092336698208,15.837401019740641,127296386
2022-09-23,15.3267822265625,16.002115721255013,15.3267822265625,15.779749354705075,69821010
2022-09-26,15.870343208312988,15.911521466406125,14.643212581109188,15.112651635110321,101239661
2022-09-27,16.15859603881836,16.883343762829277,15.680921009825965,15.870343514063492,171140065
2022-09-28,15.853872299194336,16.65274218201139,15.837400366554819,16.076238677277935,123609769
2022-09-29,15.483260154724121,16.331545752493664,15.145593422889112,15.936228832908748,107761258
2022-09-30,16.00211524963379,16.208009678330363,15.425610220943447,15.4997323409422,87092798
2022-10-03,17.59162139892578,17.59162139892578,15.960936245595649,16.01858800812164,105478490
2022-10-04,17.509262084960938,18.54697017513452,17.42690400081704,18.102237463267354,139438228
2022-10-05,17.048059463500977,17.772807167251766,16.850399427991828,17.70692101236533,81661547
2022-10-06,17.459848403930664,17.575148782795633,17.179831851673015,17.29513223053798,60144694
2022-10-07,17.443376541137695,17.72339309449844,17.212774211649478,17.459848472711823,57089882
2022-10-10,17.229246139526367,17.739865022265757,17.229246139526367,17.542204985118357,53014484
2022-10-11,17.87163734436035,18.316368501096814,17.196302287190402,17.27866037424526,99107885
2022-10-12,17.54220199584961,17.97046271860837,17.328073205319814,17.822218501434214,69388202
2022-10-13,17.426904678344727,17.772807388517347,17.32807623020961,17.55867698975812,55130943
2022-10-14,18.036352157592773,18.201068333620054,17.80575139617443,17.9210517768836,62199668
2022-10-17,19.831748962402344,19.831748962402344,18.23400794494989,18.23400794494989,85814920
2022-10-18,20.012937545776367,21.149475655093433,19.848222947758547,20.88593104158507,129996435
2022-10-19,21.11652946472168,21.413017907653376,19.897634976213013,20.111765343791504,116855966
2022-10-20,20.836515426635742,21.67656506751619,20.836515426635742,21.05064581965526,96613624
2022-10-21,20.556499481201172,21.10006223067944,20.556499481201172,20.83651603635518,57725905
2022-10-24,20.161182403564453,21.03417592621861,20.095296248161297,20.72121550991622,59175695
2022-10-25,20.07882308959961,20.671800022841605,19.979994647959114,20.30942540484369,89999027
2022-10-26,20.490612030029297,20.638856264074928,20.111767050445806,20.21059706342615,56714126
2022-10-27,19.699979782104492,20.638857911538228,19.683507850151297,20.58944368652853,56574319
2022-10-28,19.288188934326172,19.96352236679139,19.288188934326172,19.601147755157715,33753391
2022-10-31,19.354076385498047,19.650564866841453,18.645799044888726,19.370548316872643,72543212
2022-11-01,19.271718978881836,20.062354433387444,19.189360889955225,19.452907088690356,61331456
2022-11-02,19.337602615356445,19.798807224891295,19.205830318589257,19.27171646697285,51901460
2022-11-03,19.07405662536621,19.41995927176817,18.859926266084084,19.30465891325071,38695803
2022-11-04,19.436433792114258,19.699978401496182,18.97523072569589,19.172889182732334,70666241
2022-11-07,20.260009765625,20.556496640639264,19.683504803300647,19.683504803300647,73552875
2022-11-08,20.358837127685547,21.050642417685257,19.94704833939284,20.260008698171053,82002326
2022-11-09,19.947050094604492,20.688271235433692,19.864693586378763,20.45766892819242,51009050
2022-11-10,20.556499481201172,20.918874123903397,19.94705214670417,19.9799960100634,68483649
2022-11-11,20.128238677978516,21.26477517046396,19.979994446165254,21.083588648719825,59869283
2022-11-14,20.260009765625,20.4741401353212,19.996465178568034,20.01293553712186,48490496
2022-11-15,21.42949104309082,21.42949104309082,20.029408395829037,20.42472529475599,111438937
2022-11-16,21.72597885131836,23.191947710442033,21.16594733956248,21.445963880865314,159083174
2022-11-17,20.622385025024414,21.92363764382805,20.490611156385715,21.725977626294856,75277840
2022-11-18,20.902400970458984,21.31418981328075,20.37531175431905,20.37531175431905,67807052
2022-11-21,21.54479217529297,21.824808714658456,20.474141810083598,21.001231027312855,67114959
2022-11-22,22.071880340576172,22.335426507479962,21.478904999454468,21.709507306426648,66904235
2022-11-23,22.763687133789062,23.01076138639078,21.857752920132178,22.13776789305444,80076206
2022-11-24,22.318954467773438,23.29077633908179,22.088352161935113,22.846043657289957,81865315
2022-11-25,21.72597885131836,22.187183490434666,21.709508491303325,22.0718815452307,66451702
2022-11-28,22.253068923950195,22.714271977313228,21.84128009073505,21.84128009073505,80802027
2022-11-29,22.12129783630371,22.566028983726927,21.775395134596845,22.351898590208407,70264404
2022-11-30,21.95658302307129,22.46720192700663,21.94011109081694,21.989526887579984,55307847
2022-12-01,22.055410385131836,22.467199216715592,21.8577519344736,22.450727286448306,52957709
2022-12-02,21.297719955444336,22.137768020756557,21.198889939663587,21.98952535336015,44717130
2022-12-05,21.16594696044922,21.643621951024702,20.968286935311305,21.39654770502719,39706257
2022-12-06,21.24830436706543,21.70950901735742,21.133003989917345,21.16594785244527,41433351
2022-12-07,20.589441299438477,21.561263180107925,20.3423686321851,21.248302792680626,55534188
2022-12-08,21.2647762298584,21.44596433147892,20.325898142733223,20.655328912702597,62157254
2022-12-09,22.137767791748047,22.187183584552137,21.29771973512587,21.347133957080164,43435655
2022-12-12,22.961345672607422,23.17547606392802,21.940109509205207,22.104825678174837,102351716
2022-12-13,22.664857864379883,23.076646699542962,22.286011319187985,22.730744015171986,77444752
2022-12-14,22.417783737182617,23.653150249086835,22.253069144771906,22.730744133207548,122860749
2022-12-15,23.521377563476562,23.801394093945902,22.631913752235633,23.027230652598327,108237762
2022-12-16,23.76845359802246,24.09788437318514,23.653151648578138,23.653151648578138,28071006
2022-12-19,26.04152488708496,26.04152488708496,23.900222773124746,23.91669470243474,105931351
2022-12-20,24.872045516967773,25.94269582754234,24.377898615606554,25.92622389763204,93938263
2022-12-21,24.542613983154297,26.173298966622873,24.377899391358813,24.90498859846395,72977341
2022-12-22,24.509672164916992,25.119119465075876,24.06493945972415,24.756744842790944,49195238
2022-12-23,24.542613983154297,24.88851666802948,24.22965515914806,24.57555784402324,28566793
2022-12-26,24.888517379760742,25.514436616522236,24.822631226988467,24.822631226988467,31575093
2022-12-27,24.83910369873047,25.580323326270005,24.47672906516787,24.92146178420149,40356590
2022-12-28,24.097885131835938,25.300307891746908,23.702568189195336,24.789690566881937,55218693
2022-12-29,24.954404830932617,25.382665631660075,24.09788480032757,24.09788480032757,44544125
2022-12-30,24.740276336669922,25.465024064695122,24.67438860872683,25.201479436322323,35161085
2023-01-02,25.21794891357422,25.514435806208418,24.82263043864572,25.020288890685098,34373499
2023-01-03,24.5590877532959,25.44855164233992,24.427315441648627,25.399137418184658,33494882
2023-01-04,24.70733070373535,25.06970532722808,24.443786094231474,24.641444551359385,39106174
2023-01-05,23.8178653717041,24.987345681377494,23.62020692693743,24.789687236610824,43368818
2023-01-06,23.241363525390625,24.031998981752796,21.38007762301811,22.500143865010394,92632410
2023-01-09,22.00599479675293,23.71903628906484,21.693035973044392,23.504907477019376,53096255
2023-01-10,21.23183250427246,22.450727056259005,20.91887211580177,22.005994368700563,56119179
2023-01-11,19.667034149169922,21.627149891493115,19.667034149169922,21.248303344895877,53273576
2023-01-12,20.194124221801758,20.474140746622723,18.662269300234097,20.17765229190648,83416807
2023-01-13,19.89763641357422,20.55649792229532,19.634091810085778,19.96352256444633,53392828
2023-01-16,20.75415802001953,20.93534454285368,20.09529493809128,20.09529493809128,56436509
2023-01-17,20.918874740600586,21.396549777442452,20.4082574102782,20.82004628930912,97895535
2023-01-18,20.95181655883789,21.66009229342499,20.655328092217857,21.001230779657977,58008314
2023-01-19,21.11652946472168,21.495375983006586,20.787098734158477,20.869456809511686,46557752
2023-01-20,22.154239654541016,22.33542775256579,21.067117349791538,21.18241772428018,65375710
2023-01-23,22.368370056152344,24.04846930688018,22.07188158347101,22.648386597940316,73835800
2023-01-24,21.775394439697266,22.944874815685576,21.511849831730846,22.368369807621708,82963487
2023-01-25,21.00122833251953,22.05540820255969,20.24353689455151,21.989522058860278,85486406
2023-01-26,20.21059799194336,21.198890312902183,20.177654129153147,21.067118003441006,64263205
2023-01-27,19.61762046813965,20.144709690928018,18.991701230653565,19.848222788534457,66014374
2023-01-30,19.667034149169922,20.144709136897045,19.436433405967016,19.76586416114956,52673936
2023-01-31,19.798809051513672,20.358840579017446,19.40349055389065,19.535262862815046,64470844
2023-02-01,18.415199279785156,20.111769031398573,18.415199279785156,19.930582489079637,62440361
2023-02-02,18.019878387451172,18.975229911755623,17.295130742738845,18.448139144751494,85320501
2023-02-03,19.41996192932129,19.6340923179064,18.052823085227704,18.0692950160842,92333656
2023-02-06,18.56344223022461,19.518792242640536,18.464612214421322,18.85992913593485,15873001
2023-02-07,17.344547271728516,18.826988189586032,16.949230321973147,18.77757239272917,31696148
2023-02-08,16.199771881103516,16.199771881103516,16.199771881103516,16.199771881103516,10
2023-02-15,19.07405662536621,19.07405662536621,18.2998932604,18.5304955482845,16410375
2023-02-16,18.92581558227539,20.836515636663005,18.876401359034286,20.836515636663005,55610527
2023-02-17,18.678741455078125,19.38701874060798,18.563441086121998,18.612855305553236,32797153
2023-02-20,18.72815704345703,19.17288976339537,18.579912803477583,18.77757126650024,27650860
2023-02-21,18.678741455078125,19.02464413279623,18.546969156028347,18.579911445365934,44632791
2023-02-22,18.76110076904297,19.123473829846564,18.612856530146125,18.678742684005854,46286447
2023-02-23,18.72815704345703,19.321132432524994,18.563442443029732,18.810515129095595,56279883
2023-02-24,18.316368103027344,18.84345733536344,18.26695388020829,18.744628889725334,27666140
2023-02-27,19.436433792114258,19.732920692244033,18.08576531275723,18.448139936082264,84469630
2023-02-28,19.172889709472656,19.83175125102849,19.10700355531707,19.568206634406156,61318882
2023-03-01,19.40349006652832,19.60114852495028,19.172889317127595,19.27171776091368,39292939
2023-03-02,19.551733016967773,19.930579548827136,19.337602641716774,19.337602641716774,52487396
2023-03-03,19.667034149169922,19.94705068378752,19.205831091914362,19.41996147549545,74343721
2023-03-06,21.16594696044922,21.34713348416759,19.76586427901259,19.81527849987219,90048224
2023-03-07,21.13300323486328,22.15423937399415,21.100060944362166,21.429491703622162,62803615
2023-03-08,23.241363525390625,23.241363525390625,20.968288748267994,21.083590701375954,75123624
2023-03-09,23.09311866760254,24.114354791969948,22.68132983176811,23.224890969401574,91118821
2023-03-10,23.43902015686035,24.163769399205375,22.829572858572355,23.027231314434697,81762370
2023-03-13,22.12129783630371,23.68609517417769,22.104825905067713,23.389606695329,70236539
2023-03-14,21.676565170288086,22.796631363439083,21.643622878586495,22.121297889633272,65238931
2023-03-15,21.775394439697266,21.94010903425139,21.264775583625,21.824808660978526,60849061
2023-03-16,21.989526748657227,22.318957537413347,21.5777378699996,21.940110952206375,43327097
2023-03-17,21.050647735595703,22.434258665129217,21.050647735595703,22.220128252620462,54255387
2023-03-20,21.33066177368164,21.67656446496728,20.86945870891738,21.133003317354103,48547813
2023-03-21,20.65532875061035,21.396548369937197,20.572970666051855,21.281247994065186,55985073
2023-03-22,21.511850357055664,21.561264579543632,20.572970704685403,20.83651531908765,52001732
2023-03-23,22.549556732177734,22.549556732177734,21.363605975328873,21.39654826648311,41960946
2023-03-24,22.170711517333984,22.664858446388784,21.923638838231476,22.56602843223791,39444131
2023-03-27,22.104825973510742,22.66485907047015,22.055411750499566,22.450728676288623,31383114
2023-03-28,21.54479217529297,22.401313724140287,21.49537795389017,21.907166797562972,44035139
2023-03-29,22.582500457763672,22.598972388666184,21.413020068131715,21.413020068131715,51027307
2023-03-30,23.356664657592773,23.65315156881444,22.500143074208346,22.582501160433747,60095499
2023-03-31,22.944873809814453,23.471963002640436,22.763685721643242,23.10958839714772,45438999
2023-04-03,23.175474166870117,23.307246462919508,22.335426172267653,22.780157278721937,47928441
2023-04-04,23.389606475830078,23.620208798420517,22.763687232384438,23.191948015402478,46629713
2023-04-05,22.763687133789062,23.488436389734332,22.681330620438292,23.422550236543835,33138822
2023-04-06,22.51661491394043,23.07664801297301,22.434256828050373,22.730745308914642,23456497
2023-04-07,22.467199325561523,22.829572368098997,22.417783534520265,22.483669685058874,20987722
2023-04-10,22.91193199157715,23.02723237007011,22.549557353792327,22.56602928524842,24030305
2023-04-11,23.735509872436523,23.801396027850334,22.829574057359203,22.994290231318665,37563747
2023-04-12,24.954404830932617,25.51443794406085,23.669623999600113,23.85081053643871,68738643
2023-04-13,24.26259994506836,25.3497239028301,24.26259994506836,24.970877318113907,56972900
2023-04-14,24.23566436767578,24.962556733236912,24.182477575038483,24.927099435071266,40608550
2023-04-17,24.147016525268555,24.66115998562328,23.987454470196827,24.25339179224221,30534562
2023-04-18,24.678890228271484,24.99801434810922,24.18247624579534,24.18247624579534,40191613
2023-04-19,26.15040397644043,26.948212573159378,24.359765739046715,24.802992925088077,71794368
2023-04-20,24.94482421875,25.742634465608592,24.856180138678997,25.370323580667065,32940630
2023-04-24,24.98028564453125,25.40578335725148,24.838453073624507,25.0866592273225,30544795
2023-04-25,24.005184173583984,25.122116878099554,23.845622117113543,24.998013807857,30435913
2023-04-26,24.02291488647461,24.62570415673545,23.774707042609087,23.898810119153044,46997959
2023-04-27,24.820722579956055,24.980284638494464,24.022913978041547,24.022913978041547,63612940
2023-04-28,24.271120071411133,25.104387658285095,23.75697660095221,24.82072252848397,60221766
2023-05-02,24.466142654418945,24.99801565162368,24.271121597336542,24.359767378666938,40643478
2023-05-03,24.25339126586914,24.82072150200913,23.668331537155407,24.572513678309146,52300708
2023-05-04,23.56195831298828,24.802994157408644,23.3314799619023,24.111560794928327,32232569
2023-05-05,22.604585647583008,23.703788825199627,22.604585647583008,23.49103998670391,32074841
2023-05-08,24.678890228271484,24.802993301196132,22.35637899425449,22.781878384297322,53078829
2023-05-09,25.175304412841797,26.114945595623272,24.4129547848995,24.554787352459815,88085322
2023-05-10,25.157573699951172,25.937654474504185,25.068929617605253,25.122116405168303,50460988
2023-05-11,27.657377243041992,27.657377243041992,25.104387690046785,25.157574479257402,81536450
2023-05-12,29.34164047241211,29.83805617382094,28.277896163916736,28.79203966905058,87083754
2023-05-15,26.41634178161621,27.19642263996097,26.41634178161621,26.41634178161621,65651722
2023-05-16,23.881080627441406,25.015741111681983,23.881080627441406,24.82072176364751,138841033
2023-05-17,23.313749313354492,24.519327800636958,23.15418894660611,24.076100614521643,86174975
2023-05-18,22.161359786987305,23.579687151510008,22.161359786987305,23.331479313215823,67096707
2023-05-22,21.36355209350586,22.46275538341895,21.097614750134497,22.445025889038664,57783050
2023-05-23,21.38128089904785,22.001797965367945,21.221718836321156,21.38128089904785,44569655
2023-05-24,20.920324325561523,21.71813295302742,20.884865337738436,21.43446781355311,37987867
2023-05-25,21.3458194732666,21.540838810558395,20.849405538756418,21.06215436783221,46477428
2023-05-26,21.789047241210938,22.072712354691,21.274903800333966,21.416736357073994,51477884
2023-05-29,22.28546142578125,22.83506385705168,21.416736583855293,22.14362886753936,81992183
2023-05-30,24.501598358154297,24.501598358154297,23.136459501295928,23.225105276858102,121250450
2023-05-31,23.739248275756836,24.696618913146015,23.739248275756836,24.395224296673728,135999773
2023-06-01,24.05837059020996,24.53705675222088,23.89880853620632,24.022913295307763,114460106
2023-06-02,25.40578269958496,25.955385165704524,25.05120128149697,25.707177327654144,190288607
2023-06-05,26.132675170898438,26.239050442289766,25.38805334349188,26.008572096589873,141182798
2023-06-06,25.742637634277344,26.185864852299108,25.4944297835052,25.973114299764326,65898531
2023-06-07,26.57590103149414,27.107773980135576,25.52988462701406,26.079487068458295,152475656
2023-06-08,26.87729835510254,27.675107013090287,26.380884342031134,26.416341640433117,100519094
2023-06-09,26.593631744384766,27.462356642248054,26.36315339970679,27.231878297570077,63472537
2023-06-12,25.778093338012695,26.930483357277225,25.778093338012695,26.770922988912215,49670971
2023-06-13,25.52988624572754,26.345424367812655,25.281680093860942,25.884469361155713,62962789
2023-06-14,25.990842819213867,26.912756209686425,25.441242036320883,25.583074605504724,109792126
2023-06-15,27.178691864013672,27.26733764247994,26.327696448603717,26.41634053629239,66227025
2023-06-16,26.664546966552734,27.568730815652753,26.646817473642344,27.373709775193433,64139443
2023-06-19,26.07948875427246,26.965943162383994,25.937656184236822,26.664548528363863,60099531
2023-06-20,27.178691864013672,27.444627508634884,26.026301816284963,26.079488607053687,79537582
2023-06-21,26.68227767944336,27.728294138097993,26.416340345960656,27.480086298336317,69852342
2023-06-22,26.91275405883789,27.355981224809383,25.49442678957362,26.753192008563758,157209979
2023-06-23,28.011959075927734,28.437458468327886,27.426899313502293,27.46235660991539,94832554
2023-06-26,28.80976676940918,29.518929582806706,28.774307783350547,29.430285499215152,56752947
2023-06-27,28.40199851989746,28.774307728133575,28.384269026902164,28.685663644712125,22347087
2023-07-03,29.004789352416992,29.3593690871797,28.632476742127658,28.66793573007049,72292774
2023-07-04,30.015344619750977,30.919528456142302,29.146619768682044,29.18207537244948,105395036
2023-07-05,29.784866333007812,30.121719950097404,28.987059406075822,30.050805356873635,58050514
2023-07-06,29.34164047241211,30.17490980626105,29.30618486496208,29.83805617382094,66856076
2023-07-07,29.2175350189209,29.78486527069722,29.07570245597682,29.32391197729524,38526019
2023-07-10,29.377098083496094,29.713951700136214,29.235265515682645,29.501201157638466,40977795
2023-07-11,31.096818923950195,31.380484033592776,29.465742852727935,30.139446642740353,97853783
2023-07-12,33.18885040283203,33.951201702250636,30.90179988613129,31.07909143648179,124421039
2023-07-13,35.014949798583984,35.54682110113024,33.20658195943828,33.330685037928724,114050514
2023-07-14,34.12849426269531,35.9014030555626,33.86255862007625,35.45817585734578,71069824
2023-07-17,34.12849426269531,34.90857507839236,33.383872434428845,34.341244805723655,64456150
2023-07-18,31.71733856201172,35.15678271228892,31.71733856201172,34.12849570425413,80163183
2023-07-19,33.18885040283203,33.18885040283203,31.309568084848895,31.84143935434533,71219591
2023-07-20,33.50797653198242,34.48307842676539,32.65698109699585,33.41933244225454,102766871
2023-07-21,32.56833267211914,33.82709616278921,32.56833267211914,33.24203645641844,36574412
2023-07-24,32.17829132080078,32.88745410448125,31.93008519190134,32.67470696015455,45560797
2023-07-25,33.66753387451172,34.34124103550801,32.33785242584275,32.35558191761158,104516848
2023-07-26,33.614349365234375,34.02212096091925,32.69243935536621,33.41933169587746,53926305
2023-07-27,35.369529724121094,35.369529724121094,33.80936818298569,34.03984820639556,74068316
2023-07-28,37.90478515625,38.525303855266635,36.29143856773968,36.876498282457106,93487058
2023-07-31,38.91535186767578,39.92590940378321,37.79841736241097,38.24164458923391,83996817
2023-08-01,37.86933517456055,39.394034528638386,37.49702254726518,38.48985058412721,45078409
2023-08-02,40.40459060668945,41.202397487041004,37.355185500340085,37.816142164824406,83307329
2023-08-03,40.40459060668945,42.3902464427935,40.227299061648566,40.440046210453666,92445474
2023-08-04,41.66335678100586,42.05339549946818,40.05001004426579,40.61734031895832,67966941
2023-08-07,41.48606491088867,42.30160471075512,40.98965261506619,41.840648020666286,41610773
2023-08-08,42.74483108520508,43.64901495435066,41.13148439169681,41.48606411310061,70174284
2023-08-09,46.98208236694336,46.98208236694336,42.63845453133976,42.744831492173276,85322476
2023-08-10,48.31175994873047,51.68028565416584,47.38098359850626,48.75498710422341,121377530
2023-08-11,49.19821548461914,50.705188527125664,47.33666273782308,48.533374734826985,94389497
2023-08-14,49.50847625732422,51.99055125098103,48.799313422660184,49.641445768254094,69768845
2023-08-15,49.19821548461914,51.14841569365377,47.159371194900864,49.64144265114724,95309445
2023-08-16,47.64692306518555,49.5971233832344,47.64692306518555,49.15389619193034,43511684
2023-08-17,48.04582977294922,49.15389778717058,47.646924611518486,47.6912466557763,44254030
2023-08-18,44.8989143371582,49.06524709148617,43.75538741008546,48.134470697041735,55714019
2023-08-21,44.09224319458008,45.65240144541283,42.37251950020806,42.939849773238144,96896952
2023-08-22,43.649017333984375,45.12053154284333,42.60300084294009,44.588656859408545,68226856
2023-08-23,43.87948989868164,45.43078499610978,43.329889153856776,43.71992784670749,67799060
2023-08-24,48.26744079589844,48.26744079589844,44.0035940877174,44.05678256691698,129979765
2023-08-25,47.11505126953125,49.64144487952806,46.40588506600822,49.1982176931037,108967638
2023-08-28,46.76047134399414,48.79931586372453,46.361566172805404,47.5139562594743,57217270
2023-08-29,45.563758850097656,48.09015261163518,45.253497772057166,46.89344048912905,57734404
2023-08-31,44.5000114440918,46.22859819604371,44.5000114440918,45.91833712789302,33697415
2023-09-01,45.07620620727539,45.475111375266955,44.45569081434993,44.76594851081266,30521405
2023-09-04,45.430789947509766,46.80479365009899,44.898918637331775,45.47511199309871,68729314
2023-09-05,46.00698471069336,46.36156444174539,44.765947198123314,45.342143910721234,74712807
2023-09-06,45.60807418823242,47.42530481803301,45.07619958190105,46.49452848389659,68120445
2023-09-07,46.45021438598633,46.71615004383574,45.51943451118036,45.82969559663413,47291670
2023-09-08,46.36156463623047,47.73556828562573,46.00698490369099,46.62750028102388,44993485
2023-09-11,44.544334411621094,47.07072814503124,43.96813768850042,46.93776201154163,51477027
2023-09-12,43.932682037353516,45.16485313350789,43.63128740090491,44.50001232206731,41004715
2023-09-13,43.578094482421875,45.47510619690287,43.17032630448865,43.897218580475666,55230507
2023-09-14,44.854591369628906,44.94323883872456,43.01076797265653,43.32989209829054,58503285
2023-09-15,44.32271957397461,45.696723204456795,44.056783932841796,44.677302683188465,42737220
2023-09-18,43.968135833740234,44.76594612724385,43.86176225512479,44.09224228727254,47391627
2023-09-19,44.36703872680664,44.72162181292006,43.453991845163735,44.021322077701264,43317515
2023-09-20,45.652400970458984,46.93776050904507,44.18088682201319,44.3670414318729,64818497
2023-09-21,46.09562683105469,47.42530837425819,44.677301204259635,45.652399649986855,104964637
2023-09-22,45.031883239746094,46.36156485144069,45.031883239746094,46.09562920541281,52605579
2023-09-25,45.696720123291016,46.27291679152387,45.031879374509224,45.16484887688755,56997929
2023-09-26,45.60807418823242,46.893433593256425,45.47510469126089,45.962653877565224,59341332
2023-09-27,45.031883239746094,45.96265969162127,44.89891710750975,45.741046089672174,42455913
2023-09-28,45.29781723022461,45.741044417923696,45.12052906038904,45.16485110284793,44031830
2023-09-29,47.203697204589844,48.40040930222497,45.563757903155754,45.563757903155754,75151115
2023-10-02,47.868534088134766,48.799310463537516,47.026401793606595,47.69124254483069,56418434
2023-10-03,47.24802017211914,48.13447459704278,46.45021321862102,48.04583050717253,32361981
2023-10-04,45.82969284057617,47.646923671745675,45.82969284057617,47.2036964747992,36116949
2023-10-05,46.71614456176758,46.937758147561965,44.632974826367374,46.184269926928074,50449835
2023-10-06,45.74104690551758,46.804792890157465,45.60808077090964,46.09563002758263,31455272
2023-10-09,44.14542770385742,45.253495685287355,43.87949206462526,44.54433285348322,38848549
2023-10-10,45.209171295166016,45.475106920591294,44.45568645953522,44.94323566974073,32884966
2023-10-11,45.12052917480469,46.18427172273585,44.54433247671274,45.25349530251854,32255893
2023-10-12,44.32271957397461,46.05130631367065,43.3830767016465,45.56375707466796,36017420
2023-10-13,43.08168029785156,44.2695292687441,42.9753067220932,43.87949056992678,24585838
2023-10-16,42.8512077331543,43.73766217249836,42.33706253518818,43.61355909203905,24391127
2023-10-17,43.808570861816406,43.914947814913,42.6029958273822,42.86893144701394,28793380
2023-10-18,42.000205993652344,43.34761694547442,41.893829042140595,42.54980671691042,25973892
2023-10-19,40.98965072631836,42.532079405201095,40.81235917959891,42.000208146597735,43956505
2023-10-20,39.55359649658203,40.72371609663831,39.14582826234689,40.510968922931,28937551
2023-10-23,40.77690124511719,40.812360231686164,39.4649491760609,39.943635350076796,29792228
2023-10-24,44.056785583496094,44.854592536785596,40.8300920186666,41.220130748171115,51172575
2023-10-25,40.333675384521484,44.500011759892985,40.26275740905056,44.16315813951647,35806691
2023-10-26,42.3193359375,43.06395779328331,40.280488045114666,40.971924799341856,65728529
2023-10-27,43.542640686035156,44.21634794698995,42.12431494963869,42.44343908571671,47721147
2023-10-30,42.939849853515625,44.5886555760638,42.44343755446382,43.453995027882335,34875994
2023-10-31,41.66335678100586,43.71993071754386,41.50379471855419,43.4362655801976,34643918
2023-11-01,41.361961364746094,42.28387473439923,39.9613651983795,41.929291628669525,36363723
2023-11-02,42.19522476196289,42.99303501170936,41.32649992421391,41.66335351650185,33106068
2023-11-03,42.709373474121094,42.727102967995556,41.48606544922496,42.24841677805074,32187897
2023-11-06,44.4556884765625,44.72162411405372,43.081681483340205,43.09941097671363,26710135
2023-11-07,44.1276969909668,44.67730112928826,43.63128471319905,44.500009580847625,20374873
2023-11-08,43.205787658691406,44.72162382602833,43.0462256009133,44.4113627663242,30469849
2023-11-09,42.8512077331543,43.560370608318486,42.4434395026293,42.76256364184202,26953547
2023-11-10,42.372520446777344,43.32989284006895,42.19522888710609,42.88666563166844,21864447
2023-11-13,40.70598220825195,42.088852214309085,40.4755055646866,41.89383117483109,28020376
2023-11-14,41.13148880004883,41.55698654027004,40.10320174912538,40.776905659086765,35135582
2023-11-15,40.954193115234375,41.53925287195679,40.75917206914187,41.397420306131814,30971304
2023-11-16,41.947021484375,42.17750151955631,41.00737861316491,41.025108106760015,26185565
2023-11-17,42.035667419433594,42.407980038194175,41.66335818222831,41.87610873317082,24538472
2023-11-20,43.11714172363281,43.45399534441109,42.337060900298184,42.35479039418706,23468846
2023-11-21,43.47172164916992,43.95040780438712,42.83347344221366,43.436262663993475,28706121
2023-11-22,43.8263053894043,44.14542952224996,43.06395742728496,43.45399615545452,32303880
2023-11-23,44.544334411621094,45.82969399135205,43.87949359950734,43.96813768850042,58179787
2023-11-24,45.785369873046875,46.09562755202501,43.755388540432556,44.54433239402417,38209670
2023-11-27,48.53337860107422,48.97660580291051,46.58317823668349,47.20369699556533,53303684
2023-11-28,48.31175994873047,49.37550579822449,47.77988871476087,48.04582433174567,47035851
2023-11-29,48.09014892578125,48.75498969434044,47.38098611562912,48.31176251530098,23926508
2023-11-30,47.91285705566406,49.10957245995628,47.513951920899984,47.86853501436916,24673499
2023-12-01,50.04035186767578,50.705192671812604,49.10957541819527,49.6857687528474,38562941
2023-12-04,51.325706481933594,51.325706481933594,48.93227914156146,50.17331316066025,43128827
2023-12-05,51.81325912475586,52.30080835685621,50.882482703190625,51.32570989265551,37760496
2023-12-06,53.18726348876953,55.04881635825441,51.680290346943366,51.81325985828735,51921537
2023-12-07,52.655391693115234,53.275907055856756,50.572221864516195,53.18726297019514,34012271
2023-12-08,51.14842224121094,53.76346353479158,50.61654754435849,52.83268366068864,33694534
2023-12-11,50.04035186767578,51.54732503336361,49.77441622233209,51.05977240508579,27831613
2023-12-12,52.655391693115234,53.142940927364336,49.774414948896336,49.907381077388756,47770958
2023-12-13,52.212162017822266,54.738555536097074,51.72460942521226,52.389450180711414,53663940
2023-12-14,55.40339660644531,55.84662377929688,52.43377590096183,53.320230246664956,51302169
2023-12-15,55.004493713378906,56.91036860528119,54.738558075154764,55.75798196682827,44635855
2023-12-18,55.0488166809082,55.669335434891885,54.29533179635634,54.51694539552515,27233832
2023-12-19,53.71913146972656,55.492040143731465,53.098616139068795,55.04881297523024,25799684
2023-12-20,55.40339660644531,55.66933223384525,53.320230246664956,53.719131996987386,31614066
2023-12-21,55.181785583496094,56.378497653166725,54.251009153579474,55.802304330625546,39549879
2023-12-22,53.45320129394531,55.44772375552204,53.231587687103456,55.2704321937375,30220754
2023-12-25,51.14842224121094,53.275910883954666,50.39493393272547,53.009975226306125,15474017
2023-12-26,49.8187370300293,51.76893735008018,48.48905545475212,51.59164579706554,33919418
2023-12-27,49.419830322265625,50.04034904746606,48.97660314448746,49.64144391115471,24508620
2023-12-28,49.90738296508789,50.705193292439276,49.19822010830623,50.08467452467211,20041745
2023-12-29,51.724609375,51.94622295995125,49.81873457335221,49.86305661403147,22696671
2024-01-02,52.16783905029297,53.320232452627785,51.63596777348852,52.56674419867386,16881291
2024-01-03,50.08467102050781,52.43377641214478,49.90737947332776,51.94622381201088,20141213
2024-01-04,51.05977249145508,51.192742005129446,48.75499238583757,49.99602990828097,31275024
2024-01-05,50.88248062133789,51.41435187431224,50.12899240114344,51.14841624782507,22935879
2024-01-08,55.0488166809082,55.62501339136915,51.680290649853454,51.680290649853454,62599601
2024-01-09,55.492042541503906,56.46714438327303,54.29533048746348,55.31475437168687,60396241
2024-01-10,56.555789947509766,57.13198327759678,55.27043039338462,55.40339990578056,41187587
2024-01-11,58.15140914916992,60.89941652452883,56.73308341638247,56.95469702347771,48524495
2024-01-12,60.10160827636719,61.34263896911769,57.30927569145848,57.974116461050556,66351606
2024-01-15,58.94921875,59.96864268250931,58.638961056569464,59.43677138475547,30258890
2024-01-16,56.51146697998047,59.702701409757324,56.20120929820263,58.86057245020171,41142548
2024-01-17,56.201210021972656,57.176308504307784,55.75798282426485,56.28985410889216,29536066
2024-01-18,55.802303314208984,57.885473114374115,55.6693338059764,57.57520867412804,28400991
2024-01-19,56.33417510986328,56.777405680924076,54.871527413427536,56.06823947247088,31685876
2024-01-22,55.314754486083984,56.06823935402994,54.64991370322987,56.02391731148401,27428721
2024-01-23,53.408878326416016,56.15688565116969,53.05429520897125,55.84662795957193,39476717
2024-01-24,55.226104736328125,56.422820124925025,53.45319605534453,53.763457103449625,46864332
2024-01-25,55.004493713378906,56.37849732883291,54.738558075154764,55.403398861492676,32847801
2024-01-26,55.97959899902344,56.201212608074904,54.56126987216084,55.137466608316785,33307202
2024-01-29,56.201210021972656,56.77740673161488,55.40339971347653,56.600111794665565,25433993
2024-01-30,56.37849807739258,57.08766429747965,55.270430085450464,56.821725274169424,49008987
2024-01-31,56.289852142333984,56.999018339134985,55.49204186171038,56.42282164962293,27691383
2024-02-01,57.397918701171875,58.37301712571266,56.24552873174505,56.24552873174505,30611971
2024-02-02,56.64443588256836,58.24004969878526,56.422822288945724,57.264951239467685,24516446
2024-02-05,57.57521057128906,58.90489217120899,56.95469519657056,57.796824171275716,25716069
2024-02-06,57.66386032104492,58.240050259523244,56.82172459930468,57.57520947225421,39001668
2024-02-07,56.73307800292969,58.1957290228147,56.73307800292969,57.79682051024065,33900071
2024-02-08,56.999019622802734,57.75250449692913,56.73308060223566,56.73308060223566,25022297
2024-02-09,57.131980895996094,57.84114709047196,55.979594283860386,57.08766223578514,29880133
2024-02-12,58.37302017211914,58.4616642584109,56.954694502120304,57.61953529397385,34156483
2024-02-13,57.30927658081055,59.08218532723556,57.30927658081055,58.5059886320254,39231796
2024-02-14,56.777408599853516,57.57521217149074,55.97959826510575,57.397923991818146,34286513
2024-02-15,58.15140914916992,58.638961790023686,56.95469702347771,56.95469702347771,36930585
2024-02-16,58.41734313964844,58.90488897530088,57.84114645832285,58.24004821141211,24075860
2024-02-19,59.126502990722656,60.54483537442728,58.77192665790654,58.860570741110564,44089893
2024-02-20,60.278900146484375,60.722127353443824,58.77193034806645,59.2151575550259,42317867
2024-02-21,60.63348388671875,61.69722648909027,59.879998979779714,60.54483979703954,32293760
2024-02-22,58.461666107177734,61.47561247818094,58.06276432469501,61.076710695698225,73537487
2024-02-23,58.816246032714844,59.12650370925436,57.97411708737758,58.550313779871026,43386925
2024-02-26,57.61953353881836,58.90488965867105,56.99901819056742,58.860570998430305,31945009
2024-02-27,56.289852142333984,58.062760871226395,56.289852142333984,57.75250319629224,23868328
2024-02-28,55.447723388671875,56.91037115521789,55.447723388671875,56.378499854938475,22093502
2024-02-29,55.93526840209961,56.42282100219459,55.27042763639373,55.66933277212826,26890578
2024-03-01,54.82719802856445,56.20120492201915,54.73855394968892,55.93526592228285,20175496
2024-03-04,53.408878326416016,55.66933640084955,53.09862063481826,55.04881763609882,20743774
2024-03-05,53.009971618652344,54.38397524095659,52.74403597910235,53.49752085475319,26402602
2024-03-06,52.30080795288086,53.49752000257052,51.94622485142575,52.74403513892223,26497367
2024-03-07,55.0488166809082,55.0488166809082,52.52242300300593,52.56674504652866,26192056
2024-03-08,56.289852142333984,56.60010981726814,54.51694341344158,55.13746214486493,37657003
2024-03-11,55.84662628173828,59.03786071664413,55.84662628173828,58.86057254480335,48191463
2024-03-12,56.95469284057617,58.018435371265085,55.4477197466935,55.979594393593,45364832
2024-03-13,56.068241119384766,57.57521090272486,54.51694591054803,56.99902094993096,42112367
2024-03-14,54.64991760253906,57.043341886342255,53.94075134498444,56.334179010342964,25463829
2024-03-15,53.98507308959961,55.492042830215325,53.67481202769541,54.51694436492809,19105710
2024-03-18,54.38397216796875,55.71365367213967,53.80777887842764,54.42829759001839,20322939
2024-03-19,56.555789947509766,56.821725590746475,53.985074220814646,54.38397599489213,33378342
2024-03-20,56.910369873046875,57.397922499133074,56.02391885307104,56.33417654098482,32009831
2024-03-21,60.23457336425781,60.72212598617929,57.08766432357018,57.309277922059884,70194062
2024-03-22,60.98806381225586,62.49503354715598,59.92431450252327,60.10160943570045,40240747
2024-03-25,61.12102127075195,63.82470959059749,60.58915004345223,61.07670261362424,49817005
2024-03-26,60.899410247802734,62.84961384710538,60.67779666354856,61.386962838405864,36699068
2024-03-27,60.899410247802734,61.608576422660036,59.968637251801134,61.076705173072,24146763
2024-03-28,63.3814811706543,64.17929137717253,61.2096708847358,61.2096708847358,43756272
2024-03-29,63.49177551269531,65.02114086272024,63.028331895814325,64.65038455489778,27774426
2024-04-01,64.69673919677734,67.57008853806465,62.61124268061232,64.41867016598633,27219775
2024-04-02,64.97480010986328,66.64320012456919,64.41866912882435,64.74307827846464,35198185
2024-04-03,64.5113525390625,65.76264893849567,63.86253427908638,64.88210886115827,20349141
2024-04-04,67.06029510498047,68.03352960390302,64.37232050606053,64.74307684239241,40655105
2024-04-05,68.86772918701172,70.58246927690654,67.19932921914229,69.19213832754497,32337253
2024-04-08,68.72869110107422,70.86052753619985,68.58965659905573,69.09944741592736,20752790
2024-04-15,69.14579010009766,70.16536470006753,68.26525000730295,68.68234645723965,23868610
2024-04-16,65.43824005126953,69.88730178974663,65.43824005126953,68.9140673245833,26419769
2024-04-17,68.40428161621094,69.51654348330848,65.66995999624771,65.66995999624771,33953332
2024-04-18,68.58966064453125,69.37751344031956,68.1725641854636,68.82138247103305,19527233
2024-04-19,72.94602966308594,73.03872405287528,67.89449656948672,68.17256559567657,30127936
2024-04-22,70.86053466796875,74.84615307849324,70.86053466796875,74.24367489016896,21434323
2024-04-24,73.87291717529297,74.15098620218681,71.46301153803972,71.46301153803972,20996211
2024-04-25,73.31678771972656,74.79980606033249,71.8801165750977,74.10464055021197,16495362
2024-04-26,74.93883514404297,76.09744424358472,73.50216410356444,73.68753873085562,24103533
2024-04-29,75.95841217041016,76.74627204060614,74.3827065731961,75.54131570985025,19436873
2024-04-30,76.42185974121094,78.46101616916954,75.8193886165491,76.05111045575421,27651579
2024-05-02,77.48777770996094,78.04390868170256,76.05110662226083,77.02433405491142,24252253
2024-05-03,78.73907470703125,79.1098310479443,77.39509092675907,78.04390921966515,17804107
2024-05-06,78.1365966796875,79.2488585322059,76.977987636819,78.7390677247084,16108282
2024-05-07,80.50016021728516,80.59284753253745,77.02433285840765,78.18294197803348,24629413
2024-05-08,79.71231079101562,81.93684180880366,78.87811077539646,80.59285093042025,13202458
2024-05-09,82.72469329833984,83.28082427594364,80.36112780403738,80.40747499866646,26190963
2024-05-10,80.17575073242188,83.37350906016617,80.17575073242188,82.86372529268212,15264443
2024-05-13,79.8976821899414,81.42704764463798,79.57327305023944,80.3147857166344,18024895
2024-05-14,83.41986083984375,84.48578269822626,81.33436431884766,81.65877347446254,26296830
2024-05-15,81.42704772949219,83.83695329040384,80.03671678224444,83.69792585295018,33720846
2024-05-16,82.3075942993164,82.77103794498466,81.61242883081403,81.79780346044579,37387709
2024-05-17,87.26644134521484,87.26644134521484,82.21490128045171,82.35393579078261,31398368
2024-05-20,88.84214782714844,90.2788259956304,87.2664422185332,87.3591295358184,22796917
2024-05-21,93.89368438720703,97.69392082471695,89.21290078985696,89.21290078985696,50085601
2024-05-22,93.3375473022461,94.54250360824156,91.76184173741093,93.80099094738453,26984626
2024-05-23,92.68872833251953,95.00594654083253,92.549693825703,92.7814156465343,22484991
2024-05-24,91.99356842041016,93.24486491407774,91.3910902355808,93.05949027486372,13146706
2024-05-27,91.3910903930664,93.15217775499104,90.8813065985548,92.22529041414536,16870183
2024-05-28,92.87409973144531,93.70829967175177,91.0203252292481,91.71549066757206,29928686
2024-05-29,92.41065979003906,94.54250338119165,91.76184151703896,93.05948513462798,20437927
2024-05-30,95.09864044189453,95.09864044189453,92.59604743220886,92.87410939351324,20663252
2024-05-31,99.91845703125,102.32836267562232,95.37670769863152,95.46939501734025,36751484
2024-06-03,100.65995788574219,101.49415785779524,96.95240874025195,99.45500865641114,23553566
2024-06-04,96.67434692382812,102.79180160757625,96.30359059447606,100.65995801749352,20963793
2024-06-05,96.95240783691406,98.62080776547515,95.5620769203094,97.04509515036996,15641930
2024-06-06,95.19132232666016,98.71349687477111,95.19132232666016,97.41585324801503,12058485
2024-06-07,92.64237976074219,96.39627603096825,91.90087418807256,95.74745777093374,11584441
2024-06-10,91.2520523071289,93.24486142629071,90.60323402255945,92.64238326399683,13330130
2024-06-11,95.19132232666016,95.84014767583263,91.0203295009656,91.0666766943311,16620547
2024-06-12,95.46939086914062,96.67434717476532,93.3375472735243,95.1913218535076,15913691
2024-06-13,95.46939086914062,98.4354273684784,94.72787820851177,96.39627815913228,14295018
2024-06-14,97.23047637939453,100.56726914881631,95.65476377189765,97.9719819550501,23642853
2024-06-20,102.69911193847656,102.69911193847656,97.60123197363788,98.99156287313933,21840551
2024-06-21,103.6259994506836,105.20170497855513,102.23566854788331,102.88448680722131,21941605
2024-06-24,105.7578353881836,106.03590439596672,103.44061722861959,103.81137354846756,15789670
2024-06-25,104.83094787597656,106.77740971108075,103.16255504799666,106.12859145657556,15014759
2024-06-26,104.73826599121094,105.75784061751555,103.34793502672584,104.83095330785882,13031571
2024-06-27,108.16773986816406,108.26043425096772,104.55288522965498,105.20170347974928,19261025
2024-06-28,104.18213653564453,110.11421681808059,102.69911823293278,109.00194778735498,23597131
2024-07-01,102.6064224243164,105.20170972186135,99.82576049334209,104.46019704496594,19521161
2024-07-02,104.73826599121094,105.10902232939142,102.23567308377334,102.79180405524959,20298380
2024-07-03,110.11421203613281,110.2068993501042,104.73826296672723,105.29439392214431,26580992
2024-07-04,110.29959106445312,112.15336570419184,108.81657276697997,112.15336570419184,22935842
2024-07-05,113.45101165771484,114.47058631584584,111.13379331124024,111.96799333028893,28390412
2024-07-08,114.74864959716797,116.3243551651924,113.54369328873362,114.09982424970761,19936773
2024-07-09,113.72906494140625,116.50972674507474,112.89487205757662,115.1193958432405,17512242
2024-07-10,114.28520965576172,115.58284624956895,110.94840963857438,114.00714063046642,22768112
2024-07-11,122.71987915039062,122.71987915039062,115.86091843623682,116.32436210998176,29619674
2024-07-12,122.81256103515625,126.7981790521024,120.40264851983707,122.81256103515625,30617785
2024-07-16,123.18331909179688,128.18851910249657,122.34912616160264,123.73945714071176,33738090
2024-07-17,122.81256103515625,123.73944828825178,120.68071752440115,123.4613792836877,20443752
2024-07-18,120.49534606933594,125.03708807160146,119.47576440686288,123.55407691357765,24035686
2024-07-19,121.60761260986328,122.16375065481054,119.56846335035333,120.40265627459623,19622234
2024-07-22,119.47576904296875,123.09063805122572,119.29039440891974,121.97837610375358,19517005
2024-07-23,116.32435607910156,119.84653064559039,115.58284341091795,119.56846162712431,22728202
2024-07-24,117.52931213378906,118.8269486928209,113.72906855734502,115.86091216990685,18497381
2024-07-25,115.675537109375,117.90006095750275,113.63638081980608,116.32435538648078,16138139
2024-07-26,115.675537109375,117.43661731054466,114.09982446676418,115.86091173952269,20303287
2024-07-29,116.97317504882812,117.99275674148129,114.1925131341499,114.47058215425331,14740586
2024-07-30,109.9288330078125,118.54888777680063,109.2800147226581,117.15855681867924,26532833
2024-07-31,114.74864959716797,116.50972979498745,110.76303141227484,111.2264750583513,34789954
2024-08-01,119.19770812988281,121.60760653689084,116.69510826736469,117.62199553387022,27123147
2024-08-02,115.11940002441406,118.45619996728084,114.37789442612393,117.62199998156414,20542978
2024-08-05,111.1337890625,112.61680733322885,105.66515255957275,105.66515255957275,25176221
2024-08-06,108.72388458251953,115.3974704037387,108.72388458251953,114.47058309125887,21696241
2024-08-07,107.51892852783203,110.8557214471366,106.31397218983278,109.74345949789807,21518186
2024-08-08,105.7578353881836,108.0750535477476,104.92363543642283,107.24085359598683,16215076
2024-08-09,102.51373291015625,107.61161300766626,101.9576019502002,106.40666377302628,18500270
2024-08-12,104.55288696289062,105.85052348459094,102.23566878615625,103.25524336960164,16003383
2024-08-13,107.70429992675781,107.8896816271214,101.86491426128616,104.1821324789151,21882995
2024-08-14,104.73826599121094,109.28001522284673,104.55289135791517,108.44581522983788,20553425
2024-08-15,105.66515350341797,106.31397179278581,103.53330985848534,105.20170984770122,22471648
2024-08-16,101.03071594238281,106.12859610461314,101.03071594238281,105.94322147280397,24182456
2024-08-19,103.53330993652344,103.71869164190326,100.4745860494408,101.67953531225918,22851257
2024-08-20,103.8113784790039,105.20170944077627,102.6064221501656,102.97717848762268,22826510
2024-08-21,104.18213653564453,105.47978020236322,103.44062384849411,103.81138019206932,16190415
2024-08-22,105.66515350341797,106.684728131677,103.90406619737654,104.83095350881003,20486407
2024-08-23,101.03071594238281,105.66515245350129,100.38189765946179,105.66515245350129,17537919
2024-08-26,100.8453369140625,102.69911143769167,99.36231163788827,101.86491148774083,22279723
2024-08-27,103.8113784790039,103.8113784790039,100.1038292476109,101.03071655545915,16851863
2024-08-28,102.69911193847656,104.55288647114517,99.6403811309379,104.27481746260942,17848878
2024-08-29,104.08944702148438,105.5724652929062,101.03071609101086,102.3283597303508,18181481
2024-09-02,106.96279907226562,107.70430469175894,104.1821370880902,104.36751172506625,38248910
2024-09-03,105.3870849609375,107.61161593281885,105.20171032644281,106.96279764049842,24545695
2024-09-04,105.7578353881836,106.03590439596672,103.53330454068443,103.71868623640272,26146097
2024-09-05,105.20171356201172,106.87011361013306,103.99675718596973,106.40666993805371,21147590
2024-09-06,103.90406036376953,106.12859120063327,103.81137305214783,105.29439125286079,18338807
2024-09-09,100.10382843017578,102.97717764672416,99.73307209574624,102.60642131229461,15466863
2024-09-10,98.80618286132812,100.93802643887531,96.8597209831613,100.28920109842718,18310553
2024-09-11,98.4354248046875,100.84533735316971,97.23047560203503,98.80618112534543,19480406
2024-09-12,101.67953491210938,101.77222930022899,96.85972373662578,99.5476983455485,24794121
2024-09-13,102.88449096679688,104.4601965583735,99.82576002833761,101.4941600077861,22791953
2024-09-16,103.44062042236328,105.01633306247032,102.14297679862477,102.60642044484646,19562271
2024-09-17,104.73826599121094,105.66515330086767,103.53330966002159,103.90406599820209,16038598
2024-09-18,105.85052490234375,106.9627938850271,104.27481934969498,104.55288836326301,16303380
2024-09-19,107.98237609863281,108.26044513181435,106.40667043484211,107.6116197449205,28534740
2024-09-20,110.4849624633789,110.4849624633789,106.87010767904884,108.07505691662925,17782648
2024-09-23,111.78260803222656,113.82176435463597,111.04110242810502,112.15336437008182,14698554
2024-09-24,116.78779602050781,117.99275230014852,111.3191597131663,112.15335967048766,22669955
2024-09-25,117.62200164794922,119.01232554838894,116.13898335876969,117.06587067345552,22143556
2024-09-26,114.74864959716797,121.32954088554715,114.56326789578408,118.64157339557472,27893268
2024-09-27,114.00713348388672,115.30477706793974,112.61680258774176,115.11939537216725,16707451
2024-09-30,113.45101165771484,113.72907361633828,111.13379331124024,113.543698977256,16982180
2024-10-01,112.80217742919922,116.04628285978607,107.98236647524847,113.6363773828107,26168522
2024-10-02,107.1481704711914,113.17293792150117,107.1481704711914,112.24605062145352,19594781
2024-10-03,103.8113784790039,109.3727023260934,103.25524750861274,107.88968404785399,29665974
2024-10-04,107.05548858642578,107.42624493957109,100.01114616302212,104.64558289836522,35609531
2024-10-07,105.47977447509766,108.53849823243728,104.36750550476523,107.0554800102494,19446617
2024-10-08,106.87010955810547,108.90925880930365,105.01633494007477,105.57246591116618,21883348
2024-10-09,111.31916046142578,111.31916046142578,104.73826221447975,106.8701057784542,19839504
2024-10-10,109.00194549560547,112.43143276208532,108.81657086350988,111.5972327744773,14267747
2024-10-11,110.67034912109375,113.45101112377657,108.81657445263855,109.28001811975236,20886270
2024-10-14,107.98237609863281,112.6168128410634,107.98237609863281,110.76303814409117,18500808
2024-10-15,108.90926361083984,109.83615096071934,106.31397620254157,108.26044529455991,25578863
2024-10-16,108.3531265258789,108.90925749023467,106.22128291232812,108.3531265258789,18343947
2024-10-17,106.40666198730469,109.0946294272475,106.40666198730469,108.1677421523462,23107211
2024-10-18,102.79180145263672,107.98236884097528,101.95760148074919,106.68472522599345,19395477
2024-10-21,100.65995788574219,103.90406338804614,100.10382692823642,102.97717610167358,18360168
2024-10-22,103.53330993652344,105.57246626616752,100.01114239337474,100.93802970550686,25039094
2024-10-23,102.69911193847656,104.46019208724083,100.5672683972722,103.53330482090652,23212666
2024-10-24,103.8113784790039,105.38708407371034,103.1625601921457,103.53330945801385,17119472
2024-10-25,103.06986236572266,104.64557497945295,101.49415682358108,103.34793137743645,26839120
2024-10-28,101.95760345458984,103.44062172688427,101.95760345458984,103.06986539091344,6099673
2024-10-30,100.56727600097656,102.97718166133652,100.56727600097656,102.1429816442456,33054876
2024-10-31,99.0842514038086,102.23566956241324,98.71349507839827,101.4941569115926,22425586
2024-11-01,97.8792953491211,100.84533888793612,97.69392072176522,99.54769528167884,28870744
2024-11-04,93.15217590332031,98.15736885871205,92.54969772942879,97.50854349006384,27013085
2024-11-05,90.60323333740234,94.35712972119369,90.60323333740234,93.70830436994183,23740641
2024-11-06,94.35713195800781,95.56208123045894,90.09344463084354,90.97399182736183,36053938
2024-11-07,97.50853729248047,98.06467530785659,94.2644318702,94.54250087788806,23181477
2024-11-08,101.77222442626953,102.05028636254487,96.76703178583865,97.6012317378419,34562726
2024-11-11,103.6259994506836,105.01633035348388,101.86491222615217,101.95759953868779,31830568
2024-11-12,103.6259994506836,104.46019233509284,102.32835586041892,103.16255581641683,20791928
2024-11-13,105.20171356201172,108.2604446263711,101.21609515349364,103.06986984181103,40566482
2024-11-14,105.47977447509766,106.5920363738414,104.73826182820937,105.85052372695311,24458225
2024-11-15,104.73826599121094,108.07505889165738,104.36750965303045,105.94322232240027,23978790
2024-11-18,105.47977447509766,106.31396736336112,104.1821308788375,105.29439277758124,22230744
2024-11-19,102.69911193847656,106.12859199527803,101.12339934275505,106.03590468296233,23474103
2024-11-20,101.03071594238281,105.01633417058027,100.56727229127097,103.25524688203747,22411981
2024-11-21,106.31397247314453,106.87011052083483,101.77223027532662,101.95760491016404,35417062
2024-11-22,110.7630386352539,111.50455134596663,105.66515819597444,106.40667090668717,41346699
2024-11-25,111.50454711914062,112.70949638888594,109.28001614291749,111.68992175399713,29353283
2024-11-26,111.6899185180664,112.98756213923308,110.02151856633942,111.59723120332353,23223176
2024-11-27,111.31916046142578,113.63637865201162,111.22647314812009,113.08024770058876,25266359
2024-11-28,112.98756408691406,113.26562603593591,110.94840776947576,111.22647679008656,20471950
2024-11-29,111.6899185180664,113.82176211509656,110.76303122746005,113.17293676871881,22682853
2024-12-02,111.96798706054688,112.24604900359999,109.46538714353598,110.76303075921695,18506289
2024-12-03,115.58283996582031,116.60242162208004,110.85571629391733,112.8948725348481,26521223
2024-12-04,114.74864959716797,116.97317344106392,113.54369328873362,116.046286148911,17422711
2024-12-05,115.3047866821289,116.04629231228027,113.54369931918694,115.3047866821289,16285925
2024-12-06,119.19770812988281,120.77341365430676,119.10501374596134,119.56845737921411,21869803
2024-12-09,122.34912109375,122.34912109375,118.36350295675749,120.49534653172348,20600251
2024-12-10,119.47576904296875,122.9052634171767,118.82695075220818,122.34912537185163,15079399
2024-12-11,116.78779602050781,119.75383245588525,113.63637788817637,119.5684578305199,25740589
2024-12-12,116.60242462158203,118.45619921288484,115.67553732593063,117.6219992324808,18260905
2024-12-13,118.4561996459961,118.4561996459961,114.56326874707317,115.39746873052728,17103441
2024-12-16,118.4561996459961,120.21727985690171,117.3439306441943,118.4561996459961,21133440
2024-12-17,120.95878601074219,121.88567325986665,117.52930601761709,118.73426227011429,22313133
2024-12-18,119.0123291015625,121.88568552014529,119.0123291015625,120.40266011510029,19049800
2024-12-19,115.58283996582031,119.383083437504,115.58283996582031,117.06586525798404,12666348
2024-12-20,116.23167419433594,117.06587421712281,115.02671782013387,115.95360516287724,14921005
2024-12-23,116.23167419433594,118.36351083969214,114.0998304773905,116.97317982557709,12832565
2024-12-24,117.2512435913086,117.52931261027928,115.58284362066232,116.50973092177938,11003306
2024-12-25,123.55408477783203,123.55408477783203,120.77342276847277,121.42224107535426,18580720
2024-12-26,121.42223358154297,125.87129535057088,120.95878994191877,124.85171368612663,31981591
2024-12-27,120.49534606933594,122.90525864799363,120.30997144248015,121.514927731809,17708483
2024-12-30,116.97317504882812,121.14416792084545,116.97317504882812,120.68072426839908,16032503
2024-12-31,115.3047866821289,117.71469235540197,114.74865569161807,116.78780501402085,21528476
2025-01-02,119.38308715820312,119.93921105271369,115.76822527117329,116.32435623727275,27479779
2025-01-03,119.6611557006836,121.60761053848854,118.82694864747198,120.12459934918635,21918936
2025-01-06,120.03189849853516,121.88567299272103,119.75382949577188,120.03189849853516,20229737
2025-01-07,117.71468353271484,120.68071997419501,117.71468353271484,120.0319017124927,15541996
2025-01-08,118.3635025024414,119.66115317678567,117.34392791155801,117.52930961000237,16949245
2025-01-09,121.23686218261719,121.70030583458194,117.52931296689908,118.91964392279337,20934343
2025-01-10,118.73426818847656,121.79298494850876,117.34393017389935,121.42223568764963,20235584
2025-01-13,118.08544921875,119.10502388437624,116.88049284108949,118.64158021167438,21165843
2025-01-14,117.99275970458984,121.70030901726712,116.32435968524943,118.73427239576095,38032879
2025-01-15,118.91964721679688,120.4953528484876,117.62200354103379,118.08544720583568,21465033
2025-01-16,120.30997467041016,121.05148734090565,118.27081836234198,120.49534930223957,20940322
2025-01-17,123.09063720703125,123.46138647258658,120.0319062650771,120.30997528583255,31204630
2025-01-20,124.20289611816406,125.12978340262796,121.42223426477233,124.20289611816406,23761998
2025-01-21,124.01752471923828,125.77860494830601,123.73945569802287,123.83215008615399,31503969
2025-01-22,127.7250747680664,127.7250747680664,124.4809691672826,124.7590381902711,29388980
2025-01-23,123.73945617675781,129.02271102757928,123.27601252066508,128.6519617599763,41589873
2025-01-24,122.627197265625,124.29559729748502,121.88568456888963,123.8321536299227,21664345
2025-01-27,124.01752471923828,124.48096837353799,120.03190646362518,120.30997548484059,23864013
2025-01-28,125.59323120117188,125.87130022434881,123.18331852454237,124.66634388603407,22749413
2025-01-29,124.94441986083984,127.07626363290342,124.29560153278018,125.7786128336053,26820125
2025-01-30,121.9783706665039,125.59322537044883,121.9783706665039,124.94440710860967,21118865
2025-01-31,117.99275970458984,123.0906400095211,117.6220033590043,122.25643292826177,31997623
2025-02-03,115.49015045166016,116.78779402177537,111.31915780802531,115.95359407873069,46311577
2025-02-04,116.0462875366211,118.17813116270148,114.47058194975398,116.0462875366211,37754999
2025-02-05,115.0267105102539,117.34392871985446,113.63637958449357,116.23166680788171,26622636
2025-02-06,118.27081298828125,118.8269439300886,115.39746389595275,116.04628214946324,23480562
2025-02-07,119.19770812988281,119.75383200387977,116.41703925877756,117.99275185479016,25154138
2025-02-10,118.27081298828125,119.75383119029706,118.085438364875,119.38308194348456,15000686
2025-02-11,120.12459564208984,120.2172758830236,117.71468308697533,117.80737039949774,13622848
2025-02-12,120.03189849853516,120.95878574562809,119.29038587222541,120.12459288051525,18183167
2025-02-13,120.68072509765625,121.60761240891809,119.93921242001117,121.14416875328718,22249410
2025-02-14,119.5684585571289,121.32953872356758,119.5684585571289,120.86609508574925,18484502
2025-02-17,118.64157104492188,120.30997096637657,118.64157104492188,119.66115270336013,12362334
2025-02-18,120.77342224121094,121.23686590741423,118.36350951968257,118.64157854804019,18219750
2025-02-19,118.91964721679688,121.42224017809134,118.8269528265652,120.8661021230578,21982830
2025-02-20,121.23686218261719,122.7198733829977,119.47576781924437,119.47576781924437,34256634
2025-02-21,118.64157104492188,121.70030187705925,116.88048381040608,121.42223286628723,25644853
2025-02-24,116.13898468017578,120.12460300730801,115.67554101755991,119.84653398110285,21661219
2025-02-25,116.78779602050781,118.17812692551387,115.21209049013643,116.04628337586912,33619334
2025-02-26,117.06587219238281,119.29039611922074,115.58284681237205,116.97317780244032,34830052
2025-02-27,117.90006256103516,119.93921180674923,116.78780062184366,116.97317525451258,36854595
2025-02-28,119.29039001464844,119.75383365428824,116.78779718922902,117.71468446850862,35393733
2025-03-03,127.44700622558594,130.69111183860085,120.58804572962563,120.68072597551922,59472540
2025-03-04,127.63238525390625,129.48615995372532,126.6128176549129,127.16894157895149,25423693
2025-03-05,129.30078125,131.15455589157705,125.40785733132378,129.3934756393501,34592664
2025-03-06,128.65196228027344,131.6179988626266,125.68592569792027,130.6911115466926,35424872
2025-03-07,131.52529907226562,131.89606246931947,128.28119359972595,128.65195699677983,32809447
2025-03-10,129.85691833496094,132.17413661971628,129.5788493121547,131.80337320824862,20267904
2025-03-11,126.6128158569336,131.2472525406694,126.6128158569336,130.69111448134976,20707229
2025-03-12,133.00833129882812,134.02791301483606,127.35431295219901,127.5397017319664,40107544
2025-03-13,132.91563415527344,133.93521585015827,131.80337221560322,133.47177219669751,18352229
2025-03-14,132.91563415527344,133.93521585015827,131.98874684835192,133.19370317598546,26481922
2025-03-17,132.17413330078125,134.95479517266435,131.61799526913356,133.10102059140894,25601379
2025-03-18,129.022705078125,132.26681052118292,128.93002483708688,131.8960612706758,24877956
2025-03-19,116.13898468017578,122.53450156700369,116.13898468017578,120.68072691654017,41355038
2025-03-20,108.63118743896484,117.90006032869184,106.40666360270141,115.21209284794206,72268532
2025-03-21,99.36231231689453,108.16774136430624,97.78660678967736,106.87010484616911,50753195
2025-03-24,102.69911193847656,106.59203562844519,98.80618117691928,104.18213015029372,60517866
2025-03-25,110.20690155029297,111.04110153586709,103.81137775634333,105.75783967495698,41084746
2025-03-26,110.4849624633789,111.22647512618904,107.70430058522419,108.44581324803431,30997065
2025-03-27,114.09982299804688,114.65595395292019,110.94840482497982,112.61680476118849,30066070
2025-03-28,113.41671752929688,114.85845546399132,110.91770657577149,114.76234106829003,22993684
2025-04-02,112.55167388916016,113.51283251730509,111.4944008648124,112.07109457508768,21654816
2025-04-03,109.57208251953125,114.47399000774072,109.18761760548264,112.74390889410942,27160147
2025-04-04,106.49637603759766,109.57208063085451,105.72744622275435,109.28373011702372,24727434
2025-04-07,105.53521728515625,106.8808334596269,100.72942428188061,101.5944611560237,37663409
2025-04-08,106.1119155883789,107.55365355198987,104.18959830356428,107.45753915436083,21124367
2025-04-09,101.69058990478516,105.53522457289714,101.40223937145329,104.57406590586913,23433627
2025-04-10,101.40223693847656,106.78472387807783,101.21000814290664,106.49638068472295,22865912
2025-04-11,103.32455444335938,104.09348429337057,98.61487561142245,101.21000835541635,26511673
2025-04-14,102.65174865722656,104.86240919339517,102.26728372348373,104.67018039305309,15233768
2025-04-15,101.59446716308594,103.80513500852803,101.59446716308594,102.94009075017857,21146732
2025-04-16,101.40223693847656,102.07504505602978,99.19156912412997,100.92165761649326,25833772
2025-04-17,100.63330841064453,104.7662935671596,100.5371940115983,101.59446706722397,46870537
2025-04-18,98.80711364746094,101.11388857589894,97.46149005049968,100.92165977621532,18397523
2025-04-21,98.13429260253906,102.17116316388658,97.36537011446686,98.51875751310429,41453396
2025-04-22,97.36537170410156,99.3838033512001,97.26924997509724,99.19156722624983,20321338
2025-04-24,100.63330841064453,100.63330841064453,96.11586565794458,97.55760364281375,31760788
2025-04-25,98.61487579345703,101.4022373385697,98.51876139529284,100.82554361652603,19810812
2025-04-28,97.36537170410156,99.9604970599342,96.98090678725937,99.09545283030387,23302360
2025-04-29,98.42264556884766,99.19156807606132,96.8847932213619,97.26925080843952,22921683
2025-04-30,98.71099090576172,98.90322703653939,96.5964447986174,98.42264770918308,30560002
2025-05-02,99.28768920898438,100.72942715103318,98.90322429115967,99.76826852300064,19416308
2025-05-05,97.46148681640625,100.34496271432916,97.269250690043,100.24884831767675,16315327
2025-05-06,97.65371704101562,99.76827046365369,96.980908921529,97.36537384683214,29214566
2025-05-07,96.0197525024414,97.84595544020506,95.39499790096191,97.65371930656438,28530661
2025-05-08,96.21197509765625,97.07701931059997,95.63528140004651,96.30808949174816,13097428
2025-05-09,97.26924896240234,98.13429318302649,94.91441328748057,96.8847913826212,37668552
2025-05-12,102.26728057861328,102.74785989774863,99.57603345823196,100.15272717458268,31755667
2025-05-13,105.43910217285156,106.01580323586771,101.78670366108159,101.88281806056473,38110249
2025-05-14,109.1876220703125,109.95655192985231,104.18959998247956,104.76629371060511,29769443
2025-05-15,105.82356262207031,110.05266201774829,105.150754521124,108.99538900209338,20365830
2025-05-16,108.89927673339844,109.57208484748416,104.76629165241907,105.8235646887217,21126020
2025-05-20,107.74588012695312,109.95654789215861,107.74588012695312,108.89927487390925,25323301
2025-05-21,106.8808364868164,109.28373305651155,106.68860769446415,107.2653014045793,17443385
2025-05-22,108.03423309326172,109.95655038199214,106.68860952453872,107.74588256672875,27685500
2025-05-23,106.49637603759766,109.37985184367277,106.111911130176,107.84199221398616,19884382
2025-05-26,107.45753479003906,107.93811409172429,104.95851655482936,107.64976357748988,14368128
2025-05-27,106.1119155883789,108.61092659202622,105.53522186954622,107.45753915436083,11916667
2025-05-28,106.8808364868164,106.8808364868164,104.86240483488417,106.11191398434899,12023594
2025-05-29,105.34298706054688,108.22646302388151,105.05464386404856,107.6497692978263,20461088
2025-05-30,101.78669738769531,105.63133179453511,100.92165317954472,105.24686688723949,36474547
2025-06-02,103.61290740966797,104.0934867439743,101.21001073813632,101.88281887294171,27796939
2025-06-03,109.57208251953125,112.16720785650735,105.15075434061796,105.24686873586555,45759895
2025-06-04,111.2060546875,111.39829082047387,109.18762295615565,109.28373735611325,24212522
2025-06-05,111.59051513671875,111.59051513671875,110.05266280001148,110.34101332135712,9135713
2025-06-10,117.5497055053711,118.2225136252998,112.07109681558306,113.416720388499,54836417
2025-06-11,116.39630889892578,118.7030910829387,116.10796570908568,117.16523873794955,27218956
2025-06-12,114.37787628173828,116.780772842279,114.08952576125006,115.05068438546634,22832828
2025-06-13,112.64778900146484,112.64778900146484,107.64976703656211,109.09150498794465,30121587
2025-06-16,112.84002685546875,115.14680907960394,111.68663207687187,113.12837005032405,33027966
2025-06-17,110.62935638427734,113.32060347025906,110.5332419882905,112.8400241572665,25375456
2025-06-18,110.05266571044922,112.1672118127104,109.47597198556512,110.53324503669572,22352540
2025-06-19,107.93811798095703,112.2633318519704,107.84199625070997,111.39828761115604,28405204
2025-06-20,110.82159423828125,111.87886727674815,109.28373454626558,109.37985627681041,23057586
2025-06-23,110.72547149658203,111.97498065166953,109.09150475506001,109.18761915166864,19266609
2025-06-24,115.33903503417969,117.45358107658298,114.76234132562047,115.33903503417969,37509186
2025-06-25,114.95457458496094,116.1079693799624,114.0895303219745,115.72350444829524,21682175
2025-06-26,114.1856460571289,116.8768857713254,114.1856460571289,114.76233975780971,24519554
2025-06-27,118.03028106689453,118.41473864713738,113.41671677339743,114.28176099506041,34525322
2025-06-30,129.75640869140625,129.75640869140625,119.37589306287053,119.66424357096354,48827913
2025-07-01,131.58261108398438,132.9282419708028,129.66029381662966,129.75641554644412,34197090
2025-07-02,133.5049285888672,134.75443774809423,130.23699509499667,131.67873304807782,35755748
2025-07-03,130.33311462402344,138.31071943012634,129.85253531444533,136.4845239201763,40690850
2025-07-04,132.0631866455078,132.35153716063493,129.37195428063185,130.90979925111577,19260333
2025-07-07,131.10203552246094,132.73601697941007,129.37196166517856,130.33312032638756,20830134
2025-07-08,131.9670867919922,133.12047424937705,130.23699827285625,132.25543732286772,28593858
2025-07-09,134.17774963378906,134.7544360079042,130.81369445337575,131.9670818677227,41834293
2025-07-10,136.38839721679688,137.34955580089303,135.23500984910473,135.81171086600884,36354623
2025-07-11,136.6767578125,138.79130392034963,135.61949209163376,137.44568766975001,28267561
2025-07-14,132.15931701660156,136.29230222743513,131.9670882159827,136.196180494067,18850454
2025-07-16,128.6991424560547,132.63989894328037,126.9690685505582,131.870969059661,26471986
2025-07-17,136.10006713867188,136.10006713867188,128.89137745264298,129.9486431402572,29612578
2025-07-18,133.60104370117188,136.38839773928225,133.31269319161518,136.00394017061743,18006585
2025-07-21,137.4456787109375,137.83013628144468,134.17774536327778,134.27385242284646,22893100
2025-07-22,133.98550415039062,139.17576943564816,133.21658899653005,137.73403152298494,27906135
2025-07-23,134.85055541992188,136.29229332961572,132.1593083886034,134.65832663185265,22385180
2025-07-24,134.27386474609375,139.65635922388063,133.9855142086913,135.811724501495,48222349
2025-07-25,134.5622100830078,136.1000697789747,133.88940196581618,134.36998128754118,17875574
2025-07-28,131.87095642089844,135.8117125304346,131.6787276349466,135.52336201844867,13704507
2025-07-29,133.60104370117188,134.75443107328252,131.96707703517214,132.25542754472883,14950323
2025-07-30,136.86898803710938,136.96510977006162,133.02435337689712,133.6010544423759,27102191
2025-07-31,137.25344848632812,138.9835368676997,136.29228990402348,137.83013483604128,22137226
2025-08-01,139.8485870361328,140.04081583766688,136.77288221323516,136.96511101476923,21665337
2025-08-04,145.9038848876953,148.4990102896305,140.90586287913177,141.1941987390336,30886805
2025-08-05,144.17379760742188,146.76892303113203,143.78934001358226,145.4233067865763,15862512
2025-08-06,143.78933715820312,145.90388321456442,141.57866937223216,144.84660285332535,23020977
2025-08-07,142.6359405517578,146.76892575990232,142.6359405517578,144.65437962223598,23214381
2025-08-08,140.8097381591797,143.30875644346847,140.8097381591797,142.73205540367363,13529901
2025-08-11,140.8097381591797,142.92428419489968,140.52138763928227,142.25147609255012,13738516
2025-08-12,140.6175079345703,142.251474642511,140.3291574176122,140.90585845152845,13728642
2025-08-13,142.34759521484375,143.40486088028692,140.7136138540487,140.80973558096008,17286394
2025-08-14,138.98355102539062,143.0204145490659,138.69520048810293,141.86702706603262,17258277
2025-08-15,137.3495635986328,139.3680026062739,137.06122773992718,138.98354501725507,18308930
2025-08-18,135.5233612060547,137.25344960148288,134.56220261594083,137.15732787602502,18320601
2025-08-19,137.4456787109375,137.4456787109375,136.10006254804614,136.29229133329974,17535801
2025-08-20,140.2330322265625,141.00196203075492,136.86897716607223,137.06122061670746,19939336
2025-08-21,142.34759521484375,142.92428157796283,140.329156278636,141.1941931563728,22326411
2025-08-22,143.78933715820312,143.98156595130564,140.3291602178906,142.53982800386154,30751460
2025-08-25,142.34759521484375,146.09610790652513,142.34759521484375,145.13494930187696,21000295
2025-08-26,143.02040100097656,144.17378837475135,141.38643433261927,142.15534947105837,15691651
2025-08-27,139.46412658691406,143.50099000121622,139.36800485504992,143.50099000121622,20049509
2025-08-28,140.13693237304688,141.67477739438988,139.464124259577,139.464124259577,14669824
2025-08-29,138.50296020507812,140.9058567064423,137.73403039141832,140.42527740616947,20065557
2025-09-01,140.32916259765625,142.1553581622748,138.5029670330377,138.5029670330377,24578592
2025-09-02,135.138916015625,144.07767998961117,130.71758022964585,140.90586808457996,57824215
2025-09-03,128.60302734375,135.7155953236254,127.54574698663379,135.52336653127247,36483093
2025-09-04,133.02435302734375,133.98551168987115,129.1797183772342,129.3719618426335,33173392
2025-09-05,133.40882873535156,137.44569228893593,131.39038962550055,133.9855151480821,40502344
2025-09-08,131.48651123046875,133.79328621134178,129.75642266175515,131.2942824264156,20653021
2025-09-09,132.7360076904297,133.98550212966688,129.66028845690855,132.25542839345653,34325956
2025-09-10,136.38839721679688,136.38839721679688,132.44765582167233,133.98550075655652,26878973
2025-09-11,132.44766235351562,141.5786693527375,132.3515406239192,136.3884039429834,58441974
2025-09-12,132.54376220703125,133.4088137279926,130.14086575899867,132.63988393139897,23415882
2025-09-15,140.6175079345703,140.8097367238369,129.4680621637107,131.87095869483417,78430234
2025-09-16,143.9815673828125,144.07767444726088,139.75246056192609,140.90586266424228,40932468
2025-09-17,142.7320556640625,144.36602239163986,142.347598080909,143.78933601690963,29191880
2025-09-18,138.0223846435547,143.40486415274123,136.77287549577534,143.3087570897531,21493157
2025-09-19,142.25148010253906,142.53983063056492,137.8301444491214,138.40684550517312,31856056
2025-09-22,143.78933715820312,147.537849955111,143.78933715820312,146.3844625303791,32400250
2025-09-23,140.8097381591797,143.59709229724922,139.65635074570667,141.9631255726527,21892736
2025-09-24,140.32916259765625,142.3476016247543,137.25345785750636,141.2903212455854,28763507
2025-09-25,136.96510314941406,141.57866745188082,136.38840211181198,141.09808814258463,25962589
2025-09-26,134.36997985839844,138.59907197815178,134.08162933520688,136.38840418850563,30753258
2025-09-29,132.25543212890625,134.9466645350746,132.15931040035025,132.83211850189232,25384193
2025-09-30,134.36997985839844,134.56220865182053,132.15931206875229,132.9282419085575,28646594
2025-10-01,140.32916259765625,141.38644297682515,132.9282439418252,133.88940258975435,36857066
2025-10-02,135.04278564453125,141.098087862883,134.56220633618773,139.84857872796653,27256027
2025-10-03,130.42922973632812,136.19618180719996,130.04477213138367,136.00395300472775,36730967
2025-10-06,127.83409881591797,131.4865045724533,127.35351949706113,131.29427577813394,22693319
2025-10-07,129.2758331298828,129.2758331298828,126.87293660330506,127.93021694144588,26862988
2025-10-08,125.81565856933594,130.62145171050412,125.71955150618263,129.08360670500034,36518898
2025-10-09,124.95062255859375,128.02632725758193,123.5088846059946,127.44964087621237,30130619
2025-10-10,125.04674530029297,126.20013273848092,123.70111440064288,125.04674530029297,18298861
2025-10-13,121.77879333496094,124.37391865686074,120.91375644969985,122.54772315859108,22533076
2025-10-14,114.85845947265625,122.6438431251116,114.76234507360047,122.06714939771835,34958433
2025-10-15,114.1856460571289,116.68465698211789,112.9361369281053,115.53126224769802,60986453
2025-10-16,115.81961822509766,117.16524181216694,113.03225665182383,113.32060718228819,47402415
2025-10-17,113.51283264160156,115.62738602567089,110.91770727599193,114.76234179278154,41818981
2025-10-20,119.37590026855469,119.85647958901274,113.03225470512021,113.99341334603629,46436345
2025-10-21,121.00987243652344,122.4516103750053,118.60697587238698,119.56813449804156,37392880
2025-10-22,121.10598754882812,122.7399542888826,120.43317944011355,121.58656686449808,30928020
2025-10-23,121.2982177734375,124.08558663688991,120.43318086146913,121.4904539018093,60700239
2025-10-24,126.48847961425781,132.44766009468518,121.77879360057364,122.93218833853454,109283397
2025-10-27,123.79723358154297,126.29623720179245,123.22053254126872,125.91177961902075,31453242
2025-10-28,123.02830505371094,124.47004300355911,123.02830505371094,123.60500610009694,11348291
2025-10-30,124.95062255859375,126.20013171740307,123.22053408225139,125.33508014617344,37491614
2025-10-31,129.37196350097656,129.37196350097656,124.18169785712733,125.5273288015849,57293889
2025-11-03,129.2758331298828,133.50492515021304,128.89137555207697,130.1408700130042,47979367
2025-11-04,128.98748779296875,131.77485667539577,128.12245087511175,129.2758383209601,41812400
2025-11-05,129.75640869140625,131.1981465657552,127.16128345080133,128.9874788918636,37789382
2025-11-06,131.29428100585938,132.15931794779797,129.5641924558647,130.71757993382198,33142722
2025-11-07,128.31468200683594,131.6787373403485,126.3923646734002,131.48650854022839,31292097
2025-11-10,125.04674530029297,129.46806625769958,124.56616597887158,128.8913798716641,26435072
2025-11-11,122.73995208740234,126.96905878911419,119.37589693805081,125.04674156091332,48006535
2025-11-12,124.08558654785156,125.81566037054691,122.83607738003619,124.27781534302694,24759552
2025-11-13,124.47003936767578,125.81565554844734,123.41275903555784,124.7583898824458,19006448
2025-11-14,124.18169403076172,125.33508147181682,122.93219219179512,123.98946523493872,15585454
2025-11-17,123.02830505371094,125.52732336656118,122.25937521390188,125.04674404994512,39451141
2025-11-18,124.18169403076172,125.14285267599381,122.25937674029755,122.5477272670906,28529518
2025-11-19,127.44963836669922,128.98748335285435,124.08558321020689,124.95062009828685,38940935
2025-11-20,130.23699951171875,130.23699951171875,127.44964524101452,128.21856044250714,25542755
2025-11-21,128.0263214111328,129.3719522384459,126.87293403494745,129.3719522384459,23633060
2025-11-24,129.8525390625,130.71757597826226,126.87294139066631,126.87294139066631,30879139
2025-11-25,131.48651123046875,132.92824926004383,129.85254439684056,130.429230809,37260250
2025-11-26,132.25543212890625,133.12046902144368,130.62145074015405,131.87095988079886,27146020
2025-11-27,133.40882873535156,134.85056676635438,133.02435646074687,133.5049358044145,23562610
2025-11-28,133.5049285888672,134.1777513665319,132.63989168346527,133.0243492711735,24680403
2025-12-01,137.25344848632812,138.02237828539506,131.96707628365252,133.3126924324326,37313017
2025-12-02,136.48452758789062,138.40684487786092,135.52336894290548,137.15733570615683,29243646
2025-12-03,136.29229736328125,137.73403531564435,134.3699800934638,136.96510547449398,78011613
2025-12-04,132.0631866455078,137.9262600106656,131.67872906941594,136.6767508891924,38761297
2025-12-05,136.0039520263672,136.1961808274566,131.29428040214844,131.96708853902007,35039193
2025-12-08,135.71559143066406,138.69518895807414,134.85055455683087,137.63790863128568,44164705
2025-12-09,135.138916015625,137.15734044008872,134.36998613987416,136.10007469378417,27576202
2025-12-10,134.27386474609375,136.0039533043908,132.92824845970583,135.42725222958592,32190834
2025-12-11,133.79327392578125,135.52336233562957,133.216587566576,134.65832546376356,37533238
2025-12-12,134.94667053222656,135.5233715969584,133.12047493743788,134.5622129331502,24568466
2025-12-15,135.90782165527344,136.77287320437435,134.8505559834165,135.23501356116148,25705814
2025-12-16,134.27386474609375,136.19618210728655,132.83212672519915,136.19618210728655,26938807
2025-12-17,134.7544403076172,135.61949189556677,133.02435179783518,133.88940338578476,24075692
2025-12-18,138.0223846435547,138.0223846435547,135.33113755590304,135.33113755590304,32703341
2025-12-19,136.48452758789062,138.40684487786092,135.90782653445274,138.02238728631366,26550372
2025-12-22,138.40684509277344,139.1757749431789,136.58064953091284,136.86898539196247,27091973
2025-12-23,136.7728729248047,139.36799823456994,136.29229362054755,138.02238204909654,24444989
2025-12-24,135.71559143066406,138.1184879314411,135.52336264382518,137.061222270769,20399604
2025-12-25,135.42724609375,136.77287698528866,135.0427885053772,136.1000688725778,6825656
2025-12-26,133.98550415039062,135.90782136727495,132.35153744926225,135.42724206305385,20179957
2025-12-29,135.90782165527344,137.06122372074134,133.12046755133116,133.6971685840651,21197041
2025-12-30,136.48452758789062,136.96510691038318,134.75443909369395,135.90782653445274,17852530
2025-12-31,137.92626953125,138.98354993765778,136.96511085855838,137.25346139358936,22541241
2026-01-02,143.88543701171875,143.88543701171875,138.50295774397574,138.69518652744583,31195721
2026-01-05,142.53982543945312,145.0388290370603,141.86701734264028,144.75049318565235,35743232
2026-01-06,144.46214294433594,144.65437173434765,141.4825453677466,142.9242832920092,48341609
2026-01-07,140.52139282226562,145.23107904465755,140.23304229173272,144.8466067819079,35181691
2026-01-08,140.13693237304688,141.77089912464996,139.464124259577,140.71361875625666,26152338
2026-01-09,139.8485870361328,141.67478264988276,138.88742836234496,140.80974570992066,26627584
2026-01-12,139.9447021484375,142.2514769899357,139.75245868988202,140.32915973331495,31004444
2026-01-13,141.963134765625,142.9242934501128,139.5602380544055,140.32916793521926,31414142
2026-01-14,140.42527770996094,142.73205248981444,139.8485766819394,142.44370197580363,27692031
2026-01-15,138.88742065429688,140.71361616669563,136.003944792962,140.52138737582996,32432112
2026-01-16,139.17576599121094,140.52138214328096,135.5233604363002,139.27187305000675,51765041
2026-01-19,142.7320556640625,143.50098549648618,139.7524580632145,139.94470152090796,44295929
2026-01-20,141.09808349609375,143.11650772899918,140.52138247748297,142.92427894483433,42094371
2026-01-21,145.13494873046875,145.13494873046875,141.0980855400631,141.5786648404951,44963828
2026-01-22,142.7320556640625,146.96114774321768,138.7912994392141,146.09611084806397,76033395
2026-01-23,145.42330932617188,146.4805750607529,142.63594039074766,143.40487025797216,43464250
2026-01-26,144.94271850585938,145.711648312147,141.2903129255803,143.59708767832697,55578675
2026-01-27,141.29031372070312,145.61552740603076,140.61750563620873,145.03882638154056,34994940
2026-01-28,144.46214294433594,145.90388086859855,140.80973726964737,141.77089588582243,56346313
2026-01-29,151.57470703125,155.61157018458852,145.1349473978152,145.61552669383448,71274345
2026-01-30,155.03489685058594,155.70770498829955,149.26794481398227,151.4786126945705,45605950
2026-02-02,153.88150024414062,156.47662557337685,147.0572682060411,148.97958543749263,56743312
2026-02-03,158.59117126464844,159.6484516061927,151.47860338952898,154.65041508192874,47580142
2026-02-04,155.3232421875,163.1086183766945,155.13099872648633,159.55233433969576,43574743
2026-02-05,148.30677795410156,153.97760794392957,147.63396985352958,153.4970286340758,33494227
2026-02-06,148.787353515625,149.17181108737591,145.03882619353038,148.30677421787823,34775469
2026-02-09,151.09413146972656,152.8242199113806,149.46016475609864,150.03686579202218,29956375
2026-02-10,149.17181396484375,152.824219631396,147.92230483337633,151.19025292076162,35024817
2026-02-11,148.49900817871094,150.42132543668777,146.67281265007963,147.3456207571482,32117888
2026-02-12,156.95721435546875,157.14944315699387,149.07571616399898,149.1718232317028,60442399
2026-02-13,154.55430603027344,158.206711648626,153.977605003017,157.2455530472762,27886795
2026-02-16,155.03489685058594,157.05332126372676,152.0552990985604,155.51547618696958,39036225
2026-02-17,153.11257934570312,156.18828416213395,152.9203505445732,154.2659668186,33805876
2026-02-18,154.84266662597656,158.11060021690022,152.82422756527134,153.78538622920385,41855195
2026-02-19,149.17181396484375,155.89992426308132,148.11454828907634,155.6115737456478,30009984
2026-02-20,151.57470703125,151.57470703125,147.8261943887463,149.46016106198852,22921972
2026-02-23,152.24752807617188,154.55431769315476,151.67084167151424,153.68926608699212,33077680
2026-02-24,153.3048095703125,155.32324866621192,151.09414167149828,152.43977262413708,33867997
2026-02-25,153.9776153564453,155.22712455544013,151.67084042454513,153.8815082895179,34267899
2026-02-26,157.5338897705078,158.11059080097007,152.63198967604427,154.26595637419877,27157685
2026-02-27,153.88150024414062,158.30282107680918,151.7669395566507,158.11059228688734,47545032
2026-03-02,140.6175079345703,148.59512735112364,140.52138620687876,146.09610909230858,46915066
2026-03-03,132.25543212890625,142.4437047128269,131.1981517792568,140.13692988864926,35428017
2026-03-04,133.2165985107422,135.13891586491673,131.00593062021798,132.63989743804282,32739963
2026-03-05,134.7544403076172,137.44568747104287,134.27386098079538,134.8505620394284,20921427
2026-03-06,130.23699951171875,135.23502165200773,128.69913977649873,133.40882604928666,22912198
2026-03-09,130.6214599609375,130.8137034316203,124.47005021814792,126.39236759603438,27708713
2026-03-10,135.61949157714844,136.96510782264335,133.5049308112034,136.5806502285354,28058059
2026-03-11,133.889404296875,135.715599884778,131.39038591394933,134.94667002340722,18675064
2026-03-12,132.54376220703125,135.23500916205094,130.52533799035348,132.54376220703125,26859548
2026-03-13,127.6418685913086,131.58261016210653,126.96906048567156,130.71757326430418,25704709
2026-03-16,128.89137268066406,130.333110564492,126.77681205149015,128.5069004453069,29162251
2026-03-17,133.12046813964844,134.8505565793798,129.0836048910196,129.0836048910196,26088953
2026-03-18,130.5253448486328,135.33113799721195,130.5253448486328,134.17775057477633,27635597
2026-03-19,129.8525390625,131.00592650555538,128.89138041560102,129.2758380079138,12854219
2026-03-23,129.08360290527344,129.6602892655681,121.29821237930638,124.9506179923047,49759731
2026-03-24,124.95062255859375,128.60302830506834,124.66227203485055,127.16129035246917,20463377
2026-03-25,125.3350830078125,127.64187258430968,124.9506254114549,126.87294272547729,30542335
2026-03-26,121.77879333496094,126.29623588287785,121.77879333496094,124.75839090173407,29076227
2026-03-27,121.5865707397461,123.22053753187892,120.72152647735751,122.35550060254897,20849960
2026-03-30,120.62541198730469,122.3555005107843,119.85648212507849,121.39434184953087,17284132
2026-03-31,121.5865707397461,123.31665926452325,120.91376260958756,121.10599140875895,29341179
2026-04-01,123.79723358154297,127.25739582483841,123.31665427002,126.39235893054372,29567474
2026-04-02,126.20013427734375,126.20013427734375,120.91376167724732,120.91376167724732,25472278
2026-04-03,127.06517028808594,127.93022187065465,124.75839540013683,126.10401164042096,22370413
2026-04-06,130.33311462402344,131.00592272420943,127.06516651922247,127.64186755716283,28633428
2026-04-07,127.0999984741211,131.0,126.80000305175781,130.39999389648438,22680912
2026-04-08,137.5,139.8000030517578,134.3000030517578,135.3000030517578,52048781
2026-04-09,136.6999969482422,137.6999969482422,135.1999969482422,136.60000610351562,27312678
2026-04-10,140.39999389648438,140.6999969482422,137.3000030517578,137.6999969482422,34997831
2026-04-13,138.6999969482422,139.10000610351562,135.89999389648438,136.6999969482422,37010851
2026-04-14,140.0,144.1999969482422,138.0,140.8000030517578,42446024
2026-04-15,138.8000030517578,140.6999969482422,138.6999969482422,140.6999969482422,20067355
2026-04-16,137.0,140.5,136.60000610351562,139.8000030517578,24457061
2026-04-17,146.39999389648438,147.10000610351562,136.39999389648438,137.10000610351562,49171307
2026-04-20,144.0,147.6999969482422,142.8000030517578,144.0,38048647
2026-04-21,141.8000030517578,145.8000030517578,141.8000030517578,144.89999389648438,20234879
2026-04-22,139.39999389648438,144.0,139.3000030517578,143.10000610351562,22544707
2026-04-24,138.0,139.89999389648438,136.39999389648438,138.8000030517578,22759476
2026-04-27,136.6999969482422,139.39999389648438,136.1999969482422,138.10000610351562,23883931
2026-04-28,134.60000610351562,137.10000610351562,134.3000030517578,136.5,18070338
2026-04-29,132.6999969482422,136.39999389648438,132.3000030517578,135.8000030517578,24681843
2026-04-30,133.8000030517578,134.8000030517578,131.0,132.0,27400523
2026-05-04,129.60000610351562,134.89999389648438,128.89999389648438,134.1999969482422,30032824
2026-05-05,129.39999389648438,130.8000030517578,128.3000030517578,129.60000610351562,23142970
2026-05-06,136.60000610351562,137.5,130.89999389648438,131.8000030517578,74603470
2026-05-07,137.60000610351562,139.0,136.60000610351562,138.0,47414602
2026-05-08,137.3000030517578,138.1999969482422,134.8000030517578,136.6999969482422,34280123
2026-05-11,138.1999969482422,138.60000610351562,136.10000610351562,136.60000610351562,38541286
2026-05-12,133.39999389648438,138.3000030517578,133.3000030517578,137.6999969482422,28038200
2026-05-13,131.5,134.60000610351562,130.6999969482422,134.1999969482422,28761121
2026-05-14,133.6999969482422,134.1999969482422,131.0,132.10000610351562,24762552
2026-05-15,129.8000030517578,131.6999969482422,129.0,131.5,26965070
2026-05-18,129.3000030517578,130.6999969482422,126.5999984741211,128.6999969482422,26936943
2026-05-20,129.8000030517578,131.10000610351562,127.5999984741211,128.8000030517578,24242460
2026-05-21,120.0,130.3000030517578,120.0,129.0,27281106
2026-05-22,122.30000305175781,123.5,116.9000015258789,120.5,59917827
2026-05-25,125.19999694824219,125.5999984741211,121.69999694824219,123.0,38385587
2026-05-26,122.9000015258789,125.9000015258789,122.9000015258789,125.0999984741211,10332222
2026-05-27,122.9000015258789,122.9000015258789,122.9000015258789,122.9000015258789,0
2026-05-28,122.9000015258789,122.9000015258789,122.9000015258789,122.9000015258789,0
2026-05-29,122.9000015258789,122.9000015258789,122.9000015258789,122.9000015258789,0
2026-06-01,123.0999984741211,126.5999984741211,122.0999984741211,123.69999694824219,29144689
2026-06-02,128.8000030517578,130.0,124.19999694824219,124.30000305175781,27336972
2026-06-03,125.9000015258789,129.39999389648438,125.80000305175781,128.8000030517578,28021323
2026-06-04,129.5,129.8000030517578,125.0999984741211,126.69999694824219,34663394
2026-06-05,125.0,130.3000030517578,124.9000015258789,130.0,27324337
2026-06-08,129.3000030517578,129.89999389648438,123.19999694824219,123.30000305175781,32688674
2026-06-09,130.39999389648438,131.6999969482422,129.10000610351562,129.3000030517578,29060981
2026-06-10,128.1999969482422,130.6999969482422,126.30000305175781,130.0,22178509
2026-06-11,129.0,130.60000610351562,126.0,128.8000030517578,30160639
2026-06-12,135.89999389648438,138.5,131.89999389648438,131.89999389648438,61924913
2026-06-15,141.0,144.39999389648438,140.39999389648438,144.0,42802777
2026-06-16,140.1999969482422,141.8000030517578,139.39999389648438,140.8000030517578,30872322
2026-06-17,141.0,141.89999389648438,139.60000610351562,141.10000610351562,25916912
2026-06-18,144.0,144.8000030517578,141.0,141.39999389648438,48151372
2026-06-19,143.6999969482422,144.5,141.39999389648438,141.6999969482422,37003568
2026-06-22,143.6999969482422,145.10000610351562,142.60000610351562,144.5,23789135
2026-06-23,140.6999969482422,143.39999389648438,139.5,142.39999389648438,23429822
2026-06-24,140.39999389648438,141.1999969482422,138.89999389648438,140.89999389648438,17364392
2026-06-25,137.60000610351562,144.10000610351562,137.39999389648438,142.0,30811428
2026-06-26,138.39999389648438,139.0,137.10000610351562,137.6999969482422,15148665
2026-06-29,137.3000030517578,138.60000610351562,136.1999969482422,138.39999389648438,19195726
2026-06-30,138.0,138.8000030517578,136.60000610351562,137.5,26154176
2026-07-01,138.5,139.6999969482422,136.3000030517578,138.0,34988961
2026-07-02,138.60000610351562,140.60000610351562,137.6999969482422,138.6999969482422,27151226
2026-07-03,133.5,139.89999389648438,133.5,139.60000610351562,34940065
2026-07-06,133.6999969482422,136.0,133.3000030517578,134.0,19909940
2026-07-07,134.39999389648438,136.5,133.1999969482422,133.3000030517578,26815700
2026-07-08,130.39999389648438,134.39999389648438,129.39999389648438,133.10000610351562,32437081
2026-07-09,130.10000610351562,131.6999969482422,129.0,131.3000030517578,18710694
2026-07-10,129.0,132.1999969482422,127.4000015258789,130.0,30166209
2026-07-13,126.69999694824219,128.5,125.5999984741211,127.0999984741211,24738215
2026-07-14,128.89999389648438,129.1999969482422,125.69999694824219,125.80000305175781,22620417
2026-07-16,128.6999969482422,129.39999389648438,126.5999984741211,129.1999969482422,33824026
2026-07-17,126.80000305175781,128.10000610351562,125.0,127.80000305175781,29350060
2026-07-20,124.30000305175781,126.9000015258789,124.0,126.5,32704287
2026-07-21,124.19999694824219,125.9000015258789,124.0,125.0,24797658
2026-07-22,125.9000015258789,127.0999984741211,124.0,124.4000015258789,29426985
2026-07-23,125.0,126.80000305175781,124.30000305175781,125.9000015258789,27462682
2026-07-24,126.0,126.69999694824219,124.9000015258789,125.0999984741211,20291814
2026-07-27,127.0999984741211,129.39999389648438,126.0,127.9000015258789,38634437
2026-07-28,127.4000015258789,129.39999389648438,126.5,127.19999694824219,26863675
2026-07-29,126.30000305175781,128.89999389648438,124.5999984741211,127.5,28841815
2026-07-30,123.0999984741211,126.80000305175781,123.0,126.0,35463365
2026-07-31,123.4000015258789,124.30000305175781,120.0,123.69999694824219,58603631
2026-08-03,127.9000015258789,128.39999389648438,124.5999984741211,125.0,43911194
2026-08-04,131.8000030517578,132.39999389648438,126.0999984741211,127.5,47866335
2026-08-05,129.6999969482422,131.6999969482422,128.0,131.6999969482422,32549040
2026-08-06,127.80000305175781,131.10000610351562,127.5999984741211,130.0,36864296
2026-08-07,127.0,129.0,126.4000015258789,127.9000015258789,29528278
2026-08-10,126.5999984741211,128.10000610351562,126.4000015258789,127.5,20052964
2026-08-11,126.5,127.19999694824219,123.5,126.5,31346281
2026-08-12,131.0,131.3000030517578,125.9000015258789,126.0999984741211,47788394
2026-08-13,129.60000610351562,132.0,128.60000610351562,130.89999389648438,29835385
2026-08-14,131.0,131.3000030517578,129.1999969482422,129.5,34885000
2026-08-17,129.0,131.8000030517578,129.0,131.1999969482422,28438139
2026-08-18,129.3000030517578,130.10000610351562,127.80000305175781,128.10000610351562,18068272
2026-08-19,132.0,132.8000030517578,129.0,129.0,27052882
2026-08-20,129.3000030517578,133.39999389648438,128.8000030517578,132.6999969482422,32281012
2026-08-21,129.89999389648438,131.89999389648438,129.1999969482422,129.3000030517578,29112317
2026-08-24,131.60000610351562,134.8000030517578,131.1999969482422,134.60000610351562,45057515
2026-08-25,132.60000610351562,133.60000610351562,131.5,131.60000610351562,41986684
2026-08-26,133.3000030517578,137.3000030517578,133.10000610351562,133.1999969482422,65495707
2026-08-27,133.0,135.60000610351562,132.1999969482422,134.10000610351562,37778026
2026-08-28,133.8000030517578,134.5,132.60000610351562,133.0,30153435
2026-08-31,130.89999389648438,134.0,130.0,133.89999389648438,36379757
2026-09-01,132.89999389648438,133.8000030517578,130.89999389648438,131.0,31851535
2026-09-02,132.0,132.6999969482422,128.0,132.0,28116924
2026-09-03,131.39999389648438,134.39999389648438,131.39999389648438,132.5,26138427
2026-09-04,131.39999389648438,133.39999389648438,130.39999389648438,131.8000030517578,25109310
2026-09-07,133.5,133.5,130.8000030517578,131.5,31809335
2026-09-08,136.0,136.0,131.8000030517578,133.60000610351562,52038653
2026-09-09,134.3000030517578,137.8000030517578,133.8000030517578,136.0,58094683
2026-09-10,133.39999389648438,136.10000610351562,132.3000030517578,135.0,31532875
2026-09-11,134.1999969482422,135.8000030517578,133.1999969482422,133.5,30497223
2026-09-14,133.89999389648438,135.1999969482422,133.0,133.3000030517578,17824978
2026-09-15,127.80000305175781,134.1999969482422,127.80000305175781,134.10000610351562,28801841
2026-09-16,120.9000015258789,128.8000030517578,117.80000305175781,128.39999389648438,54050349
2026-09-17,132.5,132.89999389648438,120.9000015258789,120.9000015258789,66570738
2026-09-18,129.89999389648438,133.8000030517578,128.1999969482422,132.0,45539420
2026-09-21,133.10000610351562,133.10000610351562,128.3000030517578,130.0,39899191
2026-09-22,133.89999389648438,135.89999389648438,132.5,133.0,26227040
2026-09-23,133.8000030517578,135.6999969482422,132.89999389648438,134.10000610351562,23884293
2026-09-24,129.39999389648438,133.89999389648438,128.60000610351562,133.5,28915491
2026-09-25,129.8000030517578,131.39999389648438,129.5,130.6999969482422,17808737
2026-09-28,129.39999389648438,130.1999969482422,127.19999694824219,128.1999969482422,23825331
2026-09-29,129.10000610351562,130.60000610351562,128.60000610351562,129.1999969482422,19819807
2026-09-30,122.9000015258789,129.6999969482422,122.5,129.3000030517578,35193885
2026-10-01,,,,,1799225
