Date,Close,High,Low,Open,Volume
2018-01-01,23.302316665649414,23.302316665649414,23.302316665649414,23.302316665649414,0
2018-01-02,23.677011489868164,23.712695624893065,23.302318713337804,23.302318713337804,355820
2018-01-03,23.24878692626953,23.891118288887448,23.19525987991608,23.748378364215494,282620
2018-01-04,23.355844497680664,23.58779731832005,23.26663161257409,23.26663161257409,337792
2018-01-05,23.587799072265625,23.8197519101526,23.427216207452,23.44505912611893,316357
2018-01-08,23.76622200012207,24.105230631954825,23.712694948314798,23.748380783915845,313535
2018-01-09,23.587799072265625,23.962491856299298,23.516429099192276,23.837593127225155,172682
2018-01-10,23.62348175048828,24.14091444874419,23.480741813148324,23.552111781818304,568085
2018-01-11,23.65916633605957,23.819749182484394,23.48074057301106,23.819749182484394,190162
2018-01-12,23.7840633392334,23.962489102206863,23.6413234094923,23.748379207595217,233990
2018-01-15,23.213104248046875,24.31933958425463,23.213104248046875,23.78406398245237,455550
2018-01-16,23.60563850402832,23.67701017329816,23.016835845306133,23.33800155064342,197525
2018-01-17,23.56995391845703,23.694850934092795,23.355844019541056,23.62348096778747,232067
2018-01-18,23.980329513549805,23.980329513549805,23.391526897702416,23.659165533192947,343792
2018-01-19,23.462900161743164,24.123074534559205,23.445058944808586,24.051702860443424,421210
2018-01-22,23.62348175048828,23.659167585620406,23.24878898957233,23.552111781818304,223747
2018-01-23,24.016016006469727,24.265811732816054,23.516426255371247,23.67700910076573,403432
2018-01-24,24.854616165161133,25.175780177618805,23.99817482822065,24.087387715634453,1169965
2018-01-25,24.1052303314209,25.050882842332776,24.1052303314209,24.92598582247487,444415
2018-01-26,24.355024337768555,24.51560719256258,24.158757349461563,24.1944431845688,273290
2018-01-29,24.265811920166016,24.640504661781325,24.194441955172348,24.462078898500057,257430
2018-01-30,24.176603317260742,24.31934327250996,23.998177522401974,24.230130375080577,156157
2018-01-31,24.194440841674805,24.783243451172737,24.194440841674805,24.23012497173226,454227
2018-02-01,23.8911190032959,24.462078719056937,23.801906122309692,24.319338790116678,305875
2018-02-02,23.391529083251953,23.926804702651495,23.391529083251953,23.873277651189827,229427
2018-02-05,22.981151580810547,23.498584268897368,22.945465746379753,23.33800141714728,162467
2018-02-06,22.65998649597168,22.67782941367422,22.320979567594804,22.57077360905325,190890
2018-02-07,22.65998649597168,22.802726434403446,22.552932392944996,22.71351354748502,124065
2018-02-08,22.303136825561523,22.69567251013781,22.26745098987536,22.69567251013781,107247
2018-02-09,22.1603946685791,22.249607547273335,21.91059894855407,22.071181789884868,115795
2018-02-12,22.44587516784668,22.570772180671852,22.249608190322242,22.285292321874785,208897
2018-02-13,22.410192489624023,22.76704233626253,22.303136684835327,22.44587662349073,324382
2018-02-14,22.19607925415039,22.5350878598198,22.1603951228976,22.463717895720055,176370
2018-02-15,22.55293083190918,22.80272485607775,22.356662153954822,22.37450507042234,400095
2018-02-16,22.624300003051758,22.731354094915563,22.552930041277854,22.659984133141656,185680
2018-02-19,22.4815616607666,22.9097814615293,22.445875826572596,22.659985726953945,242935
2018-02-20,21.874916076660156,22.49940286026293,21.874916076660156,22.392348760945527,202867
2018-02-21,22.124711990356445,22.249610718970427,21.981972044735645,22.21392488176804,131072
2018-02-22,22.124711990356445,22.160397827558832,21.99981496333684,22.07118493614724,96655
2018-02-23,22.26744842529297,22.303134256869132,22.124708502176535,22.303134256869132,166525
2018-02-26,22.392351150512695,22.51724818024261,22.285295338176763,22.338824095141934,155655
2018-02-27,22.249610900878906,22.463720821060626,22.21392506338476,22.445877902313555,256607
2018-02-28,22.19607925415039,22.374505015196835,22.17823803932108,22.17823803932108,121517
2018-03-01,22.017658233642578,22.267452291671937,21.999815314756365,22.249611074380127,126380
2018-03-02,21.71433448791504,22.08902726048788,21.71433448791504,22.035500207718712,82907
2018-03-05,21.67864990234375,21.928445665668146,21.67864990234375,21.82138985235928,87667
2018-03-06,21.76786231994629,21.83923229339158,21.696492346500996,21.821389374631657,177695
2018-03-07,21.874916076660156,22.231765910375202,21.750017358664216,21.803546109917146,415082
2018-03-08,21.732177734375,22.01765762224949,21.714334815984255,21.874917678312244,131360
2018-03-09,21.874916076660156,21.981970175977555,21.732176143174136,21.821387325407226,102167
2018-03-12,22.37450408935547,22.37450408935547,21.91059849110614,21.96412723816159,362867
2018-03-13,21.99981117248535,22.53508672712565,21.99981117248535,22.51724381159902,225087
2018-03-14,22.03550148010254,22.26745262269381,21.946288585939666,21.99981564179962,150342
2018-03-15,22.106870651245117,22.5350904857423,21.99981484182364,22.03550067882892,309125
2018-03-16,21.99981117248535,22.303133930061716,21.964127043026174,22.196078138496024,181025
2018-03-19,21.99981117248535,22.124708177983592,21.964127043026174,21.99981117248535,94805
2018-03-20,22.106870651245117,22.160397705158672,21.981971923320998,22.03550067882892,110337
2018-03-21,22.14255142211914,22.33882009263664,22.071181460547532,22.160394337910567,195620
2018-03-22,21.981969833374023,22.249608480684653,21.946285701355794,22.231765563878437,157087
2018-03-23,21.910598754882812,21.99981163278848,21.803544662671303,21.910598754882812,91062
2018-03-26,22.08902359008789,22.267447636868916,21.96412658718177,22.10686650524421,221322
2018-03-27,22.1603946685791,22.303134593852224,22.106867622000212,22.231764631215665,389570
2018-03-28,22.19607925415039,22.51724494339632,22.124709290050646,22.1603951228976,438182
2018-03-29,22.53508949279785,23.03467927769823,22.231766697995475,22.231766697995475,766570
2018-03-30,22.57077407836914,22.784885692063117,22.517247025742808,22.659986967142576,229480
2018-04-02,23.53426742553711,23.694850270626254,22.60645788954697,22.60645788954697,687327
2018-04-03,23.24878692626953,23.69484961626792,23.15957404795103,23.587795523561017,225882
2018-04-04,23.123889923095703,23.37368564212827,23.052519960742703,23.266629847801706,183342
2018-04-05,23.07036590576172,23.195262930879338,22.94546717904975,23.052522987432244,177152
2018-04-06,23.016834259033203,23.248787063391724,22.98115012845181,23.05252009120873,107420
2018-04-09,22.178239822387695,23.01683654258191,22.089026934692015,22.998995326318216,240207
2018-04-10,21.428852081298828,22.285291631144787,21.411009165278507,22.285291631144787,188865
2018-04-11,20.483200073242188,21.553751323044064,19.46617757704642,21.446697219020457,241430
2018-04-12,20.822206497192383,20.929260589857847,20.144191004465988,20.483197900032124,242270
2018-04-13,20.554569244384766,21.821385630265016,20.269087697995452,21.821385630265016,236395
2018-04-16,21.000633239746094,21.054160288591937,20.661624626669283,20.661624626669283,121645
2018-04-17,20.590255737304688,21.232585461813294,20.429672880778963,21.089845523033603,170217
2018-04-18,20.92926025390625,20.964946085284666,20.054977804264198,20.62593919516019,199182
2018-04-19,20.893577575683594,21.072003341783446,20.822207609562497,21.018474590996963,127827
2018-04-20,20.679468154907227,21.000633860666515,20.625941104478763,20.91142097555624,111085
2018-04-23,20.679468154907227,20.679468154907227,20.679468154907227,20.679468154907227,0
2018-04-24,20.536725997924805,20.697308833434313,20.483197251692257,20.679465918023464,63872
2018-04-25,19.912240982055664,20.536729515651185,19.80518687444146,20.51888659718403,178182
2018-04-26,19.96576690673828,20.054979792434434,19.698129951244088,19.947925690874463,83780
2018-04-27,20.05497932434082,20.16203512499632,19.85871234166567,20.019295191851803,72235
2018-04-30,19.698129653930664,20.322618142783764,19.68028673674189,20.03713657254613,108405
2018-05-01,19.698129653930664,19.698129653930664,19.698129653930664,19.698129653930664,0
2018-05-02,19.376962661743164,19.93008114663595,19.02011284968046,19.912238230634284,196552
2018-05-03,19.09148406982422,19.48401973975018,19.020114102709883,19.376963938281563,92025
2018-05-04,18.82384490966797,19.162851788281884,18.734632035845138,19.073638914459053,103692
2018-05-07,18.342098236083984,18.823846781680256,18.324257020820358,18.823846781680256,98692
2018-05-08,17.599849700927734,18.377782784629325,17.5641638697076,18.377782784629325,181352
2018-05-09,17.44283676147461,17.578440210427175,16.522163668723515,17.48565908236429,318040
2018-05-10,17.61412239074707,17.64267003431066,17.05743738567779,17.449971313263834,128132
2018-05-11,17.771141052246094,18.163676771315043,17.74259340214522,18.02093681921623,184015
2018-05-14,17.896034240722656,18.02093294817571,17.671219630176513,17.7996848788323,126325
2018-05-15,17.44283676147461,17.896035970769503,17.4285620873133,17.84250892045453,126135
2018-05-16,17.30009651184082,17.471384090692446,17.09312309903157,17.46424760453861,196782
2018-05-17,17.43570327758789,17.471387416744534,17.250140989508623,17.30009980528465,114785
2018-05-18,17.28582191467285,17.5498923226677,17.235863108185782,17.449973008099327,82637
2018-05-21,17.26441192626953,17.435701219101272,17.16449430651391,17.16449430651391,77307
2018-05-22,17.407150268554688,17.535617226365286,17.271548526324636,17.292959685959737,180912
2018-05-23,17.171632766723633,17.42856503390619,17.121673951104043,17.371469730796527,148862
2018-05-24,16.821916580200195,17.38573978012224,16.786230749058607,17.357190434571336,121872
2018-05-25,16.914697647094727,17.00034228891089,16.74341006505665,16.800507060132176,144267
2018-05-28,17.221588134765625,17.300094578466997,17.071710031125154,17.09312118878808,187835
2018-05-29,17.05744171142578,17.228729317839743,16.98607173362042,17.207318154338687,99570
2018-05-30,17.257274627685547,17.43570039879265,17.04316472331358,17.0645758839102,162207
2018-05-31,16.771957397460938,17.37860296190256,16.771957397460938,17.37860296190256,96720
2018-06-01,16.465065002441406,16.86473712085395,16.322325081693645,16.771956002208498,90145
2018-06-04,16.52216339111328,16.66490332395102,16.42224577844571,16.48647755710674,94507
2018-06-05,16.201000213623047,16.550713613997587,16.058260258563376,16.450795985774715,90360
2018-06-06,15.808464050292969,16.179588603847446,15.729957587654306,16.115355115364302,109080
2018-06-07,15.994025230407715,16.043984039715376,15.758504157046263,15.844148802484726,75105
2018-06-08,15.708542823791504,15.994022660591563,15.687131665872094,15.994022660591563,81167
2018-06-11,15.751367568969727,15.765642243648937,15.04480435343785,15.722819921205616,72977
2018-06-12,15.594348907470703,15.737088810847572,15.580075938089339,15.715677655181654,59537
2018-06-13,15.451613426208496,15.630039207290391,15.451613426208496,15.622901018962953,67245
2018-06-14,15.423066139221191,15.487299626107726,15.323148516238406,15.423066139221193,25315
2018-06-15,15.423066139221191,15.423066139221193,15.423066139221193,15.423066139221193,0
2018-06-18,15.26605224609375,15.451614527129966,15.26605224609375,15.423066876569273,45262
2018-06-19,15.465887069702148,15.737092265007925,15.19468017280213,15.273188328007,74807
2018-06-20,15.572940826416016,15.679996625881941,15.451612054750772,15.494434374537141,88477
2018-06-21,16.129629135131836,16.415109025765155,15.594353489397179,15.594353489397179,431945
2018-06-22,15.758503913879395,16.23668424140633,15.729956266371863,16.20099840582619,176757
2018-06-25,15.6871337890625,16.34373818320902,15.6871337890625,16.236684080716678,213485
2018-06-26,15.92265510559082,16.129628529000485,15.701408709142473,15.715681682181156,175972
2018-06-27,16.165313720703125,16.229545500006594,15.915517984941536,15.95120211771077,184187
2018-06-28,16.636354446411133,16.843326142591494,16.21527116522679,16.272366453498453,160415
2018-06-29,16.95038414001465,17.264411669545982,16.672040744896403,16.750547201880657,95737
2018-07-02,17.30009651184082,17.41428879827331,16.928972006333783,17.00747845880865,96710
2018-07-03,17.12881088256836,17.457113105330873,17.071713882056297,17.371468455359988,76080
2018-07-04,17.271547317504883,17.314369633777986,17.107396239520693,17.107396239520693,54685
2018-07-05,17.378604888916016,17.514208350421693,17.21445377803925,17.30723491469109,114420
2018-07-06,17.428564071655273,17.499934047399204,17.30009879595398,17.47852288451658,149320
2018-07-09,17.571300506591797,17.878193212626023,17.535616376658535,17.5498910495883,135092
2018-07-10,16.57925796508789,17.507069189917317,16.57925796508789,17.44283571244586,115007
2018-07-11,15.587214469909668,16.507887478084204,15.244637635856911,16.507887478084204,166180
2018-07-12,15.330284118652344,15.986888520246584,15.158996531765155,15.558668702231461,188590
2018-07-13,15.473023414611816,15.587215701653182,15.337419967400557,15.380242287740346,67150
2018-07-16,15.501570701599121,15.758502916087151,15.47302305589916,15.508708889219754,86660
2018-07-17,15.837013244628906,15.901245030880187,15.50157283138652,15.50157283138652,94412
2018-07-18,15.94406795501709,16.0796714228091,15.644313368738564,15.787053323805578,81527
2018-07-19,16.001163482666016,16.036847617345387,15.879833000610892,15.944066484946958,42462
2018-07-20,16.201000213623047,16.379426008244877,16.022574419001216,16.051123771288736,109642
2018-07-23,16.40797233581543,16.586396414454835,16.308054715649813,16.308054715649813,93232
2018-07-24,15.837013244628906,16.46506834269437,15.765643269776266,16.46506834269437,178940
2018-07-25,16.272367477416992,16.272367477416992,15.74423007209236,15.772777718024518,112672
2018-07-26,16.143901824951172,16.68631389076842,16.108215992213406,16.286641752713916,212800
2018-07-27,16.34373664855957,16.379422480435696,16.122490276347595,16.165312593961296,90775
2018-07-30,17.150218963623047,17.185903093636487,16.27236656393142,16.3223253669067,164157
2018-07-31,16.7576847076416,17.492795543197403,16.721998873087372,17.23586331982739,182050
2018-08-01,16.98607063293457,17.485660445199002,16.779097200232417,16.807644849185795,293847
2018-08-02,16.222408294677734,16.650628078492186,16.1724494900588,16.407970541316164,157920
2018-08-03,16.35801124572754,16.522162328088996,16.27236661089752,16.379422404435044,98395
2018-08-06,15.95833969116211,16.415107122907553,15.894106212737318,16.329464186602003,106595
2018-08-07,16.186721801757812,16.27950292129316,15.879830799047216,16.00829774990882,157170
2018-08-08,16.2081356048584,16.25809611718585,16.043984497480682,16.20099911806635,88045
2018-08-09,16.079666137695312,16.47220173590705,16.022569153478628,16.122488450459347,163495
2018-08-10,15.173267364501953,16.015433908764514,14.630855331206316,15.701406426833584,222372
2018-08-13,14.438158988952637,15.0519410829637,14.067034457245201,14.987707598261796,128640
2018-08-14,15.094762802124023,15.158996284255807,14.480980732671716,14.480980732671716,130170
2018-08-15,14.48098087310791,15.287461695182525,14.452433225748354,15.144721756790457,103735
2018-08-16,14.309693336486816,14.75932431412501,14.274007500969132,14.652268509166253,136517
2018-08-17,14.302555084228516,14.402472700678672,14.074171353201628,14.166952483217997,60497
2018-08-20,14.431020736694336,14.488116026158774,14.288280811439106,14.452431895642032,38142
2018-08-21,14.431020736694336,14.431020736694336,14.431020736694336,14.431020736694336,0
2018-08-22,14.431020736694336,14.431020736694336,14.431020736694336,14.431020736694336,0
2018-08-23,14.431020736694336,14.431020736694336,14.431020736694336,14.431020736694336,0
2018-08-24,14.431020736694336,14.431020736694336,14.431020736694336,14.431020736694336,0
2018-08-27,14.55948543548584,14.630855395401198,14.43102018827582,14.43102018827582,72415
2018-08-28,15.087627410888672,15.266051494302188,14.637996406518232,14.680817029453287,112147
2018-08-29,15.858419418334961,16.222407405747923,14.96629406680971,15.130445145103108,457822
2018-08-30,15.858419418334961,15.858419418334961,15.858419418334961,15.858419418334961,0
2018-08-31,16.27950668334961,16.59353594585142,15.608629234685214,15.76564386593612,499455
2018-09-03,15.986886978149414,16.522162549832714,15.630037164225257,16.27950331508898,331420
2018-09-04,15.758503913879395,16.09394430227437,15.737092752850172,16.05825846669423,213572
2018-09-05,15.679996490478516,16.151038600872525,15.537256560152706,15.837011094474583,268712
2018-09-06,15.330284118652344,15.751367450178837,15.280325310043343,15.708545128058466,152762
2018-09-07,15.223227500915527,15.444475586198408,15.223227500915527,15.380242106445873,88415
2018-09-10,14.966296195983887,15.48016066214569,14.92347557513233,15.230366617201975,88612
2018-09-11,14.695088386535645,15.059074659655584,14.637993101118639,14.952020574100194,162282
2018-09-12,14.55948543548584,14.92347342217002,14.53093779183851,14.745047671584587,104787
2018-09-13,14.83782958984375,14.880651908421202,14.359651002781895,14.573760894075,139530
2018-09-14,15.101900100708008,15.266051207254772,14.887790183681059,14.966296642779298,136367
2018-09-17,14.95202350616455,15.301736877305393,14.95202350616455,15.137585772549256,69860
2018-09-18,14.866377830505371,15.123310050667383,14.666542604598375,14.952022471090784,101582
2018-09-19,15.144721031188965,15.294597448841595,14.88065232797491,14.902063487867316,807575
2018-09-20,15.301735877990723,15.587215745601945,15.073351303264053,15.201818264645642,591835
2018-09-21,15.337421417236328,15.67999831074398,15.330284930369832,15.38738022849058,621107
2018-09-24,15.173267364501953,15.244637324104168,15.14471972097988,15.201816709618086,108525
2018-09-25,14.730774879455566,15.287461658816968,14.695090745739577,15.237502850658014,343490
2018-09-26,14.666543960571289,14.830695069140186,14.595173987349785,14.773598069606352,96540
2018-09-27,14.702228546142578,14.795009684328251,14.63799675939437,14.730776195985609,152257
2018-09-28,14.695088386535645,14.809280658963669,14.623718428967383,14.630854914246004,90420
2018-10-01,14.438158988952637,14.78787235909277,14.402473152475688,14.716502387733213,189302
2018-10-02,13.981389045715332,14.545213115560937,13.917156419235013,14.45243199335831,449775
2018-10-03,13.68877124786377,14.081306878309494,13.681634762348377,13.959977265780454,146072
2018-10-04,12.818058013916016,13.667361111103684,12.803784191021496,13.638813465314643,238702
2018-10-05,12.810919761657715,12.875153236288858,12.64676868310751,12.825194434329326,146920
2018-10-08,12.960797309875488,12.982208468567494,12.796646227632843,12.825194722821204,124015
2018-10-09,12.925113677978516,13.067853616426882,12.860881045995608,12.989347160758568,88797
2018-10-10,12.7181396484375,13.032168008482119,12.711003162334707,13.025031522379328,94147
2018-10-11,12.461209297180176,12.72527802203273,12.439798135533284,12.72527802203273,93837
2018-10-12,12.611083984375,12.653906301751125,12.41124792128151,12.596810162181976,121180
2018-10-15,12.9322509765625,13.274826997973976,12.668181410584667,12.668181410584667,232952
2018-10-16,13.110674858093262,13.310510925615933,12.925112613079978,13.05357871725863,323060
2018-10-17,13.289101600646973,13.44611537151582,13.18204664085496,13.267690438529131,189330
2018-10-18,12.99648380279541,13.339059829332209,12.932251170043514,13.310512181619623,113237
2018-10-19,12.803784370422363,12.996483109191137,12.775235873436218,12.989346623042433,60692
2018-10-22,12.432660102844238,12.860880759445402,12.418386279476863,12.810921101463897,105355
2018-10-23,12.061535835266113,12.439796814879772,12.011576179794869,12.404111832855786,122177
2018-10-24,11.747509002685547,12.154317680226097,11.7403716650386,12.125770031232694,121500
2018-10-25,11.947344779968262,11.990166252318371,11.676138718562223,11.797467499749954,243605
2018-10-26,12.097220420837402,12.532577527581237,11.847424704058783,12.097220420837402,612710
2018-10-29,12.097220420837402,12.097220420837402,12.097220420837402,12.097220420837402,0
2018-10-30,11.690411567687988,12.63963312884177,11.683274230826312,12.175727502760294,602747
2018-10-31,11.119451522827148,11.818878238279224,11.105177699221361,11.740370932251688,288900
2018-11-01,11.312150001525879,11.319286487225037,11.062354284520152,11.098039265407106,124047
2018-11-02,11.397795677185059,11.561946786668582,11.34783686581108,11.34783686581108,125815
2018-11-05,11.709565162658691,11.738566808076666,11.557304363395536,11.557304363395536,82232
2018-11-06,11.405043601989746,11.847324314210795,11.397793622774945,11.745817690583431,102330
2018-11-07,11.455799102783203,11.593558231396434,11.412295765153962,11.434047433968583,61272
2018-11-08,11.209280967712402,11.550055075573146,11.180279320558434,11.43404675830214,86865
2018-11-09,11.020767211914062,11.245532993197374,10.912009743098434,11.23828214954532,100015
2018-11-12,13.224922180175781,13.224922180175781,11.82557490105744,11.934332380999814,664472
2018-11-13,15.233311653137207,15.864104819350173,14.334248499572528,14.334248499572528,3899700
2018-11-14,13.52219295501709,15.19705935419841,13.413435475203931,15.19705935419841,1028967
2018-11-15,13.464187622070312,14.92878977864857,13.30467683841428,13.377181818651344,1037085
2018-11-16,13.246673583984375,13.688954339298387,13.123414417720483,13.558445193113302,464542
2018-11-19,13.377182960510254,13.659952061840587,13.123414643691657,13.30467797408426,601865
2018-11-20,13.181418418884277,13.493190024232522,13.130665102740979,13.40618421594007,259785
2018-11-21,12.927650451660156,13.246672888283157,12.913149628251738,13.232172064874739,160445
2018-11-22,12.97115421295166,13.848464862118156,12.905899208975613,12.927650876967629,521605
2018-11-23,12.94215202331543,13.217671141314677,12.869647037753923,13.05090950165769,237705
2018-11-26,12.992905616760254,13.232172231152276,12.94940228166077,12.94940228166077,172920
2018-11-27,13.514942169189453,13.775960467603024,13.000156416778985,13.137916410402445,765702
2018-11-28,13.253922462463379,13.62369820187034,13.16691666034631,13.594696555940494,262052
2018-11-29,13.087162017822266,13.36268200064141,13.050909524976737,13.268425346377516,216277
2018-11-30,13.195919036865234,13.232171526073895,13.02190657006715,13.050908215703071,145930
2018-12-03,13.348179817199707,13.55844478650543,13.304677345994353,13.406183976467753,301830
2018-12-04,13.275674819946289,13.587446419390753,13.203169837020951,13.35543064689519,290710
2018-12-05,13.427935600280762,13.471438935671292,13.224921475670909,13.282925634749091,241932
2018-12-06,13.377182960510254,13.62369956862759,13.340930467297257,13.47143961572957,253760
2018-12-07,13.456937789916992,13.594697781319802,13.369931979957517,13.43518698567283,244475
2018-12-10,14.689522743225098,15.516080876781373,13.464187229977824,13.471438073521396,2483007
2018-12-11,14.290745735168457,15.284065577188324,14.087731605993117,14.936040614892661,671240
2018-12-12,13.55844497680664,14.660522289712722,13.413435008765006,14.363250645168748,467007
2018-12-13,13.920969009399414,13.94272067608443,13.50043995602338,13.739706560903496,257977
2018-12-14,14.065980911254883,15.226060670596187,13.59469764469488,14.363250830989534,1086367
2018-12-17,13.587446212768555,14.138485284680154,13.485939583947708,14.138485284680154,249845
2018-12-18,13.427935600280762,13.529443094749475,13.14516564889746,13.529443094749475,324190
2018-12-19,13.659952163696289,13.986225469373744,13.420685533840887,13.493190520807516,507660
2018-12-20,13.078099250793457,13.911907431947421,12.996530927630719,13.685329140640965,228860
2018-12-21,12.46180534362793,13.141540180553088,12.41648951496741,13.069035200427274,326377
2018-12-24,11.918018341064453,12.615879926195142,11.881765847312705,12.507122444939897,288147
2018-12-25,11.437670707702637,11.872701425733162,11.3832924081535,11.863638087699144,246620
2018-12-26,11.528304100036621,12.044902345391577,11.347041633625023,11.446735774069497,481764
2018-12-27,11.53736686706543,11.627998534728478,11.464861878666046,11.582682700896953,286175
2018-12-28,11.31985092163086,11.61893418896127,11.310787582783862,11.582681697900842,200110
2018-12-31,11.256409645080566,11.410482953188838,11.247346305938294,11.319851290421292,255826
2019-01-01,11.256409645080566,11.256409645080566,11.256409645080566,11.256409645080566,0
2019-01-02,10.975452423095703,11.328914878461648,10.957326608740523,11.256409892385703,412744
2019-01-03,10.495105743408203,11.038893955074679,10.458853253585607,10.912009808531826,339590
2019-01-04,10.422601699829102,10.603864165221475,10.341033374320629,10.522295839713005,164890
2019-01-07,9.751930236816406,10.513233462904116,9.72474021850783,10.458854290614585,907679
2019-01-08,10.350095748901367,11.328913835108542,9.634108429095608,9.779118387892593,3115449
2019-01-09,10.259465217590332,10.803253487040914,10.23227606341609,10.449791025465274,1270475
2019-01-10,10.250401496887207,10.458853094106736,10.241338158487874,10.313843137027495,313649
2019-01-11,10.177895545959473,10.413537155875149,10.16883307198388,10.286653876941719,391533
2019-01-14,9.887876510620117,10.141643955289924,9.770055695227239,10.105391463194236,294660
2019-01-15,9.924128532409668,10.177895965053393,9.86975022900693,9.906002719384604,263412
2019-01-16,9.942255973815918,10.005697620770396,9.878813462533824,9.924129295070287,211319
2019-01-17,10.295716285705566,10.612926209685003,9.969443887807937,9.99663303821753,1186347
2019-01-18,10.277591705322266,10.44979083099128,10.232275872990122,10.33197001265875,437819
2019-01-21,10.277591705322266,10.54948583498752,10.268528365990315,10.313844198322458,451699
2019-01-22,10.59480094909668,10.667306800424548,10.29571766163876,10.29571766163876,843063
2019-01-23,10.458853721618652,10.721684500676018,10.404474552287526,10.631052839899999,470408
2019-01-24,10.621991157531738,10.730748639978156,10.476981180936516,10.51323367508532,594162
2019-01-25,10.531357765197754,10.776062708870787,10.495105276986285,10.640115229832158,364338
2019-01-28,10.486042022705078,10.658241991332204,10.476979548825364,10.558546999707815,253403
2019-01-29,10.621991157531738,10.640116972442321,10.431665347168599,10.495106995847099,303829
2019-01-30,11.419546127319336,11.492051110754643,10.69449542863869,10.721684581345034,1739639
2019-01-31,11.047956466674805,11.555492190236361,10.993578163920644,11.510176361722868,727209
2019-02-01,10.821378707885742,11.211093641750438,10.75793706351803,11.047956997001945,416903
2019-02-04,10.703558921813965,10.912010536110916,10.649179751290468,10.848568890773166,195587
2019-02-05,10.603863716125488,10.866694495894897,10.603863716125488,10.730747868690147,262204
2019-02-06,10.522294998168945,10.839504935481736,10.504169185243166,10.694494974765332,230658
2019-02-07,10.486042022705078,10.63105197671055,10.422600383909561,10.540421187620883,251467
2019-02-08,10.440728187561035,10.64917980286758,10.422601509189546,10.486043154834565,233695
2019-02-11,10.767000198364258,10.794189350530937,10.476980270379517,10.476980270379517,429747
2019-02-12,10.631052017211914,10.939198602811246,10.576673716416447,10.78512531001158,270829
2019-02-13,10.404474258422852,10.785125840006863,10.39541178406327,10.6944950461182,196095
2019-02-14,10.241338729858398,10.41353784741521,10.159770408368699,10.41353784741521,183503
2019-02-15,10.232275009155273,10.331969140407468,10.21414919634921,10.277590837661739,124787
2019-02-18,10.223213195800781,10.55854899385368,10.196024040371537,10.259465691148995,560083
2019-02-19,10.114456176757812,10.277592845520909,10.060077863388585,10.241340348498854,249881
2019-02-20,10.875757217407227,11.00264136276822,10.141643224928126,10.177895714413049,1275589
2019-02-21,10.712621688842773,10.957326666382082,10.685432535003168,10.957326666382082,224641
2019-02-22,10.7398099899292,10.884819939659732,10.694494164556538,10.721683314049143,217520
2019-02-25,11.038895606994629,11.31985222908173,10.821379771181274,10.839506450968914,706615
2019-02-26,11.15671443939209,11.165776913339158,10.957325318988888,11.057019447026734,237199
2019-02-27,11.328913688659668,11.328913688659668,11.093272076496943,11.211092882578304,413948
2019-02-28,11.029831886291504,11.546430141816177,10.948263558718633,11.410483505413149,583565
2019-03-01,10.73074722290039,11.066082965575086,10.640115567333165,11.029830476213702,257581
2019-03-04,11.075145721435547,11.32891313361687,10.71261998256332,10.794188295417758,716319
2019-03-05,11.038895606994629,11.25641057848032,10.984516431959374,11.075148102242244,367612
2019-03-06,10.59480094909668,11.138589215926146,10.59480094909668,11.102336722426022,472745
2019-03-07,10.331969261169434,10.67636835178542,10.286654296460856,10.62199004840411,220592
2019-03-08,10.196022033691406,10.513231953803915,10.196022033691406,10.30477949833148,155260
2019-03-11,10.141643524169922,10.467916803488855,10.105391033615325,10.250401860161269,369566
2019-03-12,10.13258171081543,10.277591682494112,10.069139199960299,10.25040252888626,298034
2019-03-13,10.214149475097656,10.241338627212523,10.10539113798306,10.132581154425491,147176
2019-03-14,10.313844680786133,10.386349670178177,10.186960517186233,10.19602385694215,317566
2019-03-15,10.350095748901367,10.395411577107307,10.313843259202121,10.368221561587223,173535
2019-03-18,10.585737228393555,11.002641286753644,10.37728476704975,10.37728476704975,679956
2019-03-19,10.95732593536377,10.975451748605037,10.594800162935263,10.730747651718787,391658
2019-03-20,10.776063919067383,11.120463027917527,10.721684748479426,11.002642211916614,458435
2019-03-21,10.748873710632324,10.921073694161683,10.712621218993656,10.82137869390966,170736
2019-03-22,10.150705337524414,10.77606178602715,10.060074556920958,10.757935111310003,184370
2019-03-25,9.924128532409668,10.15977015202833,9.715676928819924,10.114454322974348,196001
2019-03-26,9.815370559692383,10.078201317581257,9.733802244429024,10.014759678744204,166970
2019-03-27,9.153762817382812,9.878812618724883,9.13563614018549,9.878812618724883,283664
2019-03-28,9.090320587158203,9.289709720736958,8.927184809073372,9.171888908364402,217584
2019-03-29,9.190016746520996,9.253458397990913,9.035943423527472,9.108448415015285,331477
2019-04-01,9.144700050354004,9.289710019685955,9.026879234189895,9.262520866518113,150248
2019-04-02,9.180951118469238,9.362213552015394,9.117509482809949,9.180951118469238,481357
2019-04-03,9.126571655273438,9.226266638681762,9.054066684245981,9.10844584468029,531028
2019-04-04,9.180951118469238,9.262519429646874,9.108446145050776,9.135635294000835,316609
2019-04-05,9.579730033874512,9.73380334358629,9.271583414450953,9.271583414450953,431324
2019-04-08,9.316898345947266,9.697549913823309,9.23533002935561,9.625044935592397,304327
2019-04-09,9.380339622497559,9.416592106868489,9.280644642231948,9.335023800952046,212644
2019-04-10,9.371277809143066,9.525351108854514,9.244393661049067,9.371277809143066,326697
2019-04-11,9.235329627990723,9.325961279004295,9.208140478417643,9.28064545349751,173417
2019-04-12,9.171889305114746,9.217205137114822,9.108447658911201,9.16282596584921,294815
2019-04-15,9.108448028564453,9.344089673065945,9.099384688931094,9.162826337709326,553247
2019-04-16,9.135637283325195,9.22626895199744,9.117511468187336,9.135637283325195,446706
2019-04-17,9.298773765563965,9.362215413839627,9.135637110766396,9.180952944246568,744020
2019-04-18,9.760992050170898,10.023822802434863,9.235329681315484,9.289708845103108,1685419
2019-04-19,9.697550773620605,9.80630825060955,9.561604143466324,9.788182436608524,313091
2019-04-22,9.996633529663086,10.268527640108147,9.887876058350571,9.93319188747934,495564
2019-04-23,9.996633529663086,9.996633529663086,9.996633529663086,9.996633529663086,0
2019-04-24,9.860687255859375,10.078202206188552,9.80630808611329,9.987571409048519,485018
2019-04-25,9.742865562438965,9.987570507721609,9.733802224244606,9.85162302778875,423239
2019-04-26,9.85162353515625,10.060076002724456,9.751929402866484,9.788181893183449,380592
2019-04-29,9.824435234069824,10.159771014615975,9.63410942734605,9.878813542089404,719428
2019-04-30,9.842560768127441,9.933192431347296,9.80630827570502,9.833498293267533,303394
2019-05-01,9.842560768127441,9.842560768127441,9.842560768127441,9.842560768127441,0
2019-05-02,9.534416198730469,9.906004508287825,9.507226177791365,9.896941167974791,233338
2019-05-03,9.389405250549316,9.57066859764289,9.371279434436577,9.525352760869495,270210
2019-05-06,9.090320587158203,9.34408888965028,9.026878943698968,9.289709720736958,369851
2019-05-07,9.090320587158203,9.171888908364402,8.754984827787494,9.045004757118363,369560
2019-05-08,8.927184104919434,9.144699034760553,8.909057428602258,9.072194058146847,223971
2019-05-09,9.108448028564453,9.371278827638381,8.845617229490525,8.936248032841194,831820
2019-05-10,8.918122291564941,9.34408975024722,8.881869797059704,9.180953092809826,369473
2019-05-13,8.82749080657959,9.498162401027345,8.646228330286638,9.425657410510164,965966
2019-05-14,9.017815589904785,9.117510588692994,8.818426456655935,8.899994777727171,401675
2019-05-15,8.954374313354492,9.072195130358478,8.909058481533329,9.063131791128725,268711
2019-05-16,9.153762817382812,9.280646100453904,8.990626179917076,9.008751992786857,492636
2019-05-17,9.035942077636719,9.190015377681242,8.98156290995672,9.153762887337093,221309
2019-05-20,9.162825584411621,9.235330566862405,9.054068110735445,9.108447279737318,334865
2019-05-21,9.253458023071289,9.362215505896515,9.135637200595385,9.199078849494855,687226
2019-05-22,8.76404857635498,9.398467633587302,8.76404857635498,9.244394322845903,638015
2019-05-23,8.64622688293457,9.0812576175425,8.637163544555182,8.76404768888406,783397
2019-05-24,8.718733787536621,8.80936546269864,8.682481290337355,8.682481290337355,220814
2019-05-27,8.609975814819336,8.800301630562133,8.600912474944044,8.791238290686842,317695
2019-05-28,8.69154167175293,8.718730819314123,8.628100039334342,8.655289186895535,123700
2019-05-29,8.564659118652344,8.754984915259177,8.55559577968831,8.691543271166092,263735
2019-05-30,8.854680061340332,8.936247520380046,8.609975091238418,8.637164244251656,599267
2019-05-31,8.918122291564941,9.008753095664211,8.791238128632786,8.890933136767925,333588
2019-06-03,8.9090576171875,8.990625933686417,8.872805128113262,8.954373444612179,150150
2019-06-04,8.9090576171875,8.9090576171875,8.9090576171875,8.9090576171875,0
2019-06-05,8.9090576171875,8.9090576171875,8.9090576171875,8.9090576171875,0
2019-06-06,8.9090576171875,8.9090576171875,8.9090576171875,8.9090576171875,0
2019-06-07,9.035942077636719,9.117510396992943,8.92718460660427,8.92718460660427,241697
2019-06-10,9.335025787353516,9.407530771523719,9.05406832544828,9.081258342757799,432144
2019-06-11,9.199078559875488,9.489099369272857,9.190016084837769,9.362215211141033,208152
2019-06-12,9.117510795593262,9.262520763309423,9.108447456529104,9.226268271380382,215135
2019-06-13,8.899994850158691,9.11751066289474,8.872805697689525,9.108447323962492,289995
2019-06-14,8.97249984741211,9.090320660738348,8.836553220519757,9.017815677818751,364072
2019-06-17,9.117510795593262,9.199078254187913,8.945310810684632,8.954374149748787,299901
2019-06-18,9.27158260345459,9.325961769789973,9.14469932255124,9.171888473555168,299814
2019-06-19,9.344088554382324,9.534414342258668,9.244393559006241,9.289709387420139,555812
2019-06-20,9.516288757324219,9.742867061070033,9.407531275245544,9.434720429683303,700103
2019-06-21,9.380339622497559,9.534412897155859,9.289707979406533,9.507222885632109,259790
2019-06-24,9.561603546142578,9.652234339141097,9.452846075947832,9.507224378881434,406843
2019-06-25,9.68848705291748,9.833497880853049,9.434719616603468,9.561603766924256,454284
2019-06-26,9.68848705291748,9.924128675944273,9.66129790082287,9.706613730532263,388330
2019-06-27,9.706613540649414,9.806307672597791,9.679424389086684,9.715676879279506,151173
2019-06-28,9.652234077453613,9.76099240902729,9.634108265076346,9.733802393970112,156662
2019-07-01,9.96944522857666,9.996634382642862,9.770056081993392,9.78818276092261,380404
2019-07-02,9.942255973815918,10.02382429951603,9.833498494324976,9.924129295070287,174534
2019-07-03,9.96944522857666,10.0872660486337,9.915066056116633,9.960381889112051,270847
2019-07-04,10.177895545959473,10.422600494178255,10.023823116444238,10.023823116444238,385472
2019-07-05,10.014759063720703,10.259463130155577,10.014759063720703,10.241337319169915,141024
2019-07-08,9.770054817199707,9.951317261388219,9.770054817199707,9.951317261388219,184690
2019-07-09,9.489099502563477,9.815371945350003,9.47097282357819,9.760993637049395,154838
2019-07-10,9.534416198730469,9.534416198730469,9.31690035285617,9.4619103405539,141496
2019-07-11,9.625045776367188,9.670361607801851,9.525351638673001,9.597856623237426,97584
2019-07-12,9.262520790100098,9.760993203811859,9.190015806032307,9.679424880653697,414763
2019-07-15,9.262520790100098,9.262520790100098,9.262520790100098,9.262520790100098,0
2019-07-16,9.280646324157715,9.380341322490986,9.235330494399642,9.289709662974841,242079
2019-07-17,9.480035781860352,9.597856597544036,9.27158330354996,9.362214966176667,371259
2019-07-18,9.588793754577637,9.643172927832973,9.452847117930755,9.480036272394603,240930
2019-07-19,9.670360565185547,9.8425596688784,9.643171414987203,9.697549715383891,185563
2019-07-22,9.733803749084473,9.924129559343784,9.64317294592572,9.652235421212248,336213
2019-07-23,10.159770011901855,10.159770011901855,9.74286594614488,9.797245113125154,355398
2019-07-24,10.123517036437988,10.331968627154087,10.014759572021655,10.177895336482408,260337
2019-07-25,9.96944522857666,10.277591855752359,9.951318549647443,10.032886876173672,323041
2019-07-26,10.087265014648438,10.18695914555721,9.896939227038937,9.978507545204085,226375
2019-07-29,10.250401496887207,10.268527309358351,10.096328201408634,10.096328201408634,186664
2019-07-30,10.141643524169922,10.386348483659122,10.105391033615325,10.286654350715866,282440
2019-07-31,10.069138526916504,10.214149353229946,10.041949375126038,10.214149353229946,131588
2019-08-01,10.051012992858887,10.078202145404154,9.869750535344483,10.005697162398391,127098
2019-08-02,9.90600299835205,10.069138777481955,9.896939659420507,10.014760472547843,142445
2019-08-05,9.634108543395996,9.9241284644308,9.634108543395996,9.906002651529896,146388
2019-08-06,9.652234077453613,9.706613243240453,9.579729099289509,9.688486566535667,103645
2019-08-07,9.298773765563965,9.733803692587301,9.280647086440842,9.67036204431164,221682
2019-08-08,9.353151321411133,9.380341337907199,9.235330509577535,9.344088846906674,190599
2019-08-09,9.353151321411133,9.407530490075702,9.307836355906149,9.389403812411658,135902
2019-08-12,9.353151321411133,9.353151321411133,9.353151321411133,9.353151321411133,0
2019-08-13,9.353151321411133,9.353151321411133,9.353151321411133,9.353151321411133,0
2019-08-14,9.353151321411133,9.353151321411133,9.353151321411133,9.353151321411133,0
2019-08-15,9.217205047607422,9.362215017137405,9.171889216047402,9.253457539989917,107221
2019-08-16,9.135637283325195,9.289710601471421,9.090321448989073,9.217205612264685,182502
2019-08-19,9.135637283325195,9.316899756342035,9.108448128454583,9.153763962790704,256418
2019-08-20,9.062036514282227,9.172436849564633,8.997635660662919,9.172436849564633,326023
2019-08-21,8.951634407043457,9.126435578476594,8.94243503806049,9.0436351159434,166581
2019-08-22,8.951634407043457,9.025235500593682,8.924034545326988,9.016035254226932,129310
2019-08-23,9.080435752868652,9.144835726418979,8.979235669091878,8.979235669091878,195540
2019-08-26,9.365636825561523,9.365636825561523,9.071235080184591,9.08963557312606,160766
2019-08-27,9.384037971496582,9.448438829910614,9.236837513494116,9.40243846743886,183896
2019-08-28,9.264436721801758,9.4484381586158,9.236836857233202,9.40243779941229,165992
2019-08-29,9.67844009399414,10.101640986449915,9.236837827586424,9.236837827586424,1226406
2019-08-30,9.67844009399414,9.67844009399414,9.67844009399414,9.67844009399414,0
2019-09-02,9.779638290405273,9.97283907986328,9.696837826725584,9.706038073219727,478498
2019-09-03,10.672043800354004,10.975644966223818,9.79803954009078,9.79803954009078,1906235
2019-09-04,11.02164363861084,11.233244940738912,10.543242182406997,10.708843125169498,856506
2019-09-05,10.745644569396973,11.113645735177423,10.64444359076936,10.966445268865243,612803
2019-09-06,10.782443046569824,11.012443959558356,10.552442133581293,10.773242799478158,305930
2019-09-09,11.500045776367188,11.509246023560408,10.929643611145439,10.929643611145439,687010
2019-09-10,11.5276460647583,11.904847439722015,11.417245726528717,11.610446537776461,454909
2019-09-11,11.85884952545166,11.895649643062564,11.53684783831825,11.555248335815708,308475
2019-09-12,11.66564655303955,12.006047797969766,11.610445948036665,11.895647465347846,256454
2019-09-13,11.454046249389648,11.803647771659595,11.168845584764117,11.776047905459945,211729
2019-09-16,11.46324634552002,11.730047388275638,11.316045891225047,11.398846366111947,164601
2019-09-17,11.812848091125488,11.858848453326356,11.316046109600768,11.4632465667364,344477
2019-09-18,12.116449356079102,12.226849699867183,11.674847103542838,11.904848039113991,635075
2019-09-19,11.435646057128906,12.190048796206785,11.41724556232999,12.153248683992837,474749
2019-09-20,11.371245384216309,11.702447276812135,11.178044572663376,11.638046421371891,362015
2019-09-23,11.27004623413086,11.536847293557782,11.178045505755794,11.481646681055949,228984
2019-09-24,11.389644622802734,11.500044949027341,11.352844514061198,11.398844869334068,208970
2019-09-25,11.417245864868164,11.472446473343753,11.297645277657644,11.398846246965572,252921
2019-09-26,11.3528470993042,11.665648533529541,11.343646850677807,11.435647582173731,262530
2019-09-27,11.693246841430664,11.960047874300473,11.389645696350671,11.408045313763822,490772
2019-09-30,12.190049171447754,12.502850573587084,11.702447450257338,11.702447450257338,854169
2019-10-01,11.96924877166748,12.337249913752965,11.950848275871241,12.2176493232292,322176
2019-10-02,11.87724781036377,12.116448986636431,11.849647944604282,11.9968483985001,219042
2019-10-03,11.82204818725586,12.14404896375981,11.794447443859353,11.904847785293615,317136
2019-10-04,11.914048194885254,11.996848671431362,11.81284809987553,11.932448690732803,157430
2019-10-07,12.125648498535156,12.456849499702615,11.858847472693185,11.88644733677784,628413
2019-10-08,11.932448387145996,12.162449315085057,11.849647912706509,11.886448026081402,251839
2019-10-09,11.573646545410156,12.2268492114337,11.555246927539134,12.024448150549022,549374
2019-10-10,11.380446434020996,11.74844846536025,11.058445643656102,11.564447010998643,458105
2019-10-11,11.628846168518066,11.794446224862156,11.41724487793419,11.45404498794219,321844
2019-10-14,11.030843734741211,11.720846483614022,11.003243870453781,11.592046532016772,326531
2019-10-15,11.205646514892578,11.316046865115165,11.159646149620501,11.224046134571013,101328
2019-10-16,11.067644119262695,11.224044816389245,11.040044254294449,11.224044816389245,167712
2019-10-17,11.178045272827148,11.233245884178707,10.994044697295202,11.012445193540373,153693
2019-10-18,11.601245880126953,11.63804599156922,11.444845187151353,11.444845187151353,186265
2019-10-21,12.410849571228027,12.45684993121852,11.288445700809795,11.61964671345034,653912
2019-10-22,12.079648971557617,12.52125033684215,12.079648971557617,12.429250491099834,423409
2019-10-23,12.410849571228027,12.429250066177781,12.180848648659454,12.236049256124824,308255
2019-10-24,12.696050643920898,12.852451335824325,12.420049371304037,12.512050087970945,676524
2019-10-25,12.907651901245117,13.275653914401415,12.594850497146636,12.834051674090642,863255
2019-10-28,12.889252662658691,13.045653369312983,12.834052051975554,12.92605277731947,195729
2019-10-30,12.898452758789062,13.11005319625093,12.622451463391204,12.778852168203858,380403
2019-10-31,13.064050674438477,13.303251816065371,12.907649995481183,12.907649995481183,696728
2019-11-01,12.93525218963623,13.340053424752215,12.696051021103024,13.082452638769317,794549
2019-11-04,12.93525218963623,13.100852256219008,12.898452077352959,12.962852054502713,339069
2019-11-05,12.861650466918945,12.990451292385773,12.696050408328844,12.953651181878657,354609
2019-11-06,12.843252182006836,12.990452639297745,12.78805157183078,12.843252182006836,221985
2019-11-07,12.953651428222656,12.981251292281907,12.788050489099422,12.926051564163403,339902
2019-11-08,12.696050643920898,13.027251644630818,12.512050087970945,12.97205191653776,284138
2019-11-11,12.677650451660156,12.778851417881487,12.558049868097415,12.659250834318746,242014
2019-11-12,12.788049697875977,12.990450735683188,12.622449646382625,12.834050053384498,452222
2019-11-13,12.788049697875977,12.907650271244611,12.686849617664272,12.843250299962964,454127
2019-11-14,13.018052101135254,13.045652844057509,12.696051330164106,12.760451308881555,480191
2019-11-15,13.43205451965332,13.478054003255437,13.008852777872903,13.036452643510955,528494
2019-11-18,13.579255104064941,13.800055786069919,13.450454267536744,13.524054494871738,433766
2019-11-19,13.735655784606934,13.956456466260017,13.478054111961088,13.579255082423353,676903
2019-11-20,14.232458114624023,14.407258439312113,13.735656129729948,13.781655614858856,1047942
2019-11-21,13.938055992126465,14.333657872065848,13.89205650808284,14.269257892497638,458937
2019-11-22,13.984055519104004,14.260056793815924,13.91965554337864,13.938055160421372,486739
2019-11-25,13.855255126953125,14.250856093319422,13.855255126953125,14.140455762422977,491072
2019-11-26,14.066856384277344,14.517657981781902,13.570054426798384,13.873655574291977,1039195
2019-11-27,14.352057456970215,14.71085832309496,14.112856294631143,14.112856294631143,809997
2019-11-28,14.480856895446777,14.904059476843921,14.416456922243826,14.59125722553062,708528
2019-11-29,14.508459091186523,14.67405916422986,14.453258481916134,14.591258689016232,311927
2019-12-02,14.91325855255127,15.124860728914607,14.58205842672224,14.58205842672224,832818
2019-12-03,14.85805892944336,15.106460341653076,14.830459942376331,14.996059129081733,357364
2019-12-04,15.272062301635742,15.824064891770599,14.821260683543171,14.821260683543171,1310246
2019-12-05,15.354862213134766,15.787263319539743,15.134061536155556,15.437662686347943,585861
2019-12-06,15.41006088256836,15.548061076831853,15.180059973873309,15.41006088256836,304804
2019-12-09,16.19206428527832,16.642865854695923,15.48366106700737,15.584862028122556,1950953
2019-12-10,15.68606185913086,16.51406656528723,15.529661165164404,16.376064611082676,872853
2019-12-11,15.787261962890625,15.980463635374877,15.640061524220549,15.658462017746219,437985
2019-12-12,16.320863723754883,16.817666512184072,15.870062168384482,15.971263126346194,1202142
2019-12-13,16.164464950561523,16.62446680688834,16.10006497143862,16.385265631026257,527596
2019-12-16,16.403667449951172,16.48646793115217,16.164466254789172,16.34846771407316,333845
2019-12-17,16.19206428527832,16.66126634849281,16.164463544582997,16.550865140479182,313633
2019-12-18,15.796463012695312,16.090863905001868,15.750463531310313,16.04486442361687,205190
2019-12-19,15.538861274719238,15.989662858093824,15.465261052020686,15.805663178731312,232534
2019-12-20,15.575664520263672,15.640064505110072,15.281263586812711,15.566464271747332,290322
2019-12-23,16.13686752319336,16.348467976428065,15.667665373780755,15.695264364778676,401704
2019-12-24,16.210464477539062,16.366865162367965,16.146062750447932,16.146062750447932,125230
2019-12-25,16.100065231323242,16.320865915352105,16.090864983476056,16.238065439495298,88498
2019-12-26,15.9436616897583,16.247262795608176,15.906862459687048,16.13686335062688,204437
2019-12-27,16.109262466430664,16.412863569537127,15.962062037940715,15.98046253019384,497662
2019-12-30,16.33006477355957,16.550865438798954,16.192064577130918,16.192064577130918,462133
2019-12-31,16.394466400146484,16.744068804743854,16.357667162949216,16.468066629308897,469143
2020-01-02,16.59686851501465,16.633667752585733,16.357667329114964,16.357667329114964,218721
2020-01-03,15.584861755371094,16.495665125164727,15.226059151681985,16.37606367234581,519577
2020-01-06,14.646459579467773,15.400862363881245,14.646459579467773,15.400862363881245,339489
2020-01-07,15.060461044311523,15.216861740420153,14.784458886889832,14.784458886889832,215089
2020-01-08,14.766057968139648,15.042060117636664,14.462457709414187,14.812059203773007,230432
2020-01-09,15.778060913085938,15.796461405675096,15.042058757195202,15.042058757195202,299698
2020-01-10,15.805665016174316,16.100065941193268,15.686063543655413,15.91606448567246,234690
2020-01-13,16.247264862060547,16.366866323230916,15.87926374070511,15.87926374070511,316000
2020-01-14,16.606063842773438,16.70726479764614,16.155262301163084,16.366864457239423,419767
2020-01-15,16.909666061401367,17.139666970453316,16.550865204805987,16.560065451740186,590767
2020-01-16,16.900466918945312,17.240867268574505,16.642865279002663,17.029266861532832,290558
2020-01-17,16.725666046142578,17.075266648678713,16.58766585447746,17.010866676219504,245763
2020-01-20,16.955669403076172,17.204070836864233,16.744068961598,16.790068447217465,263466
2020-01-21,17.296070098876953,17.388070826430454,16.85446871234166,16.937269191663017,270507
2020-01-22,16.983266830444336,17.526069133713747,16.983266830444336,17.443268663400264,238080
2020-01-23,16.955669403076172,17.167269844554344,16.845268180914402,16.992468640618164,190824
2020-01-24,16.84527015686035,17.18567235658433,16.569269701232987,17.121272367255816,136038
2020-01-27,16.753267288208008,17.075268948643945,16.431267382539946,16.468066619715778,312713
2020-01-28,16.81766700744629,17.185668108915728,16.7440667871524,16.918866213620593,292381
2020-01-29,17.480072021484375,17.940073916786595,16.891270157023285,17.020070126182155,872038
2020-01-30,16.974069595336914,17.75607136547467,16.900469366802728,17.480070947163448,344114
2020-01-31,16.83606719970703,17.139668353971654,16.81766845912116,17.038469139061995,157628
2020-02-03,16.753267288208008,16.974069730334502,16.53246660084939,16.836067765313473,135613
2020-02-04,17.250070571899414,17.250070571899414,16.90046991374014,16.955669648235197,156317
2020-02-05,17.139671325683594,17.572074267627162,17.02007159468379,17.240872312907513,244459
2020-02-06,17.047670364379883,17.342071287850814,17.047670364379883,17.213269567756342,155583
2020-02-07,16.56926918029785,17.17647156740219,16.56926918029785,17.112071580098405,191579
2020-02-10,15.824065208435059,16.900469666569823,15.502063544848644,16.88206917041794,217162
2020-02-11,15.962064743041992,16.063263958049426,15.676864083855518,16.063263958049426,157180
2020-02-12,15.879264831542969,16.219665234142894,15.750464868912497,16.1000655195243,240770
2020-02-13,15.925261497497559,16.072461930092075,15.759660572136836,15.906862759498924,172297
2020-02-14,15.842463493347168,16.109265415558408,15.842463493347168,15.952864712309573,128686
2020-02-17,16.026464462280273,16.146064170720425,15.934463741682114,15.934463741682114,212456
2020-02-18,15.456061363220215,15.962064447974937,15.327261407536513,15.906864717648748,306443
2020-02-19,15.180059432983398,15.640061233982896,15.180059432983398,15.548060522829473,173100
2020-02-20,14.352057456970215,15.262860870433762,14.076056183300814,15.262860870433762,224470
2020-02-21,14.628057479858398,14.664857590249364,14.06685557705021,14.25085612900504,199127
2020-02-24,14.444058418273926,14.5360591424361,14.085257524286089,14.5360591424361,128371
2020-02-25,14.471657752990723,14.793659398346524,14.352058044310578,14.655659194556264,152169
2020-02-26,14.499258995056152,14.554458727519949,14.214057452713439,14.398058023232643,131213
2020-02-27,13.726455688476562,14.609659302228382,13.708055192776936,14.517658578498096,152440
2020-02-28,12.815651893615723,13.018052077034103,10.957243988052008,11.960048167055804,423243
2020-03-02,13.110052108764648,13.404452998163547,12.926051552890337,12.926051552890337,187257
2020-03-03,13.450453758239746,13.505654365342798,13.18365272490675,13.18365272490675,127809
2020-03-04,13.202052116394043,13.662053920067928,13.165252007195484,13.570053208379626,155269
2020-03-05,13.303252220153809,13.524052875723742,13.238852248291863,13.266452110892152,96729
2020-03-06,12.696050643920898,13.386053386771124,12.613250174397455,13.248052311770763,112850
2020-03-09,11.481644630432129,12.502849198948935,11.27004422129891,12.502849198948935,151572
2020-03-10,10.920443534851074,12.033648018519802,10.883643422886152,11.78524748210255,183488
2020-03-11,10.920443534851074,10.920443534851074,10.920443534851074,10.920443534851074,0
2020-03-12,9.871639251708984,10.764043083831988,9.79803902610955,10.764043083831988,151001
2020-03-13,10.212040901184082,10.580042011500108,9.50363766709591,9.660038358326187,264239
2020-03-16,9.218436241149902,10.04643910756217,9.218436241149902,9.844038075427521,179473
2020-03-17,9.18163776397705,9.494439205254412,8.537635261138728,9.384038851400758,183709
2020-03-18,9.310437202453613,9.641638213748209,8.86883585406082,8.924035583917975,216761
2020-03-19,9.255237579345703,9.549638481669831,9.071236138009226,9.292037692136219,137757
2020-03-20,9.255237579345703,9.522038616422918,9.172437106221068,9.485238503632402,123964
2020-03-23,9.043636322021484,9.20003702157904,8.81363539648201,9.20003702157904,110457
2020-03-24,9.64163875579834,9.696839366142745,9.209237630533568,9.209237630533568,578940
2020-03-25,9.604838371276855,9.972840382662213,9.48523866076432,9.742839454565331,490564
2020-03-26,10.120040893554688,10.2856418434848,9.577238559791692,9.632439168896369,817697
2020-03-27,9.623238563537598,10.239641101611321,9.623238563537598,10.120040517482282,363859
2020-03-30,9.779638290405273,9.963638833369139,9.439237066576172,9.522037530255862,273186
2020-03-31,10.248842239379883,10.26724185840687,9.862440588589607,9.890040455822065,706212
2020-04-01,10.589241981506348,10.754842038123236,9.991239096161431,10.09244005688802,798470
2020-04-02,10.534041404724121,10.93884349390085,10.396041210958867,10.782442806362182,497176
2020-04-03,10.626042366027832,11.040043834338764,10.524841402687393,10.524841402687393,463346
2020-04-06,10.948043823242188,11.040044545407481,10.708843524903465,10.791643121991536,595509
2020-04-07,11.02164363861084,11.343645276785951,11.01244426864483,11.03084388596073,531834
2020-04-08,11.242444038391113,11.417244333243842,10.97564303421561,11.04004300431128,692589
2020-04-09,11.536845207214355,11.628845918951848,11.316044551904945,11.316044551904945,563398
2020-04-10,11.582846641540527,11.693246979474404,11.38964583081027,11.546046528895902,501930
2020-04-13,11.536845207214355,11.63804528821855,11.408044386258627,11.527644960563844,322281
2020-04-14,11.85884952545166,11.996849747146545,11.610448073540056,11.628848571037514,536148
2020-04-15,11.46324634552002,11.90484770840494,11.316045891225047,11.868047594831197,520098
2020-04-16,11.454046249389648,11.57364683943336,11.343645907207128,11.490846363450489,282747
2020-04-17,11.647246360778809,11.794446808089777,11.58284638442623,11.610446248951067,301854
2020-04-20,11.923248291015625,12.245249945176917,11.647246998503649,11.720847226188987,675348
2020-04-21,11.868047714233398,12.042848913505258,11.75764737240145,11.904847828177381,216328
2020-04-22,11.978447914123535,12.042847888699301,11.923247309212986,11.960047420025402,204435
2020-04-24,12.190049171447754,12.226849284794504,12.006048604714003,12.006048604714003,249119
2020-04-27,12.502849578857422,12.548849936227038,12.263648422442492,12.263648422442492,256709
2020-04-28,12.493650436401367,12.61325102518206,12.410849961292895,12.512050931929437,341752
2020-04-29,13.018052101135254,13.192853296773906,12.714450948061703,12.714450948061703,809934
2020-04-30,14.37045669555664,14.37045669555664,13.018051104355314,13.248052013459711,2328753
2020-05-04,14.674057960510254,15.621661469078928,14.241656001744726,14.352057211229248,3842877
2020-05-05,13.542454719543457,14.812059931755396,13.42285413317017,14.674058850224418,1041535
2020-05-06,13.321653366088867,13.708054996406508,13.064052571671743,13.533254676683725,757987
2020-05-07,13.478055000305176,13.790856425289205,13.064053475572656,13.32165428781316,502554
2020-05-08,13.533255577087402,14.112858061126367,13.44125484855399,13.496455461150832,866083
2020-05-11,13.229653358459473,13.62525523163293,13.174452750213726,13.61605498402799,369860
2020-05-12,13.459653854370117,13.505654213541643,13.146852464864393,13.211252441274203,351124
2020-05-13,14.214056968688965,14.69245931313202,13.38605399085617,13.441253721440278,1349771
2020-05-14,14.076056480407715,14.99605928308468,13.974855514075339,14.22325692883603,814943
2020-05-15,13.947256088256836,14.536058777883413,13.947256088256836,14.223257376437541,551964
2020-05-18,14.416457176208496,14.729258555648371,14.030055575416164,14.12205629079866,968025
2020-05-20,14.655659675598145,14.940860340094844,14.434858113948918,14.536059085608459,612347
2020-05-21,14.655659675598145,14.95006058795188,14.490058723707206,14.646459427741108,364068
2020-05-22,14.480856895446777,14.701657555614462,14.480856895446777,14.618857966089454,187487
2020-05-27,14.848858833312988,15.134061237538837,14.628058160690493,14.664858272794243,669598
2020-05-28,14.499258995056152,14.977661355790012,14.444058385208427,14.931660116430301,337925
2020-05-29,14.214056968688965,14.444057893351841,14.048456899552745,14.407257780501137,232113
2020-06-01,14.655659675598145,14.70165916011547,14.204857181826581,14.26005779158487,351786
2020-06-02,15.051260948181152,15.566462523871055,14.563658360173346,14.683258945304473,1729129
2020-06-03,14.986861228942871,15.244461143845013,14.977660981300962,15.180061165119477,520125
2020-06-04,15.042060852050781,15.207661798880753,14.894860400372538,15.06046134720251,459332
2020-06-05,15.106459617614746,15.180059837545473,14.959259177753294,15.106459617614746,277722
2020-06-08,15.520462036132812,15.787262176799455,15.198460414141207,15.198460414141207,814568
2020-06-09,15.4928617477417,15.796462884821114,15.308860314155748,15.778062390508975,497287
2020-06-10,15.658462524414062,15.860862695442659,15.437661859264404,15.456060598617766,611381
2020-06-11,15.38245964050293,15.640061281562659,15.216860465644125,15.410060380363207,360172
2020-06-12,15.428461074829102,15.48366080050198,15.03285923884359,15.180059677149691,273733
2020-06-15,15.391661643981934,15.612462323764266,15.290462429144917,15.318061417387822,385422
2020-06-16,15.787261962890625,15.925262154797865,15.511261579076143,15.538860564597003,744282
2020-06-17,15.76885986328125,16.118462185590857,15.686059405616735,15.778060109107026,547599
2020-06-18,15.851661682128906,16.026462858293897,15.741262232274526,15.778061463970113,370044
2020-06-19,15.72286319732666,16.008063849798177,15.640062724872385,15.971264614689488,306349
2020-06-22,15.814862251281738,15.962062685745675,15.722861541049877,15.796461758281847,488889
2020-06-23,15.805665016174316,15.989664716927196,15.768864023162983,15.91606448567246,265067
2020-06-24,15.934464454650879,16.035665427313752,15.649263787326628,15.842463729936254,440014
2020-06-25,15.897663116455078,16.100063280262024,15.750462678274094,15.925262101884238,292395
2020-06-26,15.934464454650879,16.05406592321025,15.879264721729252,15.962065198495626,227748
2020-06-29,16.247264862060547,16.33006533371149,15.860863245945396,15.94366371759634,426999
2020-06-30,16.44046974182129,16.596870468131375,16.284069015511204,16.284069015511204,474283
2020-07-01,17.185670852661133,17.654872989982117,16.48646777085543,16.560068002899826,1409144
2020-07-02,17.498470306396484,17.66407124853395,16.891268021737606,17.231668398559954,881333
2020-07-03,17.296070098876953,17.664073009090956,17.204071126091378,17.516872546912523,381293
2020-07-06,18.15167236328125,18.492074500317614,17.378869124120435,17.480070091438662,822405
2020-07-07,18.418474197387695,18.73127559071231,17.62727046665275,18.14247203898892,717455
2020-07-08,18.38167381286621,19.154477074197025,18.170073379464824,18.418474803771407,514125
2020-07-09,17.498470306396484,18.860075323221377,17.498470306396484,18.418473980699968,490909
2020-07-10,17.323667526245117,17.848069291683494,16.615264340934377,17.489268453176727,292482
2020-07-13,18.565673828125,18.76807399821337,17.59047045621893,17.59047045621893,337746
2020-07-14,18.80487632751465,19.632879315727507,18.23447325510216,18.23447325510216,771322
2020-07-16,19.20967674255371,19.430479177722404,18.82327511316024,18.82327511316024,281291
2020-07-17,19.85367774963379,20.66328015091164,19.09927507338752,19.283274741748677,976602
2020-07-20,19.945680618286133,20.516081933091456,19.87208039202842,19.87208039202842,414302
2020-07-21,19.964078903198242,20.88408250694438,19.117675517561093,20.074478352977916,883042
2020-07-22,19.30167579650879,20.38728036406049,19.264876563673102,20.221679429380718,529313
2020-07-23,20.58968162536621,21.215284409715988,19.20967610274798,19.320077316655254,1840778
2020-07-24,21.160083770751953,22.080087412958562,20.092879686173706,20.332080843719545,1782383
2020-07-27,21.546485900878906,22.37448884828656,21.491286172323125,21.491286172323125,913749
2020-07-28,19.85367774963379,21.87768638497985,19.85367774963379,21.804086166681863,843929
2020-07-29,19.37527847290039,20.276883481023074,19.136077287461138,19.96408206581543,687601
2020-07-30,19.393678665161133,19.68807957962183,19.32007843654596,19.66967908377607,183319
2020-08-04,17.848072052001953,19.780080240388855,17.461670414324573,19.68807951622417,760900
2020-08-05,17.480072021484375,18.032074646800634,17.19487133773203,17.940073916786595,365719
2020-08-06,15.860864639282227,17.664072924482806,15.77806416035747,17.664072924482806,367182
2020-08-07,16.58766746520996,16.624466701002454,14.250857207664971,15.805663963481605,549456
2020-08-10,17.378868103027344,17.397268596870955,16.044863885183776,16.468064714980752,425830
2020-08-11,19.136075973510742,19.136075973510742,17.590471254501153,17.590471254501153,574651
2020-08-12,18.860074996948242,19.964080088920593,18.67607356336361,19.964080088920593,662514
2020-08-13,18.749671936035156,19.57767655070884,18.602471505597066,19.136073504627028,592958
2020-08-14,18.206872940063477,18.860074684405618,17.995270768517432,18.860074684405618,269251
2020-08-17,18.400075912475586,18.860077810287475,18.050475242236462,18.068873984525272,261454
2020-08-18,18.280473709106445,18.602473590040766,18.06887153121965,18.179272743802663,413447
2020-08-19,18.492074966430664,18.970477317925592,18.262074038377467,18.492074966430664,301864
2020-08-20,18.418474197387695,18.841675050257606,18.390873455117486,18.510474916853955,381151
2020-08-21,18.473674774169922,18.86007640983033,18.197674357884424,18.510475765550844,292602
2020-08-24,18.455272674560547,18.676073339353074,18.15167154112486,18.40007294705434,182498
2020-08-25,18.547273635864258,19.136075416441624,18.335673215315232,18.602473364101456,293194
2020-08-26,18.712873458862305,18.95207460664214,18.47367231108247,18.749672690568946,203219
2020-08-27,18.823272705078125,19.136074067654285,18.78647347376966,19.007274125923256,297490
2020-08-28,19.35688018798828,19.412079922924264,18.749676084620706,18.970478533900515,481049
2020-08-31,19.908878326416016,20.313680421757176,19.57767820728933,19.816879365683306,799381
2020-09-01,19.890480041503906,19.964080264632,18.970476375018887,19.964080264632,548037
2020-09-02,21.76728630065918,21.76728630065918,19.908878499510617,19.964079982151418,1395479
2020-09-03,20.608081817626953,22.17208875554239,20.57128258337657,22.080088037764824,1187018
2020-09-04,20.442481994628906,21.252086249629404,20.166481580968824,20.25848230377813,490584
2020-09-07,20.84728240966797,21.233684009912547,20.681681473167764,20.681681473167764,327975
2020-09-08,22.521690368652344,22.926492491830082,20.9392846213471,21.06808457904409,1671021
2020-09-09,22.558490753173828,24.74809874902994,22.50328926870018,22.834491156470996,2314345
2020-09-10,22.282487869262695,22.889690140551227,21.638486364291555,22.6136897462447,529049
2020-09-11,24.288097381591797,24.288097381591797,22.521690203579602,22.540090698763684,1659214
2020-09-14,25.13450050354004,26.220105137358427,23.956896904632863,24.232897309434787,2466345
2020-09-15,24.177696228027344,25.668101138280722,23.736093148352566,25.57610042356649,1044547
2020-09-16,24.858501434326172,25.741704180958934,24.232898611410697,24.232898611410697,1203763
2020-09-17,24.6377010345459,25.410504324231916,24.012098204345993,24.67450027203348,639239
2020-09-18,23.552095413208008,24.987300714729148,23.34969347321535,24.748099538680986,531515
2020-09-21,22.411293029785156,23.75449772951864,22.0800911017334,23.736097232456213,451649
2020-09-22,22.245689392089844,22.687290739904924,21.509685390963607,22.26408988694075,498564
2020-09-23,23.552095413208008,23.92009654760217,22.42968975984604,22.48489124608103,598168
2020-09-24,22.797693252563477,23.625696265563185,22.632092299009962,23.515295044938217,515706
2020-09-25,23.000091552734375,23.809694003292826,22.83449061279185,23.09209226989886,1040850
2020-09-28,22.54009246826172,23.386496010730017,22.37449150814019,23.165695315490627,562409
2020-09-29,22.613693237304688,23.147295368836804,22.08009110577257,22.5400930038095,532653
2020-09-30,22.576892852783203,23.165694690879178,22.54009186051826,22.85289327569872,461089
2020-10-01,22.061687469482422,22.77929096002653,21.93288751788517,22.72409123145167,522811
2020-10-02,22.448091506958008,22.981693620275024,21.988089624623754,22.245691310447388,701106
2020-10-05,23.3312931060791,23.607293498941974,22.742489577327827,22.797691059714566,697171
2020-10-06,23.5336971282959,24.36170019714832,23.46009689450386,23.62569785922794,950952
2020-10-07,23.368091583251953,23.644093721949613,23.09209119932194,23.644093721949613,483660
2020-10-08,23.736095428466797,24.2512987784504,23.386494784690925,23.69929619190674,722335
2020-10-09,23.46009635925293,23.86489851325742,23.441695862532736,23.699297552311585,353334
2020-10-12,25.447301864624023,25.723302269061875,23.276092599851307,23.496895029122918,2235250
2020-10-13,24.159297943115234,25.668103485221312,24.085697715567814,25.484103793736676,1019647
2020-10-14,23.809696197509766,24.28809856703876,23.717697226634712,24.012098144877818,462284
2020-10-15,23.257692337036133,24.177695964619986,23.055290415916385,23.680893163436227,575200
2020-10-16,23.239294052124023,23.552095455614225,23.055292607211733,23.073693102656527,488921
2020-10-19,24.01209831237793,24.821700843193977,23.68089639966014,24.435299196612522,753030
2020-10-20,24.288097381591797,24.784900222955134,23.79129629499626,24.048896208502168,1439147
2020-10-21,23.828096389770508,24.527299439066603,23.680895932525843,24.527299439066603,675526
2020-10-22,23.920095443725586,24.324897550262065,23.055291501732846,23.88329445460057,556488
2020-10-23,24.085697174072266,24.416899067973493,23.588894333220424,23.864896496394046,1260365
2020-10-26,22.68729019165039,24.729697692014728,22.595289474386902,24.251297120826504,1504432
2020-10-27,22.337692260742188,23.22089504134751,21.914489612292847,22.42969123431262,687894
2020-10-28,21.344087600708008,22.59529150153348,21.16008614967326,22.245690850288923,263859
2020-10-30,20.97608184814453,22.687289144016493,20.276880640671674,21.123282287061727,1231785
2020-11-02,20.920883178710938,21.491286224395175,20.111280723782837,21.141683848236784,388113
2020-11-03,20.442481994628906,21.160085526820097,19.798480444499432,20.608082944732093,582912
2020-11-04,20.95768165588379,21.34408321993535,20.442478400636695,20.681679535979804,466798
2020-11-05,21.160083770751953,21.69368581304108,20.828881898031916,21.344085201100352,462688
2020-11-06,21.491289138793945,21.80409056839932,21.32568817550075,21.417688905637856,639807
2020-11-09,21.896087646484375,22.116890081588206,21.638487730142938,21.748887192927032,510277
2020-11-10,21.620088577270508,21.914489502666214,21.49128861110187,21.748888543439147,439165
2020-11-11,22.13528823852539,22.908091476707426,21.491286709885546,21.877688328976564,1002915
2020-11-12,21.01288414001465,22.429688891258497,21.01288414001465,22.356088667229827,538293
2020-11-13,21.049684524536133,21.436086160486738,20.902484068437605,21.1232847525854,311337
2020-11-16,21.344087600708008,21.712088748009617,21.178486645730313,21.564888289088973,276110
2020-11-17,20.718482971191406,21.325685250127535,20.68168198227759,21.19688529846464,273160
2020-11-18,20.84728240966797,20.994482852164218,20.25848063968297,20.626481745923595,306419
2020-11-19,21.160083770751953,21.307284213123594,20.60808123447445,21.086483549566132,425124
2020-11-20,23.202491760253906,23.202491760253906,21.21528398760377,21.399285422198968,1687879
2020-11-23,23.552095413208008,24.306498177407995,23.000092834232856,23.92009654760217,1593485
2020-11-24,24.58249855041504,25.00570117037112,23.349693436079416,23.68089533389132,3053526
2020-11-25,27.029708862304688,27.029708862304688,24.766500524857715,24.80329976164242,3455791
2020-11-26,26.367307662963867,28.88811775878272,26.07290674006063,27.02970973949615,2684063
2020-11-27,27.78411293029785,28.832916605208087,26.680107768984467,27.029708409031933,3346156
2020-11-30,25.61290168762207,27.69211014161244,25.30010030708039,27.673709647517587,1558005
2020-12-01,26.97450828552246,27.508110362959496,25.760103678580787,25.760103678580787,1702712
2020-12-02,28.86971664428711,29.256118286016438,27.397712061287645,27.508111527628667,2161065
2020-12-03,30.286521911621094,31.40892761509059,29.329718919481746,29.789722551470156,2424939
2020-12-04,30.212919235229492,30.91212044718756,28.924914509057956,30.249720222578688,1670240
2020-12-07,29.56891632080078,30.63612039894764,28.998515048740053,30.360120009856022,858266
2020-12-08,31.37212371826172,32.42093084923828,29.36651719326001,29.716117815484456,4314851
2020-12-09,31.09612274169922,33.10173098420944,30.65452140979817,31.74012600013069,1870514
2020-12-10,30.654521942138672,31.79532803484562,30.139318624539488,31.022524813214584,823126
2020-12-11,30.783323287963867,31.50092856810013,30.084122012703723,30.19452147521098,1221680
2020-12-14,31.169723510742188,31.997724659898974,30.783320166840795,31.280122962056037,909958
2020-12-15,31.13292694091797,31.556127822277336,30.91212449742764,31.243326407895243,676287
2020-12-16,30.17612075805664,31.445726850932402,29.973722329870366,31.316926894031425,732077
2020-12-17,29.99211883544922,30.967324008502242,29.955321355163402,30.24972225466327,669040
2020-12-18,31.077722549438477,31.960928731356532,30.1761193826893,30.452119779116934,1707573
2020-12-21,31.90572738647461,32.181727784097895,30.415322431680497,30.930522238034506,1567102
2020-12-22,34.90494155883789,34.90494155883789,32.18173125842956,32.200131754862355,2814131
2020-12-23,36.119346618652344,37.81215370298794,35.05214238132354,35.42014529469315,2847992
2020-12-24,35.10734176635742,36.597746808030124,34.904939825185394,36.57934631251124,846718
2020-12-25,35.53054428100586,36.96575141215845,35.03374491711935,35.42014481231284,1222004
2020-12-28,37.9593505859375,38.54815589369736,36.10094622636783,36.119343211718736,1695608
2020-12-29,37.26015090942383,39.41295976901641,36.984150493483384,38.80575745013315,948824
2020-12-30,37.9593505859375,38.91615526281979,37.278549822816466,37.4809517570319,1004493
2020-12-31,38.14335250854492,39.11855769266957,37.922553586181046,37.99615205712381,731954
2021-01-04,38.65855407714844,40.00175857369302,38.21695274305989,38.54815462101016,1009260
2021-01-05,37.14975357055664,39.210560069725354,36.597749197555956,38.511358742034226,1024397
2021-01-06,36.98414993286133,38.36415550118051,36.52414807675493,37.536150756374745,794370
2021-01-07,37.186546325683594,37.720150134108984,36.947346917809234,37.13134835207783,659839
2021-01-08,37.775352478027344,38.824156114861076,37.352148116705486,37.44415059070394,1354352
2021-01-11,37.33375549316406,38.91615962591987,36.48735018116989,37.88575636350326,1168051
2021-01-12,37.26015090942383,38.18015463558244,36.984150493483384,37.44415235656269,645237
2021-01-13,37.26015090942383,38.08815566678086,36.94734950214847,37.720152772503134,772308
2021-01-14,37.07615280151367,37.90415763344418,36.94735282977693,37.73855666705808,694665
2021-01-15,36.98414993286133,37.62815323331741,36.487347085977866,36.85534997467724,608858
2021-01-18,40.57216262817383,40.57216262817383,36.94734923659458,37.09454969134055,1474089
2021-01-19,42.96417236328125,44.62017827787251,41.45536689644176,42.72496944222494,1612591
2021-01-20,41.823368072509766,42.89057224231677,40.7929648936185,42.32017092126535,1757166
2021-01-21,43.552974700927734,46.00018436897583,42.28336862967405,42.66977200333193,2525251
2021-01-22,43.79217529296875,45.52178325441923,42.50417220172593,43.97617673729933,1007242
2021-01-25,48.16218948364258,48.16218948364258,43.976173594567264,44.601776354861535,1751170
2021-01-26,47.932193756103516,50.46220405725081,47.01219001023177,48.66819956042953,1625728
2021-01-27,43.221771240234375,48.80619313879399,43.14817277287883,48.53019274452368,1369380
2021-01-28,45.944984436035156,46.23018685218796,40.27776167075533,42.37537253530901,1542280
2021-01-29,45.17218017578125,47.840192304255915,44.160177511620844,45.65058251996808,1089586
2021-02-01,49.68020248413086,49.68020248413086,46.00018748530635,47.150192172439006,1893691
2021-02-02,54.648223876953125,54.648223876953125,51.06020786631657,51.33620828801113,1508424
2021-02-03,60.07624816894531,60.07624816894531,57.500234840463875,57.500234840463875,887624
2021-02-04,57.54623031616211,65.32026222674524,57.04022898673528,63.02025299340914,3272995
2021-02-05,63.296260833740234,63.296260833740234,58.37423866348828,58.74223805791861,1742013
2021-02-08,69.59827423095703,69.59827423095703,65.64225591563928,65.7802578604193,1238566
2021-02-09,73.32429504394531,76.49831214858682,69.69028308979578,73.27829906853026,3631486
2021-02-10,76.5903091430664,79.12031935499954,69.55227933151092,73.14029521770306,3028844
2021-02-11,73.8302993774414,80.50032642400153,73.2322955487631,76.40631263063803,1531826
2021-02-12,72.81829833984375,75.39430463277075,70.28828802305182,73.8303010627462,828720
2021-02-15,69.00028228759766,72.6802973429362,65.59627116903818,65.78026911417643,556409
2021-02-16,70.10428619384766,72.08229575190317,65.32026927959089,67.52827978581398,588495
2021-02-17,66.28626251220703,70.10427185564603,66.24025952435359,70.10427185564603,286136
2021-02-18,63.38825225830078,66.24026214111811,59.8922356154468,66.24026214111811,475084
2021-02-19,66.42425537109375,67.25225999320212,60.72023600824989,63.15824688815276,352436
2021-02-22,61.27224349975586,66.6082676353228,60.99624660802924,66.42426268843403,243695
2021-02-23,55.15422439575195,61.31825009763842,55.15422439575195,61.27224710344283,415455
2021-02-24,56.67222595214844,59.89223887010086,50.6462024790303,51.52020668723878,398909
2021-02-25,54.4642219543457,59.754239934700536,51.56620877780875,57.04023171708092,370708
2021-02-26,54.004215240478516,54.46421706789395,50.60020101569725,51.52020467052811,209335
2021-03-01,59.3862419128418,59.3862419128418,54.602218439631294,54.74022039907346,246708
2021-03-02,62.560245513916016,64.40025273491354,56.85622242691662,59.84623767057286,293023
2021-03-03,61.134246826171875,64.81426185303722,60.72024794327818,62.100253578352685,197716
2021-03-04,60.35224151611328,63.388256543799095,58.60423658604406,61.36424418565148,174982
2021-03-05,62.51424026489258,63.52624981509761,59.43222968499884,59.43222968499884,170823
2021-03-08,65.64226531982422,66.70027102261797,62.8822541050952,62.8822541050952,288596
2021-03-09,65.45826721191406,66.24026898360061,63.940259643892254,65.64226515146214,162531
2021-03-10,64.53825378417969,66.10225709268298,64.21625392879024,65.45825738190408,124751
2021-03-11,64.12425231933594,65.32025988542992,63.94025439489266,64.53825817793965,141852
2021-03-12,62.05424118041992,63.848252445630884,60.72023874293814,62.56024597757263,124469
2021-03-15,58.3282356262207,61.96224741131315,58.3282356262207,61.04224371695342,446671
2021-03-16,57.2242317199707,60.72024513170733,56.764229862912316,58.32823687881797,573053
2021-03-17,54.41822052001953,57.86823441157946,54.41822052001953,57.27023059989482,532744
2021-03-18,59.84623718261719,59.84623718261719,54.51021347760336,54.51021347760336,858707
2021-03-19,58.19023132324219,64.35425301941973,56.71822687540122,60.76624437126703,2254533
2021-03-22,52.39421081542969,55.15422188374519,52.39421081542969,53.360213987433,343989
2021-03-23,52.164207458496094,54.92421839799816,47.19618636357822,48.300191441286124,1147955
2021-03-24,55.384220123291016,56.488225199046276,52.02620541568863,52.90020958022552,904973
2021-03-25,53.63621520996094,57.40823249987886,53.49821676016292,55.98222395188338,529197
2021-03-26,53.77421188354492,57.86822866343809,51.65820427548162,53.63620993777622,903456
2021-03-29,54.4642219543457,57.59223255568999,54.37221947488703,54.97022330799331,668367
2021-03-30,53.45220947265625,55.79822153562014,52.34820792483246,54.74021595783112,501987
2021-03-31,52.76220703125,54.69421676929265,52.67020807162026,53.406210277264215,340528
2021-04-01,54.7402229309082,55.01622335302244,52.94621492286204,53.26821833994179,470086
2021-04-02,55.384220123291016,57.22422741303799,53.8662127054356,55.5222185643008,857655
2021-04-05,56.3962287902832,57.17823407819654,55.20022462530867,55.75222546774745,840789
2021-04-06,59.80023956298828,61.41024601276104,56.258226777302426,56.948229541490754,1936803
2021-04-07,58.006229400634766,61.36424061567922,57.50022809530318,60.58223891739726,768528
2021-04-08,56.02822494506836,58.51223204813597,56.02822494506836,58.42023308488735,494337
2021-04-09,53.3602180480957,56.02823035431482,51.152207621601555,56.02823035431482,447802
2021-04-12,50.140201568603516,53.49821647196643,50.09420208558531,53.22221255478601,393842
2021-04-13,49.49619674682617,51.382203568523224,47.38018900761642,50.09420053617339,435383
2021-04-14,54.41822052001953,54.41822052001953,49.72619952177666,49.72619952177666,657407
2021-04-15,52.21021270751953,56.258230603194384,51.106207507832224,55.66022676308249,593991
2021-04-16,51.244205474853516,53.31421374665117,50.46220024423088,52.854211908473914,296692
2021-04-19,47.564186096191406,52.164204026006146,46.73618146501069,51.290199917434315,310027
2021-04-20,44.068180084228516,48.80619718944933,43.056173875199036,47.840193974562425,623355
2021-04-21,39.670555114746094,43.12977069154884,39.670555114746094,41.10576202548791,240310
2021-04-22,41.12416076660156,42.32016471981988,35.7145387284417,36.78174274186445,222333
2021-04-26,43.31377029418945,44.10497042613462,39.541753504963445,40.90335838420637,164923
2021-04-27,41.91536331176758,44.141770234674745,41.86016183492627,43.35056661429119,128376
2021-04-28,40.240962982177734,41.71296748373094,40.22256248721637,41.40016608845894,88142
2021-04-29,41.12416076660156,42.48576564513851,40.02015576765575,40.02015576765575,97028
2021-04-30,42.50416946411133,42.8721688195347,40.6641621583882,41.160964973221944,82892
2021-05-03,45.98178482055664,46.46018716898552,42.32017049056107,42.5041719337315,175917
2021-05-04,48.990196228027344,50.554203194491194,44.45457778004995,46.00018425166887,242973
2021-05-05,47.564186096191406,50.140195434980626,46.552180045911065,48.990190952526945,160975
2021-05-06,47.28819274902344,48.76019730148027,46.64418944124769,47.840193578810826,193543
2021-05-07,46.506187438964844,48.300195398531734,45.540184232901346,47.28819270828153,224365
2021-05-10,46.736183166503906,48.48419144728615,46.23018187770967,47.33418692296502,232281
2021-05-11,45.3377799987793,46.32218365065361,44.8225801866794,46.000183768091176,228767
2021-05-12,45.90818786621094,45.98178634019006,44.63858172686543,45.28258504447754,79504
2021-05-17,47.28819274902344,47.840193578810826,45.90818716501928,45.90818716501928,213082
2021-05-18,46.23018264770508,48.07018991726548,45.59538140313946,47.84018900857043,230677
2021-05-20,45.356178283691406,46.460183342245905,44.344175693912064,46.460183342245905,305858
2021-05-21,44.32577896118164,46.09218439711936,44.14177751755422,45.39298312277792,244680
2021-05-24,43.64497375488281,44.583377939068434,43.14817442993147,44.34417852405746,196834
2021-05-25,40.737762451171875,46.000184704407474,40.46176204485255,44.08657533612705,529827
2021-05-26,42.19137191772461,42.46737233676948,40.03856303391742,40.958566770424156,347575
2021-05-27,41.1977653503418,42.577770926717186,40.866563450486,42.577770926717186,166319
2021-05-28,40.57216262817383,41.34496589297408,39.37615849467088,41.34496589297408,220095
2021-05-31,40.535362243652344,42.59616846250887,39.560157107340956,40.68256268785638,340613
2021-06-01,40.05696105957031,40.866561770904276,39.83615863222935,40.664163347838546,175654
2021-06-02,41.16096878051758,41.860170077171304,39.10015886329188,39.76256267767438,466557
2021-06-03,43.755374908447266,45.264180334680724,41.10576341068816,41.10576341068816,1447383
2021-06-04,44.62017822265625,45.908184771041974,43.29537419452975,43.700174547962305,729146
2021-06-07,45.779380798339844,46.92018688644107,44.71217668797084,44.71217668797084,529314
2021-06-08,44.104976654052734,46.27618597413635,43.552975831114985,46.046185046323004,404951
2021-06-09,43.33217239379883,44.38097954837513,42.78017158363072,44.19697810847391,340416
2021-06-10,42.65137481689453,43.55297807931929,42.32017290222098,43.33217563302498,231070
2021-06-11,43.53457260131836,44.91457808151958,42.356969047931315,42.522569986318295,459870
2021-06-14,42.19137191772461,43.86577843740401,42.02577096439054,43.70017748406994,270648
2021-06-15,41.25296401977539,43.03776984657512,41.105763575395365,41.7865643145772,216008
2021-06-16,40.29616165161133,41.528966758972544,40.185762189477146,41.17936436775606,141129
2021-06-17,39.872962951660156,41.08736762961644,39.100159655730174,40.20416486556384,167648
2021-06-18,40.14896011352539,41.27136572840908,39.90976070044528,39.90976070044528,237347
2021-06-21,39.26575469970703,40.075358866272666,38.64015195866112,40.075358866272666,216500
2021-06-22,39.94655990600586,40.29616230287257,38.82415775217434,39.339357590150875,260209
2021-06-23,39.928157806396484,40.792959930485175,39.41295452486597,39.89135681995818,207111
2021-06-24,39.872962951660156,40.94016716894101,39.68896149843191,40.31456433368646,356837
2021-06-25,39.00815963745117,40.277762260642504,38.65855723664952,40.05696333032041,299159
2021-06-28,37.2049446105957,40.20415833531557,37.18654411730804,39.13695429137767,358281
2021-06-29,36.45054626464844,37.48095295398248,35.42014308485006,37.26015051782928,316089
2021-06-30,35.144142150878906,36.72654613330128,34.960140708401255,36.5241477051579,296635
2021-07-01,36.17454528808594,36.7633470959413,35.16254261952649,35.18094311471392,313807
2021-07-02,35.99054718017578,36.54255155833363,35.530545286478876,36.24815062713048,137733
2021-07-05,37.112953186035156,38.54816036794158,35.9353494529033,35.9353494529033,547753
2021-07-06,36.41374588012695,37.628150408311214,36.24814494359861,37.112947104719105,207802
2021-07-07,37.940956115722656,38.36415699755876,36.248149078842445,36.248149078842445,502858
2021-07-08,36.92894744873047,38.86095729788822,36.81854798891834,37.775352666051575,350768
2021-07-09,36.3033447265625,37.14974994542223,35.86174337697568,36.89214652601159,202329
2021-07-12,35.199337005615234,36.56094545348669,34.92333662114113,36.082543149281776,189626
2021-07-13,34.4964599609375,35.791234694732886,33.79358456669082,35.36581002116312,185671
2021-07-14,35.069862365722656,35.32881945716739,34.533458051686985,34.5889496129918,143991
2021-07-16,35.60626983642578,36.25365726631996,35.12535356073232,35.14385074764103,213114
2021-07-19,35.365814208984375,35.64326496251546,35.01437470625688,35.64326496251546,55215
2021-07-26,34.145023345947266,35.661760899496606,34.145023345947266,35.3658129690425,168213
2021-07-27,34.1080322265625,34.44097452764256,33.312670846866276,34.145023071588824,206345
2021-07-28,35.347312927246094,36.60509329406886,34.10802974557983,34.10802974557983,476266
2021-07-29,35.1993408203125,35.82823103671159,34.958880928642394,35.42129999787835,161363
2021-07-30,36.068687438964844,36.290650144745506,34.66293304362737,35.143849299504204,313058
2021-08-02,38.36228561401367,39.13914979253373,36.697577668035706,36.697577668035706,731382
2021-08-03,37.84437561035156,38.84320251121197,37.17849453775554,38.36228624723965,416915
2021-08-04,37.99235534667969,39.02817315367649,37.45594749164165,37.84437784627379,274315
2021-08-05,37.23398208618164,37.862872305682004,37.01202290752124,37.825881461223624,178237
2021-08-06,36.80855941772461,37.54842926737168,36.549605852342566,37.252481327512854,158667
2021-08-09,38.103336334228516,38.288304688506784,36.80856138225856,36.93803817185997,278191
2021-08-10,36.80855941772461,38.14032867506707,36.67908263503359,38.12183148782867,205733
2021-08-11,35.47679138183594,36.938033798888995,35.217837833289764,36.69757743637862,187151
2021-08-12,35.80973434448242,36.16117030180503,35.143849746645785,35.86522237565043,136144
2021-08-13,38.12183380126953,38.51026417291467,35.73574942238217,35.920717778013255,759745
2021-08-16,37.733402252197266,39.25013651249479,37.67791421163595,38.36229258373207,540839
2021-08-17,39.786537170410156,40.58189853457195,37.12300234176956,37.88136933364999,825199
2021-08-18,39.583072662353516,40.58189957160952,38.6952288727777,40.17496852207073,337335
2021-08-19,41.06281661987305,41.15529902671955,38.732223981968914,39.028171917450926,713659
2021-08-20,39.60157012939453,41.229287283120705,39.3241193841846,41.06281613039922,337635
2021-08-23,39.12065505981445,40.30445035197702,38.86170149339346,39.87902209974257,281747
2021-08-24,38.584251403808594,39.69405443784598,38.41778024310742,39.39810649170563,400986
2021-08-25,37.64091491699219,38.95418344912022,37.60392054279705,38.51026154271169,219445
2021-08-26,37.08600616455078,38.1218273701516,37.08600616455078,37.64091113783208,212029
2021-08-27,37.492942810058594,37.73339919831245,37.03052369358913,37.34496883390748,143881
2021-08-31,38.38078308105469,39.102155706396395,37.56692452427331,37.8813696352131,251690
2021-09-01,38.103336334228516,38.76921747046119,38.01085039310043,38.380787101656956,178289
2021-09-02,38.51026153564453,38.52875872273871,37.95536003473012,38.19581641099898,153999
2021-09-03,38.28830337524414,38.97268167622873,38.084837839718986,38.71372810590784,281050
2021-09-06,39.13915252685547,39.41660328257202,38.02934597601151,38.30679673172806,400319
2021-09-07,38.0478401184082,39.76803960534851,37.91836334463463,39.435097313943615,269822
2021-09-08,36.457115173339844,38.047837789122674,36.40162714682099,38.02934060429063,295499
2021-09-09,37.178497314453125,37.529936827445276,35.60627162788597,36.45712110062946,213242
2021-09-10,36.75306701660156,37.27097408582249,36.47561276897343,37.15999450355762,131317
2021-09-13,35.902217864990234,36.66058489034417,35.71724952339661,36.605096857450455,204404
2021-09-14,36.08718490600586,36.383132830698656,35.21783831821797,35.902216571078476,285130
2021-09-15,36.679080963134766,36.90104367190029,35.77273999763255,36.14267666958256,391727
2021-09-16,35.75424575805664,37.585425026379795,35.71725138221709,36.71607836201765,373851
2021-09-17,35.180843353271484,35.88371878058766,34.958880649500465,35.791236378669936,122767
2021-09-20,34.219017028808594,35.06986656960893,33.55313232524094,35.06986656960893,155994
2021-09-21,33.70110321044922,34.62594142341632,33.60862080034363,34.29300263024952,177088
2021-09-22,33.6826057434082,34.07103962418047,32.88724785035598,33.77509168072435,167405
2021-09-23,33.96005630493164,34.3114922442779,33.016721015574944,33.64561120847941,265952
2021-09-24,33.516136169433594,34.163520053232176,33.29417346071867,33.75659253656199,107798
2021-09-27,34.03404235839844,34.21901068934173,33.25717819081861,33.793585997756395,262182
2021-09-28,37.43745040893555,37.43745040893555,33.38665805140209,34.03404550557979,1244399
2021-09-29,34.422481536865234,38.954186942882565,34.089539195203145,37.4374527446246,1762627
2021-09-30,34.32999038696289,34.773912265865896,33.9600572518658,34.53345590445166,262458
2021-10-01,34.18201446533203,34.58894547695233,34.015543329301416,34.32998841647288,214070
2021-10-04,34.95888137817383,35.976205460361065,34.57045104845007,35.143849713842194,449393
2021-10-05,34.163516998291016,35.05136422578081,34.10802897205727,35.05136422578081,241849
2021-10-06,33.627113342285156,34.10802956994553,33.29417106713741,34.10802956994553,185844
2021-10-07,33.90456771850586,34.10803324814387,33.75659375003577,33.86757334439391,102912
2021-10-08,34.86640167236328,35.10685805775488,33.5161387150599,33.97855782602499,324372
2021-10-11,34.97738265991211,35.34731937456338,34.81091149111684,34.866403056707924,221854
2021-10-12,34.36698532104492,34.9403839830105,34.21901135899001,34.884895952225875,150355
2021-10-13,34.1080322265625,34.699928082714784,34.08953504006055,34.36698578163473,168224
2021-10-14,33.83058166503906,34.31149440473908,33.75659291863745,33.94156125666387,143754
2021-10-15,34.66293716430664,34.75542310603381,33.75659610324802,33.84907851699725,334400
2021-10-18,34.311492919921875,35.587770516298306,34.311492919921875,34.58894717894356,281276
2021-10-19,34.77391052246094,35.05136476984533,34.32998866581415,34.4039774059106,195571
2021-10-20,34.145023345947266,34.99587629198605,34.08953531397313,34.792410766807244,212521
2021-10-21,34.422481536865234,34.477969575156905,33.49764326690521,34.2005187997645,196832
2021-10-22,34.95888137817383,35.532280043565954,34.25600593620711,34.27450312257171,441879
2021-10-25,34.90338897705078,35.12534812968083,34.58894390417728,34.64443192834623,273119
2021-10-26,35.365814208984375,35.77274174563144,34.810909173944474,34.97738033165867,377182
2021-10-27,35.920711517333984,36.69757565320129,35.29182133458534,35.384303732293006,567123
2021-10-28,35.5137825012207,36.03168955087824,35.5137825012207,36.01319236653659,111641
2021-11-01,36.327640533447266,36.901042712865184,35.23633126033249,35.532279179009976,570648
2021-11-02,35.569278717041016,36.8640536952956,35.42130473621003,36.36464018699929,341333
2021-11-03,35.365814208984375,35.88372134144833,33.81208575563704,35.56927621331904,311880
2021-11-04,36.53110885620117,37.93686334187308,35.64326503198031,35.64326503198031,791922
2021-11-05,37.178497314453125,37.88137281245958,36.734575390242014,36.901046552818414,565409
2021-11-08,37.4559440612793,38.47326458755516,37.178493329383834,37.32646728825991,396311
2021-11-09,36.43862533569336,37.77039103139002,35.77274072385621,37.64091425197227,320589
2021-11-10,35.5137825012207,36.79005646900008,35.34731137012301,36.605091681537914,235520
2021-11-11,35.1993408203125,35.865221880987555,34.77391259535251,35.51378592851205,243049
2021-11-12,34.86640167236328,35.310323595532424,34.77391573338356,35.23633484434865,172605
2021-11-15,35.10685348510742,35.53227816506931,34.99587390076462,35.18084222665421,290447
2021-11-16,34.55195236206055,35.19933974480562,34.496460805375854,35.106853816997805,241017
2021-11-17,35.08835983276367,35.32881973902523,34.2190131999188,34.403981544432824,250905
2021-11-18,34.79241180419922,35.513787993170524,34.551955426527265,35.217840053892246,385688
2021-11-19,36.05018997192383,36.06868715792622,34.940383507622904,34.9588806936253,388532
2021-11-22,36.73457717895508,37.19699631352208,36.235163666908,36.8825511608974,365552
2021-11-23,35.88371658325195,36.808554657706786,35.14384682928355,36.73456944629858,557027
2021-11-24,37.178497314453125,37.43745088824848,35.88372238952068,35.994701988578996,623475
2021-11-25,37.08600616455078,38.232806953616915,36.62358711747171,37.27097448897788,455432
2021-11-26,35.920711517333984,37.04901511484961,35.62476361109666,36.93803200402762,339938
2021-11-29,36.253658294677734,36.32764351643355,35.772742005342785,36.161172357510765,238942
2021-11-30,36.56810760498047,36.86405558178736,35.421306548870135,36.06869407112703,429073
2021-12-01,37.67790603637695,38.02934197693881,36.62358763075919,36.901041885277095,621710
2021-12-02,38.436275482177734,38.843203005496704,37.770390873130665,37.78888805982393,579460
2021-12-03,40.526405334472656,41.044315941499285,38.63973476027999,38.63973476027999,932607
2021-12-06,43.37491226196289,44.35523847957568,40.729874489955385,40.729874489955385,1148151
2021-12-07,43.35641098022461,45.96445413182905,42.727520791953445,43.467390564043825,1166471
2021-12-08,43.65236282348633,44.54020663001692,41.95066043031385,43.92981357202993,749173
2021-12-09,43.28242874145508,44.2812557298164,42.727527211017374,43.94831340036263,481008
2021-12-10,44.39223098754883,45.66850861627457,42.63503709976734,43.189942103898225,703779
2021-12-13,45.40955352783203,47.30547463178237,45.13210277758832,46.42687764936255,876774
2021-12-14,44.66968536376953,46.2419110448914,44.262757816646506,46.149428633992756,500482
2021-12-15,43.09745788574219,45.13210259248049,42.59804794854291,44.78066309535845,426914
2021-12-16,44.33673858642578,44.61419284720888,43.00497295217234,43.319418056812694,376749
2021-12-17,39.916011810302734,45.871967837894395,39.916011810302734,44.66967902688077,736577
2021-12-20,37.28947830200195,40.19346986933387,35.93921529125162,38.843206858583535,727446
2021-12-21,37.01202392578125,39.879020836866914,35.32881874139248,39.52758487298979,411667
2021-12-22,36.124176025390625,37.89986341363621,35.994695733017636,37.03051690413813,314563
2021-12-23,35.347312927246094,36.75306724734345,34.49646004993415,36.25365383205018,292426
2021-12-24,36.69757843017578,36.90104395410206,35.19934160047778,35.754243084668865,235590
2021-12-27,37.733402252197266,38.15882702706546,36.53111315766714,37.91837061935071,265709
2021-12-28,38.51026153564453,39.527585657957886,37.73339731757774,38.103334003505815,638596
2021-12-29,38.343788146972656,39.10215513378471,37.58542116016061,38.52875647916578,353742
2021-12-30,37.27097702026367,38.787711033216766,36.99352627876843,38.713725815207574,195207
2021-12-31,36.91954040527344,37.67791099873192,36.82705799357204,37.32647148390645,167405
2022-01-03,37.6594123840332,37.788889166700955,36.82705659834377,37.10450735091434,164774
2022-01-04,38.39928436279297,39.287128231440946,37.82588563862173,37.84437929890454,319978
2022-01-05,38.343788146972656,38.76921284143259,37.992352196580974,38.491762107131656,192517
2022-01-06,37.4559440612793,38.54725333098193,36.53110593630944,38.34378781453577,225164
2022-01-07,37.529937744140625,38.14033084583741,37.21549259914665,37.80738851255227,173681
2022-01-10,37.918365478515625,38.38078456971704,37.52993513533573,37.73339713643952,234513
2022-01-11,37.030521392822266,38.158821567879656,36.99352701908854,38.14032790899046,207749
2022-01-12,37.60391616821289,38.214309159512865,37.196988683338674,37.3819534768414,346605
2022-01-13,36.9565315246582,37.71489852331404,36.93803433835227,37.603918933455944,198444
2022-01-14,37.344966888427734,37.49294085687017,36.95653301628029,36.99352739038532,168097
2022-01-17,37.51144027709961,37.89987064439387,37.32647192354038,37.40045714817733,217918
2022-01-18,35.84672546386719,37.640913748898335,35.84672546386719,37.603919375851234,247134
2022-01-19,36.253658294677734,36.253658294677734,34.81090942667288,35.84672722709859,319800
2022-01-20,36.068687438964844,36.69757765603628,35.62476555538104,36.43862410594011,315042
2022-01-21,35.569278717041016,36.050195036736206,35.25483356677793,36.050195036736206,261766
2022-01-24,33.73809814453125,35.587774601104094,33.38665862994861,35.587774601104094,228828
2022-01-25,33.923065185546875,34.23751031213831,33.42365171484676,33.66411162058136,199555
2022-01-26,35.10685348510742,36.08718314273806,33.88606747340449,34.126527355454165,482560
2022-01-27,35.25482940673828,35.27332659315675,34.58894833556125,34.699927926094496,212625
2022-01-28,35.08835983276367,35.994700840106894,34.77391470548315,35.31032255177605,215432
2022-01-31,35.25482940673828,35.513786488619274,34.94038429357945,35.29182377957522,157539
2022-02-01,35.1253547668457,35.69875346879407,34.958883606928794,35.34731748939418,158446
2022-02-02,36.03169250488281,36.75306864143947,35.143848751558046,35.18084312327428,475014
2022-02-03,36.23516082763672,37.751894905693554,35.79123891659407,36.05019248270784,787894
2022-02-04,36.23516082763672,37.21549058617533,35.55077900979321,36.364637610693606,473220
2022-02-07,36.327640533447266,36.80855678329255,35.902215841345566,36.27215250368116,238395
2022-02-08,36.60509490966797,36.71607449752777,36.06868710038687,36.364635019998,232857
2022-02-09,36.272151947021484,36.82705340403146,36.19816320449886,36.623587890071676,221342
2022-02-10,35.79124069213867,36.43862816751669,35.73574912751384,36.290654189828395,183068
2022-02-11,35.40280532836914,35.68025961201563,34.8664010044733,35.68025961201563,185794
2022-02-14,34.20051574707031,35.01437433982501,34.08953615241485,35.01437433982501,160075
2022-02-15,34.64443588256836,34.94038380517187,34.182016812503186,34.219011184823,141501
2022-02-16,36.84555435180664,38.10333487929852,35.06986315770699,35.125354720264966,736679
2022-02-17,35.328819274902344,37.14150126577517,35.27332771388382,37.12300407876899,306173
2022-02-18,35.365814208984375,35.80973612022965,35.12535430207377,35.32881983438617,174123
2022-02-21,34.9218864440918,35.71724780509642,34.79240966959849,35.32881748161649,149107
2022-02-22,34.237510681152344,34.86640094111343,33.516138012129,34.34849027762261,258627
2022-02-23,34.18201446533203,34.69992505831365,34.08953206886048,34.42247434092172,128674
2022-02-24,30.778610229492188,32.48031244090991,30.778610229492188,32.48031244090991,185302
2022-02-25,32.57280349731445,32.62829153305149,30.593650255195406,30.704629854647337,339620
2022-02-28,31.444496154785156,32.609790636446526,30.982077093685373,31.444496154785156,165147
2022-03-01,31.5369815826416,32.369337383699275,31.444499172736435,32.258357786217516,179276
2022-03-02,31.35201644897461,31.869923584023383,31.167048103038155,31.499990420128224,137301
2022-03-03,31.70345687866211,31.94391682054872,31.42600608477455,31.444503274764152,168938
2022-03-04,32.313846588134766,33.6641130894604,31.29652594311448,31.703453495527018,358093
2022-03-07,31.610965728759766,32.31384111440636,31.389003038147678,32.23985590285385,136395
2022-03-08,31.9254150390625,32.054891822390196,31.426001565103324,31.51848750175007,157178
2022-03-09,32.646785736083984,32.99822521819073,31.906915927420467,32.221361037099655,324868
2022-03-10,33.405155181884766,33.738097502205584,32.48031697120596,32.66528531893728,224888
2022-03-11,34.05254364013672,34.644439547966606,33.571627333030456,33.664113273615065,371659
2022-03-14,34.05254364013672,34.16352324086035,33.405156167956065,34.08953801637056,253508
2022-03-15,34.62594223022461,35.21784166381657,34.126532264848905,34.126532264848905,222940
2022-03-16,36.19816589355469,36.53110820368495,34.44097546383493,34.792411432992274,409825
2022-03-17,36.47561264038086,37.14149718757715,36.10567952480971,36.53110419530632,259771
2022-03-18,36.38313674926758,36.99352985068476,35.809738024415786,36.27215714754934,266261
2022-03-21,37.363460540771484,37.58541970844821,36.53110484204038,36.53110484204038,297791
2022-03-22,37.252479553222656,37.807384560011805,37.03052037288904,37.381956329746856,215055
2022-03-23,36.068687438964844,37.36346224540074,36.013195880525295,37.28947350081468,285137
2022-03-24,36.068687438964844,36.66058328374324,35.68025711382059,36.068687438964844,164646
2022-03-25,36.69757843017578,36.99352635880804,35.77274027120558,36.06868819983784,200598
2022-03-28,38.084835052490234,38.898693607051044,36.97502857408505,36.99352576032252,552739
2022-03-29,37.178497314453125,38.58425183844388,37.06751771539481,38.14032991423278,259645
2022-03-30,36.9565315246582,37.474442157291904,36.845551934800106,37.270976635904105,142661
2022-03-31,37.08600616455078,37.52993155436676,36.605093460208614,36.90104136810103,166943
2022-04-01,37.64091491699219,38.140328384693426,37.01202466758568,37.32646979228893,167209
2022-04-04,37.492942810058594,38.10333590267916,37.21549204577249,37.6964048222802,200526
2022-04-05,37.733402252197266,38.288307353657586,37.344971856355386,37.51144303399567,220472
2022-04-06,37.3819580078125,37.918365852323454,36.62359097300425,37.49294113093887,201958
2022-04-07,38.602745056152344,39.04666693470794,37.30797026438207,37.62241536935614,528230
2022-04-08,38.73222732543945,39.73105081191798,38.51026459067868,38.695232948316324,304834
2022-04-11,41.72869873046875,42.35758899073104,38.787712962765056,38.787712962765056,852441
2022-04-12,42.17262268066406,42.96798413810096,41.15530201946399,41.895171911971126,479483
2022-04-13,41.876670837402344,43.00497452375255,40.69287911924973,42.56105262944533,424495
2022-04-14,44.29975128173828,45.77949099357172,42.635039695953466,42.635039695953466,784580
2022-04-15,43.28242874145508,44.29975291789471,42.820009623431034,44.29975291789471,174360
2022-04-18,42.76451873779297,43.83733087900864,42.61654477100383,43.37491179179538,199567
2022-04-19,43.02347183227539,44.48471429751401,41.06281591153418,43.07896339221266,466461
2022-04-20,43.28242874145508,43.929816212284315,42.26510809299333,43.17144914096311,293754
2022-04-21,42.87549591064453,43.282423414349914,42.320590920525426,43.06046424068423,171238
2022-04-22,41.89516830444336,43.74484464042742,41.61771755964128,42.875498032586854,262675
2022-04-25,41.3587646484375,42.08013730180124,40.08248696881285,41.72869780463376,205633
2022-04-26,42.59804916381836,44.05929169905105,41.895170149521896,41.895170149521896,628988
2022-04-27,41.41425323486328,42.801510527085796,40.951834137455776,42.801510527085796,372768
2022-04-28,42.76451873779297,43.263928670720276,41.987654530155574,41.987654530155574,384132
2022-04-29,43.57837677001953,44.66968617267939,42.70903009670486,43.00497805051317,284874
2022-05-05,46.075435638427734,46.112430010570414,44.392230513688574,44.614193218567124,504906
2022-05-06,46.130924224853516,46.981773561457665,44.85464669197001,46.0199411155751,685869
2022-05-09,47.30547332763672,47.72164767754008,45.96445728912143,46.24190803171621,579806
2022-05-10,47.07426071166992,47.9990988118758,46.70432406039662,47.53667976177286,72396
2022-05-11,49.29387283325195,49.71005070756194,45.039618742028374,46.796809115369605,1194886
2022-05-12,50.681129455566406,52.34583740489958,47.351713556900066,49.29387224312584,928422
2022-05-13,54.79666519165039,55.490293864962425,50.1262328302783,51.143553473278125,1150492
2022-05-16,51.79093933105469,55.95271124158587,51.79093933105469,54.842904693182,542194
2022-05-17,51.51348876953125,53.548133527921394,50.03374552343943,51.69845711628995,754491
2022-05-18,50.72737121582031,52.762015855407164,50.26495213991319,51.698454097607325,434794
2022-05-20,48.55400466918945,51.37476042532778,48.32279512314569,50.6811317871965,331228
2022-05-23,48.738975524902344,49.756296168763136,47.72165135306368,48.36903882096503,346886
2022-05-24,47.44419860839844,49.617570479334894,47.16674785601741,49.20139258677449,201005
2022-05-25,48.55400466918945,49.84877953822558,47.444198142583865,47.629166485014416,375019
2022-05-26,51.55972671508789,52.34583772914933,48.6002439379537,48.64648513972598,821528
2022-05-27,53.31692123413086,54.19551466208344,51.09730824314701,51.60596852458735,552897
2022-05-30,53.6406135559082,54.56545172066524,52.253356308772645,53.6406135559082,475644
2022-05-31,54.3804817199707,54.79665958698636,52.53080544699226,53.82558024926818,483333
2022-06-01,53.131954193115234,55.12035416506957,53.131954193115234,54.935389351289764,301051
2022-06-02,53.82558059692383,54.103031334067126,52.25335504914175,53.316920324164855,310352
2022-06-03,55.95270538330078,57.386203741244415,53.5018829925107,54.103029172282575,651260
2022-06-06,56.23016357421875,57.38621135957678,55.67526204843804,56.13768116258125,434331
2022-06-07,57.70989990234375,58.588493290964934,56.04518846964009,56.23015679860465,473028
2022-06-08,52.94698715209961,58.12607968067719,52.94698715209961,58.07983847609624,400153
2022-06-09,53.22443771362305,54.19551711819569,51.42100251771514,52.715777409130496,374150
2022-06-10,51.14354705810547,53.96430260349168,51.14354705810547,51.79093444425413,213099
2022-06-13,51.09730911254883,52.900744257410786,50.54240761935022,51.14355031565244,288645
2022-06-14,49.848777770996094,52.34583795736123,49.016422023556004,52.34583795736123,264224
2022-06-15,50.35744094848633,51.14355201124301,49.10890725542965,49.848780641527426,219850
2022-06-16,49.24763107299805,52.06838670116111,48.92393913441349,50.449919952283246,251133
2022-06-17,50.033748626708984,50.26495819250335,49.108910363531535,49.47884707999371,123002
2022-06-20,51.32851791381836,51.975905331840416,50.588648090926405,51.32851791381836,197747
2022-06-21,51.05106735229492,52.20711505715677,50.49616233717466,51.55972763683861,229749
2022-06-22,50.91234588623047,51.004831829705424,50.172475978320875,50.40368554504125,128025
2022-06-23,53.17819595336914,53.363164297063356,51.05106882082992,51.09731002475904,372425
2022-06-24,53.08570861816406,53.50188294287514,51.837175060098645,53.27067341671237,211242
2022-06-27,52.90074920654297,54.3804890121615,51.097313892960535,51.14355510039024,213176
2022-06-28,50.8661003112793,53.59437366993436,50.588649560631495,53.22443698375216,226202
2022-06-29,48.55400466918945,51.0973096756708,48.461522261963026,50.95858253685347,164014
2022-06-30,48.045345306396484,49.38636140508465,46.473119657175104,48.5077644074629,133678
2022-07-01,48.831451416015625,48.97017854346117,47.582921380915394,48.13782283474274,112805
2022-07-04,48.09158706665039,49.756295144131194,46.47312019421504,48.87769813635644,127666
2022-07-05,46.70433044433594,48.50776569184151,45.94596338074535,47.860378227611584,178130
2022-07-06,47.490440368652344,48.32279616352133,46.0939362327919,46.7043293063699,145108
2022-07-07,48.27655792236328,48.877700675133944,47.49044328384751,47.81413879193447,113535
2022-07-08,48.55400466918945,49.01642376127697,48.137826780715145,48.137826780715145,51331
2022-07-13,50.218711853027344,50.86609927668984,48.23031190717969,48.55400385502212,219657
2022-07-14,49.941261291503906,51.513486889609744,49.710051748487686,50.26495324053556,224858
2022-07-18,48.9239387512207,50.68112909088139,48.64648448834704,50.403678355985235,225151
2022-07-19,49.340118408203125,50.07999181831768,48.69273446631971,49.016426437261416,183863
2022-07-20,51.42100143432617,51.69845571091074,49.43260146266202,49.43260146266202,284393
2022-07-21,50.6348876953125,52.4383227571794,49.94125909674657,51.69845295763791,345601
2022-07-22,51.79093933105469,52.20711722770336,50.54240916908644,50.81985992419296,267746
2022-07-25,51.004825592041016,52.66953356324568,50.68113012143221,51.97590494791228,258031
2022-07-26,51.004825592041016,51.88341901574794,50.449920582987744,51.420999938859,227662
2022-07-27,50.12622833251953,51.55972675647627,50.12622833251953,51.143548884236566,145180
2022-07-28,49.47884750366211,50.49616819067703,49.43260629570289,50.12623499902525,176599
2022-07-29,49.61756896972656,50.218711660266145,49.293873495148986,49.47884183376794,119063
2022-08-01,50.77362060546875,51.09731257711907,49.710055222084165,49.710055222084165,269347
2022-08-02,51.09730911254883,52.76201712012231,50.63489002555744,51.00482670634161,441954
2022-08-03,52.80825424194336,53.363159220233825,51.00482276443714,51.282273489593685,360556
2022-08-04,52.71577835083008,53.64061656751131,52.253359242489466,52.90074669976189,244582
2022-08-05,51.929664611816406,52.993226389610754,51.79093747524524,52.94698518674625,234189
2022-08-08,52.99322509765625,53.91806324430986,51.837177414339244,51.929663345791134,335970
2022-08-09,54.56544876098633,55.07410901841698,52.80825493206868,53.17819158909684,448121
2022-08-10,53.40940856933594,55.53653582407754,53.40940856933594,54.93539308250813,265756
2022-08-11,54.28800582885742,54.98163451441869,52.715780102656296,54.010555060228505,350468
2022-08-12,55.95270538330078,56.230156109358035,53.73309251888798,54.56544822503712,436768
2022-08-15,59.42085647583008,59.51333888794761,56.692582982628295,56.73882418868706,742029
2022-08-16,58.542259216308594,62.241615661942326,56.41513199425204,60.02200250015766,628930
2022-08-17,58.40353775024414,59.92952229618494,58.079842241237735,58.26481059953025,362937
2022-08-18,64.23001861572266,64.23001861572266,64.23001861572266,64.23001861572266,182686
2022-08-19,70.61138916015625,70.61138916015625,65.8947161520431,69.36285910741378,2205041
2022-08-22,69.36286926269531,72.13738403320312,67.83688472772482,70.61139949823264,1311086
2022-08-23,73.29342651367188,76.29915062937451,69.22413706891415,69.31661947666777,1837851
2022-08-24,73.24717712402344,75.69799958140098,71.02757125525999,73.24717712402344,1243524
2022-08-25,70.5651626586914,74.21827099428305,70.47267318714243,74.17202625850857,769336
2022-08-26,67.60567474365234,69.22414168306379,66.58835407864206,69.22414168306379,769877
2022-08-29,67.42070007324219,70.61138875132768,65.80223337010652,67.83687440309512,498332
2022-08-31,68.53050231933594,70.01024187938442,66.1259246522628,67.65190894004444,616083
2022-09-01,71.85992431640625,72.87725196699641,69.4553464410999,70.28770222069394,752315
2022-09-02,72.96973419189453,76.57660452380479,71.85992413656155,73.98705478398323,1239010
2022-09-05,72.09114074707031,73.52464289636296,70.38019134872351,73.06222375864999,786038
2022-09-06,71.99864959716797,74.44947214094927,69.87152605528541,72.27610386852254,798737
2022-09-07,70.93508911132812,74.54195960389437,70.70387955482973,72.59980074049892,556727
2022-09-08,70.14897918701172,72.27610996425057,69.87153194821262,71.07381742825369,383495
2022-09-09,71.07382202148438,71.39751401564688,69.77904698887808,70.19522845790668,252500
2022-09-12,73.98705291748047,75.37431015968322,70.88884648775202,71.58247510885339,754522
2022-09-13,69.36286926269531,75.2818355176365,69.36286926269531,74.4032349400688,645115
2022-09-14,68.90043640136719,69.7327920778095,66.77330601223176,68.43801736511641,304665
2022-09-15,68.34554290771484,70.93508557793415,68.16057103815645,69.5478283080453,276220
2022-09-16,68.25305938720703,69.45534476791943,67.69815084354182,68.48426892841579,230511
2022-09-19,67.14324951171875,69.64031679614392,67.14324951171875,69.17789771265281,244533
2022-09-20,67.51318359375,68.43802172517123,66.26465352752233,67.28197406089468,215823
2022-09-21,68.34554290771484,69.17789868083922,67.00452331324908,67.42070472778894,201060
2022-09-22,69.27037811279297,69.73279718289713,67.74439377025826,68.34553997258467,301299
2022-09-23,69.64031982421875,70.42643088914399,68.62299215153902,69.36286553967781,304244
2022-09-26,68.25305938720703,69.64031663445957,67.79064030478952,69.64031663445957,393264
2022-09-27,69.73280334472656,71.3050254996256,68.02185404534687,68.34554601183129,562971
2022-09-28,70.38018035888672,72.27610134984505,68.48426642388337,69.87152362040264,625407
2022-09-29,68.0218505859375,71.85992336698908,67.23573249251217,70.75012037949675,350951
2022-09-30,68.06808471679688,68.71547563908712,67.00451945985608,68.43802137868346,228593
2022-10-03,71.21253967285156,71.67495876163632,68.06808845792419,68.06808845792419,389322
2022-10-04,73.80207824707031,74.44946205122096,70.47265566585477,71.21252891855917,808481
2022-10-05,76.06793975830078,77.96386083605697,74.07953627440034,74.1720186805446,829582
2022-10-06,79.07366943359375,79.72105337850401,77.4552025153623,78.42628548868349,667805
2022-10-07,84.43772888183594,85.54753187841703,79.16614700818728,79.76729323798345,967220
2022-10-10,80.46092224121094,85.3625674530002,80.04474787958684,84.99263076713689,724508
2022-10-11,79.16614532470703,82.49556129960516,79.11990765014004,80.92333924522292,500739
2022-10-12,77.96385955810547,80.09098308837771,77.27023093946025,79.11990725584751,398079
2022-10-13,77.82514190673828,79.58233603262396,76.85405889991945,78.24131630625719,298518
2022-10-14,80.27595520019531,82.95798022243181,78.70372609286318,78.70372609286318,628002
2022-10-17,85.5937728881836,87.48968684623554,80.55340077931484,80.64588318234944,805848
2022-10-18,87.39720153808594,88.96942350527803,84.06778574782601,86.00994437081472,728944
2022-10-19,91.37401580810547,92.25260926443218,87.85962787088779,87.85962787088779,607490
2022-10-20,92.43972778320312,94.80285147193324,91.0033181574625,91.930032220452,583326
2022-10-21,93.04209899902344,95.82224135714007,90.81798369847661,92.62507340314536,650833
2022-10-24,89.2425765991211,95.91491573520187,89.2425765991211,93.41279032673856,719595
2022-10-25,90.35462951660156,91.28134366548979,87.75982707160739,90.4472995174368,430660
2022-10-26,99.34375,99.34375,91.65202711087987,92.20805416414785,541184
2022-10-27,103.51396942138672,106.29411191689685,95.63689901744135,100.64115692341318,1589096
2022-10-28,109.35226440429688,110.46431850233525,102.40190861588817,104.44067681904771,445837
2022-10-31,107.86951446533203,113.05911161731953,105.73806936902989,110.27896952836906,823689
2022-11-01,113.98583221435547,115.37590333892078,106.47944955575626,107.86952068032157,795941
2022-11-02,119.26809692382812,124.64304131029726,115.3759006924313,115.8392577233246,768769
2022-11-03,113.4298095703125,119.63879840926175,113.4298095703125,119.26810427737112,529405
2022-11-04,118.15604400634766,119.45343804902707,110.64966144823313,114.26384773777487,614112
2022-11-07,114.4491958618164,120.10215775088146,113.42981172568373,118.89742654528156,374266
2022-11-08,114.35652160644531,118.15604801077761,113.15179044567941,114.44919160259634,405119
2022-11-09,122.51160430908203,123.34565550462465,115.09789132044729,115.83926544741783,690415
2022-11-10,110.46431732177734,114.44919075931806,110.46431732177734,110.46431732177734,1883024
2022-11-11,106.664794921875,112.03973970261792,105.55274079426432,110.46432143985713,795656
2022-11-14,109.72295379638672,110.83500791810059,105.92342729855203,106.57212435784051,662260
2022-11-15,105.73807525634766,110.6496627150692,103.05060300667488,110.6496627150692,476464
2022-11-16,100.17779541015625,107.03548134316587,99.34375128433778,106.94281134480107,572703
2022-11-17,101.38253021240234,105.18205684289381,94.52484403502352,100.17779897992722,517346
2022-11-18,101.93855285644531,103.32862403176047,100.36314168586183,100.455811683496,285878
2022-11-21,105.92342376708984,107.68417488938917,101.93855033497914,101.93855033497914,429070
2022-11-22,106.29410552978516,108.79623786755431,105.6454084812529,106.85013965169,372244
2022-11-23,107.96219635009766,109.81562461361864,104.34800982217818,106.5721251524569,595250
2022-11-24,109.07424926757812,110.83500751240312,106.57212396774679,108.14753514611947,749538
2022-11-25,113.98583221435547,115.37590333892078,109.35226179913776,109.53760178763953,791367
2022-11-28,112.22508239746094,117.69269730852471,112.13241239631095,115.37591192843564,624944
2022-11-29,113.80050659179688,115.83927500375569,108.05487430944964,112.96646239771619,538155
2022-11-30,111.6690444946289,115.74658778234515,110.74233043243282,113.05911558792305,524571
2022-12-01,122.78962707519531,122.78962707519531,112.41043123732373,112.41043123732373,904369
2022-12-02,129.18394470214844,135.0222465780151,128.34990763725412,135.0222465780151,1305615
2022-12-05,126.49647521972656,137.6170444698124,126.2184581603674,129.64729751770352,694431
2022-12-06,125.10640716552734,129.64730073235825,124.08701596944593,126.49647835625542,321261
2022-12-07,118.80474853515625,129.09128102547513,118.80474853515625,126.03312157101259,614401
2022-12-08,118.15604400634766,121.30686619030311,114.63452770981627,119.45343804902707,391102
2022-12-09,125.10640716552734,125.10640716552734,117.60002414964924,118.99008827010962,367132
2022-12-12,124.55036163330078,128.81325188424483,124.17968167258134,126.95982379957944,383466
2022-12-13,122.0482406616211,127.51586218002987,122.0482406616211,125.106399932523,428910
2022-12-14,121.67757415771484,126.40380797180138,121.30688000292977,122.60428833387331,731055
2022-12-15,128.6279296875,132.9834834605394,122.69695051225537,122.69695051225537,771763
2022-12-16,128.3498992919922,130.203327440613,126.31113115661618,129.1839363026577,135389
2022-12-19,125.56976318359375,129.1839425931805,123.71633494472152,126.40380023487215,254410
2022-12-20,129.5546417236328,129.7399817265636,125.66244509994307,126.12580217753793,302012
2022-12-21,128.99859619140625,131.59339842507808,126.03311398458183,130.75936141521748,316144
2022-12-22,129.27662658691406,132.98348326324134,127.14518116991867,131.1300549250777,508722
2022-12-23,127.88655090332031,135.2075869292527,127.052513836252,130.01799624648277,457327
2022-12-26,129.73997497558594,131.5934031895229,127.0525097215914,128.6279208753308,397737
2022-12-27,125.10640716552734,131.31538898933903,124.73572717088068,131.1300489920157,321418
2022-12-28,116.76597595214844,125.56975985330249,115.83926185729011,125.10640280587332,385690
2022-12-29,118.6194076538086,120.00947883725166,112.13240879774094,117.87803352786523,324459
2022-12-30,116.76597595214844,121.39954642644004,116.0246018481548,118.80474413272977,187127
2023-01-02,125.10640716552734,126.40380128732606,119.36078240529169,119.54612240261501,569667
2023-01-03,118.71208190917969,126.03311764561542,118.71208190917969,124.92106355331993,271423
2023-01-04,117.78536224365234,122.97495985779044,116.39529107538674,119.5461204708423,308325
2023-01-05,108.98157501220703,120.28749109450673,106.57211980459148,119.26809994450979,408592
2023-01-06,109.72295379638672,110.92767791653213,101.47519667116117,107.22082141712899,488903
2023-01-09,101.84588623046875,112.22508185498991,101.84588623046875,111.66905478050981,499611
2023-01-10,97.86100006103516,104.7186852905777,97.76833007217652,101.8458732143586,291898
2023-01-11,93.50545501708984,101.01183788633261,93.32010795311953,98.13902556233447,253348
2023-01-12,96.56361389160156,97.7683451432752,89.65959613850119,94.5248455413656,332872
2023-01-13,98.13903045654297,99.99245876707157,95.26621798927721,96.28560214601437,205205
2023-01-16,101.84588623046875,102.6799303773228,96.93429842031429,99.15841378850249,363577
2023-01-17,101.56786346435547,105.73807689458211,99.62176527763651,102.86526461225725,299055
2023-01-18,102.30924224853516,105.08938466251564,100.45581397254817,102.1238951787758,203737
2023-01-19,103.14328002929688,106.29410224805196,100.73381776281262,102.67992298886026,272112
2023-01-20,105.27472686767578,107.68418226288713,103.05061147583919,103.69931562818665,325147
2023-01-23,105.64541625976562,109.81563005949322,104.44068500062598,106.29411335606046,329861
2023-01-24,107.59150695800781,108.42555107261994,102.03122228761706,105.46006874318523,339978
2023-01-25,105.46006774902344,108.42555005050284,103.05060542502048,107.49883594750709,405421
2023-01-26,108.42555236816406,109.16692649451498,104.34800881376931,105.55274000152265,379177
2023-01-27,114.91255187988281,115.09789187738845,104.71869647118353,107.2208217888481,726346
2023-01-30,107.49884033203125,116.11728466951674,107.49884033203125,114.91255345837824,337187
2023-01-31,102.0312271118164,106.38678788505425,101.10451295626808,106.38678788505425,244227
2023-02-01,99.15841674804688,106.57213014977,99.15841674804688,102.40191636130075,268016
2023-02-02,97.67567443847656,101.56787110470121,91.93004237134971,94.5248448623448,289432
2023-02-03,103.60663604736328,103.9773160198409,96.28559346665396,98.13902161011114,196058
2023-02-06,113.05912017822266,113.8931642821155,102.86526508018619,113.8931642821155,477310
2023-02-07,115.09789276123047,123.71633704651019,102.86526900496352,114.81988276283717,1881531
2023-02-08,110.27898406982422,110.27898406982422,110.27898406982422,110.27898406982422,47
2023-02-15,126.58915710449219,126.58915710449219,117.69269570959956,122.32626640682788,645593
2023-02-16,139.1924591064453,139.1924591064453,132.70546021468854,134.37354847210452,1155974
2023-02-17,139.56314086914062,152.07378047986117,133.44682251435248,139.19244676672471,1983917
2023-02-20,146.14279174804688,151.51773565758464,134.46620408994738,139.00709693356387,2104070
2023-02-21,160.69224548339844,160.69224548339844,144.1967431263639,146.1428345693379,1480901
2023-02-22,144.66009521484375,169.58870204502955,144.66009521484375,163.47238254456786,1241078
2023-02-23,138.0803985595703,141.41657491923692,130.2960059077279,140.86054081244757,1394799
2023-02-24,146.9768524169922,151.88842551712565,136.2269638955514,139.09978307609296,1747472
2023-02-27,137.9877166748047,151.51774748906317,137.9877166748047,146.97685429086457,1471710
2023-02-28,132.3347625732422,138.8217605999645,131.13003154017275,136.22695856116889,1048179
2023-03-01,129.73997497558594,134.28086844351742,128.34990381513325,132.8907972830647,982759
2023-03-02,125.94044494628906,131.87142387841035,124.643050817047,129.73997854562512,449179
2023-03-03,128.3498992919922,129.55463041670262,124.8283829815057,125.94043704257128,508845
2023-03-06,127.88655090332031,130.29601331568404,126.49647969784945,129.2766221087912,298512
2023-03-07,128.90594482421875,130.4813560621476,126.68182236431701,128.81326775235524,461560
2023-03-08,128.25723266601562,131.31539218822218,127.05251558379898,129.64730389060625,325785
2023-03-09,137.89508056640625,139.56316901231565,127.79388695206082,128.44259822696898,1095259
2023-03-10,130.6667022705078,141.78727267650848,130.4813622585151,136.04164746151542,558386
2023-03-13,131.59339904785156,134.09552422980943,129.46195384080056,131.13004200895068,357129
2023-03-14,129.73997497558594,144.75274068036816,129.73997497558594,144.28938362688393,2257668
2023-03-15,123.25298309326172,132.6128017512952,122.60428601035171,129.73998220343339,845498
2023-03-16,126.21846771240234,129.27662731572013,123.2529851827296,124.64305644418896,603520
2023-03-17,133.07615661621094,136.41231904732123,126.77449761451066,127.23785468609839,948338
2023-03-20,129.18394470214844,140.02651138898747,128.25723056758343,133.354158307691,778048
2023-03-21,123.53099822998047,131.13005138308387,121.67756994188035,129.27662309498373,491393
2023-03-22,126.95983123779297,127.8865453344192,122.97495779419322,124.55036893035081,432154
2023-03-23,133.8175048828125,137.52436113043095,125.29173834139692,126.68180943425385,1008699
2023-03-24,130.20333862304688,135.30026646950066,129.73998154609652,133.81751816704525,304644
2023-03-27,130.20333862304688,132.3347840051256,129.1839473975418,130.48135569732423,275024
2023-03-28,129.73997497558594,132.8907972830647,128.81326086861748,130.6666890825544,401128
2023-03-29,126.68182373046875,130.20334039122108,123.34566121544233,129.9253233131682,362637
2023-03-30,125.10640716552734,129.92531779861093,124.55037303302196,127.05251248876081,240872
2023-03-31,123.71633911132812,125.56976741262143,122.60428495865929,123.71633911132812,172680
2023-04-03,121.86290740966797,125.66244097751435,119.63879916639007,124.64304978403302,193009
2023-04-04,123.71633911132812,124.73573033325374,121.58489373673368,122.048250812057,153444
2023-04-05,121.30687713623047,125.10641082490486,121.30687713623047,124.08701959900613,257469
2023-04-06,118.24871826171875,122.97495877827997,118.24871826171875,121.30687056289717,205989
2023-04-07,119.45344543457031,119.54612250357795,117.32200718248109,118.80474837312309,148810
2023-04-10,121.86290740966797,122.04824740651857,119.08276503530293,119.63879916639007,371278
2023-04-11,123.71633911132812,129.73998109053136,121.58489373673368,122.23359081407918,799951
2023-04-12,122.51160430908203,124.6430496214216,121.3995501888939,123.71633549784225,271699
2023-04-13,121.49221801757812,125.75509417751597,121.39954095605447,123.1602920007301,317864
2023-04-14,121.39955139160156,123.2529796571222,119.91680312297086,122.23358845487165,216896
2023-04-17,117.60002899169922,122.4189468934641,117.04400190656773,121.86291273806462,197219
2023-04-18,117.13666534423828,119.08276356826536,116.11728123358291,117.60002240092415,181292
2023-04-19,116.858642578125,118.6194007216403,116.20994555853544,117.50734666798182,131450
2023-04-20,117.78536224365234,117.97070930824832,115.46857696320967,117.32200518756382,73105
2023-04-24,118.43406677246094,121.39954911353959,117.60002265457393,118.71208383517914,232038
2023-04-25,115.5612564086914,119.08277315099141,114.72721929575502,118.52674605227777,215915
2023-04-26,110.37165069580078,115.83926543855407,110.09364070090885,115.83926543855407,198791
2023-04-27,110.18630981445312,112.78110509728094,109.53760569104546,109.63028275886627,176143
2023-04-28,108.05487060546875,111.66905727574994,107.12815643720526,110.55700310194096,156581
2023-05-02,102.95793914794922,110.27898224012898,102.67992914916837,108.51822396677925,169845
2023-05-03,100.27046966552734,103.79198631503759,95.54422884559261,103.42129923557314,265105
2023-05-04,103.79198455810547,104.7186987059457,99.25108381963479,99.34375382036524,188802
2023-05-05,101.10449981689453,103.32861491522176,99.34374173612436,103.32861491522176,167766
2023-05-08,101.10449981689453,103.14327493630574,99.15840175720834,100.7338127887955,172499
2023-05-09,101.56786346435547,102.95793460776434,100.54847937324244,101.56786346435547,219027
2023-05-10,102.679931640625,102.86527164430937,100.08512916743615,101.56787040771495,218503
2023-05-11,111.8543930053711,112.87378420770646,104.53335701216956,107.49883940914225,571151
2023-05-12,109.25959014892578,112.8737764320717,107.59150199662236,112.03973235592,301560
2023-05-15,106.94280242919922,111.66904265446334,103.51395621341644,105.0893743353492,247479
2023-05-16,111.6690444946289,112.68842854899117,106.57211715255042,106.94280419148228,280602
2023-05-17,112.873779296875,114.81987747711062,110.55699406557845,113.98583337979038,282752
2023-05-18,112.50308990478516,115.19056213122018,111.76171581809022,113.52247397129022,244694
2023-05-22,107.6841812133789,113.6151531770496,106.57212706343284,112.59576902788774,322124
2023-05-23,105.55274200439453,107.96219735535314,104.16267079381058,107.4988402851585,271162
2023-05-24,104.06999206542969,106.85013425342584,103.050600940284,105.27471610473437,258242
2023-05-25,105.18205261230469,106.57212379220299,103.6993114344667,104.6260255543989,181739
2023-05-26,109.44493865966797,109.81562573019477,104.90403795381732,105.27472502434412,384620
2023-05-29,118.34138488769531,120.10215011954956,110.92767226650176,112.03973340184118,543887
2023-05-30,123.16029357910156,123.99434472190066,118.43406033204444,120.47282844688483,538952
2023-05-31,119.91680145263672,125.19908324822143,118.24872027906368,123.7163350002441,491292
2023-06-01,123.16029357910156,124.55036467656562,119.91679435168543,119.91679435168543,310069
2023-06-02,125.56976318359375,127.05251143090565,123.25297788500346,124.17969200443957,295691
2023-06-05,130.6667022705078,131.13005937075783,124.64305996725744,127.88655966900764,457148
2023-06-06,131.50071716308594,131.50071716308594,127.88653804836746,130.57400311925718,280564
2023-06-07,132.61277770996094,132.9834576499845,129.83263573818425,131.50070960882363,539063
2023-06-08,134.18821716308594,137.5243797533907,130.38868333854674,131.77875461964112,412127
2023-06-09,135.02224731445312,136.8756755936921,133.4468361052071,134.83690731463633,241822
2023-06-12,140.39720153808594,140.86055863887168,135.5782905180213,135.5782905180213,724091
2023-06-13,136.59765625,140.58252981214181,132.8907997532235,140.39718981541006,443853
2023-06-14,132.52012634277344,137.43171427309534,131.9640921844215,136.59766303556742,213060
2023-06-15,133.35415649414062,135.67094179904603,132.05676237960773,132.05676237960773,164682
2023-06-16,133.07615661621094,136.96835318944076,133.07615661621094,133.9101936888546,413745
2023-06-19,125.47708892822266,133.0761561903733,125.29174892828776,133.0761561903733,250980
2023-06-20,124.82838439941406,126.12579260250646,123.34565034799597,125.29174144183247,164521
2023-06-21,121.67757415771484,127.79387923603909,120.84352291485054,124.9210737742695,209569
2023-06-22,126.49647521972656,127.51586639053177,121.12153058741139,121.77022763222605,409274
2023-06-23,130.9447021484375,133.44682733282096,127.88654286062008,127.88654286062008,218970
2023-06-26,133.72483825683594,137.70971144075378,132.89078713990392,132.89078713990392,143236
2023-06-27,137.4317169189453,137.61705692845212,134.5588972797126,135.94896856181816,105211
2023-07-03,141.69459533691406,143.17734371117317,137.7097355945986,137.7097355945986,479573
2023-07-04,140.8605499267578,144.9380865052655,138.26574749473673,142.7139782152678,294370
2023-07-05,140.48985290527344,141.7872468938401,135.6709286265197,141.50922985613755,274061
2023-07-06,145.30877685546875,147.71822508333597,140.5825291868851,141.13856331514268,526845
2023-07-07,147.903564453125,149.75699250822416,142.899300220037,145.21608528891093,361831
2023-07-10,151.98110961914062,154.3905718912677,146.5135021853976,149.66432441153177,430366
2023-07-11,157.54139709472656,157.54139709472656,147.71822197260607,154.39057480904603,289101
2023-07-12,154.76126098632812,161.71161701864824,154.76126098632812,157.35606339983474,498631
2023-07-13,154.57591247558594,157.6340717895243,152.6298072374793,154.76125246480208,359638
2023-07-14,153.18585205078125,155.40996035787256,151.5177637501949,155.13194328435222,156663
2023-07-17,155.59527587890625,156.24398699523172,153.18582794874567,153.2784908649825,385456
2023-07-18,147.4402313232422,156.61469602594397,146.69885715300032,155.78065892225698,310166
2023-07-19,149.20098876953125,150.12770298549106,143.6407034737723,147.44023741542227,289571
2023-07-20,150.4983673095703,152.5371496843429,147.3475449603431,151.14707850547174,308190
2023-07-21,154.20523071289062,157.5414073482443,149.20097990039605,151.88844531071058,375500
2023-07-24,157.44873046875,159.39483586517878,153.9272279655527,154.20523090172603,383605
2023-07-25,153.5565185546875,158.46810595327605,151.05439339405848,157.54139188337385,249646
2023-07-26,164.4917755126953,165.0478097058544,154.76127611616968,154.76127611616968,552136
2023-07-27,165.78915405273438,168.6619735440394,161.43360042118775,164.49175991245602,349277
2023-07-28,169.58868408203125,170.9787552630315,163.3797023016705,165.8818275993639,402671
2023-07-31,169.0218048095703,173.84020763553582,167.79359748428035,172.89542389838618,332489
2023-08-01,164.39236450195312,170.9113662932871,163.1641428034576,169.1162830221242,326882
2023-08-02,168.1715087890625,173.55677332209027,164.58132762829197,165.24267337511012,478317
2023-08-03,169.7776336669922,171.19480926423964,165.43163715185344,168.26598834634834,313528
2023-08-04,186.68927001953125,186.68927001953125,170.2500245377804,170.2500245377804,771204
2023-08-07,187.53956604003906,192.45243843844142,182.91013163729085,191.88557686338842,651835
2023-08-08,184.23281860351562,192.26347992725863,182.34325123322316,188.9567370292468,365006
2023-08-09,182.154296875,184.98864792258945,176.2966409265661,184.23281809331462,357018
2023-08-10,189.9015350341797,199.3493725980692,182.81565686126254,183.288048739457,812252
2023-08-11,196.89292907714844,198.4045888539668,184.32731664940204,188.48435941126846,544283
2023-08-14,192.7358856201172,200.2941556444355,192.6414014783108,197.36532024350976,429218
2023-08-15,192.54693603515625,195.0978493418468,189.14570868206462,194.62545745482055,322261
2023-08-16,194.6254425048828,197.93218546006287,192.92482895896774,193.96409679709785,332552
2023-08-17,192.7358856201172,196.32606676491957,191.22422584875113,195.09784500271667,380044
2023-08-18,176.39111328125,189.9015230265919,173.8402001835468,189.9015230265919,1010967
2023-08-21,181.87086486816406,184.79970014682885,172.51751187001778,176.20216258655893,498629
2023-08-22,200.01071166992188,200.01071166992188,193.68066359660114,198.40458222090848,1239572
2023-08-23,219.94566345214844,219.94566345214844,205.4904689593434,210.02543391618013,1616660
2023-08-24,202.08924865722656,227.97633337621937,200.8610412526403,219.94567109196646,1115800
2023-08-25,222.21315002441406,222.21315002441406,200.19968428934038,203.03403572948918,980913
2023-08-28,220.04014587402344,233.36160350025756,218.7174542927515,228.63768440106207,894244
2023-08-29,217.11131286621094,224.48062914313965,214.65486930181595,222.02418557874466,571238
2023-08-31,217.48922729492188,225.23645155094516,216.82788151994242,219.00088713738054,1117332
2023-09-01,214.93832397460938,219.85119706792042,210.87575057227738,219.3788051470971,575479
2023-09-04,212.85980224609375,220.32358882298385,212.29292617502932,217.20579926464416,531210
2023-09-05,222.49658203125,229.11006854597932,209.36409314707586,212.8597902787529,1117449
2023-09-06,229.11007690429688,229.67695296417116,220.70150665245643,223.3468898218509,821020
2023-09-07,239.88059997558594,249.0450143274107,229.11007047048636,229.11007047048636,953850
2023-09-08,228.63766479492188,240.82536925922324,224.8585298396339,240.44746153019676,567177
2023-09-11,217.58370971679688,231.47202854632505,217.58370971679688,230.90515250583144,424299
2023-09-12,222.68553161621094,225.70883679574408,216.73339098435292,218.71744266705767,550768
2023-09-13,218.71743774414062,232.32231795394765,217.48921598802818,224.10270222651192,671045
2023-09-14,222.11866760253906,222.4020911973556,206.90764330962153,217.58370267414546,659995
2023-09-15,219.00088500976562,225.33093350808312,216.35548751929156,222.11867439438666,324865
2023-09-18,206.52975463867188,218.81194464479353,206.24631660143297,216.35550087706622,275050
2023-09-19,213.52113342285156,214.27696332706867,205.30151745309925,207.75794662148445,352638
2023-09-20,217.30027770996094,223.06346475485833,212.57635862930962,213.33218856546523,497399
2023-09-21,222.11866760253906,227.40944800545154,211.25365436938543,217.30026466307285,525887
2023-09-22,233.26710510253906,236.0069866624597,222.9689678618623,222.9689678618623,587374
2023-09-25,249.4229278564453,253.95787864810237,234.2119026259699,234.4008709225031,993251
2023-09-26,251.78488159179688,265.1063388796666,247.5333545105095,250.6511295037816,1116197
2023-09-27,251.21800231933594,256.03640538270867,243.75421619460826,254.2413219601812,595910
2023-09-28,255.28060913085938,269.2633986505855,254.90267252288155,260.76034395635645,640685
2023-09-29,262.177490234375,265.48423335444824,258.1149316484327,258.1149316484327,360195
2023-10-02,284.3799133300781,287.5921723653108,274.55416793833206,283.43512956486194,623892
2023-10-03,281.16766357421875,291.9381930866407,276.2547762999496,283.529623065211,587103
2023-10-04,293.8277587890625,300.34676117575776,278.71121814396605,281.1676617652968,719696
2023-10-05,291.3713073730469,297.60688598883934,280.6007782180485,294.77253469370754,526323
2023-10-06,289.8596496582031,296.28419660601645,285.3246990865217,287.2142666301411,330835
2023-10-09,277.7664489746094,294.48913447649477,274.64867383545123,278.90020111567486,497458
2023-10-10,290.993408203125,305.5430728467786,283.24616956860797,283.43513786018667,567650
2023-10-11,278.61669921875,299.4019400111391,277.29400784391805,295.62280532161384,438143
2023-10-12,272.19219970703125,287.49767890817196,263.0277859483303,282.5848207877179,449350
2023-10-13,271.1529541015625,277.29404888086617,258.5873409323005,272.1922220614859,355732
2023-10-16,256.0364074707031,280.60078604722815,255.8474391794169,273.13699986163283,391480
2023-10-17,263.2167663574219,263.405705813543,253.20205254259287,257.4535795442409,323624
2023-10-18,259.8155212402344,267.65721453011713,255.18608681009235,256.6032623804936,405057
2023-10-19,266.4290466308594,275.310009085385,260.57137520738763,260.57137520738763,384512
2023-10-20,263.59466552734375,273.8928026076086,252.3517446996691,262.83885006242065,376200
2023-10-23,280.1283874511719,280.7897476223415,264.82287886349917,272.09772541631537,537817
2023-10-24,285.9860534667969,295.7173145863129,280.5062904017925,283.4351258015779,617656
2023-10-25,257.45355224609375,290.52098097494985,257.45355224609375,289.5761972969825,481358
2023-10-26,271.90875244140625,282.30137371909393,245.83274393794485,258.6817799061673,587228
2023-10-27,289.19830322265625,291.3712942513936,268.9799373277351,271.90874380146516,673140
2023-10-30,280.6007995605469,293.5443496591402,280.6007995605469,289.00936994249133,407103
2023-10-31,267.2793273925781,283.1517123028055,264.2560365757584,281.0731764398251,265915
2023-11-01,258.6817932128906,272.9480343762634,247.43887174609833,270.68055902008473,398486
2023-11-02,258.8707580566406,262.2719854618436,255.56401479679303,258.6817897659298,230720
2023-11-03,259.8155212402344,262.08299638637425,255.56399452903054,259.8155212402344,212240
2023-11-06,271.6253356933594,271.8615316374405,262.17749793011205,262.17749793011205,255494
2023-11-07,268.7909851074219,275.4044715599771,264.5394581022078,272.3339242784336,253696
2023-11-08,261.9412841796875,270.20814166056135,258.87073711536294,265.95661495611193,308655
2023-11-09,278.7112121582031,278.7112121582031,256.2725976200427,260.05173270015393,467504
2023-11-10,278.7112121582031,290.9934011685646,276.5854486756406,290.9934011685646,668645
2023-11-13,266.19281005859375,282.2541331144805,266.19281005859375,280.1283697688484,271434
2023-11-14,271.38916015625,279.65601882071365,261.46892975889364,267.3738288049391,455903
2023-11-15,274.93206787109375,276.58543941327383,265.9566223564017,272.0977166559278,278460
2023-11-16,278.2388000488281,281.545543003568,272.0977059900255,275.6406448701039,282384
2023-11-17,290.5210266113281,305.87376378997556,276.3492692156536,277.766444955221,868289
2023-11-20,308.7080993652344,311.0700588094978,289.34003192227397,292.64677514424284,649761
2023-11-21,306.81854248046875,317.9197522545889,300.9136436644474,308.7081101015956,459414
2023-11-22,307.7633361816406,319.336938232984,304.22039677816815,306.81855234071463,529229
2023-11-23,297.1344909667969,311.0700513539519,296.89829502803155,309.1804838438292,308057
2023-11-24,292.88299560546875,299.4964826030116,289.1038601783014,299.4964826030116,307126
2023-11-27,287.9228515625,300.2050404724672,287.2142637407711,295.0087297797888,408364
2023-11-28,283.43511962890625,290.5209976196289,280.6007684326172,288.15903828938804,378059
2023-11-29,280.6007995605469,286.26950258197206,279.65601572364267,284.37993490816365,378462
2023-11-30,276.3492431640625,284.3799049312233,270.444344805856,280.1283781133146,264799
2023-12-01,282.2541809082031,283.4351607446391,271.389166412992,278.23884946432077,423467
2023-12-04,274.93206787109375,287.9228442739375,274.22348006730226,283.19892558199433,465465
2023-12-05,265.4842529296875,278.7112263852591,264.7756650659962,278.7112263852591,348132
2023-12-06,268.7909851074219,275.8768634494453,262.4136945996008,266.42902566008075,446755
2023-12-07,273.9873046875,273.9873046875,262.6498989762931,268.08240587957977,359327
2023-12-08,266.90142822265625,275.87687448147125,266.1928403601182,274.93209066475384,184528
2023-12-11,252.72964477539062,269.2633598541545,248.9505099002446,266.90140055718825,441199
2023-12-12,256.5087890625,259.34314032285914,251.07628248014504,254.8554174939572,315645
2023-12-13,248.24192810058594,256.0363939686348,245.4075768758409,256.0363939686348,251239
2023-12-14,250.36770629882812,252.9658617415518,242.10084807198,250.36770629882812,222746
2023-12-15,252.72964477539062,255.0916040723569,248.0057261814581,250.603881408121,279463
2023-12-18,238.08551025390625,254.38303030104865,238.08551025390625,251.31248304578995,363108
2023-12-19,249.4229278564453,250.13151571967384,237.37693418156016,238.55791395360774,382551
2023-12-20,239.502685546875,253.6744420881102,237.61311800804364,249.89530701044748,245855
2023-12-21,242.10086059570312,244.46282021127098,235.81805378479567,239.50270501857852,186012
2023-12-22,230.81068420410156,245.17139501744018,229.29902436427366,243.04563147682654,182669
2023-12-25,214.0880126953125,227.1260174712992,207.8524339114659,226.74810972159915,233899
2023-12-26,215.8831024169922,221.07941341608827,207.85243996384366,212.57635905393104,244052
2023-12-27,217.48922729492188,220.32357868733942,209.93095691514173,217.77266531741495,169411
2023-12-28,229.9603729248047,234.967729986626,217.3002756737909,217.7726675774296,228055
2023-12-29,233.36160278320312,236.19595423401128,229.77142139559476,236.19595423401128,185448
2024-01-02,247.06094360351562,249.8952947729632,233.83397147942685,233.83397147942685,213682
2024-01-03,236.00698852539062,248.47813140065114,233.2671069438426,248.47813140065114,193222
2024-01-04,238.3217010498047,239.9750726130838,232.4168026095221,236.10145346975605,197784
2024-01-05,245.87997436523438,246.58856218761258,235.44011089894437,239.97507584541606,180129
2024-01-08,245.17138671875,257.4535756487837,243.7542110729769,246.58856236452314,347029
2024-01-09,239.97508239746094,247.06096081470878,238.79410266125294,246.58856892022558,245628
2024-01-10,243.28182983398438,244.69900554175516,238.32171485678663,241.1560662723282,232118
2024-01-11,240.4474639892578,246.11616648016368,239.73887617789458,243.7542071089529,194796
2024-01-12,243.28182983398438,244.9352014930503,235.25116748994995,239.97508651585255,214341
2024-01-15,244.2266082763672,248.71433125243198,242.3370407074978,244.69900016858455,251532
2024-01-16,251.78488159179688,253.43825323451975,243.28182742922212,246.58857071466787,246242
2024-01-17,252.96583557128906,253.43822742109538,246.1161537490973,251.78485594677323,233856
2024-01-18,253.2020721435547,259.1069712140667,251.54870040381132,253.43826810637515,240209
2024-01-19,261.7051086425781,261.94130458900645,248.95052753544888,253.9106424104436,288592
2024-01-22,252.72964477539062,264.53944126022196,252.72964477539062,260.99650231477256,306754
2024-01-23,247.76954650878906,258.3983640425312,247.06095867320624,254.61922891942288,294025
2024-01-24,250.36770629882812,251.78488199485923,246.35237516007334,248.47813870411997,210501
2024-01-25,257.6897888183594,259.106964558882,252.02108585626897,253.2020656400378,260643
2024-01-26,259.10693359375,260.76030509343667,255.32779873732338,258.8707376652233,324585
2024-01-29,256.981201171875,262.4137081819422,255.80022138707778,259.10696478451,310994
2024-01-30,261.7051086425781,264.0670681068613,254.38303430330024,259.34314917829494,445046
2024-01-31,262.177490234375,266.66521304018863,257.9259633657095,260.7603146114865,320866
2024-02-01,270.2081604003906,272.8063157888559,259.8155388465294,264.30326179024223,365962
2024-02-02,259.8155212402344,270.9167298750444,258.6345415982333,270.6805339466442,559914
2024-02-05,260.7603454589844,262.17752124952233,257.92599387790847,258.8707777382671,309691
2024-02-06,262.4136962890625,265.9566354828842,260.28793277276947,260.76032466527903,358367
2024-02-07,264.7756652832031,267.3738207855361,262.41370573562773,263.830881464173,376872
2024-02-08,270.6805419921875,276.3492444422857,263.83085986498554,265.48423141293085,502996
2024-02-09,268.5547790527344,273.9872855771081,268.318583116892,271.62532621868473,269956
2024-02-12,269.02716064453125,281.07315291219686,267.6099850836294,272.0977076931519,634481
2024-02-13,268.3185729980469,276.3492345138335,268.082377071112,269.49955263272136,492757
2024-02-14,272.09771728515625,274.6958725717333,266.42901484171546,269.7357579337226,354622
2024-02-15,277.7664489746094,279.41982069469634,271.8615499742988,272.0977459343112,406600
2024-02-16,276.1130676269531,281.3093785660403,275.8768716751764,277.76643928938995,342426
2024-02-19,264.7756652832031,279.89220638768575,264.7756652832031,278.711226613898,439710
2024-02-20,272.33392333984375,273.27870711552407,263.83086935872115,267.13761257360215,407748
2024-02-21,291.7019958496094,294.3001512782294,268.31859699202937,272.5701240570439,1011810
2024-02-22,287.450439453125,296.42588456341156,286.50565575730536,292.88294570408794,504835
2024-02-23,297.1344909667969,309.88907166012524,287.45045747741796,288.86763311001,657202
2024-02-26,305.1651611328125,316.738762445125,300.44124222982776,300.44124222982776,655120
2024-02-27,309.4166564941406,314.1405749138985,297.370664523758,306.8185013632738,525733
2024-02-28,294.7725524902344,314.1406208429581,293.3553767571082,311.77866128774787,419519
2024-02-29,300.44122314453125,304.2203580268524,290.04860221814806,295.7173045416298,499765
2024-03-01,289.5762023925781,303.27556596416827,289.5762023925781,302.566978193224,398657
2024-03-04,289.5762023925781,297.6068637966137,287.21424315609704,287.21424315609704,382810
2024-03-05,312.72344970703125,318.3921527228687,286.5056982587831,289.81244168468834,1205049
2024-03-06,286.0333251953125,316.2664099393257,284.3799533733743,310.83390252438585,785415
2024-03-07,300.44122314453125,300.9136150048214,287.21425105640725,287.21425105640725,402830
2024-03-08,297.84307861328125,306.5823283426162,290.04861263846897,306.5823283426162,410160
2024-03-11,295.00872802734375,306.5823290468312,292.8829645747848,301.1498224458473,399868
2024-03-12,302.5669860839844,311.30623548687856,292.88295296185845,295.00871633012997,547107
2024-03-13,323.5884704589844,332.8001130486927,294.53636690682737,302.09463774966497,1955099
2024-03-14,340.5945739746094,354.7663315602381,325.95042446945973,328.7847759865855,1129070
2024-03-15,330.9104919433594,356.65584784758937,327.83994490890996,354.29388859032053,668837
2024-03-18,312.48724365234375,329.4933521504305,312.48724365234375,329.4933521504305,457887
2024-03-19,323.5884704589844,328.78478166343524,312.48726015856664,312.48726015856664,401355
2024-03-20,341.3031311035156,346.7356376885543,318.8645169479212,322.64365196360023,1126390
2024-03-21,349.57000732421875,375.07917002085094,340.59456119021854,341.066953092008,1279456
2024-03-22,384.5269775390625,384.5269775390625,344.84606093797987,350.51476330956314,1380475
2024-03-25,383.5821838378906,419.2477686651822,378.8582653177196,384.5269675419249,1639512
2024-03-26,388.5423583984375,406.2570555898556,359.01786307940733,381.92887144697477,1254782
2024-03-27,427.2784423828125,427.2784423828125,384.5269785512541,389.25089720667495,1252460
2024-03-28,407.43798828125,439.32443953804346,407.43798828125,436.2538923799819,1179993
2024-03-29,420.42877197265625,434.36433239197464,407.9103871892008,410.2723465823056,984921
2024-04-01,390.1956787109375,414.7600555789384,378.38588213978323,414.28766371609225,1558356
2024-04-02,371.5362243652344,406.9656163898912,371.5362243652344,391.1404879522111,615839
2024-04-03,363.7417297363281,384.0545795787464,359.0178111683239,371.5361953735351,561624
2024-04-04,353.34912109375,371.7724041454295,344.60987144103024,368.4656610335896,594690
2024-04-05,379.3306884765625,381.2202560405803,354.2939182533274,354.2939182533274,536084
2024-04-08,417.1220397949219,417.1220397949219,414.99627628520824,417.1220397949219,433894
2024-04-15,504.51458740234375,504.51458740234375,462.9440970545851,462.9440970545851,1938869
2024-04-16,493.6495361328125,537.5819828891298,482.312130518279,507.3489012503738,1932795
2024-04-17,542.7783203125,542.7783203125,480.4225863862598,494.59434409676896,1478051
2024-04-18,569.70458984375,593.3241831208541,539.9439023145989,581.0419946167599,2423056
2024-04-19,539.9439086914062,586.2383120612731,530.4960712689845,558.3671916651288,1537480
2024-04-22,520.103515625,564.9807490349682,520.103515625,553.6433426998184,1224170
2024-04-24,528.1340942382812,549.3917277272997,516.3242978554932,522.465391974543,1211287
2024-04-25,558.3671875,574.9009028659052,522.9377974302031,531.9132429145516,1504098
2024-04-26,515.8519897460938,614.1095116024926,509.23850269806695,560.256831354274,3332368
2024-04-29,510.1832580566406,528.6065423753527,503.09737947252063,524.3550152248806,1074833
2024-04-30,527.1893310546875,543.2506547606547,510.1832236013105,518.686277327999,1374822
2024-05-02,482.3121032714844,522.937804428534,480.42253577580766,519.6310613110998,1366952
2024-05-03,484.674072265625,498.37343688132006,479.95015343262673,486.56363979882434,702593
2024-05-06,487.0360412597656,494.12191964860796,476.6434196227968,487.5084331523551,615589
2024-05-07,501.6802062988281,510.18326064287606,481.83974616271627,489.8704085987615,886679
2024-05-08,498.8458557128906,517.7415320656517,495.5391123511574,506.876518162814,629802
2024-05-09,485.146484375,514.9071742636319,485.146484375,499.3182414648247,609496
2024-05-10,487.5084228515625,495.06669297329216,481.3673283776572,485.146463438522,529315
2024-05-13,456.8029479980469,489.8703796008011,453.2600088977518,488.9255958407224,728975
2024-05-14,454.4410095214844,464.59743540995834,451.6066581107475,456.8029690304318,402001
2024-05-15,464.5974426269531,486.091274492257,454.6772125352744,454.9134084898382,723467
2024-05-16,462.9440612792969,466.25080457414896,453.49622329400506,461.7630815311354,515097
2024-05-17,462.9440612792969,471.21091951642717,461.0544936822385,463.88884507782603,455595
2024-05-20,461.999267578125,467.66797024779527,449.7170784605061,462.94405135640335,611493
2024-05-21,462.2354736328125,469.55754807461994,451.3704599449692,462.94406148201966,756183
2024-05-22,460.58209228515625,479.950159755609,456.56676122420873,462.2354638984876,794774
2024-05-23,433.4195251464844,451.37041556127065,433.4195251464844,448.77226036965686,658004
2024-05-24,434.6005554199219,440.7416502247686,429.87663633927053,436.25392709814986,342168
2024-05-27,429.87664794921875,442.86742577186,425.6251206618089,437.90731060321514,505674
2024-05-28,422.0821228027344,433.1833314047089,422.0821228027344,425.15266986285496,307965
2024-05-29,421.845947265625,432.0023726477201,415.70485284854425,422.55453508298046,397059
2024-05-30,422.318359375,427.9870621854027,416.1772646637304,422.55455532543345,355039
2024-05-31,412.6343078613281,428.69563180784803,411.4533281593781,422.31834141731804,312097
2024-06-03,401.2969055175781,416.1772498657873,400.35212174943786,413.10670261933143,358172
2024-06-04,409.09136962890625,419.72018696914915,401.76929546118333,401.76929546118333,348773
2024-06-05,406.02081298828125,413.34288698632474,395.62819182976796,409.5637520195926,366305
2024-06-06,410.03619384765625,416.4134848810011,406.2570584204889,408.61901806246846,257330
2024-06-07,396.8091735839844,416.4134363265265,395.3919979640416,413.34288914998376,328305
2024-06-10,398.69873046875,405.78460837992446,390.9042647664581,396.80916302577015,264180
2024-06-11,401.5331115722656,405.54844268798826,397.0453885605756,399.6435439883961,199519
2024-06-12,402.4778747558594,404.3674422429761,391.1404698331591,399.6435235251843,282453
2024-06-13,401.0606994628906,412.3981043947038,393.2662335722691,403.422658823685,413811
2024-06-14,397.04541015625,407.2018364719661,394.4472545871133,401.53313341203153,254493
2024-06-20,436.7262878417969,436.7262878417969,436.7262878417969,436.7262878417969,114560
2024-06-21,457.27532958984375,472.8642612804066,450.6618434180898,465.3059913698307,1277486
2024-06-24,456.8029479980469,472.39188003934527,451.6066373176141,457.27533987808624,736827
2024-06-25,441.9225769042969,459.16487947725983,441.9225769042969,456.80292022068954,359913
2024-06-26,427.7508544921875,444.2845705686387,426.3336788284917,439.5606516896527,425396
2024-06-27,462.9440612792969,470.50233166753026,426.56988503592356,428.4594526329819,1291613
2024-06-28,495.0667419433594,502.15262088338835,457.74777952587334,464.8336584659023,1291656
2024-07-01,486.0912780761719,510.18326561930576,476.6434398239625,500.7354273670964,955771
2024-07-02,507.3488464355469,507.3488464355469,482.7844702580344,485.1464295058721,745483
2024-07-03,506.8764953613281,515.3795493375667,498.84583327265847,507.3488872488969,570064
2024-07-04,512.0728149414062,523.410220438264,505.45932840157263,506.40411219297744,603524
2024-07-05,511.1280212402344,521.0482508576512,504.0421429420796,512.5451968998653,575580
2024-07-08,502.6249694824219,517.7415099179834,502.6249694824219,514.9071585863156,404787
2024-07-09,482.7845153808594,507.82128574796855,482.7845153808594,503.5697587044972,595009
2024-07-10,490.3427734375,494.121908492895,473.3366656882226,488.9255977917269,475563
2024-07-11,495.0667419433594,500.7354450953826,485.1465114273188,490.3428226500067,420408
2024-07-12,522.9378051757812,531.4408589184769,484.20167145905674,494.12190082553496,1224415
2024-07-16,518.2138671875,528.1340961856199,515.8519079022334,522.9377857580333,672067
2024-07-17,517.2691040039062,532.3856440295912,513.0175771216824,521.5206308861301,659362
2024-07-18,492.2323303222656,523.8825857268642,492.2323303222656,519.6310588814705,920446
2024-07-19,481.3673095703125,492.23232244579555,478.5329583854039,490.3427549891898,533626
2024-07-22,488.4532165527344,499.79062196595066,480.8949462772569,481.83973006169157,476812
2024-07-23,486.56365966796875,497.42867342754477,484.6740920576077,489.8704029861006,291195
2024-07-24,493.1771545410156,504.04216848205334,486.09127588381716,488.92562734669656,712142
2024-07-25,493.1771545410156,503.5697765715734,489.39801925717643,494.1219383619754,461925
2024-07-26,478.532958984375,498.845809168312,478.532958984375,495.0666742503702,523038
2024-07-29,456.0943908691406,475.69865520996854,455.1496070454863,475.69865520996854,581624
2024-07-30,451.6066589355469,463.65265245317914,447.8275237143289,458.2201455726783,445848
2024-07-31,443.81219482421875,451.84285721060695,442.15882315643296,448.7723098275762,338898
2024-08-01,459.8735046386719,470.97471404700144,447.35511956119393,447.8275114509101,607282
2024-08-02,452.5514221191406,463.88882726617544,446.4103276644967,457.51153687096837,428616
2024-08-05,409.32757568359375,424.20792032760204,407.4380081097514,407.4380081097514,1129482
2024-08-06,406.2570495605469,428.45946971094884,406.2570495605469,420.9011990214503,733481
2024-08-07,419.4840087890625,425.15271161053636,397.2815894049567,410.5085626550623,934997
2024-08-08,418.5392150878906,422.31835021283774,411.45333672861483,412.6343164551608,403120
2024-08-09,411.45330810546875,424.68028012263653,410.27232846107876,421.1373411894666,411774
2024-08-12,406.9656066894531,418.3030118671047,406.9656066894531,415.4686605726918,396904
2024-08-13,418.5392150878906,419.9563907597458,404.13126242402984,407.20180971304933,632813
2024-08-14,414.7601013183594,423.2631557873007,412.6343377011241,419.24782451030063,470565
2024-08-15,431.7662048339844,433.6557724700193,410.9809608376,415.94107588219174,782627
2024-08-16,415.9410400390625,442.63118059807107,414.5238644341594,433.18334323205033,742714
2024-08-19,417.59442138671875,420.4287726630992,413.57909041184644,419.95638078370246,435018
2024-08-20,407.2018127441406,417.3582384680374,405.7846370617364,416.6496506268353,449821
2024-08-21,419.4840087890625,428.9318468248522,402.47790032464104,403.89507603000953,694029
2024-08-22,415.2324523925781,422.082134485516,411.4533174447503,420.9011548143198,415746
2024-08-23,410.98095703125,453.4962284482759,403.42268655711206,417.1220517914871,2642787
2024-08-26,418.302978515625,426.5698357985425,409.5637293879694,415.23243152482706,888670
2024-08-27,424.444091796875,426.097463328638,412.16190327520695,419.01158533536795,668167
2024-08-28,416.8858642578125,426.56989849836225,416.6496683007259,424.6803308416696,472271
2024-08-29,420.19256591796875,420.90115371884224,415.7048431791034,417.35821471447485,384796
2024-09-02,421.6097717285156,424.9165150361903,417.35824461864826,420.4287919757747,529918
2024-09-03,416.8858642578125,428.2232701979683,416.8858642578125,422.3183712708038,519785
2024-09-04,406.7294006347656,414.52386650058867,405.5484209581258,414.52386650058867,448656
2024-09-05,409.7999267578125,414.7600411450829,406.9655756793723,408.146555295389,360912
2024-09-06,407.6741943359375,411.6895253346113,405.0760389838545,409.56376186472517,228481
2024-09-09,405.3122253417969,410.9809277941297,403.18646192217204,406.2570090838523,302110
2024-09-10,407.2018127441406,413.34290736789217,404.3674613793322,406.2570289558712,411119
2024-09-11,407.2018127441406,417.5944344151048,406.2570289558712,407.438008691208,643301
2024-09-12,410.98095703125,412.63432869746765,398.9349634630927,410.0361732219828,510910
2024-09-13,424.6802978515625,426.09747348399264,407.20179838492425,409.3275618335694,986985
2024-09-16,434.83673095703125,444.7569605606137,421.3735622093122,425.86128512521856,870434
2024-09-17,436.7262878417969,441.6864025225312,425.1526869200835,432.71095690977387,545031
2024-09-18,433.4195251464844,440.03301108877406,432.0023495874223,434.6005047790361,516587
2024-09-19,442.8674011230469,446.8827322265625,434.3643470214844,437.43489433593754,578406
2024-09-20,443.1036071777344,449.4808978993755,437.67110026670673,443.1036071777344,1020754
2024-09-23,427.0422668457031,445.46555048174565,427.0422668457031,444.52076670553834,389382
2024-09-24,416.649658203125,429.64043552805236,416.649658203125,428.2232598198785,348928
2024-09-25,416.649658203125,426.3336922089799,414.9962865435888,416.649658203125,329047
2024-09-26,413.8153076171875,423.7355375943119,413.8153076171875,418.77542260574967,403952
2024-09-27,421.3735656738281,421.3735656738281,413.81529543752623,415.7048629966017,281412
2024-09-30,406.9656066894531,427.75084951514776,406.2570188658499,427.0422616915445,607855
2024-10-01,392.55767822265625,409.56378702652586,387.59756315486095,407.91041533726076,396915
2024-10-02,375.31536865234375,392.3214772382272,375.31536865234375,389.0147339020832,458621
2024-10-03,367.4130554199219,383.9369229917173,366.44106320981626,377.37597557350443,474145
2024-10-04,366.92706298828125,372.0300221424229,349.91719914114236,367.65605715315866,575086
2024-10-07,365.46905517578125,379.5629416120813,363.0390747557295,368.38503167984334,434900
2024-10-08,360.12310791015625,368.14204351139455,358.665119619022,366.44105717173795,237064
2024-10-09,364.4970703125,364.98306640625003,355.749140625,359.637109375,268163
2024-10-10,357.93609619140625,369.1140055089926,357.2071021054767,364.49704296477216,205080
2024-10-11,352.1041564941406,360.6090878104242,348.94518200523527,360.6090878104242,205420
2024-10-14,336.0663146972656,352.1041865483282,334.608326347169,352.1041865483282,372583
2024-10-15,347.24420166015625,349.6741820776521,336.309289781425,336.55228782317454,351060
2024-10-16,359.6371154785156,359.6371154785156,344.5712363165778,349.9171934385557,344782
2024-10-17,360.6091003417969,362.0670886181114,354.7771472365387,358.17911988127264,254346
2024-10-18,353.8051452636719,363.28206879752025,352.8331531063541,361.0950864435552,269391
2024-10-21,358.9081115722656,359.39410766105675,349.18818979644254,351.3751721960028,293208
2024-10-22,363.0390930175781,364.2540832887213,356.7211436076336,358.90812609569133,291615
2024-10-23,357.693115234375,367.6560348842455,354.04814463076383,362.5530760391899,398567
2024-10-24,366.4410400390625,371.05800274512495,358.4221048127435,360.1230910728718,355897
2024-10-25,383.9369201660156,388.79688118077536,363.52508390402494,366.68405856361875,575407
2024-10-28,380.2919616699219,387.5819034271728,376.8899888498715,385.88091701714757,263921
2024-10-30,382.47894287109375,387.5819020834781,379.5629661783027,380.0489622937679,337619
2024-10-31,407.26470947265625,417.4706270131405,380.29192740137654,382.47890973148026,1258018
2024-11-01,411.1526794433594,425.24656561813174,399.4887736435478,407.0217128059261,865469
2024-11-04,408.72271728515625,423.54559823307216,402.8907641253205,411.15269776842115,661250
2024-11-05,404.8347473144531,411.39569459986143,401.91877074316056,409.208712171392,313696
2024-11-06,412.1246643066406,416.4986289042347,406.04971347664883,408.72269184184523,657999
2024-11-07,427.4335632324219,431.3215319713183,411.3956921844743,414.06867069246556,693414
2024-11-08,440.7984619140625,445.901420954964,421.11561989915674,429.1345555348591,625859
2024-11-11,433.75152587890625,445.1724344034489,427.9195725897781,441.5274635977438,511938
2024-11-12,398.51678466796875,416.0126435070503,395.8438062342202,414.0686591915968,966401
2024-11-13,395.6007995605469,401.9187484478775,395.6007995605469,398.27377793595593,368861
2024-11-14,417.47064208984375,424.0315893170997,398.0307984535297,398.5167945444376,809464
2024-11-15,407.750732421875,417.470654529667,406.7787402110958,416.4986623188878,341915
2024-11-18,402.8907775878906,412.61069984574084,402.8907775878906,407.75073871681576,313858
2024-11-19,402.4047546386719,411.63868016782016,398.51678599482,403.86274288011634,344363
2024-11-20,406.292724609375,414.3116599635074,404.10574224006615,404.34874028110045,392614
2024-11-21,424.0315856933594,425.2465759102458,403.86274809304484,406.04973048344044,515437
2024-11-22,434.23748779296875,437.8824583116562,420.3865998219563,425.73255658269795,474349
2024-11-25,455.3783264160156,469.47221271917937,436.91047539807687,437.39647147749633,865980
2024-11-26,470.20123291015625,476.5191822929284,449.7893964427386,455.3783516659601,744054
2024-11-27,458.5373229980469,476.5191788018919,449.0603989933178,472.3882119280356,529216
2024-11-28,471.9021911621094,474.8181676265508,458.78029707212283,459.5092911882332,497469
2024-11-29,474.3321838378906,482.10812127785607,465.5842542179295,471.90220338790147,582470
2024-12-02,465.0982666015625,474.57519052918053,459.02331536590987,473.1172022326239,374124
2024-12-03,476.27618408203125,492.80005169304053,465.09827363928974,466.5562619579082,1154266
2024-12-04,468.9862060546875,479.9211175948227,468.9862060546875,477.4911372525704,294400
2024-12-05,470.9302062988281,478.46314561526964,468.50022587416953,470.4442102138964,275210
2024-12-06,468.9862060546875,477.4911372525704,468.9862060546875,473.3601706707416,227445
2024-12-09,504.9499206542969,510.29587746584383,486.9680659245481,486.9680659245481,1223891
2024-12-10,474.81817626953125,511.26788273853316,470.44421149325103,504.9499336172395,886468
2024-12-11,467.52825927734375,482.3511406785485,467.04226316582884,475.06119900582485,370033
2024-12-12,455.1353454589844,474.0891932677408,453.4343591171729,468.9862342423064,533472
2024-12-13,454.1633605957031,458.2943274925073,448.3314073296267,455.3783508594691,402243
2024-12-16,450.275390625,463.88328154512953,449.78939452070966,455.86434582433895,375717
2024-12-17,441.77044677734375,452.21936273522374,437.8824780488303,451.0043725075633,436108
2024-12-18,428.4055480957031,442.4994345333383,427.9195520116468,441.7704404072537,526769
2024-12-19,419.171630859375,429.13455078125,417.95664062500003,422.087607421875,382619
2024-12-20,416.74163818359375,422.81658917752367,412.6106715077214,420.8726048594661,325095
2024-12-23,406.5357360839844,419.9006287825015,406.5357360839844,417.71364634092595,450762
2024-12-24,416.9846496582031,418.19963989613495,405.8067394692303,408.23671994509397,429538
2024-12-25,422.8166198730469,428.16257713580956,418.928650954674,418.928650954674,292639
2024-12-26,415.52667236328125,426.4615847938939,415.040676255254,424.517600361785,381694
2024-12-27,417.9566650390625,421.60163595510085,414.31169412302415,416.0126805505087,219643
2024-12-30,408.72271728515625,420.1436255565013,408.72271728515625,418.92863531486887,285447
2024-12-31,408.2366943359375,411.638666788737,406.29271007719495,411.15267072405135,223446
2025-01-02,422.8166198730469,423.5456140452418,408.7227325439453,408.9657306013436,432846
2025-01-03,417.9566650390625,425.7326029932776,415.5266844283703,423.3026223825854,269477
2025-01-06,419.900634765625,425.00359386867945,419.1716406080458,422.33061529088906,289281
2025-01-07,426.70458984375,435.4525199316629,418.68565392982987,419.90064421981776,484703
2025-01-08,415.2836608886719,427.6765612428687,415.2836608886719,424.27458859661857,252805
2025-01-09,427.1905517578125,429.37753410469554,416.01264198485495,416.4986380619401,328558
2025-01-10,417.9566650390625,431.07856033680054,416.4986766726472,430.5925642146621,279071
2025-01-13,408.72271728515625,417.9566431215629,408.2367211885033,417.9566431215629,224172
2025-01-14,413.0966796875,416.49865234375,409.20871093750003,411.63869140625,231417
2025-01-15,412.1246643066406,418.92860923623135,409.6946839746439,414.5546446386373,234057
2025-01-16,420.87261962890625,422.3306079186138,413.5826781803686,417.9566430494912,276783
2025-01-17,415.0406799316406,419.9006410549619,412.853697426146,419.9006410549619,204037
2025-01-20,413.8256530761719,419.65760590871923,413.33965700679295,416.49863145775606,185282
2025-01-21,409.2087097167969,417.22764523975076,407.75072143989615,413.82567259364913,193454
2025-01-22,414.5546569824219,416.49864130590333,408.7227040119775,410.18069225458856,198679
2025-01-23,422.3305969238281,430.59253035041627,415.0406556650739,416.9846400007417,433063
2025-01-24,424.0315856933594,427.19056025726405,415.5266541751545,422.3305993897184,370083
2025-01-27,414.3116760253906,426.46157854812935,413.09668577311675,422.573609740853,301996
2025-01-28,415.52667236328125,417.22765874137656,413.0966918231451,415.040676255254,184940
2025-01-29,410.4237060546875,419.17163584626167,409.93770995515564,417.2276514481341,172324
2025-01-30,415.7696533203125,424.76058094909774,410.18069830782434,410.6666943958668,341423
2025-01-31,410.66668701171875,417.713630161624,409.6946948531111,414.06865956684544,178667
2025-02-03,397.5447998046875,410.42369613087845,391.712846751318,407.9937156919745,321478
2025-02-04,406.292724609375,409.4516991428211,401.4327637886887,401.9187598707573,211598
2025-02-05,399.48876953125,407.75070272106905,397.78778328628727,404.59172826613826,235717
2025-02-06,405.32073974609375,409.20870847267497,400.21778079245587,404.1057495190371,237385
2025-02-07,410.66668701171875,411.15268309102254,403.37674582216164,403.37674582216164,130292
2025-02-10,412.8536682128906,419.90061134306944,406.7787172385985,410.90968390111715,290792
2025-02-11,410.9096984863281,412.8536828671032,403.86275510601854,411.152696533925,259258
2025-02-12,404.3487243652344,415.526633812831,403.61973027082587,411.3956672778496,307544
2025-02-13,409.6947021484375,411.15269041231096,405.5637354007961,407.75071779660624,187408
2025-02-14,411.6387023925781,415.5266712463451,407.5077354854507,409.9377160190551,259633
2025-02-17,400.46075439453125,413.09665198464995,400.46075439453125,411.1526677400163,289153
2025-02-18,399.0028076171875,401.43278817514846,395.3578367802461,400.4607959519641,207479
2025-02-19,389.0398864746094,400.4607950719277,389.0398864746094,398.27381257456886,271886
2025-02-20,390.7408447265625,395.3578074441027,388.553862386675,388.553862386675,158463
2025-02-21,373.73101806640625,391.46987653119663,371.78703357711413,391.22687847003516,347935
2025-02-24,376.8899841308594,379.31996468618405,373.73100940893727,376.64698607532694,181376
2025-02-25,366.92706298828125,376.8899832416054,366.1980688234039,376.4039871316872,218870
2025-02-26,370.3290100097656,374.70297469492033,366.4410414007392,367.89902962912413,200686
2025-02-27,373.9739990234375,374.7029931735807,369.11403802248316,369.3570360725309,155186
2025-02-28,373.9739990234375,384.6659132255371,372.03001462305576,372.7590087731989,280185
2025-03-03,374.4599914550781,380.29194459908973,371.54401488307235,374.4599914550781,205204
2025-03-04,370.8150329589844,376.4039882394933,367.17006212386985,374.4600037940989,206097
2025-03-05,383.69390869140625,384.1799047758792,372.0300026640551,372.0300026640551,251395
2025-03-06,398.51678466796875,398.51678466796875,382.721912104909,382.721912104909,319857
2025-03-07,408.479736328125,409.2087305036065,394.6288469939768,397.7878217543966,503735
2025-03-10,412.3677062988281,413.5826965943462,402.8907819937873,402.8907819937873,394855
2025-03-11,416.74163818359375,419.4146166209229,406.29272247403424,408.23670679209187,358007
2025-03-12,421.6015930175781,423.7885753444705,399.00277563969064,399.4887717123334,853862
2025-03-13,433.9945068359375,434.96649901250174,421.3586085406023,425.0035792027182,601963
2025-03-14,449.3033752441406,449.5463732837535,428.8915399166621,434.9664909069831,719281
2025-03-17,450.51837158203125,455.1353343975968,439.58345965042855,449.7893774532577,534605
2025-03-18,444.200439453125,452.46237322851135,441.04146477430083,450.5183888107734,402069
2025-03-19,405.8067321777344,430.5925325861948,399.9747791404495,403.3767517455324,494150
2025-03-20,409.2087097167969,420.6296178858524,402.1617663784435,411.39569213214793,340323
2025-03-21,385.3948974609375,409.2087057529753,374.7029835339002,406.2927292274196,274337
2025-03-24,393.6568298339844,398.5167906961323,375.6749746440369,385.39489636833287,327636
2025-03-25,402.8907775878906,407.26474260392325,395.600835894503,395.600835894503,334017
2025-03-26,401.67578125,407.02173841122203,394.62883771929825,402.4047754083484,326613
2025-03-27,400.70379638671875,410.666716733508,399.7318041577637,404.10576918806146,194050
2025-03-28,405.5637512207031,406.77874148799106,391.9558602270786,402.161778472297,176960
2025-04-02,401.4327697753906,406.2927306685552,400.46077759675774,405.56373653458047,124895
2025-04-03,400.46075439453125,406.5357051590114,398.5167701498976,399.48876227221444,205391
2025-04-04,388.0679016113281,402.64778520348824,387.33890743172014,398.2738201258402,182906
2025-04-07,383.450927734375,388.0678907425836,370.8150289750673,385.15191410582025,203472
2025-04-08,392.6848449707031,395.3578234946374,386.8528918275739,386.8528918275739,163826
2025-04-09,380.5349426269531,393.8998352479509,380.0489465316441,389.76886843782427,191000
2025-04-10,383.20794677734375,391.71287901400007,382.47895258563034,391.71287901400007,175889
2025-04-11,380.5349426269531,383.6939172464617,379.0769543410261,383.2079211511527,133785
2025-04-14,389.52587890625,391.46986332998677,382.4789353702043,382.4789353702043,157763
2025-04-15,403.6197509765625,413.0966746900399,389.03986834044343,390.25485856012,574917
2025-04-16,397.3017883300781,411.3956743992797,393.4138197592639,400.46076279386466,296827
2025-04-17,399.48876953125,401.6757518462021,391.955830446415,396.5727931113139,272794
2025-04-18,398.7597961425781,403.86275514257454,397.30180785686485,399.48879028543473,174890
2025-04-21,398.0307922363281,404.34874131944446,396.57280398637823,400.4607726529113,218872
2025-04-22,383.9369201660156,401.43277981915054,383.9369201660156,399.7317934639846,193600
2025-04-24,394.142822265625,400.9467674095446,390.2548536119567,398.5167870010019,248204
2025-04-25,393.17083740234375,396.5728100374691,390.9838549940489,395.6008178560047,137948
2025-04-28,385.15191650390625,394.38584257781696,384.42292234017646,392.92785425035737,222281
2025-04-29,379.0769348144531,389.7688483605018,377.37594856849086,386.6098739037147,128645
2025-04-30,373.9739990234375,380.5349463747259,373.00200682324663,377.861967824201,128602
2025-05-02,373.73101806640625,377.61898704499043,372.51602776059866,377.37598898382896,142930
2025-05-05,367.4130554199219,377.37597557350443,366.68406126234265,374.21700089066115,161503
2025-05-06,368.3850402832031,371.05801880768547,366.4410559017614,367.41304809248226,127751
2025-05-07,359.6371154785156,368.14204726348055,355.0201525095347,367.89904921248154,241333
2025-05-08,362.79608154296875,363.52507567868804,356.4781323667349,359.39410890961204,82946
2025-05-09,367.4130554199219,370.5720301027651,362.31009631686743,362.31009631686743,171126
2025-05-12,387.5818786621094,388.7968688773511,370.81501369177363,370.81501369177363,313305
2025-05-13,370.0860290527344,375.1889880876046,368.62804075705714,369.8430310034548,255498
2025-05-14,366.6840515136719,372.7590026653232,362.06708863841686,371.0580163428608,216485
2025-05-15,364.9830627441406,372.7590001661196,363.03907838864586,366.9270470996354,143504
2025-05-16,364.9830627441406,366.6840490551985,361.0950940331511,364.01107056639324,112618
2025-05-20,358.9081115722656,365.46905877094616,357.69312135028775,364.983062682155,119343
2025-05-21,351.8611755371094,360.36610726625224,350.4031872406849,358.42212287101955,123495
2025-05-22,351.37518310546875,355.02015388457113,349.18820063800734,352.10417726128924,131653
2025-05-23,348.9451904296875,353.8051512991818,347.4872021688392,351.3751708644346,150996
2025-05-26,347.4872131347656,351.3751819530567,346.0292248279065,349.4311975439112,84963
2025-05-27,339.22528076171875,349.67419700294647,338.7392846574756,347.7302125859739,100684
2025-05-28,332.664306640625,341.169237781912,331.6923145101922,338.2532613906136,106577
2025-05-29,334.851318359375,338.49628916880215,333.15033198164235,333.15033198164235,111552
2025-05-30,331.4493408203125,336.309301829408,330.4773486184934,335.09431157713414,69744
2025-06-02,320.7574157714844,332.6643198417895,320.7574157714844,330.4773374615294,111866
2025-06-03,327.0753479003906,330.4773203154021,321.7293912482297,323.4303774557355,98243
2025-06-04,331.9353332519531,332.9073254430277,327.5613683921177,327.5613683921177,90036
2025-06-05,332.664306640625,333.87929680366597,330.4773243471512,331.9353125428004,30802
2025-06-10,338.2532653808594,340.44024770013215,333.8793007423138,334.3652968132633,120744
2025-06-11,339.22528076171875,342.62725349142084,334.8513158235304,337.52429439686773,124121
2025-06-12,330.7203369140625,339.22526842911924,330.47733887077516,333.39331539022317,106451
2025-06-13,314.439453125,320.27140588775114,308.12150429868626,317.84142556993817,161681
2025-06-16,316.14044189453125,319.29941633313916,310.7944851522717,318.813420265661,125107
2025-06-17,310.5514831542969,317.59842604277463,310.0654870930225,316.14043785895166,171830
2025-06-18,303.0185852050781,310.0655290470567,301.3175987604626,310.0655290470567,132149
2025-06-19,295.7286071777344,305.69152656498756,295.7286071777344,302.28955409129134,139358
2025-06-20,306.17755126953125,306.17755126953125,297.42962123325896,297.42962123325896,120500
2025-06-23,294.2706604003906,301.3176043736452,294.0276623323474,300.58861016951545,143533
2025-06-24,306.90655517578125,308.3645435614144,301.07460163324856,303.74758034024273,188728
2025-06-25,307.6355285644531,308.36452270797076,304.9625500382217,307.1495324687747,104579
2025-06-26,306.17755126953125,309.82252211797805,304.7195629301525,307.63553960891,84822
2025-06-27,302.5325622558594,307.63552113728355,300.1025818361336,304.96254267558515,88256
2025-06-30,317.8414611816406,317.8414611816406,302.5325834641763,303.99057181822053,205373
2025-07-01,324.6453857421875,326.1033740015087,313.9534718404987,318.3274366184623,200913
2025-07-02,329.5053405761719,336.3092856618156,323.67338764562015,326.1033680333501,276337
2025-07-03,331.20635986328125,336.30931918619314,328.5333811703274,334.85133080821834,131110
2025-07-04,331.4493408203125,334.36531742576983,327.56137201303613,330.963344719403,140297
2025-07-07,325.61737060546875,333.39330781395756,323.67338630334655,328.29034902088677,163005
2025-07-08,324.8883972167969,337.5242959866349,324.6453991635308,326.8323816429258,234500
2025-07-09,327.3183898925781,330.4773647022318,323.1874228338002,325.13140733204864,175980
2025-07-10,333.6363220214844,337.2812927646179,329.9913512783509,330.23434932789314,235708
2025-07-11,327.0753479003906,337.2812651454251,324.64536760395384,335.33728090827566,318636
2025-07-14,324.6453857421875,329.0193505201511,324.4023876989673,328.5333544337107,152169
2025-07-16,322.701416015625,329.26236347979807,317.84145493105234,325.6173926663686,223345
2025-07-17,330.47735595703125,330.47735595703125,323.1874142815085,323.1874142815085,215944
2025-07-18,328.2903747558594,331.935345608071,325.13140001727595,330.47735726718633,164717
2025-07-21,338.2532653808594,339.4682555582331,329.01934003281866,329.01934003281866,281275
2025-07-22,336.5522766113281,342.14123138537906,335.3372864430562,339.4682530151808,229650
2025-07-23,337.2812805175781,341.4122472097963,336.30928835470326,338.4962707211717,254923
2025-07-24,351.37518310546875,354.77715583263097,338.49628635264037,338.49628635264037,569364
2025-07-25,343.8422546386719,350.1602041938701,342.8702623994106,349.43121001442415,177225
2025-07-28,339.7112731933594,346.27222052971183,338.4962829458867,346.27222052971183,173988
2025-07-29,335.82330322265625,342.38425053597877,335.3373071253731,340.1972680982046,142619
2025-07-30,339.22528076171875,341.8982593350561,334.60831777140885,335.8233080320167,161851
2025-07-31,341.6552734375,342.6272656805654,339.2252928298364,341.1692773159673,234633
2025-08-01,341.6552734375,345.057246288229,339.46829089060276,340.92627925520094,197313
2025-08-04,341.4122619628906,344.5712366287394,340.6832678092332,342.6272522189863,223591
2025-08-05,340.197265625,343.842236328125,340.197265625,341.898251953125,215326
2025-08-06,342.1412353515625,345.05721178921783,339.71125498684967,340.1972510597923,341693
2025-08-07,341.16925048828125,347.00120348808093,340.19725832164795,343.3562328632061,325911
2025-08-08,340.44024658203125,344.57121317153485,339.4682544433245,342.3842308594447,183537
2025-08-11,342.3842468261719,346.2722155623101,341.4122546421373,342.62724487218054,237852
2025-08-12,336.7953186035156,343.8422624992602,335.8233263420336,343.1132683031487,281415
2025-08-13,334.851318359375,338.01029306087855,334.6083203054132,336.7953027910695,151351
2025-08-14,331.20635986328125,336.79531531218475,331.20635986328125,334.1223366192309,131401
2025-08-15,335.09429931640625,336.309289524225,329.9913404435676,331.4493286929501,135896
2025-08-18,340.197265625,341.1692578125,334.60831054687503,335.3373046875,182579
2025-08-19,329.2623596191406,335.33731090362664,326.34638300258734,335.33731090362664,384317
2025-08-20,330.7203369140625,333.1503173469358,328.04735843790183,329.2623486543385,207209
2025-08-21,336.0663146972656,336.30931275561505,332.42134382202414,332.66434188037357,137719
2025-08-22,343.8422546386719,345.05724493774846,335.0943244853205,336.3093147843971,309920
2025-08-25,347.4872131347656,349.4311975439112,345.3002306744769,347.4872131347656,225520
2025-08-26,346.5152282714844,349.91720105956347,344.0852477085707,347.97321660923257,314489
2025-08-27,337.5242919921875,348.459204259753,337.5242919921875,347.0012159574109,274178
2025-08-28,338.0102844238281,341.1692590446116,338.0102844238281,338.0102844238281,176910
2025-08-29,336.0663146972656,339.7112855725071,334.608326347169,338.9822913974588,144316
2025-09-01,335.3373107910156,338.4962854578875,334.60831663712213,336.309302996207,122005
2025-09-02,324.40240478515625,340.44027648239995,315.89747282449673,335.58031536202304,393573
2025-09-03,320.0284118652344,324.88837256174514,318.08442758663006,324.88837256174514,208244
2025-09-04,323.1873779296875,325.131362157836,320.7573976445019,320.7573976445019,204704
2025-09-05,317.3554382324219,325.3743735016944,317.11244019395906,323.91638527091754,218991
2025-09-08,309.093505859375,311.7664842905489,307.149521545794,307.6355176241893,189758
2025-09-09,307.1495361328125,311.7664990968342,305.9345458791226,308.60752443724044,155722
2025-09-10,304.71954345703125,309.57950427771755,303.747551292894,309.0935081956489,124616
2025-09-11,302.0466003417969,310.79453084244426,301.3176061334096,305.6915713837333,183702
2025-09-12,302.0466003417969,304.2335829669587,299.859617716635,301.80360227233444,111430
2025-09-15,317.8414611816406,320.7574378897291,298.6446145200584,306.1775543492868,199384
2025-09-16,329.5053405761719,330.47733273126386,316.14044844365753,320.7574111803443,188295
2025-09-17,336.3092956542969,339.7112682981987,327.0753699065633,328.5333581825212,239503
2025-09-18,328.7763366699219,343.11322053062065,327.56134651223556,336.3092756475772,167134
2025-09-19,332.42132568359375,336.3092944050393,328.5333569621482,331.44933350323237,164052
2025-09-22,346.0292053222656,347.0011974720473,335.580289712113,335.580289712113,504418
2025-09-23,347.001220703125,348.9452051328344,339.22528298428745,345.05723627341564,258105
2025-09-24,337.7673034667969,348.94521422900743,335.0943248062683,347.00122974862296,292880
2025-09-25,332.664306640625,340.44024368408736,331.9353125428004,339.46825155365457,190816
2025-09-26,329.5053405761719,334.85129742917763,328.29035038230694,332.6643150802207,132792
2025-09-29,327.5613708496094,330.4773474447098,325.1313903536924,329.50535524634296,128394
2025-09-30,317.3554382324219,331.9353205401901,307.3925186554469,327.5613558478596,475489
2025-10-01,319.7854309082031,321.00042114721606,313.2244836175333,317.59844847797984,139036
2025-10-02,315.16845703125,321.4864060542357,314.68246095255876,319.7854197788165,108123
2025-10-03,313.7104797363281,317.1124524058158,312.25249144940483,315.6544641188925,83232
2025-10-06,342.3842468261719,345.0572253322669,315.16846567320437,315.16846567320437,601717
2025-10-07,328.7763366699219,344.5712087198442,326.5893543860865,332.4213071429809,376872
2025-10-08,323.67340087890625,333.39332282722177,322.7014086840747,330.4773462427271,215051
2025-10-09,329.9913330078125,333.87930158522414,325.61736835822444,328.5333447912831,209660
2025-10-10,330.2343444824219,333.3933190801198,326.8323718387472,330.72034057437537,115181
2025-10-13,319.5424499511719,330.7203607479429,319.5424499511719,326.832391775153,140836
2025-10-14,312.7384948730469,324.15940338822423,312.7384948730469,319.5424403714504,134490
2025-10-15,314.92547607421875,316.86946049443,312.73849360148114,312.73849360148114,175892
2025-10-16,312.7384948730469,318.81344621090716,310.5515123914172,314.4394812476478,116274
2025-10-17,309.093505859375,314.4394627217227,303.0185548794345,312.4954784081417,193953
2025-10-20,312.0094909667969,312.98148315049406,304.47655154314367,310.5515026912511,163161
2025-10-21,312.0094909667969,319.29943234452577,310.5515026912511,312.2524890127212,121876
2025-10-22,313.2244873046875,315.8974658619812,311.52350095004607,312.98148925402444,107608
2025-10-23,311.2804870605469,314.6824595967277,310.3084949073524,314.6824595967277,91775
2025-10-24,320.7574157714844,321.48640989823775,312.9814784194484,313.7104725462018,287904
2025-10-27,318.0844421386719,324.6453893791181,317.35544800084455,320.75742064403886,162680
2025-10-28,317.3554382324219,320.2714146939755,316.86944215549624,319.2994225401243,31252
2025-10-30,320.7574157714844,321.48640989823775,317.35544317996863,317.5984412222198,119133
2025-10-31,323.1873779296875,323.1873779296875,318.8134134163534,321.48639173005756,137996
2025-11-03,328.2903747558594,333.87933006258385,324.88840196046186,325.6173961309042,205232
2025-11-04,324.40240478515625,330.7203542416462,323.43041256108086,329.99136007358965,115987
2025-11-05,326.5893859863281,329.7483607019697,323.4304112706866,324.64540154593334,151945
2025-11-06,326.34637451171875,330.23434323263274,325.1313842864331,328.0473608271186,101349
2025-11-07,323.1873779296875,327.8043404715402,321.72938975857613,326.83234835746595,183089
2025-11-10,320.0284118652344,325.61736666622176,318.81342169110667,323.6733823876175,117327
2025-11-11,312.9814758300781,323.91638764091164,308.8505091459855,321.2434091982634,168417
2025-11-12,307.1495361328125,316.14046401011797,305.6915478283846,314.19647960421406,173954
2025-11-13,307.6355285644531,311.7664953777199,306.66353637309624,307.3925305166139,142493
2025-11-14,302.5325622558594,309.093509389119,302.0465661719142,307.63552113728355,107542
2025-11-17,307.39251708984375,310.7944896109962,303.7475465314662,303.7475465314662,117163
2025-11-18,309.093505859375,313.7104686041298,306.6635254673988,307.39251958499165,96364
2025-11-19,309.3365173339844,312.9814880802607,308.1215270852256,311.03750368224667,101969
2025-11-20,307.8785400390625,312.98149926622926,306.66354974687994,310.0655225649911,85135
2025-11-21,307.1495361328125,308.1215283357644,304.96255367617067,308.1215283357644,97581
2025-11-24,307.6355285644531,309.57951294716685,306.1775402774178,307.3925305166139,91796
2025-11-25,303.9905700683594,309.3365273357486,303.9905700683594,307.6355409324884,117714
2025-11-26,306.66351318359375,309.579489537162,303.9905348594895,304.23353288895356,151411
2025-11-27,306.90655517578125,309.8225319470476,306.1775609829647,309.09353775423097,70239
2025-11-28,307.8785400390625,308.60753421437204,305.9345555715704,308.60753421437204,72351
2025-12-01,311.7665100097656,312.495504187497,306.42055270640253,307.8785410618652,142944
2025-12-02,310.0655212402344,314.1964882160055,309.5795251254378,313.9534901586072,83369
2025-12-03,311.0375061035156,313.7104846715927,309.82251584529877,310.55151000022886,125987
2025-12-04,312.7384948730469,315.8974695687342,312.00950071250367,312.9814929265613,151573
2025-12-05,310.0233154296875,312.7384877781959,306.0739738318571,312.7384877781959,153097
2025-12-08,315.70050048828125,317.9220051828821,310.7638233891682,310.7638233891682,130539
2025-12-09,312.7384948730469,319.8966766815065,312.2448271621186,316.93467041593703,149395
2025-12-10,310.2701416015625,314.2194831016619,309.7764739140501,312.7384800391247,110998
2025-12-11,311.2574768066406,313.4789813992336,310.5169752757763,311.01064296301917,74915
2025-12-12,314.46630859375,314.46630859375,311.2574687101403,311.99797022174255,78158
2025-12-15,320.8840026855469,323.8460088641827,315.94732572115385,316.1941595693735,231285
2025-12-16,316.6878356933594,321.37767893433664,316.19416798378285,320.8840112247601,65422
2025-12-17,312.49163818359375,317.4283149321497,312.49163818359375,316.4409795824385,76438
2025-12-18,312.49163818359375,315.2068103952995,311.25746899645475,312.49163818359375,70178
2025-12-19,315.94732666015625,315.94732666015625,311.0106496810913,312.4916527748108,103547
2025-12-22,310.7638244628906,317.1815047139114,310.0233228954652,316.44100314648597,101051
2025-12-23,310.2701416015625,311.50431082034356,309.03597238278144,311.01064313283115,105106
2025-12-24,310.5169677734375,311.99797079938395,309.28279858514884,310.27013393577977,71195
2025-12-25,312.9853210449219,316.9346626353941,311.5043179484948,311.5043179484948,75146
2025-12-26,310.0233154296875,314.2194908773823,309.2828138800943,313.2321554779247,52754
2025-12-29,307.5549621582031,311.9979712423505,306.81446064417855,311.9979712423505,63442
2025-12-30,308.29547119140625,309.28280656751963,305.8271327511228,307.5549696593212,67699
2025-12-31,309.5296325683594,311.0106355950022,308.78913105503796,309.03596489281176,48734
2026-01-02,314.46630859375,314.7131424309507,309.5296318497351,310.2701333613373,94108
2026-01-05,313.4789733886719,315.70047792449714,312.4916380394162,314.46630873792753,88375
2026-01-06,317.4283142089844,317.4283142089844,313.47897281913697,314.2194743297334,143111
2026-01-07,317.9219970703125,321.13083710285446,315.70049243239885,317.42832937299835,141440
2026-01-08,322.8586730957031,324.5865100312306,311.99798378667333,318.16882998498573,183130
2026-01-09,326.3143310546875,331.74467544440245,323.8459926957262,331.74467544440245,257241
2026-01-12,325.8206787109375,328.5358510335287,323.8460079308712,326.3143464059541,120787
2026-01-13,331.99151611328125,332.4851837952341,324.5865008839887,325.8206700888708,191173
2026-01-14,334.9535217285156,336.6813586128926,329.0295095535087,334.2130202066397,189350
2026-01-15,337.91552734375,341.864868788235,333.47251821870435,333.966185899265,189286
2026-01-16,339.64337158203125,339.64337158203125,333.9661931326223,335.69403005200763,137045
2026-01-19,342.1117248535156,345.81423269825063,338.90288472141197,341.6180571408843,192638
2026-01-20,339.14971923828125,342.3585593766347,336.4345468135206,342.1117255198383,152991
2026-01-21,339.89019775390625,339.89019775390625,331.4978471920814,335.44718863294014,192734
2026-01-22,341.6180419921875,343.34587890977804,336.92819893015604,339.89020507459696,119704
2026-01-23,344.0863952636719,344.5800629756714,341.61805670367426,344.0863952636719,107487
2026-01-26,348.0357360839844,348.0357360839844,341.1243881333804,344.086394397925,177648
2026-01-27,348.0357360839844,351.49141005928635,345.56739753019724,350.5040746377715,151368
2026-01-28,365.3140869140625,369.26342839421454,351.2445578910209,354.9470655286634,415300
2026-01-29,360.3774108886719,367.04192465168154,356.18123555640653,367.04192465168154,221124
2026-01-30,353.21923828125,361.3647553066038,349.2698966931997,360.3774199095912,178892
2026-02-02,349.5167236328125,349.76355747718594,342.3585421459823,349.76355747718594,148043
2026-02-03,352.7255554199219,353.21922309720657,348.03571248571717,349.5167155175713,145671
2026-02-04,354.4533996582031,356.67490425216124,351.24455968915254,353.21923043933754,158556
2026-02-05,343.09906005859375,354.20658358567056,343.09906005859375,353.95974972951325,142174
2026-02-06,348.5293884277344,348.5293884277344,342.11170847084975,342.3585423153453,100386
2026-02-09,362.3520812988281,362.3520812988281,349.51672147080427,350.5040568421907,191770
2026-02-10,365.3140869140625,367.04192381162903,359.14324085132495,362.59891464645796,240813
2026-02-11,361.117919921875,369.263436912594,361.117919921875,368.7697692161868,121251
2026-02-12,372.7191162109375,373.7064516181188,360.13058976937606,362.35209443553396,254406
2026-02-13,374.69378662109375,374.9406204726228,370.49761114509994,373.2127835119195,121403
2026-02-16,384.0734558105469,400.6113231237259,377.9026097981666,380.1241143626235,448942
2026-02-17,381.8519592285156,395.18098689389365,380.12412230892954,384.07346383941194,176291
2026-02-18,375.6811218261719,387.28231284182897,374.4469525691871,382.5924696652867,225331
2026-02-19,352.4787292480469,377.16211364917064,350.99772618397947,375.68111058510317,237920
2026-02-20,353.466064453125,358.40274133096193,346.80155066804514,352.4787290775576,168117
2026-02-23,353.21923828125,358.8964168140723,350.5040659394654,356.9217460200472,181326
2026-02-24,350.7508850097656,354.94706027026245,349.76354965435456,353.2192233982932,87338
2026-02-25,343.34588623046875,352.47873870388884,342.8522185292028,352.47873870388884,100389
2026-02-26,346.5547180175781,349.5167241544805,341.1243734332571,343.09904419119204,146114
2026-02-27,345.5673828125,350.0103920200893,342.35854282924106,347.5420535714286,138298
2026-03-02,330.7573547363281,333.71936089814596,313.7258193058754,313.7258193058754,186751
2026-03-03,331.0041809082031,332.73201779586714,321.8713287876934,329.7700117027289,192511
2026-03-04,333.7193603515625,337.66870189418455,326.3143449591462,329.02951726969883,144597
2026-03-05,333.9661865234375,338.409195656787,332.9788511604709,333.71935268269584,88334
2026-03-06,329.523193359375,334.2130365607444,328.5358579485604,333.9662027080407,78354
2026-03-09,325.0801696777344,331.49784956507006,321.87132973406653,321.87132973406653,169794
2026-03-10,342.1117248535156,345.3205649856193,329.02953046878525,332.73203831352026,396823
2026-03-11,334.2130126953125,341.12436007749034,331.4978405094569,340.1370247371792,133337
2026-03-12,337.421875,352.72557379297734,335.6940380395026,342.60538588149234,310565
2026-03-13,330.7573547363281,337.4218686004183,327.5485147276921,337.1750347536002,158780
2026-03-16,328.5358581542969,332.48519980002845,328.0421904485804,330.7573628300209,80289
2026-03-17,333.9661865234375,335.69402340862894,329.27634354934634,329.77001123082965,88904
2026-03-18,338.1623840332031,345.07373202804234,332.97887303707375,335.94087932057624,215400
2026-03-19,333.9661865234375,337.9155279753037,333.2256850012126,336.6813587715955,42253
2026-03-23,351.24456787109375,353.4660725167999,324.33967827309715,331.00419221021554,331818
2026-03-24,362.3520812988281,374.44693959831216,345.32054614241184,350.7508906850373,521842
2026-03-25,360.3774108886719,367.288758494756,357.16857092870424,364.07991853478836,151228
2026-03-26,363.58624267578125,373.9532638518728,357.9090644126835,358.8963997627875,218206
2026-03-27,359.14324951171875,366.79509881403027,351.24456636094556,364.079926480952,165627
2026-03-30,370.99127197265625,375.92794891174685,353.9597365327938,358.4027457779753,227343
2026-03-31,371.7317810058594,380.1241319714631,367.78243937498706,371.48494715392985,201084
2026-04-01,373.7064514160156,377.65579304260496,370.25077749274993,376.1747899326339,167197
2026-04-02,373.9532775878906,380.1241237527073,366.5482621901106,373.21277604811263,213769
2026-04-03,368.2760925292969,377.6557785320538,368.2760925292969,373.9532708993866,138487
2026-04-06,369.51025390625,372.7190937865314,367.5355832106922,368.2760847215264,103419
2026-04-07,360.3774108886719,372.96593688546795,359.63690935944857,369.51026308242587,119344
2026-04-08,371.23809814453125,374.20010424674825,368.27609204231425,370.7444304608284,160388
2026-04-09,368.0292663574219,375.1874479297661,367.53559866277743,371.2381063726107,172720
2026-04-10,380.1241149902344,383.08612108106735,368.7697583087079,368.7697583087079,228838
2026-04-13,387.03546142578125,394.9341443120217,373.4596002150555,373.95326789544555,262233
2026-04-14,386.0481262207031,391.9721383877727,384.5671231789357,389.503799984827,94532
2026-04-15,379.3836364746094,387.7759875742429,379.13680261873776,386.0481505831419,120671
2026-04-16,369.263427734375,381.6051198377966,368.5229262081697,379.3836152591807,125496
2026-04-17,377.162109375,378.64311242228405,368.7697587737238,372.4722663919339,188019
2026-04-20,373.7064514160156,377.4089591909431,371.73178060272096,374.9406206743248,103929
2026-04-21,372.7191162109375,378.39629480222993,370.7444453965749,375.4342885806861,98120
2026-04-22,370.2507629394531,378.3962797241211,369.2634275716146,375.4342736206055,87288
2026-04-24,365.8077697753906,370.74444683038917,362.8457635423915,370.2507791248893,80227
2026-04-27,367.28875732421875,370.74443111624765,365.31408658591647,365.80775427049207,69291
2026-04-28,357.4154052734375,368.7697620707981,355.44073452607046,367.28875901027277,85954
2026-04-29,356.1812438964844,361.36475472242074,355.19390850106794,359.63691778044193,59481
2026-04-30,361.611572265625,361.611572265625,355.1938924848016,356.18122783569754,50849
2026-05-04,364.0799255371094,369.75710403701004,360.3774178197828,361.3647532110699,101333
2026-05-05,362.1052551269531,366.79509824039013,362.1052551269531,365.560929000012,62144
2026-05-06,366.79510498046875,370.2507789170277,364.32676645435527,366.5482711278574,165445
2026-05-07,369.263427734375,373.21276920746993,367.28875699782753,368.27609236610124,118560
2026-05-08,367.7824401855469,370.4976125627556,363.3394308410235,363.3394308410235,123840
2026-05-11,368.5229187011719,375.18743230126,365.31407881964793,367.7824171900509,156137
2026-05-12,366.5482482910156,376.4216017803359,364.07990991868553,369.26342050057866,202658
2026-05-13,365.0672607421875,370.2507715438007,360.377417635966,369.5102700007131,153512
2026-05-14,371.7317810058594,379.63046426760405,363.5862638921852,366.3014362634099,346619
2026-05-15,363.33941650390625,375.9279424833215,360.37741039110267,375.9279424833215,139180
2026-05-18,354.4533996582031,360.6242457525312,352.9723965955644,359.6369103774387,84683
2026-05-20,346.8015441894531,354.45339320715635,344.82687347520715,354.45339320715635,159661
2026-05-21,330.7573547363281,348.28255786041717,330.7573547363281,348.28255786041717,89677
2026-05-22,339.14971923828125,339.64338695187405,325.82069097127453,325.82069097127453,172141
2026-05-25,340.8775329589844,342.11170215869106,337.1750253598643,339.149696079395,64043
2026-05-26,338.6560363769531,341.12437483451106,337.4218671481741,341.12437483451106,32036
2026-05-27,338.6560363769531,338.6560363769531,338.6560363769531,338.6560363769531,0
2026-05-28,338.6560363769531,338.6560363769531,338.6560363769531,338.6560363769531,0
2026-05-29,338.6560363769531,338.6560363769531,338.6560363769531,338.6560363769531,0
2026-06-01,336.6813659667969,344.333215193315,336.6813659667969,342.605378271198,94015
2026-06-02,338.1623840332031,341.6180580306227,336.43454703449333,338.90288560407873,218341
2026-06-03,332.7320251464844,340.13704054291946,332.7320251464844,338.16236977053677,147991
2026-06-04,331.2510070800781,335.9408499522998,329.02950256165735,334.7066807753994,123766
2026-06-05,327.79534912109375,334.45986299629675,327.54851527386404,333.7193614546075,110885
2026-06-08,329.2763366699219,329.5231705055065,324.58649379381353,325.8206629717368,68600
2026-06-09,322.364990234375,330.75734066926685,321.6244887254139,329.77000532398546,130759
2026-06-10,317.9219970703125,323.5991755894252,315.9473262810559,322.36500634613986,87179
2026-06-11,318.1688232421875,321.3776631973065,315.2068171297699,321.3776631973065,100363
2026-06-12,322.8586730957031,323.8460084874331,318.16882998498573,322.36500539983814,112906
2026-06-15,330.263671875,331.25100721692826,324.8333274943946,326.8079981782511,132395
2026-06-16,327.54852294921875,331.7446984504522,326.3143536841501,330.7573630383973,95847
2026-06-17,325.5738525390625,329.5231941923036,324.0928494190971,329.0295264856485,53618
2026-06-18,327.3016662597656,327.795333931349,324.33966023026545,325.82066324501557,69836
2026-06-19,324.09283447265625,326.56117289209766,323.8460006307121,325.5738375243211,68719
2026-06-22,324.09283447265625,326.8080067340418,323.8460006307121,325.82067136626523,55877
2026-06-23,318.4156494140625,323.59915998591936,318.4156494140625,322.85865847565407,114106
2026-06-24,318.6625061035156,323.1055154837351,317.42833683123246,318.415672249059,119026
2026-06-25,317.1814880371094,322.85866642220935,316.44098650861804,319.8966603082441,82040
2026-06-26,317.1814880371094,318.1688234084311,314.9599834516354,316.68782035144847,93689
2026-06-29,318.9093322753906,321.62450460900465,317.9219968813492,318.16883072985956,93502
2026-06-30,318.6625061035156,321.37767850253863,318.16883839460235,320.88401079362535,59584
2026-07-01,325.8206787109375,328.2890171860204,318.16882943818064,319.4029986757221,119247
2026-07-02,326.0675048828125,329.0295109831863,323.10549878243876,324.83333567432345,112764
2026-07-03,327.79534912109375,330.75735528785066,323.1055060237287,326.3143460377153,105497
2026-07-06,321.3776550292969,331.99150999570224,321.13082119286884,329.02950395856584,83866
2026-07-07,320.8840026855469,323.8460088641827,320.39033498910754,321.8713380784255,89280
2026-07-08,315.94732666015625,320.1435020923614,312.98532047271726,319.64983439445496,80378
2026-07-09,312.24481201171875,317.6751565684443,311.5043104812562,317.18148888146925,38839
2026-07-10,314.7131652832031,316.1941684139476,312.4916605870864,312.4916605870864,67913
2026-07-13,311.5043029785156,315.2068105416517,311.5043029785156,314.4663090290245,41210
2026-07-14,311.75115966796875,312.49166123487606,310.51699038978995,311.2574919566972,45482
2026-07-16,324.8333435058594,324.8333435058594,311.9979834281203,311.9979834281203,150601
2026-07-17,314.25,322.0,306.0,322.0,138315
2026-07-20,313.0,318.0,311.5,314.25,78618
2026-07-21,312.5,315.75,311.5,315.5,48877
2026-07-22,312.75,314.75,311.75,314.75,51255
2026-07-23,311.0,314.25,311.0,313.0,55391
2026-07-24,310.0,313.0,309.0,311.0,47907
2026-07-27,304.25,312.75,303.5,312.75,62973
2026-07-28,298.5,304.75,297.75,303.5,77212
2026-07-29,291.0,299.5,290.25,298.5,76919
2026-07-30,288.75,292.0,288.25,289.75,71801
2026-07-31,287.25,292.25,283.25,290.25,71771
2026-08-03,284.5,291.0,283.25,288.25,64414
2026-08-04,290.0,290.0,283.5,285.5,64980
2026-08-05,290.5,293.25,286.75,290.0,50335
2026-08-06,288.5,291.25,288.25,290.5,55299
2026-08-07,290.75,291.5,287.75,288.5,79950
2026-08-10,291.0,293.0,289.5,290.75,51415
2026-08-11,289.75,290.75,288.5,290.75,30462
2026-08-12,293.25,296.5,289.0,290.0,54445
2026-08-13,291.75,293.25,291.0,293.25,28631
2026-08-14,293.5,295.0,292.5,292.75,44055
2026-08-17,297.25,300.5,294.25,295.0,114262
2026-08-18,313.0,326.0,310.0,326.0,576546
2026-08-19,306.5,312.75,305.0,312.5,250919
2026-08-20,320.25,327.75,307.0,307.0,481108
2026-08-21,319.25,326.0,316.75,320.25,242506
2026-08-24,318.0,321.75,318.0,320.75,228088
2026-08-25,313.0,320.5,313.0,318.5,106841
2026-08-26,312.5,315.75,310.5,312.0,145463
2026-08-27,304.5,313.25,304.5,313.0,123126
2026-08-28,306.25,307.75,304.75,304.75,71468
2026-08-31,301.75,309.0,299.75,307.0,89657
2026-09-01,297.25,303.25,296.25,302.5,72598
2026-09-02,295.75,297.75,291.25,297.75,58789
2026-09-03,292.0,296.75,291.5,296.75,62681
2026-09-04,291.75,294.0,290.0,293.5,60356
2026-09-07,297.0,297.75,292.0,294.5,63851
2026-09-08,302.5,303.0,296.5,297.0,173209
2026-09-09,301.25,307.0,301.25,301.25,82650
2026-09-10,296.0,303.0,296.0,302.0,120272
2026-09-11,299.25,300.0,293.5,296.0,84128
2026-09-14,293.0,299.0,292.25,298.5,95330
2026-09-15,284.75,294.25,284.75,293.0,88569
2026-09-16,275.75,286.0,273.0,285.0,127015
2026-09-17,279.0,283.0,267.75,279.0,109032
2026-09-18,268.5,278.25,267.0,278.25,125372
2026-09-21,259.25,268.5,251.25,268.5,190557
2026-09-22,265.0,266.25,258.25,260.75,102342
2026-09-23,264.5,270.0,260.0,265.0,100642
2026-09-24,257.25,268.5,257.25,263.5,95879
2026-09-25,258.5,261.0,256.0,259.25,55659
2026-09-28,264.75,267.75,252.0,256.25,396837
2026-09-29,,,,,12028
