Date,Close,High,Low,Open,Volume
2018-01-01,0.9633309245109558,0.9633309245109558,0.9633309245109558,0.9633309245109558,0
2018-01-02,0.9812981486320496,0.9895913819543677,0.9660951842407862,0.9702414805408546,166328028
2018-01-03,0.9674772024154663,0.989591268312256,0.9674772024154663,0.9812980359423114,105250657
2018-01-04,0.9578028321266174,0.9799161717479987,0.9564207941661582,0.9674774639768489,113029760
2018-01-05,0.9564205408096313,0.975769707852731,0.9453638739278601,0.9647130409709598,194469923
2018-01-08,0.9550383687019348,0.9702413307460243,0.9536563311697772,0.9647129975539419,96441125
2018-01-09,0.9439810514450073,0.9605667847049268,0.9412168846106661,0.9578026178705855,99194946
2018-01-10,0.9384527206420898,0.9439810543276543,0.9232498487726546,0.9412168874848721,137810057
2018-01-11,0.9674772024154663,0.9674772024154663,0.9329243405786515,0.9467459063593341,110269105
2018-01-12,0.9743876457214355,0.9743876457214355,0.9591847734795798,0.9674772742110656,123654622
2018-01-15,0.9495101571083069,0.9771518266086326,0.9495101571083069,0.9716234927085675,84655947
2018-01-16,0.9619489908218384,0.9619489908218383,0.9301602916648074,0.9481281555447818,170052641
2018-01-17,0.9757696986198425,0.9826800695896974,0.9495100692582437,0.9578025693411071,135816175
2018-01-18,0.9909735321998596,1.0034122382997772,0.9757698352329762,0.986827235812059,219282608
2018-01-19,0.9923554062843323,0.9978837395349993,0.9812980075291816,0.9882092021121954,120598334
2018-01-22,1.011704683303833,1.011704683303833,0.9868271809551749,1.0006480155933182,102833067
2018-01-23,1.0172330141067505,1.0324367101828527,1.0117046802680816,1.0213800425055148,182252982
2018-01-24,1.061461329460144,1.061461329460144,1.0186151368285195,1.0186151368285195,255508345
2018-01-25,1.0932490825653076,1.1098348158482667,1.0531678853919428,1.0614612096920928,291314229
2018-01-26,1.1360952854156494,1.137477414730274,1.0973962137966158,1.0987782515794977,230804896
2018-01-29,1.1305660009384155,1.144387566014418,1.1112168349873326,1.1430055284980603,160125220
2018-01-30,1.1043064594268799,1.1430056181499477,1.098778125864383,1.1222735892708608,115466116
2018-01-31,1.1125988960266113,1.1499159234551883,1.1084526918581528,1.1125988960266113,202402734
2018-02-01,1.0987781286239624,1.1333302592422114,1.0987781286239624,1.123655629717678,161532525
2018-02-02,1.0877208709716797,1.1112170697531056,1.0794283695264095,1.104306606116175,100757065
2018-02-05,1.0352009534835815,1.0835745646291648,1.0310546570327805,1.0835745646291648,206557805
2018-02-06,1.0296725034713745,1.0462575043464466,0.9895913066702177,0.9965017694673644,262616028
2018-02-07,1.0393471717834473,1.087720875083549,1.0282905031479566,1.0379651339698832,208647441
2018-02-08,1.0199971199035645,1.0545499823444549,1.0199971199035645,1.040729148575985,103711171
2018-02-09,1.0075584650039673,1.0310545700579568,1.0006480020128137,1.0130867072524599,128711253
2018-02-12,1.0476396083831787,1.0586962763339662,1.0213800677659282,1.0213800677659282,105727975
2018-02-13,1.0324366092681885,1.0683715079610037,1.0324366092681885,1.057314109110568,105250579
2018-02-14,1.0061763525009155,1.0490217180289012,0.9978838516928733,1.046257551092887,139343359
2018-02-15,1.0324366092681885,1.0338186468269013,1.0199970813273123,1.026908275969882,81546383
2018-02-16,1.0504038333892822,1.0573142970060891,1.0379651270234718,1.0379651270234718,100854502
2018-02-19,1.021380066871643,1.0614612661779357,1.0144688713886703,1.0586962754070084,132927156
2018-02-20,0.9674772024154663,1.0352007969705468,0.9591847022993594,1.029672463559809,124497794
2018-02-21,1.0255261659622192,1.0255261659622192,0.9937375624174821,0.9965017291180704,139829082
2018-02-22,1.0255261659622192,1.0255261659622192,1.0075583959204235,1.0255261659622192,99428169
2018-02-23,1.0379650592803955,1.0504037648343905,1.0296725584004862,1.031054596114602,110249772
2018-02-26,1.0448753833770752,1.0559320507139232,1.0407291788916242,1.0462575125600482,79342711
2018-02-27,1.0407291650772095,1.0573141658623357,1.0365828691150616,1.0517858322672935,106058840
2018-02-28,1.0559320449829102,1.0559320449829102,1.032436672785495,1.0352008396047045,150683929
2018-03-01,1.043493390083313,1.0545500578901648,1.0421112608415877,1.0462575570350259,97067201
2018-03-02,1.0365828275680542,1.0434932900507468,1.0296724566170907,1.0365828275680542,73787018
2018-03-05,1.043493390083313,1.0531679286484394,1.035200889228174,1.043493390083313,62631689
2018-03-06,1.057314157485962,1.0642253524447403,1.0448753612297947,1.0517858239347169,73846083
2018-03-07,1.0683715343475342,1.0738998677823788,1.0490216350717367,1.050403672664583,69366285
2018-03-08,1.0642253160476685,1.072517816090928,1.0545499546441701,1.0697536494098414,61078498
2018-03-09,1.051785945892334,1.0656075136269532,1.0462576117000628,1.0642254758447567,47155325
2018-03-12,1.069753646850586,1.073899851096432,1.0600790177240642,1.0600790177240642,61272061
2018-03-13,1.0559320449829102,1.0697537028645596,1.0490216737007527,1.0642253692261403,53961309
2018-03-14,1.0338188409805298,1.0642255036172097,1.0241443016574558,1.055932178326693,72664741
2018-03-15,1.0227621793746948,1.0421113496862897,1.017233112745988,1.0421113496862897,70478352
2018-03-16,1.024144172668457,1.0324366731288437,1.0172329775984,1.0227620434925258,45301046
2018-03-19,0.9840629696846008,1.0338187043937663,0.9716234410510453,1.0282903707876216,131163736
2018-03-20,0.9978837966918945,1.0061762970428738,0.9757697301687578,0.9923554631245749,135827391
2018-03-21,1.0061763525009155,1.0089405194369296,0.9951196847568592,0.9978838516928733,80587696
2018-03-22,0.9992659091949463,1.02276201295244,0.9965017424573566,1.0186149848263437,72892764
2018-03-23,0.9992659091949463,1.0075584094077155,0.9826800849838309,0.9854450755069976,70797073
2018-03-26,0.9854451417922974,1.0061763479528256,0.9826801510831454,1.0047943102569343,68758164
2018-03-27,0.9854451417922974,1.0020301433334147,0.9840630125646691,0.9965018094863756,54552797
2018-03-28,0.9633309245109558,0.9826800918084624,0.9591847201416415,0.9799159250516757,118203416
2018-03-29,0.9840629696846008,0.9868271364876732,0.9591847362030862,0.9647130698092309,75349819
2018-03-30,0.9895913600921631,1.0006480279390926,0.9868271931304308,0.9937376563006307,35792095
2018-04-02,0.9812981486320496,0.9937376782544359,0.9812981486320497,0.9895913819543677,26725229
2018-04-03,0.9791183471679688,0.9978648044417839,0.9747924767153535,0.9935388384911235,67036811
2018-04-04,0.971908450126648,0.9863289402461874,0.967582484537057,0.9834442310348411,82133748
2018-04-05,0.9747924208641052,0.9877708909607497,0.966140584956541,0.9719084755615838,133464889
2018-04-06,0.971908450126648,0.9834442310348411,0.9690245048995997,0.971908450126648,61327738
2018-04-09,0.9546048045158386,0.9791182918580078,0.9488369139061471,0.9791182918580078,70517062
2018-04-10,0.9373001456260681,0.9618144891138853,0.9257643659768497,0.9618144891138853,107441401
2018-04-11,0.9257645606994629,0.9502789093435566,0.9055761780827506,0.9315324517372734,106025524
2018-04-12,0.9300904273986816,0.9416262082423495,0.91422868098962,0.9228805166223709,87002005
2018-04-13,0.9401842355728149,0.9473949106991356,0.9300904745716813,0.9416262560004292,108305434
2018-04-16,0.9416263103485107,0.9603727679855735,0.9387423648248704,0.9430682353613075,94863412
2018-04-17,0.9243225455284119,0.9531627618886966,0.9127867645780182,0.9488368917813178,148335171
2018-04-18,0.9531629085540771,0.95748887482514,0.9171127758036604,0.924322687756081,205797765
2018-04-19,0.9502789378166199,0.9618147202378858,0.9459522076752219,0.951720958368303,119824061
2018-04-20,0.9243225455284119,0.9488368917813178,0.9199965799229954,0.9445101621916007,116739040
2018-04-23,0.9243225455284119,0.9243225455284119,0.9243225455284119,0.9243225455284119,0
2018-04-24,0.9199965596199036,0.9300904154777588,0.9156706896079909,0.9228805047938572,104258577
2018-04-25,0.8911563754081726,0.9300904483665916,0.8868305052432933,0.9243225578147266,142226867
2018-04-26,0.9012501835823059,0.9055760535165971,0.8825044925389542,0.8940402730277757,85174942
2018-04-27,0.9171126484870911,0.9272065047196073,0.8998082128167841,0.9041341784873023,76155092
2018-04-30,0.8868305683135986,0.9257645485429157,0.8810626773515283,0.9228806030618806,100197859
2018-05-01,0.8868305683135986,0.8868305683135986,0.8868305683135986,0.8868305683135986,0
2018-05-02,0.8882724642753601,0.8983663208781275,0.8680848465678678,0.8925984301045583,127020281
2018-05-03,0.8522223234176636,0.8882724519871203,0.8478964531463514,0.8839465817158082,200662558
2018-05-04,0.8637580871582031,0.8738527073994251,0.8450124905354306,0.852222306006331,148716624
2018-05-07,0.8522223234176636,0.8709687799057892,0.8522223234176636,0.8637581048052176,72157773
2018-05-08,0.8320346474647522,0.8594321740820922,0.8291507023207182,0.8565482289380582,115616457
2018-05-09,0.8594322204589844,0.8680848203422761,0.8248241128787696,0.8262660377795789,129321601
2018-05-10,0.8695268630981445,0.8752947538457632,0.8450125156874077,0.8666420582419562,183622215
2018-05-11,0.8493384122848511,0.8695268900086982,0.8435705213587249,0.8666420850632296,133083775
2018-05-14,0.8796206116676331,0.8853885023333529,0.8551062646049779,0.8565482850204282,121790882
2018-05-15,0.8608741164207458,0.8810625923220561,0.857990171218034,0.8666420068261693,114909555
2018-05-16,0.8882724642753601,0.8969243004357139,0.8536643556496044,0.8623161918099582,273574806
2018-05-17,0.8825045824050903,0.8940403640686094,0.8709688007415711,0.8911564186527297,71667883
2018-05-18,0.8954823613166809,0.9026921769204964,0.8796206141914211,0.8796206141914211,149516880
2018-05-21,0.8983662128448486,0.9156706470689471,0.8868304326849487,0.8925983227648987,131321927
2018-05-22,0.9142286777496338,0.9171126229503302,0.8998081877618608,0.9012502081112272,129250792
2018-05-23,0.9070181846618652,0.9228806010075921,0.8940403822770722,0.9099028941208445,163107565
2018-05-24,0.8940404057502747,0.9300905368628595,0.8853885690992722,0.9243226457621911,132149672
2018-05-25,0.9084607362747192,0.9142286263518421,0.89548226736596,0.9026920822133482,110609781
2018-05-28,0.9401842355728149,0.9459521262871888,0.9228805634296929,0.9228805634296929,164631968
2018-05-29,0.9329744577407837,0.9445102396370578,0.9286484917806581,0.9401842736769322,114477353
2018-05-30,0.9070181846618652,0.9473949492752113,0.9055761641755347,0.9329744579177695,206809622
2018-05-31,0.8637580871582031,0.9156707258082956,0.8594322169752707,0.9142287054152919,162752811
2018-06-01,0.8406865000724792,0.8652000820466094,0.8334766848141116,0.8637580616961139,185962779
2018-06-04,0.8378025889396667,0.8565482812702019,0.8349186436194337,0.8392446093488034,142957558
2018-06-05,0.8204981088638306,0.8464543793329394,0.8176141636988498,0.8406864890029778,122389303
2018-06-06,0.8363606929779053,0.8406865633589681,0.8017525839528794,0.8248241473133305,175517658
2018-06-07,0.8565483093261719,0.8608741796991939,0.8334767460086056,0.8349186709669317,111243852
2018-06-08,0.8291507363319397,0.8493383531682603,0.8262660270853008,0.8478964282861138,95874403
2018-06-11,0.8378025889396667,0.8406865342598998,0.8046365015216839,0.8291507529789675,164104417
2018-06-12,0.8320346474647522,0.843570428040888,0.8204981029043402,0.8305927226417524,96801089
2018-06-13,0.8262659907341003,0.8406864803956423,0.8233820455986467,0.8262659907341003,120625511
2018-06-14,0.8406865000724792,0.8478964108288833,0.8204981196675072,0.8233820648704615,58163557
2018-06-15,0.8406865000724792,0.8406865000724792,0.8406865000724792,0.8406865000724792,0
2018-06-18,0.8161723613739014,0.8349187239953939,0.8118463952280794,0.8334767989454862,100192182
2018-06-19,0.8349186778068542,0.8435705141218203,0.8075204799074633,0.8104044253457853,103970994
2018-06-20,0.8435704112052917,0.8623161020164118,0.8320346308593818,0.8320346308593818,104163373
2018-06-21,0.8579902052879333,0.8623161710127988,0.8363606631577268,0.840686533384552,158739726
2018-06-22,0.8652001023292542,0.8781786677801114,0.8565482665175685,0.860874136674392,130293215
2018-06-25,0.8147302269935608,0.8998081859614763,0.8060783914087827,0.8998081859614763,254283258
2018-06-26,0.8046364784240723,0.8262660199559101,0.8031944580563296,0.8176141842435675,215484680
2018-06-27,0.8277080059051514,0.8320346398166907,0.8031944246571742,0.8031944246571742,252481701
2018-06-28,0.8248240947723389,0.83636063970204,0.8176141839324448,0.8204981291687949,208787038
2018-06-29,0.8219401836395264,0.83491865397688,0.8219401836395264,0.8305927836918867,127017559
2018-07-02,0.8248240947723389,0.8305927492293397,0.8118462934597445,0.8147302386960946,153121463
2018-07-03,0.8118463158607483,0.8291507517406251,0.8104043909518054,0.8277080628473608,143075478
2018-07-04,0.8262659907341003,0.8320346449892814,0.8089623199213785,0.8118462650568321,188657258
2018-07-05,0.8363606929779053,0.8406865633589681,0.827708092733387,0.8291507816787426,160822356
2018-07-06,0.8248240947723389,0.8378025645711963,0.8176141839324448,0.832034674098496,126418166
2018-07-09,0.8363606929779053,0.8478964746581309,0.8291507816787426,0.8291507816787426,218478591
2018-07-10,0.7931007146835327,0.8291507970885806,0.7916587419467053,0.8176142512095982,223044065
2018-07-11,0.7339781522750854,0.7858899751446812,0.7325361797435209,0.7858899751446812,250135387
2018-07-12,0.7195584774017334,0.7483979300547207,0.7036960144582822,0.7383041216261752,333217067
2018-07-13,0.7195584774017334,0.729652285830279,0.7080219323562303,0.7238843952996815,114897166
2018-07-16,0.6907182931900024,0.726768374682905,0.6863923750889754,0.7238844292822204,178235403
2018-07-17,0.6892763376235962,0.6979281740407164,0.6762985829979158,0.6835084466788494,207748742
2018-07-18,0.6993700861930847,0.7022540314156327,0.6791824696352488,0.6863923326916187,227728520
2018-07-19,0.6892763376235962,0.7094639559302099,0.6878343648874095,0.7051380377216498,140036639
2018-07-20,0.7080219388008118,0.713790593368225,0.6849503764684193,0.6878343217599683,136305193
2018-07-23,0.7253263592720032,0.7354201675800296,0.7166745235794091,0.7166745235794091,177259622
2018-07-24,0.6892763376235962,0.7267683927488134,0.6878343648874095,0.72388444727644,178490503
2018-07-25,0.7181165218353271,0.7210004671691637,0.684950386511881,0.6863923591787993,279405332
2018-07-26,0.7080219388008118,0.7310942651175195,0.69792813028039,0.7253263745344214,249817521
2018-07-27,0.7080219388008118,0.7195584839513233,0.6921602396972919,0.7065799661550373,145835144
2018-07-30,0.7123485207557678,0.7181164105294352,0.6993700047808082,0.7008119772242252,150491060
2018-07-31,0.7296523451805115,0.7296523451805115,0.7094639626969805,0.712348672181231,161569458
2018-08-01,0.7224424481391907,0.7368621749741007,0.7195585027722087,0.7339782296071187,126061901
2018-08-02,0.7094640135765076,0.7123487232676362,0.6979282307496935,0.706580067869804,153718773
2018-08-03,0.7166746258735657,0.7267684356223264,0.7065800521403968,0.7080220249616482,117052595
2018-08-06,0.7051379680633545,0.7224424031725089,0.69792810509466,0.7152325402038143,112647557
2018-08-07,0.7195584774017334,0.7210004500343828,0.7022540418256329,0.706579959723581,200406841
2018-08-08,0.7210004925727844,0.728210356161407,0.7181165471373354,0.7224424652905089,154612632
2018-08-09,0.7094640135765076,0.7339783160679126,0.7036961221631005,0.7080220407231558,268774075
2018-08-10,0.6517842411994934,0.7036960719493263,0.6041983764500537,0.7022540991988696,474700027
2018-08-13,0.569590151309967,0.6402483834395981,0.5551704732606063,0.6402483834395981,967429967
2018-08-14,0.5796840190887451,0.5998724490196145,0.5710321827183931,0.5955465308344384,562566037
2018-08-15,0.5710321068763733,0.5955464517365292,0.5594963743303859,0.5926625066627784,450463119
2018-08-16,0.5551705360412598,0.5840099431502611,0.5537285632983585,0.5825679704073599,380813434
2018-08-17,0.5580544471740723,0.5580544471740723,0.5378660182828351,0.5537285292116656,301916247
2018-08-20,0.569590151309967,0.5825679045285074,0.569590151309967,0.5710321238898048,236499647
2018-08-21,0.569590151309967,0.569590151309967,0.569590151309967,0.569590151309967,0
2018-08-22,0.569590151309967,0.569590151309967,0.569590151309967,0.569590151309967,0
2018-08-23,0.569590151309967,0.569590151309967,0.569590151309967,0.569590151309967,0
2018-08-24,0.569590151309967,0.569590151309967,0.569590151309967,0.569590151309967,0
2018-08-27,0.5710321068763733,0.579683942097626,0.5681481618026224,0.5782419695607505,307797166
2018-08-28,0.592662513256073,0.5941044858089902,0.5710321132290325,0.5739160583348669,419351712
2018-08-29,0.592662513256073,0.5984304034677418,0.5811259210994528,0.5854518387582045,368267794
2018-08-30,0.592662513256073,0.592662513256073,0.592662513256073,0.592662513256073,0
2018-08-31,0.5768000483512878,0.596988477397315,0.5724741303557133,0.5926625594017404,622801387
2018-09-03,0.5811259746551514,0.5868938653983803,0.5695901931686935,0.5753580839119224,405210633
2018-09-04,0.5796840190887451,0.5897778281874891,0.5753581009035691,0.578242046360353,292195566
2018-09-05,0.5811259746551514,0.5825679473409586,0.5724741385403079,0.5782420292835369,229411786
2018-09-06,0.5782420635223389,0.5854519273782847,0.5753581179799605,0.5811260090647172,163979675
2018-09-07,0.5768000483512878,0.5782420210164794,0.5724741303557133,0.5768000483512878,248300024
2018-09-10,0.5638223886489868,0.5768000959578127,0.5623804158647813,0.5753581231736071,236883251
2018-09-11,0.5710321068763733,0.5767999970238751,0.5580544017935105,0.5609383468672614,277669306
2018-09-12,0.5724740624427795,0.5796839249134269,0.5710320899486501,0.573916034936909,254272114
2018-09-13,0.5854518413543701,0.5969884335621488,0.5710321157612543,0.5710321157612543,382238644
2018-09-14,0.6013144254684448,0.6186180983162097,0.586893886361921,0.5912198045738623,444290545
2018-09-17,0.562380313873291,0.5811259089192982,0.5566124237825147,0.5796839363966041,712475016
2018-09-18,0.5710321068763733,0.5767999970238751,0.5638222919410122,0.5652642167288716,416211681
2018-09-19,0.5998724102973938,0.602756355568017,0.5710321458578335,0.5739160911284565,482754891
2018-09-20,0.5768000483512878,0.6142921493796133,0.5753580756860963,0.599872422727698,651140917
2018-09-21,0.5883358120918274,0.5955464869356573,0.5811259489813191,0.5811259489813191,358482270
2018-09-24,0.6171760559082031,0.6243859187808775,0.589777765258746,0.5926625221411105,569206230
2018-09-25,0.5998724102973938,0.6272698903683137,0.5955464923914591,0.6243859450976906,387516070
2018-09-26,0.6041982769966125,0.6142920845883281,0.5969884144311014,0.6027563044835103,250303206
2018-09-27,0.637364387512207,0.638806359977188,0.6041982568334247,0.6056402292984057,617283138
2018-09-28,0.6402484178543091,0.6460163084836967,0.6258279272965187,0.6402484178543091,500858207
2018-10-01,0.6258279085159302,0.6431323438691223,0.6229439632877812,0.6373644534128243,278638514
2018-10-02,0.6171760559082031,0.6258278913554123,0.608524220460994,0.6171760559082031,224455503
2018-10-03,0.5998724102973938,0.6258279177330022,0.5984304376620823,0.6215019998270674,259758564
2018-10-04,0.5681481957435608,0.5998724051832851,0.5681481957435608,0.5984304325602668,234547965
2018-10-05,0.5868937969207764,0.5897777419558978,0.5652642091573652,0.5695901267100474,251993816
2018-10-08,0.6070822477340698,0.6142921106049343,0.5768000119431443,0.5811259296656631,337317089
2018-10-09,0.6013144254684448,0.617176125578896,0.5955465345191898,0.6085242891550136,276768263
2018-10-10,0.5969884395599365,0.6171760555931183,0.5969884395599365,0.6070822475765274,310381269
2018-10-11,0.5811259746551514,0.5912197834558021,0.5695901931686935,0.5811259746551514,338019858
2018-10-12,0.5912197828292847,0.6041983487211537,0.5753580833022137,0.5897778101450054,386347782
2018-10-15,0.6070822477340698,0.6142921106049343,0.5912197376848733,0.5912197376848733,497328934
2018-10-16,0.6128501296043396,0.6258278825934572,0.6041982942782612,0.6056402668326076,367256042
2018-10-17,0.6258279085159302,0.6301538263581536,0.6171760728314833,0.6215019906737067,367508998
2018-10-18,0.6186180710792542,0.6388064524971419,0.612850180383952,0.6272699071222074,331689592
2018-10-19,0.6013144254684448,0.6258279620027785,0.6013144254684448,0.6215020437908373,222336702
2018-10-22,0.5854518413543701,0.6085242140366415,0.582567896235747,0.6056402689180183,167187255
2018-10-23,0.5796840190887451,0.5854519100023131,0.5739161281751771,0.578242046360353,285121099
2018-10-24,0.5796840190887451,0.5912198009158811,0.5768000736319611,0.5840099372739211,232276844
2018-10-25,0.5840099453926086,0.5854519181410464,0.5739161361535442,0.5768000816504197,209725863
2018-10-26,0.5681481957435608,0.5825679219737436,0.5667062231205425,0.5811259493507254,133676052
2018-10-29,0.5681481957435608,0.5681481957435608,0.5681481957435608,0.5681481957435608,0
2018-10-30,0.5796840190887451,0.5796840190887451,0.5638223668254555,0.5695902099900011,193081518
2018-10-31,0.5753580927848816,0.5941045497228339,0.5695902019527024,0.5825679563251056,220811932
2018-11-01,0.6027563214302063,0.6085242116447814,0.573916058624048,0.5782419762849793,176488266
2018-11-02,0.6099662184715271,0.6157341090101914,0.5984304373941984,0.608524245836861,310823666
2018-11-05,0.6330385804176331,0.6330385804176331,0.6114081795723574,0.6157340973947498,389353127
2018-11-06,0.6099662184715271,0.6359224898798258,0.6027563552981967,0.6359224898798258,249546649
2018-11-07,0.6128501296043396,0.6215019649304181,0.6056402668326076,0.6099661844956468,242573085
2018-11-08,0.5854518413543701,0.6128501317145761,0.5811259236764355,0.609966186595953,298765239
2018-11-09,0.5811259746551514,0.5868938653983803,0.5710321658545007,0.585451892712573,279576911
2018-11-12,0.5724740624427795,0.5883357598782039,0.5724740624427795,0.5811258974075564,250890816
2018-11-13,0.5912197828292847,0.5941045399311995,0.5724741379336553,0.5724741379336553,329769953
2018-11-14,0.5825679302215576,0.5926625504589241,0.5811259575781244,0.5912197660821573,204585879
2018-11-15,0.5840099453926086,0.5912198091347974,0.5796840271472953,0.5840099453926086,168695002
2018-11-16,0.5868937969207764,0.5955464437594035,0.5811259068505333,0.5883357694383371,206754790
2018-11-19,0.5897778272628784,0.5912197999890099,0.5825679636322215,0.5868938818106156,232182152
2018-11-20,0.5768000483512878,0.5955465047321234,0.5753580756860963,0.58833582967282,325403842
2018-11-21,0.5840099453926086,0.5840099453926086,0.5768000816504197,0.5796840271472953,144264715
2018-11-22,0.5840099453926086,0.5868938908894842,0.5782420543988576,0.5840099453926086,116507800
2018-11-23,0.5868937969207764,0.5883357694383371,0.5825678793680942,0.5825678793680942,118562614
2018-11-26,0.5984304547309875,0.6041983454367501,0.5897778069389915,0.5912197796154322,296345332
2018-11-27,0.5969884395599365,0.5998723847075339,0.5897777649576488,0.5984304121337353,151711986
2018-11-28,0.5969884395599365,0.6056402750027288,0.5955464669861379,0.5955464669861379,143525063
2018-11-29,0.6085242629051208,0.6114082082553437,0.6027563722046752,0.6070822902300095,198858217
2018-11-30,0.6099662184715271,0.6157341090101914,0.6013143826635305,0.608524245836861,197763173
2018-12-03,0.6099662184715271,0.6272698900875201,0.6070822732021949,0.6229439721835218,196260742
2018-12-04,0.6027563214302063,0.6171760469666441,0.598430403769275,0.6085242116447814,173426589
2018-12-05,0.5912197828292847,0.598430457984037,0.5811259740393304,0.5969884852997578,224605967
2018-12-06,0.5883358120918274,0.5926625416914539,0.5825679216034207,0.589777784713929,153672307
2018-12-07,0.592662513256073,0.5941044858089902,0.5854518387582045,0.5912197289698732,153808882
2018-12-10,0.5883358120918274,0.5955464869356573,0.5854518668476241,0.5883358120918274,111946515
2018-12-11,0.5912197828292847,0.5912197828292847,0.585451892092168,0.5883358374607263,180010011
2018-12-12,0.5811259746551514,0.5955465132465811,0.5796840019693441,0.5926625678749666,137554229
2018-12-13,0.5868937969207764,0.5897777419558978,0.5796839343329726,0.5796839343329726,103930011
2018-12-14,0.5912197828292847,0.5955465126154786,0.5825679467236096,0.5868938647764471,136424140
2018-12-17,0.5969884395599365,0.5984304121337353,0.5897777649576488,0.5912197375314475,74371589
2018-12-18,0.6070822477340698,0.6099661928824156,0.5926625219923408,0.5926625219923408,134828401
2018-12-19,0.6243860125541687,0.6272699581363632,0.6085243118520988,0.609966284643196,173338213
2018-12-20,0.6200600266456604,0.6215019992797021,0.607082272939286,0.6157341087435356,119351576
2018-12-21,0.6243860125541687,0.6272699581363632,0.6114082574342933,0.6186181213897797,139184134
2018-12-24,0.6287118196487427,0.6330385489896425,0.6200599844334889,0.6258278745769914,90574994
2018-12-25,0.6359224915504456,0.6373644641888998,0.6258279190969545,0.6272698917354087,67359054
2018-12-26,0.6503422260284424,0.6503422260284424,0.6359224994644475,0.6402484174336459,74653367
2018-12-27,0.6344805359840393,0.6618779670409921,0.6301538065445421,0.656110076766051,181436471
2018-12-28,0.6315966248512268,0.6388064403340566,0.6215020045933022,0.6373644676876867,134391598
2018-12-31,0.6546681523323059,0.6604360430313356,0.6344805826347225,0.6359225075604593,143390238
2019-01-01,0.6546681523323059,0.6546681523323059,0.6546681523323059,0.6546681523323059,0
2019-01-02,0.6200600266456604,0.6503422159448431,0.6171760813775772,0.6503422159448431,185599892
2019-01-03,0.594104528427124,0.62726989952334,0.5883358260683544,0.6157341182724823,189625605
2019-01-04,0.6099662184715271,0.6128501637408592,0.5969884647595324,0.5998724100288645,134696548
2019-01-07,0.6128501296043396,0.6200599923760717,0.6099661844956468,0.614292102158686,125920387
2019-01-08,0.6099662184715271,0.6157341090101914,0.6041983279328628,0.6128501637408592,122267200
2019-01-09,0.5998724102973938,0.6114081913798864,0.5955464923914591,0.6099662187445748,127518971
2019-01-10,0.6085242629051208,0.6128501809304551,0.5969884815042296,0.6041983448797866,119930892
2019-01-11,0.6128501296043396,0.6157340747130324,0.6085242119413004,0.6114081570499932,104236616
2019-01-14,0.6200600266456604,0.6229439719137436,0.6013143824031195,0.607082272939286,133849487
2019-01-15,0.6402484178543091,0.6431323631690029,0.6243859546391718,0.6287118726112125,177698463
2019-01-16,0.6921601891517639,0.6936021616922373,0.6431323110423932,0.6445742835828666,371270944
2019-01-17,0.7296523451805115,0.7483979909297319,0.6921602896977,0.6936022624476401,446502128
2019-01-18,0.7339781522750854,0.7455139325276021,0.725326317085698,0.7339781522750854,221657432
2019-01-21,0.738304078578949,0.7570505334436958,0.726768298190354,0.7354201334818002,251170449
2019-01-22,0.7657023668289185,0.7685863119188876,0.7325361865609956,0.7354201316509648,227093344
2019-01-23,0.7887739539146423,0.8046364641729791,0.7657023924236873,0.7700283102032414,364204615
2019-01-24,0.7815641164779663,0.8031944700665643,0.7786801711973949,0.7931006615845643,309759865
2019-01-25,0.7830060720443726,0.793100644290567,0.7685863459559454,0.793100644290567,218251357
2019-01-28,0.7743542194366455,0.7945425995027096,0.7729122468593751,0.7887739452093493,163077833
2019-01-29,0.8378025889396667,0.8406865342598998,0.770028345945544,0.7729122912657771,361812069
2019-01-30,0.8262659907341003,0.8623161166605618,0.8118462650568321,0.8421285007123863,328683659
2019-01-31,0.8204981088638306,0.8608741051578435,0.8031944378739457,0.8507803448294282,277402900
2019-02-01,0.839244544506073,0.8435704144031719,0.8075203844502971,0.8219401099373481,202378251
2019-02-04,0.830592691898346,0.8551061769662798,0.8233820175718624,0.8421284720474986,185065758
2019-02-05,0.7772382497787476,0.8594322714094366,0.7628185224256,0.8406865781013221,815096271
2019-02-06,0.7671443819999695,0.7916586806110957,0.7599345188744335,0.7815641082510413,421117187
2019-02-07,0.762818455696106,0.7786801543970258,0.759934510477757,0.7700283187419786,319388664
2019-02-08,0.7815641164779663,0.7873320070391091,0.7613764995139662,0.7642604447945377,224925771
2019-02-11,0.7902167439460754,0.8060784435440667,0.7858900618895571,0.7916587166368019,357488702
2019-02-12,0.810404360294342,0.8262660111828707,0.7931006413043635,0.7931006413043635,424066978
2019-02-13,0.7757962346076965,0.8291507508645976,0.7685863713254993,0.8190562260342208,389104021
2019-02-14,0.8060783743858337,0.8132882849699065,0.7671443510922603,0.7743542139273158,346116644
2019-02-15,0.8320346474647522,0.8363606129298203,0.7902166788919835,0.8060783771841704,277719449
2019-02-18,0.8161723613739014,0.8392446901412157,0.8118463952280794,0.836360744543351,215246012
2019-02-19,0.8046364784240723,0.81905620461131,0.7931006497252632,0.8132883141364149,228656929
2019-02-20,0.7974266409873962,0.8233821505137213,0.7945426954844712,0.807520497996657,296120548
2019-02-21,0.800310492515564,0.8089623280084156,0.7931006296048542,0.7959845747691381,232427830
2019-02-22,0.8017525672912598,0.8132883487317545,0.7974266015020534,0.8060784375824245,151506790
2019-02-25,0.8118463158607483,0.821940172215509,0.8060784252288965,0.8060784252288965,210997432
2019-02-26,0.8248240947723389,0.8305927492293397,0.8060784029870441,0.8104043685905882,174269005
2019-02-27,0.8248240947723389,0.8392445849383902,0.8219401495359887,0.832034674098496,157347788
2019-02-28,0.8406865000724792,0.8421285204229746,0.8204981196675072,0.8233820648704615,194874465
2019-03-01,0.8349186778068542,0.8406865686834982,0.8219402070990733,0.8277080979757173,222914190
2019-03-04,0.8579902052879333,0.8608741506051636,0.8291507521156312,0.8349186427500915,199947995
2019-03-05,0.8493384122848511,0.8781787263978875,0.842128596376216,0.8522223577479141,417388685
2019-03-06,0.8680847883224487,0.876736623902295,0.8536642983717492,0.8551062232193721,221914588
2019-03-07,0.8680847883224487,0.8882724046754233,0.8536642983717492,0.8709687335157308,257645273
2019-03-08,0.8623161315917969,0.8752946966593564,0.8478964056648471,0.8666420016208638,191409868
2019-03-11,0.8709686994552612,0.8767365896162638,0.862316100229498,0.8637580250207325,151075176
2019-03-12,0.8666420578956604,0.8796206238059742,0.8522223310323759,0.8781786988686668,168667430
2019-03-13,0.878178596496582,0.8796205212657997,0.8594321420262886,0.8608740667955063,177410047
2019-03-14,0.8825045824050903,0.8940403640686094,0.8738527461574509,0.8752947666144125,177644703
2019-03-15,0.9012501835823059,0.9041341287045113,0.8810625677268684,0.8825044925389542,159106480
2019-03-18,0.9488369226455688,0.9488369226455688,0.9070181396224689,0.9084608285234786,155860618
2019-03-19,0.9416263103485107,0.9646986385220105,0.9228806166958247,0.9546048769382927,214594687
2019-03-20,0.9257645606994629,0.9416263088024653,0.917112724142747,0.9243226356890337,156797266
2019-03-21,0.9185547828674316,0.9473950032407489,0.9127868915896497,0.9373003817711978,219168610
2019-03-22,0.8652001023292542,0.9300904466345347,0.8579901914038301,0.9257644809796725,290226990
2019-03-25,0.8406865000724792,0.8637580616961139,0.8089623388556898,0.8608741164931596,320345445
2019-03-26,0.8161723613739014,0.8536644181305396,0.8118463952280794,0.8464545063868529,269728834
2019-03-27,0.7512826919555664,0.8363606535546595,0.7483979349381168,0.8233820880428009,372639872
2019-03-28,0.7959846258163452,0.8132883456607691,0.767144408339676,0.7743542717127607,399280386
2019-03-29,0.800310492515564,0.8089623280084156,0.7757961946348695,0.7844480301277211,277661550
2019-04-01,0.7988684773445129,0.816172195156746,0.7613764282233,0.7974265048392448,298612842
2019-04-02,0.8147302269935608,0.8277080281197461,0.8003105010189306,0.8132883021451159,158457971
2019-04-03,0.8190562129020691,0.8291507375705978,0.8075204318355099,0.8089623567198105,151181596
2019-04-04,0.839244544506073,0.8421284896034833,0.8132882746451174,0.8176141445422163,186509479
2019-04-05,0.8565483093261719,0.8767366912133903,0.8277080911948662,0.8594322547408677,279572489
2019-04-08,0.833476722240448,0.8579902098172923,0.8190562315938488,0.850780394235176,179242538
2019-04-09,0.833476722240448,0.8565482849000854,0.8305927769079934,0.8464544284874737,138264070
2019-04-10,0.8349186778068542,0.8522223504367863,0.8320347323685322,0.8507804254666474,105991508
2019-04-11,0.830592691898346,0.8464543418544154,0.8248240378395219,0.8349185617052627,127763233
2019-04-12,0.8075204491615295,0.8118463194052851,0.793100674769923,0.8089623740767679,143576840
2019-04-15,0.8075204491615295,0.8190562304755985,0.8031944834197333,0.8046365038330123,140737231
2019-04-16,0.842128574848175,0.8450125202375134,0.8161723023597888,0.8161723023597888,176782188
2019-04-17,0.878178596496582,0.8882723563751984,0.8493382866496413,0.8493382866496413,295783149
2019-04-18,0.8608741164207458,0.8767366267689702,0.8551062260153223,0.8767366267689702,141828875
2019-04-19,0.8536642789840698,0.869526788920173,0.8478963887285009,0.8666419843100828,55075803
2019-04-22,0.8378025889396667,0.8478964453095027,0.8349186436194337,0.8464544249003659,66580292
2019-04-23,0.8378025889396667,0.8378025889396667,0.8378025889396667,0.8378025889396667,0
2019-04-24,0.8349186778068542,0.8507804254666474,0.8233821320692122,0.8334767528367154,203081159
2019-04-25,0.7974266409873962,0.8435705330185675,0.7887740404942502,0.8421286080161282,217662996
2019-04-26,0.7931007146835327,0.8075204898008292,0.7786802233308955,0.8017525988535197,201076833
2019-04-29,0.7613765597343445,0.7959846698228105,0.7599345869800073,0.793100724314136,258456518
2019-04-30,0.770028293132782,0.7743542108164364,0.7599344852042549,0.7628184303266912,262924066
2019-05-01,0.770028293132782,0.770028293132782,0.770028293132782,0.770028293132782,0
2019-05-02,0.7483978867530823,0.7786801220199431,0.7469559142038642,0.7743542043722887,139125141
2019-05-03,0.7498406767845154,0.757050539585883,0.7411880296895874,0.7469559199306816,131127220
2019-05-06,0.757050633430481,0.7628185243865674,0.7267683941776396,0.7325362851337262,148249873
2019-05-07,0.7310943007469177,0.745514027907399,0.7238844371666772,0.7253264098827252,239102911
2019-05-08,0.7498406767845154,0.757050539585883,0.7310942217676727,0.7339781668882198,233287390
2019-05-09,0.7325361371040344,0.7599344253422318,0.7310941646564042,0.7570504804469713,193114667
2019-05-10,0.7339781522750854,0.7498406618555664,0.7296522346803916,0.7411880149329084,135660845
2019-05-13,0.7137905359268188,0.7397460414620235,0.7109065908673516,0.7354201238728227,264009655
2019-05-14,0.73974609375,0.742630039013315,0.7166745316434796,0.7166745316434796,222993783
2019-05-15,0.7296523451805115,0.7426300999299718,0.7181165631809912,0.7411881271800318,186963259
2019-05-16,0.7210004925727844,0.7397461379032029,0.7181165471373354,0.728210356161407,243788371
2019-05-17,0.7195584774017334,0.7267683405649803,0.7123486142384866,0.7152325595037854,188067231
2019-05-20,0.7238844037055969,0.7282103216537785,0.7166745404586274,0.7181165131080214,168527639
2019-05-21,0.7166746258735657,0.731094354086081,0.7094639977828998,0.7267684356223264,178775669
2019-05-22,0.702254056930542,0.7238844108698418,0.700812084266877,0.7123486295605217,145972469
2019-05-23,0.702254056930542,0.705138002257872,0.6907182756212219,0.6950441936122169,145680247
2019-05-24,0.7267683744430542,0.7310942925426536,0.70657999266058,0.7094639380603129,249434190
2019-05-27,0.7152325510978699,0.7426300307962134,0.7094638966507616,0.7325362224862974,134464464
2019-05-28,0.7224424481391907,0.7354202022906097,0.7195585027722087,0.7195585027722087,156086247
2019-05-29,0.7094640135765076,0.7238845060944503,0.7080220407231558,0.7181166146810433,223488256
2019-05-30,0.7455140352249146,0.7483979806853179,0.718116553351083,0.718116553351083,272241844
2019-05-31,0.7339781522750854,0.7483978775907313,0.7310942072119563,0.7455139325276021,238047488
2019-06-03,0.7109066247940063,0.7210004329838491,0.7036959978169715,0.7123485973925553,187817208
2019-06-04,0.7109066247940063,0.7109066247940063,0.7109066247940063,0.7109066247940063,0
2019-06-05,0.7109066247940063,0.7109066247940063,0.7109066247940063,0.7109066247940063,0
2019-06-06,0.7109066247940063,0.7109066247940063,0.7109066247940063,0.7109066247940063,0
2019-06-07,0.746955931186676,0.7512826606659835,0.7123485892186079,0.7123485892186079,250597205
2019-06-10,0.7613765597343445,0.7685864235060306,0.7426301021945646,0.7498407776996466,266968584
2019-06-11,0.7411880493164062,0.7685863404204026,0.7354201589225771,0.7642604226250308,266570487
2019-06-12,0.7368621230125427,0.7498406879821039,0.7325362052671219,0.7411880407579635,205717006
2019-06-13,0.7166746258735657,0.731094354086081,0.7152326530523141,0.7296523812648295,174588304
2019-06-14,0.7310943007469177,0.7354202188950621,0.7181165463024847,0.7210004917345809,215496052
2019-06-17,0.757050633430481,0.7599345789085242,0.7282103669166613,0.7296523396556829,186881366
2019-06-18,0.7902167439460754,0.7931006893275284,0.7556086353843012,0.7556086353843012,259187020
2019-06-19,0.7974266409873962,0.804636552493732,0.7743543129796251,0.7858900949913251,253490324
2019-06-20,0.800310492515564,0.8219401289967107,0.79742654735128,0.8118462731726994,299503490
2019-06-21,0.810404360294342,0.8176141755623906,0.7873319869064174,0.7974265591146036,186568772
2019-06-24,0.8406865000724792,0.8666420068990682,0.8305927396111572,0.8652000820466094,390059196
2019-06-25,0.8579902052879333,0.8680848256315812,0.8320346974328614,0.8363606631577268,418095193
2019-06-26,0.8507804274559021,0.8623162092361626,0.8421285911207068,0.8579902433195427,100123816
2019-06-27,0.8551062345504761,0.868084799825533,0.849338344087481,0.853664309683746,133515394
2019-06-28,0.8738527297973633,0.8781786955892149,0.8551062732117422,0.8608741639355164,134497618
2019-07-01,0.9142286777496338,0.922880513351723,0.8969242425611644,0.8969242425611644,167926762
2019-07-02,0.9171126484870911,0.9272065047196073,0.9026921580977832,0.9099028330336127,148360626
2019-07-03,0.9113448262214661,0.9185547377132955,0.9026922257457287,0.915670792216173,97546174
2019-07-04,0.9099027514457703,0.9171125662527693,0.8983662073719038,0.912786696468176,103445116
2019-07-05,0.9488369226455688,0.9546048133083865,0.9012502489596512,0.9070181396224689,294576329
2019-07-08,0.9387421607971191,0.9488367796692797,0.9272063812097626,0.9344161957028473,134766091
2019-07-09,0.9070181846618652,0.9430682193299015,0.9055761641755347,0.9329744579177695,189339872
2019-07-10,0.9373001456260681,0.9401840905383727,0.8983661730747547,0.9041340628993639,223467006
2019-07-11,0.9156706929206848,0.9488368742744407,0.9070180933832369,0.9445101447645555,176670390
2019-07-12,0.8810626268386841,0.9358583518211836,0.8767366611161236,0.9156707346113285,206650881
2019-07-15,0.8810626268386841,0.8810626268386841,0.8810626268386841,0.8810626268386841,0
2019-07-16,0.8882724642753601,0.9026921912092831,0.8796206281150063,0.8911564096621447,136345081
2019-07-17,0.9099027514457703,0.9156706414905816,0.8810625372374696,0.8940402420892799,127651769
2019-07-18,0.9286484122276306,0.9315323574546448,0.9041341615627301,0.9099028160010566,135534231
2019-07-19,0.9257645606994629,0.9459521793317999,0.9156707991323179,0.937300342775084,160262868
2019-07-22,0.8969242572784424,0.9286484189909431,0.8969242572784424,0.9214386036199173,140112810
2019-07-23,0.9099027514457703,0.919996511275175,0.8925983173270924,0.8969241871116856,177759762
2019-07-24,0.9272065162658691,0.9315323864922171,0.899808224021862,0.9084608239569203,163373593
2019-07-25,0.9127867817878723,0.9373002690206218,0.9026921615326324,0.9286484331447032,244250590
2019-07-26,0.9257645606994629,0.9329744722457496,0.9084608875860312,0.9185547446512231,153996056
2019-07-29,0.9243225455284119,0.9344163061109875,0.9214386002908135,0.9272064907660102,114532185
2019-07-30,0.9127867817878723,0.9300904535397094,0.9041341819276386,0.9272065082477365,107001232
2019-07-31,0.9012501835823059,0.9142286528674834,0.8868304579712791,0.9142286528674834,120788247
2019-08-01,0.8998081684112549,0.9070180790069631,0.8839465178975517,0.8853884427178729,148555905
2019-08-02,0.8695268630981445,0.8969242964003117,0.8666420582419562,0.8940403510265025,121352613
2019-08-05,0.8623161315917969,0.8752946966593564,0.8551062208793041,0.8637580564354739,122715963
2019-08-06,0.8623161315917969,0.8767366215030336,0.856548241221017,0.8652000767771868,180684447
2019-08-07,0.8565483093261719,0.8767366912133903,0.8435705072110191,0.8680848549693029,216913501
2019-08-08,0.8478964567184448,0.8637581084441344,0.8291507641356753,0.862316183513636,178027318
2019-08-09,0.8320346474647522,0.846454373184922,0.8204981029043402,0.846454373184922,196320019
2019-08-12,0.8320346474647522,0.8320346474647522,0.8320346474647522,0.8320346474647522,0
2019-08-13,0.8320346474647522,0.8320346474647522,0.8320346474647522,0.8320346474647522,0
2019-08-14,0.8320346474647522,0.8320346474647522,0.8320346474647522,0.8320346474647522,0
2019-08-15,0.7801221609115601,0.8161722894410336,0.7786801882397151,0.8147302690201681,232855027
2019-08-16,0.7743542194366455,0.7887739452093493,0.7671443565502937,0.7858900000548085,190848330
2019-08-19,0.7772382497787476,0.7974266320575167,0.7729123315728033,0.7815641679846919,154225623
2019-08-20,0.7714703679084778,0.7916587504246231,0.7685864224039387,0.7757962861652864,215232568
2019-08-21,0.7685863375663757,0.7743542279387867,0.7556085842284511,0.7700283101594785,178047595
2019-08-22,0.7714703679084778,0.7830061499266342,0.7628185313948604,0.7700283951562082,153378935
2019-08-23,0.7916586995124817,0.7945426448315522,0.7700283456351306,0.7743542636137363,186283661
2019-08-26,0.7974266409873962,0.8031945319932463,0.7757962857310876,0.7757962857310876,192954598
2019-08-27,0.7858900427818298,0.7988685606671541,0.7830060974704957,0.7974265880114869,213163682
2019-08-28,0.7916586995124817,0.7945426448315522,0.7830060995709478,0.7887739902090888,135722221
2019-08-29,0.7931007146835327,0.8046365443271745,0.7873320597518598,0.7887740324886872,150526615
2019-08-30,0.7931007146835327,0.7931007146835327,0.7931007146835327,0.7931007146835327,0
2019-09-02,0.8161723613739014,0.8204982320216737,0.7945427216408909,0.7945427216408909,167100362
2019-09-03,0.8320346474647522,0.846454373184922,0.8104043426492387,0.8118462674722383,212479535
2019-09-04,0.8709686994552612,0.8738526445357625,0.8421284846659888,0.8421284846659888,223769645
2019-09-05,0.8666420578956604,0.8781786988686668,0.8565482968403823,0.8724108081233529,198355988
2019-09-06,0.8435704112052917,0.8594321569299342,0.8406864661188143,0.8565482118434568,190951405
2019-09-09,0.8579902052879333,0.8695268460392165,0.8507803897438779,0.8522223146534729,198341539
2019-09-10,0.8623161315917969,0.8738526763176436,0.8551062208793041,0.856548241221017,158232025
2019-09-11,0.8695268630981445,0.8853885149050745,0.863758112868147,0.8666420582419562,167658373
2019-09-12,0.8954823613166809,0.9070181426812185,0.8738527235091523,0.8738527235091523,241502712
2019-09-13,0.9012501835823059,0.9041341287045113,0.8868304579712791,0.896924218149981,143625005
2019-09-16,0.9026921391487122,0.9113447387943887,0.8897144334056603,0.8897144334056603,174508339
2019-09-17,0.8810626268386841,0.9041341893642327,0.8695268455759098,0.9012502440485392,191331064
2019-09-18,0.8652001023292542,0.8738527021252493,0.8536643212470066,0.8724107772389877,265482042
2019-09-19,0.8406865000724792,0.8666420068990682,0.8378025548695248,0.8652000820466094,200803517
2019-09-20,0.8450124263763428,0.8551061863688244,0.8378025159548285,0.8421284813073435,188782333
2019-09-23,0.8349186778068542,0.8507804254666474,0.8305928073983934,0.8464544595601423,150008298
2019-09-24,0.8551062345504761,0.8623161453782386,0.8464543988559834,0.849338344087481,188326920
2019-09-25,0.8695268630981445,0.8709687880360282,0.8507804064350262,0.8507804064350262,211890625
2019-09-26,0.8695268630981445,0.883946589967191,0.8666420582419562,0.8709687880360282,156638247
2019-09-27,0.9156706929206848,0.9358583092113943,0.8724107511705922,0.8724107511705922,386172869
2019-09-30,0.9055761098861694,0.9272065113824286,0.901250239682605,0.9228805456808244,201885189
2019-10-01,0.8882724642753601,0.9127868117963909,0.8796206281150063,0.9055761365960677,191203767
2019-10-02,0.8825045824050903,0.8925984391096913,0.8738527461574509,0.883946602862052,170368129
2019-10-03,0.8767366409301758,0.896924257675232,0.8666420208243247,0.885388476678057,192631499
2019-10-04,0.8868305683135986,0.8911564387861285,0.8781787318704931,0.8810626773515283,138882241
2019-10-07,0.8724108338356018,0.9012502884121457,0.8680848679000978,0.8796206497307154,262859784
2019-10-08,0.8623161315917969,0.8752946966593564,0.8392445701086774,0.8637580564354739,289124006
2019-10-09,0.8378025889396667,0.8695268469445936,0.8363606640285703,0.8637580968217644,210211853
2019-10-10,0.8551062345504761,0.8565482549152436,0.8262660182512014,0.8378025631614907,236410160
2019-10-11,0.8608741164207458,0.8695268115112091,0.8536643011629846,0.8608741164207458,120588279
2019-10-14,0.8075204491615295,0.8507803930736131,0.8075204491615295,0.8450125024165787,252565960
2019-10-15,0.8219401836395264,0.8363606744039055,0.8147302725004821,0.8305927836918867,203315093
2019-10-16,0.8219401836395264,0.8320347086208706,0.7887740003120655,0.7887740003120655,68605245
2019-10-17,0.8435704112052917,0.8464543562917692,0.8075203813890786,0.821940106821466,23652703
2019-10-18,0.8752946257591248,0.8796204954377895,0.869526735855553,0.8724106808073389,34761688
2019-10-21,0.8565483093261719,0.8738527457986944,0.8522223434551065,0.8738527457986944,52558182
2019-10-22,0.8652001023292542,0.8781786677801114,0.8522223008627064,0.8594322117881305,89998583
2019-10-23,0.8767366409301758,0.8810626065531354,0.8680848051822945,0.8752947160545479,106553141
2019-10-24,0.8724108338356018,0.8882724861036785,0.8680848679000978,0.8853885406460241,123825363
2019-10-25,0.8709686994552612,0.8767365896162638,0.8680847543747598,0.8695267746640267,41392720
2019-10-28,0.8623161315917969,0.8695268062885766,0.8623161315917969,0.8666420016208638,21885655
2019-10-30,0.8478964567184448,0.8594322381545978,0.8450125113594066,0.8478964567184448,69327858
2019-10-31,0.8378025889396667,0.8536643359499688,0.8305927733881042,0.849338370220599,75042915
2019-11-01,0.839244544506073,0.8435704144031719,0.8291506889161209,0.8378025242083514,61555005
2019-11-04,0.8579902052879333,0.8637580959223938,0.8493383693362427,0.8522223146534729,66742894
2019-11-05,0.8594322204589844,0.8637580906594517,0.8565482751593263,0.8594322204589845,60079318
2019-11-06,0.8738527297973633,0.8781786955892149,0.8579902185736292,0.8608741639355164,82335839
2019-11-07,0.8954823613166809,0.8983663066578153,0.8868305252932777,0.889714470634412,149156171
2019-11-08,0.8897144198417664,0.8969242350339829,0.8882723995045018,0.8925983650182601,93136258
2019-11-11,0.8868305683135986,0.8925984592756689,0.8781787318704931,0.8796206568619879,77701322
2019-11-12,0.8998081684112549,0.9055760586886077,0.8882723878565493,0.8882723878565493,110982640
2019-11-13,0.9041341543197632,0.9041341543197632,0.8969242435609671,0.8998081887648782,70411020
2019-11-14,0.8911563754081726,0.9041341768988883,0.8853884848563077,0.8954823410710908,93850038
2019-11-15,0.9026921391487122,0.9070181047284208,0.8925983786261203,0.8954823238465804,104811477
2019-11-18,0.9199965596199036,0.9199965596199036,0.9084607789240892,0.9084607789240892,99451475
2019-11-19,0.9214386343955994,0.9243225797399399,0.9127867983625778,0.917112668630068,76402243
2019-11-20,0.9099027514457703,0.9257644013199864,0.9070180424391208,0.9185545865129874,113944108
2019-11-21,0.9055761098861694,0.911344764473933,0.8998082192827237,0.9055761098861694,57665851
2019-11-22,0.9012501835823059,0.915670673177603,0.896924218149981,0.9070180738267166,63939946
2019-11-25,0.8767366409301758,0.9084608026567109,0.8680848051822945,0.9055760934231132,111369271
2019-11-26,0.8911563754081726,0.8940403206841051,0.8709687584766453,0.8709687584766453,112778271
2019-11-27,0.8839465975761414,0.8897144883734095,0.8781787067788731,0.888272467925071,56208714
2019-11-28,0.8897144198417664,0.8925983650182601,0.8839465294887789,0.8839465294887789,50767630
2019-11-29,0.8868305683135986,0.9012502957187744,0.8853885478240582,0.895482404756704,64079526
2019-12-02,0.8911563754081726,0.8954823410710908,0.8882724301322402,0.8925983957951583,62275668
2019-12-03,0.8796206116676331,0.8998082289976521,0.8796206116676331,0.8868305227488031,81583382
2019-12-04,0.8882724642753601,0.8911564096621447,0.8781787031706352,0.8781787031706352,54804070
2019-12-05,0.9026921391487122,0.9041341595079607,0.8911563582668718,0.8954823238465804,83624168
2019-12-06,0.8954823613166809,0.904134197340084,0.8911563955559587,0.9012502519989497,93326004
2019-12-09,0.8853884935379028,0.8925984045474495,0.8825045482336921,0.8911563841463244,58347187
2019-12-10,0.878178596496582,0.889714376642447,0.8738526311928673,0.882504466302266,69994312
2019-12-11,0.8738527297973633,0.8825045658830248,0.8724108048654405,0.8767366751592505,60927812
2019-12-12,0.8925984501838684,0.894040375160676,0.8796206479023763,0.8810626683772286,104833026
2019-12-13,0.8998081684112549,0.9185546235459434,0.8969242232725785,0.9055760586886077,250156498
2019-12-16,0.8969242572784424,0.9055760930224961,0.8954823324034523,0.8983662776514703,94409138
2019-12-17,0.8868305683135986,0.9055761661913043,0.8853885478240582,0.899808275229234,112906424
2019-12-18,0.8868305683135986,0.8940403842671637,0.8796206568619879,0.8810626773515283,48066568
2019-12-19,0.8853884935379028,0.8954823498516603,0.8839465686348174,0.8911563841463244,48589663
2019-12-20,0.8868305683135986,0.8897145137946337,0.8839466228325634,0.8882724933050934,65942677
2019-12-23,0.8911563754081726,0.8925983957951583,0.8853884848563077,0.8882724301322402,47383348
2019-12-24,0.9041341543197632,0.9055760791727006,0.894040298357056,0.8969242435609671,252031649
2019-12-25,0.9127867817878723,0.9142287066848391,0.9026921615326324,0.9041341819276386,96029916
2019-12-26,0.9099027514457703,0.919996511275175,0.902692077156497,0.9142286212303636,141364585
2019-12-27,0.9041341543197632,0.9142286787687258,0.9012502091158521,0.9142286787687258,70860394
2019-12-30,0.9286484122276306,0.9358583230441848,0.9070181067897443,0.9070181067897443,205536854
2019-12-31,0.9243225455284119,0.9473948714134999,0.9214386002908135,0.9286484156357906,171220717
2020-01-02,0.9401842355728149,0.9401842355728149,0.9272065292144942,0.9286484541440669,108623355
2020-01-03,0.9099027514457703,0.9373001814096091,0.902692077156497,0.928648346342392,161730565
2020-01-06,0.8868305683135986,0.9026922207102691,0.8810626773515283,0.8940403842671637,98042714
2020-01-07,0.8897144198417664,0.9041341457242349,0.8853884543280081,0.8983662553712475,106591685
2020-01-08,0.8940404057502747,0.899808296850943,0.8738527868979354,0.8752948074221265,127253149
2020-01-09,0.9589306712150574,0.9632566369055159,0.9156707278163538,0.9171126527144804,343782708
2020-01-10,0.9603726863861084,0.9848861735052041,0.9560467207191863,0.9618146112763899,284856104
2020-01-13,0.9733504056930542,0.9863289713574644,0.970466460375039,0.970466460375039,183101332
2020-01-14,0.9935387372970581,1.0021905728191258,0.9661405419085778,0.9719084322566229,241262006
2020-01-15,0.9920969009399414,1.0036326826648587,0.9719085189369844,0.9935388259065341,180191418
2020-01-16,1.0166102647781372,1.0339147947273641,0.9964226492333783,0.9978646695213058,236802047
2020-01-17,1.0209362506866455,1.0339148155312703,1.0007486347356818,1.0252621206414063,94002957
2020-01-20,1.0310310125350952,1.0512186312691583,1.0252622619857936,1.0252622619857936,86734477
2020-01-21,1.0454506874084473,1.0483346327962495,1.019494319435844,1.019494319435844,136285788
2020-01-22,1.0425666570663452,1.0670809071004221,1.035356746435323,1.0541024376775527,141927612
2020-01-23,1.0483345985412598,1.0584283593197263,1.0324728516776187,1.035356796971186,113456279
2020-01-24,1.0584282875061035,1.0728487769798365,1.0382406718208466,1.0613122326039974,166771746
2020-01-27,1.0483345985412598,1.062754229511058,1.0425667079541248,1.0454506532476922,85133743
2020-01-28,1.0454506874084473,1.0584283939045362,1.0367988512450406,1.0569863734616138,84483028
2020-01-29,1.038240909576416,1.0541026589961648,1.035356963818103,1.0497766926096679,66943629
2020-01-30,1.0411248207092285,1.0483347326142527,1.0209364370880196,1.029589038059631,99857794
2020-01-31,1.0512186288833618,1.0786168276241925,1.038240826263323,1.0454507378295772,256063483
2020-02-03,1.0541024208068848,1.0598702155221416,1.0367987501670146,1.0483345305935947,94574296
2020-02-04,1.0915944576263428,1.0959203274835916,1.0670808767751583,1.0699648218460016,132818253
2020-02-05,1.0858266353607178,1.1045722317439886,1.084384614986138,1.0930364507395025,152476498
2020-02-06,1.0815006494522095,1.101688265831455,1.0786167042551744,1.0944784505878855,102183064
2020-02-07,1.0742908716201782,1.098804358899626,1.0742908716201782,1.088710598107512,79216613
2020-02-10,1.0569863319396973,1.0786167332318624,1.0353567901298817,1.0656390272455807,125165047
2020-02-11,1.0656390190124512,1.0714069095169112,1.0411246726351726,1.0685229642646812,115170500
2020-02-12,1.0367989540100098,1.0641963901606766,1.0367989540100098,1.0613124444870246,181195059
2020-02-13,1.0209362506866455,1.0281469252595663,0.9949807444639779,1.0238201958224975,147966673
2020-02-14,1.0079584121704102,1.0339147769056933,1.0065164874053696,1.0252620823390814,103997416
2020-02-17,1.000748634338379,1.0137263396955434,0.9978646892036719,1.0050745042914224,58812722
2020-02-18,0.9949808120727539,1.0065165934000162,0.9747924307657193,0.9935387916578258,86711750
2020-02-19,0.9892128705978394,1.0021905761753844,0.9805602710625109,0.9949807609652007,65296307
2020-02-20,0.9416263103485107,0.9920969327299944,0.9286485077431055,0.9834443321746966,180619349
2020-02-21,0.9329744577407837,0.9488369695815468,0.9142287644103154,0.9329744577407837,181618456
2020-02-24,0.9055761098861694,0.91855467547726,0.894040328679278,0.91855467547726,104002249
2020-02-25,0.8983662128448486,0.9156706470689471,0.8940402475358706,0.9113446817599691,90009294
2020-02-26,0.9113448262214661,0.9142287717185886,0.8882724982601158,0.894040389254361,126800580
2020-02-27,0.8810626268386841,0.911344768888768,0.8767366611161236,0.8983662987328456,109128672
2020-02-28,0.833476722240448,0.8551062644848377,0.8003105391838731,0.8075204502640301,121264554
2020-03-02,0.8378025889396667,0.8551062608610652,0.8291507529789675,0.8392446093488034,98448689
2020-03-03,0.8724108338356018,0.8796206497307154,0.8478964857121579,0.8478964857121579,140292540
2020-03-04,0.8868305683135986,0.9185547325893506,0.8738527658999176,0.8767367113809528,161194060
2020-03-05,0.8882724642753601,0.9070181570384813,0.8853885188885755,0.9055761365960677,103425238
2020-03-06,0.8652001023292542,0.8925983941329207,0.8450124854353211,0.8882724284780587,117090611
2020-03-09,0.8190562129020691,0.8435704639037968,0.8104043771021497,0.8435704639037968,111655821
2020-03-10,0.8147302269935608,0.849338333316963,0.8075204117552638,0.8320346621474066,100404844
2020-03-11,0.8147302269935608,0.8147302269935608,0.8147302269935608,0.8147302269935608,0
2020-03-12,0.7584925293922424,0.7902166904238522,0.744071991728336,0.7844480360673246,117438665
2020-03-13,0.7743542194366455,0.8060783801208726,0.7368621206943196,0.7469559287352121,158892623
2020-03-16,0.7282103300094604,0.7483979473326131,0.7152325760160052,0.7426300566688552,161217231
2020-03-17,0.7411880493164062,0.7440719945133207,0.663319953282115,0.7267683233318334,216513698
2020-03-18,0.7253263592720032,0.7556085959294002,0.7123486057331121,0.7210004414257062,402766904
2020-03-19,0.7065799236297607,0.7310942211168582,0.689276252921882,0.7137905504089794,223891659
2020-03-20,0.6993700861930847,0.7238843845690396,0.6936021957479888,0.7195584667352176,133682007
2020-03-23,0.6561101675033569,0.7022541078176916,0.6532262219670488,0.6806245162953802,212812573
2020-03-24,0.6964861750602722,0.7008120931058276,0.6676459096898809,0.6791825028780505,286799198
2020-03-25,0.6849504113197327,0.7152326024061167,0.6791825204431555,0.7065800021068971,280663878
2020-03-26,0.6993700861930847,0.7022540314156327,0.6748565518014268,0.6806244422465227,280125989
2020-03-27,0.6777404546737671,0.7022539875336393,0.6734145371102602,0.6993700424913014,188167962
2020-03-30,0.6748565435409546,0.6835083791026972,0.663319951058659,0.6734145709473308,176215210
2020-03-31,0.6820664405822754,0.689276303910569,0.673414604588323,0.6849503859135928,166086355
2020-04-01,0.6662039160728455,0.676298536261944,0.6633199707997687,0.6662039160728455,176007909
2020-04-02,0.6647619605064392,0.6734146082811868,0.6575520971386082,0.6734146082811868,118596802
2020-04-03,0.6589940786361694,0.6662039421005412,0.6575521059432952,0.6662039421005412,98020554
2020-04-06,0.6863923668861389,0.6892763122523585,0.6647619649061356,0.6690878829554652,174310571
2020-04-07,0.6849504113197327,0.7051380293877527,0.6835084386005884,0.6950442203537427,290247734
2020-04-08,0.6820664405822754,0.6835084132479341,0.673414604588323,0.679182495250958,132924389
2020-04-09,0.7253263592720032,0.7253263592720032,0.6892762799018954,0.6950441703636249,427986742
2020-04-10,0.7339781522750854,0.7498406618555664,0.7137905368331813,0.725326317085698,353278832
2020-04-13,0.7238844037055969,0.7339782122513541,0.7123486225104458,0.7210004584068092,249512094
2020-04-14,0.7267683744430542,0.7339782379423865,0.7238844290433213,0.7310942925426536,222071607
2020-04-15,0.6964861750602722,0.7282103380453462,0.6921602570147167,0.7282103380453462,231874130
2020-04-16,0.6964861750602722,0.7022540657876795,0.6892763116510131,0.6964861750602722,149887867
2020-04-17,0.7137905359268188,0.723884343634954,0.7065799092938972,0.7181164535160196,230023868
2020-04-20,0.7166746258735657,0.7238844899798234,0.7109067345885595,0.7152326530523141,164805270
2020-04-21,0.6993700861930847,0.7123486036788476,0.6979281135818107,0.7094638944720028,165423752
2020-04-22,0.6936021447181702,0.7109065787646301,0.6921601722129852,0.7036959522544648,166916877
2020-04-24,0.6993700861930847,0.7051379766381808,0.6863923326916187,0.6921602231367148,195344605
2020-04-27,0.7181165218353271,0.7195584945022454,0.708021949182573,0.708021949182573,288277740
2020-04-28,0.7195584774017334,0.7339782037282271,0.7166745321364347,0.7224424226670322,308838867
2020-04-29,0.7224424481391907,0.7224424481391907,0.7123486393547537,0.7181165300887177,199397695
2020-04-30,0.7152325510978699,0.7282103046391906,0.706579951419357,0.7267683320234882,309550853
2020-05-04,0.702254056930542,0.7080219475852021,0.6993701116032119,0.705138002257872,128873494
2020-05-05,0.7080219388008118,0.7166745386597742,0.7036960208634883,0.7065799661550373,198113243
2020-05-06,0.7036960124969482,0.7137905848816665,0.7022540398683179,0.7065799577542089,162330314
2020-05-07,0.7065799236297607,0.7109066052909996,0.7008120333938012,0.7036959785117809,147924374
2020-05-08,0.702254056930542,0.7166745475515167,0.700812084266877,0.7109066568968567,234601614
2020-05-11,0.702254056930542,0.7080219475852021,0.697928138939547,0.705138002257872,141328796
2020-05-12,0.7109066247940063,0.7137905699911042,0.6993700800213245,0.7022540252184224,211527465
2020-05-13,0.7094640135765076,0.7210005603877467,0.706580067869804,0.7094640135765076,227993037
2020-05-14,0.6964861750602722,0.7022540657876795,0.6950442023784204,0.6993701204239758,229435524
2020-05-15,0.6907182931900024,0.7022540747927412,0.6849504023886331,0.6993701293920566,150565248
2020-05-18,0.6936021447181702,0.6993700347389099,0.6892762272026153,0.6950441172233551,118616358
2020-05-20,0.6950441598892212,0.7008120502640277,0.6950441598892212,0.6979281050766245,119501595
2020-05-21,0.6950441598892212,0.7022540228577294,0.6950441598892212,0.6950441598892212,117868278
2020-05-22,0.6921601891517639,0.6979280793136575,0.6907182166112905,0.6936021616922373,79925871
2020-05-27,0.7036960124969482,0.7109066396244058,0.7008120672396876,0.7022540398683179,230500691
2020-05-28,0.7123485207557678,0.7224423278596858,0.7051378945544756,0.7080218394413094,298362052
2020-05-29,0.7137905359268188,0.7210003985754868,0.7109065908673516,0.7109065908673516,256052711
2020-06-01,0.7325361371040344,0.7325361371040344,0.7195583850753625,0.7210003575229927,211234560
2020-06-02,0.7339781522750854,0.7411880149329084,0.7267682896172625,0.7339781522750854,207393877
2020-06-03,0.73974609375,0.742630039013315,0.7339782032233699,0.7354201758550274,238433269
2020-06-04,0.7354201674461365,0.7426300305219856,0.7339781948309667,0.7411880579068157,224377049
2020-06-05,0.7411880493164062,0.7411880493164062,0.7339781863241198,0.7368621315210344,187132000
2020-06-08,0.73974609375,0.7498407139049295,0.7383041211183424,0.742630039013315,205556098
2020-06-09,0.7368621230125427,0.7455139585033843,0.7325362052671219,0.7440719859215773,129802542
2020-06-10,0.73974609375,0.7455139842766301,0.7354201758550274,0.736862148486685,311711509
2020-06-11,0.7354201674461365,0.7440720031371554,0.7282103043702874,0.7325362222157968,206767295
2020-06-12,0.7426300644874573,0.7426300644874573,0.728210337676248,0.7310942830384898,171540116
2020-06-15,0.7354201674461365,0.7368621400613063,0.7310942496006271,0.7354201674461365,110448262
2020-06-16,0.7455140352249146,0.7527247106093052,0.7397461443041079,0.7411881170343096,272953735
2020-06-17,0.738304078578949,0.7455139413218207,0.7354201334818002,0.7455139413218207,157683187
2020-06-18,0.7426300644874573,0.7440720371685782,0.7354202010818526,0.7368621737629736,162232555
2020-06-19,0.762818455696106,0.7685863461328041,0.744072000043523,0.7483979178710466,446852115
2020-06-22,0.7931007146835327,0.8060784693149792,0.7757962778572407,0.784448114278205,470269962
2020-06-23,0.7858900427818298,0.8060784239454895,0.7830060974704957,0.8017525537275082,198435076
2020-06-24,0.7714703679084778,0.7887740409357124,0.7714703679084778,0.7858900954311733,202433328
2020-06-25,0.7685863375663757,0.7772381731249921,0.7628184471939647,0.7657023923801702,158613773
2020-06-26,0.7729122042655945,0.7786800942568181,0.7685862867721768,0.7729122042655945,111947849
2020-06-29,0.8031944632530212,0.8104043741423073,0.771470301451541,0.7743542467076479,321100735
2020-06-30,0.8075204491615295,0.8147302647338024,0.7974265927626989,0.8104043944900468,269187272
2020-07-01,0.7873319983482361,0.8089623516980698,0.7830060804751301,0.8075204268227202,300635673
2020-07-02,0.7902167439460754,0.8003105527811607,0.7858900618895571,0.7873320345802836,435048821
2020-07-03,0.7743542194366455,0.7931006269254393,0.7700283017048344,0.7916586543481688,269141979
2020-07-06,0.7887739539146423,0.7945426082716683,0.7786801457623496,0.785890008728273,230574812
2020-07-07,0.7772382497787476,0.7931007138515724,0.7757962770434328,0.7916587411162577,291335356
2020-07-08,0.7757962346076965,0.7801221525770149,0.7714703166383783,0.7757962346076965,187553241
2020-07-09,0.7714703679084778,0.7931007231768926,0.7700283951562082,0.7757962861652864,311131976
2020-07-10,0.7584925293922424,0.7671443649506031,0.7426300191352759,0.7642604197644829,253269168
2020-07-13,0.7757962346076965,0.7757962346076965,0.7584925627304232,0.7657024260126205,235606138
2020-07-14,0.764260470867157,0.7743542796935057,0.7613765254882002,0.7700283616250705,178166998
2020-07-16,0.7714703679084778,0.7815641771743647,0.7671444496516692,0.7671444496516692,206676375
2020-07-17,0.7671443819999695,0.7757962177506125,0.7657024093748622,0.7729122725003982,115375523
2020-07-20,0.7671443819999695,0.7729122725003982,0.7628184641246479,0.7642604367497551,139403213
2020-07-21,0.7657023668289185,0.7830060373687331,0.7599344766489802,0.7714702570088566,297623778
2020-07-22,0.7657023668289185,0.7714702570088566,0.7628184217389493,0.7657023668289185,183895554
2020-07-23,0.7671443819999695,0.7729122725003982,0.7642604367497551,0.7685863546250766,110819105
2020-07-24,0.762818455696106,0.7657024009144551,0.7584925378685824,0.762818455696106,84650358
2020-07-27,0.7541666626930237,0.7671444169095525,0.7541666626930237,0.765702444218827,123157993
2020-07-28,0.7267683744430542,0.7584925855734815,0.7253264017431877,0.7556086401737486,154834206
2020-07-29,0.702254056930542,0.7282103288608368,0.693602220948552,0.7253263835335069,326698849
2020-07-30,0.6921601891517639,0.703695969475551,0.6892762440708171,0.7022539969350776,119561350
2020-08-04,0.6734145879745483,0.7065799584664779,0.6633199678306351,0.6979281226859745,367569080
2020-08-05,0.6921601891517639,0.6950441342327107,0.6662038716899674,0.6705297893113876,314851723
2020-08-06,0.6647619605064392,0.696486171058246,0.6633199878328729,0.6835084169961502,321407390
2020-08-07,0.6791824102401733,0.6806243827253456,0.6402483414072772,0.664761873655206,382758305
2020-08-10,0.6863923668861389,0.6964861756679077,0.6719726400550406,0.6820664488368094,238308161
2020-08-11,0.7339781522750854,0.7354201248066501,0.695044129938587,0.695044129938587,292160678
2020-08-12,0.7296523451805115,0.7411881271800318,0.715232617681111,0.7354202361802716,279648116
2020-08-13,0.7137905359268188,0.7354201238728227,0.7123485633970853,0.7267682886944211,178699460
2020-08-14,0.6993700861930847,0.7109066310675736,0.6936021957479888,0.7080219218607288,152537074
2020-08-17,0.700812041759491,0.7109066137771897,0.6892762611498676,0.6950441514546792,179542065
2020-08-18,0.7123485207557678,0.7181164105294352,0.6964860598939746,0.6993700047808082,187014924
2020-08-19,0.7339781522750854,0.7354201248066501,0.7166744818963104,0.7166744818963104,232322221
2020-08-20,0.7267683744430542,0.7368621833421194,0.7181165382438555,0.7339782379423865,230403288
2020-08-21,0.7238844037055969,0.7527246684268115,0.722442431056203,0.735420184900748,453758441
2020-08-24,0.7181165218353271,0.7296523031706731,0.7152325765014906,0.7253263851699183,153502716
2020-08-25,0.700812041759491,0.7238843669630161,0.6979280966070851,0.7210004218106102,170499482
2020-08-26,0.7152325510978699,0.7210004415606791,0.7036960061879525,0.7094638966507616,268948572
2020-08-27,0.7310943007469177,0.7383041643271584,0.722442464450629,0.7238844371666772,207915150
2020-08-28,0.7282103300094604,0.7411880840029157,0.7195584940138237,0.7383041386710367,158546069
2020-08-31,0.7123485207557678,0.7325361349636036,0.7094638118847262,0.7253262727465194,159566532
2020-09-01,0.7253263592720032,0.7253263592720032,0.7065799512870836,0.708021923902516,390264547
2020-09-02,0.7224424481391907,0.7339782296071187,0.7195585027722087,0.7253263935061727,201526963
2020-09-03,0.7195584774017334,0.729652285830279,0.7195584774017334,0.7253263679323309,194129480
2020-09-04,0.7210004925727844,0.728210356161407,0.7166745744196109,0.7181165471373354,168213412
2020-09-07,0.7267683744430542,0.7296523198427871,0.7195585109437219,0.7224424563434548,147294670
2020-09-08,0.7224424481391907,0.7325362569236277,0.7195585027722087,0.7310942842401367,213971721
2020-09-09,0.7253263592720032,0.7282103045028678,0.7181164961948414,0.7195584688102737,113995368
2020-09-10,0.7339781522750854,0.742629987464473,0.7238843445541333,0.725326317085698,312556931
2020-09-11,0.7296523451805115,0.7411881271800318,0.7282103724305714,0.7354202361802716,154777096
2020-09-14,0.7253263592720032,0.7339781949645973,0.7238843866565708,0.7310942497337326,114033578
2020-09-15,0.7253263592720032,0.7310942497337326,0.7210004414257062,0.7267683318874355,102950620
2020-09-16,0.7238844037055969,0.7296522943031725,0.7210004584068092,0.7253263763549908,92951851
2020-09-17,0.7210004925727844,0.7238844380082334,0.7152326017018864,0.7195585198550599,181211964
2020-09-18,0.7181165218353271,0.7253263851699183,0.7166745491684089,0.7210004671691637,94984315
2020-09-21,0.6979281306266785,0.7210004569548338,0.6950441853336985,0.7166745390153638,187737754
2020-09-22,0.7080219388008118,0.7123486207224505,0.7008120755719391,0.7008120755719391,163137337
2020-09-23,0.7224424481391907,0.7267683661896637,0.7094639300034367,0.7109066666712627,148499229
2020-09-24,0.7541666626930237,0.7570506080744746,0.7166745610008027,0.7166745610008027,578759720
2020-09-25,0.7556086182594299,0.7757962354720748,0.7527246729433378,0.7700283448398906,345610265
2020-09-28,0.746955931186676,0.7613764687400033,0.7397460682766618,0.755608578411992,195093827
2020-09-29,0.7483978867530823,0.7628184239785438,0.7383040789085555,0.7498406710355808,227882961
2020-09-30,0.7714703679084778,0.7757962861652864,0.7541666948812432,0.7599345858903214,303120678
2020-10-01,0.7757962346076965,0.7873320158592122,0.7613765080433021,0.7729122892948177,295997195
2020-10-02,0.778680145740509,0.7887739538925188,0.7671443649953552,0.7743542279610763,360774896
2020-10-05,0.7743542194366455,0.7786801371684566,0.7714702742821048,0.7743542194366455,243143107
2020-10-06,0.762818455696106,0.7786801543970258,0.7613764830869315,0.7743542365695022,239243803
2020-10-07,0.7541666626930237,0.7570506080744746,0.748397960196762,0.7541666626930237,149665516
2020-10-08,0.7512826919555664,0.759934527807917,0.7440720170119416,0.7570505825238001,152472476
2020-10-09,0.7671443819999695,0.7685863546250766,0.7527246557488977,0.7527246557488977,138520931
2020-10-12,0.7772382497787476,0.7801221952493771,0.7657024678962294,0.768586413366859,153382213
2020-10-13,0.7743542194366455,0.7815640823229973,0.768586329127564,0.7772381645911862,198971982
2020-10-14,0.778680145740509,0.778680145740509,0.7671443649953552,0.7729122553679322,156434179
2020-10-15,0.7685863375663757,0.7772381731249921,0.7599345020077594,0.7757962005318894,135481532
2020-10-16,0.7858900427818298,0.788773988093164,0.7657024256024907,0.7685863709138249,250571073
2020-10-19,0.8277080059051514,0.8291506946991659,0.7931006167458375,0.7931006167458375,381242514
2020-10-20,0.8320346474647522,0.843570428040888,0.8219401232253745,0.8291507023207182,282449736
2020-10-21,0.8363606929779053,0.8435705087790245,0.827708092733387,0.8406865633589681,236064017
2020-10-22,0.7916586995124817,0.836360663691417,0.7916586995124817,0.832034697963791,311567379
2020-10-23,0.778680145740509,0.7988685260288156,0.7743542279610763,0.7902166904699502,178299612
2020-10-26,0.738304078578949,0.7657023687351419,0.7368621060303746,0.7642603961865675,317891011
2020-10-27,0.7584925293922424,0.7584925293922424,0.7310942383907949,0.732536210983855,263988917
2020-10-28,0.7512826919555664,0.7628184730920339,0.7469559622960584,0.7541666372396832,98997656
2020-10-30,0.7368621230125427,0.7483979036669981,0.7325362052671219,0.7354201504307357,261734307
2020-11-02,0.7426300644874573,0.7556086303509004,0.7383041464440945,0.7411880918063364,163836945
2020-11-03,0.7801221609115601,0.7887739969426298,0.7411880870383966,0.7469559777257764,218091032
2020-11-04,0.7858900427818298,0.7959846153558199,0.7700283435694919,0.7786801795034944,309993055
2020-11-05,0.7815641164779663,0.7988685521457071,0.7757962259168234,0.7858900343988234,165564088
2020-11-06,0.7830060720443726,0.7887739624797433,0.775796209000159,0.7786801542178444,171733190
2020-11-09,0.8450124263763428,0.8623160967903388,0.8190561567710927,0.8291506807478305,748219918
2020-11-10,0.8897144198417664,0.8897144198417664,0.8277080228295646,0.832034656829572,643060164
2020-11-11,0.9791183471679688,0.9791183471679688,0.898366346102005,0.898366346102005,993852319
2020-11-12,0.9863290786743164,1.03103104770066,0.9632567496355047,0.9791184028613839,849277555
2020-11-13,0.9964227676391602,1.002190658480209,0.9791183311316642,0.9877709313775869,409396270
2020-11-16,0.9892128705978394,1.0166103020937876,0.9834442162461916,1.0122844320672846,312477060
2020-11-17,0.9445102214813232,0.9935388215667691,0.9373003101857208,0.980560350947597,475009943
2020-11-18,0.9863290786743164,0.9935388950047932,0.9459522163622438,0.9531628921751765,531157953
2020-11-19,0.9993066787719727,1.0367988274347713,0.9560467349640707,0.9848861881797899,1741102085
2020-11-20,0.9834442138671875,0.9978647037349934,0.9747923783370749,0.9935387382209192,442348556
2020-11-23,0.9373001456260681,0.9848860484123222,0.9344162007137635,0.9834441237051833,346251452
2020-11-24,0.9416263103485107,0.9646986385220105,0.9272065827303088,0.940184289837667,597652203
2020-11-25,0.9646984934806824,0.9791182189308949,0.9445101138661229,0.9445101138661229,528896288
2020-11-26,0.980560302734375,0.9848861729006027,0.964698555962783,0.9762343370701085,252123247
2020-11-27,0.9834442138671875,0.9978647037349934,0.9690244879836664,0.9863289230281764,311037128
2020-11-30,0.9445102214813232,0.9704664942333623,0.9387423306440588,0.9661406238544357,218911754
2020-12-01,0.9776763916015625,0.979118316541316,0.9358583718937391,0.9531628081433726,341994361
2020-12-02,0.9690244197845459,0.9848860693910718,0.9632565298370767,0.974792309732015,217762339
2020-12-03,0.9618146419525146,0.9719084984985739,0.9473949150996028,0.9675825326936793,295150417
2020-12-04,0.9560467600822449,0.9719085075166456,0.9517208897352537,0.9704664870689533,139721696
2020-12-07,0.9257645606994629,0.9473949638246513,0.9199966696616523,0.9416263088024653,199380995
2020-12-08,0.9243225455284119,0.9416262169540022,0.9243225455284119,0.9272064907660102,172002474
2020-12-09,0.9430681467056274,0.9560467120753241,0.924322550313219,0.9272064955657463,341982555
2020-12-10,0.9430681467056274,0.964698547832906,0.9344163109480456,0.9416262218283828,369913210
2020-12-11,0.9473947286605835,0.9517206936141659,0.9199964412984379,0.9329742406611619,236073500
2020-12-14,0.9603726863861084,0.9719084675005156,0.9546047958289049,0.9589306659977881,241194169
2020-12-15,0.9704663753509521,0.9762342654816485,0.9603726153712496,0.9646984852202559,212173347
2020-12-16,0.9675824046134949,0.9834441498010783,0.9618145146358335,0.9762342395799869,251137272
2020-12-17,0.9690244197845459,0.9776762547057497,0.9589305646274603,0.974792309732015,137457231
2020-12-18,0.9747924208641052,0.9791182910688674,0.961814619253739,0.961814619253739,139705829
2020-12-21,0.9488369226455688,0.9661405946340218,0.9430681725003848,0.963256649302613,201015168
2020-12-22,0.9646984934806824,0.9733503287508098,0.9517207883245073,0.9546047334145499,158350245
2020-12-23,0.9690244197845459,0.9733502894961333,0.960372584863342,0.9690244197845459,160772641
2020-12-24,0.9661405682563782,0.9848861646497215,0.963256623003707,0.9704664383863658,262573951
2020-12-25,0.971908450126648,0.9820022106722983,0.9618145940829603,0.9632566144455031,122348871
2020-12-28,0.9848861694335938,0.9906548239512608,0.9762343336335558,0.9820022241669144,164604685
2020-12-29,0.9920969009399414,0.9964227713377634,0.973350443903577,0.9877709350440755,247756463
2020-12-30,1.0108424425125122,1.0194942783270533,0.9964227161549436,1.0007486818112337,263568287
2020-12-31,1.0108424425125122,1.0151684081688022,0.9949807912682062,1.0094005176257748,179586508
2021-01-04,1.0151684284210205,1.0267049737215348,1.0122844830919733,1.0137264080074766,168008766
2021-01-05,0.9949808120727539,1.0252621903077968,0.9805603214293503,1.0065165934000162,370224849
2021-01-06,1.009400486946106,1.0122844321299653,0.9920968158429507,1.0079584666051584,321413179
2021-01-07,1.0267049074172974,1.0281469277377162,1.012284417719006,1.0180523080046122,291586651
2021-01-08,1.0627542734146118,1.0627542734146118,1.0367988601982967,1.0382407851556283,369318911
2021-01-11,1.0367989540100098,1.0613124444870246,1.0267050964032023,1.054102628051921,216902923
2021-01-12,1.0252622365951538,1.046892639293661,1.023820311613168,1.0440086938316444,159900642
2021-01-13,1.0238202810287476,1.0353568265165447,1.013726424464199,1.0310309562017683,182981540
2021-01-14,1.0166102647781372,1.0339147947273641,1.0122843949104192,1.02382017522171,152494109
2021-01-15,0.9863290786743164,1.0151685349923247,0.9805604234263096,1.009400643728723,206219995
2021-01-18,0.9935387372970581,1.0050745179931482,0.9646985215725488,0.982002192616684,255155202
2021-01-19,1.0050746202468872,1.018052422599335,0.9978648043273403,1.003632695262196,178843474
2021-01-20,0.9892128705978394,1.0079584665427457,0.9820021959053333,1.0065165416999233,159462356
2021-01-21,0.9949808120727539,1.0137264089805347,0.9877709009941947,0.9906548463260102,303187838
2021-01-22,0.9603726863861084,0.9920968484350398,0.9546047958289049,0.9834442486149227,311485608
2021-01-25,0.9401842355728149,0.9690245486270589,0.9358583652860551,0.966140603269872,218963331
2021-01-26,0.9344162344932556,0.9473947988010343,0.9243224746843097,0.9358582547505508,361647023
2021-01-27,0.9012501835823059,0.9373002138451263,0.8925983482156898,0.9286483784785102,308180497
2021-01-28,0.9084607362747192,0.9084607362747192,0.8796205219048566,0.8911563020591023,407856001
2021-01-29,0.8853884935379028,0.9026921653631673,0.8839465686348174,0.894040329450535,310941169
2021-02-01,0.8940404057502747,0.9113448430366634,0.8839466440731291,0.8911564601999405,336996401
2021-02-02,0.9084607362747192,0.9171125713904036,0.901250157443083,0.9026920822133482,254099457
2021-02-03,0.9344162344932556,0.9373001795098158,0.9113446743607733,0.9113446743607733,291904172
2021-02-04,0.9257645606994629,0.9387423632835601,0.9185547446512231,0.9344163972561788,286042825
2021-02-05,0.9199965596199036,0.9459520661854859,0.9199965596199036,0.9329743606517125,239501514
2021-02-08,0.9142286777496338,0.9315323489538122,0.9084607873482411,0.9272064789017859,236176543
2021-02-09,0.9272065162658691,0.9387422975335176,0.9127867896813086,0.9156707349982206,421295928
2021-02-10,0.9315323233604431,0.9473948332617683,0.9214385631843448,0.9416261790345752,283473488
2021-02-11,0.9199965596199036,0.9329743606517125,0.9185546347819445,0.9300904154777588,112963411
2021-02-12,0.9373001456260681,0.9416261107435385,0.915670606532797,0.9171125312399359,358036079
2021-02-15,0.9416263103485107,0.9488369858910118,0.9315324532667458,0.9445102558721511,272515194
2021-02-16,0.9228805899620056,0.9502788833763213,0.9127868286706817,0.9459521534827964,386124876
2021-02-17,0.9012501835823059,0.9315323236007156,0.8983662384601006,0.9257644333563049,470962642
2021-02-18,0.8709686994552612,0.9070180607105438,0.8637580250207325,0.9055760404212769,678058576
2021-02-19,0.8738527297973633,0.8810626409511021,0.8594322390035937,0.868084839073589,492010820
2021-02-22,0.8709686994552612,0.8781786099055306,0.862316100229498,0.8781786099055306,389120043
2021-02-23,0.8536642789840698,0.8781786243035262,0.8536642789840698,0.8752946791757418,315833014
2021-02-24,0.8219401836395264,0.8522223261129362,0.8219401836395264,0.8435704900449081,468594712
2021-02-25,0.830592691898346,0.8349185617052627,0.8132882576903693,0.8320346166679745,286284625
2021-02-26,0.8262659907341003,0.8262659907341003,0.8075203951026687,0.8075203951026687,405530854
2021-03-01,0.8478964567184448,0.8478964567184448,0.8248241298618059,0.8305927845642154,296013183
2021-03-02,0.8349186778068542,0.8522223504367863,0.8334767528367154,0.8435705141218203,304009538
2021-03-03,0.833476722240448,0.8623161755649947,0.8320347018252003,0.8406865378225643,345185396
2021-03-04,0.8522223234176636,0.8522223234176636,0.8248241263869137,0.8291507606425556,375654805
2021-03-05,0.8565483093261719,0.8594322547408677,0.8392446368379971,0.8464544526257148,284492578
2021-03-08,0.8277080059051514,0.8579901458744135,0.8262659855973722,0.8579901458744135,661503573
2021-03-09,0.8378025889396667,0.8450124999892695,0.8305927733881042,0.8334767187083373,267976341
2021-03-10,0.8464544415473938,0.8493383869243447,0.8349186600395898,0.8349186600395898,224442081
2021-03-11,0.8320346474647522,0.8551062086170239,0.8305927226417524,0.8522222634729899,268704354
2021-03-12,0.8435704112052917,0.8507803216705018,0.8334766511516368,0.8392445413245918,375617784
2021-03-15,0.833476722240448,0.8464544284874737,0.8305927769079934,0.8406865378225643,216703688
2021-03-16,0.839244544506073,0.8464543595005821,0.8334766543112526,0.8349185791109413,223122674
2021-03-17,0.8277080059051514,0.8450124405945689,0.8262659855973722,0.8378025300517402,285254157
2021-03-18,0.8507804274559021,0.8695268845822034,0.8291507888688916,0.8305928093404463,550394051
2021-03-19,0.8262659907341003,0.8464543706665496,0.821940120779937,0.84501244584784,305111999
2021-03-22,0.7440720796585083,0.7772382649515859,0.7440720796585083,0.7657024828438723,384033046
2021-03-23,0.6936021447181702,0.7224423588061097,0.6719725571403959,0.7065798972648347,589711542
2021-03-24,0.7137905359268188,0.7282102612241548,0.6993700466452293,0.7065799092938972,396708822
2021-03-25,0.7036960124969482,0.7224424206534483,0.6979281219824269,0.7152325575102968,236899139
2021-03-26,0.6979281306266785,0.7195584843083439,0.6936022126872085,0.7080219391521084,331732658
2021-03-29,0.6979281306266785,0.7036960212126384,0.6950441853336985,0.6993701032731684,176597119
2021-03-30,0.6950441598892212,0.703695995451431,0.6907182421081163,0.6979281050766245,264910098
2021-03-31,0.6950441598892212,0.703695995451431,0.6936021872955196,0.6964861324829228,243599981
2021-04-01,0.7368621230125427,0.7368621230125427,0.6979280993194744,0.6993700719012813,338128484
2021-04-02,0.7415215373039246,0.7548954105498629,0.7385495654714939,0.74300752322014,229049543
2021-04-05,0.7430075407028198,0.7459795126051799,0.7385495828492797,0.7385495828492797,94057340
2021-04-06,0.7296329140663147,0.74597954759952,0.7296329140663147,0.7415215895368545,162103719
2021-04-07,0.7400355935096741,0.7400355935096741,0.7207169881959056,0.7266609321990894,206406836
2021-04-08,0.7326056361198425,0.7430075377365762,0.723688933144965,0.7400355658460809,151585360
2021-04-09,0.7192310094833374,0.7296329115943153,0.7132870654199215,0.7266609395626074,238112453
2021-04-12,0.7118011116981506,0.7236890003643305,0.7073431534483332,0.7177450560312406,142200240
2021-04-13,0.7192310094833374,0.7236889675308994,0.7028851633089436,0.7132870654199215,215551056
2021-04-14,0.7459794878959656,0.747465473797925,0.7251748979651645,0.7251748979651645,223766223
2021-04-15,0.7474655508995056,0.7727281503484998,0.740035620623306,0.7489515369547456,598694032
2021-04-16,0.7296329140663147,0.7444935615786316,0.7266609420245377,0.7444935615786316,350693117
2021-04-19,0.7118011116981506,0.7326057041674301,0.7118011116981506,0.7296329446974203,221523951
2021-04-20,0.7177450656890869,0.7296329545152279,0.7103151351727487,0.7118011212760164,236080661
2021-04-21,0.7088291049003601,0.7207169929857338,0.7028851608576734,0.7177450209643903,240752261
2021-04-22,0.7222029566764832,0.7222029566764832,0.7013991531700278,0.7013991531700278,221627883
2021-04-26,0.7207169532775879,0.7296328688503927,0.7147730095623848,0.7192309673487871,189792585
2021-04-27,0.7177450656890869,0.725174996205425,0.7147730934825516,0.7222030239988898,241968375
2021-04-28,0.7222029566764832,0.7281469005354704,0.7162590128174959,0.7177449987822427,200253617
2021-04-29,0.726660966873169,0.7311189250882771,0.7222030086580606,0.7236889947297634,186409742
2021-04-30,0.7236889600753784,0.7311188900781044,0.7236889600753784,0.7251749460759236,184297924
2021-05-03,0.7415215373039246,0.7415215373039246,0.7222029330897487,0.7236889190059641,237635719
2021-05-04,0.7340916395187378,0.7474655133439418,0.7296328942735928,0.7459795273633637,211142046
2021-05-05,0.7355776429176331,0.7370636289333992,0.7281469255353739,0.7340916569018671,143233963
2021-05-06,0.7370635271072388,0.7430074703491405,0.7326055696758125,0.7355775412967633,330074375
2021-05-07,0.7548953294754028,0.7652972297717642,0.7355775146393033,0.7400354719091724,619503920
2021-05-10,0.7578673958778381,0.7608393677631915,0.7474654942791013,0.7578673958778381,349105116
2021-05-11,0.7489514350891113,0.7534093926484998,0.7444934775297228,0.7504374209422409,202490455
2021-05-12,0.7459794878959656,0.7489514596998844,0.7430075160920466,0.7459794878959656,66969617
2021-05-17,0.7563813924789429,0.7563813924789429,0.7474654770286495,0.750437448845414,226639831
2021-05-18,0.7638112902641296,0.7667832619573295,0.7608393185709299,0.7623253044175298,262843090
2021-05-20,0.7697553038597107,0.7697553038597107,0.7504374860919388,0.7593534019847566,402766321
2021-05-21,0.7652973532676697,0.7757000917524666,0.762325381274837,0.7727281197596338,201934771
2021-05-24,0.7638112902641296,0.7652972761107296,0.7534093893379303,0.7652972761107296,227231280
2021-05-25,0.7459794878959656,0.7742140565430243,0.7459794878959656,0.7667832905233979,472614814
2021-05-26,0.7667832970619202,0.7667832970619202,0.7459794942570894,0.7504374520009818,271379589
2021-05-27,0.7608394026756287,0.771241304751675,0.7578674306539012,0.7638113746973562,248882163
2021-05-28,0.7578673958778381,0.7593533818205148,0.7474654942791013,0.7563814099351615,307111158
2021-05-31,0.7563813924789429,0.7638113220208541,0.7548954065705606,0.7563813924789429,149662661
2021-06-01,0.7727280855178833,0.7742140714484514,0.7578673897023565,0.7593533756329246,277794320
2021-06-02,0.7638112902641296,0.7697552336505293,0.7593533327243299,0.7623253044175298,231654435
2021-06-03,0.7638112902641296,0.7712412194971292,0.7563813610311302,0.7652972761107296,296718513
2021-06-04,0.7697553038597107,0.7697553038597107,0.7608393879668929,0.7638113599311654,201302895
2021-06-07,0.7846158742904663,0.7861018600341595,0.7682691946001021,0.7697551803437952,278519122
2021-06-08,0.7816440463066101,0.7861020043561344,0.7757001022405776,0.7831300323231182,196564153
2021-06-09,0.7831300497055054,0.7846160357549965,0.7771861055075409,0.7816440636560142,206880526
2021-06-10,0.7935318350791931,0.7994757784009743,0.7816439484356308,0.7846159200965214,345494784
2021-06-11,0.7935318350791931,0.8009617642314196,0.7905598634183025,0.7950178209096385,227040278
2021-06-14,0.7890739440917969,0.7979898598259109,0.7875879581361112,0.7965038738702253,154514018
2021-06-15,0.7920458912849426,0.7935318771942534,0.7771860321918335,0.784615961738388,239189976
2021-06-16,0.7801579833030701,0.7935318561318916,0.7801579833030701,0.7920458702620226,129113806
2021-06-17,0.7652973532676697,0.7861019937273811,0.7638113672712533,0.7757000917524666,211913119
2021-06-18,0.7578673958778381,0.7727280918144573,0.7578673958778381,0.768269297476575,194117080
2021-06-21,0.7697553038597107,0.7697553038597107,0.7534094580562114,0.7578674160026203,161022469
2021-06-22,0.7786719799041748,0.7801579657405922,0.7652972708666261,0.7697552283758782,149157604
2021-06-23,0.7712412476539612,0.7861019431722994,0.7697552617531103,0.7816439854697466,200627131
2021-06-24,0.7875879406929016,0.7890739266156762,0.7727280814651556,0.7727280814651556,197020260
2021-06-25,0.775700032711029,0.7920458774274655,0.7742140468277167,0.7890739056608407,124376913
2021-06-28,0.7667832970619202,0.7786720208888026,0.7667832970619202,0.7786720208888026,176659901
2021-06-29,0.7652973532676697,0.7742141057560502,0.7578674232855879,0.7682693252605024,236286340
2021-06-30,0.7578673958778381,0.7712412693619285,0.753409438049808,0.7667833115338983,203434846
2021-07-01,0.7667832970619202,0.768269282976551,0.7593533674887664,0.7608393534033971,143382438
2021-07-02,0.7652973532676697,0.7697553112569188,0.762325381274837,0.7682693252605024,122171958
2021-07-05,0.7801579833030701,0.7801579833030701,0.7623253163548303,0.7638113022246993,178128899
2021-07-06,0.775700032711029,0.7905598915441531,0.775700032711029,0.7801579903609663,233006757
2021-07-07,0.7831300497055054,0.7861020218044876,0.7757001194580497,0.7757001194580497,193317985
2021-07-08,0.7875879406929016,0.7920458984612254,0.7771860392334794,0.7801580110790286,204911594
2021-07-09,0.7831300497055054,0.7890739939034699,0.7771861055075409,0.7861020218044876,145132903
2021-07-12,0.7831300497055054,0.7950179381014344,0.778672091557032,0.7831300497055054,217939207
2021-07-13,0.7727280855178833,0.7831299870318603,0.7682692912163335,0.7816440011012922,155767864
2021-07-14,0.7816440463066101,0.7861020043561344,0.7727281302075614,0.7727281302075614,150158478
2021-07-16,0.7727280855178833,0.7846159729624285,0.7697552771469016,0.7831299870318603,142305788
2021-07-19,0.7593533992767334,0.768269315137755,0.7563814273230595,0.7667833291609181,117522896
2021-07-26,0.7534094452857971,0.7623253610274887,0.7489514874149513,0.7608393750705401,162860826
2021-07-27,0.7623252868652344,0.7652972584900055,0.7474654287413788,0.7504374003661499,150722633
2021-07-28,0.7578673958778381,0.7667833115338983,0.7548954239924848,0.7608393677631915,137366460
2021-07-29,0.7727280855178833,0.7727280855178833,0.7623253474940609,0.763811333424629,176138445
2021-07-30,0.7831300497055054,0.7831300497055054,0.7682693527006818,0.7697553387501729,180340015
2021-08-02,0.7905598878860474,0.796503831391793,0.7801579867509927,0.7861019302567382,187600407
2021-08-03,0.7994758486747742,0.8069057784800903,0.7816440171420156,0.7890739469473317,361057346
2021-08-04,0.7965038418769836,0.8083917290449671,0.7950178559809857,0.8024477854609754,307108797
2021-08-05,0.8098777532577515,0.8098777532577515,0.7846159918306067,0.7905599356958173,365366658
2021-08-06,0.8083917498588562,0.8158224668335322,0.79798984831905,0.8069057639245982,316435474
2021-08-09,0.8009618520736694,0.8128497400209878,0.7994758660802546,0.8054198100539137,230734931
2021-08-10,0.8143365383148193,0.8143365383148193,0.7994758906210896,0.8009618766601184,241761857
2021-08-11,0.7890739440917969,0.8158224785975361,0.7890739440917969,0.8158224785975361,327607258
2021-08-12,0.8083917498588562,0.8098777357931143,0.7935318905162758,0.7950178764505339,341674784
2021-08-13,0.8039337396621704,0.8113636688492377,0.8024477538247569,0.8083916971744108,176527626
2021-08-16,0.8232524394989014,0.8306823695582172,0.8054198200531166,0.8054198200531166,446903353
2021-08-17,0.8336542844772339,0.8336542844772339,0.8128496944328221,0.8217663971966402,322412386
2021-08-18,0.8395982384681702,0.8470282173165994,0.8321683580326638,0.8351403298894509,407725426
2021-08-19,0.8232524394989014,0.8336543415819435,0.8202804674751751,0.8321684047765445,219972250
2021-08-20,0.8277103900909424,0.830682362087942,0.8098777708055254,0.8202804600984436,302144637
2021-08-23,0.8366262912750244,0.8410842983980881,0.8321683825648866,0.833654319330624,193995038
2021-08-24,0.8395982384681702,0.8470282173165994,0.8366262666113831,0.8395982384681702,246525883
2021-08-25,0.8306823372840881,0.8440562600777096,0.8306823372840881,0.8381123162611944,227207669
2021-08-26,0.8321684002876282,0.842570253108096,0.8291964282799333,0.8336543370850116,303201198
2021-08-27,0.8381122946739197,0.8381122946739197,0.8262244073470858,0.8336542877198959,235462235
2021-08-31,0.8544588685035706,0.8559449036096392,0.8425701940033375,0.8455421658025539,341542314
2021-09-01,0.8500002026557922,0.85891690567097,0.8485141674973663,0.8559449337670425,281366764
2021-09-02,0.8544588685035706,0.8618888472080719,0.8485141376017703,0.850000172707839,179584297
2021-09-03,0.8455421924591064,0.8559449305941483,0.8410842838262024,0.854458895441231,190423394
2021-09-06,0.8544588685035706,0.8589168754088555,0.8470282009086226,0.8485141376017703,164158472
2021-09-07,0.8336542844772339,0.8574308463417941,0.8291963759534721,0.8544588745216457,253340344
2021-09-08,0.811363697052002,0.8336542726913525,0.811363697052002,0.8321683360087467,287538828
2021-09-09,0.8232524394989014,0.8232524394989014,0.8054198200531166,0.8069058060649799,215917587
2021-09-10,0.8054197430610657,0.827710318411629,0.8054197430610657,0.8262243817482744,232425197
2021-09-13,0.8039337396621704,0.8128496546866512,0.79947578214993,0.8054197254995838,219533508
2021-09-14,0.8039337396621704,0.8128496546866512,0.8009617679873434,0.8069057113369973,277498743
2021-09-15,0.7979898452758789,0.8054197749188347,0.7935318874901054,0.8024478030616524,245979144
2021-09-16,0.7935318350791931,0.8054197217227554,0.7890738775878573,0.7994757784009743,197123758
2021-09-17,0.7831300497055054,0.7979899102004167,0.7831300497055054,0.7965039241509255,245970344
2021-09-20,0.7652973532676697,0.7771860777488829,0.7638113672712533,0.7727281197596338,253583450
2021-09-21,0.7652973532676697,0.7742141057560502,0.7638113672712533,0.7697553112569188,207735920
2021-09-22,0.7816440463066101,0.7816440463066101,0.7667833496316351,0.7712413076811595,249543432
2021-09-23,0.7682693004608154,0.7905599261974031,0.7623253566670202,0.7801580245582614,462013179
2021-09-24,0.7504374384880066,0.7667832832546086,0.743007509048642,0.7652972973667358,350110624
2021-09-27,0.7623252868652344,0.7623252868652344,0.7474654287413788,0.7563813436156921,302768391
2021-09-28,0.7548953294754028,0.762325258258518,0.7504373722055337,0.762325258258518,296398137
2021-09-29,0.7638112902641296,0.7667832619573295,0.7548953751845302,0.7593533327243299,326009685
2021-09-30,0.7712412476539612,0.7757000418663427,0.7578673745463025,0.7652973040505573,399063419
2021-10-01,0.7667832970619202,0.7727280772302796,0.7638113252326586,0.768269282976551,197451857
2021-10-04,0.7652973532676697,0.7712412972533351,0.762325381274837,0.766783339264086,283096973
2021-10-05,0.7652973532676697,0.7697553112569188,0.7608393952784206,0.7652973532676697,165434163
2021-10-06,0.7623252868652344,0.7682692301147767,0.7578673294280777,0.76381127267762,276320650
2021-10-07,0.7742140889167786,0.7742140889167786,0.7667833225864347,0.7682693085505305,200322554
2021-10-08,0.7712412476539612,0.7771860277671937,0.7682692758522592,0.7742140559654918,177642431
2021-10-11,0.7771860361099243,0.780158007943529,0.7712412559328774,0.7727280783595173,182322264
2021-10-12,0.7771860361099243,0.784615965693936,0.7727280783595173,0.7742140642763197,241136442
2021-10-13,0.7712412476539612,0.7831299713705975,0.7682692758522592,0.7801579995688956,302434136
2021-10-14,0.7727280855178833,0.7771860433095877,0.7667833052857653,0.7697552771469016,279596567
2021-10-15,0.7638112902641296,0.7771859993933269,0.7563813610311302,0.775700013546727,401466664
2021-10-18,0.7593533992767334,0.7638113572072442,0.7534094553693856,0.7623253712304072,269474800
2021-10-19,0.7771860361099243,0.7771860361099243,0.7638113263488657,0.7638113263488657,251099056
2021-10-20,0.7935318350791931,0.7935318350791931,0.7697552252822796,0.7742140192834044,283394751
2021-10-21,0.7935318350791931,0.7994757784009743,0.7712412111127248,0.7905598634183025,449652836
2021-10-22,0.8069057464599609,0.8113637041662471,0.7875879297327205,0.7920458874390068,334106749
2021-10-25,0.8069057464599609,0.8113637041662471,0.796503845145293,0.8039337746557701,442022980
2021-10-26,0.8128497004508972,0.8202804173596558,0.8098777286087453,0.8113637145298213,359546954
2021-10-27,0.8336542844772339,0.8395982281175307,0.8128496944328221,0.8158224535563435,526638661
2021-10-28,0.8366262912750244,0.8410842983980881,0.821766431553022,0.8321683825648866,340135571
2021-11-01,0.8544588685035706,0.8574308403027869,0.8366262504049048,0.8425701940033375,474355390
2021-11-02,0.8648607730865479,0.8693186813422143,0.8544588231351331,0.855944858162299,518374101
2021-11-03,0.8856645822525024,0.8856645822525024,0.8425701565686846,0.863374745542237,830905117
2021-11-04,0.9183571934700012,0.9213291655759219,0.8916086572132669,0.8990394239879828,861334276
2021-11-05,0.9317309856414795,0.9317309856414795,0.9049832404635749,0.9183570638460686,470561733
2021-11-08,0.9272730350494385,0.9436197168243715,0.9168711827235724,0.9406477449579922,819767298
2021-11-09,0.924301028251648,0.9421336460793744,0.9198431198270149,0.9257870633351386,677064490
2021-11-10,0.9317309856414795,0.9376757163176848,0.9183570638460686,0.9243010072189363,470229574
2021-11-11,0.9198431372642517,0.9361897203183656,0.9183571021525906,0.9302449893941936,414558809
2021-11-12,0.9451056122779846,0.9465916473527403,0.9317310013664283,0.9317310013664283,504940091
2021-11-15,1.038724422454834,1.038724422454834,0.9986020629527952,1.0119758875480298,742794206
2021-11-16,1.0149478912353516,1.0818188861477793,1.0134619544173917,1.056556287222667,1221459125
2021-11-17,1.028322458267212,1.0342664015343024,1.0104898411626173,1.0119757777729321,500521303
2021-11-18,1.0714168548583984,1.1055952658285286,1.0253504592585612,1.0283224308127596,1197563077
2021-11-19,1.061015009880066,1.0803328760944968,1.0550702788819257,1.0758748691169657,398065755
2021-11-22,1.0565563440322876,1.0773610352092318,1.0461544905084879,1.0669590832724976,322599127
2021-11-23,1.029808521270752,1.062501098968501,1.0090039299791673,1.0535842972572258,861262511
2021-11-24,1.053584337234497,1.0699310203553414,1.0298085603458738,1.0357525045680296,839131011
2021-11-25,1.029808521270752,1.0610150637628828,1.029808521270752,1.0580430917645736,420957668
2021-11-26,0.9956300258636475,1.0149477931069968,0.9792841319688875,1.010489884671193,456729025
2021-11-29,0.9852280616760254,1.0000879202751907,0.9703674157735136,1.0000879202751907,425334663
2021-11-30,0.9763121604919434,0.9867141108667169,0.9688813945761874,0.982256104016694,587664795
2021-12-01,1.0104899406433105,1.0134619125694404,0.9837421933081423,0.9837421933081423,470450380
2021-12-02,1.023864507675171,1.0283225145760577,1.0134618682912697,1.0134618682912697,368658675
2021-12-03,1.0416964292526245,1.0461544365420947,1.0253506321547354,1.0387244571972876,321284331
2021-12-06,1.084790825843811,1.084790825843811,1.0416963959108554,1.0431824310974247,414441651
2021-12-07,1.0981653928756714,1.1070813075928765,1.069930826428091,1.0922205640146472,791852298
2021-12-08,1.13828706741333,1.1427458617028512,1.1041094403089255,1.1055953770290237,794300165
2021-12-09,1.1576058864593506,1.203672293278171,1.1442320604148604,1.1442320604148604,920854701
2021-12-10,1.1323432922363281,1.165035774789713,1.1174834307591073,1.159091928611762,646882548
2021-12-13,1.1769235134124756,1.1962421673714738,1.129371175465046,1.1368011544596381,760292389
2021-12-14,1.251224398612976,1.2645991078253922,1.1843541985901087,1.1843541985901087,968898187
2021-12-15,1.2452806234359741,1.2987769087775032,1.2319067981329201,1.29283296455105,756789160
2021-12-16,1.3225533962249756,1.3225533962249756,1.2556824037452432,1.2556824037452432,1058441474
2021-12-17,1.1902981996536255,1.4057702433215984,1.1902981996536255,1.34335804705042,1322389809
2021-12-20,1.1293712854385376,1.2081301726751872,1.0714170893508492,1.1070815431101277,1032594293
2021-12-21,1.115997314453125,1.2363645841899753,1.08181880203877,1.2333926123721908,1009079693
2021-12-22,1.142745852470398,1.169493598932367,1.092220658355895,1.1070814032177307,692273648
2021-12-23,1.1501758098602295,1.1724655489575617,1.1055953475363638,1.163549633636045,525438591
2021-12-24,1.1546337604522705,1.163549676099169,1.1427458729230724,1.1531478237175827,339332226
2021-12-27,1.184354305267334,1.1858403404634892,1.1531478613868569,1.1531478613868569,478057865
2021-12-28,1.1085673570632935,1.1769234974928704,1.0981655047070742,1.1769234974928704,537009690
2021-12-29,1.1085673570632935,1.1263991883136037,1.075874879134337,1.096678682259699,480778748
2021-12-30,1.0966787338256836,1.1323431853066392,1.0966787338256836,1.1130254164169406,504393241
2021-12-31,1.0684449672698975,1.1085673245015135,1.061014988594046,1.1026233809260007,351138936
2022-01-03,1.095192551612854,1.1011373805608682,1.0654729338668671,1.069930842084245,227045123
2022-01-04,1.087762713432312,1.1174832180325935,1.0699308830541525,1.099651387654434,315235876
2022-01-05,1.1085673570632935,1.110053392207281,1.0803328861533763,1.0862768299034797,214377452
2022-01-06,1.0981653928756714,1.117483158889826,1.0951925355870489,1.0966785705797064,328300428
2022-01-07,1.1516618728637695,1.1516618728637695,1.1011375598632531,1.1041095319630807,505826062
2022-01-10,1.1576058864593506,1.1828684873322353,1.1576058864593506,1.1724657478493046,259392288
2022-01-11,1.1576058864593506,1.1798965150542444,1.13382932093193,1.1665218032933231,380254912
2022-01-12,1.165035605430603,1.1784095280224278,1.15314781638987,1.170979549157431,313197873
2022-01-13,1.173951506614685,1.1858402796387555,1.1650355911338548,1.1665216262537874,375163493
2022-01-14,1.1828683614730835,1.1962421860945767,1.1531478545519922,1.1754375950587896,326000419
2022-01-17,1.22447669506073,1.2259627301738278,1.2007001332511618,1.205158041764613,396798376
2022-01-18,1.160577654838562,1.254196388961105,1.160577654838562,1.2215046996467214,554798862
2022-01-19,1.240822434425354,1.240822434425354,1.1709794761749281,1.175437482898661,604608873
2022-01-20,1.2170459032058716,1.2690570326482973,1.1932701292039256,1.2541963865937267,795853173
2022-01-21,1.2229907512664795,1.231906666654586,1.200700126286387,1.2125880134705285,423952330
2022-01-24,1.1694936752319336,1.2423086136088417,1.16652170320893,1.2185320501213854,492746605
2022-01-25,1.2021859884262085,1.2096159666619988,1.1561196903474849,1.1843541587558097,281940380
2022-01-26,1.2007001638412476,1.217045960024237,1.1932701849123075,1.2066441076192298,181114194
2022-01-27,1.21110200881958,1.212588043961425,1.1694936153254618,1.175437559066995,241792679
2022-01-28,1.2051581144332886,1.2289347760894642,1.2021861424408098,1.2140740304107247,205068597
2022-01-31,1.240822434425354,1.240822434425354,1.21258796538574,1.214073902018373,295829793
2022-02-01,1.2437944412231445,1.2631130941866056,1.2408224694610455,1.2452804763106538,274969811
2022-02-02,1.286888837814331,1.2898608095060642,1.2571683335936619,1.2631130642804669,404227636
2022-02-03,1.239336609840393,1.2987768360813399,1.233392665946639,1.2720290885594467,329267791
2022-02-04,1.2200188636779785,1.2467665132755394,1.2125880971651803,1.2393366324790898,241489057
2022-02-07,1.2333927154541016,1.2348787506936512,1.1590918391929812,1.2155600957536448,556210128
2022-02-08,1.263113021850586,1.2675710284448929,1.2304205470363734,1.2333925186282735,397678136
2022-02-09,1.2809449434280396,1.2898608588442797,1.266085084400973,1.2854029503426203,376900480
2022-02-10,1.2898608446121216,1.3121514694165994,1.2779729575216376,1.282430964387029,548811033
2022-02-11,1.312151551246643,1.312151551246643,1.2616272406578655,1.2779730372201978,425259426
2022-02-14,1.2750009298324585,1.3002627379983127,1.2527103060055602,1.29283275968615,627905839
2022-02-15,1.3002629280090332,1.3076936947103985,1.2750011161516064,1.2809450603047738,319424369
2022-02-16,1.2854030132293701,1.303235632237658,1.2854030132293701,1.3017496954687142,177916798
2022-02-17,1.2660850286483765,1.3032355110899356,1.2660850286483765,1.2883748654138947,300379584
2022-02-18,1.2764869928359985,1.2839168728980814,1.2601403119354044,1.2839168728980814,209518984
2022-02-21,1.270543098449707,1.2928328379090044,1.2571683887404177,1.2854029575602124,271754554
2022-02-22,1.267571210861206,1.2839170077625244,1.2333926961259527,1.2467665210076742,329552108
2022-02-23,1.2556824684143066,1.275001123533862,1.2467665521329323,1.269057179346279,254872685
2022-02-24,1.1308571100234985,1.1858402093773992,1.1308571100234985,1.1590916772163913,312597858
2022-02-25,1.1769235134124756,1.187326251625718,1.1249132667986304,1.1442319207576288,374136475
2022-02-28,1.1828683614730835,1.2437945247862765,1.1694936511352536,1.2437945247862765,537716314
2022-03-01,1.1962422132492065,1.2423086162121901,1.1888123323825917,1.1917843044118233,430319867
2022-03-02,1.2051581144332886,1.2229908321045069,1.191784289673598,1.1992141704483312,252211217
2022-03-03,1.2096161842346191,1.2244768322695745,1.2036722399420208,1.2170460653939008,268725404
2022-03-04,1.1873263120651245,1.2081301165308806,1.185840375238321,1.199214200331271,249629831
2022-03-07,1.166521668434143,1.1798963786488417,1.1590917878045877,1.1694936403685503,359735128
2022-03-08,1.1680073738098145,1.1798961449085779,1.1501756441488051,1.1516615806151784,206562861
2022-03-09,1.2125880718231201,1.2155600437621739,1.1754375860750816,1.1754375860750816,285959826
2022-03-10,1.2021859884262085,1.221504640412249,1.1917841369916,1.215559909885465,195327983
2022-03-11,1.2051581144332886,1.220018860112028,1.1992141704483312,1.2066441496359916,161582480
2022-03-14,1.230420708656311,1.2333926806385895,1.2051581102970634,1.2051581102970634,155860218
2022-03-15,1.2616270780563354,1.2690569577871986,1.2244765968599707,1.2244765968599707,285161065
2022-03-16,1.2616270780563354,1.2690569577871986,1.249738306040402,1.2675710212061915,165784572
2022-03-17,1.292832851409912,1.297290858396079,1.2631131328785414,1.2645991680115714,244501368
2022-03-18,1.288374900817871,1.2943188443302907,1.2794589855492418,1.2898608374895162,121097885
2022-03-21,1.303235650062561,1.3121515660369478,1.2913469747932935,1.2913469747932935,166322667
2022-03-22,1.343358039855957,1.3448439765693423,1.298776789240888,1.3032355835102662,186887071
2022-03-23,1.3403851985931396,1.3582179155643634,1.3329553181100544,1.3448439929167173,222400272
2022-03-24,1.2958048582077026,1.3478159908534377,1.2943189214475235,1.3418720469868701,258561216
2022-03-25,1.2735151052474976,1.3136374640446913,1.2735151052474976,1.3002628523810047,229046982
2022-03-28,1.2690571546554565,1.2854030500597486,1.264599245807968,1.2794591059878113,190695438
2022-03-29,1.304365634918213,1.3120662686033109,1.2751065720898582,1.2751065720898582,241752157
2022-03-30,1.3782850503921509,1.3813649569325037,1.3089862863443988,1.3089862863443988,341128623
2022-03-31,1.3598055839538574,1.4060049970314554,1.3490259622717347,1.3829048315509975,267989947
2022-04-01,1.365965485572815,1.3813650189661326,1.3551858631910136,1.365965485572815,243408051
2022-04-04,1.4198646545410156,1.4229445610791216,1.3721252363105554,1.3721252363105554,366572551
2022-04-05,1.4183247089385986,1.462984222478015,1.4029251756111627,1.424484522269573,377123114
2022-04-06,1.4075452089309692,1.4306444599361303,1.3952255811983365,1.4183248322034976,264670225
2022-04-07,1.4799245595932007,1.490704181809175,1.4167847908657087,1.4167847908657087,401584856
2022-04-08,1.5584630966186523,1.563083823909129,1.4937842351145683,1.4937842351145683,476199575
2022-04-11,1.647782802581787,1.647782802581787,1.567703597549351,1.567703597549351,667584494
2022-04-12,1.6462429761886597,1.6755020398440734,1.5985027379225547,1.6323825286755873,656497030
2022-04-13,1.6123629808425903,1.6708821242998944,1.5969626319004977,1.6631823067834868,479348038
2022-04-14,1.6447029113769531,1.655482635792529,1.6200628419444891,1.6200628419444891,336976363
2022-04-15,1.660102367401123,1.6770419044105813,1.6277624817536012,1.6447028346593602,248136761
2022-04-18,1.6970621347427368,1.7063018547845115,1.6477828119569367,1.6631823453598944,372128721
2022-04-19,1.6585625410079956,1.7170815840005347,1.6354623739485834,1.7093817662838293,513665069
2022-04-20,1.673962116241455,1.6878224615919994,1.6508627645017522,1.666262298332539,331506907
2022-04-21,1.6909023523330688,1.7016820769059802,1.6785819094888446,1.6785819094888446,246432662
2022-04-22,1.6139030456542969,1.7016820700926634,1.61082313892966,1.6862825364694791,322792217
2022-04-25,1.6493228673934937,1.661642494497572,1.6154429749738721,1.6400822291820287,411189306
2022-04-26,1.6169829368591309,1.6816617933520643,1.6108231234689792,1.6554826374374403,391017971
2022-04-27,1.6431621313095093,1.660102485419576,1.6077432544790076,1.6200628815482334,363445414
2022-04-28,1.6370022296905518,1.6785818357017412,1.6293025141801167,1.6524026805818153,231835675
2022-04-29,1.6216027736663818,1.6447029411647343,1.596962703787653,1.6400822141531632,263239571
2022-05-05,1.601583480834961,1.6678023448712411,1.5969627536790318,1.6447029925475858,314557101
2022-05-06,1.6293026208877563,1.6339224300991737,1.5877230121534005,1.5938828257599877,391067092
2022-05-09,1.6662623882293701,1.6708822996213784,1.623142875280459,1.626222782212781,314301590
2022-05-10,1.647782802581787,1.6785818692124692,1.6400821690342646,1.6785818692124692,88647344
2022-05-11,1.606203317642212,1.6462430251842575,1.5784833396744782,1.6385423910523007,319487229
2022-05-12,1.5707834959030151,1.5985026557239954,1.543063418198667,1.5784832115264336,491624928
2022-05-13,1.5584630966186523,1.5877230793787218,1.5461434688838558,1.5877230793787218,197133958
2022-05-16,1.4953240156173706,1.5569229609619624,1.4922441091449552,1.5569229609619624,320819218
2022-05-17,1.4706839323043823,1.503023819053346,1.4706839323043823,1.498404010066993,369488191
2022-05-18,1.5307438373565674,1.5569230956300257,1.466064164048728,1.4706839731634302,467283439
2022-05-20,1.5353636741638184,1.5754032757273075,1.516884234625121,1.5276638566958416,384999082
2022-05-23,1.5661636590957642,1.5661636590957642,1.5230441481029091,1.5446034956511538,266630924
2022-05-24,1.5476833581924438,1.5707835253664009,1.5415235447833522,1.567703618661855,249507005
2022-05-25,1.5661636590957642,1.5815631930587961,1.529203961688122,1.5553831184317535,321567670
2022-05-26,1.5584630966186523,1.573863549170601,1.5476834733442306,1.5615439214358047,260408923
2022-05-27,1.5646238327026367,1.5892630882404666,1.5476834776304482,1.5584631009347236,337284690
2022-05-30,1.6246827840805054,1.6447030461084962,1.5738635545963964,1.5738635545963964,299894082
2022-05-31,1.667802333831787,1.6755020498973416,1.620062911175607,1.6262227248228693,347254709
2022-06-01,1.6447029113769531,1.6847416983731565,1.6447029113769531,1.6678022625605917,368143641
2022-06-02,1.652402639389038,1.6662621677571323,1.6400820954064956,1.6508626351331184,359056764
2022-06-03,1.6447029113769531,1.6601024448370314,1.6262226553285204,1.6570225381450157,199252115
2022-06-06,1.7093816995620728,1.715541512700186,1.6508626588536888,1.6508626588536888,401160159
2022-06-07,1.7186214923858643,1.7247813054205017,1.6801217940295705,1.6986020490297749,270409392
2022-06-08,1.606203317642212,1.729402143191066,1.592342971703673,1.7217015090591092,389382871
2022-06-09,1.6046632528305054,1.6323824120972734,1.5707834644970338,1.6062031551295841,313697719
2022-06-10,1.673962116241455,1.727862065448404,1.5892629973858872,1.5908028997754433,627958276
2022-06-13,1.7232414484024048,1.7632811544318763,1.6678023104576463,1.6708822172381126,577215284
2022-06-14,1.6426162719726562,1.7418577220937737,1.6391941987212924,1.7350135755910456,284613532
2022-06-15,1.632349967956543,1.6528827136488133,1.581018256706434,1.6460384650847233,391207432
2022-06-16,1.6118172407150269,1.6494605572549097,1.5536412802348774,1.6426163086124723,423519585
2022-06-17,1.669993281364441,1.676837529917461,1.6083951463743043,1.6083951463743043,289765535
2022-06-20,1.6563048362731934,1.6905259781259343,1.6357720899693204,1.673415407199564,198281400
2022-06-21,1.6768375635147095,1.704214456288271,1.6699933148245576,1.6734153881761105,231978370
2022-06-22,1.6631489992141724,1.6939480660870692,1.6426162539698939,1.6631489992141724,264729727
2022-06-23,1.6255056858062744,1.6734153227779525,1.604973042525294,1.6631490011374621,271309472
2022-06-24,1.6083950996398926,1.6357719910694506,1.5912845297480385,1.628927844702342,245588087
2022-06-27,1.5775959491729736,1.5981286931438796,1.5536411322004346,1.5604853801907368,240070980
2022-06-28,1.557063341140747,1.5912844798514103,1.5262642755063351,1.5741739104960788,257725932
2022-06-29,1.485198974609375,1.5673298606898394,1.485198974609375,1.5365307911580466,207031125
2022-06-30,1.4988874197006226,1.5262644147565503,1.4749326000202094,1.4817768487841914,272066207
2022-07-01,1.5399527549743652,1.5673297490467692,1.478354722285544,1.478354722285544,282818437
2022-07-04,1.5057317018508911,1.5775961624855666,1.502309628386547,1.5502192688096639,171096520
2022-07-05,1.5057317018508911,1.54679709335827,1.492043204019415,1.5057317018508911,259517332
2022-07-06,1.5194201469421387,1.5331086442984767,1.5023095762402392,1.5194201469421387,143591815
2022-07-07,1.5467970371246338,1.5604855344584663,1.519420144444015,1.5228422177839502,204919765
2022-07-08,1.536530613899231,1.5536411834458441,1.533108540784724,1.5399526870137379,40577787
2022-07-13,1.5262644290924072,1.5467970735901642,1.502309609186992,1.5365307513412858,204932875
2022-07-14,1.5331085920333862,1.5433749137071284,1.5125758466988595,1.526264343588544,127448207
2022-07-18,1.6049729585647583,1.6152392796681894,1.5536411490735298,1.5536411490735298,194981905
2022-07-19,1.6768375635147095,1.6871038855564144,1.594706681219932,1.598128856558531,247807090
2022-07-20,1.6734154224395752,1.7042144911823522,1.6597270267660453,1.6939481689304428,282742975
2022-07-21,1.6734154224395752,1.7042144911823522,1.6597270267660453,1.676837597848244,303087520
2022-07-22,1.6871038675308228,1.7042144380798645,1.6734153702967713,1.690525940845813,196763987
2022-07-25,1.779500961303711,1.7829232385781961,1.6871038603355388,1.6905259336359344,351988347
2022-07-26,1.7589683532714844,1.810300065742805,1.748701929187583,1.7897674215490955,299335202
2022-07-27,1.7555463314056396,1.789767474057164,1.7452799070205425,1.779501049672067,229295707
2022-07-28,1.7555463314056396,1.8034559719125938,1.7452799070205425,1.779501049672067,401118325
2022-07-29,1.7863452434539795,1.7897673166232952,1.7487018266692627,1.7589682501512913,226432657
2022-08-01,1.861631989479065,1.8616319894790647,1.7966115753251688,1.7966115753251688,238194850
2022-08-02,1.8650541305541992,1.8753203510768242,1.844521281560746,1.8650541305541992,184134240
2022-08-03,1.9369183778762817,1.9369183778762817,1.8616319491763518,1.885586666315214,289881530
2022-08-04,2.0669586658477783,2.0772250891060495,1.9540288259031031,1.9642952491613743,377454492
2022-08-05,2.1969993114471436,2.272285736532093,2.073803046436745,2.0943356892804514,649219837
2022-08-08,2.176466703414917,2.220954271102189,2.138823486742511,2.200421626005795,431313590
2022-08-09,2.0395820140838623,2.145667510989163,2.0224714434870688,2.118290720418748,1159029600
2022-08-10,2.0669586658477783,2.0772250891060495,2.0224713076681162,2.029315453857579,638480385
2022-08-11,2.104602098464966,2.1354011645094038,2.084069455760033,2.0874915288818423,819542770
2022-08-12,2.0395820140838623,2.131979217691001,2.0395820140838623,2.1114463697955763,606197217
2022-08-15,2.056692600250244,2.087491668352446,2.03958202952392,2.053270526899798,407674360
2022-08-16,2.1148681640625,2.1148681640625,1.9779836173501184,2.0703808087654143,752560255
2022-08-17,2.323617696762085,2.323617696762085,2.1217127254499024,2.1422453687103347,1149585915
2022-08-18,2.395482301712036,2.457080441935884,2.2346428040049258,2.3373064390360403,1269728807
2022-08-19,2.3920600414276123,2.4365476063361777,2.3338839793184047,2.3954821147342504,566380727
2022-08-22,2.5528995990753174,2.583698667657843,2.361261040772535,2.388638035951246,678493715
2022-08-23,2.8061363697052,2.8061363697052,2.556321740949925,2.570010238905925,678924795
2022-08-24,2.5768542289733887,2.9395986600943926,2.5768542289733887,2.8916890259453574,1643114462
2022-08-25,2.6829400062561035,2.7548045672328474,2.5152563706005253,2.590543004963282,41707362
2022-08-26,2.645296812057495,2.8095583756308042,2.5768545278976323,2.710317022804184,2322618415
2022-08-29,2.7240054607391357,2.7445381047423383,2.58369861810672,2.655563178079066,1041987812
2022-08-31,2.7103168964385986,2.7821814546351247,2.669251405472857,2.7240053934271793,1032265442
2022-09-01,2.751382350921631,2.8472016245970657,2.679517793678013,2.713738933708656,1422451715
2022-09-02,3.0251517295837402,3.0251517295837402,2.754804473707387,2.792447687623733,1272362927
2022-09-05,3.2989211082458496,3.326298102763616,3.0148853510527736,3.0799055600519005,1217962162
2022-09-06,3.603489637374878,3.627444355448484,3.237323087592423,3.3878963588160276,1542757872
2022-09-07,3.5213589668273926,3.7506405331655404,3.4426502598297097,3.627444260651934,1101031400
2022-09-08,3.870415210723877,3.870415210723877,3.4631829454998653,3.603489798702526,1139569982
2022-09-09,4.257113456726074,4.257113456726074,3.8088163885664854,3.9080575249630276,827023750
2022-09-12,4.29475736618042,4.61643634318014,4.27080264856138,4.5582604838344185,2330664130
2022-09-13,3.866992712020874,4.325556666884244,3.866992712020874,4.308445687960446,2256117877
2022-09-14,3.4802932739257812,3.6685099601985947,3.4802932739257812,3.6342888186850257,326758697
2022-09-15,3.1346595287323,3.5795347688737658,3.1346595287323,3.3536750755040563,898740677
2022-09-16,2.997774839401245,3.1483481082347526,2.8232468528743713,2.939598979875017,1840906440
2022-09-19,2.7000503540039062,3.0011966625914095,2.7000503540039062,2.9601313774050686,818063995
2022-09-20,2.83693528175354,2.8643122761469932,2.6144976612484356,2.7513824292416116,1457573292
2022-09-21,2.7137389183044434,2.867734251542286,2.7000504215750705,2.8198246149765223,760091877
2022-09-22,2.7890255451202393,2.860890101873248,2.7068947688125737,2.7171611923413126,704512512
2022-09-23,2.679517984390259,2.806136333900035,2.6760959109384483,2.7856036892150735,377777787
2022-09-26,2.6247639656066895,2.6795177479259964,2.4981456272708313,2.6795177479259964,802573912
2022-09-27,2.6829400062561035,2.8061362799453247,2.6213418694114927,2.6316082935436262,917699570
2022-09-28,2.600809097290039,2.7548044318326053,2.600809097290039,2.6692513775426976,548963312
2022-09-29,2.573432207107544,2.6829399823008537,2.4947235000615433,2.6247641233357872,501234240
2022-09-30,2.573432207107544,2.617919772650778,2.535788992249319,2.573432207107544,430370565
2022-10-03,2.8300912380218506,2.8300912380218506,2.5802766140420186,2.5871207609021356,501776775
2022-10-04,2.8266687393188477,2.9875084216545913,2.8095581695340375,2.925910288839643,793851670
2022-10-05,2.7821812629699707,2.867734108287234,2.73084935180554,2.854045612241657,516937010
2022-10-06,2.8574678897857666,2.874578460073926,2.8095582521841025,2.8232467492094475,539133175
2022-10-07,2.8574678897857666,2.8780007373108276,2.8129805294210044,2.8574678897857666,432085115
2022-10-10,2.819824695587158,2.8882669772165075,2.812980549013859,2.87457848009582,351183815
2022-10-11,2.83693528175354,2.860890202841334,2.8027141407487686,2.826668857862473,636328622
2022-10-12,2.823246717453003,2.891689201809873,2.8061361473573063,2.840357287548699,683763945
2022-10-13,2.8129806518554688,2.8711565117776696,2.775337232403825,2.830091222888363,546690490
2022-10-14,2.92248797416687,2.936176470613719,2.8814226888004026,2.8814226888004026,764971307
2022-10-17,3.2133681774139404,3.2133681774139404,2.9498650705126943,2.9498650705126943,796201870
2022-10-18,3.2407450675964355,3.432383610494437,3.1825690085116567,3.405006617516414,885147492
2022-10-19,3.45633864402771,3.497403933294809,3.206524019085481,3.257855936630502,1156578537
2022-10-20,3.384474039077759,3.5316248182019003,3.3742076155224097,3.446071968487603,1080759722
2022-10-21,3.363941192626953,3.428961399217391,3.3570970462381,3.3810517625731693,484660867
2022-10-24,3.3057656288146973,3.4289617025300845,3.302343351343466,3.3913184861134527,481343727
2022-10-25,3.381051778793335,3.4529161321173856,3.319453849075899,3.319453849075899,749215167
2022-10-26,3.3297200202941895,3.4221172194880114,3.3091873773535894,3.3981622994122436,404584150
2022-10-27,3.2099459171295166,3.3707853896937614,3.196257421000251,3.3536748205256974,509688005
2022-10-28,3.0970160961151123,3.213368219531806,3.049106458230029,3.1962576491424257,334242587
2022-10-31,3.18941330909729,3.18941330909729,3.00461910748908,3.114126880725914,644361047
2022-11-01,3.2099459171295166,3.295498762969836,3.097015875056592,3.2031015670778467,723096457
2022-11-02,3.069639205932617,3.1996796182475773,3.069639205932617,3.1996796182475773,760126280
2022-11-03,2.9772422313690186,3.114127004342272,2.946443162549389,3.073061511258067,748967837
2022-11-04,3.0627951622009277,3.0833280112342667,2.9703979534732103,3.028574019110833,829895987
2022-11-07,3.1654584407806396,3.206523726298071,3.0970159582947883,3.0970159582947883,815648322
2022-11-08,3.100438356399536,3.2099461286765463,3.0901719326324737,3.1654585643180595,913320897
2022-11-09,3.1107044219970703,3.1859910499507507,3.0662170638178785,3.117548772160538,670617375
2022-11-10,3.216790199279785,3.244167192696384,3.10728242958747,3.1175488531122153,729207065
2022-11-11,3.1415038108825684,3.319454077796778,3.1141270193353883,3.3126097269294092,677146590
2022-11-14,3.1688804626464844,3.1859910319976192,3.1243929007439037,3.148347820219938,623566327
2022-11-15,3.3297200202941895,3.3297200202941895,3.1107044823475185,3.199679608380254,1329563547
2022-11-16,3.394740343093872,3.579534747841908,3.2886548476043744,3.3502527785462983,1759341495
2022-11-17,3.2270567417144775,3.4221173680536174,3.2099461711921364,3.4050067975312768,768074655
2022-11-18,3.2681219577789307,3.34340858881227,3.2099461008671515,3.2373228907186595,729773180
2022-11-21,3.336564540863037,3.336564540863037,3.2099461956485613,3.2989211222478114,708270180
2022-11-22,3.4631826877593994,3.4905596824380765,3.3262981223141996,3.3878962583541763,937661657
2022-11-23,3.647977352142334,3.6821984959076,3.4289617872757048,3.466605208596782,1085805097
2022-11-24,3.6103336811065674,3.757485078657097,3.5795348170273678,3.6787763718513604,964545390
2022-11-25,3.5076701641082764,3.5932230153405422,3.4905595938618235,3.582956999551209,874298792
2022-11-28,3.5350470542907715,3.6342886035750213,3.5042481919307886,3.517936484546745,1068864370
2022-11-29,3.5316247940063477,3.589801057772031,3.4837153616738403,3.5590017873169932,722950607
2022-11-30,3.545313596725464,3.617178155241777,3.517936602626479,3.5350471729448225,885870625
2022-12-01,3.7164194583892822,3.7301081599965937,3.5898013142237595,3.600067738442195,1004086617
2022-12-02,3.572690486907959,3.7129973226166344,3.5487353628005045,3.7095750454732372,642005412
2022-12-05,3.473449230194092,3.6103338003067424,3.473449230194092,3.600067783906852,799702090
2022-12-06,3.4939818382263184,3.56926826501294,3.466604844499864,3.4768712681408056,635858422
2022-12-07,3.384474039077759,3.5658463660357858,3.3365644024429355,3.5076701018715304,704786587
2022-12-08,3.435805559158325,3.459760683536049,3.292076852632825,3.398162345922988,679472322
2022-12-09,3.617178201675415,3.627444217639666,3.4221173711837665,3.446072088347319,602039360
2022-12-12,3.866992712020874,3.9012138539720875,3.5624243038861567,3.6308665877885846,941250782
2022-12-13,3.836193561553955,3.9285905563467614,3.7711731519233425,3.825927138144052,734607637
2022-12-14,3.822504758834839,4.044942566942275,3.716419066348842,3.8704145974841904,1091606560
2022-12-15,4.157872676849365,4.19209381756844,3.8806808658974115,3.9183242838676646,1201633760
2022-12-16,4.1955156326293945,4.294757184200566,4.1886714861637,4.209204333508954,274772775
2022-12-19,4.67803430557251,4.67803430557251,4.298179483380601,4.298179483380601,1377398337
2022-12-20,4.435064315795898,4.667768166654948,4.29133519077094,4.667768166654948,1235991760
2022-12-21,4.366621971130371,4.619858667236841,4.35635554691894,4.482973690998079,980823402
2022-12-22,4.4042649269104,4.530883477335517,4.352933214450981,4.411109481596872,697283707
2022-12-23,4.452174186706543,4.527460606860968,4.325556060817538,4.4076866268136135,659001542
2022-12-26,4.441908359527588,4.565104632987617,4.428220066009001,4.513772920370636,487037645
2022-12-27,4.4453301429748535,4.541149410803348,4.4008425820600365,4.448752012000212,722436147
2022-12-28,4.2981791496276855,4.445330123732904,4.216048174152425,4.435063700804979,606620862
2022-12-29,4.421375751495361,4.469285184940838,4.305023629209218,4.305023629209218,436067355
2022-12-30,4.3700432777404785,4.520616528236334,4.3700432777404785,4.452174252905892,636704395
2023-01-02,4.469285011291504,4.52403899705736,4.390576309733644,4.400842733058262,566205427
2023-01-03,4.335822582244873,4.496662272032444,4.315290142320714,4.482973570801491,552312495
2023-01-04,4.287912845611572,4.459018539328269,4.216048291071298,4.376887969523516,682222452
2023-01-05,4.120229244232178,4.346088935354438,4.092852250164605,4.315290071996028,440933942
2023-01-06,4.130495548248291,4.219470674401262,3.760906750973561,3.8841030167318045,643931235
2023-01-09,3.966233968734741,4.212626090574904,3.9080577054552887,4.205781944291487,485028680
2023-01-10,3.825927495956421,4.031254351564631,3.7985505002856863,3.997033208963263,422890582
2023-01-11,3.586378812789917,3.9114800503405838,3.576112389212836,3.843037770424268,472518750
2023-01-12,3.7164194583892822,3.7437964536557127,3.442650321621366,3.6787764468526096,451790735
2023-01-13,3.6958868503570557,3.788283848238008,3.6137558682809625,3.668509856331691,388466952
2023-01-16,3.880681037902832,3.887525592708563,3.7506406158168635,3.7677511869348015,460087835
2023-01-17,3.9046363830566406,3.9970333906916,3.856726536467546,3.901214105461628,505256412
2023-01-18,3.8943698406219482,4.010721972012091,3.812238852355694,3.9251687062541656,563408647
2023-01-19,3.9765000343322754,4.07231971530112,3.8806807613115963,3.8943694619992164,538746097
2023-01-20,4.205781936645508,4.253691776438655,3.976499976956636,4.003876969988697,619923485
2023-01-23,4.1852498054504395,4.414531374043456,4.1133852444527195,4.270802659996206,540602847
2023-01-24,4.116806507110596,4.2228921942911954,4.044942364652753,4.192093334373282,549968365
2023-01-25,3.973078489303589,4.17156119790981,3.8704150615363924,4.14076233275893,496720165
2023-01-26,3.843038320541382,3.983345177633518,3.825927748112986,3.969656474921866,522788940
2023-01-27,3.7266857624053955,3.825927316051696,3.5761124972707887,3.822505038773204,476312135
2023-01-30,3.678776264190674,3.805394402069238,3.6582434167733187,3.7061528501495844,404967047
2023-01-31,3.72326397895813,3.825927404302839,3.6137559988985553,3.6616658421616664,516669272
2023-02-01,3.411850690841675,3.767750776051884,3.411850690841675,3.7403741916072253,469943270
2023-02-02,3.3434085845947266,3.5213588402625238,3.1928355266920736,3.4118508650982884,656411500
2023-02-03,3.617178201675415,3.637710641552097,3.333142241206938,3.3536750890318,554757262
2023-02-06,3.528203010559082,3.617178138994079,3.3810518209185805,3.555580004535094,85674897
2023-02-07,3.2578556537628174,3.5590017621544563,3.1928354480902956,3.5521576158622246,193023115
2023-02-08,3.0935940742492676,3.0935940742492676,3.0935940742492676,3.0935940742492676,7
2023-02-15,3.5829570293426514,3.5829570293426514,3.4426501889758483,3.552157757874043,69180942
2023-02-16,3.7814395427703857,3.908057675873757,3.682197994593462,3.908057675873757,308058215
2023-02-17,3.736952066421509,3.8498819096629386,3.706152795747573,3.7129973500850033,215661937
2023-02-20,3.7711737155914307,3.860148854511939,3.723264276448524,3.754063143333504,180465100
2023-02-21,3.661665916442871,3.822505204489426,3.6377107903512633,3.7609070664433717,240178790
2023-02-22,3.736952066421509,3.7882837762632344,3.6411327931273205,3.6616656402432772,214892492
2023-02-23,3.7711737155914307,3.890947721396919,3.7129978515041238,3.7472189960199773,327930765
2023-02-24,3.6993086338043213,3.8053943302104436,3.678776194722861,3.7745954676141706,165565905
2023-02-27,3.9765000343322754,3.9901887350198955,3.6479769291037076,3.7301079093849325,446189620
2023-02-28,3.8875255584716797,4.055208990771431,3.853304416537184,3.98676670690244,403246372
2023-03-01,3.983344078063965,4.051786348884619,3.894368962817869,3.928590098228196,339155807
2023-03-02,4.099696159362793,4.140761852060945,3.9936108744209706,4.017565589862792,428679032
2023-03-03,4.0346760749816895,4.0791636358442895,3.890946969433574,4.068897212883975,500043760
2023-03-06,4.435064315795898,4.435064315795898,4.05863133991189,4.0757419111817,679737917
2023-03-07,4.441908359527588,4.715677901433007,4.435064212768295,4.57194877974691,967036082
2023-03-08,4.88336181640625,4.88336181640625,4.428220134613242,4.445330705750655,1036218242
2023-03-09,4.859406471252441,5.157130721971939,4.708833615214677,4.883361596122784,1383266910
2023-03-10,4.982603073120117,5.181086192126103,4.790964509075043,4.790964509075043,1187379442
2023-03-13,4.849140644073486,5.071578067481047,4.780697951999891,5.030512778595443,802439480
2023-03-14,4.917582988739014,5.071578129916998,4.821763708194185,4.876517291399661,990832257
2023-03-15,5.003136157989502,5.0407795802564825,4.8012311599320405,4.941538016074544,1137338815
2023-03-16,5.030512809753418,5.160553231986767,4.962070525204097,5.047623380890748,824162450
2023-03-17,5.037357330322266,5.174241909575885,5.037357330322266,5.09895547257604,1098672110
2023-03-20,4.790964603424072,5.0476235890148065,4.773854031581237,4.965492599400272,881198375
2023-03-21,4.6677680015563965,4.883361681468305,4.664346132192384,4.811497121497669,759482312
2023-03-22,4.688301086425781,4.756743372542505,4.613014653287027,4.705411657954962,514458897
2023-03-23,4.849140644073486,4.849140644073486,4.650657530571986,4.688300950020235,461016630
2023-03-24,4.739632606506348,4.886783597208101,4.739632606506348,4.8525624555541205,514037462
2023-03-27,4.660923957824707,4.7978085261649195,4.660923957824707,4.777276085682803,348482170
2023-03-28,4.448752403259277,4.712255514949256,4.438486387332181,4.6609238035210545,512668887
2023-03-29,4.6232805252075195,4.640391096201399,4.407687249094995,4.448752537890669,558887710
2023-03-30,4.626702785491943,4.767009630302662,4.551416354986661,4.578793350065361,659320130
2023-03-31,4.438486099243164,4.599325369688958,4.387153983198599,4.578792931219285,533449442
2023-04-03,4.491191387176514,4.502244437702153,4.3180283929604855,4.483822833227986,539350252
2023-04-04,4.575930595397949,4.579615091765549,4.458032421308459,4.502244181691308,353902345
2023-04-05,4.458032608032227,4.645933146536604,4.458032608032227,4.5832993408980185,387638275
2023-04-06,4.410136699676514,4.520666333647953,0.36843247009278096,4.476454567900522,243656635
2023-04-07,4.351187229156494,4.43592669999029,4.2185514974857075,4.413820598309924,236244245
2023-04-10,4.443295001983643,4.4764541526223525,4.376977139911905,4.380661636384767,225428142
2023-04-11,4.47645378112793,4.505928432847719,4.4248730308168875,4.461716235665212,333400767
2023-04-12,4.524350643157959,4.598037062755024,4.46171683513589,4.483822936697291,584788475
2023-04-13,4.4654011726379395,4.601720956192528,4.4654011726379395,4.539087589608602,504281252
2023-04-14,4.4654011726379395,4.55014063999534,4.4543481222512025,4.487507273411414,286709942
2023-04-17,4.424873352050781,4.528034420956436,4.4138203019527324,4.476454106106448,271314292
2023-04-18,4.424873352050781,4.494875709867969,4.4138203019527324,4.439610898583405,282920780
2023-04-19,4.528034687042236,4.660670417601677,4.347502696047124,4.432242166170895,516337080
2023-04-20,4.3696088790893555,4.454348350794562,4.358555828135509,4.421189637138735,182213075
2023-04-24,4.32539701461792,4.4543482479556635,4.314343963919258,4.399083433668059,276700715
2023-04-25,4.211183071136475,4.362240412390239,4.178023917609547,4.336450252450888,294846892
2023-04-26,4.130128383636475,4.259079631565632,4.104337782686042,4.196446256126905,303237750
2023-04-27,4.1632866859436035,4.211182946820319,4.093284323368185,4.13381203008057,285746252
2023-04-28,3.9901232719421387,4.185392813332603,3.920121348142751,4.178023819917333,248016347
2023-05-02,3.9459116458892822,4.067494331831752,3.9311745369532303,3.9974924055769163,217066967
2023-05-03,3.905383825302124,4.019597953495116,3.8390663977895105,3.9717016920204515,244640180
2023-05-04,3.9238059520721436,3.990123380976083,3.868540695975989,3.883278244003538,291463120
2023-05-05,3.9238059520721436,4.063810242702381,3.8943312952227687,3.9311745064830563,253440932
2023-05-08,4.3143439292907715,4.3143439292907715,3.916436742566924,3.9606489450067057,467003772
2023-05-09,4.4654011726379395,4.701197970467475,4.266447583293735,4.3106593456349955,1163623837
2023-05-10,4.723304271697998,4.837518409152475,4.458033222519897,4.476454829257345,1114550377
2023-05-11,5.194897174835205,5.194897174835205,4.745409684523235,4.745409684523235,1073644465
2023-05-12,5.147001266479492,5.493328148999209,5.147001266479492,5.427010282049233,1484549980
2023-05-15,4.634880065917969,4.634880065917969,4.634880065917969,4.634880065917969,27934875
2023-05-16,4.174339294433594,4.266447309741217,4.174339294433594,4.174339294433594,1327055185
2023-05-17,4.119074821472168,4.262763161398485,4.056441014585914,4.2222358948784535,971622867
2023-05-18,3.9717016220092773,4.1817082694497065,3.9643330678828446,4.1227589580268305,642681317
2023-05-22,3.7874855995178223,4.0195979109737054,3.7653794977769923,4.008545299308999,525456647
2023-05-23,3.8206441402435303,3.9274897082208833,3.7801168744913114,3.805907032552849,506723912
2023-05-24,3.761695384979248,3.9643330375363726,3.758010888341383,3.8427503581609574,493318627
2023-05-25,3.83906626701355,3.857487871629689,3.7469578047271557,3.7764324599541177,424859900
2023-05-26,3.8832781314849854,3.949595997673078,3.7948541634989583,3.853803475489643,478996340
2023-05-29,3.9238059520721436,4.045388637072238,3.761695559003444,3.9201214552638257,757880570
2023-05-30,4.273816108703613,4.306975259643122,4.056440916563568,4.0674939668767385,1263402445
2023-05-31,4.108022212982178,4.3217129367763025,4.108022212982178,4.251711007577453,791729185
2023-06-01,4.200129985809326,4.277500904203995,4.152233723908137,4.152233723908137,472825572
2023-06-02,4.51698112487793,4.568561876124672,4.410136004561823,4.491190968857386,920950067
2023-06-05,4.65330171585083,4.734356686751545,4.531719039896911,4.734356686751545,633402042
2023-06-06,4.697513580322266,4.73067273223344,4.54277218902055,4.6311957157056165,624193490
2023-06-07,4.892782688140869,5.018049863622311,4.679091985783105,4.7896216139813585,846149360
2023-06-08,5.006997108459473,5.1027896342336305,4.878045867951189,4.8854144224248035,648658667
2023-06-09,4.955416202545166,5.084367427820182,4.907519945316168,5.047524220598749,453523795
2023-06-12,4.826465129852295,5.025418736765755,4.826465129852295,4.977522473664049,327868312
2023-06-13,4.782252788543701,4.955416214258283,4.7233034811678,4.83751759950648,505787847
2023-06-14,4.878045558929443,5.051208993721046,4.774884485216874,4.81909624846349,798713392
2023-06-15,5.0843682289123535,5.0843682289123535,4.907520718544277,4.955416983319802,624905995
2023-06-16,4.944363594055176,5.128579646612309,4.944363594055176,5.088052378573168,526183667
2023-06-19,4.745409965515137,4.959100673050207,4.745409965515137,4.944363564615669,492284632
2023-06-20,4.885414123535156,4.933310383491943,4.726988235619188,4.745409840279052,513901867
2023-06-21,4.826465129852295,4.973838416013596,4.7712003122439555,4.940679261925156,414534337
2023-06-22,4.878045558929443,4.929626315388577,4.71225111735036,4.837517853083388,729288507
2023-06-23,5.029102802276611,5.143316924553345,4.944363334704102,4.951731888578735,628851842
2023-06-26,5.176476001739502,5.25016242409504,5.165422950545027,5.228056760911812,372389665
2023-06-27,5.1801605224609375,5.235425339482798,5.11752715101064,5.154370362358548,241478930
2023-07-03,5.250162124633789,5.312795931428037,5.224371966121526,5.250162124633789,493189687
2023-07-04,5.301743030548096,5.397535552533235,5.279636928795922,5.283321425489854,807089755
2023-07-05,5.250162124633789,5.3275330393762745,5.0991047917387275,5.320164485402156,490445185
2023-07-06,5.128579139709473,5.30911111689532,5.128579139709473,5.272267910025433,488031160
2023-07-07,5.1248955726623535,5.213319101924148,5.0954209165065185,5.1322641268998845,253881952
2023-07-10,5.154369831085205,5.224371749748672,5.1396322845416424,5.217003196079729,279426702
2023-07-11,5.349638938903809,5.4159568005830865,5.15805390756241,5.26858353062598,980379930
2023-07-12,5.3864827156066895,5.544908613241338,5.30174324113181,5.342270949551973,1279766400
2023-07-13,5.43806266784668,5.522802136582629,5.390166847401127,5.415957005919277,1033698385
2023-07-14,5.33858585357666,5.548592487378108,5.309111199779468,5.50069622985838,548527585
2023-07-17,5.3570075035095215,5.460168573086738,5.283321087983749,5.382797661102406,502291197
2023-07-18,5.0843682289123535,5.445432243618391,5.0843682289123535,5.37174537835976,491969297
2023-07-19,5.25753116607666,5.25753116607666,5.04752452104944,5.084367730463941,368322967
2023-07-20,5.323849201202393,5.3901670681115,5.180160416365041,5.2870055514033645,522854765
2023-07-21,5.183844089508057,5.360692014289176,5.169106982045804,5.2980582095603985,275358587
2023-07-24,5.121211051940918,5.23542517930739,5.065946236609859,5.202266026585328,251964560
2023-07-25,5.294374465942383,5.312796070964356,5.147001186560891,5.158054237415216,480968637
2023-07-26,5.161738872528076,5.294374607925556,5.110158113559848,5.268584008838581,455105680
2023-07-27,5.294374465942383,5.305427516796708,5.172791784956219,5.2170035491678135,625181255
2023-07-28,5.544908046722412,5.640700562725356,5.445431473461313,5.471221631091127,870839630
2023-07-31,5.567014217376709,5.644384691242939,5.519117958770555,5.574382771191728,731486960
2023-08-01,5.637016296386719,5.7659679682114655,5.4749059118564976,5.548592769701653,940767747
2023-08-02,5.802811145782471,5.865444513442184,5.574382897885391,5.637016265545104,771960955
2023-08-03,5.659122467041016,5.861760120783831,5.648069416268449,5.828601407671835,534520440
2023-08-04,5.917025089263916,5.9243940827743335,5.651754059854662,5.681228716279183,696972185
2023-08-07,5.957552909851074,5.972290457945982,5.850707772390188,5.961237406676233,444255360
2023-08-08,5.979659080505371,6.152822088351543,5.8801820571502,6.060714058730629,751179920
2023-08-09,6.495464324951172,6.572835243601599,5.979658932624526,6.00176459566342,1128832702
2023-08-10,6.362828731536865,6.93389895298183,6.292826365674425,6.532307681303059,1728232820
2023-08-11,6.3738813400268555,6.469673859622327,6.1601906388409,6.359143792824484,955551822
2023-08-14,6.267035961151123,6.554413528710604,6.241245801766773,6.403356190707579,722683612
2023-08-15,6.407039642333984,6.48809504874223,6.112293987629585,6.285456971927285,703389055
2023-08-16,6.281773567199707,6.403356250234134,6.255982968369892,6.3554599885289695,496560875
2023-08-17,6.340722560882568,6.414409422813753,6.27440469258851,6.289142240657036,523104037
2023-08-18,6.119662761688232,6.3886182691393865,6.038607791564707,6.355459557472481,462424972
2023-08-21,6.182296276092529,6.300194896416844,5.824916796943704,5.883866107105861,583688477
2023-08-22,6.009133338928223,6.2338770919666535,5.939130977539772,6.211770990642785,393609082
2023-08-23,6.185980796813965,6.3444066841878675,5.94649949784944,6.0201859162367715,650187587
2023-08-24,6.631783962249756,6.7938943500999995,6.255982868127565,6.292826078201842,2111845680
2023-08-25,6.882318019866943,7.000216199159689,6.451252129294129,6.668626883639951,969140967
2023-08-28,7.523390769958496,7.567602094378662,7.2212761002360395,7.258119309791881,1348277765
2023-08-29,8.16446304321289,8.260255560505064,7.398122904875505,7.457072213856179,1735011450
2023-08-31,7.759186744689941,8.606581400211873,7.759186744689941,8.282360645401011,906512365
2023-09-01,7.869716644287109,8.112881999335823,7.744449909386679,7.818136327376507,782515790
2023-09-04,8.238149642944336,8.444471789756907,7.796030254968031,7.980246300620077,954444117
2023-09-05,8.687637329101562,8.798166958826142,8.179200505321646,8.230780823510834,953692570
2023-09-06,9.048701286315918,9.240285450221439,8.643425100120652,8.849747250674715,830368820
2023-09-07,9.048701286315918,9.321340863142774,8.798166932639052,9.107649719264442,792970915
2023-09-08,9.100282669067383,9.210812311394738,8.938172702669565,9.063439454958264,551120232
2023-09-11,8.400259971618652,9.144494059866142,8.38552286297477,9.137125066338484,624187797
2023-09-12,8.186568260192871,8.54026411384889,8.149725051905124,8.42973448898565,615568742
2023-09-13,7.93603515625,8.34131046585318,7.891822952928724,8.20130661935483,529256617
2023-09-14,7.965508937835693,8.13498787009627,7.633920066269449,7.899191514886991,715245040
2023-09-15,7.950771808624268,8.267623571826764,7.862348285463688,7.99498400941024,576453312
2023-09-18,8.03919506072998,8.223411972186108,7.840241920723871,7.928665440903105,543863460
2023-09-19,8.112881660461426,8.22341216124071,7.972877823493256,8.090776438716924,398669260
2023-09-20,8.289730072021484,8.488683228330855,8.105514023881065,8.179200443137233,614430752
2023-09-21,8.525527000427246,8.569739206262392,8.142357770698018,8.304467728074444,756404007
2023-09-22,9.173968315124512,9.31397304384944,8.466578313176022,8.540264735111847,920042630
2023-09-25,9.269760131835938,9.409763971464043,9.15186151437231,9.225547930684234,579824837
2023-09-26,9.115017890930176,9.748721393705319,9.100280784021498,9.299233923316981,656598557
2023-09-27,9.395027160644531,9.57924320724317,9.115018594132323,9.137124695406438,601625852
2023-09-28,9.365553855895996,9.645562449655262,9.299235545620348,9.468714500665023,467349275
2023-09-29,9.483450889587402,9.770828455457147,9.431870571121987,9.476082774613152,518156930
2023-10-02,9.557138442993164,9.71924839609676,9.453976924900736,9.54240045582893,380101587
2023-10-03,9.255023956298828,9.66029928682835,9.188705647892576,9.601349972159946,317425545
2023-10-04,9.122387886047363,9.439239672253708,9.078175682051528,9.269760728151576,385044212
2023-10-05,9.431870460510254,9.512925873156346,8.886590430296755,9.218180195768966,412625412
2023-10-06,9.173968315124512,9.512926207393878,9.129756110598441,9.358184369964073,315867295
2023-10-09,8.893959999084473,9.232917901376977,8.88659100530841,8.916066102001196,330207382
2023-10-10,9.144493103027344,9.210810524191368,8.989751282429497,9.085543796208576,248326887
2023-10-11,9.336077690124512,9.689773547628798,9.2623912727473,9.682404554526522,444615442
2023-10-12,9.070805549621582,9.505555906287185,8.901326626799783,9.45397559370959,348798482
2023-10-13,8.842378616333008,9.041331761875673,8.71711100764748,8.997119561350033,204692360
2023-10-16,8.606582641601562,8.98975275968283,8.606582641601562,8.98975275968283,219067187
2023-10-17,8.776061058044434,8.798167160177544,8.56973890215446,8.621319221524095,197668517
2023-10-18,8.407629013061523,8.680268598967121,8.2897303864157,8.621319285644208,232339717
2023-10-19,8.466577529907227,8.70237388260534,8.32657281413456,8.414996336594932,241684975
2023-10-20,7.958140850067139,8.414996454524326,7.928665756559707,8.3413100383728,215111110
2023-10-23,8.14235782623291,8.201307141611347,7.9212985523723765,8.105514613922821,285373370
2023-10-24,8.842378616333008,8.90869603871011,8.164462893133766,8.1718310076138,431170190
2023-10-25,8.14235782623291,8.879222950846161,8.14235782623291,8.871853957019555,288933407
2023-10-26,8.216044425964355,8.38552338188522,7.906560733234303,8.245518645076032,697168727
2023-10-27,8.216044425964355,8.378154387901557,8.002353262964487,8.2970998461387,385601487
2023-10-30,7.994984149932861,8.171831199362346,7.958140941434103,8.13498799086359,296194652
2023-10-31,7.729712963104248,8.112882168981393,7.7002378682451385,8.068670844309844,282526707
2023-11-01,7.611814022064209,7.825505156810586,7.320752413570717,7.803399056193874,327061660
2023-11-02,7.633920192718506,7.751818811481713,7.545496667851791,7.626551199641537,291749372
2023-11-03,7.722343444824219,7.751818537679621,7.5676016229645695,7.648657030302738,263040702
2023-11-06,8.105513572692871,8.149724894738734,7.854979234120891,7.854979234120891,256546875
2023-11-07,7.958140850067139,8.164462990973686,7.862348333387881,8.039195380786996,333501105
2023-11-08,7.6412882804870605,8.039195458603732,7.611814065105698,7.994984135531687,432672845
2023-11-09,7.3907551765441895,7.685500858441319,7.36864907471962,7.574971227729896,503722977
2023-11-10,7.398123264312744,7.493915786258989,7.3391743916737315,7.405492257697616,315780715
2023-11-13,7.2949628829956055,7.560234356385786,7.2949628829956055,7.405492517172939,500811002
2023-11-14,7.398123264312744,7.412861251082488,7.180748500396037,7.3244372833154054,439711530
2023-11-15,7.412861347198486,7.523390978936197,7.331805932559593,7.434966570816885,309994155
2023-11-16,7.589707374572754,7.656025671644337,7.420228453271568,7.420228453271568,312724215
2023-11-17,7.567602157592773,7.61181436079366,7.530758947729171,7.5602340426669,222252252
2023-11-20,7.67076301574707,7.759186536169608,7.619182702034868,7.648656916038601,296031440
2023-11-21,7.847611904144287,7.847611904144287,7.61181464934929,7.729713276746788,294161405
2023-11-22,7.810767650604248,7.906560173553578,7.781293433578959,7.847611739503,280835635
2023-11-23,7.788661956787109,8.053933407644196,7.759186863130003,7.803399064409976,723380500
2023-11-24,7.832873344421387,7.928665862379133,7.670763402406713,7.803399128931948,425303742
2023-11-27,8.282361030578613,8.356047449406377,7.980246362020225,8.098144983509206,817746702
2023-11-28,8.16446304321289,8.319203991074362,8.11288184884769,8.245517574451364,456072487
2023-11-29,8.083407402038574,8.208674131027514,8.024458094746324,8.179199916587065,336486840
2023-11-30,7.899191856384277,8.282361059965918,7.899191856384277,8.083407904107316,428759415
2023-12-01,8.127619743347168,8.252886474512913,8.046564334610375,8.142356850823486,421436975
2023-12-04,8.356046676635742,8.37815277592197,8.04656392186251,8.15709353988233,445754717
2023-12-05,8.252886772155762,8.407628602266318,8.252886772155762,8.356047406621867,331764582
2023-12-06,8.348678588867188,8.55500071883853,8.252886077264995,8.252886077264995,682257977
2023-12-07,8.267622947692871,8.36341545655673,8.061300823619474,8.341309357832563,341270587
2023-12-08,8.201306343078613,8.378153393583469,8.157094141246708,8.311835969246994,333259895
2023-12-11,8.083407402038574,8.267623438319767,8.068670294818348,8.201306016623077,336625277
2023-12-12,8.26025676727295,8.363417414251673,8.068671704699316,8.090777808598043,616857052
2023-12-13,8.223413467407227,8.496053070203915,8.208675479354843,8.238150577048117,553054167
2023-12-14,8.849746704101562,8.857115696970713,8.333941798778968,8.385522113628955,601545072
2023-12-15,8.982382774353027,9.29186643224814,8.790797736457138,8.849747046456748,649904377
2023-12-18,9.08554458618164,9.446607694421997,8.975014955690337,9.151862013111854,721619977
2023-12-19,8.776061058044434,9.137125050454745,8.71711174515995,9.085544731085111,474981700
2023-12-20,8.871853828430176,8.886590937458315,8.709743872297713,8.783430295849874,402124800
2023-12-21,8.849746704101562,9.070805949239817,8.827640603905465,8.90132701895155,472069520
2023-12-22,8.761322975158691,9.033962528718783,8.709742661524837,8.87185259512181,402620385
2023-12-25,8.333942413330078,8.717111624142632,8.201306680784196,8.717111624142632,225354187
2023-12-26,8.216044425964355,8.407629485424723,8.068671573582993,8.407629485424723,331725907
2023-12-27,8.230779647827148,8.363415360233256,7.950771116838985,8.201305435475252,356752955
2023-12-28,8.326573371887207,8.496052313695369,8.252886951832476,8.252886951832476,266284635
2023-12-29,8.606582641601562,8.672900952074777,8.348680150499204,8.363417260022755,308932912
2024-01-02,8.636056900024414,8.81290395394844,8.525526393307645,8.776060744513318,272335322
2024-01-03,8.267622947692871,8.650792983148309,8.267622947692871,8.599212671732783,306412422
2024-01-04,8.459208488464355,8.459208488464355,8.179199936937977,8.282360566147581,436700690
2024-01-05,8.540264129638672,8.56236935192309,8.38552230317949,8.459208719891219,379446272
2024-01-08,9.321340560913086,9.350815654843075,8.65816192763061,8.65816192763061,754291582
2024-01-09,9.262391090393066,9.564505747056284,9.10764926558286,9.42450190816047,783092900
2024-01-10,9.468713760375977,9.512925963769781,9.173968080181057,9.255023493599227,504477867
2024-01-11,9.476082801818848,9.571875324050449,9.336078075969148,9.527663120432349,603619352
2024-01-12,9.564505577087402,9.896095321275428,9.151861303867445,9.395026647785944,969731015
2024-01-15,9.28449821472168,9.564506801803233,9.277129220951851,9.483451383980967,463123247
2024-01-16,9.28449821472168,9.498189371520626,9.247655002695462,9.380290741672141,443465350
2024-01-17,9.461344718933105,9.630823644131555,9.19607328136933,9.225547495138047,538803345
2024-01-18,9.52766227722168,9.881357239629738,9.512925170123706,9.630823783730174,557769772
2024-01-19,9.372920989990234,9.630824331730677,9.306603565070178,9.58661212950971,401104015
2024-01-22,9.218179702758789,9.36555253357063,9.19607360245474,9.321340332962533,256910035
2024-01-23,8.79816722869873,9.380290490150925,8.746586908927382,9.35081627268485,411233250
2024-01-24,9.16659927368164,9.328710103822766,8.812904274555036,8.8202732680747,482165175
2024-01-25,9.129755973815918,9.343447121275139,9.078175654915908,9.218180381543279,309068207
2024-01-26,9.321340560913086,9.365552762602379,9.129755524807996,9.159230618737984,378290415
2024-01-29,9.247654914855957,9.38765964627262,9.18133748520327,9.365553543584573,240750350
2024-01-30,9.439239501953125,9.535032023274882,9.20344225611144,9.35818408889362,441803595
2024-01-31,9.446608543395996,9.520295848757286,9.255024360373437,9.439240427747915,396496130
2024-02-01,9.52766227722168,9.608717683877543,9.424501649124528,9.4392387562225,326239752
2024-02-02,9.417133331298828,9.682404791719797,9.38029012170766,9.564506169663499,310597367
2024-02-05,9.52766227722168,9.689773090533407,9.4392387562225,9.601348691122885,349213030
2024-02-06,9.623455047607422,9.623455047607422,9.446607122481659,9.542399638790027,290812280
2024-02-07,9.483450889587402,9.792934557202729,9.439239564507654,9.652929831754982,351994927
2024-02-08,9.45397663116455,9.593981355994716,9.44660763781139,9.483450847754368,289236597
2024-02-09,9.51292610168457,9.571875414260463,9.358184265974282,9.48345100619091,347111112
2024-02-12,10.072942733764648,10.072942733764648,9.542399826369584,9.571874920342301,557042542
2024-02-13,10.00662612915039,10.242422508188385,9.91820171840112,10.08031255250048,695921227
2024-02-14,10.249791145324707,10.286634355718073,9.689773995980971,9.955044583766353,772230552
2024-02-15,10.205578804016113,10.448744165019109,10.176104587463016,10.205578804016113,750794332
2024-02-16,10.257158279418945,10.323476578831546,10.102417337612225,10.212946958221886,576357685
2024-02-19,10.08768081665039,10.62559276913764,10.03610049522646,10.286634865360718,664155527
2024-02-20,10.470849990844727,10.52979930080965,10.021362490575,10.13189211735496,609227777
2024-02-21,10.551905632019043,10.691909477629705,10.382426691577276,10.485587327457617,574467995
2024-02-22,10.647698402404785,10.699278721553139,10.367688947801886,10.581380096289964,690729757
2024-02-23,10.588748931884766,10.647698243637363,10.367688793209673,10.500324525050162,560479987
2024-02-26,10.559273719787598,10.684541335277963,10.33084546868195,10.596116929423257,557389807
2024-02-27,10.28847599029541,10.620064871131598,10.28847599029541,10.527957287882797,219423744
2024-02-28,10.095049858093262,10.362163367542339,10.030574456009113,10.29768796545819,249553180
2024-02-29,10.224000930786133,10.297687351175718,10.039784001400752,10.095049255898651,271880255
2024-03-01,9.864779472351074,10.28847685026239,9.837147282907923,10.24242261558283,183737491
2024-03-04,9.505556106567383,10.012150857173339,9.505556106567383,9.92004327968856,215421371
2024-03-05,9.302919387817383,9.58845403464962,9.302919387817383,9.523978639250997,267111382
2024-03-06,9.045016288757324,9.35818400911462,9.026595123189402,9.19238912694631,239883590
2024-03-07,9.55161190032959,9.570033945893309,9.100282324956243,9.100282324956243,285088881
2024-03-08,10.00294017791748,10.067416450613837,9.505556431577084,9.560821682686624,384571153
2024-03-11,9.910832405090332,10.408216141785353,9.910832405090332,10.389794098968961,405220478
2024-03-12,10.196368217468262,10.380585153233735,9.846357269289893,9.91083354817239,400808295
2024-03-13,9.763460159301758,10.297687135123523,9.680562718499864,10.196367650405028,404178240
2024-03-14,9.570033073425293,9.85556772633985,9.54240000759893,9.800303351509923,232842281
2024-03-15,9.431870460510254,9.671351762593204,9.40423827285804,9.579243299203945,175028748
2024-03-18,9.51476764678955,9.689773546854996,9.41344904250682,9.459503272966746,197664201
2024-03-19,9.9200439453125,9.956887154460816,9.477924557121302,9.51476776626962,288751470
2024-03-20,9.883199691772461,10.150314051626033,9.800303131389475,9.91083275697817,349626231
2024-03-21,10.27005386352539,10.491113994039441,9.97530819405517,10.039783589648934,607049540
2024-03-22,10.150314331054688,10.49111423893791,10.076627033555635,10.270054103263563,415249294
2024-03-25,10.50953483581543,10.951654204828897,10.104259552763494,10.168734946373464,778743938
2024-03-26,10.242422103881836,10.666119460625662,10.196367871503098,10.537167785647481,400829762
2024-03-27,9.984519004821777,10.408216334936732,9.89241054585321,10.306896854389034,351575716
2024-03-28,10.343740463256836,10.454270969668245,10.058205810526326,10.058205810526326,439909309
2024-03-29,10.491113662719727,10.638486492800658,10.352950975710337,10.352950975710337,370147456
2024-04-01,10.877699851989746,11.170669537284526,10.471321558075452,11.132866968172802,619625651
2024-04-02,10.802095413208008,11.227374568573056,10.73594023701565,10.877700556326932,636129235
2024-04-03,11.000558853149414,11.123417432843858,10.622532246100883,10.839897702878554,511914011
2024-04-04,11.813315391540527,11.870019701985074,10.981657879821942,11.047812157603548,779304289
2024-04-05,12.059032440185547,12.474860740995478,11.728259252214327,11.88892041193927,801959479
2024-04-08,12.11573600769043,12.342552348755868,12.077933434393598,12.11573600769043,409378459
2024-04-15,12.011778831481934,12.399255422612896,11.983427127597437,12.011778831481934,418491314
2024-04-16,11.491992950439453,12.191340998114518,11.491992950439453,12.05903244391268,357774015
2024-04-17,11.586499214172363,11.822765506950995,11.548696643379158,11.633752652984967,398043896
2024-04-18,11.59595012664795,11.77551211328298,11.491992380604797,11.671555268524214,294173782
2024-04-19,12.153538703918457,12.219693883820394,11.435289804013655,11.473092377692856,509899877
2024-04-22,11.832216262817383,12.342551414330583,11.699906815653083,12.314198810541136,333826829
2024-04-24,12.266945838928223,12.352001850964161,11.945624428647708,11.964525263942136,491299573
2024-04-25,12.002327919006348,12.342551969508275,11.945624511445635,12.295298529018073,358834175
2024-04-26,12.559916496276855,12.786731928407933,12.068483059992854,12.068483059992854,547311613
2024-04-29,12.786731719970703,12.871787730954457,12.607169731115087,12.616620599287591,318678888
2024-04-30,12.956843376159668,13.2025605340017,12.739477920750373,12.777281392373181,449501940
2024-05-02,12.890689849853516,13.117505285018412,12.673324381857173,13.004097567435963,282121012
2024-05-03,12.975744247436523,13.136405397151,12.928491710342925,12.966294280788427,330070680
2024-05-06,12.833985328674316,13.098603332000806,12.786731888473483,12.975744747992406,393421770
2024-05-07,13.108054161071777,13.306517888293842,12.63552156304633,12.871787862059055,581950785
2024-05-08,12.805633544921875,13.174208393355897,12.805633544921875,13.155307558164502,313394787
2024-05-09,12.937942504882812,13.013548551896179,12.84343652336386,12.890689964765551,290870950
2024-05-10,12.767830848693848,13.174208264830513,12.767830848693848,12.96629457333153,360654903
2024-05-13,12.654423713684082,12.900139987721925,12.588268534922278,12.78673226863882,355402639
2024-05-14,12.82453441619873,12.966294736312886,12.65442329385991,12.852887020992204,483829256
2024-05-15,13.041899681091309,13.174208229640083,12.673323935953173,12.81508425390679,351883301
2024-05-16,13.523883819580078,13.523883819580078,12.985196026334998,13.041900336623483,550362976
2024-05-17,13.98696517944336,14.090922027272223,13.438827434010426,13.523883446454228,507481907
2024-05-20,14.26103401184082,14.41224429963145,13.949162567951548,13.986965139899207,437252438
2024-05-21,15.215550422668457,15.603027019176203,14.298836905694527,14.298836905694527,82371662
2024-05-22,14.894227981567383,15.31950624611533,14.610708237250998,15.215550298373659,501849406
2024-05-23,14.525651931762695,15.083240540740542,14.487849360032895,14.903678550345095,376349225
2024-05-24,14.591806411743164,14.771369305942914,14.525652135608738,14.56345470786904,261181931
2024-05-27,14.809171676635742,14.988733667107061,14.525651937900246,14.648510521395108,283888634
2024-05-28,14.969833374023438,15.083241093367926,14.733567066734645,14.884777359193963,290498363
2024-05-29,14.667411804199219,15.083240080539788,14.667411804199219,15.017085807352155,274152555
2024-05-30,15.007635116577148,15.177746235537276,14.846973964409415,14.846973964409415,411146543
2024-05-31,15.225000381469727,15.64082775612457,14.9887331889897,15.035986627485705,575636193
2024-06-03,15.593576431274414,15.603027299965271,14.828073191719424,15.347859253018793,506052277
2024-06-04,15.130494117736816,15.744786139229834,15.035987236914318,15.593575850941363,395952719
2024-06-05,15.158846855163574,15.508519973921677,14.969833091867578,15.225001131546522,409161993
2024-06-06,15.196647644042969,15.470717404654211,15.13994423937361,15.253351048712327,224376486
2024-06-07,14.65796184539795,15.262803012136029,14.516201520980388,15.243901275033249,229837673
2024-06-10,14.45004653930664,14.714664536855464,14.213780244745521,14.657961130880054,234604187
2024-06-11,14.922578811645508,15.102140795135004,14.374441092002584,14.402792794388427,343114669
2024-06-12,15.158846855163574,15.272253671086101,14.82807276939558,14.913128782621897,248045803
2024-06-13,15.414012908935547,15.688082682198003,15.357309501648729,15.357309501648729,222790874
2024-06-14,15.291154861450195,15.848743460420414,15.21554971934756,15.68808230813122,289035991
2024-06-20,15.792037963867188,15.792037963867188,15.357308855348773,15.57467340960798,315373205
2024-06-21,15.81093978881836,16.018855278906813,15.716432911738949,15.782588987492662,360604114
2024-06-24,15.829842567443848,16.04720713724595,15.603027129054409,15.858195173205853,315462175
2024-06-25,15.366759300231934,15.914897006030522,15.366759300231934,15.848742735039627,328794176
2024-06-26,14.988733291625977,15.442365042495773,14.969832456868776,15.376210768918995,290946916
2024-06-27,15.499068260192871,15.508519128099113,15.00763484576517,15.092690854352595,293086115
2024-06-28,14.979283332824707,15.716433013149313,14.88477645513549,15.565222729874073,377521599
2024-07-01,14.440596580505371,15.177747213593024,14.28938628667041,15.11159293536134,277270388
2024-07-02,14.865875244140625,14.865875244140625,14.298836661830899,14.459497818806424,283744946
2024-07-03,15.51797103881836,15.565223578956209,14.903679004182,14.979284149943878,342174379
2024-07-04,15.51797103881836,15.678632198883456,15.262802995908702,15.499069301735675,314493353
2024-07-05,15.310056686401367,15.57467378401072,15.092691225632498,15.404561762651117,282175990
2024-07-08,15.442366600036621,15.574675160535023,15.33840884389134,15.35731058183938,311758828
2024-07-09,15.234451293945312,15.499068387213729,15.017085836742233,15.470717585831402,282430235
2024-07-10,14.941481590270996,15.262803009400802,14.856425575892588,15.262803009400802,212709220
2024-07-11,15.584124565124512,15.584124565124512,15.092691141351821,15.092691141351821,348354732
2024-07-12,16.160615921020508,16.20786846186578,15.451816992928107,15.489618665090546,454524471
2024-07-16,16.652050018310547,16.7654568356042,16.160615669854423,16.25512255264504,341786644
2024-07-17,16.47248649597168,16.689851056340768,16.292923605742576,16.642598518023586,230729389
2024-07-18,16.368528366088867,16.793808411280626,16.283472357050517,16.633147261160264,280820304
2024-07-19,16.604795455932617,16.727654942705524,16.255122337573376,16.330727482291767,297066889
2024-07-22,15.905447959899902,16.17006687673681,15.867646287533999,16.06610912323501,343098791
2024-07-23,15.310056686401367,15.971601232993535,15.262802345707708,15.943250431146124,329160057
2024-07-24,15.1871976852417,15.385662317317202,15.026536526921088,15.31950623824614,286905602
2024-07-25,14.771368980407715,15.225000738818514,14.743017277158414,15.149395595964114,207259054
2024-07-26,14.648510932922363,14.960382383907634,14.610708360114586,14.809172092676524,272273718
2024-07-29,14.393342018127441,14.76191775662725,14.38389205146158,14.450046324544479,230935346
2024-07-30,14.090922355651855,14.610708409478262,13.939712063909868,14.478398953561806,261630927
2024-07-31,14.17597770690918,14.261033717356137,13.977513982961074,13.996415719186794,308008197
2024-08-01,14.68631362915039,14.752467906798838,14.355540438339279,14.364991306941752,310595238
2024-08-02,14.043667793273926,14.506750401378625,14.00586522335562,14.364990088221708,198954105
2024-08-05,13.136405944824219,13.62784028238863,12.654423376870703,12.654423376870703,458205833
2024-08-06,12.843436241149902,13.552235142747275,12.843436241149902,13.514432570713458,365200809
2024-08-07,12.909590721130371,13.183659598032685,12.805633871713779,12.975744997915074,273000230
2024-08-08,12.871788024902344,13.183659471441928,12.815084617141192,13.032449182366301,318553653
2024-08-09,12.29529857635498,13.060800890362675,12.257496004074161,12.956844041911525,398023410
2024-08-12,12.36145305633545,12.541015953593206,12.285847910527266,12.408706497786671,319176530
2024-08-13,12.569366455078125,12.569366455078125,12.162988159285696,12.361451873360563,351755771
2024-08-14,12.323649406433105,12.663872532836873,12.304748572275072,12.626069963236455,319849204
2024-08-15,12.569366455078125,12.626069858365605,12.314198436431434,12.389803575004303,307102998
2024-08-16,12.304749488830566,12.644972640576858,12.304749488830566,12.607170068160604,284654259
2024-08-19,12.767830848693848,12.777281716839546,12.323649959974393,12.333100828120092,394593710
2024-08-20,12.815084457397461,12.900139567978952,12.597718993597459,12.701675840719997,316109080
2024-08-21,12.607170104980469,12.93794238926763,12.57881840090658,12.786732099160993,327642181
2024-08-22,12.748929977416992,12.862337699006892,12.616621419537669,12.739479108630054,347465144
2024-08-23,12.399255752563477,12.8339857959266,12.33310147464445,12.739478912084182,254857951
2024-08-26,12.389803886413574,12.720577051946893,12.219692770991164,12.531564200764011,379901395
2024-08-27,12.531564712524414,12.56936728430476,12.333100985356493,12.427606964165157,375915025
2024-08-28,12.418156623840332,12.597718609077475,12.370903185214438,12.522113467789795,248378394
2024-08-29,12.493762016296387,12.607169730507797,12.323649994337075,12.427606840376434,294500656
2024-09-02,12.975744247436523,13.060800256259997,12.51266253415803,12.550465104603532,375981740
2024-09-03,12.91904067993164,13.05135012546907,12.79618210220782,12.994645819871781,401215976
2024-09-04,12.947392463684082,13.013547637511895,12.815083918597193,12.824533885185993,364251209
2024-09-05,12.843436241149902,13.070251673352802,12.815084537445642,13.051350837978099,361772306
2024-09-06,12.588268280029297,12.966294903936292,12.550465707767039,12.84343631876285,314044892
2024-09-09,12.238594055175781,12.597718936261524,12.210242351777655,12.54101552946527,328142906
2024-09-10,12.02122974395752,12.333101191683957,11.964525434696158,12.29529861927119,304282957
2024-09-11,11.794412612915039,12.219692650488135,11.794412612915039,12.021228933382142,381836279
2024-09-12,12.134636878967285,12.134636878967285,11.652653427867094,11.973975728600555,403461305
2024-09-13,12.153538703918457,12.191341277597658,11.888920688164056,12.134637867721082,361362428
2024-09-16,12.002327919006348,12.172439944257311,11.955074478516146,12.153538207547465,235629539
2024-09-17,12.229143142700195,12.304749186962308,12.040130285255911,12.040130285255911,259344975
2024-09-18,12.36145305633545,12.43705820214363,12.219693633266214,12.238594469076045,293803735
2024-09-19,12.635520935058594,12.777281248191356,12.522113225322999,12.541014960921112,375394034
2024-09-20,12.673323631286621,12.824533912441208,12.569366788313936,12.635521060997975,353486633
2024-09-23,12.805633544921875,12.900139523447654,12.692225829920298,12.786731808446078,290469004
2024-09-24,13.325419425964355,13.495530545841403,12.786731659381264,12.85288683499093,551690888
2024-09-25,13.372672080993652,13.533333235432536,13.259264366322276,13.344320377646909,367002134
2024-09-26,13.44827651977539,13.750697977677941,13.297066241466291,13.467178255206203,490865537
2024-09-27,13.363222122192383,13.51443240851282,13.183659231223563,13.495530672080564,228425363
2024-09-30,13.287616729736328,13.429376145181017,13.117504710175197,13.31596843256839,334498278
2024-10-01,12.73002815246582,13.410474429159212,12.56936700070323,13.353771023410289,493007485
2024-10-02,11.96452522277832,12.748929262413055,11.96452522277832,12.701675822412952,394937215
2024-10-03,11.482542037963867,12.115735806114358,11.406936892628085,12.002328088110685,505474325
2024-10-04,11.96452522277832,12.021229531035324,11.302979766630093,11.595950373603207,470185706
2024-10-07,11.737709999084473,12.087384019189862,11.662104854266248,11.983427170385909,313106068
2024-10-08,11.822765350341797,11.96452476361742,11.595949928587052,11.737709341862676,441884373
2024-10-09,11.936173439025879,11.936173439025879,11.558146822851542,11.81331485636555,333903799
2024-10-10,11.870019912719727,12.144088798617776,11.851118175141158,11.945625060465089,341234540
2024-10-11,11.7755126953125,12.162989291901297,11.737710122505897,11.879469545209554,450631819
2024-10-14,11.681005477905273,11.917271776496852,11.548696927516007,11.803864061327022,427191420
2024-10-15,11.803864479064941,11.870019657885205,11.558147303525528,11.709358497054392,543710536
2024-10-16,11.822765350341797,11.87001878852846,11.63375249887951,11.737709341862676,350393385
2024-10-17,11.671555519104004,11.870019246111166,11.633752947354278,11.784963234353182,397491036
2024-10-18,11.113966941833496,11.803864103573565,11.104516073547751,11.718808091570672,553331797
2024-10-21,10.660334587097168,11.180120597292092,10.660334587097168,11.123417193290816,351611125
2024-10-22,10.972206115722656,11.161219867588821,10.641433852525594,10.698137257057953,486937266
2024-10-23,10.943854331970215,11.06671290925469,10.726489780740698,10.962756067529838,499969846
2024-10-24,11.057262420654297,11.255726144414334,10.981657278391843,11.066713288758201,250541824
2024-10-25,11.180121421813965,11.227374862822822,10.943855118054103,11.02891113161316,314393754
2024-10-28,11.142318725585938,11.23682560655464,11.142318725585938,11.180121297716536,78170171
2024-10-30,11.388035774230957,11.454190049436395,11.142318607347326,11.180121179076778,249974211
2024-10-31,11.113966941833496,11.463640956846403,11.104516073547751,11.37858494484351,183321387
2024-11-01,11.29352855682373,11.444738839223493,11.123417439766184,11.180120845023907,390497401
2024-11-04,10.745391845703125,11.29352962173029,10.66978669737417,11.255727047565813,308262538
2024-11-05,10.386265754699707,10.877700064015393,10.367364920417604,10.868249196232162,395586986
2024-11-06,10.452421188354492,10.62253230626973,10.291760037173605,10.414618617563953,552137108
2024-11-07,10.679237365722656,10.726490807862136,10.442971056309696,10.499674465849518,408022563
2024-11-08,11.151769638061523,11.30297992718218,10.660335297134969,10.698137869415133,582552115
2024-11-11,11.397486686706543,11.482541797464517,11.189572090745656,11.255726366207773,564660718
2024-11-12,11.473091125488281,11.586498834148253,11.293528244146728,11.35023254911889,469097460
2024-11-13,11.898370742797852,12.096834466355533,11.302979572124807,11.454189856495537,673414029
2024-11-14,11.955074310302734,12.05903205817533,11.794413155667272,12.011778618350005,418630183
2024-11-15,12.02122974395752,12.229143441585531,11.926722862283391,11.973976303120455,465181695
2024-11-18,12.266945838928223,12.370903587542994,11.936173560358291,12.087383847851335,424527088
2024-11-19,11.983427047729492,12.389804471646862,11.87946929870518,12.34255193258244,405896206
2024-11-20,11.78496265411377,12.229142624982492,11.766060918527343,12.059031511126445,371173370
2024-11-21,12.474860191345215,12.531564498690356,11.870019053180457,11.88891988810591,650967989
2024-11-22,12.852886199951172,12.95684304036661,12.370902764664025,12.455958771042269,788398184
2024-11-25,12.758379936218262,13.10805394483456,12.739478199992542,13.022997934387604,470807450
2024-11-26,12.871788024902344,12.890689761679006,12.692226031946142,12.7867320119762,293699854
2024-11-27,12.711126327514648,13.089152935430896,12.711126327514648,13.004096926117631,483411668
2024-11-28,12.777281761169434,12.900139442352174,12.701675717025937,12.72057745338291,344359574
2024-11-29,12.881237983703613,12.956843122902695,12.720576837584474,12.80563284450453,485044764
2024-12-02,12.909590721130371,12.96629503072042,12.654423581186217,12.767831299081887,335424127
2024-12-03,13.108054161071777,13.438827340203352,12.833985290268394,12.975744709162267,681747910
2024-12-04,13.12695598602295,13.212011097161499,12.994646533222298,13.14585682140338,309773815
2024-12-05,13.183659553527832,13.268715566983564,13.098603540072101,13.174208685080657,288518344
2024-12-06,13.391573905944824,13.675093645139787,13.391573905944824,13.637291073332753,669124511
2024-12-09,13.49553108215332,13.618389668842934,13.325419955516063,13.45772850942455,501442040
2024-12-10,13.07025146484375,13.523883223297197,13.060800596664963,13.46717891550887,386338471
2024-12-11,12.947392463684082,13.155307050471954,12.720577042434241,13.08915277792851,401097689
2024-12-12,13.098602294921875,13.287616040760083,12.890688616554783,13.041898892197882,408195482
2024-12-13,12.786731719970703,12.890689467299469,12.654423170693216,12.824534291376327,983975529
2024-12-16,12.597718238830566,12.871787093264613,12.597718238830566,12.805632821903263,415449954
2024-12-17,12.663872718811035,12.777281330562095,12.522113306048757,12.616620182079853,443124400
2024-12-18,12.531564712524414,12.767831011472683,12.531564712524414,12.682774999645801,383607829
2024-12-19,12.418156623840332,12.644972047703368,12.380354053196493,12.399254887876223,345489603
2024-12-20,12.427606582641602,12.52211345983334,12.30474890409047,12.503211723881241,473628664
2024-12-23,12.144087791442871,12.569366937560945,12.125186055431927,12.503211762807018,372259088
2024-12-24,12.323649406433105,12.333100274154297,12.13463655843101,12.162988260310236,319606271
2024-12-25,12.947392463684082,12.97574416601922,12.663872736479597,12.777281348388884,492200272
2024-12-26,12.871788024902344,13.20256120821859,12.80563374875286,13.013548346874057,666161520
2024-12-27,12.909590721130371,12.994646734873232,12.83398557586659,12.88123901697756,315929593
2024-12-30,12.72057819366455,12.985196209071002,12.72057819366455,12.909591061812016,250399584
2024-12-31,12.796182632446289,12.956843786797535,12.663873181426322,12.720577489373278,353222316
2025-01-02,13.278166770935059,13.29706760702256,12.805634152049715,12.852887594195137,683285505
2025-01-03,13.306517601013184,13.429376182001477,13.155307317115096,13.334869303922979,585770162
2025-01-06,13.363222122192383,13.486080705148837,13.297066945963891,13.344320385760128,533162357
2025-01-07,13.230912208557129,13.372671621706493,13.19310963829834,13.334869051447704,479306504
2025-01-08,13.230912208557129,13.40102422536386,13.155307068039551,13.20256050618413,456565996
2025-01-09,13.68454360961914,13.769599621490475,13.193110176217795,13.287617056360256,773764969
2025-01-10,13.571135520935059,13.760149276021023,13.297066657601667,13.68454323321601,710474498
2025-01-13,13.363222122192383,13.693994398197237,13.249814407452055,13.51443240851282,612106218
2025-01-14,13.382122993469238,13.580586720121723,13.24981444322385,13.419925565151406,651075669
2025-01-15,13.41047477722168,13.542784229543837,13.315968798092488,13.419925645519921,493726716
2025-01-16,13.25926399230957,13.599488028011178,13.060800271911758,13.55223458957658,700723255
2025-01-17,13.49553108215332,13.51443281915992,13.240363941555222,13.268715645780693,565125744
2025-01-20,13.637290954589844,13.675093526067723,13.363222086054119,13.599488383111964,487299835
2025-01-21,13.816853523254395,13.920810373857314,13.637291526524907,13.637291526524907,666535450
2025-01-22,14.0153169631958,14.024767831584505,13.807402365066395,13.873557542502907,429797730
2025-01-23,13.712896347045898,14.081471200340186,13.712896347045898,14.062570364899551,495536670
2025-01-24,13.703445434570312,13.807402282370182,13.571135981774143,13.741248006614303,345539728
2025-01-27,13.599488258361816,13.637290829492928,13.457727940656861,13.590037390257942,360359578
2025-01-28,13.977513313293457,13.986964180953521,13.646740155465945,13.703444460141991,474813996
2025-01-29,13.854655265808105,14.128724129409113,13.845204397787702,13.977513846220196,340459196
2025-01-30,13.722347259521484,13.958613561637616,13.684543785949863,13.901909252564602,294235499
2025-01-31,13.382122993469238,13.807402150214733,13.372672125227595,13.731797006850396,295074523
2025-02-03,12.900139808654785,13.240363862465875,12.626070932687195,13.202561289962912,595773161
2025-02-04,13.12695598602295,13.28761714253645,12.890689685418907,12.947393092844607,475904340
2025-02-05,12.98519515991211,13.35377089898336,12.739478000531276,13.126955475532302,492717706
2025-02-06,13.16475772857666,13.16475772857666,12.890688873196014,13.07970172151295,411773222
2025-02-07,13.07025146484375,13.183659179136013,12.862336871332403,13.136405739526472,400747366
2025-02-10,12.975744247436523,13.089152860057402,12.928491710342925,13.0513502896119,241915707
2025-02-11,13.013547897338867,13.13640557700555,12.919041019289002,12.975744425091413,361589930
2025-02-12,12.852886199951172,13.13640501949952,12.815083630592436,13.022997311423312,421868024
2025-02-13,13.334869384765625,13.476629702742795,12.994646243932323,13.070251386339724,655470947
2025-02-14,13.637290954589844,13.731796932642345,13.212010898858205,13.35377121786355,433422041
2025-02-17,13.618389129638672,13.769599414566763,13.457727976581479,13.656191700870695,290103910
2025-02-18,13.44827651977539,13.675092838523392,13.240362837742554,13.618388533515304,499354665
2025-02-19,13.552234649658203,13.797951809579962,13.391573499038929,13.438826937683016,631488556
2025-02-20,14.005865097045898,14.015315964761333,13.571135096263744,13.580585963979178,497356555
2025-02-21,13.665642738342285,13.996415916684665,13.315968724791874,13.968063311946013,389010927
2025-02-24,13.523883819580078,13.826304404360169,13.486081246482568,13.816853535764682,250635053
2025-02-25,13.703445434570312,13.864106591078372,13.514432574350362,13.552235146394352,398524423
2025-02-26,14.346090316772461,14.355540283988892,13.552235388388848,13.703445679264883,422463163
2025-02-27,14.440596580505371,14.572906038253183,14.251583713211671,14.261034581897468,476822863
2025-02-28,14.336639404296875,14.620159149462015,14.317737667353134,14.364991108428061,382535832
2025-03-03,14.998185157775879,15.536872954113704,14.52565254070184,14.535103409351585,814536585
2025-03-04,14.988733291625977,15.1777461456199,14.856424744472422,14.998184159646769,391056606
2025-03-05,15.111592292785645,15.319505987325579,14.828072553258709,15.215550041340018,540324072
2025-03-06,15.177746772766113,15.291155391132905,14.884777062291088,15.234451983233928,442846214
2025-03-07,15.347858428955078,15.40456183548679,15.13049386844286,15.168295538607737,472710217
2025-03-10,15.234451293945312,15.404561509945543,15.215549557977923,15.357308972595826,316712850
2025-03-11,14.88477611541748,15.281703550598028,14.875325247607382,15.26280181497783,349058057
2025-03-12,15.083240509033203,15.328956774118167,14.941481090665556,14.960381925848521,775561272
2025-03-13,15.206098556518555,15.234451160220765,15.054888275244247,15.139944283782137,378377753
2025-03-14,15.414012908935547,15.470718118791183,15.196648345528727,15.243900884506274,539052758
2025-03-17,15.414012908935547,15.688082682198003,15.30060609436191,15.451816382172638,396125142
2025-03-18,15.319506645202637,15.432915266911127,15.262803235632836,15.376211857341326,251443021
2025-03-19,13.788500785827637,14.506750521507566,13.788500785827637,14.213779926251364,469255873
2025-03-20,12.673323631286621,13.892457649700932,12.474859911950135,13.7034447982577,961197551
2025-03-21,11.406936645507812,12.65442331909147,11.406936645507812,12.58826814239253,623563500
2025-03-24,11.633752822875977,11.89837082229271,10.953305637377126,11.435289097992328,177489553
2025-03-25,12.380353927612305,12.522113340767625,11.737709331901534,11.936173051089604,799067624
2025-03-26,12.040129661560059,12.38035368862008,11.81331424437628,12.125185668325065,647098314
2025-03-27,11.813315391540527,12.238594565379099,11.728259376515926,12.200791992177546,584052750
2025-03-28,11.757758140563965,11.882432681779806,11.470047731189421,11.844071354836945,407717436
2025-04-02,11.796119689941406,11.939974440038197,11.51799983570973,11.681035706942733,322189494
2025-04-03,11.623493194580078,11.987926262719494,11.623493194580078,11.834480952893674,297319353
2025-04-04,11.527589797973633,11.671444540604085,11.402915260877704,11.623492654858552,342152155
2025-04-07,11.498818397521973,11.60431273164999,10.990530591307735,11.000121151611404,558505321
2025-04-08,11.47963809967041,11.757757944008336,11.460456979216543,11.719396617706765,349567222
2025-04-09,10.942578315734863,11.431685898575711,10.913807550451912,11.36455380804678,430712774
2025-04-10,10.904217720031738,11.412505542199327,10.904217720031738,11.412505542199327,279846091
2025-04-11,11.057662963867188,11.0672535244134,10.702820455113073,10.904217653552566,444116564
2025-04-14,10.904217720031738,11.201518696533505,10.904217720031738,11.172747014719457,314654567
2025-04-15,10.789133071899414,11.076843470071294,10.769951951871755,10.894626488233108,335350420
2025-04-16,10.693229675292969,10.84667589706724,10.578145694916898,10.779542889226565,325412482
2025-04-17,10.606917381286621,10.84667590250859,10.568556054475353,10.693229680657343,550507752
2025-04-18,10.223302841186523,10.683639661435684,10.213712281167425,10.654867981378388,359691473
2025-04-21,10.165761947631836,10.54937522638518,9.916412859139061,10.252074249396689,766330827
2025-04-22,10.19453239440918,10.28084560806687,10.079448414400982,10.252073927110192,309518423
2025-04-24,10.491832733154297,10.511013854314413,10.14658078372796,10.242484560316152,470337716
2025-04-25,10.271255493164062,10.53978479149471,10.261664932429271,10.520604584631341,284205298
2025-04-28,9.916412353515625,10.357568058891184,9.887641587727654,10.309616172840462,410861928
2025-04-29,9.782147407531738,9.983544600390017,9.753376641296603,9.906821947358878,342825506
2025-04-30,9.878050804138184,9.887641364052605,9.65747249913718,9.782147034206245,513164349
2025-05-02,9.926003456115723,10.041087440163247,9.9068223348047,9.926003456115723,307983568
2025-05-05,9.762967109680176,10.069857718916026,9.762967109680176,10.002725626797224,257027334
2025-05-06,9.801328659057617,10.021906060817944,9.753376771620882,9.762967332029465,363833773
2025-05-07,9.715015411376953,9.87805127934072,9.67665408447996,9.84928051281952,417955323
2025-05-08,9.801328659057617,9.83968998608577,9.7437862112123,9.782147538240451,169523675
2025-05-09,9.887641906738281,10.012315534043957,9.7054249167878,9.87805134629748,498320085
2025-05-12,10.367158889770508,10.386339095928012,10.07944848055851,10.184941900940231,676918578
2025-05-13,10.44388198852539,10.511014084845772,10.223303663377225,10.3383876490434,578874789
2025-05-14,10.501422882080078,10.606917215112965,10.367158697647183,10.41510966945541,551068425
2025-05-15,10.271255493164062,10.58773668056245,10.223303604096323,10.520604584631341,378385080
2025-05-16,10.520604133605957,10.568556020617967,10.213712605492795,10.280845613152078,514050607
2025-05-20,10.654868125915527,10.779542664036637,10.463061495962345,10.53019358779442,539693881
2025-05-21,10.5493745803833,10.722001002554448,10.48224248936392,10.616506671402684,343436576
2025-05-22,10.664459228515625,10.78913377297834,10.568556365963984,10.616507339936703,582176950
2025-05-23,10.5493745803833,10.789133093573831,10.453470809264632,10.674049116995114,415944161
2025-05-26,10.53978443145752,10.65486841252512,10.405520244181742,10.65486841252512,257653068
2025-05-27,10.434290885925293,10.63568807903493,10.395929559361846,10.539784305323229,326682715
2025-05-28,10.453471183776855,10.49183251067745,10.367158884205152,10.434290977629647,273046639
2025-05-29,10.520604133605957,10.587736226659068,10.482242806917583,10.53019377932342,372536662
2025-05-30,10.309616088867188,10.530193482455257,10.309616088867188,10.530193482455257,282757723
2025-06-02,10.415109634399414,10.491832286561733,10.280845450418436,10.309616216327766,340962292
2025-06-03,10.904217720031738,11.00971114286465,10.549375209114276,10.549375209114276,661248317
2025-06-04,11.019301414489746,11.019301414489746,10.865856107263703,10.885037227970045,337510343
2025-06-05,10.952169418334961,11.009710951751819,10.913808091188328,10.98094018504339,109007722
2025-06-10,11.422096252441406,11.479638702217148,11.057663176144933,11.096024504460024,488579626
2025-06-11,11.402915954589844,11.517999938616729,11.37414427262847,11.431686721945015,322420802
2025-06-12,11.038482666015625,11.402915732299546,11.028892105548794,11.278241190049295,345792630
2025-06-13,10.885037422180176,10.885037422180176,10.376748689667332,10.511013793188758,468753109
2025-06-16,11.057662963867188,11.182337507149368,10.769952549724174,10.904217653552566,403326143
2025-06-17,10.923398971557617,11.163157501897814,10.923398971557617,11.048073517087266,264512779
2025-06-18,11.000121116638184,11.143975862311171,10.865856016632204,10.913807903391923,297655570
2025-06-19,10.808314323425293,11.20151814271474,10.798723763294781,11.076843604836547,353356992
2025-06-20,10.942578315734863,11.038482086152882,10.827494339996923,10.932987755771833,320141217
2025-06-23,10.885037422180176,11.00012140465303,10.779543085625416,10.856265740607318,304803149
2025-06-24,11.239879608154297,11.39332491372263,11.086434302585966,11.316602260938463,549963595
2025-06-25,11.211108207702637,11.24946953505382,11.124795907117118,11.24946953505382,281551923
2025-06-26,11.201518058776855,11.287831270092372,11.17274637860092,11.182336938659564,284319528
2025-06-27,11.652263641357422,11.776938180816828,11.057662624816833,11.191927724528385,507492409
2025-06-30,12.803105354309082,12.803105354309082,11.70980617210315,11.815299591813567,157088300
2025-07-01,13.13876724243164,13.311393676460629,12.803105849671752,12.86064738461061,760794971
2025-07-02,13.349754333496094,13.570331730683078,13.062043929447112,13.167537347935736,718111942
2025-07-03,13.301802635192871,13.771729116842641,13.148357328091409,13.589513043311198,588946425
2025-07-04,13.531970977783203,13.570332305641312,13.177128466444145,13.320984131866703,360963195
2025-07-07,13.253850936889648,13.522381142748927,13.215489609567777,13.311393385175547,425817649
2025-07-08,13.45524787902832,13.493609205623311,13.186718592863375,13.378525225838336,476135348
2025-07-09,13.771729469299316,13.867633245995261,13.33057374278913,13.45524828665138,572288727
2025-07-10,14.337559700012207,14.433463476442869,13.953946423501952,13.953946423501952,542948926
2025-07-11,14.375920295715332,14.567726924204653,14.116981575906285,14.48141462733907,466182819
2025-07-14,13.963536262512207,14.337558959130849,13.915584376774751,14.327968399062128,344820690
2025-07-16,13.51279067993164,13.925175637576928,13.25385103268287,13.752549206077749,505063847
2025-07-17,14.04025936126709,14.09780089430078,13.541561197075481,13.714187625388911,541830209
2025-07-18,13.98271656036377,14.097800538129814,13.867632582597723,14.030668446417826,274120444
2025-07-21,14.270427703857422,14.414282454890996,14.088210710301611,14.09780127093217,385167285
2025-07-22,13.963536262512207,14.280017427930819,13.934764582306045,14.280017427930819,382580082
2025-07-23,13.819681167602539,14.021078364209501,13.742958513143334,13.982717036979897,334599210
2025-07-24,14.097801208496094,14.280018201244904,13.781320025938895,13.886813448589228,697360679
2025-07-25,14.021078109741211,14.145752649626251,13.944355456674444,14.116981883377756,230499268
2025-07-28,13.723777770996094,14.097800468229714,13.685416445264282,14.069029702582393,262585278
2025-07-29,13.723777770996094,13.905993839570659,13.695006090742623,13.733367416474435,289951771
2025-07-30,13.905994415283203,13.963536863566269,13.67582645136331,13.685417011844853,328482501
2025-07-31,14.212884902954102,14.232066023740543,13.953946174580382,13.982716941153866,346922557
2025-08-01,14.318379402160645,14.327969048057588,14.030668989310003,14.17452373843223,302890298
2025-08-04,14.519776344299316,14.85543772454911,14.423872570167275,14.423872570167275,493349679
2025-08-05,14.682812690734863,14.692402336776087,14.491005136211127,14.53895702484206,341117060
2025-08-06,14.414281845092773,14.615679036783362,14.356740312956127,14.606088476558535,380756875
2025-08-07,14.519776344299316,14.701992417622785,14.452643336564417,14.462233896898857,358728442
2025-08-08,14.299198150634766,14.548547233803069,14.299198150634766,14.50059534633129,220927890
2025-08-11,14.260836601257324,14.433463027622071,14.260836601257324,14.385511140897846,190471462
2025-08-12,14.126571655273438,14.356740531136404,14.126571655273438,14.260836756642986,198320187
2025-08-13,14.126571655273438,14.318379204260273,14.126571655273438,14.136162215644015,207728796
2025-08-14,13.848451614379883,14.193704466074806,13.838861968748708,14.097800692913735,235816123
2025-08-15,13.925175666809082,14.011487968133668,13.829271890306837,13.867633217986496,189420626
2025-08-18,13.82927131652832,13.982716620880487,13.714187338264196,13.944355294792446,199008364
2025-08-19,13.848451614379883,13.982716713884148,13.78131952193083,13.858042174617223,212034806
2025-08-20,14.059439659118652,14.145752873838385,13.762139602424224,13.819681135833257,413655989
2025-08-21,14.529366493225098,14.577318381951843,14.184114540683707,14.270427757470605,504985278
2025-08-22,14.634860038757324,14.682811924887114,14.433462848697136,14.548546826644936,372042974
2025-08-25,14.529366493225098,14.82666747164595,14.519776847164714,14.82666747164595,271581190
2025-08-26,14.682812690734863,14.72117401871837,14.414282480244113,14.500595696858554,363300023
2025-08-27,14.491004943847656,14.711583262779365,14.404692642985188,14.70199270225925,265058275
2025-08-28,14.519776344299316,14.663631090891203,14.452643336564417,14.510185783964877,247641482
2025-08-29,14.433463096618652,14.625269729826288,14.3855112096652,14.519776310213631,297118594
2025-09-01,14.222475051879883,14.586908104823342,14.078620308568112,14.433462801395812,510044649
2025-09-02,13.244260787963867,14.519776016226544,12.822285288844787,14.280017500919932,226722539
2025-09-03,12.572936058044434,13.292211595075479,12.438671876479903,13.282621949682397,617831325
2025-09-04,13.023682594299316,13.0908146865092,12.515394793411284,12.630478772030868,646451850
2025-09-05,13.129176139831543,13.666235626528865,12.812694966912,13.090814813253603,821682441
2025-09-08,12.851056098937988,13.09081461507195,12.6880202347984,12.841466453393307,350494859
2025-09-09,13.071634292602539,13.109995618257031,12.716791801646956,12.918188989984573,568244565
2025-09-10,13.368934631347656,13.397706312174947,12.985321366378807,13.186718559138995,411551319
2025-09-11,13.26344108581543,14.116981735499945,13.205899553921196,13.34975429826294,14051393
2025-09-12,13.378525733947754,13.426477622664224,12.985321892763865,13.292212517179347,433713503
2025-09-15,14.260836601257324,14.423872467355993,13.23467043254725,13.378525178113764,1040833495
2025-09-16,14.318379402160645,14.37592093596706,14.049849195710078,14.270427514251173,684089109
2025-09-17,14.404692649841309,14.43346341680916,14.222475658297142,14.337559640774735,556245305
2025-09-18,13.85804271697998,14.47182487709889,13.848452156367294,14.47182487709889,462231120
2025-09-19,14.452643394470215,14.510185842101224,13.877223491191021,13.95394614496158,673416448
2025-09-22,14.57731819152832,14.87461916606553,14.57731819152832,14.79789651094745,477290543
2025-09-23,14.241656303405762,14.39510160824791,14.155343090780514,14.26083650920795,405331543
2025-09-24,14.078620910644531,14.433463418647177,13.647054833040862,14.270427548131611,711692132
2025-09-25,13.953946113586426,14.174523514029277,13.925175347138701,14.164933868284152,251443211
2025-09-26,13.570331573486328,13.992307071765042,13.41688627033267,13.925174980286855,448152925
2025-09-29,13.531970977783203,13.762139859538056,13.33057377787658,13.33057377787658,364026276
2025-09-30,13.570331573486328,13.723777791246139,13.359344738953123,13.599103253782253,389920277
2025-10-01,13.944355964660645,14.09780127638412,13.45524834758742,13.570332331380026,497866652
2025-10-02,13.378525733947754,13.982717336720388,13.263441749791948,13.953946569332988,448541854
2025-10-03,12.688020706176758,13.484019850751702,12.64006973285344,13.474429290244563,427694136
2025-10-06,12.371539115905762,12.755153292010489,12.2756362578342,12.73597217163248,324988705
2025-10-07,12.361949920654297,12.467443342757866,12.227684816935598,12.400311248201612,385366577
2025-10-08,12.083829879760742,12.4770337096703,12.026287432029651,12.361949728814297,496580204
2025-10-09,11.604312896728516,12.266046018790338,11.604312896728516,12.218094131196018,544357246
2025-10-10,11.66185474395752,11.786529289215057,11.56595188079448,11.642674537167395,394816882
2025-10-13,11.537179946899414,11.728986583645495,11.460457292200983,11.5179997405279,322043272
2025-10-14,11.16315746307373,11.604313193949658,11.06725368542871,11.546770744441403,422221471
2025-10-15,11.335783004760742,11.441277343299733,11.134385802993643,11.268650909040446,442672691
2025-10-16,11.10561466217041,11.441276958701017,11.048073129089047,11.259059969862284,595863681
2025-10-17,10.817904472351074,11.134385654535901,10.654868600970262,11.057662999133894,495125730
2025-10-20,11.28783130645752,11.364553957961562,10.760362391412619,10.856265248489596,645052968
2025-10-21,11.565951347351074,11.652263645835061,11.230289055246292,11.287831502175116,559323053
2025-10-22,11.565951347351074,11.80570986610987,11.54677022683941,11.6139023194179,526221544
2025-10-23,11.565951347351074,11.80570986610987,11.460457013749258,11.57554099300074,694818996
2025-10-24,12.640069961547852,12.716792617780714,11.748167939583068,11.748167939583068,402642488
2025-10-27,11.997516632080078,12.553756328639263,11.939974184509119,12.515395001794015,752135244
2025-10-28,11.901613235473633,12.083830229727566,11.872842468077929,12.007107573601553,256195727
2025-10-30,11.939973831176758,12.14137101980603,11.863251179756668,11.9975162770449,505077180
2025-10-31,12.131780624389648,12.22768439726952,11.776938128103978,11.939973993236064,630031855
2025-11-03,12.400311470031738,12.649659646246796,12.218094474967653,12.237275596387539,669072881
2025-11-04,12.361949920654297,12.640069774023878,12.266046144482914,12.342768799577543,588921650
2025-11-05,12.563346862792969,12.64006951632341,12.266045894407881,12.381129874703541,621656492
2025-11-06,12.707201957702637,12.783924613335365,12.52498587922646,12.611298180858627,491290993
2025-11-07,12.3523588180542,12.716791871064277,12.227684280345,12.688020190711741,559488667
2025-11-10,12.064648628234863,12.448261893597591,12.0358778619842,12.438672247918149,447027211
2025-11-11,11.700215339660645,12.208503134961774,11.479637945049152,12.083829512115544,769415374
2025-11-12,11.853660583496094,12.035877566017227,11.709805841174058,11.81529925790314,397216643
2025-11-13,11.901613235473633,12.007107573601553,11.776938690617312,11.901613235473633,370133617
2025-11-14,11.815299987792969,11.987926420928321,11.719397125189264,11.863251876397923,313198963
2025-11-17,11.738576889038086,11.959155202457232,11.661854236006947,11.920793875941664,535763609
2025-11-18,11.767348289489746,11.930383237341529,11.642673752633321,11.700215283732504,563617911
2025-11-19,12.122191429138184,12.352359395073455,11.767348919669757,11.815299893284958,681328192
2025-11-20,12.294816970825195,12.352359419726957,12.122191453332304,12.198914108797188,414998908
2025-11-21,12.179732322692871,12.198913442815025,11.959154928924985,12.160552117176865,494298048
2025-11-24,12.323588371276855,12.419491231115751,12.103010055895659,12.122191176627144,537488137
2025-11-25,12.553756713867188,12.630479369912015,12.28522741771029,12.371539719806067,727451567
2025-11-26,12.563346862792969,12.649659162060084,12.457852528233982,12.563346862792969,460314714
2025-11-27,12.7935152053833,13.033273733476372,12.640069893740726,12.659250100392947,581065662
2025-11-28,13.014092445373535,13.100405660717472,12.716792386529072,12.764744274454168,481361635
2025-12-01,13.388115882873535,13.503199863490043,12.841466746293579,13.004502614151843,789531706
2025-12-02,13.32098388671875,13.608693383056709,13.15794801767061,13.426477307735588,713533769
2025-12-03,13.311392784118652,13.656644714426127,13.292211664020721,13.378524875249125,203713779
2025-12-04,13.1004056930542,13.378525546178842,13.052453805010739,13.359345339725174,673482964
2025-12-05,13.493609428405762,13.52238110978166,13.042864062124242,13.090815035205035,633308470
2025-12-08,13.63746452331543,13.858041917037385,13.522380546424912,13.60869284313819,633049897
2025-12-09,13.742958068847656,13.810090160677603,13.599103325038868,13.656644856719922,501117578
2025-12-10,13.4744291305542,13.781319746296061,13.330573468470567,13.762139540115284,502647365
2025-12-11,13.32098388671875,13.560742410071171,13.225080111535307,13.522381082919031,797116136
2025-12-12,13.340164184570312,13.531970821647741,13.27303209024476,13.426477399906702,453630446
2025-12-15,13.4744291305542,13.531970663702708,13.282622495715534,13.359345149651,483303194
2025-12-16,13.311392784118652,13.493608852018284,13.253850338431,13.474428646526496,431670827
2025-12-17,13.368934631347656,13.436067638671831,13.14835723264211,13.292211978353887,497439061
2025-12-18,13.436067581176758,13.493609113372772,13.292211921474394,13.397706254844026,531559528
2025-12-19,13.445658683776855,13.503200218293955,13.340164346151836,13.436068123155271,539304558
2025-12-22,13.48401927947998,13.627874022567676,13.416886273380392,13.45524759917752,658992579
2025-12-23,13.32098388671875,13.608693383056709,13.27303199912703,13.464838634887728,626616948
2025-12-24,13.157947540283203,13.52238059230952,13.157947540283203,13.340163608993286,563830564
2025-12-25,13.10999584197998,13.301802473525631,13.100405281751158,13.234670381136194,262750827
2025-12-26,12.975730895996094,13.177128090151518,12.90859880281301,13.119586557310638,415274970
2025-12-29,12.94696044921875,13.109996320636668,12.8606472332203,12.985321776928485,470038560
2025-12-30,13.023682594299316,13.148357133122072,12.831875963266679,12.98532126809279,458332350
2025-12-31,13.51279067993164,13.522381240482972,13.062044394687224,13.062044394687224,524373199
2026-01-02,13.790910720825195,13.800501281506675,13.4936097419428,13.570332398182217,598690454
2026-01-05,13.800500869750977,13.953946177651572,13.723778215800678,13.905994290281091,602360524
2026-01-06,14.04025936126709,14.145752781566308,13.752548952280097,13.829271606062472,758276839
2026-01-07,13.82927131652832,14.116981719491712,13.742958104178687,14.097800599144612,571554572
2026-01-08,13.867632865905762,13.982716846022909,13.73336776513267,13.848451745249816,607844431
2026-01-09,13.877223014831543,14.0786202027175,13.771728683563666,13.925174900443656,614424957
2026-01-12,13.85804271697998,14.03066914958353,13.781320061290891,13.915585166049896,588739040
2026-01-13,13.992307662963867,14.088210524183888,13.838862353326881,13.877223680736128,702449366
2026-01-14,14.04025936126709,14.069030127783934,13.886813139096164,14.030668800892748,571036187
2026-01-15,13.675826072692871,14.069029895486798,13.579922299745306,14.011487448797027,714805464
2026-01-16,13.599103927612305,13.781320005484469,13.531970918201552,13.714187910679913,801164277
2026-01-19,13.992307662963867,14.021078429869254,13.64705480167446,13.65664536217832,728568347
2026-01-20,13.819681167602539,14.011487803750553,13.733367952684386,13.982717036979897,788531854
2026-01-21,14.260836601257324,14.28001772178948,13.838862010217701,13.877223336675849,829649274
2026-01-22,14.069029808044434,14.35674021049278,13.829271291771839,14.337559090180019,850429338
2026-01-23,14.57731819152832,14.596499312610938,14.116982260819833,14.126571906754949,679421586
2026-01-26,14.663631439208984,14.79789654326192,14.366330464022553,14.452643679870427,813616554
2026-01-27,14.423872947692871,14.730763569577976,14.270427636750318,14.682812595863075,809348954
2026-01-28,14.836257934570312,14.989703245800024,14.385511646878388,14.443054095892629,959125440
2026-01-29,15.593894004821777,16.11177144502565,14.874618461218628,14.903389226873031,1041114608
2026-01-30,15.977507591247559,16.150134017941053,15.402086778673354,15.603484886219878,869144348
2026-02-02,16.150135040283203,16.437844550176838,15.334955656634639,15.536353776930145,838341497
2026-02-03,16.744733810424805,16.811867731166537,16.06382050581228,16.303579020824404,892534808
2026-02-04,16.3227596282959,16.81186720306196,16.3227596282959,16.773504963843177,528153752
2026-02-05,15.900785446166992,16.49538739830561,15.824062790653532,16.322760966097224,574182747
2026-02-06,15.814472198486328,16.217266596430843,15.603485353548683,15.967917509206867,501262947
2026-02-09,16.284399032592773,16.533748125043903,15.948736722400385,16.169315961746054,829457559
2026-02-10,16.236448287963867,16.437844579405024,16.111772825365808,16.284399263293917,666799472
2026-02-11,16.428253173828125,16.63924184454213,15.967917249163252,16.150134238631065,701248725
2026-02-12,17.40646743774414,17.435239117423507,16.428252279192794,16.495386198444653,136947935
2026-02-13,17.176300048828125,17.464009538167737,17.042035864364617,17.37769815473571,666228164
2026-02-16,17.042036056518555,17.339336109416607,16.840637948340145,17.300975697371218,729693058
2026-02-17,16.81186866760254,17.147529143946254,16.81186866760254,16.994083832128442,630019287
2026-02-18,16.82145881652832,17.291385301120222,16.68719280006466,16.859819228937678,950056726
2026-02-19,15.79529094696045,16.946132597077234,15.699389000461032,16.946132597077234,887535461
2026-02-20,16.130952835083008,16.130952835083008,15.584303705472708,15.83365278426575,647636743
2026-02-23,16.591289520263672,16.754325393595824,16.207676238662255,16.389893233377585,828970777
2026-02-24,16.485795974731445,16.802277140809153,16.3994827631455,16.485795974731445,595157028
2026-02-25,16.25562858581543,16.67760226912574,16.04463991494791,16.533747521214845,727630322
2026-02-26,16.495386123657227,16.610469183428403,16.083001196183957,16.255627615052976,627755791
2026-02-27,16.217266082763672,16.811868014881583,15.900784910775263,16.572109495823323,694302306
2026-03-02,15.123968124389648,15.565122930278566,14.951341694533161,15.248641751945796,481721909
2026-03-03,14.222475051879883,15.210279878649219,14.203294846254519,15.05683457522169,460743393
2026-03-04,14.193704605102539,14.577317872291996,14.069030064614422,14.222475371490205,616805359
2026-03-05,14.36633014678955,14.625269788615343,14.280017847453795,14.35674050104525,350463694
2026-03-06,13.63746452331543,14.423872156037039,13.503199426306752,14.29919761908744,475556085
2026-03-09,13.493609428405762,13.560742437010006,12.764744211067187,13.215489577348706,774852479
2026-03-10,14.145752906799316,14.299198215722523,13.723778307260499,14.011487804188418,649833663
2026-03-11,14.001897811889648,14.145752556794243,13.714187407474295,14.116981790734556,437914046
2026-03-12,13.781319618225098,14.366330077698015,13.74295829161386,13.829271505140687,617062045
2026-03-13,13.493609428405762,13.771729279462816,13.186718810578993,13.704597185464756,508833601
2026-03-16,13.531970977783203,13.60869363349942,13.349754899108735,13.54156153839928,358887825
2026-03-17,13.82927131652832,13.896403408530855,13.551151473738479,13.579922239652971,529144775
2026-03-18,13.599103927612305,13.94435587681513,13.5032001510862,13.896403988552079,525676908
2026-03-19,13.378525733947754,13.6182842629239,13.378525733947754,13.426477622664224,192390037
2026-03-23,13.10999584197998,13.378525126143892,12.381129727500344,13.023682629132896,367945013
2026-03-24,12.745562553405762,13.177127695202028,12.726382347902403,12.97573050708295,575420217
2026-03-25,12.870237350463867,13.100405308793775,12.803105257935853,12.985321329628821,502525119
2026-03-26,12.640069961547852,12.95655114715996,12.5825275120701,12.822286041449347,493014931
2026-03-27,12.640069961547852,12.793515274013576,12.419491638923716,12.697611496419395,477451695
2026-03-30,12.409900665283203,12.697611073885502,12.390720459166344,12.611297859844196,403609931
2026-03-31,12.630478858947754,12.726382632427116,12.457852432527366,12.467442992796537,483355175
2026-04-01,13.029999732971191,13.3100004196167,12.920000076293945,13.300000190734863,567524261
2026-04-02,13.180000305175781,13.199999809265137,12.720000267028809,12.75,483658588
2026-04-03,13.149999618530273,13.34000015258789,13.0600004196167,13.15999984741211,360144382
2026-04-06,13.319999694824219,13.529999732971191,13.15999984741211,13.1899995803833,583704556
2026-04-07,13.100000381469727,13.40999984741211,13.039999961853027,13.260000228881836,497131880
2026-04-08,14.09000015258789,14.390000343322754,13.890000343322754,14.0,933351335
2026-04-09,14.369999885559082,14.369999885559082,13.9399995803833,13.989999771118164,565672354
2026-04-10,14.710000038146973,14.760000228881836,14.399999618530273,14.5,680240645
2026-04-13,14.609999656677246,14.609999656677246,14.239999771118164,14.350000381469727,510098120
2026-04-14,14.550000190734863,15.119999885559082,14.279999732971191,14.800000190734863,912874850
2026-04-15,14.550000190734863,14.6899995803833,14.510000228881836,14.600000381469727,517611134
2026-04-16,14.4399995803833,14.760000228881836,14.319999694824219,14.649999618530273,452103664
2026-04-17,15.109999656677246,15.109999656677246,14.359999656677246,14.449999809265137,988687515
2026-04-20,14.979999542236328,15.1899995803833,14.770000457763672,14.800000190734863,527537176
2026-04-21,14.800000190734863,15.140000343322754,14.800000190734863,15.069999694824219,570681939
2026-04-22,14.789999961853027,15.020000457763672,14.680000305175781,14.930000305175781,465327157
2026-04-24,14.449999809265137,14.75,14.350000381469727,14.720000267028809,495303855
2026-04-27,14.3100004196167,14.619999885559082,14.270000457763672,14.460000038146973,492314251
2026-04-28,13.979999542236328,14.369999885559082,13.970000267028809,14.279999732971191,342092346
2026-04-29,14.020000457763672,14.180000305175781,13.899999618530273,14.039999961853027,401053249
2026-04-30,14.34000015258789,14.380000114440918,13.899999618530273,13.930000305175781,419305547
2026-05-04,14.079999923706055,14.40999984741211,13.899999618530273,14.34000015258789,423931644
2026-05-05,14.010000228881836,14.210000038146973,13.869999885559082,14.09000015258789,486344287
2026-05-06,14.489999771118164,14.770000457763672,14.140000343322754,14.239999771118164,95650902
2026-05-07,14.59000015258789,14.920000076293945,14.550000190734863,14.550000190734863,660026062
2026-05-08,14.550000190734863,14.699999809265137,14.369999885559082,14.510000228881836,546706307
2026-05-11,14.75,14.800000190734863,14.479999542236328,14.510000228881836,426833131
2026-05-12,14.270000457763672,14.729999542236328,14.260000228881836,14.699999809265137,400763145
2026-05-13,14.109999656677246,14.399999618530273,13.989999771118164,14.359999656677246,367364825
2026-05-14,14.220000267028809,14.300000190734863,14.079999923706055,14.1899995803833,435548929
2026-05-15,13.869999885559082,14.0600004196167,13.670000076293945,14.050000190734863,447939653
2026-05-18,13.720000267028809,13.979999542236328,13.579999923706055,13.800000190734863,500280291
2026-05-20,13.699999809265137,13.819999694824219,13.5600004196167,13.710000038146973,406734399
2026-05-21,12.699999809265137,13.720000267028809,12.699999809265137,13.6899995803833,446688172
2026-05-22,13.199999809265137,13.369999885559082,12.25,12.449999809265137,805251454
2026-05-25,13.270000457763672,13.319999694824219,13.0600004196167,13.270000457763672,486394333
2026-05-26,13.140000343322754,13.3100004196167,13.140000343322754,13.25,172707500
2026-05-27,13.140000343322754,13.140000343322754,13.140000343322754,13.140000343322754,0
2026-05-28,13.140000343322754,13.140000343322754,13.140000343322754,13.140000343322754,0
2026-05-29,13.140000343322754,13.140000343322754,13.140000343322754,13.140000343322754,0
2026-06-01,13.100000381469727,13.529999732971191,13.079999923706055,13.25,549712623
2026-06-02,13.630000114440918,13.680000305175781,13.199999809265137,13.210000038146973,596493304
2026-06-03,13.390000343322754,13.670000076293945,13.380000114440918,13.569999694824219,405449844
2026-06-04,13.720000267028809,13.720000267028809,13.369999885559082,13.479999542236328,513716946
2026-06-05,13.1899995803833,13.819999694824219,13.170000076293945,13.789999961853027,514740095
2026-06-08,13.829999923706055,13.890000343322754,13.029999732971191,13.050000190734863,494969030
2026-06-09,13.829999923706055,14.050000190734863,13.779999732971191,13.84000015258789,428599884
2026-06-10,13.729999542236328,13.930000305175781,13.489999771118164,13.8100004196167,284070145
2026-06-11,13.739999771118164,13.9399995803833,13.489999771118164,13.770000457763672,501055080
2026-06-12,14.3100004196167,14.609999656677246,14.020000457763672,14.069999694824219,763022920
2026-06-15,14.890000343322754,15.239999771118164,14.8100004196167,15.1899995803833,619943405
2026-06-16,15.010000228881836,15.0600004196167,14.779999732971191,14.859999656677246,437086042
2026-06-17,14.9399995803833,15.109999656677246,14.850000381469727,15.0600004196167,404845243
2026-06-18,15.470000267028809,15.479999542236328,14.970000267028809,15.0,618618703
2026-06-19,15.359999656677246,15.5,15.180000305175781,15.300000190734863,585714007
2026-06-22,15.420000076293945,15.539999961853027,15.319999694824219,15.420000076293945,315234838
2026-06-23,15.180000305175781,15.479999542236328,15.0,15.3100004196167,463590336
2026-06-24,15.100000381469727,15.220000267028809,14.869999885559082,15.199999809265137,409983453
2026-06-25,14.579999923706055,15.380000114440918,14.539999961853027,15.300000190734863,507269793
2026-06-26,14.739999771118164,14.779999732971191,14.5600004196167,14.579999923706055,250477565
2026-06-29,14.6899995803833,14.899999618530273,14.569999694824219,14.760000228881836,323425591
2026-06-30,14.8100004196167,14.890000343322754,14.630000114440918,14.6899995803833,422611203
2026-07-01,14.930000305175781,14.979999542236328,14.640000343322754,14.779999732971191,522144502
2026-07-02,14.819999694824219,15.109999656677246,14.6899995803833,14.9399995803833,529288042
2026-07-03,14.210000038146973,14.930000305175781,14.210000038146973,14.90999984741211,486069237
2026-07-06,14.34000015258789,14.430000305175781,14.149999618530273,14.260000228881836,338527505
2026-07-07,14.449999809265137,14.710000038146973,14.300000190734863,14.300000190734863,405806307
2026-07-08,14.079999923706055,14.479999542236328,13.859999656677246,14.380000114440918,565573464
2026-07-09,13.899999618530273,14.3100004196167,13.819999694824219,14.289999961853027,355592118
2026-07-10,13.779999732971191,14.109999656677246,13.699999809265137,13.899999618530273,451553568
2026-07-13,13.699999809265137,13.819999694824219,13.5,13.649999618530273,459074226
2026-07-14,13.890000343322754,13.970000267028809,13.630000114440918,13.6899995803833,433360987
2026-07-16,13.989999771118164,13.989999771118164,13.550000190734863,13.899999618530273,612519260
2026-07-17,13.680000305175781,13.949999809265137,13.449999809265137,13.920000076293945,471320402
2026-07-20,13.180000305175781,13.720000267028809,13.109999656677246,13.680000305175781,730589889
2026-07-21,12.930000305175781,13.260000228881836,12.90999984741211,13.25,695501135
2026-07-22,13.0600004196167,13.140000343322754,12.90999984741211,12.970000267028809,526863262
2026-07-23,13.0,13.119999885559082,12.899999618530273,13.0600004196167,659213412
2026-07-24,12.920000076293945,13.180000305175781,12.869999885559082,12.989999771118164,523092387
2026-07-27,12.890000343322754,13.1899995803833,12.850000381469727,13.0600004196167,608728010
2026-07-28,12.819999694824219,12.949999809265137,12.75,12.90999984741211,452991938
2026-07-29,12.300000190734863,12.90999984741211,12.25,12.819999694824219,625574599
2026-07-30,12.029999732971191,12.449999809265137,11.970000267028809,12.300000190734863,686429506
2026-07-31,12.470000267028809,12.470000267028809,12.039999961853027,12.100000381469727,686627710
2026-08-03,12.680000305175781,12.869999885559082,12.600000381469727,12.600000381469727,546056391
2026-08-04,12.59000015258789,12.630000114440918,12.34000015258789,12.399999618530273,911827146
2026-08-05,12.34000015258789,12.569999694824219,12.239999771118164,12.550000190734863,674854182
2026-08-06,12.329999923706055,12.600000381469727,12.329999923706055,12.380000114440918,509496559
2026-08-07,12.359999656677246,12.510000228881836,12.260000228881836,12.359999656677246,441804826
2026-08-10,12.109999656677246,12.40999984741211,12.079999923706055,12.390000343322754,535076013
2026-08-11,12.020000457763672,12.100000381469727,11.859999656677246,12.079999923706055,745594783
2026-08-12,12.5600004196167,12.630000114440918,11.989999771118164,12.0,875014304
2026-08-13,12.510000228881836,12.649999618530273,12.369999885559082,12.529999732971191,469142058
2026-08-14,12.529999732971191,12.609999656677246,12.479999542236328,12.520000457763672,360930803
2026-08-17,12.399999618530273,12.569999694824219,12.399999618530273,12.529999732971191,352947990
2026-08-18,12.380000114440918,12.529999732971191,12.300000190734863,12.359999656677246,355989640
2026-08-19,12.529999732971191,12.640000343322754,12.350000381469727,12.369999885559082,655235781
2026-08-20,12.380000114440918,12.699999809265137,12.329999923706055,12.579999923706055,563447351
2026-08-21,12.390000343322754,12.579999923706055,12.350000381469727,12.399999618530273,698672520
2026-08-24,12.59000015258789,12.850000381469727,12.520000457763672,12.779999732971191,757195891
2026-08-25,12.479999542236328,12.65999984741211,12.460000038146973,12.59000015258789,531405535
2026-08-26,12.90999984741211,13.390000343322754,12.529999732971191,12.529999732971191,82032408
2026-08-27,12.75,13.039999961853027,12.699999809265137,12.9399995803833,695711163
2026-08-28,12.789999961853027,12.84000015258789,12.699999809265137,12.770000457763672,476270843
2026-08-31,12.640000343322754,12.800000190734863,12.539999961853027,12.800000190734863,495881549
2026-09-01,12.75,12.890000343322754,12.649999618530273,12.65999984741211,730470654
2026-09-02,12.779999732971191,12.850000381469727,12.399999618530273,12.65999984741211,559166371
2026-09-03,12.949999809265137,13.180000305175781,12.789999961853027,12.859999656677246,684427225
2026-09-04,13.010000228881836,13.220000267028809,12.920000076293945,13.0,616783123
2026-09-08,14.350000381469727,14.350000381469727,13.010000228881836,13.050000190734863,733430417
2026-09-09,13.920000076293945,14.75,13.859999656677246,14.380000114440918,1043631446
2026-09-10,13.739999771118164,14.039999961853027,13.520000457763672,14.0,943576428
2026-09-11,13.930000305175781,13.970000267028809,13.680000305175781,13.770000457763672,781451194
2026-09-14,13.84000015258789,14.050000190734863,13.789999961853027,13.8100004196167,467546166
2026-09-15,13.359999656677246,13.90999984741211,13.359999656677246,13.84000015258789,643251166
2026-09-16,,,,,1150939453
