Date,Close,High,Low,Open,Volume
2018-01-01,1.446249008178711,1.446249008178711,1.446249008178711,1.446249008178711,0
2018-01-02,1.6687489748001099,1.7243740558624268,1.4555200338363647,1.4555200338363647,515859245
2018-01-03,1.715103030204773,1.8356239795684814,1.6687489748001099,1.6780200004577637,570597366
2018-01-04,1.7614569664001465,1.789270043373108,1.7058320045471191,1.7243740558624268,220682425
2018-01-05,1.779999017715454,1.8263529539108276,1.7614569664001465,1.7985409498214722,134434271
2018-01-08,1.7521859407424927,1.8078110218048096,1.733644962310791,1.7985409498214722,108955400
2018-01-09,1.789270043373108,1.8078110218048096,1.7521859407424927,1.7614569664001465,146806669
2018-01-10,1.8912489414215088,1.8912489414215088,1.7614569664001465,1.7985409498214722,220901180
2018-01-11,1.9376029968261719,1.9746860265731812,1.8819780349731445,1.9005199670791626,271472378
2018-01-12,1.928331971168518,1.9932279586791992,1.9005199670791626,1.9561450481414795,145984759
2018-01-15,1.8356239795684814,1.9561450481414795,1.8356239795684814,1.9376029968261719,207578180
2018-01-16,2.067394971847534,2.0952069759368896,1.7985409498214722,1.8170820474624634,402716498
2018-01-17,2.011770009994507,2.104477882385254,1.983957052230835,2.0766661167144775,319702523
2018-01-18,2.021040916442871,2.05812406539917,2.011770009994507,2.0488529205322266,130786811
2018-01-19,2.1230199337005615,2.1601030826568604,2.021040916442871,2.021040916442871,401414958
2018-01-22,2.1137490272521973,2.1879160404205322,2.0952069759368896,2.1601030826568604,255645072
2018-01-23,2.0859360694885254,2.1415610313415527,2.0859360694885254,2.132291078567505,112124135
2018-01-24,2.0766661167144775,2.1230199337005615,2.05812406539917,2.0859360694885254,116757034
2018-01-25,2.0766661167144775,2.1230199337005615,2.067394971847534,2.0859360694885254,114497201
2018-01-26,2.104477882385254,2.1137490272521973,2.0395820140838623,2.0952069759368896,114451018
2018-01-29,2.1137490272521973,2.1693739891052246,2.0859360694885254,2.1137490272521973,192795334
2018-01-30,2.067394971847534,2.1415610313415527,2.067394971847534,2.104477882385254,63692699
2018-01-31,2.05812406539917,2.104477882385254,2.05812406539917,2.0859360694885254,76181124
2018-02-01,2.067394971847534,2.1137490272521973,2.0488529205322266,2.0859360694885254,64905616
2018-02-02,2.021040916442871,2.0766661167144775,2.021040916442871,2.0766661167144775,34743952
2018-02-05,1.9932279586791992,2.0395820140838623,1.9932279586791992,2.011770009994507,57335983
2018-02-06,1.9561450481414795,1.9654159545898438,1.863435983657837,1.9190609455108643,92577949
2018-02-07,1.9654159545898438,2.0024991035461426,1.9468740224838257,1.9746860265731812,69211988
2018-02-08,1.8819780349731445,1.983957052230835,1.8819780349731445,1.9654159545898438,51745111
2018-02-09,1.854166030883789,1.9005199670791626,1.8263529539108276,1.863435983657837,51573383
2018-02-12,1.9468740224838257,1.983957052230835,1.8727070093154907,1.8912489414215088,97084362
2018-02-13,1.8819780349731445,1.9654159545898438,1.8819780349731445,1.9561450481414795,77931570
2018-02-14,1.863435983657837,1.9190609455108643,1.863435983657837,1.9097909927368164,32762724
2018-02-15,1.9561450481414795,1.9654159545898438,1.8912489414215088,1.8912489414215088,92068622
2018-02-16,1.9376029968261719,1.9746860265731812,1.9190609455108643,1.9654159545898438,66837478
2018-02-19,1.9097909927368164,1.9746860265731812,1.8912489414215088,1.9654159545898438,57301103
2018-02-20,1.7985409498214722,1.9005199670791626,1.789270043373108,1.8912489414215088,50658220
2018-02-21,1.8727070093154907,1.8819780349731445,1.8356239795684814,1.863435983657837,39841968
2018-02-22,1.863435983657837,1.9005199670791626,1.854166030883789,1.8727070093154907,29762451
2018-02-23,1.8727070093154907,1.8819780349731445,1.854166030883789,1.8819780349731445,22382118
2018-02-26,1.9190609455108643,1.9376029968261719,1.8912489414215088,1.9005199670791626,83443767
2018-02-27,1.9376029968261719,1.9654159545898438,1.9097909927368164,1.9190609455108643,81708072
2018-02-28,1.928331971168518,1.9376029968261719,1.9097909927368164,1.9190609455108643,26022883
2018-03-01,1.9097909927368164,1.928331971168518,1.8912489414215088,1.9190609455108643,27632154
2018-03-02,1.9097909927368164,1.9468740224838257,1.8727070093154907,1.8912489414215088,57073032
2018-03-05,1.9190609455108643,1.9468740224838257,1.9005199670791626,1.9190609455108643,28556011
2018-03-06,1.863435983657837,1.9654159545898438,1.854166030883789,1.9561450481414795,56564037
2018-03-07,1.8727070093154907,1.9005199670791626,1.863435983657837,1.863435983657837,28636178
2018-03-08,1.8819780349731445,1.9097909927368164,1.8727070093154907,1.8819780349731445,20297110
2018-03-09,1.8912489414215088,1.9097909927368164,1.8727070093154907,1.8912489414215088,15864255
2018-03-12,1.928331971168518,1.9468740224838257,1.8912489414215088,1.9005199670791626,51900646
2018-03-13,2.0024991035461426,2.030311107635498,1.9005199670791626,1.928331971168518,143112444
2018-03-14,1.9468740224838257,2.0024991035461426,1.928331971168518,1.9932279586791992,57592738
2018-03-15,1.928331971168518,1.9654159545898438,1.9190609455108643,1.928331971168518,46194659
2018-03-16,1.983957052230835,2.0488529205322266,1.9746860265731812,1.983957052230835,168300886
2018-03-19,1.9932279586791992,1.9932279586791992,1.9654159545898438,1.983957052230835,24121615
2018-03-20,1.983957052230835,2.0024991035461426,1.9654159545898438,1.9932279586791992,37894549
2018-03-21,2.067394971847534,2.067394971847534,1.9746860265731812,1.983957052230835,119780670
2018-03-22,2.011770009994507,2.0859360694885254,2.0024991035461426,2.067394971847534,108440750
2018-03-23,2.0859360694885254,2.1601030826568604,1.9746860265731812,1.983957052230835,129701780
2018-03-26,2.2898950576782227,2.3084359169006348,2.1137490272521973,2.1137490272521973,245788093
2018-03-27,2.132291078567505,2.3269779682159424,2.132291078567505,2.317707061767578,122851545
2018-03-28,2.1230199337005615,2.2157280445098877,2.0952069759368896,2.132291078567505,116712383
2018-03-29,2.132291078567505,2.1601030826568604,2.1137490272521973,2.1415610313415527,65265977
2018-03-30,2.104477882385254,2.1693739891052246,2.0952069759368896,2.1415610313415527,57987631
2018-04-02,2.132291078567505,2.150831937789917,2.0859360694885254,2.1230199337005615,67080352
2018-04-03,2.1230199337005615,2.1601030826568604,2.104477882385254,2.1415610313415527,42283753
2018-04-04,2.1137490272521973,2.1415610313415527,2.104477882385254,2.132291078567505,34508391
2018-04-05,2.1230199337005615,2.150831937789917,2.104477882385254,2.1137490272521973,34836118
2018-04-06,2.1601030826568604,2.1693739891052246,2.104477882385254,2.104477882385254,76075996
2018-04-09,2.0024991035461426,2.178644895553589,1.9932279586791992,2.1693739891052246,87970024
2018-04-10,1.8819780349731445,2.011770009994507,1.8263529539108276,1.9932279586791992,57344941
2018-04-11,1.8078110218048096,1.9097909927368164,1.715103030204773,1.8727070093154907,75342291
2018-04-12,1.8263529539108276,1.854166030883789,1.779999017715454,1.8263529539108276,50827864
2018-04-13,1.8263529539108276,1.8727070093154907,1.8170820474624634,1.8356239795684814,38310854
2018-04-16,1.9005199670791626,1.9190609455108643,1.8448950052261353,1.854166030883789,72176256
2018-04-17,1.8448950052261353,1.9468740224838257,1.8356239795684814,1.9097909927368164,67586666
2018-04-18,1.9376029968261719,1.9468740224838257,1.7985409498214722,1.8448950052261353,66899432
2018-04-19,1.928331971168518,1.9468740224838257,1.9097909927368164,1.9376029968261719,26447505
2018-04-20,1.8819780349731445,1.928331971168518,1.863435983657837,1.9190609455108643,24581821
2018-04-23,1.8819780349731445,1.8819780349731445,1.8819780349731445,1.8819780349731445,0
2018-04-24,1.8819780349731445,1.928331971168518,1.8819780349731445,1.8819780349731445,46742727
2018-04-25,1.863435983657837,1.9190609455108643,1.8356239795684814,1.9097909927368164,26111707
2018-04-26,1.863435983657837,1.8912489414215088,1.8448950052261353,1.8727070093154907,21015038
2018-04-27,1.854166030883789,1.863435983657837,1.8356239795684814,1.863435983657837,22947223
2018-04-30,1.8078110218048096,1.8912489414215088,1.8078110218048096,1.8727070093154907,22006330
2018-05-01,1.8078110218048096,1.8078110218048096,1.8078110218048096,1.8078110218048096,0
2018-05-02,1.789270043373108,1.8356239795684814,1.7521859407424927,1.8170820474624634,36442043
2018-05-03,1.7614569664001465,1.8078110218048096,1.7521859407424927,1.789270043373108,27149390
2018-05-04,1.6965620517730713,1.7614569664001465,1.6965620517730713,1.7521859407424927,22814395
2018-05-07,1.7243740558624268,1.7614569664001465,1.6965620517730713,1.6965620517730713,21014982
2018-05-08,1.7243740558624268,1.7614569664001465,1.7058320045471191,1.7429159879684448,42630402
2018-05-09,1.7058320045471191,1.7243740558624268,1.6409369707107544,1.6965620517730713,36196862
2018-05-10,1.6780200004577637,1.7707279920578003,1.659477949142456,1.715103030204773,59281146
2018-05-11,1.659477949142456,1.6780200004577637,1.6316659450531006,1.6780200004577637,13447140
2018-05-14,1.6780200004577637,1.6872910261154175,1.6502070426940918,1.6502070426940918,16458518
2018-05-15,1.6316659450531006,1.6687489748001099,1.6131240129470825,1.6502070426940918,16543871
2018-05-16,1.6038529872894287,1.6316659450531006,1.5667699575424194,1.6223950386047363,29827474
2018-05-17,1.585312008857727,1.6409369707107544,1.5760409832000732,1.6038529872894287,20960758
2018-05-18,1.6038529872894287,1.6038529872894287,1.5760409832000732,1.585312008857727,10920194
2018-05-21,1.6038529872894287,1.6131240129470825,1.585312008857727,1.585312008857727,8210115
2018-05-22,1.594581961631775,1.6038529872894287,1.5760409832000732,1.594581961631775,11970284
2018-05-23,1.5574990510940552,1.594581961631775,1.5482280254364014,1.585312008857727,11896252
2018-05-24,1.4091659784317017,1.5760409832000732,1.4091659784317017,1.5667699575424194,25082961
2018-05-25,1.4369779825210571,1.446249008178711,1.3813530206680298,1.4277069568634033,24880634
2018-05-28,1.4740619659423828,1.4926029443740845,1.4555200338363647,1.4740619659423828,27272520
2018-05-29,1.5389569997787476,1.5574990510940552,1.446249008178711,1.4740619659423828,30499726
2018-05-30,1.594581961631775,1.6316659450531006,1.5574990510940552,1.585312008857727,93460964
2018-05-31,1.511144995689392,1.6223950386047363,1.5018739700317383,1.6223950386047363,28364300
2018-06-01,1.4833320379257202,1.5296870470046997,1.4647910594940186,1.5018739700317383,26755829
2018-06-04,1.4926029443740845,1.5389569997787476,1.4926029443740845,1.5296870470046997,14358905
2018-06-05,1.3813530206680298,1.511144995689392,1.372081995010376,1.4833320379257202,25454189
2018-06-06,1.3349989652633667,1.3906240463256836,1.3164570331573486,1.3813530206680298,19881215
2018-06-07,1.3442699909210205,1.3628120422363281,1.3164570331573486,1.3349989652633667,21676521
2018-06-08,1.2793740034103394,1.3442699909210205,1.2793740034103394,1.3349989652633667,19592790
2018-06-11,1.2330199480056763,1.2793740034103394,1.2052069902420044,1.2701029777526855,28858778
2018-06-12,1.223749041557312,1.2515619993209839,1.2144780158996582,1.2330199480056763,19303399
2018-06-13,1.1959370374679565,1.24229097366333,1.1866660118103027,1.2052069902420044,16747159
2018-06-14,1.1959370374679565,1.2052069902420044,1.1866660118103027,1.2052069902420044,6543617
2018-06-15,1.1959370374679565,1.1959370374679565,1.1959370374679565,1.1959370374679565,0
2018-06-18,1.1866660118103027,1.223749041557312,1.177394986152649,1.1959370374679565,13190103
2018-06-19,1.2144780158996582,1.223749041557312,1.1681239604949951,1.177394986152649,17407220
2018-06-20,1.24229097366333,1.2608319520950317,1.2052069902420044,1.223749041557312,32563486
2018-06-21,1.2886450290679932,1.3071869611740112,1.2330199480056763,1.24229097366333,20807095
2018-06-22,1.297916054725647,1.3164570331573486,1.2701029777526855,1.2886450290679932,12899242
2018-06-25,1.3349989652633667,1.446249008178711,1.3164570331573486,1.4369779825210571,25299816
2018-06-26,1.3906240463256836,1.3998949527740479,1.3257280588150024,1.3349989652633667,24215817
2018-06-27,1.4740619659423828,1.4833320379257202,1.3813530206680298,1.3813530206680298,26899354
2018-06-28,1.5389569997787476,1.6131240129470825,1.4555200338363647,1.4740619659423828,42770668
2018-06-29,1.5482280254364014,1.585312008857727,1.511144995689392,1.5574990510940552,18149046
2018-07-02,1.594581961631775,1.6038529872894287,1.5482280254364014,1.5482280254364014,21991560
2018-07-03,1.5667699575424194,1.594581961631775,1.5574990510940552,1.594581961631775,13034135
2018-07-04,1.5482280254364014,1.5760409832000732,1.5389569997787476,1.5667699575424194,17549827
2018-07-05,1.585312008857727,1.6223950386047363,1.5574990510940552,1.5667699575424194,32643625
2018-07-06,1.585312008857727,1.6038529872894287,1.5667699575424194,1.594581961631775,15081093
2018-07-09,1.594581961631775,1.6502070426940918,1.585312008857727,1.594581961631775,45871533
2018-07-10,1.5296870470046997,1.594581961631775,1.5296870470046997,1.5667699575424194,24220253
2018-07-11,1.3906240463256836,1.520416021347046,1.3906240463256836,1.520416021347046,19058568
2018-07-12,1.4184370040893555,1.446249008178711,1.3535410165786743,1.3813530206680298,38637055
2018-07-13,1.4369779825210571,1.4369779825210571,1.4091659784317017,1.4277069568634033,13278297
2018-07-16,1.4555200338363647,1.4926029443740845,1.4277069568634033,1.4369779825210571,18950642
2018-07-17,1.5296870470046997,1.5296870470046997,1.4555200338363647,1.4555200338363647,25311778
2018-07-18,1.520416021347046,1.5389569997787476,1.4740619659423828,1.5296870470046997,22826949
2018-07-19,1.511144995689392,1.5482280254364014,1.4926029443740845,1.520416021347046,29970411
2018-07-20,1.5296870470046997,1.5574990510940552,1.5296870470046997,1.5296870470046997,25075231
2018-07-23,1.5482280254364014,1.5760409832000732,1.5296870470046997,1.5482280254364014,28416589
2018-07-24,1.4833320379257202,1.5574990510940552,1.4647910594940186,1.5482280254364014,20539368
2018-07-25,1.5389569997787476,1.5389569997787476,1.4740619659423828,1.4833320379257202,16583937
2018-07-26,1.4833320379257202,1.5482280254364014,1.4555200338363647,1.5389569997787476,27255084
2018-07-27,1.4740619659423828,1.520416021347046,1.4555200338363647,1.4926029443740845,33199038
2018-07-30,1.4833320379257202,1.5018739700317383,1.4555200338363647,1.4647910594940186,20496216
2018-07-31,1.4833320379257202,1.5296870470046997,1.4740619659423828,1.4740619659423828,25138119
2018-08-01,1.511144995689392,1.5296870470046997,1.4833320379257202,1.5018739700317383,32591590
2018-08-02,1.4369779825210571,1.4740619659423828,1.4369779825210571,1.4647910594940186,22889104
2018-08-03,1.4647910594940186,1.4833320379257202,1.4277069568634033,1.4369779825210571,22055785
2018-08-06,1.4369779825210571,1.4740619659423828,1.4277069568634033,1.4555200338363647,21786517
2018-08-07,1.4369779825210571,1.4555200338363647,1.4369779825210571,1.446249008178711,14497224
2018-08-08,1.446249008178711,1.4647910594940186,1.4369779825210571,1.4555200338363647,13588467
2018-08-09,1.4277069568634033,1.4647910594940186,1.3998949527740479,1.4184370040893555,21624718
2018-08-10,1.3442699909210205,1.446249008178711,1.2052069902420044,1.4091659784317017,38938422
2018-08-13,1.2701029777526855,1.3442699909210205,1.2330199480056763,1.3257280588150024,22188528
2018-08-14,1.3535410165786743,1.372081995010376,1.3071869611740112,1.3071869611740112,19945099
2018-08-15,1.2886450290679932,1.3813530206680298,1.2701029777526855,1.3535410165786743,11351364
2018-08-16,1.2608319520950317,1.3164570331573486,1.2515619993209839,1.297916054725647,12743800
2018-08-17,1.223749041557312,1.2515619993209839,1.1959370374679565,1.24229097366333,14280431
2018-08-20,1.24229097366333,1.24229097366333,1.2144780158996582,1.223749041557312,4173878
2018-08-21,1.24229097366333,1.24229097366333,1.24229097366333,1.24229097366333,0
2018-08-22,1.24229097366333,1.24229097366333,1.24229097366333,1.24229097366333,0
2018-08-23,1.24229097366333,1.24229097366333,1.24229097366333,1.24229097366333,0
2018-08-24,1.24229097366333,1.24229097366333,1.24229097366333,1.24229097366333,0
2018-08-27,1.2608319520950317,1.2886450290679932,1.24229097366333,1.2515619993209839,9651431
2018-08-28,1.3257280588150024,1.3349989652633667,1.2701029777526855,1.2701029777526855,12370691
2018-08-29,1.3071869611740112,1.3257280588150024,1.297916054725647,1.3071869611740112,5593805
2018-08-30,1.3071869611740112,1.3071869611740112,1.3071869611740112,1.3071869611740112,0
2018-08-31,1.2793740034103394,1.3164570331573486,1.2608319520950317,1.3071869611740112,10496149
2018-09-03,1.3071869611740112,1.3257280588150024,1.2701029777526855,1.2793740034103394,8139024
2018-09-04,1.297916054725647,1.3349989652633667,1.297916054725647,1.3164570331573486,10067716
2018-09-05,1.297916054725647,1.3164570331573486,1.2886450290679932,1.297916054725647,6373535
2018-09-06,1.3071869611740112,1.3442699909210205,1.297916054725647,1.3071869611740112,13646660
2018-09-07,1.3349989652633667,1.3906240463256836,1.3071869611740112,1.3257280588150024,25369348
2018-09-10,1.3071869611740112,1.3628120422363281,1.297916054725647,1.3442699909210205,11159086
2018-09-11,1.3349989652633667,1.3442699909210205,1.2793740034103394,1.3071869611740112,18937035
2018-09-12,1.2886450290679932,1.3535410165786743,1.2793740034103394,1.3349989652633667,20514142
2018-09-13,1.3164570331573486,1.3164570331573486,1.2701029777526855,1.297916054725647,13737324
2018-09-14,1.3071869611740112,1.3349989652633667,1.3071869611740112,1.3257280588150024,8053180
2018-09-17,1.297916054725647,1.3257280588150024,1.297916054725647,1.3071869611740112,9674580
2018-09-18,1.297916054725647,1.3164570331573486,1.2886450290679932,1.297916054725647,8091249
2018-09-19,1.3164570331573486,1.3257280588150024,1.297916054725647,1.3071869611740112,10048794
2018-09-20,1.297916054725647,1.3349989652633667,1.2886450290679932,1.3164570331573486,13675722
2018-09-21,1.297916054725647,1.3164570331573486,1.2886450290679932,1.297916054725647,6958703
2018-09-24,1.3164570331573486,1.3257280588150024,1.297916054725647,1.3071869611740112,9575036
2018-09-25,1.3257280588150024,1.372081995010376,1.3164570331573486,1.3164570331573486,32656897
2018-09-26,1.3164570331573486,1.3349989652633667,1.2886450290679932,1.3257280588150024,14246368
2018-09-27,1.3164570331573486,1.3257280588150024,1.297916054725647,1.3071869611740112,12140312
2018-09-28,1.3164570331573486,1.3257280588150024,1.297916054725647,1.3164570331573486,11360679
2018-10-01,1.3164570331573486,1.3442699909210205,1.3071869611740112,1.3257280588150024,17897935
2018-10-02,1.3071869611740112,1.3257280588150024,1.2886450290679932,1.3164570331573486,9928021
2018-10-03,1.2701029777526855,1.3071869611740112,1.2608319520950317,1.297916054725647,6867277
2018-10-04,1.2052069902420044,1.2701029777526855,1.1959370374679565,1.2515619993209839,14607452
2018-10-05,1.2144780158996582,1.223749041557312,1.1866660118103027,1.2052069902420044,8427986
2018-10-08,1.2144780158996582,1.223749041557312,1.1866660118103027,1.2052069902420044,5502399
2018-10-09,1.223749041557312,1.24229097366333,1.2144780158996582,1.223749041557312,9950520
2018-10-10,1.177394986152649,1.223749041557312,1.1681239604949951,1.2144780158996582,11457014
2018-10-11,1.1681239604949951,1.2144780158996582,1.1310410499572754,1.1588530540466309,34066969
2018-10-12,1.177394986152649,1.1866660118103027,1.1124989986419678,1.1681239604949951,11820586
2018-10-15,1.2330199480056763,1.2515619993209839,1.1866660118103027,1.1866660118103027,16596354
2018-10-16,1.24229097366333,1.2793740034103394,1.223749041557312,1.24229097366333,18175663
2018-10-17,1.2330199480056763,1.2515619993209839,1.2144780158996582,1.24229097366333,11227312
2018-10-18,1.223749041557312,1.2515619993209839,1.2144780158996582,1.2330199480056763,7558072
2018-10-19,1.1959370374679565,1.2144780158996582,1.1866660118103027,1.2144780158996582,6237688
2018-10-22,1.177394986152649,1.2144780158996582,1.1681239604949951,1.1959370374679565,7762892
2018-10-23,1.1310410499572754,1.149582028388977,1.1217700242996216,1.149582028388977,8115726
2018-10-24,1.1217700242996216,1.149582028388977,1.1217700242996216,1.149582028388977,7237242
2018-10-25,1.1310410499572754,1.1403119564056396,1.1124989986419678,1.1124989986419678,4867361
2018-10-26,1.0939580202102661,1.1403119564056396,1.0846869945526123,1.1310410499572754,6448409
2018-10-29,1.0939580202102661,1.0939580202102661,1.0939580202102661,1.0939580202102661,0
2018-10-30,1.0661449432373047,1.103227972984314,1.0568740367889404,1.0939580202102661,11905555
2018-10-31,1.0754159688949585,1.1217700242996216,1.0568740367889404,1.0754159688949585,22505530
2018-11-01,1.0754159688949585,1.0939580202102661,1.0568740367889404,1.0661449432373047,9159374
2018-11-02,1.0846869945526123,1.0939580202102661,1.0754159688949585,1.0846869945526123,6073415
2018-11-05,1.103227972984314,1.103227972984314,1.0754159688949585,1.0754159688949585,5915130
2018-11-06,1.1124989986419678,1.1588530540466309,1.0939580202102661,1.103227972984314,17489139
2018-11-07,1.1959370374679565,1.2052069902420044,1.103227972984314,1.1217700242996216,27447567
2018-11-08,1.1681239604949951,1.1959370374679565,1.1588530540466309,1.1959370374679565,10780090
2018-11-09,1.1681239604949951,1.1959370374679565,1.149582028388977,1.1681239604949951,14136814
2018-11-12,1.1959370374679565,1.2052069902420044,1.1681239604949951,1.177394986152649,11971090
2018-11-13,1.1866660118103027,1.24229097366333,1.1866660118103027,1.1959370374679565,17391198
2018-11-14,1.2052069902420044,1.2330199480056763,1.1959370374679565,1.1959370374679565,13384471
2018-11-15,1.1959370374679565,1.2144780158996582,1.1866660118103027,1.2052069902420044,7304532
2018-11-16,1.1959370374679565,1.2052069902420044,1.1866660118103027,1.1866660118103027,5467298
2018-11-19,1.2330199480056763,1.24229097366333,1.1959370374679565,1.2052069902420044,17782613
2018-11-20,1.2052069902420044,1.2701029777526855,1.2052069902420044,1.2330199480056763,16749728
2018-11-21,1.2052069902420044,1.223749041557312,1.1959370374679565,1.223749041557312,10563972
2018-11-22,1.1959370374679565,1.2144780158996582,1.177394986152649,1.2052069902420044,15643988
2018-11-23,1.1959370374679565,1.2052069902420044,1.1866660118103027,1.2052069902420044,4062312
2018-11-26,1.2052069902420044,1.223749041557312,1.1866660118103027,1.1959370374679565,9603843
2018-11-27,1.2330199480056763,1.2515619993209839,1.2052069902420044,1.223749041557312,21318550
2018-11-28,1.223749041557312,1.2608319520950317,1.2144780158996582,1.2330199480056763,23598991
2018-11-29,1.223749041557312,1.2330199480056763,1.2052069902420044,1.2330199480056763,6958330
2018-11-30,1.223749041557312,1.2330199480056763,1.2052069902420044,1.2144780158996582,12831670
2018-12-03,1.2144780158996582,1.2515619993209839,1.2052069902420044,1.24229097366333,8508911
2018-12-04,1.1866660118103027,1.2144780158996582,1.1681239604949951,1.2052069902420044,7824363
2018-12-05,1.1866660118103027,1.1866660118103027,1.149582028388977,1.1588530540466309,9087295
2018-12-06,1.1588530540466309,1.1866660118103027,1.1588530540466309,1.177394986152649,6753318
2018-12-07,1.177394986152649,1.1866660118103027,1.1588530540466309,1.177394986152649,4868972
2018-12-10,1.1866660118103027,1.1866660118103027,1.1681239604949951,1.1681239604949951,6627848
2018-12-11,1.1959370374679565,1.2052069902420044,1.177394986152649,1.1866660118103027,10353226
2018-12-12,1.1866660118103027,1.2144780158996582,1.1403119564056396,1.2052069902420044,14710425
2018-12-13,1.1866660118103027,1.1959370374679565,1.177394986152649,1.1866660118103027,2588141
2018-12-14,1.177394986152649,1.1866660118103027,1.149582028388977,1.1866660118103027,6454969
2018-12-17,1.1681239604949951,1.1959370374679565,1.1681239604949951,1.1866660118103027,4990314
2018-12-18,1.1866660118103027,1.2052069902420044,1.1681239604949951,1.1681239604949951,8835183
2018-12-19,1.223749041557312,1.2330199480056763,1.1681239604949951,1.1959370374679565,18209343
2018-12-20,1.1681239604949951,1.2144780158996582,1.1681239604949951,1.2052069902420044,16854446
2018-12-21,1.1681239604949951,1.177394986152649,1.1588530540466309,1.177394986152649,4664295
2018-12-24,1.177394986152649,1.177394986152649,1.1588530540466309,1.1588530540466309,4015627
2018-12-25,1.1681239604949951,1.1681239604949951,1.149582028388977,1.1588530540466309,2749199
2018-12-26,1.1866660118103027,1.1866660118103027,1.149582028388977,1.1588530540466309,4469725
2018-12-27,1.177394986152649,1.1959370374679565,1.1588530540466309,1.1959370374679565,6691110
2018-12-28,1.177394986152649,1.177394986152649,1.1588530540466309,1.1681239604949951,4905772
2018-12-31,1.1866660118103027,1.1866660118103027,1.1681239604949951,1.1681239604949951,1353846
2019-01-01,1.1866660118103027,1.1866660118103027,1.1866660118103027,1.1866660118103027,0
2019-01-02,1.1588530540466309,1.177394986152649,1.149582028388977,1.177394986152649,4053899
2019-01-03,1.1588530540466309,1.1681239604949951,1.149582028388977,1.1588530540466309,5554019
2019-01-04,1.1866660118103027,1.1866660118103027,1.1588530540466309,1.1588530540466309,5604165
2019-01-07,1.2052069902420044,1.2052069902420044,1.177394986152649,1.1866660118103027,6281552
2019-01-08,1.2330199480056763,1.24229097366333,1.1866660118103027,1.2052069902420044,17346800
2019-01-09,1.24229097366333,1.2515619993209839,1.2144780158996582,1.2330199480056763,24118855
2019-01-10,1.2515619993209839,1.2608319520950317,1.223749041557312,1.24229097366333,18433514
2019-01-11,1.297916054725647,1.3071869611740112,1.2515619993209839,1.2515619993209839,42640803
2019-01-14,1.3349989652633667,1.3442699909210205,1.2701029777526855,1.2793740034103394,33057022
2019-01-15,1.372081995010376,1.3813530206680298,1.3349989652633667,1.3442699909210205,28647914
2019-01-16,1.4091659784317017,1.4184370040893555,1.372081995010376,1.372081995010376,24473254
2019-01-17,1.446249008178711,1.4740619659423828,1.4091659784317017,1.4091659784317017,35198578
2019-01-18,1.4184370040893555,1.5389569997787476,1.4184370040893555,1.4555200338363647,33939512
2019-01-21,1.3535410165786743,1.4277069568634033,1.3257280588150024,1.4277069568634033,20292620
2019-01-22,1.372081995010376,1.3906240463256836,1.3349989652633667,1.3535410165786743,12934900
2019-01-23,1.3628120422363281,1.3813530206680298,1.3442699909210205,1.372081995010376,5491310
2019-01-24,1.3813530206680298,1.3906240463256836,1.3535410165786743,1.3628120422363281,17324773
2019-01-25,1.3906240463256836,1.4091659784317017,1.3535410165786743,1.3813530206680298,14628111
2019-01-28,1.4091659784317017,1.4277069568634033,1.3906240463256836,1.3998949527740479,10635826
2019-01-29,1.4277069568634033,1.4277069568634033,1.3906240463256836,1.3998949527740479,9223761
2019-01-30,1.4647910594940186,1.4833320379257202,1.4277069568634033,1.4277069568634033,19950051
2019-01-31,1.3535410165786743,1.4926029443740845,1.3349989652633667,1.4740619659423828,39386374
2019-02-01,1.372081995010376,1.3813530206680298,1.3442699909210205,1.3535410165786743,13063378
2019-02-04,1.3535410165786743,1.3906240463256836,1.3442699909210205,1.372081995010376,5000847
2019-02-05,1.3164570331573486,1.372081995010376,1.3071869611740112,1.3535410165786743,8609725
2019-02-06,1.2608319520950317,1.3164570331573486,1.24229097366333,1.3164570331573486,10219402
2019-02-07,1.2701029777526855,1.2701029777526855,1.24229097366333,1.2608319520950317,4252792
2019-02-08,1.2886450290679932,1.2886450290679932,1.2515619993209839,1.2608319520950317,5044953
2019-02-11,1.3164570331573486,1.3164570331573486,1.2886450290679932,1.297916054725647,4340721
2019-02-12,1.2886450290679932,1.3257280588150024,1.2886450290679932,1.3164570331573486,6254761
2019-02-13,1.2701029777526855,1.3071869611740112,1.2515619993209839,1.297916054725647,6542435
2019-02-14,1.2793740034103394,1.2886450290679932,1.24229097366333,1.2608319520950317,5300260
2019-02-15,1.3071869611740112,1.3164570331573486,1.2701029777526855,1.2701029777526855,11139968
2019-02-18,1.3349989652633667,1.3628120422363281,1.3071869611740112,1.3164570331573486,25715627
2019-02-19,1.3349989652633667,1.3535410165786743,1.3071869611740112,1.3349989652633667,13827727
2019-02-20,1.3535410165786743,1.3628120422363281,1.3164570331573486,1.3349989652633667,21546551
2019-02-21,1.372081995010376,1.372081995010376,1.3349989652633667,1.3442699909210205,51802807
2019-02-22,1.4091659784317017,1.4369779825210571,1.3535410165786743,1.372081995010376,61576558
2019-02-25,1.4555200338363647,1.4647910594940186,1.4091659784317017,1.4091659784317017,57470783
2019-02-26,1.446249008178711,1.4926029443740845,1.4369779825210571,1.4555200338363647,17977076
2019-02-27,1.4555200338363647,1.4740619659423828,1.4369779825210571,1.446249008178711,22822134
2019-02-28,1.4740619659423828,1.5018739700317383,1.4555200338363647,1.4555200338363647,19124347
2019-03-01,1.511144995689392,1.520416021347046,1.4647910594940186,1.4740619659423828,42258460
2019-03-04,1.6223950386047363,1.6409369707107544,1.511144995689392,1.520416021347046,84732024
2019-03-05,1.6780200004577637,1.6872910261154175,1.5667699575424194,1.6223950386047363,105470276
2019-03-06,1.4647910594940186,1.7429159879684448,1.446249008178711,1.7058320045471191,111165647
2019-03-07,1.3442699909210205,1.4833320379257202,1.3349989652633667,1.4555200338363647,60441420
2019-03-08,1.3349989652633667,1.3906240463256836,1.3164570331573486,1.3349989652633667,40567423
2019-03-11,1.3535410165786743,1.372081995010376,1.3349989652633667,1.3349989652633667,27987336
2019-03-12,1.3257280588150024,1.3442699909210205,1.2886450290679932,1.3257280588150024,20924239
2019-03-13,1.3628120422363281,1.4091659784317017,1.3349989652633667,1.3535410165786743,40506919
2019-03-14,1.4091659784317017,1.4184370040893555,1.372081995010376,1.3813530206680298,16751958
2019-03-15,1.446249008178711,1.4555200338363647,1.3998949527740479,1.4091659784317017,35990343
2019-03-18,1.4740619659423828,1.4833320379257202,1.446249008178711,1.446249008178711,27138677
2019-03-19,1.4833320379257202,1.4926029443740845,1.4555200338363647,1.4740619659423828,20906506
2019-03-20,1.4833320379257202,1.5018739700317383,1.4740619659423828,1.4740619659423828,17808445
2019-03-21,1.5018739700317383,1.5296870470046997,1.4833320379257202,1.4926029443740845,29985034
2019-03-22,1.4184370040893555,1.511144995689392,1.4091659784317017,1.511144995689392,21790738
2019-03-25,1.372081995010376,1.4277069568634033,1.3257280588150024,1.4184370040893555,19269695
2019-03-26,1.3813530206680298,1.3998949527740479,1.3535410165786743,1.3906240463256836,11198556
2019-03-27,1.3257280588150024,1.4184370040893555,1.3257280588150024,1.4091659784317017,12704878
2019-03-28,1.372081995010376,1.3813530206680298,1.3164570331573486,1.3349989652633667,11393331
2019-03-29,1.3813530206680298,1.4091659784317017,1.372081995010376,1.372081995010376,8507918
2019-04-01,1.372081995010376,1.3998949527740479,1.3349989652633667,1.3906240463256836,16459856
2019-04-02,1.4647910594940186,1.4740619659423828,1.3628120422363281,1.372081995010376,60616169
2019-04-03,1.4740619659423828,1.5018739700317383,1.446249008178711,1.4555200338363647,52098099
2019-04-04,1.4184370040893555,1.4647910594940186,1.3813530206680298,1.4555200338363647,15892021
2019-04-05,1.4277069568634033,1.446249008178711,1.4091659784317017,1.4369779825210571,6292736
2019-04-08,1.4369779825210571,1.446249008178711,1.4091659784317017,1.4184370040893555,9211091
2019-04-09,1.446249008178711,1.4647910594940186,1.4277069568634033,1.4369779825210571,8060234
2019-04-10,1.3906240463256836,1.446249008178711,1.3813530206680298,1.4369779825210571,8296291
2019-04-11,1.3906240463256836,1.4091659784317017,1.3535410165786743,1.3906240463256836,10539178
2019-04-12,1.372081995010376,1.3813530206680298,1.3442699909210205,1.3628120422363281,3940363
2019-04-15,1.3813530206680298,1.3813530206680298,1.3628120422363281,1.3813530206680298,4182274
2019-04-16,1.4091659784317017,1.4184370040893555,1.372081995010376,1.3813530206680298,15608493
2019-04-17,1.4277069568634033,1.446249008178711,1.4091659784317017,1.4184370040893555,23344867
2019-04-18,1.3998949527740479,1.4369779825210571,1.3906240463256836,1.4184370040893555,7211778
2019-04-19,1.3998949527740479,1.4184370040893555,1.3906240463256836,1.3998949527740479,3934948
2019-04-22,1.3998949527740479,1.4369779825210571,1.372081995010376,1.3813530206680298,10873675
2019-04-23,1.3998949527740479,1.3998949527740479,1.3998949527740479,1.3998949527740479,0
2019-04-24,1.4091659784317017,1.4277069568634033,1.3906240463256836,1.3906240463256836,7223195
2019-04-25,1.372081995010376,1.4184370040893555,1.3535410165786743,1.3998949527740479,9615570
2019-04-26,1.3813530206680298,1.3813530206680298,1.3535410165786743,1.372081995010376,3610202
2019-04-29,1.3906240463256836,1.4184370040893555,1.372081995010376,1.3813530206680298,19227083
2019-04-30,1.3813530206680298,1.3998949527740479,1.372081995010376,1.3998949527740479,7996442
2019-05-01,1.3813530206680298,1.3813530206680298,1.3813530206680298,1.3813530206680298,0
2019-05-02,1.3628120422363281,1.3906240463256836,1.3535410165786743,1.3813530206680298,5163914
2019-05-03,1.3535410165786743,1.3628120422363281,1.3349989652633667,1.3535410165786743,2118615
2019-05-06,1.2701029777526855,1.3349989652633667,1.24229097366333,1.3257280588150024,10988457
2019-05-07,1.24229097366333,1.2886450290679932,1.223749041557312,1.223749041557312,16442194
2019-05-08,1.223749041557312,1.297916054725647,1.2052069902420044,1.2608319520950317,25883099
2019-05-09,1.2144780158996582,1.2330199480056763,1.1866660118103027,1.223749041557312,7388000
2019-05-10,1.1681239604949951,1.223749041557312,1.1588530540466309,1.2144780158996582,13100531
2019-05-13,1.0105199813842773,1.149582028388977,0.9827079772949219,1.149582028388977,78091055
2019-05-14,1.029062032699585,1.0383330583572388,1.0105199813842773,1.0197910070419312,18248283
2019-05-15,1.0197910070419312,1.0383330583572388,0.9919779896736145,1.0383330583572388,11927167
2019-05-16,1.0105199813842773,1.0383330583572388,1.0105199813842773,1.0197910070419312,7831707
2019-05-17,1.0197910070419312,1.0197910070419312,1.0012489557266235,1.0012489557266235,4269373
2019-05-20,1.0105199813842773,1.029062032699585,1.0012489557266235,1.0197910070419312,6451301
2019-05-21,1.0105199813842773,1.029062032699585,0.9919779896736145,1.0105199813842773,5306796
2019-05-22,0.9827079772949219,1.0197910070419312,0.9734370112419128,1.0197910070419312,13116622
2019-05-23,0.9827079772949219,0.9919779896736145,0.9734370112419128,0.9734370112419128,10965885
2019-05-24,1.0012489557266235,1.0012489557266235,0.9734370112419128,0.9827079772949219,7569163
2019-05-27,0.9919779896736145,1.0105199813842773,0.9919779896736145,1.0012489557266235,5460771
2019-05-28,1.0197910070419312,1.029062032699585,0.9919779896736145,0.9919779896736145,14759133
2019-05-29,1.0012489557266235,1.0197910070419312,1.0012489557266235,1.0197910070419312,3918237
2019-05-30,1.0197910070419312,1.029062032699585,1.0012489557266235,1.0012489557266235,8644525
2019-05-31,1.029062032699585,1.0476030111312866,1.0197910070419312,1.029062032699585,12246487
2019-06-03,1.029062032699585,1.0476030111312866,1.0197910070419312,1.0383330583572388,4582677
2019-06-04,1.029062032699585,1.029062032699585,1.029062032699585,1.029062032699585,0
2019-06-05,1.029062032699585,1.029062032699585,1.029062032699585,1.029062032699585,0
2019-06-06,1.029062032699585,1.029062032699585,1.029062032699585,1.029062032699585,0
2019-06-07,1.0568740367889404,1.0661449432373047,1.029062032699585,1.029062032699585,8056846
2019-06-10,1.0939580202102661,1.103227972984314,1.0476030111312866,1.0568740367889404,20265210
2019-06-11,1.0846869945526123,1.1217700242996216,1.0754159688949585,1.0939580202102661,19004877
2019-06-12,1.149582028388977,1.149582028388977,1.0754159688949585,1.0846869945526123,38678685
2019-06-13,1.1310410499572754,1.149582028388977,1.1217700242996216,1.1403119564056396,35013866
2019-06-14,1.1217700242996216,1.149582028388977,1.1124989986419678,1.1310410499572754,22208610
2019-06-17,1.1588530540466309,1.1681239604949951,1.0939580202102661,1.1124989986419678,40560661
2019-06-18,1.1403119564056396,1.1681239604949951,1.1403119564056396,1.1588530540466309,24696128
2019-06-19,1.1310410499572754,1.149582028388977,1.1124989986419678,1.1403119564056396,12428836
2019-06-20,1.1310410499572754,1.149582028388977,1.1124989986419678,1.1310410499572754,13942181
2019-06-21,1.1217700242996216,1.1310410499572754,1.103227972984314,1.1217700242996216,7017821
2019-06-24,1.1217700242996216,1.1403119564056396,1.1124989986419678,1.1310410499572754,9782153
2019-06-25,1.1403119564056396,1.1403119564056396,1.103227972984314,1.1217700242996216,23475797
2019-06-26,1.149582028388977,1.177394986152649,1.1403119564056396,1.149582028388977,31625965
2019-06-27,1.1403119564056396,1.1588530540466309,1.1310410499572754,1.149582028388977,9339955
2019-06-28,1.1310410499572754,1.149582028388977,1.1217700242996216,1.1310410499572754,9457002
2019-07-01,1.1588530540466309,1.177394986152649,1.1403119564056396,1.149582028388977,22405592
2019-07-02,1.1588530540466309,1.177394986152649,1.1588530540466309,1.1588530540466309,8527617
2019-07-03,1.1681239604949951,1.1866660118103027,1.1588530540466309,1.1588530540466309,21864638
2019-07-04,1.1588530540466309,1.1959370374679565,1.1588530540466309,1.1866660118103027,22973802
2019-07-05,1.1588530540466309,1.1959370374679565,1.1588530540466309,1.177394986152649,23676254
2019-07-08,1.1403119564056396,1.149582028388977,1.1217700242996216,1.1403119564056396,5843784
2019-07-09,1.0939580202102661,1.1588530540466309,1.0846869945526123,1.149582028388977,11339506
2019-07-10,1.0846869945526123,1.103227972984314,1.0568740367889404,1.0939580202102661,20886563
2019-07-11,1.0939580202102661,1.103227972984314,1.0846869945526123,1.0939580202102661,4348205
2019-07-12,1.0568740367889404,1.103227972984314,1.0383330583572388,1.0939580202102661,6984984
2019-07-15,1.0568740367889404,1.0568740367889404,1.0568740367889404,1.0568740367889404,0
2019-07-16,1.0661449432373047,1.0846869945526123,1.0568740367889404,1.0661449432373047,5383129
2019-07-17,1.103227972984314,1.103227972984314,1.0754159688949585,1.0846869945526123,6677580
2019-07-18,1.1217700242996216,1.1310410499572754,1.0939580202102661,1.103227972984314,13351517
2019-07-19,1.1124989986419678,1.1310410499572754,1.1124989986419678,1.1124989986419678,8592017
2019-07-22,1.0476030111312866,1.1217700242996216,1.0476030111312866,1.1217700242996216,25390771
2019-07-23,1.0568740367889404,1.0661449432373047,1.0476030111312866,1.0568740367889404,10828999
2019-07-24,1.029062032699585,1.0568740367889404,1.029062032699585,1.0476030111312866,9672247
2019-07-25,1.0383330583572388,1.0476030111312866,1.029062032699585,1.0383330583572388,5439309
2019-07-26,1.0476030111312866,1.0568740367889404,1.029062032699585,1.029062032699585,7718272
2019-07-29,1.0383330583572388,1.0568740367889404,1.029062032699585,1.0476030111312866,15019996
2019-07-30,1.0383330583572388,1.0476030111312866,1.029062032699585,1.0383330583572388,4653172
2019-07-31,1.029062032699585,1.0476030111312866,1.0197910070419312,1.0383330583572388,5121340
2019-08-01,1.0197910070419312,1.0383330583572388,1.0197910070419312,1.029062032699585,4455212
2019-08-02,1.0197910070419312,1.0197910070419312,1.0012489557266235,1.0105199813842773,4642372
2019-08-05,1.0383330583572388,1.0568740367889404,1.0105199813842773,1.0105199813842773,14345847
2019-08-06,1.0661449432373047,1.0939580202102661,1.0476030111312866,1.0661449432373047,31227182
2019-08-07,1.029062032699585,1.0661449432373047,1.0197910070419312,1.0661449432373047,10289738
2019-08-08,1.029062032699585,1.0383330583572388,1.0105199813842773,1.029062032699585,5192788
2019-08-09,1.0197910070419312,1.0383330583572388,1.0105199813842773,1.029062032699585,6847093
2019-08-12,1.0197910070419312,1.0197910070419312,1.0197910070419312,1.0197910070419312,0
2019-08-13,1.0197910070419312,1.0197910070419312,1.0197910070419312,1.0197910070419312,0
2019-08-14,1.0197910070419312,1.0197910070419312,1.0197910070419312,1.0197910070419312,0
2019-08-15,1.0197910070419312,1.029062032699585,1.0105199813842773,1.0197910070419312,4118476
2019-08-16,1.0012489557266235,1.029062032699585,1.0012489557266235,1.0197910070419312,3893434
2019-08-19,1.0105199813842773,1.0383330583572388,1.0012489557266235,1.0197910070419312,7300665
2019-08-20,1.0105199813842773,1.0197910070419312,1.0012489557266235,1.0105199813842773,3940218
2019-08-21,1.0105199813842773,1.0197910070419312,1.0012489557266235,1.0105199813842773,3453828
2019-08-22,1.0012489557266235,1.0105199813842773,0.9827079772949219,1.0012489557266235,5921409
2019-08-23,1.0012489557266235,1.0105199813842773,0.9919779896736145,0.9919779896736145,3587504
2019-08-26,1.0105199813842773,1.0105199813842773,0.9827079772949219,0.9827079772949219,4820145
2019-08-27,1.0105199813842773,1.029062032699585,1.0012489557266235,1.0012489557266235,13494785
2019-08-28,1.0197910070419312,1.029062032699585,1.0105199813842773,1.0197910070419312,4744829
2019-08-29,1.0197910070419312,1.029062032699585,1.0105199813842773,1.0197910070419312,4290943
2019-08-30,1.0197910070419312,1.0197910070419312,1.0197910070419312,1.0197910070419312,0
2019-09-02,1.0383330583572388,1.0568740367889404,1.0197910070419312,1.0197910070419312,13420876
2019-09-03,1.0568740367889404,1.0568740367889404,1.0383330583572388,1.0476030111312866,8270130
2019-09-04,1.0661449432373047,1.0661449432373047,1.0476030111312866,1.0568740367889404,11171155
2019-09-05,1.0754159688949585,1.0754159688949585,1.0568740367889404,1.0568740367889404,8717502
2019-09-06,1.0661449432373047,1.0939580202102661,1.0661449432373047,1.0754159688949585,11072287
2019-09-09,1.0754159688949585,1.0939580202102661,1.0754159688949585,1.0754159688949585,8573226
2019-09-10,1.103227972984314,1.103227972984314,1.0754159688949585,1.0754159688949585,10705669
2019-09-11,1.0939580202102661,1.1124989986419678,1.0939580202102661,1.1124989986419678,6071887
2019-09-12,1.0939580202102661,1.103227972984314,1.0846869945526123,1.0939580202102661,7118598
2019-09-13,1.0939580202102661,1.103227972984314,1.0754159688949585,1.0939580202102661,4519565
2019-09-16,1.0754159688949585,1.0846869945526123,1.0661449432373047,1.0846869945526123,5141173
2019-09-17,1.0568740367889404,1.0754159688949585,1.0476030111312866,1.0661449432373047,8224734
2019-09-18,1.0661449432373047,1.0661449432373047,1.0476030111312866,1.0568740367889404,7223323
2019-09-19,1.0476030111312866,1.0661449432373047,1.029062032699585,1.0661449432373047,7608980
2019-09-20,1.0383330583572388,1.0476030111312866,1.029062032699585,1.0383330583572388,5109737
2019-09-23,1.0197910070419312,1.0476030111312866,1.0197910070419312,1.0383330583572388,8546872
2019-09-24,1.0383330583572388,1.0476030111312866,1.029062032699585,1.0383330583572388,3753091
2019-09-25,1.0754159688949585,1.0846869945526123,1.0383330583572388,1.0476030111312866,17908217
2019-09-26,1.0846869945526123,1.1310410499572754,1.0754159688949585,1.103227972984314,27796135
2019-09-27,1.0939580202102661,1.0939580202102661,1.0661449432373047,1.0846869945526123,16972430
2019-09-30,1.0846869945526123,1.103227972984314,1.0754159688949585,1.0939580202102661,8185157
2019-10-01,1.0754159688949585,1.0939580202102661,1.0661449432373047,1.0846869945526123,8118845
2019-10-02,1.0754159688949585,1.0939580202102661,1.0661449432373047,1.0661449432373047,8661557
2019-10-03,1.0661449432373047,1.0939580202102661,1.0661449432373047,1.0754159688949585,9720616
2019-10-04,1.0754159688949585,1.0846869945526123,1.0661449432373047,1.0754159688949585,10264084
2019-10-07,1.0846869945526123,1.1124989986419678,1.0754159688949585,1.0846869945526123,30314409
2019-10-08,1.0754159688949585,1.0846869945526123,1.0476030111312866,1.0754159688949585,14368770
2019-10-09,1.0383330583572388,1.0754159688949585,1.029062032699585,1.0754159688949585,9561932
2019-10-10,1.0197910070419312,1.0383330583572388,0.9919779896736145,1.029062032699585,11792560
2019-10-11,1.0383330583572388,1.0568740367889404,1.0105199813842773,1.0197910070419312,20565645
2019-10-14,1.0012489557266235,1.0383330583572388,0.9919779896736145,1.029062032699585,14471897
2019-10-15,1.029062032699585,1.0476030111312866,1.0012489557266235,1.0105199813842773,22819208
2019-10-16,1.029062032699585,1.029062032699585,1.0012489557266235,1.0105199813842773,7033318
2019-10-17,1.0197910070419312,1.0476030111312866,1.0105199813842773,1.0197910070419312,16576334
2019-10-18,1.0476030111312866,1.0568740367889404,1.0383330583572388,1.0476030111312866,17804077
2019-10-21,1.0476030111312866,1.0568740367889404,1.029062032699585,1.0568740367889404,6231051
2019-10-22,1.0568740367889404,1.0568740367889404,1.0383330583572388,1.0383330583572388,9020220
2019-10-23,1.0939580202102661,1.103227972984314,1.0476030111312866,1.0568740367889404,36907598
2019-10-24,1.0846869945526123,1.103227972984314,1.0754159688949585,1.103227972984314,19001928
2019-10-25,1.0939580202102661,1.103227972984314,1.0754159688949585,1.0846869945526123,14012915
2019-10-28,1.0846869945526123,1.103227972984314,1.0846869945526123,1.0939580202102661,3620124
2019-10-30,1.0754159688949585,1.0846869945526123,1.0661449432373047,1.0754159688949585,10233560
2019-10-31,1.0754159688949585,1.0846869945526123,1.0661449432373047,1.0846869945526123,5149734
2019-11-01,1.0661449432373047,1.0846869945526123,1.0661449432373047,1.0754159688949585,4156841
2019-11-04,1.1124989986419678,1.1124989986419678,1.0846869945526123,1.0939580202102661,21909401
2019-11-05,1.1124989986419678,1.1124989986419678,1.0939580202102661,1.1124989986419678,13352189
2019-11-06,1.149582028388977,1.1588530540466309,1.103227972984314,1.1124989986419678,24712023
2019-11-07,1.177394986152649,1.1866660118103027,1.149582028388977,1.1681239604949951,24381547
2019-11-08,1.1403119564056396,1.1681239604949951,1.1310410499572754,1.1681239604949951,16698233
2019-11-11,1.2052069902420044,1.2144780158996582,1.1310410499572754,1.149582028388977,35839832
2019-11-12,1.1959370374679565,1.2144780158996582,1.177394986152649,1.2144780158996582,15963868
2019-11-13,1.1866660118103027,1.1959370374679565,1.177394986152649,1.1866660118103027,14731715
2019-11-14,1.2599999904632568,1.2799999713897705,1.190000057220459,1.190000057220459,66032765
2019-11-15,1.3200000524520874,1.399999976158142,1.2799999713897705,1.2899999618530273,116777317
2019-11-18,1.3300000429153442,1.3700000047683716,1.2999999523162842,1.3300000429153442,84224283
2019-11-19,1.3799999952316284,1.3799999952316284,1.3200000524520874,1.3300000429153442,44293196
2019-11-20,1.4299999475479126,1.4500000476837158,1.3899999856948853,1.399999976158142,95566421
2019-11-21,1.4199999570846558,1.4500000476837158,1.3899999856948853,1.4500000476837158,54539367
2019-11-22,1.3899999856948853,1.4199999570846558,1.3700000047683716,1.4199999570846558,44076731
2019-11-25,1.3899999856948853,1.4199999570846558,1.3700000047683716,1.3899999856948853,50020753
2019-11-26,1.3799999952316284,1.399999976158142,1.3200000524520874,1.3799999952316284,66983691
2019-11-27,1.409999966621399,1.4199999570846558,1.3799999952316284,1.3899999856948853,71543999
2019-11-28,1.4199999570846558,1.4299999475479126,1.3899999856948853,1.409999966621399,28518550
2019-11-29,1.4500000476837158,1.4600000381469727,1.409999966621399,1.4199999570846558,52002432
2019-12-02,1.4800000190734863,1.5,1.440000057220459,1.4600000381469727,38905599
2019-12-03,1.440000057220459,1.4900000095367432,1.4299999475479126,1.4800000190734863,30169905
2019-12-04,1.440000057220459,1.4600000381469727,1.3899999856948853,1.440000057220459,60629728
2019-12-05,1.4600000381469727,1.4700000286102295,1.4299999475479126,1.4600000381469727,28486008
2019-12-06,1.4700000286102295,1.4900000095367432,1.4500000476837158,1.4600000381469727,34698671
2019-12-09,1.4800000190734863,1.4900000095367432,1.4500000476837158,1.4700000286102295,36661970
2019-12-10,1.5099999904632568,1.5499999523162842,1.4800000190734863,1.5,68466584
2019-12-11,1.5499999523162842,1.5499999523162842,1.4900000095367432,1.5099999904632568,91117519
2019-12-12,1.5099999904632568,1.559999942779541,1.5099999904632568,1.5499999523162842,45594260
2019-12-13,1.5099999904632568,1.5399999618530273,1.5,1.5299999713897705,34596276
2019-12-16,1.5299999713897705,1.5399999618530273,1.5,1.5099999904632568,30517847
2019-12-17,1.5299999713897705,1.5499999523162842,1.5199999809265137,1.5299999713897705,31773520
2019-12-18,1.5199999809265137,1.5399999618530273,1.5,1.5199999809265137,33946801
2019-12-19,1.5299999713897705,1.5399999618530273,1.5099999904632568,1.5199999809265137,23065124
2019-12-20,1.590000033378601,1.600000023841858,1.5199999809265137,1.5299999713897705,106981680
2019-12-23,1.649999976158142,1.75,1.6200000047683716,1.6299999952316284,268095824
2019-12-24,1.6200000047683716,1.6799999475479126,1.6100000143051147,1.649999976158142,72524085
2019-12-25,1.659999966621399,1.659999966621399,1.600000023841858,1.6299999952316284,69389920
2019-12-26,1.6299999952316284,1.690000057220459,1.600000023841858,1.6699999570846558,87114152
2019-12-27,1.559999942779541,1.659999966621399,1.5499999523162842,1.6399999856948853,82090972
2019-12-30,1.5399999618530273,1.6100000143051147,1.5299999713897705,1.600000023841858,56064059
2019-12-31,1.5800000429153442,1.6399999856948853,1.5700000524520874,1.5700000524520874,120264907
2020-01-02,1.5800000429153442,1.6100000143051147,1.559999942779541,1.600000023841858,31803020
2020-01-03,1.5099999904632568,1.5800000429153442,1.4500000476837158,1.5700000524520874,67946542
2020-01-06,1.440000057220459,1.4900000095367432,1.4299999475479126,1.4800000190734863,29320097
2020-01-07,1.4600000381469727,1.4800000190734863,1.4500000476837158,1.4600000381469727,34753986
2020-01-08,1.4199999570846558,1.440000057220459,1.3899999856948853,1.4199999570846558,52677719
2020-01-09,1.5199999809265137,1.5199999809265137,1.4700000286102295,1.5,44625246
2020-01-10,1.5099999904632568,1.5399999618530273,1.5,1.5199999809265137,55991715
2020-01-13,1.5499999523162842,1.5700000524520874,1.5199999809265137,1.5199999809265137,42476436
2020-01-14,1.5399999618530273,1.559999942779541,1.5099999904632568,1.559999942779541,36496118
2020-01-15,1.600000023841858,1.6100000143051147,1.5,1.5199999809265137,150249448
2020-01-16,1.5700000524520874,1.6299999952316284,1.559999942779541,1.6100000143051147,93777760
2020-01-17,1.600000023841858,1.6200000047683716,1.5299999713897705,1.5700000524520874,102989355
2020-01-20,1.6399999856948853,1.659999966621399,1.600000023841858,1.6100000143051147,90497828
2020-01-21,1.659999966621399,1.6699999570846558,1.6200000047683716,1.6399999856948853,56304168
2020-01-22,1.6299999952316284,1.6699999570846558,1.6100000143051147,1.649999976158142,45787866
2020-01-23,1.649999976158142,1.6699999570846558,1.600000023841858,1.6100000143051147,100167856
2020-01-24,1.659999966621399,1.6799999475479126,1.6299999952316284,1.6799999475479126,56578981
2020-01-27,1.6699999570846558,1.6799999475479126,1.6100000143051147,1.6299999952316284,83696982
2020-01-28,1.7400000095367432,1.7400000095367432,1.659999966621399,1.6799999475479126,135394190
2020-01-29,1.7100000381469727,1.7699999809265137,1.690000057220459,1.75,81259899
2020-01-30,1.6799999475479126,1.7000000476837158,1.649999976158142,1.690000057220459,51291842
2020-01-31,1.690000057220459,1.7000000476837158,1.6699999570846558,1.6799999475479126,46743468
2020-02-03,1.75,1.7699999809265137,1.690000057220459,1.7000000476837158,110251901
2020-02-04,1.7799999713897705,1.7899999618530273,1.7599999904632568,1.7699999809265137,58478949
2020-02-05,1.7899999618530273,1.8200000524520874,1.7699999809265137,1.7899999618530273,67554109
2020-02-06,1.8799999952316284,1.8899999856948853,1.7899999618530273,1.7999999523162842,114211556
2020-02-07,1.809999942779541,1.8899999856948853,1.7999999523162842,1.8799999952316284,96915831
2020-02-10,1.75,1.8700000047683716,1.6399999856948853,1.809999942779541,139054392
2020-02-11,1.7999999523162842,1.8200000524520874,1.7400000095367432,1.7799999713897705,94666432
2020-02-12,1.8200000524520874,1.840000033378601,1.7400000095367432,1.809999942779541,125616949
2020-02-13,1.840000033378601,1.850000023841858,1.7999999523162842,1.809999942779541,74307931
2020-02-14,1.9700000286102295,1.9800000190734863,1.840000033378601,1.850000023841858,217532925
2020-02-17,1.9199999570846558,2.0,1.899999976158142,1.9900000095367432,118234185
2020-02-18,1.9199999570846558,1.9500000476837158,1.8700000047683716,1.9199999570846558,94364809
2020-02-19,1.8899999856948853,1.9500000476837158,1.8600000143051147,1.9199999570846558,116058215
2020-02-20,1.7599999904632568,1.8799999952316284,1.7300000190734863,1.8700000047683716,106763934
2020-02-21,1.7899999618530273,1.809999942779541,1.7000000476837158,1.75,72544258
2020-02-24,1.8600000143051147,1.8700000047683716,1.7300000190734863,1.75,71460589
2020-02-25,1.940000057220459,2.0799999237060547,1.8200000524520874,1.8799999952316284,365170759
2020-02-26,1.9500000476837158,2.009999990463257,1.909999966621399,1.9199999570846558,133832965
2020-02-27,1.7599999904632568,1.9500000476837158,1.7400000095367432,1.9299999475479126,167435738
2020-02-28,1.659999966621399,1.7200000286102295,1.4700000286102295,1.4800000190734863,83851930
2020-03-02,1.9800000190734863,2.0,1.8200000524520874,1.8799999952316284,324322829
2020-03-03,1.909999966621399,2.0199999809265137,1.8799999952316284,1.9900000095367432,190736758
2020-03-04,1.9299999475479126,2.0299999713897705,1.8799999952316284,1.9199999570846558,303597344
2020-03-05,1.9199999570846558,1.9900000095367432,1.899999976158142,1.9600000381469727,132166240
2020-03-06,1.8600000143051147,1.9299999475479126,1.8200000524520874,1.8899999856948853,112918183
2020-03-09,1.659999966621399,1.840000033378601,1.5800000429153442,1.7799999713897705,126376693
2020-03-10,1.5099999904632568,1.75,1.5,1.7200000286102295,107840360
2020-03-11,1.5099999904632568,1.5099999904632568,1.5099999904632568,1.5099999904632568,0
2020-03-12,1.2899999618530273,1.4800000190734863,1.2599999904632568,1.4700000286102295,109880693
2020-03-13,1.3899999856948853,1.3899999856948853,1.2100000381469727,1.2699999809265137,84575877
2020-03-16,1.2799999713897705,1.3700000047683716,1.2599999904632568,1.3300000429153442,58332654
2020-03-17,1.2400000095367432,1.3200000524520874,1.149999976158142,1.2899999618530273,94549425
2020-03-18,1.2400000095367432,1.309999942779541,1.190000057220459,1.2000000476837158,68387728
2020-03-19,1.2300000190734863,1.2599999904632568,1.2000000476837158,1.2300000190734863,49829200
2020-03-20,1.2400000095367432,1.2899999618530273,1.2200000286102295,1.2699999809265137,47408345
2020-03-23,1.1799999475479126,1.2100000381469727,1.159999966621399,1.1799999475479126,39864060
2020-03-24,1.2599999904632568,1.2599999904632568,1.2100000381469727,1.2300000190734863,66115784
2020-03-25,1.2999999523162842,1.3200000524520874,1.2400000095367432,1.2799999713897705,98410681
2020-03-26,1.309999942779541,1.3300000429153442,1.2699999809265137,1.2899999618530273,94001201
2020-03-27,1.2400000095367432,1.3200000524520874,1.2200000286102295,1.309999942779541,50541726
2020-03-30,1.2300000190734863,1.2400000095367432,1.2000000476837158,1.2300000190734863,24807638
2020-03-31,1.2599999904632568,1.2699999809265137,1.2300000190734863,1.2400000095367432,39875767
2020-04-01,1.309999942779541,1.309999942779541,1.2200000286102295,1.2400000095367432,101130209
2020-04-02,1.2999999523162842,1.3600000143051147,1.2699999809265137,1.3300000429153442,72126067
2020-04-03,1.3200000524520874,1.3600000143051147,1.2999999523162842,1.309999942779541,80542455
2020-04-06,1.3600000143051147,1.3799999952316284,1.3200000524520874,1.340000033378601,116880458
2020-04-07,1.3600000143051147,1.409999966621399,1.350000023841858,1.3799999952316284,90694246
2020-04-08,1.3600000143051147,1.3700000047683716,1.340000033378601,1.3600000143051147,41012723
2020-04-09,1.3700000047683716,1.3799999952316284,1.350000023841858,1.3700000047683716,52256805
2020-04-10,1.3899999856948853,1.399999976158142,1.3700000047683716,1.3799999952316284,54010269
2020-04-13,1.399999976158142,1.4299999475479126,1.3600000143051147,1.3700000047683716,52573602
2020-04-14,1.4199999570846558,1.4299999475479126,1.399999976158142,1.409999966621399,68222722
2020-04-15,1.340000033378601,1.4199999570846558,1.3200000524520874,1.4199999570846558,53066824
2020-04-16,1.3799999952316284,1.3899999856948853,1.340000033378601,1.3700000047683716,59290102
2020-04-17,1.4700000286102295,1.5099999904632568,1.409999966621399,1.4199999570846558,187551995
2020-04-20,1.5199999809265137,1.559999942779541,1.4800000190734863,1.4800000190734863,123586218
2020-04-21,1.5199999809265137,1.5299999713897705,1.4800000190734863,1.5099999904632568,75871151
2020-04-22,1.5700000524520874,1.6100000143051147,1.5099999904632568,1.5299999713897705,137047791
2020-04-24,1.600000023841858,1.6299999952316284,1.5700000524520874,1.5800000429153442,94758561
2020-04-27,1.649999976158142,1.6799999475479126,1.6299999952316284,1.6399999856948853,49881203
2020-04-28,1.6699999570846558,1.7300000190734863,1.6399999856948853,1.6699999570846558,100387953
2020-04-29,1.7100000381469727,1.7200000286102295,1.690000057220459,1.690000057220459,53448589
2020-04-30,1.659999966621399,1.7300000190734863,1.6299999952316284,1.7100000381469727,57998136
2020-05-04,1.8200000524520874,1.8200000524520874,1.6200000047683716,1.6200000047683716,128133050
2020-05-05,1.7400000095367432,1.850000023841858,1.7200000286102295,1.840000033378601,96331878
2020-05-06,1.850000023841858,1.899999976158142,1.7300000190734863,1.7400000095367432,169184231
2020-05-07,1.7999999523162842,1.8600000143051147,1.7899999618530273,1.840000033378601,58729241
2020-05-08,1.7699999809265137,1.850000023841858,1.7599999904632568,1.809999942779541,45100201
2020-05-11,1.809999942779541,1.850000023841858,1.7699999809265137,1.7899999618530273,55287454
2020-05-12,1.7400000095367432,1.7799999713897705,1.7100000381469727,1.75,90745416
2020-05-13,1.7400000095367432,1.7699999809265137,1.7200000286102295,1.7400000095367432,37842929
2020-05-14,1.690000057220459,1.7400000095367432,1.6699999570846558,1.7200000286102295,51964683
2020-05-15,1.7300000190734863,1.809999942779541,1.7000000476837158,1.7000000476837158,158539981
2020-05-18,1.75,1.8200000524520874,1.7300000190734863,1.7400000095367432,125693315
2020-05-20,1.7599999904632568,1.7899999618530273,1.75,1.7699999809265137,36707245
2020-05-21,1.7799999713897705,1.809999942779541,1.75,1.7799999713897705,69883289
2020-05-22,1.809999942779541,1.8300000429153442,1.75,1.7699999809265137,101101921
2020-05-27,1.8200000524520874,1.8600000143051147,1.809999942779541,1.850000023841858,58461978
2020-05-28,1.7999999523162842,1.840000033378601,1.7799999713897705,1.8300000429153442,54289793
2020-05-29,1.8200000524520874,1.8600000143051147,1.7899999618530273,1.7899999618530273,95047440
2020-06-01,1.8600000143051147,1.8799999952316284,1.809999942779541,1.8300000429153442,102970824
2020-06-02,1.8300000429153442,1.8600000143051147,1.8200000524520874,1.8600000143051147,43192489
2020-06-03,1.850000023841858,1.8899999856948853,1.8200000524520874,1.840000033378601,108945720
2020-06-04,1.8899999856948853,1.9299999475479126,1.840000033378601,1.850000023841858,154152258
2020-06-05,1.899999976158142,1.9299999475479126,1.8899999856948853,1.909999966621399,66236322
2020-06-08,1.909999966621399,1.9500000476837158,1.899999976158142,1.909999966621399,96124164
2020-06-09,2.0299999713897705,2.0399999618530273,1.8899999856948853,1.9199999570846558,215394389
2020-06-10,2.0199999809265137,2.0799999237060547,2.0,2.0399999618530273,136455087
2020-06-11,2.0,2.0399999618530273,1.9800000190734863,1.9900000095367432,106173236
2020-06-12,2.0299999713897705,2.049999952316284,1.9500000476837158,1.9700000286102295,107900519
2020-06-15,2.2300000190734863,2.2300000190734863,1.9900000095367432,2.0,218240388
2020-06-16,2.2899999618530273,2.430000066757202,2.2100000381469727,2.259999990463257,263271673
2020-06-17,2.3499999046325684,2.4100000858306885,2.2899999618530273,2.299999952316284,140105572
2020-06-18,2.430000066757202,2.4800000190734863,2.359999895095825,2.380000114440918,186491995
2020-06-19,2.3299999237060547,2.4800000190734863,2.299999952316284,2.4600000381469727,116653983
2020-06-22,2.549999952316284,2.549999952316284,2.319999933242798,2.3499999046325684,269046957
2020-06-23,2.7100000381469727,2.799999952316284,2.490000009536743,2.5899999141693115,441260679
2020-06-24,2.6700000762939453,2.890000104904175,2.6500000953674316,2.7100000381469727,257623894
2020-06-25,2.7300000190734863,2.7899999618530273,2.680000066757202,2.700000047683716,139753977
2020-06-26,2.759999990463257,2.859999895095825,2.700000047683716,2.75,230288681
2020-06-29,2.8399999141693115,2.880000114440918,2.7799999713897705,2.799999952316284,127709548
2020-06-30,2.940000057220459,3.0199999809265137,2.809999942779541,2.869999885559082,277982365
2020-07-01,3.0399999618530273,3.0899999141693115,2.950000047683716,2.950000047683716,189059326
2020-07-02,3.319999933242798,3.3499999046325684,3.0,3.059999942779541,324292034
2020-07-03,3.440000057220459,3.5399999618530273,3.259999990463257,3.299999952316284,245427659
2020-07-06,3.6500000953674316,3.7100000381469727,3.4800000190734863,3.5399999618530273,161940825
2020-07-07,3.700000047683716,3.8399999141693115,3.490000009536743,3.6700000762939453,198560240
2020-07-08,3.5399999618530273,3.75,3.5299999713897705,3.7100000381469727,139298112
2020-07-09,3.2300000190734863,3.559999942779541,3.2300000190734863,3.549999952316284,139636286
2020-07-10,3.4600000381469727,3.4700000286102295,2.990000009536743,3.1500000953674316,212520383
2020-07-13,3.359999895095825,3.619999885559082,3.359999895095825,3.5299999713897705,155680300
2020-07-14,3.390000104904175,3.569999933242798,3.240000009536743,3.359999895095825,208244076
2020-07-16,3.3499999046325684,3.4800000190734863,3.3299999237060547,3.390000104904175,104895349
2020-07-17,3.3299999237060547,3.4200000762939453,3.309999942779541,3.3399999141693115,52288221
2020-07-20,3.190000057220459,3.3399999141693115,3.180000066757202,3.3299999237060547,87125098
2020-07-21,3.0999999046325684,3.2899999618530273,3.0399999618530273,3.190000057220459,69210733
2020-07-22,3.0999999046325684,3.259999990463257,3.049999952316284,3.119999885559082,102353489
2020-07-23,3.049999952316284,3.1600000858306885,3.0399999618530273,3.130000114440918,52347287
2020-07-24,3.0899999141693115,3.1700000762939453,2.990000009536743,3.009999990463257,148061800
2020-07-27,3.069999933242798,3.1500000953674316,3.049999952316284,3.119999885559082,37846620
2020-07-28,2.9800000190734863,3.190000057220459,2.930000066757202,3.069999933242798,193907938
2020-07-29,2.9600000381469727,3.049999952316284,2.880000114440918,2.990000009536743,110549704
2020-07-30,2.940000057220459,2.9800000190734863,2.9200000762939453,2.9600000381469727,17484444
2020-08-04,2.7300000190734863,3.0299999713897705,2.6500000953674316,2.9800000190734863,91753119
2020-08-05,2.7899999618530273,2.8499999046325684,2.640000104904175,2.7699999809265137,101537045
2020-08-06,2.5199999809265137,2.8499999046325684,2.5199999809265137,2.7699999809265137,96597133
2020-08-07,2.700000047683716,2.7699999809265137,2.2699999809265137,2.4700000286102295,181049234
2020-08-10,2.9200000762939453,2.9600000381469727,2.5799999237060547,2.6500000953674316,214589446
2020-08-11,3.049999952316284,3.130000114440918,2.950000047683716,2.950000047683716,111004852
2020-08-12,3.0799999237060547,3.1600000858306885,3.0199999809265137,3.049999952316284,112054064
2020-08-13,3.2799999713897705,3.309999942779541,3.059999942779541,3.0799999237060547,293209828
2020-08-14,3.059999942779541,3.2699999809265137,2.9700000286102295,3.259999990463257,156223572
2020-08-17,2.890000104904175,3.059999942779541,2.890000104904175,3.0399999618530273,107481856
2020-08-18,2.9100000858306885,3.0,2.5999999046325684,2.7100000381469727,17126279
2020-08-19,2.8399999141693115,2.9000000953674316,2.819999933242798,2.869999885559082,11093909
2020-08-20,2.7699999809265137,2.8299999237060547,2.7200000286102295,2.8299999237060547,8601638
2020-08-21,2.7200000286102295,2.799999952316284,2.690000057220459,2.7699999809265137,10999297
2020-08-24,2.759999990463257,2.7799999713897705,2.7100000381469727,2.7100000381469727,6181073
2020-08-25,2.950000047683716,2.9800000190734863,2.75,2.7899999618530273,23958161
2020-08-26,3.0,3.0399999618530273,2.809999942779541,2.950000047683716,19109708
2020-08-27,3.0899999141693115,3.1600000858306885,2.9600000381469727,3.0,22068211
2020-08-28,3.0899999141693115,3.140000104904175,3.009999990463257,3.130000114440918,14464380
2020-08-31,3.059999942779541,3.0799999237060547,2.9600000381469727,3.069999933242798,14646474
2020-09-01,3.130000114440918,3.1500000953674316,2.9700000286102295,3.059999942779541,21284917
2020-09-02,3.059999942779541,3.180000066757202,3.059999942779541,3.119999885559082,55409036
2020-09-03,3.0199999809265137,3.119999885559082,2.9800000190734863,3.069999933242798,49557284
2020-09-04,3.0,3.109999895095825,2.9700000286102295,3.0,69653307
2020-09-07,3.0,3.059999942779541,2.990000009536743,3.009999990463257,46112929
2020-09-08,2.940000057220459,3.0199999809265137,2.940000057220459,3.009999990463257,34655701
2020-09-09,2.9700000286102295,3.0399999618530273,2.9200000762939453,2.930000066757202,92173113
2020-09-10,3.0,3.0899999141693115,2.9600000381469727,2.990000009536743,88452304
2020-09-11,3.009999990463257,3.0799999237060547,3.0,3.0199999809265137,69383829
2020-09-14,3.0,3.049999952316284,2.990000009536743,3.0299999713897705,36255025
2020-09-15,2.9800000190734863,3.049999952316284,2.940000057220459,3.009999990463257,47973715
2020-09-16,2.950000047683716,2.990000009536743,2.940000057220459,2.9800000190734863,27393029
2020-09-17,3.009999990463257,3.059999942779541,2.9200000762939453,2.930000066757202,110671556
2020-09-18,2.990000009536743,3.0399999618530273,2.9700000286102295,3.009999990463257,45965368
2020-09-21,2.869999885559082,3.0199999809265137,2.8499999046325684,2.990000009536743,52123854
2020-09-22,2.890000104904175,2.9200000762939453,2.859999895095825,2.890000104904175,26737578
2020-09-23,2.9800000190734863,3.0299999713897705,2.9000000953674316,2.9000000953674316,66868678
2020-09-24,2.9600000381469727,2.9800000190734863,2.940000057220459,2.950000047683716,25493436
2020-09-25,3.0,3.069999933242798,2.9800000190734863,2.990000009536743,85490439
2020-09-28,2.9600000381469727,3.049999952316284,2.9600000381469727,2.990000009536743,63086293
2020-09-29,2.9700000286102295,3.0399999618530273,2.950000047683716,2.9700000286102295,86534822
2020-09-30,3.119999885559082,3.2699999809265137,3.0899999141693115,3.109999895095825,293343778
2020-10-01,3.0399999618530273,3.130000114440918,3.0299999713897705,3.109999895095825,41324707
2020-10-02,3.049999952316284,3.119999885559082,3.009999990463257,3.0299999713897705,40794869
2020-10-05,3.119999885559082,3.1500000953674316,3.059999942779541,3.0799999237060547,74711856
2020-10-06,3.0999999046325684,3.190000057220459,3.0799999237060547,3.140000104904175,100542469
2020-10-07,3.0999999046325684,3.130000114440918,3.069999933242798,3.109999895095825,39799092
2020-10-08,3.119999885559082,3.1600000858306885,3.0899999141693115,3.0999999046325684,66303506
2020-10-09,3.049999952316284,3.180000066757202,3.009999990463257,3.1500000953674316,116386344
2020-10-12,3.059999942779541,3.0899999141693115,3.0199999809265137,3.049999952316284,47283441
2020-10-13,3.0899999141693115,3.2200000286102295,3.0399999618530273,3.059999942779541,224131061
2020-10-14,3.069999933242798,3.130000114440918,3.059999942779541,3.119999885559082,63480713
2020-10-15,3.0399999618530273,3.0799999237060547,3.0199999809265137,3.059999942779541,50159041
2020-10-16,3.0299999713897705,3.069999933242798,3.0199999809265137,3.0399999618530273,34810378
2020-10-19,3.0899999141693115,3.140000104904175,3.0299999713897705,3.0399999618530273,116563309
2020-10-20,3.140000104904175,3.1700000762939453,3.069999933242798,3.0899999141693115,119838155
2020-10-21,3.299999952316284,3.369999885559082,3.140000104904175,3.1500000953674316,305819694
2020-10-22,3.190000057220459,3.3399999141693115,3.1700000762939453,3.3299999237060547,93674392
2020-10-23,3.0999999046325684,3.2100000381469727,3.0299999713897705,3.180000066757202,68360651
2020-10-26,2.819999933242798,3.069999933242798,2.799999952316284,3.069999933242798,61981142
2020-10-27,2.890000104904175,2.940000057220459,2.75,2.809999942779541,59630846
2020-10-28,2.8299999237060547,2.880000114440918,2.809999942779541,2.859999895095825,16459655
2020-10-30,2.740000009536743,2.799999952316284,2.7100000381469727,2.7699999809265137,29342654
2020-11-02,2.7799999713897705,2.8499999046325684,2.75,2.759999990463257,33459900
2020-11-03,2.799999952316284,2.8299999237060547,2.7200000286102295,2.7799999713897705,36418565
2020-11-04,2.9100000858306885,2.9700000286102295,2.809999942779541,2.809999942779541,85068372
2020-11-05,2.9100000858306885,2.9800000190734863,2.869999885559082,2.930000066757202,45066263
2020-11-06,2.930000066757202,2.9600000381469727,2.890000104904175,2.9000000953674316,43260713
2020-11-09,3.0199999809265137,3.049999952316284,2.950000047683716,2.950000047683716,65022905
2020-11-10,3.049999952316284,3.069999933242798,2.990000009536743,3.0,41361380
2020-11-11,3.0799999237060547,3.109999895095825,3.0399999618530273,3.069999933242798,68602066
2020-11-12,2.9700000286102295,3.130000114440918,2.930000066757202,3.0999999046325684,76285888
2020-11-13,3.009999990463257,3.0299999713897705,2.9600000381469727,2.9600000381469727,34367755
2020-11-16,3.009999990463257,3.069999933242798,3.009999990463257,3.0299999713897705,49393282
2020-11-17,2.940000057220459,3.0199999809265137,2.930000066757202,3.0199999809265137,27934115
2020-11-18,2.9600000381469727,2.990000009536743,2.930000066757202,2.940000057220459,38669031
2020-11-19,2.9600000381469727,2.9800000190734863,2.9100000858306885,2.9600000381469727,27950077
2020-11-20,2.990000009536743,3.0199999809265137,2.940000057220459,2.950000047683716,41273010
2020-11-23,2.9600000381469727,3.049999952316284,2.930000066757202,2.9800000190734863,53785996
2020-11-24,2.990000009536743,3.009999990463257,2.950000047683716,2.9800000190734863,32145301
2020-11-25,3.059999942779541,3.1500000953674316,2.9800000190734863,3.0,175591956
2020-11-26,3.109999895095825,3.2100000381469727,3.0899999141693115,3.0999999046325684,147188623
2020-11-27,3.0299999713897705,3.119999885559082,2.990000009536743,3.109999895095825,67260782
2020-11-30,2.9100000858306885,2.990000009536743,2.880000114440918,2.9800000190734863,43664660
2020-12-01,3.0,3.0299999713897705,2.9200000762939453,2.930000066757202,56818280
2020-12-02,3.009999990463257,3.0899999141693115,2.9600000381469727,3.0,84024457
2020-12-03,3.0199999809265137,3.049999952316284,2.990000009536743,3.009999990463257,40486384
2020-12-04,3.0399999618530273,3.0799999237060547,3.0299999713897705,3.049999952316284,50255058
2020-12-07,3.0399999618530273,3.0799999237060547,3.0199999809265137,3.0399999618530273,48679583
2020-12-08,3.130000114440918,3.130000114440918,3.0299999713897705,3.0399999618530273,77296673
2020-12-09,3.180000066757202,3.2799999713897705,3.1500000953674316,3.1600000858306885,170250083
2020-12-10,3.140000104904175,3.25,3.069999933242798,3.190000057220459,98019036
2020-12-11,3.0899999141693115,3.130000114440918,3.0299999713897705,3.119999885559082,61872838
2020-12-14,3.109999895095825,3.1700000762939453,3.0999999046325684,3.0999999046325684,45694651
2020-12-15,3.109999895095825,3.140000104904175,3.069999933242798,3.130000114440918,33400972
2020-12-16,3.049999952316284,3.130000114440918,3.0299999713897705,3.119999885559082,34928534
2020-12-17,3.069999933242798,3.0899999141693115,3.0399999618530273,3.069999933242798,24810824
2020-12-18,3.0899999141693115,3.119999885559082,3.049999952316284,3.059999942779541,40453804
2020-12-21,3.130000114440918,3.190000057220459,3.0199999809265137,3.069999933242798,116832485
2020-12-22,3.1600000858306885,3.2100000381469727,3.140000104904175,3.1600000858306885,59710734
2020-12-23,3.1700000762939453,3.200000047683716,3.1500000953674316,3.1600000858306885,52638325
2020-12-24,3.140000104904175,3.1700000762939453,3.119999885559082,3.1600000858306885,34819996
2020-12-25,3.130000114440918,3.180000066757202,3.119999885559082,3.140000104904175,43871801
2020-12-28,3.140000104904175,3.180000066757202,3.130000114440918,3.1500000953674316,37298194
2020-12-29,3.240000009536743,3.359999895095825,3.140000104904175,3.1500000953674316,239174664
2020-12-30,3.190000057220459,3.3299999237060547,3.180000066757202,3.259999990463257,73229674
2020-12-31,3.240000009536743,3.2699999809265137,3.1500000953674316,3.200000047683716,63996229
2021-01-04,3.569999933242798,3.569999933242798,3.299999952316284,3.309999942779541,203980281
2021-01-05,3.5999999046325684,3.8399999141693115,3.5399999618530273,3.569999933242798,296933161
2021-01-06,3.5,3.7200000286102295,3.450000047683716,3.630000114440918,170722812
2021-01-07,3.5999999046325684,3.630000114440918,3.4700000286102295,3.5199999809265137,119093258
2021-01-08,3.5899999141693115,3.7100000381469727,3.569999933242798,3.640000104904175,104442924
2021-01-11,3.700000047683716,3.7799999713897705,3.5899999141693115,3.5899999141693115,191548250
2021-01-12,3.869999885559082,3.9200000762939453,3.740000009536743,3.740000009536743,215138020
2021-01-13,3.7699999809265137,3.940000057220459,3.740000009536743,3.9000000953674316,137280488
2021-01-14,3.869999885559082,3.9000000953674316,3.7200000286102295,3.7799999713897705,139739548
2021-01-15,3.75,3.880000114440918,3.7100000381469727,3.859999895095825,69144594
2021-01-18,3.759999990463257,3.819999933242798,3.6600000858306885,3.7300000190734863,89704937
2021-01-19,4.119999885559082,4.119999885559082,3.7699999809265137,3.7699999809265137,242472585
2021-01-20,4.130000114440918,4.489999771118164,4.090000152587891,4.210000038146973,205218052
2021-01-21,4.550000190734863,4.550000190734863,4.150000095367432,4.150000095367432,243439403
2021-01-22,4.739999771118164,4.849999904632568,4.559999942779541,4.659999847412109,258890189
2021-01-25,5.199999809265137,5.199999809265137,4.619999885559082,4.78000020980835,196851931
2021-01-26,5.019999980926514,5.71999979019165,5.019999980926514,5.300000190734863,326713523
2021-01-27,4.539999961853027,5.230000019073486,4.519999980926514,4.869999885559082,250285250
2021-01-28,4.989999771118164,4.989999771118164,4.449999809265137,4.489999771118164,222759373
2021-01-29,5.210000038146973,5.400000095367432,5.0,5.119999885559082,274061999
2021-02-01,5.400000095367432,5.690000057220459,5.239999771118164,5.340000152587891,296290181
2021-02-02,5.329999923706055,5.670000076293945,5.21999979019165,5.599999904632568,172096324
2021-02-03,5.130000114440918,5.360000133514404,5.070000171661377,5.349999904632568,105873056
2021-02-04,5.150000095367432,5.429999828338623,5.050000190734863,5.139999866485596,238502666
2021-02-05,5.090000152587891,5.289999961853027,5.079999923706055,5.179999828338623,100019233
2021-02-08,5.099999904632568,5.28000020980835,5.079999923706055,5.130000114440918,129337384
2021-02-09,4.900000095367432,5.159999847412109,4.880000114440918,5.130000114440918,83951729
2021-02-10,4.809999942779541,4.949999809265137,4.769999980926514,4.880000114440918,67950044
2021-02-11,5.059999942779541,5.28000020980835,4.809999942779541,4.820000171661377,177834754
2021-02-12,4.940000057220459,5.099999904632568,4.920000076293945,5.039999961853027,81475642
2021-02-15,4.980000019073486,5.099999904632568,4.949999809265137,4.989999771118164,66687908
2021-02-16,4.909999847412109,5.099999904632568,4.829999923706055,5.0,128969227
2021-02-17,5.269999980926514,5.320000171661377,4.929999828338623,4.929999828338623,248704742
2021-02-18,5.110000133514404,5.289999961853027,5.110000133514404,5.28000020980835,109431913
2021-02-19,5.210000038146973,5.460000038146973,5.019999980926514,5.139999866485596,270021901
2021-02-22,5.579999923706055,5.659999847412109,5.269999980926514,5.269999980926514,279505103
2021-02-23,5.21999979019165,5.690000057220459,5.210000038146973,5.659999847412109,176865059
2021-02-24,4.699999809265137,4.699999809265137,4.699999809265137,4.699999809265137,17754834
2021-02-25,4.230000019073486,4.860000133514404,4.230000019073486,4.440000057220459,275018255
2021-02-26,4.050000190734863,4.230000019073486,3.859999895095825,4.099999904632568,216213194
2021-03-01,4.440000057220459,4.440000057220459,4.059999942779541,4.139999866485596,125772426
2021-03-02,4.699999809265137,4.769999980926514,4.329999923706055,4.480000019073486,240332563
2021-03-03,4.71999979019165,4.880000114440918,4.619999885559082,4.699999809265137,194464535
2021-03-04,4.599999904632568,4.71999979019165,4.559999942779541,4.679999828338623,76554840
2021-03-05,4.46999979019165,4.570000171661377,4.460000038146973,4.539999961853027,44555189
2021-03-08,4.369999885559082,4.599999904632568,4.349999904632568,4.5,51799278
2021-03-09,4.5,4.579999923706055,4.269999980926514,4.409999847412109,97132777
2021-03-10,4.380000114440918,4.550000190734863,4.380000114440918,4.5,69359759
2021-03-11,4.289999961853027,4.519999980926514,4.289999961853027,4.400000095367432,94322401
2021-03-12,4.269999980926514,4.380000114440918,4.239999771118164,4.300000190734863,41773870
2021-03-15,4.260000228881836,4.360000133514404,4.21999979019165,4.260000228881836,55573349
2021-03-16,4.269999980926514,4.349999904632568,4.230000019073486,4.28000020980835,65732702
2021-03-17,4.400000095367432,4.539999961853027,4.269999980926514,4.269999980926514,219441225
2021-03-18,4.230000019073486,4.440000057220459,4.199999809265137,4.420000076293945,57342813
2021-03-19,4.099999904632568,4.239999771118164,4.019999980926514,4.21999979019165,45119202
2021-03-22,3.690000057220459,3.890000104904175,3.690000057220459,3.740000009536743,25988225
2021-03-23,3.7699999809265137,3.9100000858306885,3.3299999237060547,3.5,77204573
2021-03-24,3.9100000858306885,3.950000047683716,3.809999942779541,3.8299999237060547,41323256
2021-03-25,3.869999885559082,4.050000190734863,3.859999895095825,3.9100000858306885,43006679
2021-03-26,3.8299999237060547,4.039999961853027,3.7899999618530273,3.9100000858306885,87154941
2021-03-29,3.9200000762939453,3.950000047683716,3.819999933242798,3.8399999141693115,39580940
2021-03-30,3.9700000286102295,4.059999942779541,3.859999895095825,3.9200000762939453,80343795
2021-03-31,3.9200000762939453,4.039999961853027,3.9000000953674316,3.9800000190734863,27877345
2021-04-01,4.010000228881836,4.039999961853027,3.940000057220459,3.950000047683716,45181577
2021-04-02,4.159999847412109,4.199999809265137,4.019999980926514,4.03000020980835,90353566
2021-04-05,4.090000152587891,4.179999828338623,4.090000152587891,4.159999847412109,45787058
2021-04-06,4.130000114440918,4.230000019073486,4.090000152587891,4.099999904632568,71556783
2021-04-07,3.950000047683716,4.150000095367432,3.890000104904175,4.139999866485596,70006515
2021-04-08,3.880000114440918,4.0,3.859999895095825,3.9600000381469727,29280978
2021-04-09,3.7799999713897705,4.019999980926514,3.690000057220459,3.869999885559082,100394192
2021-04-12,3.680000066757202,3.9200000762939453,3.680000066757202,3.859999895095825,38293827
2021-04-13,3.740000009536743,3.7699999809265137,3.549999952316284,3.690000057220459,58003807
2021-04-14,3.759999990463257,3.8499999046325684,3.7100000381469727,3.7899999618530273,34461061
2021-04-15,3.7899999618530273,3.819999933242798,3.7300000190734863,3.7799999713897705,30578535
2021-04-16,3.759999990463257,3.8499999046325684,3.7300000190734863,3.75,23202599
2021-04-19,3.6500000953674316,3.9700000286102295,3.640000104904175,3.7899999618530273,111976592
2021-04-20,3.490000009536743,3.7100000381469727,3.4700000286102295,3.619999885559082,40837867
2021-04-21,3.240000009536743,3.5199999809265137,3.1500000953674316,3.490000009536743,42978676
2021-04-22,3.3499999046325684,3.359999895095825,3.130000114440918,3.140000104904175,35961945
2021-04-26,3.4800000190734863,3.4800000190734863,3.319999933242798,3.3299999237060547,22017524
2021-04-27,3.4000000953674316,3.5,3.369999885559082,3.450000047683716,20501262
2021-04-28,3.4200000762939453,3.490000009536743,3.380000114440918,3.380000114440918,27708275
2021-04-29,3.4100000858306885,3.4600000381469727,3.390000104904175,3.440000057220459,15531406
2021-04-30,3.359999895095825,3.4200000762939453,3.3399999141693115,3.4000000953674316,14321660
2021-05-03,3.4700000286102295,3.4800000190734863,3.369999885559082,3.369999885559082,23024020
2021-05-04,3.7100000381469727,3.7100000381469727,3.4700000286102295,3.490000009536743,72287270
2021-05-05,3.75,3.7899999618530273,3.619999885559082,3.7100000381469727,54431799
2021-05-06,3.6500000953674316,3.7899999618530273,3.6500000953674316,3.7300000190734863,22214292
2021-05-07,3.9200000762939453,3.990000009536743,3.609999895095825,3.6600000858306885,93303954
2021-05-10,4.070000171661377,4.110000133514404,3.9600000381469727,3.9600000381469727,70595990
2021-05-11,4.409999847412109,4.409999847412109,4.010000228881836,4.010000228881836,126126329
2021-05-12,4.360000133514404,4.449999809265137,4.25,4.409999847412109,50258332
2021-05-17,4.570000171661377,4.639999866485596,4.400000095367432,4.440000057220459,102603860
2021-05-18,4.670000076293945,4.710000038146973,4.489999771118164,4.590000152587891,95595990
2021-05-20,4.610000133514404,4.829999923706055,4.519999980926514,4.650000095367432,118307110
2021-05-21,4.840000152587891,4.860000133514404,4.630000114440918,4.639999866485596,87165659
2021-05-24,5.039999961853027,5.059999942779541,4.670000076293945,4.739999771118164,148512130
2021-05-25,4.75,5.159999847412109,4.75,5.03000020980835,245946327
2021-05-26,4.849999904632568,4.96999979019165,4.699999809265137,4.849999904632568,141785312
2021-05-27,4.679999828338623,4.949999809265137,4.650000095367432,4.840000152587891,106802173
2021-05-28,4.670000076293945,4.75,4.579999923706055,4.679999828338623,59422365
2021-05-31,4.550000190734863,4.699999809265137,4.420000076293945,4.679999828338623,94642320
2021-06-01,4.659999847412109,4.730000019073486,4.559999942779541,4.559999942779541,77435658
2021-06-02,4.670000076293945,4.710000038146973,4.610000133514404,4.630000114440918,38716430
2021-06-03,4.210000038146973,4.820000171661377,4.210000038146973,4.710000038146973,78709111
2021-06-04,3.9100000858306885,4.099999904632568,3.809999942779541,4.0,218991536
2021-06-07,3.9000000953674316,3.9700000286102295,3.869999885559082,3.9100000858306885,86906703
2021-06-08,3.799999952316284,3.930000066757202,3.7799999713897705,3.9200000762939453,37423145
2021-06-09,3.7300000190734863,3.8499999046325684,3.7200000286102295,3.809999942779541,45847872
2021-06-10,3.740000009536743,3.809999942779541,3.640000104904175,3.740000009536743,57974652
2021-06-11,3.7799999713897705,3.809999942779541,3.700000047683716,3.759999990463257,34703872
2021-06-14,3.75,3.890000104904175,3.740000009536743,3.869999885559082,36821492
2021-06-15,3.7100000381469727,3.8299999237060547,3.690000057220459,3.740000009536743,33322810
2021-06-16,3.7100000381469727,3.7899999618530273,3.700000047683716,3.700000047683716,22621554
2021-06-17,3.640000104904175,3.7200000286102295,3.619999885559082,3.6700000762939453,16262414
2021-06-18,3.5299999713897705,3.680000066757202,3.509999990463257,3.6600000858306885,24553754
2021-06-21,3.559999942779541,3.559999942779541,3.450000047683716,3.490000009536743,20613912
2021-06-22,3.690000057220459,3.690000057220459,3.559999942779541,3.559999942779541,28794794
2021-06-23,3.7200000286102295,3.759999990463257,3.680000066757202,3.7200000286102295,35603139
2021-06-24,3.690000057220459,3.740000009536743,3.6500000953674316,3.7300000190734863,19405370
2021-06-25,3.680000066757202,3.7699999809265137,3.6600000858306885,3.690000057220459,24123756
2021-06-28,3.630000114440918,3.7200000286102295,3.5899999141693115,3.6700000762939453,24719792
2021-06-29,3.5399999618530273,3.6500000953674316,3.4600000381469727,3.609999895095825,27049464
2021-06-30,3.6600000858306885,3.680000066757202,3.549999952316284,3.559999942779541,52368996
2021-07-01,3.6600000858306885,3.6600000858306885,3.5999999046325684,3.630000114440918,19935258
2021-07-02,3.7300000190734863,3.7799999713897705,3.6500000953674316,3.6700000762939453,43898987
2021-07-05,3.7899999618530273,3.7899999618530273,3.7300000190734863,3.740000009536743,23980088
2021-07-06,3.930000066757202,3.950000047683716,3.7899999618530273,3.809999942779541,56532012
2021-07-07,3.869999885559082,3.9700000286102295,3.859999895095825,3.9100000858306885,39750315
2021-07-08,3.7699999809265137,3.9000000953674316,3.740000009536743,3.869999885559082,30453840
2021-07-09,3.8399999141693115,3.859999895095825,3.7200000286102295,3.7899999618530273,41847677
2021-07-12,3.6500000953674316,3.8499999046325684,3.640000104904175,3.8299999237060547,34519200
2021-07-13,3.609999895095825,3.6700000762939453,3.549999952316284,3.6600000858306885,21459531
2021-07-14,3.680000066757202,3.7200000286102295,3.619999885559082,3.619999885559082,17632395
2021-07-16,3.7300000190734863,3.75,3.6700000762939453,3.690000057220459,17176338
2021-07-19,3.7699999809265137,3.7799999713897705,3.690000057220459,3.7200000286102295,9456829
2021-07-26,3.7200000286102295,3.880000114440918,3.7100000381469727,3.8499999046325684,37798703
2021-07-27,3.950000047683716,4.019999980926514,3.680000066757202,3.690000057220459,131150598
2021-07-28,4.070000171661377,4.079999923706055,3.930000066757202,3.9600000381469727,85255140
2021-07-29,4.199999809265137,4.210000038146973,4.070000171661377,4.110000133514404,89485995
2021-07-30,4.570000171661377,4.590000152587891,4.170000076293945,4.199999809265137,184451224
2021-08-02,4.119999885559082,4.570000171661377,4.119999885559082,4.570000171661377,189005043
2021-08-03,4.079999923706055,4.150000095367432,4.03000020980835,4.090000152587891,119614171
2021-08-04,3.990000009536743,4.119999885559082,3.9800000190734863,4.079999923706055,54329375
2021-08-05,3.950000047683716,4.039999961853027,3.930000066757202,4.019999980926514,59999439
2021-08-06,3.930000066757202,4.010000228881836,3.9200000762939453,3.9700000286102295,43209028
2021-08-09,4.019999980926514,4.039999961853027,3.930000066757202,3.940000057220459,72054047
2021-08-10,3.9700000286102295,4.03000020980835,3.9700000286102295,4.019999980926514,38327839
2021-08-11,3.930000066757202,4.019999980926514,3.9100000858306885,3.9800000190734863,32767020
2021-08-12,3.9600000381469727,3.9700000286102295,3.930000066757202,3.950000047683716,25763834
2021-08-13,3.930000066757202,4.010000228881836,3.930000066757202,3.9800000190734863,30636955
2021-08-16,3.869999885559082,3.9600000381469727,3.859999895095825,3.940000057220459,30942300
2021-08-17,3.9200000762939453,3.9600000381469727,3.869999885559082,3.890000104904175,46691382
2021-08-18,3.7799999713897705,3.880000114440918,3.7799999713897705,3.880000114440918,33784215
2021-08-19,3.7799999713897705,3.799999952316284,3.740000009536743,3.7699999809265137,19212104
2021-08-20,3.7799999713897705,3.819999933242798,3.7300000190734863,3.7799999713897705,43511702
2021-08-23,3.7799999713897705,3.799999952316284,3.7699999809265137,3.7899999618530273,16792266
2021-08-24,3.7799999713897705,3.8399999141693115,3.7799999713897705,3.7799999713897705,26733253
2021-08-25,3.740000009536743,3.809999942779541,3.7300000190734863,3.7899999618530273,16870978
2021-08-26,3.6500000953674316,3.7699999809265137,3.640000104904175,3.75,12841082
2021-08-27,3.9200000762939453,3.930000066757202,3.619999885559082,3.6600000858306885,111723006
2021-08-31,3.8399999141693115,3.9200000762939453,3.819999933242798,3.9200000762939453,35514867
2021-09-01,3.819999933242798,3.869999885559082,3.799999952316284,3.8399999141693115,20416440
2021-09-02,3.819999933242798,3.869999885559082,3.809999942779541,3.8299999237060547,27560988
2021-09-03,3.7899999618530273,3.8399999141693115,3.7799999713897705,3.819999933242798,14815868
2021-09-06,3.799999952316284,3.8399999141693115,3.7799999713897705,3.809999942779541,19418709
2021-09-07,3.809999942779541,3.859999895095825,3.7899999618530273,3.799999952316284,39411654
2021-09-08,3.740000009536743,3.8299999237060547,3.7200000286102295,3.799999952316284,29261345
2021-09-09,3.7699999809265137,3.7799999713897705,3.7100000381469727,3.7200000286102295,13146731
2021-09-10,3.740000009536743,3.8399999141693115,3.7300000190734863,3.7799999713897705,42676214
2021-09-13,3.690000057220459,3.759999990463257,3.680000066757202,3.7300000190734863,18785627
2021-09-14,3.6700000762939453,3.7200000286102295,3.6500000953674316,3.700000047683716,17307381
2021-09-15,3.619999885559082,3.700000047683716,3.609999895095825,3.6700000762939453,11617702
2021-09-16,3.5899999141693115,3.6600000858306885,3.5799999237060547,3.630000114440918,9643823
2021-09-17,3.549999952316284,3.609999895095825,3.5299999713897705,3.5999999046325684,11590123
2021-09-20,3.4800000190734863,3.5199999809265137,3.4800000190734863,3.5,14322591
2021-09-21,3.450000047683716,3.5299999713897705,3.450000047683716,3.5,12412435
2021-09-22,3.4800000190734863,3.5,3.450000047683716,3.4700000286102295,16401412
2021-09-23,3.569999933242798,3.5799999237060547,3.4800000190734863,3.4800000190734863,43617828
2021-09-24,3.690000057220459,3.759999990463257,3.5399999618530273,3.549999952316284,64314662
2021-09-27,3.759999990463257,3.7699999809265137,3.690000057220459,3.700000047683716,34481111
2021-09-28,3.690000057220459,3.7699999809265137,3.680000066757202,3.740000009536743,23702196
2021-09-29,3.6500000953674316,3.7200000286102295,3.6500000953674316,3.700000047683716,20101263
2021-09-30,3.619999885559082,3.6700000762939453,3.619999885559082,3.6500000953674316,12884113
2021-10-01,3.609999895095825,3.6500000953674316,3.5899999141693115,3.5999999046325684,10418702
2021-10-04,3.5899999141693115,3.6500000953674316,3.5799999237060547,3.609999895095825,9043558
2021-10-05,3.549999952316284,3.5999999046325684,3.549999952316284,3.5999999046325684,9938258
2021-10-06,3.5,3.549999952316284,3.490000009536743,3.5399999618530273,14256208
2021-10-07,3.5799999237060547,3.5899999141693115,3.509999990463257,3.5199999809265137,16180463
2021-10-08,3.5799999237060547,3.630000114440918,3.559999942779541,3.5799999237060547,18163535
2021-10-11,3.5899999141693115,3.630000114440918,3.569999933242798,3.5799999237060547,18184409
2021-10-12,3.569999933242798,3.5999999046325684,3.559999942779541,3.569999933242798,8765250
2021-10-13,3.609999895095825,3.700000047683716,3.549999952316284,3.5799999237060547,97271211
2021-10-14,3.569999933242798,3.630000114440918,3.559999942779541,3.609999895095825,22569672
2021-10-15,3.5299999713897705,3.609999895095825,3.509999990463257,3.569999933242798,17812413
2021-10-18,3.5399999618530273,3.569999933242798,3.5199999809265137,3.5399999618530273,8543618
2021-10-19,3.569999933242798,3.619999885559082,3.549999952316284,3.559999942779541,19372567
2021-10-20,3.5399999618530273,3.5899999141693115,3.5399999618530273,3.5799999237060547,13653901
2021-10-21,3.549999952316284,3.569999933242798,3.490000009536743,3.5399999618530273,24451897
2021-10-22,3.640000104904175,3.700000047683716,3.549999952316284,3.559999942779541,47240832
2021-10-25,3.640000104904175,3.700000047683716,3.609999895095825,3.640000104904175,27094636
2021-10-26,3.7200000286102295,3.7699999809265137,3.6500000953674316,3.6500000953674316,59198643
2021-10-27,3.6600000858306885,3.7200000286102295,3.640000104904175,3.7200000286102295,26135416
2021-10-28,3.630000114440918,3.6600000858306885,3.609999895095825,3.6600000858306885,7060389
2021-11-01,3.680000066757202,3.700000047683716,3.609999895095825,3.630000114440918,20703416
2021-11-02,3.680000066757202,3.7300000190734863,3.6700000762939453,3.690000057220459,30427984
2021-11-03,3.619999885559082,3.690000057220459,3.5,3.680000066757202,45122551
2021-11-04,3.799999952316284,3.799999952316284,3.640000104904175,3.640000104904175,70261495
2021-11-05,3.7300000190734863,3.809999942779541,3.7200000286102295,3.809999942779541,17219867
2021-11-08,3.640000104904175,3.7699999809265137,3.5899999141693115,3.740000009536743,65552497
2021-11-09,3.619999885559082,3.6700000762939453,3.619999885559082,3.6500000953674316,16369751
2021-11-10,3.619999885559082,3.6700000762939453,3.609999895095825,3.619999885559082,22372049
2021-11-11,3.609999895095825,3.6600000858306885,3.609999895095825,3.619999885559082,18193089
2021-11-12,3.619999885559082,3.6600000858306885,3.609999895095825,3.609999895095825,16676223
2021-11-15,3.700000047683716,3.7200000286102295,3.640000104904175,3.6500000953674316,35662753
2021-11-16,3.7799999713897705,3.9200000762939453,3.6700000762939453,3.690000057220459,115140861
2021-11-17,3.7899999618530273,3.869999885559082,3.7799999713897705,3.7899999618530273,66615306
2021-11-18,3.8399999141693115,3.869999885559082,3.75,3.799999952316284,64705268
2021-11-19,4.110000133514404,4.159999847412109,3.869999885559082,3.869999885559082,185243035
2021-11-22,4.170000076293945,4.260000228881836,4.139999866485596,4.139999866485596,74272694
2021-11-23,4.150000095367432,4.329999923706055,4.090000152587891,4.179999828338623,115275325
2021-11-24,4.090000152587891,4.260000228881836,4.090000152587891,4.179999828338623,71177858
2021-11-25,4.139999866485596,4.269999980926514,4.110000133514404,4.110000133514404,72766064
2021-11-26,3.9000000953674316,4.099999904632568,3.890000104904175,4.099999904632568,88212287
2021-11-29,3.9100000858306885,3.9600000381469727,3.869999885559082,3.950000047683716,37683113
2021-11-30,4.159999847412109,4.21999979019165,3.890000104904175,3.9100000858306885,116750897
2021-12-01,4.159999847412109,4.239999771118164,4.110000133514404,4.190000057220459,57997338
2021-12-02,4.260000228881836,4.360000133514404,4.170000076293945,4.179999828338623,100341144
2021-12-03,4.389999866485596,4.400000095367432,4.260000228881836,4.289999961853027,88766768
2021-12-06,4.389999866485596,4.539999961853027,4.389999866485596,4.449999809265137,73749541
2021-12-07,4.440000057220459,4.53000020980835,4.409999847412109,4.420000076293945,95639324
2021-12-08,4.360000133514404,4.510000228881836,4.28000020980835,4.46999979019165,64870067
2021-12-09,4.409999847412109,4.559999942779541,4.369999885559082,4.369999885559082,74399127
2021-12-10,4.260000228881836,4.429999828338623,4.210000038146973,4.420000076293945,69488825
2021-12-13,4.309999942779541,4.400000095367432,4.289999961853027,4.289999961853027,42330804
2021-12-14,4.360000133514404,4.429999828338623,4.320000171661377,4.349999904632568,68072445
2021-12-15,4.179999828338623,4.420000076293945,4.179999828338623,4.400000095367432,39929647
2021-12-16,4.320000171661377,4.329999923706055,4.159999847412109,4.210000038146973,44972454
2021-12-17,3.890000104904175,4.480000019073486,3.890000104904175,4.360000133514404,89338097
2021-12-20,3.690000057220459,3.890000104904175,3.509999990463257,3.7899999618530273,75939504
2021-12-21,3.509999990463257,3.9000000953674316,3.4600000381469727,3.859999895095825,47539703
2021-12-22,3.390000104904175,3.559999942779541,3.369999885559082,3.5,50626820
2021-12-23,3.3499999046325684,3.5,3.2899999618530273,3.4700000286102295,42625100
2021-12-24,3.4700000286102295,3.5,3.380000114440918,3.390000104904175,32153629
2021-12-27,3.5299999713897705,3.5799999237060547,3.4600000381469727,3.4800000190734863,42494956
2021-12-28,3.4100000858306885,3.559999942779541,3.380000114440918,3.549999952316284,21695297
2021-12-29,3.450000047683716,3.4800000190734863,3.380000114440918,3.4100000858306885,24717699
2021-12-30,3.390000104904175,3.4700000286102295,3.380000114440918,3.4600000381469727,17715130
2021-12-31,3.440000057220459,3.5,3.380000114440918,3.390000104904175,24218911
2022-01-03,3.640000104904175,3.6600000858306885,3.4600000381469727,3.4600000381469727,55213086
2022-01-04,3.630000114440918,3.700000047683716,3.5799999237060547,3.640000104904175,31501584
2022-01-05,3.7300000190734863,3.759999990463257,3.609999895095825,3.640000104904175,39244120
2022-01-06,3.740000009536743,3.7699999809265137,3.680000066757202,3.700000047683716,21848168
2022-01-07,3.7200000286102295,3.759999990463257,3.700000047683716,3.75,25597619
2022-01-10,3.6700000762939453,3.75,3.6700000762939453,3.75,26720990
2022-01-11,3.5899999141693115,3.7100000381469727,3.569999933242798,3.690000057220459,36158652
2022-01-12,3.5799999237060547,3.619999885559082,3.549999952316284,3.609999895095825,21806628
2022-01-13,3.6600000858306885,3.7200000286102295,3.569999933242798,3.5799999237060547,59663843
2022-01-14,3.8299999237060547,3.8299999237060547,3.680000066757202,3.680000066757202,65501810
2022-01-17,4.0,4.070000171661377,3.8499999046325684,3.859999895095825,92462643
2022-01-18,3.700000047683716,4.019999980926514,3.680000066757202,4.010000228881836,58300275
2022-01-19,3.740000009536743,3.7699999809265137,3.5899999141693115,3.6500000953674316,77774856
2022-01-20,3.6600000858306885,3.8299999237060547,3.630000114440918,3.75,54831988
2022-01-21,3.6500000953674316,3.6700000762939453,3.569999933242798,3.6600000858306885,34148345
2022-01-24,3.700000047683716,3.8499999046325684,3.619999885559082,3.690000057220459,123273367
2022-01-25,3.7300000190734863,3.7799999713897705,3.680000066757202,3.759999990463257,57882429
2022-01-26,3.7300000190734863,3.7799999713897705,3.7200000286102295,3.740000009536743,24225701
2022-01-27,3.75,3.75,3.640000104904175,3.6500000953674316,26974503
2022-01-28,3.869999885559082,3.9600000381469727,3.809999942779541,3.8299999237060547,79045277
2022-01-31,3.809999942779541,3.940000057220459,3.7799999713897705,3.9200000762939453,29831639
2022-02-01,3.7899999618530273,3.8499999046325684,3.7799999713897705,3.819999933242798,29800750
2022-02-02,3.7699999809265137,3.809999942779541,3.759999990463257,3.799999952316284,23048437
2022-02-03,3.680000066757202,3.7899999618530273,3.6500000953674316,3.7699999809265137,27211008
2022-02-04,3.640000104904175,3.700000047683716,3.609999895095825,3.690000057220459,16408297
2022-02-07,3.680000066757202,3.690000057220459,3.609999895095825,3.640000104904175,24304954
2022-02-08,3.700000047683716,3.7200000286102295,3.6700000762939453,3.680000066757202,16382944
2022-02-09,3.7100000381469727,3.7300000190734863,3.680000066757202,3.700000047683716,28732227
2022-02-10,3.7300000190734863,3.799999952316284,3.690000057220459,3.700000047683716,64711595
2022-02-11,3.680000066757202,3.7200000286102295,3.640000104904175,3.7100000381469727,23629651
2022-02-14,3.549999952316284,3.6600000858306885,3.549999952316284,3.640000104904175,26121590
2022-02-15,3.630000114440918,3.6600000858306885,3.5299999713897705,3.559999942779541,36965119
2022-02-16,3.6600000858306885,3.7100000381469727,3.640000104904175,3.640000104904175,21389120
2022-02-17,3.569999933242798,3.690000057220459,3.569999933242798,3.6700000762939453,26778524
2022-02-18,3.630000114440918,3.7200000286102295,3.5899999141693115,3.680000066757202,41124534
2022-02-21,3.990000009536743,3.990000009536743,3.6700000762939453,3.700000047683716,171448942
2022-02-22,4.139999866485596,4.28000020980835,3.9000000953674316,3.940000057220459,371372380
2022-02-23,4.0,4.230000019073486,4.0,4.159999847412109,125915607
2022-02-24,3.5999999046325684,3.8399999141693115,3.5999999046325684,3.7100000381469727,76034290
2022-02-25,3.930000066757202,3.9600000381469727,3.5899999141693115,3.700000047683716,136613169
2022-02-28,3.7899999618530273,4.119999885559082,3.700000047683716,3.819999933242798,155665039
2022-03-01,3.759999990463257,3.869999885559082,3.690000057220459,3.8299999237060547,67742156
2022-03-02,3.7300000190734863,3.7799999713897705,3.7100000381469727,3.759999990463257,38618024
2022-03-03,3.75,3.859999895095825,3.7300000190734863,3.75,80889678
2022-03-04,3.7100000381469727,3.819999933242798,3.700000047683716,3.740000009536743,55065940
2022-03-07,3.7200000286102295,3.75,3.6600000858306885,3.680000066757202,37831256
2022-03-08,3.690000057220459,3.75,3.680000066757202,3.690000057220459,28878005
2022-03-09,3.7699999809265137,3.799999952316284,3.700000047683716,3.7200000286102295,52198213
2022-03-10,3.880000114440918,3.950000047683716,3.7799999713897705,3.869999885559082,119885069
2022-03-11,3.8499999046325684,3.890000104904175,3.8299999237060547,3.880000114440918,32359353
2022-03-14,3.890000104904175,3.9700000286102295,3.8399999141693115,3.859999895095825,106884879
2022-03-15,4.119999885559082,4.239999771118164,3.869999885559082,3.9000000953674316,228410398
2022-03-16,4.190000057220459,4.269999980926514,4.070000171661377,4.139999866485596,132044085
2022-03-17,4.170000076293945,4.28000020980835,4.150000095367432,4.21999979019165,97315457
2022-03-18,4.340000152587891,4.449999809265137,4.179999828338623,4.190000057220459,161871768
2022-03-21,4.420000076293945,4.5,4.380000114440918,4.380000114440918,110089714
2022-03-22,4.429999828338623,4.5,4.369999885559082,4.440000057220459,77844875
2022-03-23,4.289999961853027,4.46999979019165,4.28000020980835,4.460000038146973,60672254
2022-03-24,4.5,4.550000190734863,4.28000020980835,4.289999961853027,113173350
2022-03-25,4.949999809265137,4.949999809265137,4.5,4.53000020980835,299341988
2022-03-28,5.159999847412109,5.21999979019165,4.989999771118164,5.019999980926514,305275115
2022-03-29,5.599999904632568,5.670000076293945,5.090000152587891,5.159999847412109,386216872
2022-03-30,5.309999942779541,5.659999847412109,5.309999942779541,5.619999885559082,173807450
2022-03-31,5.5,5.650000095367432,5.300000190734863,5.309999942779541,208003052
2022-04-01,5.96999979019165,5.989999771118164,5.440000057220459,5.519999980926514,263411292
2022-04-04,5.659999847412109,6.170000076293945,5.570000171661377,6.039999961853027,333778906
2022-04-05,5.659999847412109,5.909999847412109,5.53000020980835,5.690000057220459,225741731
2022-04-06,5.769999980926514,5.889999866485596,5.639999866485596,5.71999979019165,251128201
2022-04-07,5.710000038146973,5.860000133514404,5.679999828338623,5.809999942779541,92552623
2022-04-08,5.789999961853027,6.079999923706055,5.679999828338623,5.800000190734863,324376520
2022-04-11,5.75,5.940000057220459,5.739999771118164,5.829999923706055,237915257
2022-04-12,5.760000228881836,5.900000095367432,5.730000019073486,5.760000228881836,155320768
2022-04-13,5.550000190734863,5.849999904632568,5.550000190734863,5.800000190734863,118374710
2022-04-14,5.380000114440918,5.639999866485596,5.320000171661377,5.590000152587891,146549284
2022-04-15,5.429999828338623,5.559999942779541,5.400000095367432,5.409999847412109,110161602
2022-04-18,5.449999809265137,5.579999923706055,5.429999828338623,5.46999979019165,91343124
2022-04-19,5.400000095367432,5.53000020980835,5.340000152587891,5.480000019073486,84716822
2022-04-20,5.389999866485596,5.519999980926514,5.369999885559082,5.429999828338623,112038836
2022-04-21,5.389999866485596,5.449999809265137,5.369999885559082,5.420000076293945,53261144
2022-04-22,5.059999942779541,5.420000076293945,5.050000190734863,5.369999885559082,90450296
2022-04-25,5.070000171661377,5.190000057220459,4.949999809265137,5.0,75042714
2022-04-26,4.809999942779541,5.139999866485596,4.739999771118164,5.099999904632568,57403312
2022-04-27,4.800000190734863,4.869999885559082,4.739999771118164,4.820000171661377,58180659
2022-04-28,4.909999847412109,4.960000038146973,4.820000171661377,4.829999923706055,87390658
2022-04-29,5.059999942779541,5.159999847412109,4.829999923706055,4.920000076293945,110660294
2022-05-05,5.230000019073486,5.329999923706055,5.110000133514404,5.139999866485596,79963966
2022-05-06,5.440000057220459,5.480000019073486,5.150000095367432,5.199999809265137,152630158
2022-05-09,5.460000038146973,5.590000152587891,5.380000114440918,5.460000038146973,145941712
2022-05-10,5.139999866485596,5.190000057220459,5.099999904632568,5.150000095367432,39635631
2022-05-11,5.170000076293945,5.269999980926514,5.119999885559082,5.150000095367432,143703933
2022-05-12,5.099999904632568,5.190000057220459,4.929999828338623,5.119999885559082,81839972
2022-05-13,5.329999923706055,5.360000133514404,5.110000133514404,5.159999847412109,168448920
2022-05-16,5.440000057220459,5.5,5.329999923706055,5.349999904632568,139980154
2022-05-17,5.309999942779541,5.46999979019165,5.309999942779541,5.460000038146973,75500380
2022-05-18,5.360000133514404,5.400000095367432,5.300000190734863,5.300000190734863,72893338
2022-05-20,5.630000114440918,5.639999866485596,5.360000133514404,5.389999866485596,164134609
2022-05-23,5.75,5.980000019073486,5.739999771118164,5.840000152587891,234151136
2022-05-24,5.860000133514404,6.079999923706055,5.730000019073486,5.789999961853027,290027267
2022-05-25,5.820000171661377,5.920000076293945,5.78000020980835,5.900000095367432,94501134
2022-05-26,6.400000095367432,6.400000095367432,5.789999961853027,5.829999923706055,308650730
2022-05-27,6.869999885559082,6.96999979019165,6.369999885559082,6.400000095367432,471250153
2022-05-30,7.269999980926514,7.460000038146973,6.739999771118164,6.900000095367432,385680099
2022-05-31,6.989999771118164,7.510000228881836,6.949999809265137,7.28000020980835,244451078
2022-06-01,7.269999980926514,7.360000133514404,7.039999961853027,7.059999942779541,201826443
2022-06-02,7.190000057220459,7.380000114440918,7.099999904632568,7.360000133514404,116890394
2022-06-03,7.190000057220459,7.690000057220459,7.070000171661377,7.210000038146973,351981927
2022-06-06,7.25,7.389999866485596,7.190000057220459,7.230000019073486,144820192
2022-06-07,7.28000020980835,7.519999980926514,7.25,7.289999961853027,204857912
2022-06-08,6.96999979019165,7.409999847412109,6.78000020980835,7.369999885559082,120721794
2022-06-09,7.309999942779541,7.380000114440918,6.980000019073486,7.010000228881836,183693192
2022-06-10,7.349999904632568,7.420000076293945,7.170000076293945,7.260000228881836,132657975
2022-06-13,7.099999904632568,7.409999847412109,7.070000171661377,7.369999885559082,100196198
2022-06-14,6.809999942779541,7.210000038146973,6.71999979019165,7.199999809265137,104169824
2022-06-15,6.889999866485596,7.0,6.760000228881836,6.829999923706055,88807458
2022-06-16,6.730000019073486,6.940000057220459,6.599999904632568,6.900000095367432,57831220
2022-06-17,7.110000133514404,7.159999847412109,6.71999979019165,6.739999771118164,76954577
2022-06-20,7.199999809265137,7.25,7.130000114440918,7.150000095367432,67766008
2022-06-21,7.730000019073486,7.730000019073486,7.230000019073486,7.230000019073486,163443250
2022-06-22,7.489999771118164,7.800000190734863,7.480000019073486,7.659999847412109,139035184
2022-06-23,7.400000095367432,7.639999866485596,7.360000133514404,7.510000228881836,90329868
2022-06-24,7.420000076293945,7.570000171661377,7.349999904632568,7.449999809265137,71513458
2022-06-27,7.21999979019165,7.21999979019165,7.21999979019165,7.21999979019165,525107
2022-06-28,7.380000114440918,7.630000114440918,7.260000228881836,7.550000190734863,80556263
2022-06-29,6.909999847412109,7.440000057220459,6.909999847412109,7.400000095367432,59670924
2022-06-30,6.840000152587891,7.03000020980835,6.639999866485596,6.940000057220459,79610935
2022-07-01,6.840000152587891,6.96999979019165,6.820000171661377,6.840000152587891,40696143
2022-07-04,6.599999904632568,6.929999828338623,6.579999923706055,6.880000114440918,36944170
2022-07-05,6.360000133514404,6.659999847412109,6.309999942779541,6.659999847412109,44399868
2022-07-06,6.53000020980835,6.639999866485596,6.360000133514404,6.389999866485596,62394333
2022-07-07,6.809999942779541,6.809999942779541,6.53000020980835,6.539999961853027,38032501
2022-07-08,6.789999961853027,6.869999885559082,6.760000228881836,6.809999942779541,13081695
2022-07-13,6.909999847412109,7.050000190734863,6.769999980926514,6.789999961853027,51879719
2022-07-14,7.289999961853027,7.360000133514404,6.909999847412109,6.920000076293945,110906808
2022-07-18,7.309999942779541,7.449999809265137,7.289999961853027,7.369999885559082,42346571
2022-07-19,7.329999923706055,7.460000038146973,7.300000190734863,7.300000190734863,52852566
2022-07-20,7.449999809265137,7.659999847412109,7.360000133514404,7.369999885559082,95442923
2022-07-21,7.269999980926514,7.570000171661377,7.239999771118164,7.489999771118164,50905574
2022-07-22,7.03000020980835,7.409999847412109,7.0,7.309999942779541,46901094
2022-07-25,6.940000057220459,7.130000114440918,6.889999866485596,7.079999923706055,46293332
2022-07-26,6.840000152587891,7.03000020980835,6.840000152587891,6.96999979019165,44320613
2022-07-27,6.769999980926514,6.900000095367432,6.71999979019165,6.889999866485596,23590657
2022-07-28,7.230000019073486,7.28000020980835,6.820000171661377,6.849999904632568,134445426
2022-07-29,7.119999885559082,7.400000095367432,7.099999904632568,7.25,101201790
2022-08-01,7.110000133514404,7.269999980926514,7.110000133514404,7.179999828338623,61152784
2022-08-02,6.929999828338623,7.170000076293945,6.880000114440918,7.139999866485596,58322921
2022-08-03,7.070000171661377,7.150000095367432,6.960000038146973,6.96999979019165,66627941
2022-08-04,7.429999828338623,7.639999866485596,7.090000152587891,7.119999885559082,238346418
2022-08-05,7.199999809265137,7.5,7.190000057220459,7.460000038146973,71660239
2022-08-08,7.210000038146973,7.340000152587891,7.199999809265137,7.28000020980835,47883629
2022-08-09,7.289999961853027,7.460000038146973,7.210000038146973,7.21999979019165,85668047
2022-08-10,7.300000190734863,7.380000114440918,7.260000228881836,7.309999942779541,57355340
2022-08-11,7.349999904632568,7.449999809265137,7.260000228881836,7.360000133514404,66206013
2022-08-12,7.25,7.380000114440918,7.190000057220459,7.349999904632568,53173658
2022-08-15,7.159999847412109,7.349999904632568,7.119999885559082,7.349999904632568,39389590
2022-08-16,7.550000190734863,7.71999979019165,7.170000076293945,7.179999828338623,250405678
2022-08-17,7.900000095367432,8.09000015258789,7.619999885559082,7.619999885559082,170271105
2022-08-18,7.789999961853027,8.0600004196167,7.579999923706055,7.929999828338623,82533519
2022-08-19,8.260000228881836,8.449999809265137,7.900000095367432,7.900000095367432,185328048
2022-08-22,8.510000228881836,8.760000228881836,8.350000381469727,8.350000381469727,100122352
2022-08-23,8.470000267028809,8.630000114440918,8.390000343322754,8.550000190734863,70887973
2022-08-24,8.100000381469727,8.65999984741211,8.029999732971191,8.520000457763672,93115562
2022-08-25,8.119999885559082,8.300000190734863,8.039999961853027,8.130000114440918,58812641
2022-08-26,8.3100004196167,8.529999732971191,7.920000076293945,8.149999618530273,97739397
2022-08-29,8.229999542236328,8.40999984741211,8.210000038146973,8.300000190734863,46632082
2022-08-31,8.100000381469727,8.3100004196167,8.100000381469727,8.289999961853027,32431331
2022-09-01,7.880000114440918,8.279999732971191,7.880000114440918,8.09000015258789,85227046
2022-09-02,8.050000190734863,8.220000267028809,7.869999885559082,7.940000057220459,93406508
2022-09-05,8.079999923706055,8.239999771118164,8.029999732971191,8.069999694824219,70221480
2022-09-06,7.920000076293945,8.300000190734863,7.829999923706055,8.15999984741211,122931022
2022-09-07,8.050000190734863,8.15999984741211,7.800000190734863,7.929999828338623,82908484
2022-09-08,8.09000015258789,8.529999732971191,8.029999732971191,8.149999618530273,148666780
2022-09-09,8.180000305175781,8.34000015258789,8.109999656677246,8.149999618530273,89864384
2022-09-12,8.329999923706055,8.470000267028809,8.180000305175781,8.279999732971191,128340164
2022-09-13,8.25,8.960000038146973,8.25,8.5,254002868
2022-09-14,8.40999984741211,8.449999809265137,8.0,8.229999542236328,119273660
2022-09-15,9.25,9.25,8.449999809265137,8.460000038146973,200695128
2022-09-16,8.609999656677246,9.34000015258789,8.550000190734863,9.25,140836940
2022-09-19,8.079999923706055,8.90999984741211,8.079999923706055,8.609999656677246,96041606
2022-09-20,8.1899995803833,8.350000381469727,8.0,8.210000038146973,59547123
2022-09-21,8.140000343322754,8.329999923706055,8.0600004196167,8.180000305175781,57329191
2022-09-22,8.359999656677246,8.430000305175781,8.149999618530273,8.15999984741211,60702782
2022-09-23,8.75,9.010000228881836,8.34000015258789,8.399999618530273,122074319
2022-09-26,8.670000076293945,9.079999923706055,8.59000015258789,8.75,96880296
2022-09-27,8.399999618530273,8.84000015258789,8.369999885559082,8.720000267028809,48148623
2022-09-28,8.09000015258789,8.449999809265137,8.050000190734863,8.390000343322754,39426491
2022-09-29,8.09000015258789,8.34000015258789,7.760000228881836,8.15999984741211,49979631
2022-09-30,8.239999771118164,8.279999732971191,8.039999961853027,8.130000114440918,43500796
2022-10-03,8.5600004196167,8.579999923706055,8.329999923706055,8.350000381469727,55748904
2022-10-04,8.5,8.6899995803833,8.449999809265137,8.600000381469727,53282370
2022-10-05,8.40999984741211,8.670000076293945,8.350000381469727,8.569999694824219,42837154
2022-10-06,8.579999923706055,8.65999984741211,8.460000038146973,8.470000267028809,64308134
2022-10-07,8.770000457763672,8.970000267028809,8.579999923706055,8.600000381469727,93264604
2022-10-10,8.829999923706055,9.069999694824219,8.789999961853027,8.869999885559082,52769594
2022-10-11,8.649999618530273,8.920000076293945,8.600000381469727,8.850000381469727,39337959
2022-10-12,8.449999809265137,8.699999809265137,8.420000076293945,8.680000305175781,34571226
2022-10-13,8.539999961853027,8.630000114440918,8.4399995803833,8.470000267028809,45594312
2022-10-14,8.699999809265137,8.789999961853027,8.609999656677246,8.65999984741211,52807255
2022-10-17,9.25,9.569999694824219,8.710000038146973,8.729999542236328,120394030
2022-10-18,8.859999656677246,9.329999923706055,8.84000015258789,9.300000190734863,75790560
2022-10-19,9.0600004196167,9.199999809265137,8.869999885559082,8.880000114440918,77917402
2022-10-20,9.170000076293945,9.270000457763672,8.970000267028809,9.09000015258789,67696468
2022-10-21,9.1899995803833,9.3100004196167,9.15999984741211,9.1899995803833,48869379
2022-10-24,9.460000038146973,9.630000114440918,9.25,9.270000457763672,90180384
2022-10-25,9.279999732971191,9.510000228881836,9.069999694824219,9.5,65722473
2022-10-26,9.279999732971191,9.430000305175781,9.220000267028809,9.3100004196167,44487428
2022-10-27,9.140000343322754,9.369999885559082,9.119999885559082,9.329999923706055,30901832
2022-10-28,8.949999809265137,9.140000343322754,8.9399995803833,9.09000015258789,15144766
2022-10-31,8.970000267028809,9.050000190734863,8.869999885559082,9.010000228881836,37509537
2022-11-01,9.300000190734863,9.390000343322754,9.0,9.010000228881836,73393837
2022-11-02,9.140000343322754,9.390000343322754,9.130000114440918,9.329999923706055,34859431
2022-11-03,9.109999656677246,9.199999809265137,9.050000190734863,9.130000114440918,27520286
2022-11-04,9.15999984741211,9.270000457763672,9.140000343322754,9.149999618530273,40281342
2022-11-07,9.25,9.369999885559082,9.100000381469727,9.15999984741211,87982608
2022-11-08,9.350000381469727,9.399999618530273,9.220000267028809,9.319999694824219,84103171
2022-11-09,9.470000267028809,9.680000305175781,9.359999656677246,9.369999885559082,122950790
2022-11-10,9.489999771118164,9.640000343322754,9.430000305175781,9.609999656677246,50702894
2022-11-11,10.119999885559082,10.239999771118164,9.539999961853027,9.569999694824219,177178654
2022-11-14,11.130000114440918,11.130000114440918,10.300000190734863,10.300000190734863,51518743
2022-11-15,12.239999771118164,12.239999771118164,11.550000190734863,11.920000076293945,56231324
2022-11-16,12.0,13.149999618530273,11.899999618530273,12.850000381469727,191129687
2022-11-17,11.630000114440918,12.390000343322754,11.369999885559082,12.0,80736226
2022-11-18,12.789999961853027,12.789999961853027,11.649999618530273,11.649999618530273,37656239
2022-11-21,12.850000381469727,14.0600004196167,12.680000305175781,13.25,188347483
2022-11-22,13.199999809265137,13.850000381469727,12.3100004196167,12.949999809265137,97618500
2022-11-23,14.010000228881836,14.1899995803833,13.119999885559082,13.270000457763672,105818715
2022-11-24,13.6899995803833,14.350000381469727,13.609999656677246,14.170000076293945,81571505
2022-11-25,13.479999542236328,13.949999809265137,13.470000267028809,13.680000305175781,43778582
2022-11-28,12.920000076293945,13.739999771118164,12.819999694824219,13.569999694824219,66869465
2022-11-29,12.579999923706055,13.0600004196167,12.399999618530273,12.970000267028809,40942018
2022-11-30,12.920000076293945,12.960000038146973,12.460000038146973,12.479999542236328,59375296
2022-12-01,13.34000015258789,13.520000457763672,12.970000267028809,13.119999885559082,84008736
2022-12-02,12.800000190734863,13.539999961853027,12.770000457763672,13.380000114440918,56940556
2022-12-05,13.020000457763672,13.229999542236328,12.609999656677246,12.880000114440918,52659663
2022-12-06,13.199999809265137,13.390000343322754,13.029999732971191,13.100000381469727,56425135
2022-12-07,12.84000015258789,13.729999542236328,12.680000305175781,13.34000015258789,101572998
2022-12-08,13.109999656677246,13.1899995803833,12.319999694824219,12.949999809265137,51797121
2022-12-09,13.239999771118164,13.430000305175781,13.119999885559082,13.229999542236328,49762633
2022-12-12,13.739999771118164,13.819999694824219,13.329999923706055,13.329999923706055,64562651
2022-12-13,13.600000381469727,13.989999771118164,13.520000457763672,13.90999984741211,55684589
2022-12-14,13.5,14.15999984741211,13.220000267028809,13.699999809265137,106449209
2022-12-15,13.539999961853027,14.010000228881836,13.149999618530273,13.800000190734863,58174376
2022-12-16,13.569999694824219,13.789999961853027,13.5600004196167,13.649999618530273,12923259
2022-12-19,13.829999923706055,14.220000267028809,13.800000190734863,14.109999656677246,82922191
2022-12-20,13.770000457763672,13.949999809265137,13.670000076293945,13.850000381469727,35354524
2022-12-21,13.550000190734863,13.960000038146973,13.5,13.800000190734863,52938992
2022-12-22,13.380000114440918,13.670000076293945,13.100000381469727,13.609999656677246,29312883
2022-12-23,13.260000228881836,13.479999542236328,13.180000305175781,13.380000114440918,22760451
2022-12-26,13.40999984741211,13.649999618530273,13.350000381469727,13.350000381469727,36860356
2022-12-27,12.899999618530273,13.460000038146973,12.899999618530273,13.4399995803833,24935289
2022-12-28,12.420000076293945,12.930000305175781,12.270000457763672,12.90999984741211,25740829
2022-12-29,12.600000381469727,12.720000267028809,12.359999656677246,12.40999984741211,25289572
2022-12-30,12.489999771118164,12.84000015258789,12.4399995803833,12.699999809265137,65875250
2023-01-02,12.710000038146973,12.819999694824219,12.649999618530273,12.680000305175781,24296309
2023-01-03,12.09000015258789,12.729999542236328,12.09000015258789,12.720000267028809,44646961
2023-01-04,11.720000267028809,12.1899995803833,11.600000381469727,12.149999618530273,40388357
2023-01-05,11.180000305175781,11.90999984741211,10.979999542236328,11.829999923706055,27668174
2023-01-06,11.329999923706055,11.5,10.15999984741211,10.6899995803833,41493890
2023-01-09,10.720000267028809,11.5,10.600000381469727,11.390000343322754,23316015
2023-01-10,10.399999618530273,10.90999984741211,10.15999984741211,10.680000305175781,22710360
2023-01-11,9.699999809265137,10.510000228881836,9.6899995803833,10.430000305175781,27798819
2023-01-12,10.09000015258789,10.109999656677246,9.399999618530273,9.949999809265137,29529983
2023-01-13,10.180000305175781,10.369999885559082,9.9399995803833,10.050000190734863,20768469
2023-01-16,10.5600004196167,10.609999656677246,10.180000305175781,10.229999542236328,21653891
2023-01-17,10.850000381469727,10.850000381469727,10.359999656677246,10.550000190734863,57101845
2023-01-18,11.359999656677246,11.760000228881836,10.930000305175781,11.0600004196167,61991090
2023-01-19,11.279999732971191,11.619999885559082,11.170000076293945,11.289999961853027,42967208
2023-01-20,11.289999961853027,11.470000267028809,11.210000038146973,11.34000015258789,41372877
2023-01-23,10.850000381469727,11.390000343322754,10.789999961853027,11.34000015258789,46759269
2023-01-24,10.430000305175781,10.890000343322754,10.239999771118164,10.75,31336373
2023-01-25,10.010000228881836,10.510000228881836,9.670000076293945,10.420000076293945,32635735
2023-01-26,9.9399995803833,10.229999542236328,9.850000381469727,10.0,22754778
2023-01-27,9.640000343322754,9.949999809265137,9.34000015258789,9.829999923706055,25161037
2023-01-30,9.5,9.829999923706055,9.449999809265137,9.630000114440918,18196835
2023-01-31,9.199999809265137,9.479999542236328,9.119999885559082,9.399999618530273,23694515
2023-02-01,8.420000076293945,9.239999771118164,8.420000076293945,9.210000038146973,25543632
2023-02-02,8.380000114440918,8.59000015258789,7.619999885559082,8.420000076293945,37346617
2023-02-03,8.989999771118164,8.989999771118164,8.34000015258789,8.34000015258789,20842296
2023-02-06,8.710000038146973,8.989999771118164,8.5,8.720000267028809,6993361
2023-02-07,7.840000152587891,8.850000381469727,7.840000152587891,8.720000267028809,21047675
2023-02-08,7.079999923706055,7.079999923706055,7.079999923706055,7.079999923706055,30
2023-02-15,8.619999885559082,8.619999885559082,7.880000114440918,7.880000114440918,12884038
2023-02-16,7.949999809265137,9.149999618530273,7.880000114440918,9.020000457763672,30821737
2023-02-17,8.09000015258789,8.180000305175781,7.619999885559082,7.900000095367432,19431223
2023-02-20,8.319999694824219,8.34000015258789,8.050000190734863,8.140000343322754,23631995
2023-02-21,8.460000038146973,8.720000267028809,8.170000076293945,8.220000267028809,33596077
2023-02-22,8.130000114440918,8.5,8.079999923706055,8.479999542236328,18206153
2023-02-23,8.25,8.359999656677246,8.100000381469727,8.130000114440918,16167753
2023-02-24,8.329999923706055,8.479999542236328,8.25,8.300000190734863,19061247
2023-02-27,8.4399995803833,8.479999542236328,8.09000015258789,8.300000190734863,24396809
2023-02-28,8.479999542236328,8.630000114440918,8.399999618530273,8.5600004196167,22042054
2023-03-01,9.319999694824219,9.319999694824219,8.529999732971191,8.529999732971191,56740616
2023-03-02,9.390000343322754,10.050000190734863,9.079999923706055,9.319999694824219,98618245
2023-03-03,9.130000114440918,9.670000076293945,8.930000305175781,9.34000015258789,60995165
2023-03-06,9.600000381469727,9.90999984741211,9.260000228881836,9.270000457763672,47428425
2023-03-07,9.850000381469727,10.079999923706055,9.550000190734863,9.649999618530273,44830296
2023-03-08,9.260000228881836,9.65999984741211,9.260000228881836,9.600000381469727,40779874
2023-03-09,9.289999961853027,9.619999885559082,9.260000228881836,9.270000457763672,33934068
2023-03-10,9.100000381469727,9.319999694824219,9.079999923706055,9.260000228881836,18689966
2023-03-13,9.079999923706055,9.319999694824219,9.050000190734863,9.15999984741211,25573790
2023-03-14,8.729999542236328,9.119999885559082,8.729999542236328,9.09000015258789,21497788
2023-03-15,8.649999618530273,9.09000015258789,8.479999542236328,8.800000190734863,34787397
2023-03-16,8.720000267028809,8.829999923706055,8.579999923706055,8.670000076293945,18628641
2023-03-17,9.140000343322754,9.140000343322754,8.710000038146973,8.84000015258789,37243194
2023-03-20,8.970000267028809,9.5600004196167,8.970000267028809,9.239999771118164,66189158
2023-03-21,8.59000015258789,9.0600004196167,8.579999923706055,9.029999732971191,26918179
2023-03-22,8.630000114440918,8.779999732971191,8.529999732971191,8.640000343322754,18349246
2023-03-23,8.850000381469727,9.069999694824219,8.600000381469727,8.619999885559082,28577225
2023-03-24,8.720000267028809,8.979999542236328,8.630000114440918,8.850000381469727,15887624
2023-03-27,8.739999771118164,9.0,8.720000267028809,8.800000190734863,26666147
2023-03-28,8.300000190734863,8.720000267028809,8.289999961853027,8.720000267028809,16179112
2023-03-29,8.369999885559082,8.380000114440918,7.989999771118164,8.149999618530273,17007895
2023-03-30,8.220000267028809,8.529999732971191,8.170000076293945,8.359999656677246,17722452
2023-03-31,8.079999923706055,8.239999771118164,7.980000019073486,8.220000267028809,10243399
2023-04-03,8.039999961853027,8.079999923706055,7.769999980926514,7.989999771118164,11456835
2023-04-04,8.220000267028809,8.220000267028809,8.039999961853027,8.039999961853027,13613215
2023-04-05,8.239999771118164,8.529999732971191,8.220000267028809,8.270000457763672,26868528
2023-04-06,8.09000015258789,8.300000190734863,8.0600004196167,8.210000038146973,13052493
2023-04-07,8.680000305175781,8.710000038146973,8.039999961853027,8.039999961853027,41245032
2023-04-10,8.819999694824219,8.930000305175781,8.630000114440918,8.710000038146973,29350644
2023-04-11,8.739999771118164,9.039999961853027,8.680000305175781,8.850000381469727,23779824
2023-04-12,8.800000190734863,9.010000228881836,8.729999542236328,8.75,26164286
2023-04-13,8.75,8.949999809265137,8.710000038146973,8.84000015258789,19304921
2023-04-14,9.260000228881836,9.600000381469727,8.90999984741211,9.1899995803833,102907809
2023-04-17,9.050000190734863,9.399999618530273,9.029999732971191,9.380000114440918,40359495
2023-04-18,8.859999656677246,9.260000228881836,8.779999732971191,9.100000381469727,30468509
2023-04-19,8.680000305175781,8.920000076293945,8.640000343322754,8.859999656677246,18540690
2023-04-20,8.6899995803833,8.75,8.59000015258789,8.6899995803833,7574844
2023-04-24,9.399999618530273,9.489999771118164,8.720000267028809,8.720000267028809,78079526
2023-04-25,8.90999984741211,9.420000076293945,8.850000381469727,9.399999618530273,41437909
2023-04-26,9.119999885559082,9.40999984741211,8.880000114440918,8.920000076293945,55128211
2023-04-27,9.010000228881836,9.140000343322754,8.890000343322754,8.989999771118164,31633443
2023-04-28,8.5,9.069999694824219,8.380000114440918,9.010000228881836,20049419
2023-05-02,7.710000038146973,8.600000381469727,7.679999828338623,8.5,17723423
2023-05-03,7.46999979019165,7.809999942779541,7.099999904632568,7.75,19046571
2023-05-04,7.5,7.769999980926514,7.380000114440918,7.409999847412109,17151149
2023-05-05,7.289999961853027,7.489999771118164,7.190000057220459,7.489999771118164,11849744
2023-05-08,7.559999942779541,7.559999942779541,7.239999771118164,7.340000152587891,15461165
2023-05-09,7.510000228881836,7.71999979019165,7.409999847412109,7.550000190734863,13315794
2023-05-10,7.269999980926514,7.510000228881836,7.25,7.5,9587435
2023-05-11,7.889999866485596,7.889999866485596,7.190000057220459,7.190000057220459,30992332
2023-05-12,7.800000190734863,8.0,7.679999828338623,7.889999866485596,14881096
2023-05-15,7.789999961853027,8.3100004196167,7.190000057220459,7.199999809265137,24165833
2023-05-16,8.109999656677246,8.180000305175781,7.789999961853027,7.869999885559082,20523468
2023-05-17,8.199999809265137,8.300000190734863,8.050000190734863,8.15999984741211,17935555
2023-05-18,7.920000076293945,8.430000305175781,7.809999942779541,8.199999809265137,25038662
2023-05-22,7.820000171661377,8.050000190734863,7.710000038146973,8.0,10642175
2023-05-23,7.820000171661377,7.869999885559082,7.730000019073486,7.789999961853027,8411975
2023-05-24,7.710000038146973,7.960000038146973,7.679999828338623,7.789999961853027,10269342
2023-05-25,7.820000171661377,7.949999809265137,7.699999809265137,7.699999809265137,9174122
2023-05-26,8.069999694824219,8.130000114440918,7.800000190734863,7.820000171661377,19953383
2023-05-29,8.5,8.579999923706055,8.170000076293945,8.300000190734863,21868868
2023-05-30,8.8100004196167,8.859999656677246,8.470000267028809,8.600000381469727,27158492
2023-05-31,8.619999885559082,8.850000381469727,8.59000015258789,8.829999923706055,19655145
2023-06-01,8.8100004196167,8.890000343322754,8.65999984741211,8.65999984741211,21062706
2023-06-02,8.829999923706055,9.050000190734863,8.800000190734863,8.979999542236328,19452300
2023-06-05,9.170000076293945,9.260000228881836,8.920000076293945,9.020000457763672,32474329
2023-06-06,9.140000343322754,9.319999694824219,8.960000038146973,9.170000076293945,35175153
2023-06-07,9.319999694824219,9.489999771118164,9.239999771118164,9.25,34450587
2023-06-08,9.1899995803833,9.359999656677246,9.029999732971191,9.239999771118164,21505426
2023-06-09,9.539999961853027,9.569999694824219,9.199999809265137,9.260000228881836,27484151
2023-06-12,9.59000015258789,10.079999923706055,9.579999923706055,9.84000015258789,40800536
2023-06-13,9.130000114440918,9.579999923706055,9.079999923706055,9.579999923706055,22122224
2023-06-14,9.220000267028809,9.359999656677246,9.010000228881836,9.100000381469727,23720548
2023-06-15,9.239999771118164,9.319999694824219,9.149999618530273,9.260000228881836,18413581
2023-06-16,9.199999809265137,9.319999694824219,9.109999656677246,9.239999771118164,20424187
2023-06-19,8.710000038146973,9.289999961853027,8.670000076293945,9.199999809265137,16410381
2023-06-20,8.449999809265137,8.699999809265137,8.399999618530273,8.630000114440918,10549827
2023-06-21,8.270000457763672,8.619999885559082,8.239999771118164,8.460000038146973,13295849
2023-06-22,8.569999694824219,8.609999656677246,8.199999809265137,8.260000228881836,26460827
2023-06-23,8.880000114440918,8.899999618530273,8.649999618530273,8.649999618530273,21412907
2023-06-26,9.229999542236328,9.300000190734863,8.9399995803833,8.9399995803833,19892326
2023-06-27,9.369999885559082,9.40999984741211,9.119999885559082,9.210000038146973,9084301
2023-07-03,10.180000305175781,10.220000267028809,9.5600004196167,9.600000381469727,38278845
2023-07-04,9.90999984741211,10.270000457763672,9.890000343322754,10.210000038146973,29274383
2023-07-05,10.720000267028809,10.899999618530273,9.800000190734863,9.90999984741211,75923871
2023-07-06,10.600000381469727,11.239999771118164,10.5600004196167,10.699999809265137,57237959
2023-07-07,10.550000190734863,10.819999694824219,10.390000343322754,10.600000381469727,34498511
2023-07-10,10.729999542236328,10.949999809265137,10.630000114440918,10.630000114440918,31290996
2023-07-11,10.829999923706055,11.069999694824219,10.550000190734863,10.880000114440918,53252056
2023-07-12,10.609999656677246,10.84000015258789,10.479999542236328,10.8100004196167,34044790
2023-07-13,10.470000267028809,10.779999732971191,10.369999885559082,10.609999656677246,24071569
2023-07-14,10.899999618530273,10.979999542236328,10.319999694824219,10.489999771118164,43185453
2023-07-17,11.0,11.5600004196167,10.920000076293945,11.09000015258789,73161210
2023-07-18,10.3100004196167,11.109999656677246,10.3100004196167,11.039999961853027,51228950
2023-07-19,10.720000267028809,10.739999771118164,10.140000343322754,10.3100004196167,33505863
2023-07-20,10.859999656677246,10.9399995803833,10.539999961853027,10.800000190734863,38174616
2023-07-21,11.109999656677246,11.25,10.710000038146973,10.890000343322754,73723356
2023-07-24,10.890000343322754,11.399999618530273,10.770000457763672,11.199999809265137,54668536
2023-07-25,10.619999885559082,11.039999961853027,10.449999809265137,11.0,30424596
2023-07-26,10.930000305175781,10.930000305175781,10.520000457763672,10.579999923706055,26255572
2023-07-27,11.5,11.5,11.020000457763672,11.09000015258789,66282384
2023-07-28,11.8100004196167,11.850000381469727,11.329999923706055,11.520000457763672,58247715
2023-07-31,12.010000228881836,12.220000267028809,11.84000015258789,11.899999618530273,84147405
2023-08-01,11.630000114440918,12.039999961853027,11.600000381469727,12.010000228881836,42438488
2023-08-02,11.75,11.979999542236328,11.550000190734863,11.609999656677246,50053527
2023-08-03,11.449999809265137,11.949999809265137,11.420000076293945,11.779999732971191,40851018
2023-08-04,11.739999771118164,11.8100004196167,11.300000190734863,11.489999771118164,34331283
2023-08-07,11.899999618530273,12.149999618530273,11.779999732971191,11.819999694824219,61617827
2023-08-08,11.600000381469727,12.039999961853027,11.5,11.949999809265137,37812531
2023-08-09,11.720000267028809,11.859999656677246,11.300000190734863,11.640000343322754,32637808
2023-08-10,11.130000114440918,11.789999961853027,11.0600004196167,11.739999771118164,41650513
2023-08-11,11.600000381469727,11.600000381469727,10.739999771118164,11.130000114440918,42061072
2023-08-14,11.300000190734863,11.710000038146973,11.15999984741211,11.600000381469727,40093516
2023-08-15,11.149999618530273,11.390000343322754,10.970000267028809,11.300000190734863,22903864
2023-08-16,11.300000190734863,11.510000228881836,11.140000343322754,11.199999809265137,36401879
2023-08-17,11.579999923706055,11.579999923706055,11.229999542236328,11.350000381469727,34307560
2023-08-18,10.979999542236328,11.6899995803833,10.869999885559082,11.609999656677246,38812021
2023-08-21,11.34000015258789,11.479999542236328,10.899999618530273,10.979999542236328,33477578
2023-08-22,11.710000038146973,11.829999923706055,11.329999923706055,11.359999656677246,63378052
2023-08-23,11.239999771118164,11.850000381469727,11.229999542236328,11.789999961853027,45956639
2023-08-24,11.010000228881836,11.720000267028809,10.970000267028809,11.300000190734863,91236990
2023-08-25,11.569999694824219,11.569999694824219,11.020000457763672,11.140000343322754,31758512
2023-08-28,11.779999732971191,12.029999732971191,11.680000305175781,11.760000228881836,50422133
2023-08-29,11.510000228881836,11.880000114440918,11.449999809265137,11.829999923706055,30779038
2023-08-31,11.699999809265137,11.819999694824219,11.449999809265137,11.600000381469727,37110110
2023-09-01,12.600000381469727,12.649999618530273,11.729999542236328,11.729999542236328,108765898
2023-09-04,12.380000114440918,12.970000267028809,12.279999732971191,12.800000190734863,62281531
2023-09-05,12.979999542236328,13.399999618530273,12.050000190734863,12.420000076293945,121293615
2023-09-06,12.609999656677246,13.100000381469727,12.5600004196167,12.979999542236328,43279469
2023-09-07,12.630000114440918,12.779999732971191,12.380000114440918,12.65999984741211,37281992
2023-09-08,12.3100004196167,12.720000267028809,12.3100004196167,12.699999809265137,32068885
2023-09-11,12.0,12.699999809265137,11.979999542236328,12.390000343322754,54759463
2023-09-12,11.989999771118164,12.199999809265137,11.829999923706055,12.020000457763672,36362791
2023-09-13,11.760000228881836,12.279999732971191,11.600000381469727,12.0600004196167,58450027
2023-09-14,11.720000267028809,11.819999694824219,11.289999961853027,11.710000038146973,31459419
2023-09-15,11.6899995803833,12.079999923706055,11.470000267028809,11.739999771118164,38942661
2023-09-18,11.170000076293945,11.670000076293945,11.050000190734863,11.65999984741211,28469245
2023-09-19,11.229999542236328,11.399999618530273,11.069999694824219,11.229999542236328,23169415
2023-09-20,11.630000114440918,11.869999885559082,11.210000038146973,11.260000228881836,52216784
2023-09-21,11.899999618530273,11.949999809265137,11.380000114440918,11.579999923706055,38043277
2023-09-22,11.75,12.140000343322754,11.720000267028809,11.90999984741211,35073189
2023-09-25,12.0,12.050000190734863,11.789999961853027,11.8100004196167,43438881
2023-09-26,12.020000457763672,12.279999732971191,11.819999694824219,12.050000190734863,66770901
2023-09-27,12.09000015258789,12.539999961853027,11.960000038146973,12.029999732971191,60179283
2023-09-28,11.800000190734863,12.300000190734863,11.800000190734863,12.069999694824219,36758162
2023-09-29,12.289999961853027,12.289999961853027,11.819999694824219,11.899999618530273,38206688
2023-10-02,12.380000114440918,12.539999961853027,12.319999694824219,12.329999923706055,30486697
2023-10-03,12.470000267028809,12.600000381469727,12.229999542236328,12.40999984741211,45520078
2023-10-04,12.920000076293945,13.210000038146973,12.470000267028809,12.510000228881836,104003394
2023-10-05,12.529999732971191,13.09000015258789,12.220000267028809,12.920000076293945,60858886
2023-10-06,12.260000228881836,12.489999771118164,12.25,12.300000190734863,24415944
2023-10-09,11.670000076293945,12.300000190734863,11.649999618530273,11.949999809265137,47494784
2023-10-10,12.130000114440918,12.329999923706055,11.800000190734863,11.800000190734863,66612194
2023-10-11,11.850000381469727,12.489999771118164,11.739999771118164,12.100000381469727,60017386
2023-10-12,11.640000343322754,12.079999923706055,11.199999809265137,11.970000267028809,35503679
2023-10-13,11.300000190734863,11.6899995803833,11.279999732971191,11.640000343322754,20328027
2023-10-16,10.800000190734863,11.489999771118164,10.800000190734863,11.420000076293945,23390911
2023-10-17,11.130000114440918,11.130000114440918,10.739999771118164,10.84000015258789,26950774
2023-10-18,10.489999771118164,11.020000457763672,10.489999771118164,10.90999984741211,21749427
2023-10-19,10.319999694824219,10.6899995803833,10.270000457763672,10.520000457763672,23119351
2023-10-20,9.880000114440918,10.279999732971191,9.800000190734863,10.229999542236328,21130348
2023-10-23,10.140000343322754,10.199999809265137,9.819999694824219,10.039999961853027,21458866
2023-10-24,10.550000190734863,10.550000190734863,10.170000076293945,10.199999809265137,17499066
2023-10-25,9.59000015258789,10.699999809265137,9.59000015258789,10.550000190734863,19612882
2023-10-26,9.84000015258789,10.0,9.489999771118164,9.720000267028809,19270350
2023-10-27,9.949999809265137,10.0,9.59000015258789,9.859999656677246,18536978
2023-10-30,9.930000305175781,10.1899995803833,9.880000114440918,9.890000343322754,14557305
2023-10-31,9.529999732971191,10.09000015258789,9.5,9.970000267028809,15312188
2023-11-01,9.449999809265137,9.699999809265137,9.229999542236328,9.619999885559082,16541850
2023-11-02,9.6899995803833,9.75,9.539999961853027,9.550000190734863,17172355
2023-11-03,9.779999732971191,10.010000228881836,9.569999694824219,9.850000381469727,23128919
2023-11-06,10.029999732971191,10.09000015258789,9.899999618530273,9.899999618530273,20756081
2023-11-07,9.949999809265137,10.149999618530273,9.890000343322754,10.050000190734863,19748774
2023-11-08,10.039999961853027,10.270000457763672,9.970000267028809,10.029999732971191,34516298
2023-11-09,9.619999885559082,9.819999694824219,9.59000015258789,9.789999961853027,28053886
2023-11-10,9.600000381469727,9.899999618530273,9.5600004196167,9.630000114440918,16226423
2023-11-13,9.3100004196167,9.710000038146973,9.25,9.579999923706055,15268553
2023-11-14,9.369999885559082,9.460000038146973,9.1899995803833,9.3100004196167,13238117
2023-11-15,9.539999961853027,9.539999961853027,9.300000190734863,9.4399995803833,14401112
2023-11-16,9.550000190734863,9.65999984741211,9.510000228881836,9.539999961853027,13117479
2023-11-17,9.579999923706055,9.65999984741211,9.539999961853027,9.550000190734863,11192085
2023-11-20,9.699999809265137,9.789999961853027,9.640000343322754,9.670000076293945,18141142
2023-11-21,9.779999732971191,9.84000015258789,9.670000076293945,9.75,18946586
2023-11-22,9.569999694824219,9.869999885559082,9.569999694824219,9.819999694824219,13773157
2023-11-23,9.369999885559082,9.65999984741211,9.369999885559082,9.579999923706055,15349341
2023-11-24,9.40999984741211,9.470000267028809,9.279999732971191,9.350000381469727,13072608
2023-11-27,9.600000381469727,9.670000076293945,9.449999809265137,9.479999542236328,14587480
2023-11-28,9.829999923706055,9.829999923706055,9.600000381469727,9.600000381469727,24401575
2023-11-29,9.800000190734863,10.119999885559082,9.75,9.850000381469727,35115436
2023-11-30,9.470000267028809,9.859999656677246,9.460000038146973,9.739999771118164,17500698
2023-12-01,9.479999542236328,9.65999984741211,9.369999885559082,9.5600004196167,15059583
2023-12-04,9.630000114440918,9.970000267028809,9.390000343322754,9.479999542236328,30584754
2023-12-05,9.449999809265137,9.699999809265137,9.390000343322754,9.630000114440918,13907595
2023-12-06,9.079999923706055,9.5600004196167,9.039999961853027,9.449999809265137,13197377
2023-12-07,9.130000114440918,9.15999984741211,8.9399995803833,9.069999694824219,12983770
2023-12-08,9.130000114440918,9.199999809265137,9.050000190734863,9.149999618530273,10984023
2023-12-11,8.850000381469727,9.130000114440918,8.850000381469727,9.109999656677246,9801633
2023-12-12,8.770000457763672,8.90999984741211,8.75,8.800000190734863,9176268
2023-12-13,8.470000267028809,8.739999771118164,8.369999885559082,8.699999809265137,9035391
2023-12-14,8.670000076293945,8.720000267028809,8.40999984741211,8.529999732971191,13485002
2023-12-15,8.84000015258789,8.850000381469727,8.619999885559082,8.619999885559082,9349678
2023-12-18,8.529999732971191,8.960000038146973,8.510000228881836,8.819999694824219,12165291
2023-12-19,8.489999771118164,8.5600004196167,8.420000076293945,8.520000457763672,8762071
2023-12-20,8.369999885559082,8.630000114440918,8.34000015258789,8.520000457763672,8498819
2023-12-21,8.5600004196167,8.5600004196167,8.279999732971191,8.369999885559082,8128393
2023-12-22,8.4399995803833,8.609999656677246,8.34000015258789,8.579999923706055,8924715
2023-12-25,8.029999732971191,8.470000267028809,7.989999771118164,8.4399995803833,6248403
2023-12-26,8.130000114440918,8.329999923706055,7.920000076293945,8.0600004196167,9342869
2023-12-27,8.0600004196167,8.260000228881836,8.020000457763672,8.130000114440918,10070776
2023-12-28,8.239999771118164,8.359999656677246,8.069999694824219,8.069999694824219,9973605
2023-12-29,8.529999732971191,8.529999732971191,8.25,8.260000228881836,9592223
2024-01-02,8.84000015258789,8.84000015258789,8.609999656677246,8.619999885559082,9808646
2024-01-03,8.579999923706055,8.829999923706055,8.579999923706055,8.819999694824219,9392851
2024-01-04,8.850000381469727,8.850000381469727,8.460000038146973,8.569999694824219,8971840
2024-01-05,8.949999809265137,9.180000305175781,8.829999923706055,9.149999618530273,13876879
2024-01-08,8.960000038146973,9.100000381469727,8.960000038146973,8.979999542236328,11721121
2024-01-09,8.760000228881836,9.029999732971191,8.720000267028809,9.010000228881836,7732385
2024-01-10,8.970000267028809,8.989999771118164,8.720000267028809,8.760000228881836,8536954
2024-01-11,9.050000190734863,9.109999656677246,8.949999809265137,9.0,8727010
2024-01-12,8.880000114440918,8.979999542236328,8.739999771118164,8.949999809265137,14670766
2024-01-15,9.0,9.069999694824219,8.899999618530273,8.930000305175781,11598313
2024-01-16,8.9399995803833,9.050000190734863,8.890000343322754,9.020000457763672,9321830
2024-01-17,8.850000381469727,8.979999542236328,8.829999923706055,8.899999618530273,8372240
2024-01-18,9.0600004196167,9.170000076293945,8.890000343322754,8.890000343322754,15981353
2024-01-19,8.930000305175781,9.09000015258789,8.899999618530273,9.0600004196167,8353397
2024-01-22,9.0600004196167,9.180000305175781,8.890000343322754,8.920000076293945,17589847
2024-01-23,8.930000305175781,9.229999542236328,8.880000114440918,9.15999984741211,15118262
2024-01-24,9.039999961853027,9.100000381469727,8.899999618530273,8.949999809265137,9260879
2024-01-25,9.420000076293945,9.420000076293945,9.079999923706055,9.130000114440918,24411468
2024-01-26,9.479999542236328,9.489999771118164,9.34000015258789,9.449999809265137,13837736
2024-01-29,9.399999618530273,9.630000114440918,9.390000343322754,9.539999961853027,16987376
2024-01-30,9.3100004196167,9.430000305175781,9.300000190734863,9.420000076293945,8508737
2024-01-31,9.609999656677246,9.729999542236328,9.289999961853027,9.300000190734863,25497264
2024-02-01,9.59000015258789,9.760000228881836,9.579999923706055,9.6899995803833,11793612
2024-02-02,9.630000114440918,9.800000190734863,9.539999961853027,9.630000114440918,15245627
2024-02-05,9.729999542236328,9.84000015258789,9.649999618530273,9.65999984741211,14406743
2024-02-06,9.84000015258789,9.859999656677246,9.680000305175781,9.779999732971191,15184881
2024-02-07,9.75,9.90999984741211,9.699999809265137,9.84000015258789,16205331
2024-02-08,9.949999809265137,10.069999694824219,9.739999771118164,9.75,25014849
2024-02-09,10.319999694824219,10.380000114440918,9.979999542236328,9.989999771118164,27975668
2024-02-12,10.220000267028809,10.479999542236328,10.15999984741211,10.4399995803833,22019425
2024-02-13,9.979999542236328,10.350000381469727,9.899999618530273,10.239999771118164,21514733
2024-02-14,10.029999732971191,10.069999694824219,9.770000457763672,9.970000267028809,16203356
2024-02-15,10.239999771118164,10.279999732971191,10.069999694824219,10.069999694824219,16091909
2024-02-16,10.430000305175781,10.569999694824219,10.0600004196167,10.279999732971191,28844185
2024-02-19,10.109999656677246,10.649999618530273,10.020000457763672,10.539999961853027,24716395
2024-02-20,10.15999984741211,10.289999961853027,10.0,10.109999656677246,16935297
2024-02-21,10.029999732971191,10.25,9.989999771118164,10.229999542236328,16864035
2024-02-22,10.449999809265137,10.609999656677246,10.0600004196167,10.069999694824219,76512207
2024-02-23,10.25,10.529999732971191,10.15999984741211,10.449999809265137,17643315
2024-02-26,10.220000267028809,10.5,10.140000343322754,10.300000190734863,20390881
2024-02-27,9.9399995803833,10.220000267028809,9.920000076293945,10.220000267028809,16497648
2024-02-28,9.789999961853027,10.279999732971191,9.779999732971191,9.920000076293945,17320129
2024-02-29,10.0,10.010000228881836,9.779999732971191,9.800000190734863,15182185
2024-03-01,10.279999732971191,10.329999923706055,9.90999984741211,10.0,32725029
2024-03-04,9.869999885559082,10.529999732971191,9.869999885559082,10.390000343322754,32478901
2024-03-05,10.050000190734863,10.380000114440918,9.930000305175781,9.979999542236328,31787532
2024-03-06,11.050000190734863,11.050000190734863,9.949999809265137,10.0,79264760
2024-03-07,10.65999984741211,11.289999961853027,10.65999984741211,11.210000038146973,81341332
2024-03-08,11.109999656677246,11.380000114440918,10.710000038146973,10.710000038146973,84871870
2024-03-11,10.779999732971191,11.539999961853027,10.770000457763672,11.3100004196167,49414593
2024-03-12,11.529999732971191,11.800000190734863,10.770000457763672,10.8100004196167,84287092
2024-03-13,11.970000267028809,12.1899995803833,11.199999809265137,11.550000190734863,94053646
2024-03-14,11.890000343322754,12.079999923706055,11.640000343322754,11.979999542236328,43807527
2024-03-15,11.630000114440918,12.359999656677246,11.630000114440918,11.920000076293945,62024514
2024-03-18,11.180000305175781,11.84000015258789,11.069999694824219,11.829999923706055,41781019
2024-03-19,11.15999984741211,11.470000267028809,11.109999656677246,11.199999809265137,25032335
2024-03-20,10.800000190734863,11.300000190734863,10.75,11.15999984741211,29967290
2024-03-21,10.329999923706055,10.930000305175781,10.329999923706055,10.869999885559082,32109742
2024-03-22,10.25,10.5,10.220000267028809,10.350000381469727,20320353
2024-03-25,10.029999732971191,10.65999984741211,10.020000457763672,10.300000190734863,36778027
2024-03-26,9.59000015258789,10.15999984741211,9.59000015258789,10.09000015258789,26318140
2024-03-27,9.760000228881836,9.930000305175781,9.520000457763672,9.609999656677246,31937388
2024-03-28,10.09000015258789,10.239999771118164,9.8100004196167,9.8100004196167,26900704
2024-03-29,10.069999694824219,10.270000457763672,9.970000267028809,10.130000114440918,15078673
2024-04-01,10.069999694824219,10.260000228881836,9.84000015258789,10.109999656677246,19961636
2024-04-02,9.710000038146973,10.1899995803833,9.65999984741211,10.050000190734863,17320822
2024-04-03,9.399999618530273,9.6899995803833,9.390000343322754,9.670000076293945,11972624
2024-04-04,9.420000076293945,9.630000114440918,9.40999984741211,9.449999809265137,9714345
2024-04-05,9.899999618530273,9.899999618530273,9.430000305175781,9.430000305175781,20199547
2024-04-08,10.489999771118164,10.5600004196167,9.960000038146973,10.0,21858540
2024-04-15,10.529999732971191,10.710000038146973,10.369999885559082,10.449999809265137,17091075
2024-04-16,10.069999694824219,10.59000015258789,9.970000267028809,10.479999542236328,35834827
2024-04-17,10.050000190734863,10.210000038146973,9.949999809265137,10.119999885559082,20892716
2024-04-18,10.020000457763672,10.100000381469727,9.9399995803833,10.079999923706055,14986841
2024-04-19,11.020000457763672,11.020000457763672,10.550000190734863,10.720000267028809,14314253
2024-04-22,12.119999885559082,12.119999885559082,11.359999656677246,11.550000190734863,24689600
2024-04-24,13.329999923706055,13.329999923706055,12.670000076293945,13.319999694824219,161579857
2024-04-25,13.0,13.979999542236328,12.949999809265137,13.25,122522351
2024-04-26,13.199999809265137,13.739999771118164,12.680000305175781,13.050000190734863,94496301
2024-04-29,14.520000457763672,14.520000457763672,13.109999656677246,13.40999984741211,86978200
2024-04-30,15.15999984741211,15.970000267028809,14.739999771118164,14.75,156116744
2024-05-02,14.520000457763672,15.579999923706055,14.4399995803833,15.40999984741211,70047869
2024-05-03,14.59000015258789,14.899999618530273,14.319999694824219,14.520000457763672,54829522
2024-05-06,14.5,15.109999656677246,14.5,14.699999809265137,47017920
2024-05-07,14.5,14.6899995803833,14.25,14.550000190734863,45267815
2024-05-08,13.9399995803833,14.899999618530273,13.899999618530273,14.520000457763672,59115358
2024-05-09,13.710000038146973,14.069999694824219,13.529999732971191,13.989999771118164,27361263
2024-05-10,13.479999542236328,13.829999923706055,13.40999984741211,13.699999809265137,22900201
2024-05-13,13.0,13.5,12.989999771118164,13.479999542236328,28528573
2024-05-14,13.270000457763672,13.4399995803833,13.0,13.010000228881836,30662348
2024-05-15,13.149999618530273,13.470000267028809,13.079999923706055,13.1899995803833,22304335
2024-05-16,13.260000228881836,13.329999923706055,13.0,13.149999618530273,16993386
2024-05-17,13.380000114440918,13.65999984741211,13.149999618530273,13.369999885559082,38173466
2024-05-20,13.729999542236328,14.430000305175781,13.279999732971191,13.359999656677246,127888392
2024-05-21,13.149999618530273,13.829999923706055,13.100000381469727,13.770000457763672,43138316
2024-05-22,13.369999885559082,13.539999961853027,13.140000343322754,13.170000076293945,39143362
2024-05-23,13.329999923706055,13.640000343322754,13.260000228881836,13.350000381469727,34683812
2024-05-24,13.15999984741211,13.449999809265137,13.09000015258789,13.40999984741211,16510811
2024-05-27,12.739999771118164,13.260000228881836,12.710000038146973,13.1899995803833,23193993
2024-05-28,12.800000190734863,12.9399995803833,12.699999809265137,12.800000190734863,17458616
2024-05-29,12.260000228881836,12.899999618530273,12.260000228881836,12.800000190734863,14750576
2024-05-30,12.199999809265137,12.369999885559082,12.149999618530273,12.260000228881836,13752322
2024-05-31,12.020000457763672,12.430000305175781,11.960000038146973,12.239999771118164,19541598
2024-06-03,12.170000076293945,12.229999542236328,11.9399995803833,12.079999923706055,13545201
2024-06-04,12.229999542236328,12.430000305175781,12.15999984741211,12.180000305175781,17242712
2024-06-05,11.949999809265137,12.319999694824219,11.789999961853027,12.25,16448332
2024-06-06,11.979999542236328,12.199999809265137,11.960000038146973,11.989999771118164,15126878
2024-06-07,11.550000190734863,12.100000381469727,11.550000190734863,12.079999923706055,12527834
2024-06-10,11.470000267028809,11.8100004196167,11.40999984741211,11.569999694824219,14691011
2024-06-11,11.359999656677246,11.640000343322754,11.3100004196167,11.470000267028809,12670238
2024-06-12,12.489999771118164,12.489999771118164,11.369999885559082,11.369999885559082,22393061
2024-06-13,13.729999542236328,13.729999542236328,12.920000076293945,13.449999809265137,56664843
2024-06-14,13.3100004196167,14.199999809265137,13.149999618530273,13.800000190734863,93217252
2024-06-20,13.100000381469727,13.449999809265137,12.649999618530273,13.220000267028809,68346255
2024-06-21,14.40999984741211,14.40999984741211,13.199999809265137,13.199999809265137,27390223
2024-06-24,14.899999618530273,15.850000381469727,14.770000457763672,15.0,210749114
2024-06-25,16.389999389648438,16.389999389648438,14.760000228881836,14.84000015258789,65034722
2024-06-26,16.600000381469727,17.700000762939453,16.510000228881836,17.5,128056156
2024-06-27,18.260000228881836,18.260000228881836,16.739999771118164,16.739999771118164,50420084
2024-06-28,16.440000534057617,18.239999771118164,16.440000534057617,17.899999618530273,91543097
2024-07-01,14.800000190734863,16.25,14.800000190734863,15.899999618530273,66207408
2024-07-02,15.899999618530273,16.280000686645508,14.260000228881836,15.0,140552747
2024-07-03,15.25,16.520000457763672,15.100000381469727,15.920000076293945,59902399
2024-07-04,15.229999542236328,15.800000190734863,15.1899995803833,15.279999732971191,36758955
2024-07-05,15.020000457763672,15.399999618530273,14.640000343322754,15.229999542236328,32240567
2024-07-08,15.390000343322754,15.399999618530273,14.829999923706055,15.100000381469727,32233039
2024-07-09,16.15999984741211,16.920000076293945,15.15999984741211,15.470000267028809,103227732
2024-07-10,16.469999313354492,17.040000915527344,15.920000076293945,16.15999984741211,61512106
2024-07-11,16.3799991607666,16.8700008392334,16.329999923706055,16.549999237060547,31038592
2024-07-12,16.34000015258789,16.59000015258789,16.15999984741211,16.3799991607666,27168542
2024-07-16,15.770000457763672,16.40999984741211,15.65999984741211,16.219999313354492,33446206
2024-07-17,15.899999618530273,16.200000762939453,15.520000457763672,15.770000457763672,31367875
2024-07-18,16.809999465942383,17.219999313354492,15.850000381469727,15.9399995803833,78277844
2024-07-19,16.8700008392334,17.559999465942383,16.5,16.760000228881836,63503266
2024-07-22,17.06999969482422,17.3799991607666,16.399999618530273,16.399999618530273,41466334
2024-07-23,16.84000015258789,17.170000076293945,16.68000030517578,17.059999465942383,24264170
2024-07-24,17.31999969482422,17.700000762939453,16.43000030517578,16.84000015258789,54977661
2024-07-25,17.15999984741211,17.469999313354492,16.989999771118164,17.329999923706055,26998788
2024-07-26,17.540000915527344,18.0,17.219999313354492,17.280000686645508,56605271
2024-07-29,17.18000030517578,17.81999969482422,17.079999923706055,17.780000686645508,43325577
2024-07-30,16.399999618530273,17.59000015258789,16.399999618530273,17.170000076293945,45950941
2024-07-31,15.430000305175781,16.450000762939453,15.359999656677246,16.3799991607666,42799244
2024-08-01,15.75,16.190000534057617,15.600000381469727,15.680000305175781,28206877
2024-08-02,15.020000457763672,15.680000305175781,14.979999542236328,15.5,28689042
2024-08-05,13.640000343322754,14.270000457763672,13.520000457763672,13.770000457763672,34170409
2024-08-06,13.829999923706055,14.239999771118164,13.670000076293945,14.010000228881836,29099950
2024-08-07,13.84000015258789,13.989999771118164,13.5600004196167,13.930000305175781,24716287
2024-08-08,15.220000267028809,15.220000267028809,13.800000190734863,13.800000190734863,49026221
2024-08-09,15.300000190734863,16.450000762939453,15.220000267028809,15.920000076293945,88669888
2024-08-12,15.069999694824219,15.970000267028809,14.930000305175781,15.489999771118164,35389866
2024-08-13,15.5,15.5,14.8100004196167,15.109999656677246,39759771
2024-08-14,15.3100004196167,15.880000114440918,15.289999961853027,15.579999923706055,25267767
2024-08-15,16.84000015258789,16.84000015258789,14.920000076293945,15.430000305175781,57393830
2024-08-16,16.760000228881836,17.299999237060547,16.700000762939453,17.170000076293945,94308487
2024-08-19,17.3700008392334,17.65999984741211,16.75,16.989999771118164,61568700
2024-08-20,16.979999542236328,17.739999771118164,16.860000610351562,17.3799991607666,39254341
2024-08-21,16.649999618530273,17.3799991607666,16.469999313354492,16.979999542236328,38855572
2024-08-22,16.239999771118164,16.969999313354492,16.040000915527344,16.75,25753736
2024-08-23,16.34000015258789,16.8799991607666,16.149999618530273,16.260000228881836,31856834
2024-08-26,15.630000114440918,16.549999237060547,15.5,16.450000762939453,20340624
2024-08-27,17.190000534057617,17.190000534057617,15.5,15.59000015258789,68345071
2024-08-28,17.06999969482422,17.56999969482422,16.959999084472656,17.420000076293945,85997541
2024-08-29,16.920000076293945,17.209999084472656,16.489999771118164,17.100000381469727,29088266
2024-09-02,17.049999237060547,17.229999542236328,16.770000457763672,17.010000228881836,26672755
2024-09-03,17.030000686645508,17.959999084472656,17.0,17.18000030517578,76982934
2024-09-04,17.06999969482422,17.350000381469727,16.75,16.81999969482422,44428997
2024-09-05,17.399999618530273,18.450000762939453,17.200000762939453,17.229999542236328,111894671
2024-09-06,18.34000015258789,18.649999618530273,17.399999618530273,17.399999618530273,92902226
2024-09-09,18.280000686645508,18.81999969482422,18.06999969482422,18.56999969482422,73691909
2024-09-10,17.3700008392334,18.549999237060547,17.200000762939453,18.280000686645508,53126877
2024-09-11,16.6299991607666,17.549999237060547,16.610000610351562,17.299999237060547,40014755
2024-09-12,18.290000915527344,18.290000915527344,17.719999313354492,18.290000915527344,95055958
2024-09-13,18.1299991607666,19.459999084472656,17.850000381469727,17.950000762939453,113906381
2024-09-16,18.280000686645508,19.459999084472656,18.079999923706055,18.110000610351562,118764724
2024-09-17,18.450000762939453,18.709999084472656,18.1299991607666,18.360000610351562,47170372
2024-09-18,17.950000762939453,18.68000030517578,17.93000030517578,18.549999237060547,43107617
2024-09-19,18.040000915527344,18.25,17.860000610351562,18.190000534057617,31343386
2024-09-20,17.81999969482422,18.34000015258789,17.760000228881836,18.18000030517578,27386169
2024-09-23,17.6299991607666,18.06999969482422,17.610000610351562,18.0,23728644
2024-09-24,17.950000762939453,18.25,17.34000015258789,17.639999389648438,58225889
2024-09-25,17.299999237060547,18.1299991607666,17.299999237060547,18.100000381469727,27169628
2024-09-26,17.1299991607666,17.860000610351562,17.09000015258789,17.420000076293945,27920803
2024-09-27,17.729999542236328,17.979999542236328,17.010000228881836,17.200000762939453,33325765
2024-09-30,17.25,17.940000534057617,17.219999313354492,17.729999542236328,18635792
2024-10-01,15.529999732971191,16.329999923706055,15.529999732971191,16.25,59382873
2024-10-02,14.489999771118164,15.380000114440918,14.420000076293945,15.100000381469727,34860262
2024-10-03,14.300000190734863,14.869999885559082,14.229999542236328,14.529999732971191,26153764
2024-10-04,14.399999618530273,14.470000267028809,13.850000381469727,14.40999984741211,28166136
2024-10-07,14.050000190734863,14.6899995803833,13.989999771118164,14.520000457763672,24471469
2024-10-08,14.100000381469727,14.470000267028809,13.859999656677246,14.050000190734863,37189645
2024-10-09,14.970000267028809,15.510000228881836,14.619999885559082,14.649999618530273,79479283
2024-10-10,14.520000457763672,15.390000343322754,14.479999542236328,14.989999771118164,32896097
2024-10-11,14.670000076293945,15.100000381469727,14.470000267028809,14.550000190734863,37185856
2024-10-14,14.180000305175781,14.729999542236328,14.119999885559082,14.699999809265137,18693332
2024-10-15,14.510000228881836,14.5600004196167,14.180000305175781,14.199999809265137,24213164
2024-10-16,14.6899995803833,14.710000038146973,14.300000190734863,14.510000228881836,28009764
2024-10-17,14.930000305175781,15.289999961853027,14.609999656677246,14.710000038146973,37554742
2024-10-18,14.539999961853027,15.039999961853027,14.489999771118164,14.960000038146973,18379928
2024-10-21,14.220000267028809,14.649999618530273,14.109999656677246,14.550000190734863,17189781
2024-10-22,15.130000114440918,15.640000343322754,14.279999732971191,14.34000015258789,59838334
2024-10-23,14.640000343322754,15.390000343322754,14.579999923706055,15.109999656677246,42022248
2024-10-24,15.100000381469727,15.15999984741211,14.6899995803833,14.6899995803833,29312791
2024-10-25,15.119999885559082,15.399999618530273,14.9399995803833,15.069999694824219,34656360
2024-10-28,15.050000190734863,15.25,15.020000457763672,15.199999809265137,9680859
2024-10-30,15.130000114440918,15.5600004196167,15.010000228881836,15.069999694824219,33839352
2024-10-31,15.430000305175781,15.4399995803833,15.09000015258789,15.100000381469727,34804388
2024-11-01,15.619999885559082,15.739999771118164,15.220000267028809,15.640000343322754,33651774
2024-11-04,15.399999618530273,15.680000305175781,14.920000076293945,15.59000015258789,31246983
2024-11-05,15.210000038146973,15.569999694824219,15.069999694824219,15.510000228881836,19388394
2024-11-06,15.520000457763672,15.680000305175781,15.220000267028809,15.279999732971191,34793211
2024-11-07,14.920000076293945,15.609999656677246,14.789999961853027,15.510000228881836,36240764
2024-11-08,14.850000381469727,15.069999694824219,14.609999656677246,14.890000343322754,30329023
2024-11-11,14.920000076293945,15.149999618530273,14.869999885559082,14.899999618530273,31930179
2024-11-12,13.430000305175781,13.84000015258789,13.430000305175781,13.5,70030956
2024-11-13,13.470000267028809,13.699999809265137,13.40999984741211,13.430000305175781,31854463
2024-11-14,13.390000343322754,13.619999885559082,13.350000381469727,13.529999732971191,20434266
2024-11-15,13.229999542236328,13.489999771118164,13.199999809265137,13.430000305175781,17653731
2024-11-18,12.90999984741211,13.3100004196167,12.90999984741211,13.239999771118164,19902920
2024-11-19,12.720000267028809,13.1899995803833,12.619999885559082,12.949999809265137,25685670
2024-11-20,12.390000343322754,12.869999885559082,12.350000381469727,12.739999771118164,16198332
2024-11-21,12.710000038146973,12.739999771118164,12.399999618530273,12.4399995803833,17143258
2024-11-22,12.90999984741211,12.9399995803833,12.569999694824219,12.739999771118164,21359091
2024-11-25,12.920000076293945,13.119999885559082,12.880000114440918,12.979999542236328,19147804
2024-11-26,12.880000114440918,13.130000114440918,12.829999923706055,12.920000076293945,17383790
2024-11-27,12.720000267028809,13.069999694824219,12.720000267028809,12.949999809265137,20412928
2024-11-28,12.600000381469727,12.789999961853027,12.550000190734863,12.75,13815377
2024-11-29,12.869999885559082,12.970000267028809,12.5600004196167,12.609999656677246,33765285
2024-12-02,13.069999694824219,13.25,12.739999771118164,12.8100004196167,33246715
2024-12-03,13.010000228881836,13.180000305175781,13.010000228881836,13.09000015258789,23201746
2024-12-04,13.010000228881836,13.270000457763672,13.0,13.029999732971191,36503088
2024-12-05,13.069999694824219,13.239999771118164,13.010000228881836,13.039999961853027,24242044
2024-12-06,13.069999694824219,13.199999809265137,13.0600004196167,13.15999984741211,17485703
2024-12-09,13.140000343322754,13.180000305175781,13.010000228881836,13.140000343322754,24620498
2024-12-10,12.710000038146973,13.1899995803833,12.710000038146973,13.15999984741211,19613962
2024-12-11,12.6899995803833,12.880000114440918,12.670000076293945,12.720000267028809,10996619
2024-12-12,12.640000343322754,12.880000114440918,12.550000190734863,12.739999771118164,14095228
2024-12-13,12.65999984741211,12.680000305175781,12.529999732971191,12.59000015258789,14757068
2024-12-16,12.579999923706055,12.850000381469727,12.5600004196167,12.6899995803833,13171407
2024-12-17,12.680000305175781,13.220000267028809,12.680000305175781,12.920000076293945,46159044
2024-12-18,12.8100004196167,13.479999542236328,12.680000305175781,12.680000305175781,92626941
2024-12-19,12.670000076293945,13.170000076293945,12.640000343322754,12.789999961853027,42217944
2024-12-20,12.529999732971191,12.789999961853027,12.489999771118164,12.729999542236328,12642492
2024-12-23,12.220000267028809,12.59000015258789,12.15999984741211,12.539999961853027,12426881
2024-12-24,12.229999542236328,12.670000076293945,12.149999618530273,12.199999809265137,21210087
2024-12-25,12.210000038146973,12.399999618530273,12.210000038146973,12.380000114440918,10357287
2024-12-26,12.180000305175781,12.390000343322754,12.100000381469727,12.25,14870045
2024-12-27,12.289999961853027,12.289999961853027,12.180000305175781,12.1899995803833,8569678
2024-12-30,12.1899995803833,12.449999809265137,12.170000076293945,12.34000015258789,9929063
2024-12-31,12.109999656677246,12.210000038146973,12.100000381469727,12.1899995803833,11908838
2025-01-02,12.140000343322754,12.220000267028809,12.039999961853027,12.149999618530273,11302324
2025-01-03,12.220000267028809,12.350000381469727,12.15999984741211,12.180000305175781,19231001
2025-01-06,12.479999542236328,12.579999923706055,12.279999732971191,12.279999732971191,22044292
2025-01-07,12.510000228881836,12.710000038146973,12.449999809265137,12.479999542236328,23469592
2025-01-08,12.270000457763672,12.65999984741211,12.260000228881836,12.510000228881836,14796378
2025-01-09,12.390000343322754,12.40999984741211,12.260000228881836,12.319999694824219,10743243
2025-01-10,12.630000114440918,12.960000038146973,12.380000114440918,12.399999618530273,49378782
2025-01-13,12.270000457763672,13.25,12.170000076293945,13.0,43655432
2025-01-14,12.119999885559082,12.380000114440918,12.079999923706055,12.34000015258789,15997651
2025-01-15,11.949999809265137,12.210000038146973,11.869999885559082,12.140000343322754,10706918
2025-01-16,12.15999984741211,12.229999542236328,12.039999961853027,12.109999656677246,12543039
2025-01-17,12.069999694824219,12.180000305175781,11.989999771118164,12.170000076293945,10672805
2025-01-20,12.65999984741211,12.890000343322754,12.069999694824219,12.130000114440918,82326250
2025-01-21,12.369999885559082,12.699999809265137,12.34000015258789,12.550000190734863,14296036
2025-01-22,12.300000190734863,12.470000267028809,12.220000267028809,12.399999618530273,10467239
2025-01-23,12.40999984741211,12.569999694824219,12.289999961853027,12.329999923706055,18217841
2025-01-24,12.140000343322754,12.569999694824219,12.069999694824219,12.449999809265137,21189910
2025-01-27,12.199999809265137,12.470000267028809,12.180000305175781,12.390000343322754,22975405
2025-01-28,12.199999809265137,12.25,11.930000305175781,12.210000038146973,23945858
2025-01-29,12.369999885559082,12.430000305175781,12.170000076293945,12.199999809265137,38480994
2025-01-30,12.3100004196167,12.369999885559082,12.279999732971191,12.369999885559082,12773184
2025-01-31,12.039999961853027,12.430000305175781,12.0,12.319999694824219,23500961
2025-02-03,11.8100004196167,11.960000038146973,11.789999961853027,11.90999984741211,7091517
2025-02-04,11.670000076293945,11.90999984741211,11.619999885559082,11.84000015258789,15035845
2025-02-05,11.199999809265137,11.710000038146973,11.180000305175781,11.6899995803833,12514347
2025-02-06,11.229999542236328,11.390000343322754,11.170000076293945,11.25,14805940
2025-02-07,11.270000457763672,11.329999923706055,11.229999542236328,11.239999771118164,11533117
2025-02-10,11.220000267028809,11.359999656677246,11.210000038146973,11.279999732971191,10724761
2025-02-11,11.109999656677246,11.239999771118164,11.09000015258789,11.229999542236328,12613783
2025-02-12,10.859999656677246,11.170000076293945,10.859999656677246,11.130000114440918,15966981
2025-02-13,10.890000343322754,10.979999542236328,10.84000015258789,10.890000343322754,9006183
2025-02-14,10.890000343322754,10.970000267028809,10.84000015258789,10.920000076293945,12449461
2025-02-17,10.880000114440918,11.039999961853027,10.859999656677246,10.899999618530273,10675708
2025-02-18,10.819999694824219,10.90999984741211,10.779999732971191,10.890000343322754,14525870
2025-02-19,10.539999961853027,10.960000038146973,10.5,10.800000190734863,9488217
2025-02-20,10.630000114440918,10.6899995803833,10.520000457763672,10.539999961853027,8018692
2025-02-21,10.40999984741211,10.800000190734863,10.300000190734863,10.649999618530273,14242801
2025-02-24,10.460000038146973,10.630000114440918,10.369999885559082,10.449999809265137,8766483
2025-02-25,10.050000190734863,10.479999542236328,10.050000190734863,10.449999809265137,11471334
2025-02-26,10.149999618530273,10.260000228881836,10.050000190734863,10.050000190734863,11120424
2025-02-27,10.279999732971191,10.329999923706055,10.119999885559082,10.119999885559082,8579197
2025-02-28,10.260000228881836,10.8100004196167,10.220000267028809,10.369999885559082,35356559
2025-03-03,10.420000076293945,10.5600004196167,10.34000015258789,10.430000305175781,18478278
2025-03-04,10.5600004196167,10.890000343322754,10.449999809265137,10.470000267028809,28412556
2025-03-05,10.779999732971191,10.779999732971191,10.630000114440918,10.630000114440918,13342755
2025-03-06,11.180000305175781,11.199999809265137,10.8100004196167,10.850000381469727,24652061
2025-03-07,11.9399995803833,12.109999656677246,11.130000114440918,11.199999809265137,38987491
2025-03-10,11.770000457763672,12.130000114440918,11.670000076293945,11.960000038146973,21129360
2025-03-11,12.390000343322754,12.529999732971191,11.550000190734863,11.550000190734863,50991258
2025-03-12,12.069999694824219,12.390000343322754,12.0,12.390000343322754,36450850
2025-03-13,12.229999542236328,12.329999923706055,12.109999656677246,12.130000114440918,24830338
2025-03-14,12.149999618530273,12.3100004196167,12.100000381469727,12.279999732971191,18598674
2025-03-17,12.289999961853027,12.399999618530273,12.149999618530273,12.1899995803833,30822025
2025-03-18,12.119999885559082,12.270000457763672,11.949999809265137,12.270000457763672,19116787
2025-03-19,10.90999984741211,11.579999923706055,10.90999984741211,11.25,17380465
2025-03-20,11.100000381469727,11.319999694824219,10.75,10.899999618530273,19834850
2025-03-21,10.199999809265137,10.989999771118164,9.989999771118164,10.970000267028809,15348865
2025-03-24,10.25,10.5,9.710000038146973,10.220000267028809,19811107
2025-03-25,11.270000457763672,11.270000457763672,10.359999656677246,10.369999885559082,35565354
2025-03-26,11.149999618530273,11.479999542236328,10.949999809265137,11.069999694824219,27770770
2025-03-27,11.140000343322754,11.369999885559082,11.100000381469727,11.270000457763672,11818349
2025-03-28,11.25,11.270000457763672,10.899999618530273,11.140000343322754,10316745
2025-04-02,10.829999923706055,11.199999809265137,10.770000457763672,11.149999618530273,15242220
2025-04-03,10.949999809265137,11.319999694824219,10.789999961853027,10.789999961853027,24625751
2025-04-04,10.979999542236328,11.210000038146973,10.829999923706055,10.960000038146973,18185834
2025-04-07,10.880000114440918,10.979999542236328,10.3100004196167,10.59000015258789,16130874
2025-04-08,11.100000381469727,11.199999809265137,10.970000267028809,11.010000228881836,12715813
2025-04-09,10.670000076293945,11.149999618530273,10.65999984741211,11.029999732971191,16967254
2025-04-10,10.829999923706055,11.100000381469727,10.800000190734863,10.949999809265137,22474212
2025-04-11,10.670000076293945,10.90999984741211,10.619999885559082,10.84000015258789,16347649
2025-04-14,10.829999923706055,11.079999923706055,10.699999809265137,10.699999809265137,18248046
2025-04-15,10.710000038146973,11.069999694824219,10.670000076293945,10.84000015258789,14714923
2025-04-16,10.199999809265137,10.680000305175781,10.199999809265137,10.649999618530273,15211103
2025-04-17,10.350000381469727,10.430000305175781,10.119999885559082,10.25,19009219
2025-04-18,10.350000381469727,10.460000038146973,10.25,10.350000381469727,10624303
2025-04-21,10.420000076293945,10.75,10.350000381469727,10.359999656677246,19973698
2025-04-22,10.279999732971191,10.5,10.25,10.449999809265137,9548167
2025-04-24,10.390000343322754,10.399999618530273,10.220000267028809,10.289999961853027,14460633
2025-04-25,10.8100004196167,11.069999694824219,10.390000343322754,10.40999984741211,28950700
2025-04-28,10.65999984741211,11.350000381469727,10.600000381469727,10.829999923706055,27472763
2025-04-29,10.4399995803833,10.779999732971191,10.420000076293945,10.550000190734863,13906048
2025-04-30,10.180000305175781,10.489999771118164,10.15999984741211,10.369999885559082,10768061
2025-05-02,10.470000267028809,10.529999732971191,10.270000457763672,10.270000457763672,11405405
2025-05-05,10.539999961853027,10.720000267028809,10.449999809265137,10.5600004196167,11594289
2025-05-06,10.829999923706055,11.239999771118164,10.539999961853027,10.539999961853027,24186466
2025-05-07,10.770000457763672,11.0,10.600000381469727,10.75,13770410
2025-05-08,10.739999771118164,10.8100004196167,10.569999694824219,10.729999542236328,6661188
2025-05-09,10.720000267028809,10.890000343322754,10.649999618530273,10.760000228881836,12172782
2025-05-12,11.079999923706055,11.170000076293945,10.880000114440918,10.920000076293945,16859438
2025-05-13,10.710000038146973,10.800000190734863,10.569999694824219,10.75,20836141
2025-05-14,10.699999809265137,10.9399995803833,10.699999809265137,10.729999542236328,14405555
2025-05-15,10.649999618530273,10.890000343322754,10.609999656677246,10.720000267028809,13782956
2025-05-16,10.979999542236328,11.109999656677246,10.600000381469727,10.670000076293945,21419880
2025-05-20,10.760000228881836,11.069999694824219,10.6899995803833,10.979999542236328,11339104
2025-05-21,10.609999656677246,10.8100004196167,10.600000381469727,10.670000076293945,8325623
2025-05-22,10.680000305175781,10.8100004196167,10.619999885559082,10.649999618530273,9228333
2025-05-23,10.359999656677246,10.789999961853027,10.300000190734863,10.680000305175781,14549959
2025-05-26,10.3100004196167,10.5,10.279999732971191,10.470000267028809,6643171
2025-05-27,10.199999809265137,10.399999618530273,10.09000015258789,10.3100004196167,7130934
2025-05-28,10.079999923706055,10.260000228881836,10.079999923706055,10.180000305175781,6879972
2025-05-29,10.010000228881836,10.279999732971191,10.010000228881836,10.100000381469727,7760317
2025-05-30,9.9399995803833,10.050000190734863,9.930000305175781,10.010000228881836,4888678
2025-06-02,9.829999923706055,9.970000267028809,9.8100004196167,9.9399995803833,5863696
2025-06-03,10.079999923706055,10.109999656677246,9.899999618530273,9.899999618530273,8154882
2025-06-04,10.1899995803833,10.229999542236328,10.069999694824219,10.100000381469727,8768983
2025-06-05,10.109999656677246,10.1899995803833,10.09000015258789,10.130000114440918,3504916
2025-06-10,10.220000267028809,10.270000457763672,10.170000076293945,10.170000076293945,9129906
2025-06-11,10.199999809265137,10.350000381469727,10.170000076293945,10.210000038146973,12153349
2025-06-12,9.869999885559082,10.149999618530273,9.869999885559082,10.149999618530273,9781272
2025-06-13,9.40999984741211,9.569999694824219,9.229999542236328,9.479999542236328,13098002
2025-06-16,9.40999984741211,9.5,9.300000190734863,9.40999984741211,8325228
2025-06-17,9.289999961853027,9.460000038146973,9.289999961853027,9.420000076293945,6081882
2025-06-18,9.050000190734863,9.319999694824219,8.989999771118164,9.289999961853027,8573018
2025-06-19,8.869999885559082,9.149999618530273,8.869999885559082,9.069999694824219,6659210
2025-06-20,8.880000114440918,9.039999961853027,8.869999885559082,8.979999542236328,6434207
2025-06-23,8.649999618530273,8.8100004196167,8.630000114440918,8.8100004196167,5756405
2025-06-24,8.989999771118164,9.069999694824219,8.829999923706055,8.899999618530273,10017320
2025-06-25,8.979999542236328,9.130000114440918,8.930000305175781,9.020000457763672,8362406
2025-06-26,8.90999984741211,9.069999694824219,8.899999618530273,8.989999771118164,11799662
2025-06-27,8.880000114440918,8.960000038146973,8.8100004196167,8.90999984741211,6537605
2025-06-30,9.25,9.319999694824219,8.880000114440918,8.880000114440918,17012741
2025-07-01,9.399999618530273,9.430000305175781,9.220000267028809,9.289999961853027,10885695
2025-07-02,9.489999771118164,9.619999885559082,9.399999618530273,9.470000267028809,17335120
2025-07-03,9.569999694824219,9.65999984741211,9.489999771118164,9.569999694824219,13018671
2025-07-04,9.75,9.8100004196167,9.539999961853027,9.640000343322754,11460306
2025-07-07,9.5,9.6899995803833,9.479999542236328,9.6899995803833,6993628
2025-07-08,9.279999732971191,9.729999542236328,9.260000228881836,9.550000190734863,12987116
2025-07-09,9.359999656677246,9.420000076293945,9.279999732971191,9.289999961853027,11351078
2025-07-10,9.539999961853027,9.59000015258789,9.4399995803833,9.4399995803833,9205577
2025-07-11,9.449999809265137,9.670000076293945,9.350000381469727,9.600000381469727,10583120
2025-07-14,9.369999885559082,9.569999694824219,9.369999885559082,9.479999542236328,7511016
2025-07-16,9.34000015258789,9.609999656677246,9.1899995803833,9.369999885559082,14678155
2025-07-17,9.600000381469727,9.630000114440918,9.430000305175781,9.4399995803833,11671383
2025-07-18,9.6899995803833,9.789999961853027,9.5,9.600000381469727,18955008
2025-07-21,9.899999618530273,10.0,9.710000038146973,9.710000038146973,16800915
2025-07-22,9.890000343322754,10.100000381469727,9.84000015258789,9.90999984741211,16951414
2025-07-23,9.850000381469727,10.020000457763672,9.84000015258789,9.920000076293945,13525941
2025-07-24,10.09000015258789,10.15999984741211,9.890000343322754,9.890000343322754,21094272
2025-07-25,9.970000267028809,10.15999984741211,9.930000305175781,10.140000343322754,13775451
2025-07-28,9.960000038146973,10.170000076293945,9.960000038146973,10.0600004196167,9507539
2025-07-29,9.930000305175781,10.100000381469727,9.920000076293945,9.979999542236328,15712858
2025-07-30,10.050000190734863,10.270000457763672,9.970000267028809,9.970000267028809,26660095
2025-07-31,10.069999694824219,10.180000305175781,10.039999961853027,10.069999694824219,10750390
2025-08-01,10.069999694824219,10.140000343322754,10.010000228881836,10.069999694824219,10992106
2025-08-04,10.199999809265137,10.260000228881836,10.130000114440918,10.140000343322754,18335271
2025-08-05,10.75,11.220000267028809,10.170000076293945,10.289999961853027,86065071
2025-08-06,10.59000015258789,10.880000114440918,10.5600004196167,10.800000190734863,23846610
2025-08-07,10.489999771118164,10.850000381469727,10.489999771118164,10.670000076293945,26111309
2025-08-08,10.5,10.649999618530273,10.479999542236328,10.529999732971191,12919309
2025-08-11,10.739999771118164,10.869999885559082,10.5600004196167,10.59000015258789,22781653
2025-08-12,10.479999542236328,10.850000381469727,10.479999542236328,10.829999923706055,11437651
2025-08-13,10.279999732971191,10.5600004196167,10.279999732971191,10.510000228881836,11187762
2025-08-14,10.140000343322754,10.579999923706055,10.140000343322754,10.289999961853027,16785040
2025-08-15,10.25,10.3100004196167,10.119999885559082,10.149999618530273,10856719
2025-08-18,10.489999771118164,10.550000190734863,10.319999694824219,10.34000015258789,20700037
2025-08-19,10.359999656677246,10.529999732971191,10.359999656677246,10.479999542236328,14554965
2025-08-20,10.779999732971191,11.130000114440918,10.350000381469727,10.350000381469727,49251627
2025-08-21,10.880000114440918,11.0600004196167,10.739999771118164,10.829999923706055,28145167
2025-08-22,11.109999656677246,11.149999618530273,10.90999984741211,10.930000305175781,27570961
2025-08-25,11.920000076293945,12.199999809265137,11.069999694824219,11.319999694824219,86422551
2025-08-26,11.869999885559082,12.229999542236328,11.800000190734863,11.9399995803833,49167294
2025-08-27,11.40999984741211,11.9399995803833,11.369999885559082,11.899999618530273,24568543
2025-08-28,12.550000190734863,12.550000190734863,11.420000076293945,11.420000076293945,106443802
2025-08-29,12.15999984741211,12.619999885559082,12.050000190734863,12.600000381469727,46549972
2025-09-01,12.449999809265137,12.770000457763672,11.930000305175781,12.15999984741211,59640907
2025-09-02,11.779999732971191,12.619999885559082,11.369999885559082,12.430000305175781,52073717
2025-09-03,11.6899995803833,11.819999694824219,11.510000228881836,11.739999771118164,22689287
2025-09-04,12.319999694824219,12.640000343322754,11.720000267028809,11.720000267028809,59816830
2025-09-05,12.100000381469727,12.489999771118164,12.050000190734863,12.380000114440918,32750106
2025-09-08,11.569999694824219,12.029999732971191,11.5600004196167,12.029999732971191,20313696
2025-09-09,11.300000190734863,11.800000190734863,11.289999961853027,11.720000267028809,22875108
2025-09-10,11.09000015258789,11.470000267028809,11.029999732971191,11.420000076293945,15961597
2025-09-11,11.149999618530273,11.5600004196167,11.09000015258789,11.09000015258789,24529795
2025-09-12,10.640000343322754,11.199999809265137,10.569999694824219,11.119999885559082,18481980
2025-09-15,11.5,11.510000228881836,10.5600004196167,10.670000076293945,25926437
2025-09-16,11.640000343322754,11.699999809265137,11.380000114440918,11.510000228881836,17175055
2025-09-17,11.75,11.850000381469727,11.630000114440918,11.649999618530273,13798688
2025-09-18,11.619999885559082,12.079999923706055,11.600000381469727,11.850000381469727,19736323
2025-09-19,11.859999656677246,11.880000114440918,11.5600004196167,11.680000305175781,14234378
2025-09-22,11.869999885559082,12.119999885559082,11.850000381469727,12.050000190734863,16669172
2025-09-23,11.359999656677246,11.75,11.270000457763672,11.75,17221690
2025-09-24,11.300000190734863,11.430000305175781,11.0600004196167,11.380000114440918,13444851
2025-09-25,11.220000267028809,11.4399995803833,11.170000076293945,11.34000015258789,11050051
2025-09-26,10.949999809265137,11.34000015258789,10.930000305175781,11.210000038146973,11158991
2025-09-29,10.579999923706055,10.979999542236328,10.579999923706055,10.949999809265137,11192027
2025-09-30,10.510000228881836,10.640000343322754,10.460000038146973,10.600000381469727,11128850
2025-10-01,10.779999732971191,10.829999923706055,10.4399995803833,10.479999542236328,10628936
2025-10-02,11.079999923706055,11.420000076293945,10.84000015258789,10.850000381469727,27762881
2025-10-03,10.75,11.119999885559082,10.729999542236328,11.09000015258789,10404368
2025-10-06,10.619999885559082,10.979999542236328,10.569999694824219,10.850000381469727,8797209
2025-10-07,10.609999656677246,10.75,10.539999961853027,10.609999656677246,10561251
2025-10-08,10.489999771118164,10.869999885559082,10.489999771118164,10.569999694824219,14066554
2025-10-09,10.609999656677246,10.789999961853027,10.550000190734863,10.600000381469727,18424074
2025-10-10,10.569999694824219,10.680000305175781,10.479999542236328,10.619999885559082,10302942
2025-10-13,10.119999885559082,10.399999618530273,10.100000381469727,10.399999618530273,9263544
2025-10-14,9.8100004196167,10.3100004196167,9.720000267028809,10.229999542236328,13060095
2025-10-15,9.9399995803833,10.010000228881836,9.84000015258789,9.850000381469727,10702046
2025-10-16,9.699999809265137,10.069999694824219,9.699999809265137,9.90999984741211,8428803
2025-10-17,9.65999984741211,9.789999961853027,9.380000114440918,9.65999984741211,7867136
2025-10-20,9.890000343322754,9.930000305175781,9.5600004196167,9.800000190734863,8367750
2025-10-21,9.869999885559082,10.020000457763672,9.800000190734863,9.970000267028809,8062838
2025-10-22,9.699999809265137,9.979999542236328,9.6899995803833,9.899999618530273,10843832
2025-10-23,9.609999656677246,9.779999732971191,9.59000015258789,9.6899995803833,9059574
2025-10-24,10.15999984741211,10.210000038146973,9.65999984741211,9.65999984741211,18517810
2025-10-27,9.989999771118164,10.210000038146973,9.930000305175781,10.170000076293945,11470497
2025-10-28,9.960000038146973,10.0600004196167,9.9399995803833,10.020000457763672,3223565
2025-10-30,10.800000190734863,10.949999809265137,9.970000267028809,9.970000267028809,32419430
2025-10-31,10.819999694824219,10.930000305175781,10.579999923706055,10.930000305175781,20238688
2025-11-03,10.720000267028809,10.989999771118164,10.710000038146973,10.859999656677246,15080442
2025-11-04,10.430000305175781,10.65999984741211,10.34000015258789,10.65999984741211,11643851
2025-11-05,10.40999984741211,10.510000228881836,10.34000015258789,10.4399995803833,10481423
2025-11-06,10.34000015258789,10.520000457763672,10.34000015258789,10.460000038146973,9391950
2025-11-07,10.100000381469727,10.399999618530273,10.069999694824219,10.350000381469727,9979413
2025-11-10,9.899999618530273,10.199999809265137,9.890000343322754,10.170000076293945,7992104
2025-11-11,9.579999923706055,9.9399995803833,9.399999618530273,9.899999618530273,13142526
2025-11-12,9.449999809265137,9.670000076293945,9.449999809265137,9.649999618530273,7733907
2025-11-13,9.449999809265137,9.680000305175781,9.4399995803833,9.470000267028809,8872078
2025-11-14,9.380000114440918,9.970000267028809,9.260000228881836,9.430000305175781,33686249
2025-11-17,9.5,9.609999656677246,9.4399995803833,9.460000038146973,13311842
2025-11-18,9.390000343322754,9.630000114440918,9.359999656677246,9.5,10963300
2025-11-19,9.470000267028809,9.5600004196167,9.430000305175781,9.430000305175781,14819795
2025-11-20,9.600000381469727,9.6899995803833,9.5,9.5,13615550
2025-11-21,9.609999656677246,9.739999771118164,9.539999961853027,9.600000381469727,13256432
2025-11-24,9.619999885559082,9.779999732971191,9.5600004196167,9.619999885559082,11906692
2025-11-25,9.350000381469727,9.710000038146973,9.34000015258789,9.699999809265137,11874245
2025-11-26,9.359999656677246,9.430000305175781,9.329999923706055,9.380000114440918,6707948
2025-11-27,9.319999694824219,9.460000038146973,9.319999694824219,9.399999618530273,6365495
2025-11-28,9.220000267028809,9.380000114440918,9.210000038146973,9.329999923706055,5162644
2025-12-01,9.399999618530273,9.420000076293945,9.220000267028809,9.220000267028809,10786636
2025-12-02,9.4399995803833,9.520000457763672,9.399999618530273,9.399999618530273,8265448
2025-12-03,9.4399995803833,9.539999961853027,9.420000076293945,9.5,6475279
2025-12-04,9.380000114440918,9.510000228881836,9.34000015258789,9.470000267028809,6022032
2025-12-05,9.399999618530273,9.460000038146973,9.359999656677246,9.380000114440918,5572667
2025-12-08,9.539999961853027,9.640000343322754,9.470000267028809,9.470000267028809,10085168
2025-12-09,9.510000228881836,9.579999923706055,9.460000038146973,9.569999694824219,4792585
2025-12-10,9.399999618530273,9.600000381469727,9.390000343322754,9.59000015258789,5954991
2025-12-11,9.579999923706055,9.640000343322754,9.40999984741211,9.40999984741211,10458820
2025-12-12,9.649999618530273,9.75,9.59000015258789,9.600000381469727,8093989
2025-12-15,9.630000114440918,9.729999542236328,9.59000015258789,9.680000305175781,7823616
2025-12-16,9.489999771118164,9.670000076293945,9.460000038146973,9.670000076293945,5344262
2025-12-17,9.460000038146973,9.529999732971191,9.420000076293945,9.489999771118164,5175523
2025-12-18,9.449999809265137,9.539999961853027,9.4399995803833,9.479999542236328,4236373
2025-12-19,9.5,9.5,9.380000114440918,9.470000267028809,5895371
2025-12-22,9.420000076293945,9.600000381469727,9.359999656677246,9.520000457763672,7549889
2025-12-23,9.380000114440918,9.489999771118164,9.369999885559082,9.420000076293945,5144900
2025-12-24,9.329999923706055,9.420000076293945,9.289999961853027,9.399999618530273,6171565
2025-12-25,9.300000190734863,9.399999618530273,9.300000190734863,9.350000381469727,3796821
2025-12-26,9.229999542236328,9.319999694824219,9.1899995803833,9.300000190734863,4812597
2025-12-29,9.029999732971191,9.270000457763672,9.029999732971191,9.239999771118164,4792290
2025-12-30,9.0600004196167,9.09000015258789,9.0,9.039999961853027,4060686
2025-12-31,9.199999809265137,9.25,9.079999923706055,9.09000015258789,5902267
2026-01-02,9.420000076293945,9.420000076293945,9.220000267028809,9.220000267028809,6649692
2026-01-05,9.399999618530273,9.460000038146973,9.300000190734863,9.420000076293945,10885795
2026-01-06,9.5,9.539999961853027,9.430000305175781,9.430000305175781,9057860
2026-01-07,9.300000190734863,9.5600004196167,9.270000457763672,9.539999961853027,8400232
2026-01-08,9.210000038146973,9.329999923706055,9.010000228881836,9.279999732971191,9663263
2026-01-09,9.210000038146973,9.34000015258789,9.149999618530273,9.220000267028809,6485339
2026-01-12,9.260000228881836,9.350000381469727,9.15999984741211,9.239999771118164,9308342
2026-01-13,9.319999694824219,9.430000305175781,9.229999542236328,9.25,10085430
2026-01-14,9.579999923706055,9.979999542236328,9.270000457763672,9.350000381469727,46077627
2026-01-15,9.779999732971191,9.779999732971191,9.510000228881836,9.59000015258789,17401094
2026-01-16,9.75,9.859999656677246,9.699999809265137,9.8100004196167,11081060
2026-01-19,9.739999771118164,9.899999618530273,9.739999771118164,9.800000190734863,10106708
2026-01-20,9.850000381469727,10.109999656677246,9.699999809265137,9.770000457763672,26937175
2026-01-21,9.729999542236328,9.979999542236328,9.699999809265137,9.979999542236328,11027364
2026-01-22,9.899999618530273,9.90999984741211,9.75,9.779999732971191,10996435
2026-01-23,9.899999618530273,10.020000457763672,9.869999885559082,9.960000038146973,12598828
2026-01-26,10.15999984741211,10.15999984741211,9.8100004196167,9.850000381469727,21564397
2026-01-27,9.949999809265137,10.220000267028809,9.949999809265137,10.1899995803833,14248103
2026-01-28,10.029999732971191,10.109999656677246,9.960000038146973,9.960000038146973,14980583
2026-01-29,10.069999694824219,10.149999618530273,10.039999961853027,10.069999694824219,19618734
2026-01-30,9.930000305175781,10.109999656677246,9.869999885559082,10.069999694824219,15035725
2026-02-02,9.9399995803833,9.979999542236328,9.640000343322754,9.859999656677246,16986094
2026-02-03,10.029999732971191,10.170000076293945,9.960000038146973,10.020000457763672,15360706
2026-02-04,10.029999732971191,10.270000457763672,10.020000457763672,10.069999694824219,16801727
2026-02-05,10.029999732971191,10.289999961853027,9.960000038146973,10.029999732971191,23576838
2026-02-06,10.020000457763672,10.069999694824219,9.880000114440918,10.029999732971191,11513395
2026-02-09,10.399999618530273,10.479999542236328,10.0600004196167,10.0600004196167,26020434
2026-02-10,10.220000267028809,10.479999542236328,10.1899995803833,10.460000038146973,11847437
2026-02-11,10.279999732971191,10.359999656677246,10.119999885559082,10.149999618530273,12100158
2026-02-12,10.550000190734863,10.569999694824219,10.319999694824219,10.319999694824219,17807195
2026-02-13,10.65999984741211,10.65999984741211,10.470000267028809,10.59000015258789,14421442
2026-02-16,10.90999984741211,11.0600004196167,10.720000267028809,10.75,20663129
2026-02-17,11.449999809265137,11.619999885559082,10.850000381469727,10.899999618530273,44427655
2026-02-18,11.4399995803833,11.890000343322754,11.399999618530273,11.460000038146973,47984086
2026-02-19,10.729999542236328,11.579999923706055,10.619999885559082,11.479999542236328,23721974
2026-02-20,10.819999694824219,11.0,10.630000114440918,10.729999542236328,13242355
2026-02-23,11.109999656677246,11.260000228881836,10.890000343322754,10.920000076293945,21701295
2026-02-24,10.84000015258789,11.8100004196167,10.84000015258789,11.649999618530273,56801327
2026-02-25,11.020000457763672,11.350000381469727,10.550000190734863,10.920000076293945,47061157
2026-02-26,10.979999542236328,11.279999732971191,10.949999809265137,11.050000190734863,21022722
2026-02-27,10.649999618530273,11.109999656677246,10.510000228881836,11.039999961853027,15584438
2026-03-02,10.09000015258789,10.229999542236328,9.9399995803833,10.010000228881836,19357226
2026-03-03,9.84000015258789,10.180000305175781,9.800000190734863,10.050000190734863,10367585
2026-03-04,9.930000305175781,9.930000305175781,9.65999984741211,9.880000114440918,12790561
2026-03-05,10.329999923706055,10.369999885559082,10.050000190734863,10.0600004196167,16900936
2026-03-06,9.960000038146973,10.319999694824219,9.920000076293945,10.319999694824219,10981033
2026-03-09,10.0600004196167,10.210000038146973,9.649999618530273,9.760000228881836,18075944
2026-03-10,10.510000228881836,10.600000381469727,10.199999809265137,10.239999771118164,16055267
2026-03-11,10.630000114440918,10.649999618530273,10.390000343322754,10.40999984741211,13977993
2026-03-12,10.4399995803833,10.630000114440918,10.359999656677246,10.630000114440918,14183091
2026-03-13,10.1899995803833,10.430000305175781,10.140000343322754,10.399999618530273,7568260
2026-03-16,9.850000381469727,10.270000457763672,9.850000381469727,10.229999542236328,12302950
2026-03-17,10.029999732971191,10.079999923706055,9.859999656677246,9.859999656677246,9569992
2026-03-18,9.989999771118164,10.119999885559082,9.850000381469727,10.069999694824219,9273891
2026-03-19,9.84000015258789,9.930000305175781,9.789999961853027,9.930000305175781,4524283
2026-03-23,9.869999885559082,9.869999885559082,9.449999809265137,9.789999961853027,13257435
2026-03-24,9.619999885559082,9.859999656677246,9.619999885559082,9.859999656677246,8309817
2026-03-25,9.579999923706055,9.8100004196167,9.579999923706055,9.6899995803833,8070824
2026-03-26,9.359999656677246,9.640000343322754,9.34000015258789,9.550000190734863,6950775
2026-03-27,9.3100004196167,9.430000305175781,9.199999809265137,9.40999984741211,6223562
2026-03-30,9.229999542236328,9.34000015258789,9.210000038146973,9.3100004196167,6152884
2026-03-31,9.4399995803833,9.600000381469727,9.239999771118164,9.3100004196167,14528487
2026-04-01,9.569999694824219,9.649999618530273,9.5,9.569999694824219,10202328
2026-04-02,9.460000038146973,9.510000228881836,9.390000343322754,9.510000228881836,9507783
2026-04-03,9.5,9.75,9.449999809265137,9.489999771118164,17462612
2026-04-06,9.59000015258789,9.65999984741211,9.520000457763672,9.539999961853027,7449041
2026-04-07,9.390000343322754,9.640000343322754,9.3100004196167,9.619999885559082,5639355
2026-04-08,9.850000381469727,9.989999771118164,9.609999656677246,9.649999618530273,26812551
2026-04-09,9.829999923706055,10.180000305175781,9.779999732971191,9.84000015258789,31290258
2026-04-10,10.0,10.050000190734863,9.890000343322754,9.890000343322754,13090361
2026-04-13,10.359999656677246,10.359999656677246,9.779999732971191,9.90999984741211,15504688
2026-04-14,10.579999923706055,10.829999923706055,10.319999694824219,10.399999618530273,30219572
2026-04-15,10.649999618530273,10.819999694824219,10.539999961853027,10.649999618530273,14381687
2026-04-16,10.4399995803833,10.779999732971191,10.229999542236328,10.760000228881836,11913404
2026-04-17,10.899999618530273,10.899999618530273,10.420000076293945,10.4399995803833,13300126
2026-04-20,11.470000267028809,11.649999618530273,10.699999809265137,10.789999961853027,32539009
2026-04-21,11.579999923706055,11.920000076293945,11.470000267028809,11.510000228881836,33493096
2026-04-22,11.3100004196167,11.65999984741211,11.109999656677246,11.600000381469727,19799467
2026-04-24,11.300000190734863,11.359999656677246,10.970000267028809,11.3100004196167,16206453
2026-04-27,11.600000381469727,11.65999984741211,11.140000343322754,11.300000190734863,21673032
2026-04-28,12.119999885559082,12.380000114440918,11.460000038146973,11.600000381469727,41182560
2026-04-29,11.579999923706055,12.34000015258789,11.579999923706055,12.170000076293945,26595396
2026-04-30,11.529999732971191,11.720000267028809,11.479999542236328,11.550000190734863,8836467
2026-05-04,11.390000343322754,11.680000305175781,11.270000457763672,11.5600004196167,13127293
2026-05-05,11.34000015258789,11.649999618530273,11.289999961853027,11.350000381469727,14895743
2026-05-06,11.720000267028809,11.829999923706055,11.449999809265137,11.489999771118164,18505575
2026-05-07,12.170000076293945,12.239999771118164,11.760000228881836,11.819999694824219,15995964
2026-05-08,12.149999618530273,12.300000190734863,12.010000228881836,12.1899995803833,15911223
2026-05-11,12.640000343322754,12.75,12.1899995803833,12.220000267028809,27587517
2026-05-12,13.899999618530273,13.899999618530273,13.0,13.15999984741211,28117305
2026-05-13,14.649999618530273,15.149999618530273,13.8100004196167,14.300000190734863,127129164
2026-05-14,14.199999809265137,15.25,14.15999984741211,14.75,55264013
2026-05-15,13.680000305175781,14.319999694824219,13.609999656677246,14.050000190734863,23960391
2026-05-18,13.300000190734863,15.0,13.270000457763672,13.600000381469727,21030027
2026-05-20,12.859999656677246,13.489999771118164,12.729999542236328,13.329999923706055,29597235
2026-05-21,11.579999923706055,12.90999984741211,11.579999923706055,12.850000381469727,23859809
2026-05-22,12.729999542236328,12.729999542236328,11.430000305175781,11.449999809265137,73296600
2026-05-25,12.770000457763672,13.479999542236328,12.65999984741211,12.8100004196167,27045432
2026-05-26,12.789999961853027,12.789999961853027,12.479999542236328,12.649999618530273,9108020
2026-05-27,12.789999961853027,12.789999961853027,12.789999961853027,12.789999961853027,0
2026-05-28,12.789999961853027,12.789999961853027,12.789999961853027,12.789999961853027,0
2026-05-29,12.789999961853027,12.789999961853027,12.789999961853027,12.789999961853027,0
2026-06-01,13.149999618530273,13.380000114440918,12.800000190734863,12.899999618530273,33206813
2026-06-02,13.630000114440918,13.800000190734863,13.199999809265137,13.199999809265137,29816081
2026-06-03,13.329999923706055,13.9399995803833,13.329999923706055,13.569999694824219,29791501
2026-06-04,13.75,13.829999923706055,13.380000114440918,13.40999984741211,30372097
2026-06-05,12.890000343322754,13.859999656677246,12.859999656677246,13.710000038146973,23487221
2026-06-08,12.899999618530273,13.229999542236328,12.649999618530273,12.670000076293945,24094606
2026-06-09,12.489999771118164,12.970000267028809,12.350000381469727,12.899999618530273,12519682
2026-06-10,12.069999694824219,12.520000457763672,12.029999732971191,12.40999984741211,13078640
2026-06-11,12.069999694824219,12.470000267028809,11.859999656677246,12.079999923706055,17375714
2026-06-12,12.0600004196167,12.489999771118164,11.890000343322754,12.210000038146973,17141301
2026-06-15,12.569999694824219,12.670000076293945,12.329999923706055,12.420000076293945,17158070
2026-06-16,12.529999732971191,12.65999984741211,12.170000076293945,12.520000457763672,21996238
2026-06-17,12.760000228881836,12.920000076293945,12.270000457763672,12.710000038146973,25293393
2026-06-18,14.029999732971191,14.029999732971191,12.65999984741211,12.739999771118164,72061967
2026-06-19,13.539999961853027,13.949999809265137,13.489999771118164,13.75,30253020
2026-06-22,13.140000343322754,13.640000343322754,13.109999656677246,13.579999923706055,12964144
2026-06-23,13.100000381469727,13.270000457763672,12.949999809265137,13.069999694824219,12959262
2026-06-24,13.149999618530273,13.670000076293945,13.029999732971191,13.100000381469727,27948794
2026-06-25,13.25,13.75,12.960000038146973,13.199999809265137,21788478
2026-06-26,13.079999923706055,13.420000076293945,12.989999771118164,13.3100004196167,8764557
2026-06-29,12.630000114440918,13.140000343322754,12.630000114440918,13.130000114440918,8971243
2026-06-30,12.729999542236328,12.789999961853027,12.510000228881836,12.649999618530273,9550787
2026-07-01,12.789999961853027,12.880000114440918,12.5,12.729999542236328,11635538
2026-07-02,12.970000267028809,13.100000381469727,12.680000305175781,12.789999961853027,11739048
2026-07-03,12.699999809265137,13.229999542236328,12.699999809265137,13.010000228881836,11884780
2026-07-06,12.720000267028809,12.949999809265137,12.510000228881836,12.75,10409339
2026-07-07,12.529999732971191,12.869999885559082,12.479999542236328,12.699999809265137,11842678
2026-07-08,11.920000076293945,12.470000267028809,11.829999923706055,12.420000076293945,13645152
2026-07-09,11.529999732971191,12.0600004196167,11.479999542236328,12.039999961853027,10605933
2026-07-10,11.710000038146973,11.789999961853027,11.479999542236328,11.479999542236328,8567928
2026-07-13,10.970000267028809,11.710000038146973,10.960000038146973,11.710000038146973,10987299
2026-07-14,10.819999694824219,11.149999618530273,10.819999694824219,10.960000038146973,11235530
2026-07-16,11.119999885559082,11.229999542236328,10.850000381469727,10.850000381469727,13715212
2026-07-17,10.84000015258789,11.119999885559082,10.8100004196167,11.119999885559082,5716651
2026-07-20,10.880000114440918,10.970000267028809,10.770000457763672,10.880000114440918,7916554
2026-07-21,10.779999732971191,10.960000038146973,10.640000343322754,10.949999809265137,8580501
2026-07-22,11.0,11.100000381469727,10.670000076293945,10.789999961853027,9564907
2026-07-23,10.930000305175781,11.920000076293945,10.930000305175781,10.970000267028809,20758020
2026-07-24,10.890000343322754,11.109999656677246,10.770000457763672,10.9399995803833,9093074
2026-07-27,10.329999923706055,11.069999694824219,10.329999923706055,11.050000190734863,12491342
2026-07-28,10.210000038146973,10.390000343322754,10.15999984741211,10.329999923706055,5291467
2026-07-29,10.020000457763672,10.25,9.979999542236328,10.220000267028809,6719892
2026-07-30,9.949999809265137,10.140000343322754,9.949999809265137,9.989999771118164,5516407
2026-07-31,10.050000190734863,10.109999656677246,9.850000381469727,9.979999542236328,8388232
2026-08-03,9.859999656677246,10.140000343322754,9.859999656677246,10.0600004196167,6359194
2026-08-04,9.949999809265137,10.010000228881836,9.850000381469727,9.899999618530273,6201671
2026-08-05,10.09000015258789,10.229999542236328,9.920000076293945,9.9399995803833,11792417
2026-08-06,9.970000267028809,10.149999618530273,9.9399995803833,10.130000114440918,5416360
2026-08-07,9.930000305175781,10.010000228881836,9.84000015258789,9.979999542236328,6402731
2026-08-10,9.890000343322754,10.130000114440918,9.869999885559082,9.979999542236328,7028657
2026-08-11,9.739999771118164,9.9399995803833,9.699999809265137,9.9399995803833,6167628
2026-08-12,9.779999732971191,9.859999656677246,9.670000076293945,9.739999771118164,9918935
2026-08-13,,,,,21878062
