Date,Close,High,Low,Open,Volume
2018-01-01,14.262188911437988,14.262188911437988,14.262188911437988,14.262188911437988,0
2018-01-02,14.84873104095459,14.871884478186528,14.215885143503623,14.339367198029558,3486280
2018-01-03,14.416543960571289,14.972213210195452,14.416543960571289,14.925907807398993,3270605
2018-01-04,14.169578552246094,14.57089445977421,14.022943072790815,14.416542640577882,3558166
2018-01-05,14.331647872924805,14.455129914417308,14.107837224727913,14.169578245474163,3505321
2018-01-08,14.23132038116455,14.501437920099864,14.200449132361813,14.470566671297124,3840287
2018-01-09,14.17729663848877,14.347084084498524,14.08468436756029,14.231319849854506,3564098
2018-01-10,14.146427154541016,14.26990921649268,13.992073841090289,14.092403936439949,2630349
2018-01-11,14.385672569274902,14.385672569274902,14.123272835970772,14.161861897940321,4371469
2018-01-12,14.254473686218262,14.43198043948221,14.046098625293084,14.377955748997,5195234
2018-01-15,14.084685325622559,14.408826087887638,14.046097735457133,14.161861977975617,2333777
2018-01-16,14.061531066894531,14.169578962685993,13.891743619253837,13.891743619253837,4496243
2018-01-17,14.501437187194824,14.555460397847112,13.984355572059645,14.084684181553595,5328109
2018-01-18,14.347085952758789,14.671226735184531,14.347085952758789,14.586332265113743,3486531
2018-01-19,14.277626037597656,14.316213627268775,14.04609755552657,14.316213627268775,2252357
2018-01-22,14.609484672546387,14.663507887133326,14.215885073670144,14.277626100629817,2519771
2018-01-23,14.570894241333008,14.678942132374914,14.354801403293314,14.678942132374914,2856525
2018-01-24,14.354801177978516,14.524588615490707,14.200447891496863,14.524588615490707,4757775
2018-01-25,14.053815841674805,14.347086863060245,14.04609950028996,14.347086863060245,3272496
2018-01-26,14.308494567871094,14.33164652846526,14.038377075437845,14.092400279520112,2741957
2018-01-29,14.308494567871094,14.439692936629795,14.123270050986305,14.308494567871094,3414724
2018-01-30,14.308494567871094,14.478281990989922,14.16185910534643,14.277623324382992,4335684
2018-01-31,14.123273849487305,14.29306279029334,14.092404069718585,14.223603945785834,3072832
2018-02-01,14.200448989868164,14.32393103979572,14.053813503570888,14.100120376310333,3016575
2018-02-02,14.022942543029785,14.254470999088596,13.976637146222426,14.185012167866548,2171980
2018-02-05,13.752826690673828,14.03066204911886,13.644780261066183,14.02294423671514,2633170
2018-02-06,13.444120407104492,13.675648871364956,13.36694376167698,13.675648871364956,2901754
2018-02-07,13.69880199432373,13.783696449560958,13.436402289065061,13.459555723772135,4658022
2018-02-08,13.567604064941406,13.706521748831747,13.390098789758081,13.706521748831747,3074867
2018-02-09,13.336073875427246,13.621625547497365,13.31292044038559,13.4364024832303,2974841
2018-02-12,13.745107650756836,13.830002107593991,13.382379332308936,13.428684730573714,2464430
2018-02-13,13.53673267364502,13.791414573095638,13.482707991439792,13.714237927681676,2434085
2018-02-14,13.258899688720703,13.675651292577962,13.22802843627525,13.575322666174912,3928220
2018-02-15,13.529016494750977,13.583039711454319,13.297486530565182,13.428686401997123,2092034
2018-02-16,13.660213470458984,13.76825988096174,13.521295815800048,13.529013626839093,1518864
2018-02-19,13.575321197509766,13.876308516178515,13.53673360814994,13.698803249887826,1575571
2018-02-20,13.405533790588379,13.752826512113376,13.366944729070813,13.57532124519912,1397225
2018-02-21,13.559885025024414,13.621626048718591,13.374661953941882,13.40553320180003,4646521
2018-02-22,13.629343032836914,13.675648429789428,13.374661141565046,13.559884201397129,3119999
2018-02-23,13.691085815429688,13.81456787121535,13.59847500960155,13.69880362791907,2383188
2018-02-26,13.752826690673828,13.814567717881367,13.68336785106257,13.698803475870005,2135986
2018-02-27,13.675649642944336,13.791415353628137,13.621626429703712,13.78369754144774,2312776
2018-02-28,13.907180786132812,14.053814814081486,13.606191973347975,13.66793300406907,3467265
2018-03-01,13.444120407104492,13.822284350475021,13.428684783614575,13.814566538730062,3420310
2018-03-02,13.382380485534668,13.505862539563184,13.282050396622624,13.359227048395997,1869756
2018-03-05,13.336073875427246,13.4364024832303,13.243461607282683,13.428684671549748,1531726
2018-03-06,13.544450759887695,13.590757636320467,13.39781673391738,13.436404325589091,1840557
2018-03-07,13.521297454833984,13.536733078783161,13.336074383510217,13.436402995135628,1537964
2018-03-08,13.459556579589844,13.536733228165279,13.34379234273776,13.50586197992625,1465443
2018-03-09,13.228025436401367,13.467273172529612,13.204873474340054,13.428684115724089,2186015
2018-03-12,13.30520248413086,13.390096939672409,13.243461463379381,13.289766860937478,2161107
2018-03-13,13.174002647399902,13.374661333097034,13.166284835793622,13.312920312268844,2698414
2018-03-14,13.011934280395508,13.18172173611738,12.903886379461415,13.18172173611738,4405493
2018-03-15,12.749534606933594,13.081393179567845,12.734098982154745,13.050521930010149,3223727
2018-03-16,12.996499061584473,13.089109868680683,12.78040472498958,12.803558162774753,4116887
2018-03-19,12.818992614746094,13.119979918295204,12.803556990968676,13.042803271430223,3111033
2018-03-20,12.757251739501953,12.89616793904229,12.664639467786275,12.88073378710811,2774443
2018-03-21,12.934757232666016,12.965627009114316,12.749534157909771,12.764969782144995,3374001
2018-03-22,12.865299224853516,13.02736887370301,12.788122570725175,12.996499095265019,1874821
2018-03-23,12.664639472961426,12.75725174471495,12.595180637151815,12.726380496789734,4558742
2018-03-26,12.487135887145996,12.74953564159206,12.471700261114506,12.73410001556057,3758606
2018-03-27,12.27875804901123,12.587463176775826,12.255605348431658,12.572029024404216,6706587
2018-03-28,12.301911354064941,12.386805084368826,12.170712220326621,12.217017623761059,6025935
2018-03-29,12.548873901367188,12.649202502399183,12.247885890238253,12.278756398866017,5485078
2018-03-30,12.649205207824707,12.664640833445468,12.564312210955078,12.656923020635087,870764
2018-04-02,12.543167114257812,12.71661074586641,12.49586457904101,12.708728243097344,925217
2018-04-03,12.330304145812988,12.574702330992125,12.298768871858897,12.566818324538543,5355333
2018-04-04,12.298768997192383,12.369722800416978,12.188395161298159,12.33818752614152,4799219
2018-04-05,12.629890441894531,12.645658455822426,12.298769668011584,12.322420937043141,3586391
2018-04-06,12.401256561279297,12.606236194984778,12.393373307567666,12.598352189412994,4227999
2018-04-09,12.338187217712402,12.456445057184352,12.27511667073812,12.456445057184352,2996792
2018-04-10,12.290884971618652,12.440677336229973,12.078021306693877,12.432794081568504,3334277
2018-04-11,12.085905075073242,12.346071270281454,11.904577439808222,12.243581443099398,6250843
2018-04-12,11.75478458404541,12.022834791497754,11.683830028912702,12.01495078495851,10354715
2018-04-13,11.739017486572266,11.833623310782098,11.731133479923049,11.825739304132881,3966690
2018-04-16,11.581340789794922,11.857275017851133,11.581340789794922,11.731133914234677,8153856
2018-04-17,11.675946235656738,11.786319314673992,11.431547307235284,11.731132775165365,9398644
2018-04-18,11.951881408691406,11.983416686081345,11.431548955827264,11.636528634792024,17913871
2018-04-19,11.936114311218262,11.975532844606313,11.80208919248996,11.936114311218262,5362037
2018-04-20,11.668062210083008,11.920344392400409,11.589223652178713,11.873041859146001,4796407
2018-04-23,11.668062210083008,11.668062210083008,11.668062210083008,11.668062210083008,0
2018-04-24,11.439432144165039,11.699598351971224,11.376361593900524,11.699598351971224,3818724
2018-04-25,10.90333080291748,11.470966459671724,10.856028270106412,11.44731519326619,8056645
2018-04-26,11.005820274353027,11.131961360293548,10.911214459897636,10.966400997031569,6225853
2018-04-27,11.155611991882324,11.305405086817924,10.643163671410326,10.643163671410326,10037109
2018-04-30,10.761421203613281,11.250219032481112,10.658932136637302,11.242335026756754,6232223
2018-05-01,10.761421203613281,10.761421203613281,10.761421203613281,10.761421203613281,0
2018-05-02,10.85602855682373,10.997936910865064,10.61951363094121,10.761421984982544,7805589
2018-05-03,10.564326286315918,10.824492477937982,10.524907758747899,10.816609223540508,6946193
2018-05-04,10.871796607971191,10.926983152340602,10.493373300534763,10.524908576154466,8806742
2018-05-07,10.777190208435059,10.887564043169125,10.643165106208064,10.887564043169125,8256246
2018-05-08,10.2883939743042,10.832377684751044,10.248974690507112,10.832377684751044,19104642
2018-05-09,10.45395278930664,10.658932432671913,10.099180792319169,10.233205134054721,10295120
2018-05-10,10.816609382629395,10.83237664351646,10.35934753900103,10.564326441694268,5694675
2018-05-11,10.619513511657715,10.863911689231616,10.572210226268455,10.81660915570257,5392683
2018-05-14,10.911213874816895,11.02158694316634,10.67469897543072,10.72200225605201,5482595
2018-05-15,10.635281562805176,10.848145235090096,10.493373199808833,10.8166099597731,5421915
2018-05-16,10.319928169250488,10.59586162318657,10.3120441629454,10.572210356131528,9400298
2018-05-17,10.50125503540039,10.5327903064551,10.264740878420154,10.288392143746144,11822239
2018-05-18,10.895445823669434,10.90332982905383,10.485487317862635,10.485487317862635,10870751
2018-05-21,10.706235885620117,10.982170102492283,10.62739732312514,10.895447533375759,6869280
2018-05-22,10.65893268585205,10.800841036901655,10.532790843343216,10.72988648544675,7220408
2018-05-23,10.619513511657715,10.81660915570257,10.56432622006021,10.68258405760325,7068888
2018-05-24,10.84814453125,10.934866344780058,10.658932891624298,10.706235425600614,9692663
2018-05-25,11.108309745788574,11.250218838945099,10.832375565064254,10.942749387726012,9962482
2018-05-28,11.794203758239746,11.943996121829759,11.218684067702856,11.234452080638773,22810809
2018-05-29,11.5498046875,11.86515817583782,11.423663592908964,11.86515817583782,10335237
2018-05-30,11.502500534057617,11.723247418523266,11.42366198510411,11.549803061941622,12825456
2018-05-31,11.116194725036621,11.628643103426585,11.108310718757336,11.604991836448953,11416396
2018-06-01,10.990052223205566,11.076774783373313,10.808724600782416,11.029471500385435,12915474
2018-06-04,11.0846586227417,11.226566965854182,10.997936063876118,10.997936063876118,8590385
2018-06-05,11.076774597167969,11.195031674859447,11.013704055484492,11.179264415368658,5126125
2018-06-06,10.879679679870605,11.131961863147767,10.722003315322379,11.11619460262305,7313358
2018-06-07,11.258101463317871,11.313288747493722,10.800839690775753,10.800839690775753,6839094
2018-06-08,11.061006546020508,11.218682899661895,10.966400733835677,11.187147628933618,5869730
2018-06-11,11.604991912841797,11.660178453439627,10.93486641189575,11.187148599611803,10064632
2018-06-12,11.163497924804688,11.431548139405633,11.05312483775272,11.415780125906629,6039858
2018-06-13,10.926982879638672,11.31329093616438,10.926982879638672,11.108311273821803,5221321
2018-06-14,10.997937202453613,11.265987408769943,10.848144838144028,10.934866654127447,4625818
2018-06-15,10.997937202453613,10.997937202453613,10.997937202453613,10.997937202453613,0
2018-06-18,10.942750930786133,11.053124769011937,10.87179637420242,10.974286205727754,4669284
2018-06-19,11.179265022277832,11.226567555178358,10.792956993669122,10.871795550983604,6537963
2018-06-20,11.13984489440918,11.29752124515797,11.029471072954953,11.16349615905646,5853993
2018-06-21,11.3132905960083,11.423663678673986,11.068891659508132,11.124078200840975,6829987
2018-06-22,11.376359939575195,11.794202462280918,11.242334851787673,11.360591928371884,8862779
2018-06-25,10.832375526428223,11.707480595292001,10.777188991224255,11.589222767463305,8971670
2018-06-26,10.682583808898926,10.926981980782923,10.643164530635643,10.871795442330445,5302544
2018-06-27,11.005820274353027,11.037355545838157,10.643164276343937,10.651048282180264,6311146
2018-06-28,10.982169151306152,11.187148042691033,10.92698186159544,10.990052405384663,5176419
2018-06-29,11.234452247619629,11.329058071060564,11.037356594152618,11.037356594152618,6762163
2018-07-02,11.29752254486084,11.494618193936375,10.9506345333064,11.100426895785304,5072262
2018-07-03,11.100425720214844,11.38424315415676,11.029471173764327,11.376359900442377,3852028
2018-07-04,11.0846586227417,11.195031694955835,11.053123351843352,11.092541876571163,2674921
2018-07-05,11.155611991882324,11.281753822513405,11.029470913111378,11.147728738354242,5275618
2018-07-06,11.116194725036621,11.250219824343576,11.053124178522786,11.155613252712602,3304863
2018-07-09,11.14772891998291,11.32905653570546,11.045239103846628,11.179264190189446,5555129
2018-07-10,10.792957305908203,11.029472232833792,10.753538777970794,11.029472232833792,8022404
2018-07-11,10.075528144836426,10.785072846329783,10.020341610402328,10.785072846329783,10970002
2018-07-12,9.909968376159668,10.193786574297823,9.736524757142115,10.170134556546186,21896874
2018-07-13,9.95727252960205,10.146484176982266,9.917853248432776,9.95727252960205,6507870
2018-07-16,10.099181175231934,10.14648370896498,9.894201524094811,10.028226622772143,3871389
2018-07-17,9.917853355407715,10.122833018210672,9.815363524006237,10.114949011519728,11795041
2018-07-18,9.909968376159668,9.980922925694207,9.744408011199141,9.96515566571997,8098523
2018-07-19,10.280508995056152,10.312044268739813,9.949388245447606,9.949388245447606,7141674
2018-07-20,10.31204605102539,10.359349345656675,10.178020926740505,10.288394779639928,4083367
2018-07-23,10.367229461669922,10.485487286501751,10.343578197447611,10.367229461669922,2981842
2018-07-24,10.18590259552002,10.469720042554194,10.091296779841961,10.375114226876136,6273526
2018-07-25,10.461836814880371,10.572209890853244,10.138599337339299,10.162251355213648,5715187
2018-07-26,10.603745460510254,10.706235285262453,10.414533823364753,10.517023648116952,4612456
2018-07-27,10.572209358215332,10.65893191566507,10.446068276681332,10.60374462859883,4502138
2018-07-30,10.619513511657715,10.674700051395005,10.49337241976664,10.595861493032977,3532588
2018-07-31,10.911213874816895,10.919097880230465,10.603744430428854,10.603744430428854,4387679
2018-08-01,11.029471397399902,11.04523940886869,10.714118686625849,11.013704137791285,5174519
2018-08-02,10.627396583557129,10.879679514868357,10.59586131112575,10.879679514868357,3659424
2018-08-03,10.580094337463379,10.67470015732046,10.50913978460551,10.5722103311769,4020343
2018-08-06,10.485489845275879,10.627398217099786,10.406651276149017,10.532792385263743,4382014
2018-08-07,10.706235885620117,10.737771160246057,10.43030166874795,10.493372969860085,4075030
2018-08-08,10.532791137695312,10.722003530816242,10.49337260966117,10.682584250921872,5821658
2018-08-09,10.540674209594727,10.76142110482923,10.343578579456022,10.375113850203807,5394783
2018-08-10,10.769306182861328,10.840260737074361,10.170135227129306,10.461837450418496,17158989
2018-08-13,11.131961822509766,11.21080038042618,10.461837087661086,10.595861433142655,15223863
2018-08-14,11.29752254486084,11.415779633562067,11.068891622007628,11.281755283902118,9082131
2018-08-15,11.628643989562988,11.833623657283107,11.289639212322811,11.478851618143072,16204994
2018-08-16,11.29752254486084,11.746900384157785,11.273871277492642,11.707481855830865,10444442
2018-08-17,11.707481384277344,11.731132650692917,11.195032266205219,11.265986817312145,7409402
2018-08-20,11.7863187789917,11.936111882078823,11.691712964765177,11.754783507582859,4885106
2018-08-21,11.7863187789917,11.7863187789917,11.7863187789917,11.7863187789917,0
2018-08-22,11.7863187789917,11.7863187789917,11.7863187789917,11.7863187789917,0
2018-08-23,11.7863187789917,11.7863187789917,11.7863187789917,11.7863187789917,0
2018-08-24,11.7863187789917,11.7863187789917,11.7863187789917,11.7863187789917,0
2018-08-27,11.668062210083008,12.070137502046524,11.526153106599363,11.746900016127091,6598115
2018-08-28,11.920344352722168,12.014950170776286,11.526153068233231,11.526153068233231,6809524
2018-08-29,11.920344352722168,12.125324001102863,11.81785452853182,11.841506546940504,4593561
2018-08-30,11.920344352722168,11.920344352722168,11.920344352722168,11.920344352722168,0
2018-08-31,11.849390983581543,11.93611355601306,11.612876038916026,11.84150772851891,4131868
2018-09-03,11.90457820892334,12.07802184902761,11.699598541316172,11.699598541316172,3573636
2018-09-04,11.802088737487793,12.038603687999471,11.723250170030468,11.841508021216457,3353829
2018-09-05,11.920344352722168,11.999182910364038,11.754783983162406,11.754783983162406,2790258
2018-09-06,11.825739860534668,12.164744643798622,11.79420458431432,11.825739860534668,2984754
2018-09-07,12.196279525756836,12.259350076158684,11.786320196284548,11.786320196284548,4227551
2018-09-10,12.093789100646973,12.219930195268233,11.928228725991511,12.188394921612918,2994170
2018-09-11,12.251463890075684,12.385488973804,12.007064986847539,12.007064986847539,4134700
2018-09-12,12.227814674377441,12.44856159849878,12.188395392819281,12.377607042066142,2851698
2018-09-13,12.606237411499023,12.614121417831623,12.117440296781275,12.259349403327153,5315493
2018-09-14,12.850635528564453,12.937358094068234,12.472212248817772,12.653539882398002,5667047
2018-09-17,12.8585205078125,13.024081645054325,12.653540839842911,12.76391543257765,4558363
2018-09-18,12.96100902557373,13.008311555643472,12.81121592601251,12.858518456082251,3028445
2018-09-19,12.905823707580566,13.071383330305933,12.700844052977402,13.000428776646357,4342761
2018-09-20,13.11868667602539,13.197525240935462,12.85852046442654,13.008313587383622,3858056
2018-09-21,13.50499153137207,13.528643547655346,13.189638832863144,13.229058860001935,7067675
2018-09-24,13.441923141479492,13.678438830978099,13.213292962390078,13.678438830978099,5081008
2018-09-25,13.670554161071777,13.670554161071777,13.300014887003766,13.481342520884679,4582093
2018-09-26,13.276363372802734,13.717857216689904,13.197524810464184,13.717857216689904,3435243
2018-09-27,13.418272972106934,13.552298081838975,13.205409297170064,13.221177310955142,3985659
2018-09-28,13.520761489868164,13.536529502995034,13.213292752496695,13.386736385730769,4187607
2018-10-01,13.30001449584961,13.646901740797093,13.18963991452959,13.426155585597858,2772329
2018-10-02,13.221177101135254,13.3078981681358,12.961010892692546,13.229061107902673,3552537
2018-10-03,13.016196250915527,13.06349878349151,12.819100610841799,13.047730771392718,5640578
2018-10-04,12.787566184997559,13.102920451508849,12.756031660578781,12.984661849706821,8060958
2018-10-05,12.669307708740234,12.842752837198082,12.519515350674238,12.669307708740234,6401080
2018-10-08,12.69295883178711,12.80333190304046,12.338186097443742,12.338186097443742,5028639
2018-10-09,13.031964302062988,13.071382828707689,12.645657026807406,12.645657026807406,5144419
2018-10-10,12.834870338439941,13.300016231482633,12.692961218024124,13.031966004857333,6797659
2018-10-11,12.897939682006836,13.12656985167591,12.622005474154816,12.85063564382389,4544688
2018-10-12,13.110801696777344,13.315781348852644,12.700843896347184,12.984660603764919,8370710
2018-10-15,13.10291862487793,13.221175706473575,12.850634946094745,13.165989168643632,6017841
2018-10-16,12.96100902557373,13.134452638309662,12.921588997415347,13.126568632677985,4033296
2018-10-17,13.016196250915527,13.031964263014322,12.779680580594814,12.976776220668544,4777021
2018-10-18,12.929473876953125,13.134453526070384,12.803332785761029,13.031964453371964,2787732
2018-10-19,12.519515991210938,12.968894592120932,12.472212703587688,12.968894592120932,6021276
2018-10-22,12.487979888916016,12.614120978402408,12.369722053627372,12.551050433659212,5866318
2018-10-23,12.306652069091797,12.456445183570727,12.046485872218112,12.369722616706008,2808058
2018-10-24,12.535283088684082,12.535283088684082,12.141091787129737,12.401257986006785,2834870
2018-10-25,12.251463890075684,12.637771882395018,12.054368267164646,12.41702424339536,4688970
2018-10-26,12.267233848571777,12.511632038744915,12.212046554129252,12.219930560743935,5472973
2018-10-29,12.267233848571777,12.267233848571777,12.267233848571777,12.267233848571777,0
2018-10-30,12.117441177368164,12.33818810770126,12.007067336271476,12.283001563083056,4581755
2018-10-31,12.1095552444458,12.448559968862643,11.959762896366358,12.093787985002777,6869826
2018-11-01,12.078022003173828,12.369723494555984,11.999184188991247,12.219931121306878,4244831
2018-11-02,11.912461280822754,12.141092213682347,11.904578025928487,12.109556938524483,3893174
2018-11-05,12.44856071472168,12.44856071472168,11.75478396487714,11.99129888557463,4200978
2018-11-06,12.338187217712402,12.472212317997808,12.133208315976098,12.409141771023528,3895772
2018-11-07,12.243582725524902,12.298770024009693,12.141092887607787,12.275118002433222,3436274
2018-11-08,12.188395500183105,12.330304614298413,12.014951110915534,12.298769339146153,6231287
2018-11-09,12.125325202941895,12.156860478752316,11.84150772064809,12.156860478752316,3805660
2018-11-12,11.74690055847168,12.070138059314719,11.644411481068557,12.046486039735312,2790172
2018-11-13,11.849390983581543,11.888810266335843,11.502502949436325,11.683830597501709,2355189
2018-11-14,11.983415603637695,12.030718891379928,11.63652758368224,11.809971217729842,2418498
2018-11-15,11.770552635192871,11.983415549419203,11.691714073265935,11.97553154285446,2312185
2018-11-16,11.857275009155273,11.999184126549856,11.731133905631326,11.91246155398193,2570828
2018-11-19,11.817854881286621,11.904577447653327,11.778435601289047,11.857274161284193,2145357
2018-11-20,11.34482479095459,11.786318583349976,11.250218978298436,11.786318583349976,3377333
2018-11-21,11.29752254486084,11.470966926568176,11.15561343693118,11.431547646381022,2906850
2018-11-22,11.171380996704102,11.36059263169684,11.092542439527026,11.321173353108302,2529904
2018-11-23,11.13984489440918,11.179264170061414,11.06100634310471,11.147728899911655,1701431
2018-11-26,11.431546211242676,11.604990571175472,11.155612036434142,11.226566581491202,4693686
2018-11-27,11.13984489440918,11.423662325757004,11.045239083959904,11.423662325757004,3706437
2018-11-28,11.589223861694336,11.66017841471891,11.13984602835234,11.13984602835234,5168631
2018-11-29,12.038602828979492,12.125324645506236,11.707482072262476,11.79420388878922,5485888
2018-11-30,11.943995475769043,12.078020571033848,11.86515767093458,12.062253310811036,3538461
2018-12-03,12.070137977600098,12.456445272458863,12.054369964653908,12.212046334814604,3537885
2018-12-04,11.99129867553711,12.3224194083417,11.809970297163074,11.951879397467954,4581822
2018-12-05,12.007065773010254,12.12532360561589,11.880924686385724,12.030717790647492,3382600
2018-12-06,11.888808250427246,11.928227526497473,11.707480633108416,11.83362171504502,3336221
2018-12-07,11.936114311218262,12.078022685507976,11.880927011126394,12.022836137276439,1213592
2018-12-10,11.620759963989258,11.84150764511441,11.565573419638108,11.746901066426329,1925866
2018-12-11,11.478849411010742,11.746898826650522,11.40789486645369,11.581338473304113,2912257
2018-12-12,11.005820274353027,11.431546815332377,10.89544644822498,11.384243532174592,6109270
2018-12-13,11.171380996704102,11.321173353108302,11.013704634210153,11.068891173117985,3074610
2018-12-14,11.273870468139648,11.510385380422893,11.124077364554182,11.226567184938927,4907375
2018-12-17,11.336942672729492,11.447316515134306,11.250220851321611,11.447316515134306,1785505
2018-12-18,11.28963851928711,11.392128346855639,11.147730163458574,11.273871258355154,1851194
2018-12-19,11.281754493713379,11.313289765282283,11.092542112439768,11.289637747710469,2899946
2018-12-20,11.24233627319336,11.250220279791815,11.116195175059056,11.250220279791815,2393277
2018-12-21,11.24233627319336,11.321174083597173,11.03735661279499,11.171381717527751,2096111
2018-12-24,11.281754493713379,11.400011574131726,11.234451210429931,11.242335216287202,1083770
2018-12-25,11.265987396240234,11.28175540923436,11.147730306225256,11.155613560862076,398360
2018-12-26,11.29752254486084,11.344825831457472,11.202916723527812,11.273871277492642,536848
2018-12-27,11.05312442779541,11.336941893508383,11.02947240842415,11.336941893508383,2733087
2018-12-28,11.108309745788574,11.226566822178908,10.997935923126814,11.108309745788574,2061816
2018-12-31,11.202916145324707,11.218683405469651,11.045239784574294,11.139845601024541,1348794
2019-01-01,11.202916145324707,11.202916145324707,11.202916145324707,11.202916145324707,0
2019-01-02,11.195032119750977,11.250219409812289,11.005820487181259,11.139845581549856,4244189
2019-01-03,10.93486499786377,11.258101697040964,10.903329728477217,11.06889008072165,4153777
2019-01-04,10.737770080566406,10.919098455328237,10.682583543485064,10.76142134619267,3562041
2019-01-07,10.80084228515625,10.840261568504689,10.737771732542864,10.78507502293305,3670544
2019-01-08,11.14772891998291,11.14772891998291,10.753537666471127,10.840259471574065,3312745
2019-01-09,11.376359939575195,11.486733010557751,11.100425758398494,11.15561229388977,2439737
2019-01-10,11.620759963989258,11.786320348902983,11.336942483505846,11.463083585942918,3933047
2019-01-11,11.762667655944824,11.857273471317818,11.620758556955243,11.636526568780836,2656790
2019-01-14,11.817854881286621,11.817854881286621,11.589223959532973,11.80997087491506,1931020
2019-01-15,11.90457820892334,12.022835304618095,11.778436354492582,11.90457820892334,2171892
2019-01-16,12.093789100646973,12.117440367923402,11.707481810404303,11.857274172301993,3299591
2019-01-17,12.298768997192383,12.385490813484829,12.085905331937859,12.22781444210754,2436002
2019-01-18,12.763914108276367,12.826984653129328,12.164743180313035,12.267233003664147,3790781
2019-01-21,12.480096817016602,12.803333570985405,12.377606986172303,12.787565557689241,4343316
2019-01-22,12.740262031555176,12.740262031555176,12.393374036456878,12.409141296667611,2511943
2019-01-23,12.96100902557373,13.229059202169463,12.724493367784385,12.763913395942769,5426589
2019-01-24,13.386734962463379,13.386734962463379,12.929473156443368,12.976775687074312,4589986
2019-01-25,13.370967864990234,13.568063510432097,13.252710778469202,13.481342448967576,6625794
2019-01-28,13.331549644470215,13.465574746606647,13.292131115962048,13.3552016638074,3020915
2019-01-29,13.694206237792969,13.702088740411979,13.268478917784686,13.276362924124149,3170117
2019-01-30,13.552295684814453,13.820345856867908,13.544411679316376,13.65478474884887,3896367
2019-01-31,13.662668228149414,13.993788927714569,13.568061669536412,13.725738765984671,3372194
2019-02-01,13.386734962463379,13.788810232127235,13.386734962463379,13.639017130788856,2299058
2019-02-04,13.331549644470215,13.607483855188807,13.28424710951632,13.394620192315566,2981999
2019-02-05,13.599599838256836,13.686322405372502,13.394620181987376,13.394620181987376,1441127
2019-02-06,13.828229904174805,13.867648428064077,13.426154644878972,13.639016779089461,2818971
2019-02-07,13.50499153137207,13.970137325567842,13.347315933977747,13.970137325567842,2626058
2019-02-08,13.465574264526367,13.552296828604154,13.355201185678581,13.418271731265948,1599218
2019-02-11,13.64690113067627,13.907067304615667,13.5680625771782,13.678437153563632,2088876
2019-02-12,13.725741386413574,13.796695942989448,13.607484293360628,13.607484293360628,1284365
2019-02-13,13.481341361999512,13.907067139894066,13.457689345114135,13.85976460984363,3220656
2019-02-14,13.591714859008789,13.709971939698491,13.441921754817638,13.615366876634875,2863959
2019-02-15,13.875533103942871,13.875533103942871,13.489225837027531,13.489225837027531,4064836
2019-02-18,13.662668228149414,14.080511481133135,13.528643147284466,14.072627475938699,4574320
2019-02-19,13.64690113067627,13.73362368989618,13.323664414682483,13.64690113067627,2162733
2019-02-20,13.993789672851562,14.05686021404518,13.662668955654995,13.71785549123437,4447194
2019-02-21,13.883416175842285,13.993789243615526,13.70997106508974,13.954370720473731,3214081
2019-02-22,14.230303764343262,14.380096862920015,13.796693983493032,13.891300546731063,5170462
2019-02-25,14.545659065246582,14.74275470838694,14.490471022042128,14.506239034386258,4259409
2019-02-26,14.711216926574707,14.750635449006417,14.435282758392002,14.466818779313565,3024026
2019-02-27,14.734870910644531,14.766405432058434,14.411634171619687,14.719102898077358,2950441
2019-02-28,14.829476356506348,14.837360362990843,14.616614196306909,14.671800737977891,3737081
2019-03-01,14.4983549118042,14.955616740069571,14.317027282463885,14.703334559470802,4358268
2019-03-04,14.592961311340332,14.83735948298242,14.356445641994743,14.50623874887491,6198895
2019-03-05,14.663914680480957,14.837358287719193,14.49046956952245,14.632378658953856,2453350
2019-03-06,14.553542137145996,14.805825833362109,14.53777562790538,14.711219259316007,2200033
2019-03-07,14.458938598632812,14.600847722875898,14.356448007248078,14.435286576685419,4108103
2019-03-08,14.285493850708008,14.387982930493672,14.151468744083356,14.387982930493672,2371753
2019-03-11,14.112049102783203,14.285494247777551,13.946489468438308,14.253958220062009,2415756
2019-03-12,14.206655502319336,14.238190025915008,13.98590782226743,14.096280910433109,2490303
2019-03-13,14.35644817352295,14.387984203151388,14.135701981006504,14.261843092078946,1923471
2019-03-14,14.238188743591309,14.324911307179937,14.159350186121683,14.269724768067324,1732401
2019-03-15,14.387982368469238,14.577194010950596,14.222422745193223,14.577194010950596,1829555
2019-03-18,14.411633491516113,14.529890572748325,14.261840386637779,14.506238555013734,2349261
2019-03-19,14.711216926574707,14.734868942265878,14.088395550576267,14.261839154484134,3680120
2019-03-20,14.372212409973145,14.69544911008447,14.356444399304236,14.419516441979871,1270667
2019-03-21,14.222421646118164,14.466819810805015,14.175117611363019,14.458935805012493,2962971
2019-03-22,14.033210754394531,14.317028993344547,13.867651117487416,14.293376972191849,4019054
2019-03-25,14.017441749572754,14.285491926720738,13.907067174222199,14.096278798611309,3142370
2019-03-26,13.497111320495605,14.048978260623155,13.481343306963822,13.962255689918889,5753320
2019-03-27,12.480096817016602,13.623252217739793,12.45644554893261,13.544413654979486,8021607
2019-03-28,12.69295883178711,13.244825691774182,12.432792661175412,12.606236273676437,7367528
2019-03-29,12.700843811035156,12.787564872073412,12.219929957330327,12.629889258727216,4281928
2019-04-01,13.014485359191895,13.515663423200879,12.497139092067682,12.731561462768141,5681351
2019-04-02,13.450994491577148,13.572248684626008,12.877064556206623,12.941732739654162,4096220
2019-04-03,13.3944091796875,13.547996683875674,13.321657285167364,13.370159576054798,2243574
2019-04-04,13.653083801269531,13.685418666370655,13.329742859314452,13.353994008140294,2446818
2019-04-05,13.903674125671387,14.558439713862333,13.782419925574633,14.558439713862333,3510480
2019-04-08,13.661168098449707,13.936008296251181,13.580332474070808,13.919840863013142,1418511
2019-04-09,13.806671142578125,13.919840085298953,13.685418483689922,13.685418483689922,1577382
2019-04-10,13.742000579833984,13.919837679344603,13.50757747693227,13.839003615264922,853832
2019-04-11,13.661168098449707,13.814755630588483,13.515664282929949,13.539915432787007,2433402
2019-04-12,13.434828758239746,13.547997695135637,13.240822663830894,13.459078363682506,2501175
2019-04-15,13.176154136657715,13.515662480319147,13.119569669682658,13.37016022601661,2357105
2019-04-16,13.224656105041504,13.467161398066386,13.12765306274492,13.176153812987687,5466447
2019-04-17,13.782418251037598,13.903672436402204,13.337824710737422,13.370159571317588,4618659
2019-04-18,13.709667205810547,13.944090334105418,13.620749417328964,13.758169499685346,3024332
2019-04-19,13.717752456665039,13.742003606316482,13.564166467639742,13.685419132274397,1034617
2019-04-22,13.742000579833984,13.822836185724608,13.53182862124274,13.580329368052737,1617684
2019-04-23,13.742000579833984,13.742000579833984,13.742000579833984,13.742000579833984,0
2019-04-24,13.475247383117676,13.76625501721237,13.450996233006014,13.677335675280922,6951043
2019-04-25,13.208490371704102,13.645000263604478,12.990234654848289,13.394411223035535,6087540
2019-04-26,13.135736465454102,13.305489858169144,13.087235716365662,13.29740768483025,4506386
2019-04-29,13.014485359191895,13.329742578223714,12.998317926982264,13.232741068588322,5153109
2019-04-30,13.030652046203613,13.176154302335707,13.014484614918567,13.054901651320074,8928427
2019-05-01,13.030652046203613,13.030652046203613,13.030652046203613,13.030652046203613,0
2019-05-02,13.273158073425293,13.410578163234037,13.00640160989199,13.127654267532366,4105267
2019-05-03,13.265074729919434,13.37824367465422,13.176155392307109,13.36207778384299,3235960
2019-05-06,13.014485359191895,13.135738017141733,12.747728894977772,13.135738017141733,2751433
2019-05-07,12.618391036987305,12.925565293462343,12.545639908871726,12.731560743343021,6434525
2019-05-08,12.367802619934082,12.634559082032778,12.295050717378876,12.56989089551828,5979947
2019-05-09,12.367802619934082,12.489055276922365,12.189964721566422,12.367802619934082,5150342
2019-05-10,12.424386978149414,12.529472973012382,12.198048327393721,12.375886224154558,5161400
2019-05-13,12.206130027770996,12.432468641151539,11.939373612131849,12.367800465899954,4147869
2019-05-14,12.472887992858887,12.561806552149388,12.052544030600766,12.214214488813292,4525342
2019-05-15,12.416302680969238,12.513304955323816,12.189964040808555,12.489054579461559,2898305
2019-05-16,12.577974319458008,12.674976596977046,12.400136425220314,12.400136425220314,6300404
2019-05-17,12.286966323852539,12.610308009502019,12.254632232378148,12.448636781224504,3540803
2019-05-20,12.238465309143066,12.327383866060792,12.173797127583715,12.295049775281116,2264738
2019-05-21,11.979792594909668,12.303134294743153,11.931291841023274,12.27888314689437,2833899
2019-05-22,11.785786628723145,12.125294948966651,11.761536254678749,11.947457073861601,3106423
2019-05-23,11.947458267211914,12.109128728498534,11.745369997877248,11.745369997877248,3651641
2019-05-24,12.206130027770996,12.286964861382746,12.036375875009224,12.036375875009224,3422572
2019-05-27,12.149545669555664,12.319299834519358,12.1172115796057,12.286965744569393,1945107
2019-05-28,12.448637008666992,12.739644608158924,12.230382079953607,12.230382079953607,6070967
2019-05-29,12.472887992858887,12.569890267786404,12.343551626288866,12.343551626288866,4312328
2019-05-30,12.957901954650879,13.119571664618343,12.569892029649715,12.569892029649715,7621590
2019-05-31,12.990232467651367,13.13573625438975,12.747727184294721,12.933648004322215,3692128
2019-06-03,12.893230438232422,13.103401636295803,12.82047854351969,13.079152032598904,1226832
2019-06-04,12.893230438232422,12.893230438232422,12.893230438232422,12.893230438232422,0
2019-06-05,12.893230438232422,12.893230438232422,12.893230438232422,12.893230438232422,0
2019-06-06,12.893230438232422,12.893230438232422,12.893230438232422,12.893230438232422,0
2019-06-07,13.499495506286621,13.612664431142964,12.796227728852722,12.893229994831936,5911060
2019-06-10,13.402493476867676,13.69350106758585,13.135737032646379,13.547997272226763,4805708
2019-06-11,13.329742431640625,13.53991442262104,13.273157961340356,13.41057804998866,4371678
2019-06-12,13.362076759338379,13.61266577852835,13.297408575618029,13.297408575618029,3964386
2019-06-13,13.119569778442383,13.46716184052619,13.038734164174574,13.394409941866272,3418312
2019-06-14,13.386326789855957,13.450994975630675,12.957900637277637,13.13573776270532,4202128
2019-06-17,13.523747444152832,13.604583065211957,13.111487164381412,13.111487164381412,7518169
2019-06-18,14.105762481689453,14.146179520738508,13.467162780398164,13.491413928914323,11035983
2019-06-19,14.073427200317383,14.227014719416573,13.8794226433658,14.13809538596791,6519716
2019-06-20,14.251263618469238,14.477603027924093,14.073426502204692,14.421018561013152,6331853
2019-06-21,13.944090843200684,14.202763586065926,13.879422657484374,14.162346548172419,4332202
2019-06-24,14.227015495300293,14.477604535635802,14.041094644142051,14.3401844409077,3795622
2019-06-25,14.38868236541748,14.542269862664261,14.162344518749535,14.178511948314657,4011119
2019-06-26,14.081511497497559,14.421019871629627,14.049176632432015,14.388685006564083,2875324
2019-06-27,14.065342903137207,14.291682314466206,14.057259187538554,14.113843654918028,2925779
2019-06-28,14.178515434265137,14.27551695188292,13.968343423678172,14.041095332797173,2819858
2019-07-01,14.477603912353516,14.550355814772272,14.235098598831785,14.259348205097249,2639417
2019-07-02,14.445270538330078,14.582690626649903,14.332100056188875,14.43718682233348,2198803
2019-07-03,14.574605941772461,14.606939261798246,14.41293471621031,14.550354795394815,1752896
2019-07-04,14.38868236541748,14.623105468678933,14.299764586431193,14.574604721794508,1343238
2019-07-05,14.275514602661133,14.429102112394345,14.130010808367677,14.2997657489804,2462781
2019-07-08,14.348265647888184,14.388682680876153,14.049174361619881,14.146177399326378,2197661
2019-07-09,14.081511497497559,14.299767211256293,14.008759592911314,14.259348629924364,2461148
2019-07-10,14.477603912353516,14.501855060430163,14.008759175549969,14.041094039652164,3649747
2019-07-11,14.647358894348145,14.728192971141754,14.437186902700157,14.526104695535363,3148910
2019-07-12,14.51801872253418,14.80094257276225,14.469517975635666,14.728190681509004,3576187
2019-07-15,14.51801872253418,14.51801872253418,14.51801872253418,14.51801872253418,0
2019-07-16,14.73627758026123,14.865613961142733,14.437187777651987,14.55035672547048,3831509
2019-07-17,14.857529640197754,14.954532692818375,14.712027373983645,14.712027373983645,1936459
2019-07-18,15.148538589477539,15.237457933721336,14.72819456081222,14.833281338884225,3458506
2019-07-19,15.277873039245605,15.415293125737806,15.172787816309762,15.302124186912874,6781166
2019-07-22,15.116201400756836,15.310205931684322,15.011114649539264,15.277871072290928,3031698
2019-07-23,15.479961395263672,15.520379974929028,15.019200379756759,15.100035997276308,2393860
2019-07-24,15.544629096984863,15.601213564943622,15.342540830382944,15.520379491751747,1851940
2019-07-25,15.415292739868164,15.649715869350286,15.188954867883902,15.601213575229844,2329014
2019-07-26,15.455713272094727,15.625466697541851,15.269790871419044,15.439545838677482,2931042
2019-07-29,15.382960319519043,15.48804554597659,15.24554022842151,15.4637943974966,1537008
2019-07-30,15.091952323913574,15.520380018707845,14.978783384153687,15.520380018707845,3053880
2019-07-31,15.213204383850098,15.213204383850098,14.760527100727117,15.075784301604234,2411145
2019-08-01,15.10003662109375,15.172788525685776,14.83328015152673,15.05961803975861,2075758
2019-08-02,14.687775611877441,15.067701006665622,14.639274858498581,15.035367685016766,2585780
2019-08-05,14.574605941772461,14.809027522845396,14.550354795394815,14.631190408175891,1846787
2019-08-06,14.849447250366211,15.043451810981564,14.550355922452214,14.550355922452214,2491743
2019-08-07,14.429101943969727,15.10811861487261,14.29168186672007,14.76861027942117,3681791
2019-08-08,14.78477954864502,14.78477954864502,14.388685156520232,14.5503563999104,2822671
2019-08-09,14.582690238952637,14.88986372960095,14.47760347560188,14.88986372960095,1851945
2019-08-12,14.582690238952637,14.582690238952637,14.582690238952637,14.582690238952637,0
2019-08-13,14.582690238952637,14.582690238952637,14.582690238952637,14.582690238952637,0
2019-08-14,14.582690238952637,14.582690238952637,14.582690238952637,14.582690238952637,0
2019-08-15,14.348265647888184,14.752442145011795,14.235096722073086,14.679690252184667,4727345
2019-08-16,14.59077262878418,14.784778726792517,14.42101922029083,14.534188159286396,5883556
2019-08-19,14.073427200317383,14.865612859989138,14.065343484384671,14.582690511400056,3060231
2019-08-20,14.178515434265137,14.25934951834285,13.863256647479028,14.0249278992571,3066558
2019-08-21,14.154261589050293,14.315931268235897,14.065342263321043,14.146177873819358,3007957
2019-08-22,14.105762481689453,14.218931424475775,13.806671150568336,14.194680275959616,3733993
2019-08-23,14.404852867126465,14.429104016646228,13.952175535436478,14.105763065439094,2934081
2019-08-26,14.380600929260254,14.39676681784272,14.146177813987737,14.307849034300578,1614321
2019-08-27,14.154261589050293,14.380600990083375,14.08150969378291,14.364433559621505,3344793
2019-08-28,14.073427200317383,14.154262817833333,13.766253703930166,14.081510916250094,2954721
2019-08-29,14.057259559631348,14.356350877454014,14.033009954004605,14.130011460133858,4154509
2019-08-30,14.057259559631348,14.057259559631348,14.057259559631348,14.057259559631348,0
2019-09-02,14.372518539428711,14.574606812549867,14.000675315143976,14.11384425471225,3500035
2019-09-03,14.51801872253418,14.67968993461049,14.25934601666084,14.364432767053726,3906623
2019-09-04,14.66352367401123,14.768610432781593,14.526103595334575,14.695858535728593,2557055
2019-09-05,14.825196266174316,14.825196266174316,14.639275419586829,14.72010949771272,2744098
2019-09-06,14.542272567749023,14.865613510143115,14.469520662983948,14.865613510143115,3094282
2019-09-09,14.606941223144531,14.80094579478242,14.57460789877719,14.69586056332446,1729195
2019-09-10,14.71202564239502,14.768610107342449,14.51801955998807,14.606938885940336,1914714
2019-09-11,15.035367012023926,15.100035194238199,14.736275705650982,14.77669428316683,2366346
2019-09-12,14.930282592773438,15.067702694247208,14.833281075151556,15.0434530857474,2323160
2019-09-13,14.938364028930664,14.97878260661192,14.817111379509072,14.954531460003167,1259679
2019-09-16,15.116201400756836,15.197035465618404,14.800942688915082,14.87369458073926,2400683
2019-09-17,14.825196266174316,15.213205391698956,14.800945117649823,15.132369771761855,2241188
2019-09-18,14.728191375732422,14.85752773476545,14.550354267514765,14.80902698558082,2664588
2019-09-19,14.639276504516602,14.833281081656773,14.437188210602507,14.817113648108927,2806381
2019-09-20,14.606941223144531,14.817113227871731,14.526105599509256,14.639276089323152,2478739
2019-09-23,14.493770599365234,14.679691432962212,14.396767553856188,14.6716077173522,1674571
2019-09-24,14.994948387145996,14.994948387145996,14.69585862352882,14.768610521016475,6383347
2019-09-25,15.043451309204102,15.108119493918865,14.873696360695885,14.986866840305078,5544452
2019-09-26,15.132370948791504,15.172789532809508,14.849448569722126,15.067702756174027,3995819
2019-09-27,15.471878051757812,15.47996176788547,15.067701496242208,15.116203793008145,3331826
2019-09-30,15.366792678833008,15.835637417077082,15.334457814631465,15.609297993099837,2031352
2019-10-01,15.14045524597168,15.374878416828219,14.994951421551951,15.358710982601274,6193376
2019-10-02,15.22128677368164,15.342539414087534,15.035365955605204,15.075782988470179,3918927
2019-10-03,15.197035789489746,15.463792217926384,15.124283896115118,15.24553807961349,3041526
2019-10-04,15.180869102478027,15.358706198141423,15.156617958692193,15.213202419048232,2165251
2019-10-07,15.447629928588867,15.706302702268855,15.116205244584965,15.18087343800496,4961375
2019-10-08,15.552715301513672,15.60121606155243,15.285958808583464,15.35871071954728,8586752
2019-10-09,14.954534530639648,15.601216488213018,14.881782617686218,15.560799444043958,6002866
2019-10-10,14.703941345214844,15.067699266256819,14.46143452270922,14.970697770703348,5292834
2019-10-11,14.720109939575195,14.865613751467414,14.631192142605371,14.77669595449759,3240680
2019-10-14,14.23509693145752,14.623106004368788,13.733917389255549,14.623106004368788,7072583
2019-10-15,14.275514602661133,14.485686578661563,14.259347171781624,14.372517646127127,3144946
2019-10-16,14.275514602661133,14.348266499807862,13.644998674659846,14.138094523807432,5425463
2019-10-17,14.485687255859375,14.542271724771885,14.016842531112824,14.29168270166885,4618380
2019-10-18,14.800945281982422,15.003033563163328,14.655441472842373,14.69586005416529,4533200
2019-10-21,14.404852867126465,14.833280591107963,14.299767636163374,14.833280591107963,2745562
2019-10-22,14.728191375732422,14.728191375732422,14.38868304781797,14.44526905397956,1927971
2019-10-23,14.97878360748291,14.98686732355931,14.712027144206509,14.817112369577313,2366028
2019-10-24,15.067703247070312,15.132371441794637,14.889866097031263,15.03536992061384,2462445
2019-10-25,15.205119132995605,15.269787309769537,15.043449461966253,15.051533176789363,1484610
2019-10-28,15.091952323913574,15.342541351300971,15.091952323913574,15.156620509749391,2007806
2019-10-30,15.18895435333252,15.326372889918472,14.906030481125596,15.091951310188893,4531100
2019-10-31,15.180869102478027,15.277870593999548,15.11620092752671,15.164701673287471,3311705
2019-11-01,15.003032684326172,15.261705422395584,14.80094441498305,15.261705422395584,2255738
2019-11-04,15.447629928588867,15.520381838912783,15.003034749741458,15.197039330001449,2287398
2019-11-05,15.439544677734375,15.463794284225532,15.285957155441864,15.439544677734375,1485482
2019-11-06,15.633548736572266,15.72246806901362,15.285956664459123,15.504212366736372,3280212
2019-11-07,16.005388259887695,16.005388259887695,15.65779777637539,15.746715555036241,2254926
2019-11-08,16.134727478027344,16.264065395235917,15.989225212063722,16.0538933997624,3616629
2019-11-11,16.19939613342285,16.344898389738827,15.973056720579486,16.167061270811896,3243021
2019-11-12,16.24789810180664,16.538904178033714,16.12664544156109,16.1670624810392,4188591
2019-11-13,16.264068603515625,16.34490269772605,15.989228366127945,16.094313613688403,4679195
2019-11-14,16.377233505249023,16.47423501095758,16.21556227331991,16.328732752394743,7018787
2019-11-15,16.70057487487793,16.82991124716303,16.409567266330868,16.49040288446185,3235444
2019-11-18,16.829910278320312,16.975414074217667,16.652073162118594,16.700573913480685,3371823
2019-11-19,16.89457893371582,17.08858348640656,16.781409996765674,16.97541454945641,3998430
2019-11-20,16.587404251098633,16.87841028829984,16.587404251098633,16.862244399763288,3560583
2019-11-21,16.71674156188965,16.81374306587504,16.522737012107754,16.652073378629016,2861366
2019-11-22,16.555070877075195,16.73290954324665,16.425734506302042,16.652073926060638,2960280
2019-11-25,16.183229446411133,16.668241615204234,16.183229446411133,16.328733251230183,9589175
2019-11-26,15.964972496032715,16.24789636761576,15.770967951984327,16.199395617056428,8395934
2019-11-27,16.045808792114258,16.126644407699416,15.9003049924232,15.924556139642085,4094985
2019-11-28,16.24789810180664,16.280231425026884,16.05389353705152,16.150895048523466,1864747
2019-11-29,16.142812728881836,16.377235895207715,16.061978642932157,16.312567701361157,2999774
2019-12-02,16.652076721191406,16.700577482919634,16.199399347501306,16.199399347501306,7582422
2019-12-03,16.312564849853516,16.700573945107188,16.247896667311238,16.700573945107188,5188103
2019-12-04,16.078142166137695,16.40956680349678,16.01347398181912,16.296397866392056,4597703
2019-12-05,16.150896072387695,16.247899131820247,16.021559687685173,16.199398373009632,3871541
2019-12-06,16.344898223876953,16.377233086159787,16.037724741245494,16.247896720650637,2331411
2019-12-09,16.158979415893555,16.312566947359247,16.07006007528532,16.24789875650179,2717431
2019-12-10,15.851805686950684,16.183230353476468,15.819470821040232,16.150895487566018,3406119
2019-12-11,15.973055839538574,16.029640304175555,15.819468334230322,15.876052798867303,2249204
2019-12-12,16.296398162841797,16.32873302649486,16.013474273122156,16.110477322270178,3685140
2019-12-13,16.506568908691406,16.538902228099555,16.247896186182054,16.44190072806407,5115691
2019-12-16,16.3287353515625,16.700577085652714,16.29640048330524,16.490405067414663,5090050
2019-12-17,16.02964210510254,16.409567511643257,15.99730878245349,16.361066756764085,4288469
2019-12-18,16.102392196655273,16.118559627066407,15.819468331704513,15.997306982604947,3070829
2019-12-19,16.005388259887695,16.199394330337228,15.932636368921857,16.08622386560651,2437740
2019-12-20,15.964972496032715,16.150893324686034,15.908388030078317,16.02155696198711,1954106
2019-12-23,16.24789810180664,16.24789810180664,15.892222295516635,15.973057916284077,2338937
2019-12-24,16.19939613342285,16.377233252349782,16.158977555159158,16.377233252349782,1128179
2019-12-25,16.086225509643555,16.247896737604233,16.086225509643555,16.231729306445946,683534
2019-12-26,16.142812728881836,16.264066941429075,16.110479402864236,16.134729011924595,1060232
2019-12-27,16.134727478027344,16.23173053048097,16.086226722706137,16.19939720753724,2141790
2019-12-30,16.24789810180664,16.34489961327859,16.12664544156109,16.1670624810392,2010878
2019-12-31,16.441904067993164,16.587407889414383,16.247899486701993,16.280232812678175,2434083
2020-01-02,16.42573356628418,16.522736609718297,16.361065384598458,16.5065691788441,2422263
2020-01-03,16.409564971923828,16.522735438208027,16.14280854865765,16.409564971923828,3107735
2020-01-06,16.231731414794922,16.441903421718727,16.142812073685654,16.441903421718727,1825254
2020-01-07,16.118558883666992,16.39339902073636,16.102391454001513,16.344896731739915,2682724
2020-01-08,16.086225509643555,16.126644087539272,15.892220961177399,16.07814179406441,2604676
2020-01-09,16.571239471435547,16.635907661358942,16.231731088884903,16.32873414467563,7689399
2020-01-10,16.603572845458984,16.732909213684803,16.377233430158242,16.603572845458984,4210086
2020-01-13,16.81374168395996,16.86224397377738,16.571236402116792,16.58740383205593,4291285
2020-01-14,16.926916122436523,16.943082014356875,16.66824334997479,16.81374562812601,3351697
2020-01-15,16.89457893371582,17.201753965167836,16.60357287558528,16.862245612506264,4433409
2020-01-16,16.668241500854492,16.99158243056127,16.65207406891636,16.862246058678558,5453623
2020-01-17,17.040084838867188,17.056252272374902,16.490404434095453,16.652075685549956,3678167
2020-01-20,17.476594924926758,17.476594924926758,17.088584260165312,17.088584260165312,3024295
2020-01-21,17.314922332763672,17.492759448096376,16.94307912930847,17.217919288702422,2719237
2020-01-22,16.926916122436523,17.58976548732255,16.91074868870483,17.58976548732255,2903123
2020-01-23,16.975414276123047,17.104750642501,16.862245340995113,16.975414276123047,3444663
2020-01-24,16.81374168395996,17.201752293444407,16.66823943994065,17.185584863505266,3216466
2020-01-27,16.296398162841797,16.700574707638093,16.296398162841797,16.652073953969666,2265246
2020-01-28,16.19939613342285,16.377233252349782,16.070058224790134,16.2963976376335,3001828
2020-01-29,16.264068603515625,16.39340500442612,16.167065531926998,16.264068603515625,1834515
2020-01-30,16.24789810180664,16.31256629005835,15.997309065057678,16.31256629005835,2412010
2020-01-31,15.835639953613281,16.264067722041723,15.827556236268054,16.264067722041723,4895968
2020-02-03,15.795221328735352,15.884139127015722,15.698218272107074,15.811387219997332,2776573
2020-02-04,15.916473388671875,15.948806711779131,15.665882810987346,15.908389672442256,7953680
2020-02-05,16.150896072387695,16.280232457090214,15.859889977712685,15.964975212104237,7751065
2020-02-06,16.183229446411133,17.072418165563285,16.167062014362088,16.490402946287094,7642741
2020-02-07,16.296398162841797,16.45806939748478,16.15897807593861,16.231729977346838,4243794
2020-02-10,15.641633033752441,16.312566055391304,15.504212942968037,16.215563003503583,6734735
2020-02-11,16.231731414794922,16.296399606016763,15.488046444838108,15.698218451761914,9892358
2020-02-12,15.859889030456543,16.18322997290081,15.770969693105158,16.16706254032579,10423756
2020-02-13,15.973055839538574,16.005389158554983,15.60121264907823,15.738632723972767,4741897
2020-02-14,16.126644134521484,16.393400582165985,16.029641089100256,16.280230105539367,5136906
2020-02-17,16.183229446411133,16.29639838713209,15.924556700871129,16.167062014362088,3176450
2020-02-18,16.045808792114258,16.215562197213075,15.924556139642085,16.199396307544944,2915839
2020-02-19,16.078142166137695,16.11047702920255,15.932638365968119,16.005390266052906,3023311
2020-02-20,15.803302764892578,16.409567600504484,15.762885725909602,16.167062282984205,6582996
2020-02-21,15.884136199951172,16.0296399871751,15.609296055597309,15.762883557868232,3930044
2020-02-24,15.358708381652832,15.884137570557678,15.15662011347319,15.884137570557678,4260208
2020-02-25,15.164704322814941,15.479961538056957,15.140453174792027,15.358708881564734,5692388
2020-02-26,15.455713272094727,15.560798505684186,14.897949153690307,15.067702579137432,7231797
2020-02-27,14.881778717041016,15.41529157765348,14.849445398542898,15.366790829000802,3909418
2020-02-28,14.162345886230469,14.79286028204173,13.564164810860534,14.631190596212909,4399719
2020-03-02,14.259349822998047,14.752445763826115,14.073428958748936,14.227016497038417,4237987
2020-03-03,14.493770599365234,14.79286036788018,14.453352021315172,14.469519452535197,3101972
2020-03-04,14.574605941772461,14.962615032948332,14.550354795394815,14.760526771901182,2530665
2020-03-05,14.542272567749023,15.164704845489672,14.534188851462766,14.736277133185478,3398036
2020-03-06,14.105762481689453,14.477604174736628,14.00875942943603,14.477604174736628,2456728
2020-03-09,13.968341827392578,13.976425543238816,13.572249001793777,13.64499936078763,2566167
2020-03-10,13.62883472442627,14.275516633492819,13.44291232648476,14.138096535089765,5825017
2020-03-11,13.62883472442627,13.628834724426271,13.628834724426271,13.628834724426271,0
2020-03-12,11.9070405960083,12.731561114404407,11.648367854976854,12.440554280744028,4123416
2020-03-13,12.448637008666992,12.691143084608415,11.979792288269506,11.979792288269506,2998536
2020-03-16,11.519031524658203,12.206131959052678,11.486697431916438,12.206131959052678,3562672
2020-03-17,10.945099830627441,11.640283148438144,10.524756662224961,11.640283148438144,3892194
2020-03-18,11.12293815612793,11.15527224730075,10.686427539842079,10.880432086879003,3914794
2020-03-19,11.187605857849121,11.316942216984058,10.734927829971335,10.896598278890005,3018726
2020-03-20,11.04210376739502,11.502864810435947,10.977435577877193,11.33311139113087,2861459
2020-03-23,10.500506401062012,11.06635340702374,10.007411296177827,10.484339740214544,3453787
2020-03-24,10.928934097290039,11.066353412733935,10.629842776949012,10.90468294964796,4095884
2020-03-25,11.058270454406738,11.446279565344586,10.99360226925043,11.122938639563046,3738413
2020-03-26,11.559450149536133,11.77770509822785,10.888517099590077,10.977435668182164,4505814
2020-03-27,10.928934097290039,11.672618227485527,10.912766665528652,11.510947764399551,4781226
2020-03-30,10.718762397766113,10.904683242583026,10.654094210794527,10.88043286519508,4028025
2020-03-31,10.831932067871094,11.01785369609529,10.718763118513943,10.78343130983393,4986156
2020-04-01,10.605591773986816,10.904682305761943,10.589425114085596,10.751095567625457,6002065
2020-04-02,10.662177085876465,10.75918013660159,10.605592615374803,10.751096420556896,5502434
2020-04-03,11.058270454406738,11.139105300399335,10.654093911727024,10.726845812754265,10767906
2020-04-06,11.53399658203125,11.575042989234655,11.279509483686219,11.37802039123733,5424823
2020-04-07,12.026549339294434,12.379547292930352,11.706389132875794,11.706389132875794,8058814
2020-04-08,12.092225074768066,12.116853388861006,11.903412697426127,11.919831573488088,4435394
2020-04-09,12.461641311645508,12.535524684306656,12.108643323551156,12.231781756056364,6635915
2020-04-10,12.469850540161133,12.64224482333825,12.338502664006205,12.527315823150236,2796266
2020-04-13,12.371339797973633,12.650454429971424,12.182527419207544,12.313875297113537,3504021
2020-04-14,13.12658977508545,13.134799212488064,12.478059095284653,12.478059095284653,6913621
2020-04-15,12.592988967895508,13.29077549462833,12.502686721556527,13.26614718222949,4473374
2020-04-16,12.116853713989258,12.551943763669547,12.067597867376808,12.461642291591033,5827135
2020-04-17,12.330293655395508,12.469850182637565,12.116852971315767,12.395967591590031,5666789
2020-04-20,12.248201370239258,12.445223187292545,12.20715496262938,12.395968124476777,4868386
2020-04-21,11.993714332580566,12.190736933567264,11.928040393216705,12.190736933567264,4207626
2020-04-22,12.141481399536133,12.264619843283272,11.977296546908237,12.051179926314573,5729750
2020-04-24,12.018342971801758,12.190737263014523,11.96087768613408,12.034761065638856,8105674
2020-04-27,12.248201370239258,12.256410808340256,12.067597646492858,12.20715496262938,9158373
2020-04-28,12.198945999145508,12.437014233071052,12.190737343620249,12.281038817559201,10755540
2020-04-29,12.379549026489258,12.379549026489258,12.19894530597846,12.231782274899052,6594256
2020-04-30,12.658663749694824,12.765384095219293,12.39596799633927,12.478060027815332,13035870
2020-05-04,12.248201370239258,12.453432625393543,12.116853492203735,12.445223187292545,6182031
2020-05-05,12.207154273986816,12.395967425182691,12.190736181606125,12.33850214461261,4881548
2020-05-06,12.051179885864258,12.248201708356422,12.026551570881391,12.239992270028798,5985064
2020-05-07,12.116853713989258,12.166108777706585,11.870576046717257,12.059388429125546,4906141
2020-05-08,12.157899856567383,12.354921672919854,12.149690418495586,12.166108511744074,6433653
2020-05-11,12.330293655395508,12.37133927834578,12.001923191527814,12.330293655395508,5253730
2020-05-12,12.5191068649292,12.551943835226323,12.198945817360896,12.264619757955144,6418357
2020-05-13,12.494478225708008,12.543733285341299,12.437012945609093,12.527315193095221,5365112
2020-05-14,12.248201370239258,12.404176779682667,12.182527431221496,12.395968124476777,6051055
2020-05-15,12.297456741333008,12.412386528942754,12.264619771000955,12.395968435224292,3703687
2020-05-18,12.437012672424316,12.527314917926914,12.313874243150824,12.371338739092447,5147236
2020-05-20,12.428804397583008,12.584779798286904,12.412385522300985,12.478059457638947,6801705
2020-05-21,12.445222854614258,12.568362074152208,12.363130824484044,12.3877583552336,6339098
2020-05-22,12.527316093444824,12.551943625031473,12.363131244708644,12.43701383946859,7587736
2020-05-27,12.822848320007324,13.110172381237327,12.790011351543475,12.888522256935026,11107214
2020-05-28,13.660191535949707,13.701238725535001,12.93777822294052,12.93777822294052,14398293
2020-05-29,13.331822395324707,13.955725610513062,13.27435789333727,13.610937032798189,10397437
2020-06-01,13.832586288452148,13.87363191132094,13.323612109612357,13.323612109612357,6587518
2020-06-02,14.202003479003906,14.210212917826679,13.80795981025292,13.824378687898466,10310413
2020-06-03,14.538581848144531,14.661721857973728,14.407233965730969,14.530373975560167,5626163
2020-06-04,14.374396324157715,14.686347121890815,14.333349136436183,14.653510937503698,5427441
2020-06-05,14.604255676269531,14.645301297633909,14.19379319946542,14.43186062180096,8803472
2020-06-08,14.77664852142334,15.03934424461113,14.497533924088808,14.661719533976186,8714410
2020-06-09,14.423652648925781,14.858743482201032,14.366188146864761,14.776650665346612,6122260
2020-06-10,14.169164657592773,14.489324883259664,14.160955220294897,14.431860387964587,7829792
2020-06-11,13.90647029876709,14.128118864509934,13.832586921589401,14.111701554085062,5344135
2020-06-12,14.095282554626465,14.218420993582532,13.66840117150791,13.816167924571271,5966437
2020-06-15,14.062442779541016,14.23483782191191,13.758701444863219,14.062442779541017,8719443
2020-06-16,14.316932678222656,14.440071117127127,14.218420987624956,14.32514211625498,6338576
2020-06-17,14.03781795501709,14.36618764517739,13.996770765128181,14.300513707145331,6527947
2020-06-18,13.98856258392334,14.070653830307316,13.881841458359917,14.021398769318898,5940255
2020-06-19,14.144537925720215,14.300514120223133,13.980353858792617,14.054237236936618,9262386
2020-06-22,14.374396324157715,14.538580377673517,14.251257892573337,14.259467330117642,10768174
2020-06-23,14.357978820800781,14.497536140806792,14.325142633276563,14.3661882591294,5080214
2020-06-24,14.111701965332031,14.366188290921365,14.095283088638459,14.341559975881005,4397351
2020-06-25,14.160956382751465,14.193794134638585,13.881841754871699,14.029608506783362,4263833
2020-06-26,14.259467124938965,14.357977242472968,14.177374316467239,14.284093871427423,4044484
2020-06-29,14.54679012298584,14.571418436139822,14.15274650726296,14.15274650726296,7041063
2020-06-30,14.891578674316406,14.916206987463983,14.481116183264334,14.579627870064494,13025562
2020-07-01,14.407232284545898,14.98188037739204,14.374396100669308,14.891578131598767,11237500
2020-07-02,14.54679012298584,14.678137994893465,14.431861126514201,14.44828000195019,8751941
2020-07-03,14.374396324157715,14.62888262487078,14.308722389593372,14.612463749782167,7721518
2020-07-06,14.538581848144531,14.587838478392317,14.440071719229493,14.448281157604125,6226533
2020-07-07,14.76023006439209,14.842322871655675,14.448279275738548,14.546789391822797,12196247
2020-07-08,14.710976600646973,14.940836172737946,14.694557724256853,14.817696165602282,8580951
2020-07-09,14.349767684936523,14.866951277926418,14.25125756822707,14.776649032784357,8961647
2020-07-10,14.013188362121582,14.259466781607001,13.890049935273899,14.169164537883342,8239467
2020-07-13,14.472907066345215,14.505744817936508,14.169165693076632,14.284094692065805,6988804
2020-07-14,14.267677307128906,14.456491266928047,14.193795489908787,14.456491266928047,6192137
2020-07-16,14.423652648925781,14.513954904044667,14.390816461658162,14.448280963719181,6761490
2020-07-17,14.472907066345215,14.497535380038684,14.349768629458216,14.497535380038684,5060609
2020-07-20,14.423652648925781,14.555000529576754,14.407233772396848,14.481117150986801,4846256
2020-07-21,14.341559410095215,14.710976292175511,14.226630409354767,14.579628415389228,11633055
2020-07-22,14.308723449707031,14.481116953539537,14.284095135249434,14.374397389137066,4365066
2020-07-23,14.448281288146973,14.522164668395934,14.308723966097855,14.349769592551596,3963345
2020-07-24,14.300514221191406,14.399025914675692,14.20200252770712,14.349769285038425,3482081
2020-07-27,14.357978820800781,14.464699953282572,14.325142633276563,14.390816574115258,2921391
2020-07-28,13.832586288452148,14.366187214697158,13.807957975256787,14.33334946377001,8375501
2020-07-29,13.586308479309082,14.00498042816275,13.504217229792463,13.947515927185028,7409458
2020-07-30,13.274357795715332,13.693029748846568,13.274357795715332,13.668401434265824,4604603
2020-08-04,13.200472831726074,13.693028103628771,12.748963962964437,13.413913501743577,13407525
2020-08-05,12.97061538696289,13.25793867232927,12.748965257236303,13.200474171835015,10039678
2020-08-06,12.215364456176758,12.863895194092215,12.215364456176758,12.855685755953955,17233149
2020-08-07,12.330293655395508,12.354921185744685,11.755645539350812,12.108643533567683,12022486
2020-08-10,12.084015846252441,12.256410122247509,11.813110667245201,12.256410122247509,17584739
2020-08-11,12.486268997192383,12.527315402837395,12.125062349885432,12.141480442406396,18637514
2020-08-12,12.560153007507324,12.601199415233172,12.289247812569892,12.453432660578168,24384754
2020-08-13,12.371339797973633,12.691500837540824,12.272828889544137,12.56836239772773,22828566
2020-08-14,12.133271217346191,12.32208437346436,12.0922248109818,12.239991560735577,21673873
2020-08-17,12.157899856567383,12.272828857992105,12.075807041639635,12.174317949815869,13095063
2020-08-18,12.412386894226074,12.469851398274503,12.157900562387187,12.166109218040427,30102058
2020-08-19,12.888522148132324,12.945987429630263,12.420595155748845,12.560152466265862,31287768
2020-08-20,12.609407424926758,12.880312605995266,12.478059553244458,12.880312605995266,23984198
2020-08-21,12.847475051879883,13.011660666886492,12.609406849594343,12.847475051879883,37553055
2020-08-24,13.151219367980957,13.241520056623187,12.929569233895942,12.94598811030007,18060755
2020-08-25,12.89673137664795,13.282566333752017,12.740755976015913,13.184054647895396,15512567
2020-08-26,12.888522148132324,13.019870020878908,12.740756182739954,12.888522148132324,8433082
2020-08-27,12.929569244384766,13.019870715995369,12.880313398027543,13.00345262247304,7109702
2020-08-28,12.691499710083008,12.99524184648126,12.675080835355786,12.98703240911765,10467606
2020-08-31,12.313876152038574,12.691501718683565,12.248202208525981,12.6832922800207,12302497
2020-09-01,12.313876152038574,12.354922562457736,12.04297093932534,12.281039180282278,10550109
2020-09-02,12.223573684692383,12.379549092168945,12.215364246694907,12.36313099906909,12099653
2020-09-03,12.075806617736816,12.305665395412522,12.0675971799532,12.264618989389518,10044962
2020-09-04,12.149690628051758,12.190737036223595,12.010133310004584,12.05117971817642,10062045
2020-09-07,12.2564115524292,12.272829646732832,12.174318732225574,12.1989462651286,6163343
2020-09-08,12.084015846252441,12.31387461994751,12.0593875333281,12.305665182306063,8342097
2020-09-09,12.166108131408691,12.166108131408691,12.042969695761713,12.116853070307933,12379362
2020-09-10,12.215364456176758,12.272828957354358,12.125062985341227,12.215364456176758,13612705
2020-09-11,12.149690628051758,12.239992099713705,12.10043478166653,12.231782661500313,8332822
2020-09-14,12.207154273986816,12.264618771661835,12.17431730633037,12.223573149262574,8095974
2020-09-15,12.149690628051758,12.256410976140486,12.075807249921475,12.215364567968651,9341429
2020-09-16,12.116853713989258,12.207155186067771,12.07580730562807,12.19894574781651,6235650
2020-09-17,12.092225074768066,12.108643950830027,12.001923605112587,12.108643950830027,5805624
2020-09-18,12.067597389221191,12.174317733573638,12.051179296264326,12.16610829564766,5337705
2020-09-21,11.525787353515625,12.067597746342773,11.509369260072893,12.026551338393269,14031866
2020-09-22,11.3533935546875,11.52578784917301,11.312347144972827,11.492950877980302,24694168
2020-09-23,11.607879638671875,11.640716606951065,11.345183109543287,11.378020077822475,21263845
2020-09-24,11.895203590393066,11.977296407196995,11.525787480565635,11.533996918825052,29195179
2020-09-25,11.969085693359375,12.19073580537105,11.919830634842363,12.19073580537105,19235973
2020-09-28,11.739228248596191,11.944459508946142,11.739228248596191,11.928040632328484,11964435
2020-09-29,11.780274391174316,11.870575861846488,11.681762699483627,11.772064953050908,14782424
2020-09-30,12.05938720703125,12.07580608186989,11.804900910192666,11.862365406337823,17173009
2020-10-01,12.182526588439941,12.207154118144103,12.084015686728236,12.133270746136562,18681590
2020-10-02,12.157899856567383,12.26461941992031,12.042970072247556,12.08401647971143,18290744
2020-10-05,12.231781959533691,12.28924724083445,12.198944991459717,12.198944991459717,12189812
2020-10-06,12.075806617736816,12.281037864956751,12.0675971799532,12.272828427173135,17809085
2020-10-07,11.936248779296875,12.116852488076592,11.870574845721531,12.051178554501249,23079581
2020-10-08,11.8131103515625,11.96908574810653,11.739226980553996,11.936248781313312,32978267
2020-10-09,12.067597389221191,12.07580682714717,11.79669220082463,11.821319731707476,14285304
2020-10-12,12.133271217346191,12.182527061562478,12.042969749660598,12.084016156024989,15043584
2020-10-13,12.157899856567383,12.215364357279745,12.092225134888121,12.182527387887665,13971120
2020-10-14,12.4534330368042,12.4534330368042,12.116853892495188,12.166108956938142,25831648
2020-10-15,12.338501930236816,12.543733170247586,12.297455525655653,12.437012831494581,20355045
2020-10-16,12.494478225708008,12.502686880383518,12.338502043447452,12.338502043447452,17876990
2020-10-19,12.74075698852539,12.790012052472944,12.51089741378639,12.584780792602844,20845841
2020-10-20,12.7818021774292,12.839267460597926,12.675081831995968,12.724337677155575,21950821
2020-10-21,12.69970989227295,12.855685296854176,12.625826517457337,12.831057766214,12927584
2020-10-22,12.445222854614258,12.70791860366308,12.371339479470505,12.691500510795072,16344253
2020-10-23,12.289247512817383,12.478059887697716,12.149690199690575,12.420595388020239,12032742
2020-10-26,11.837738037109375,12.182526584434507,11.81311050741331,12.149689617208068,15085816
2020-10-27,11.977296829223633,12.034761333274101,11.755646685780135,11.821320628379286,12113089
2020-10-28,11.739228248596191,11.95266894725497,11.739228248596191,11.944459508946142,3977956
2020-10-30,11.607879638671875,11.640716606951065,11.32876501685123,11.533996264319931,13182195
2020-11-02,11.804902076721191,11.845948484978845,11.673554196612796,11.68176285194823,11000094
2020-11-03,12.05938720703125,12.100433611232807,11.78027338082975,11.862365406337823,17665754
2020-11-04,12.281038284301758,12.28924772236569,12.03476062264949,12.084016468137984,14848999
2020-11-05,12.461641311645508,12.560152214228685,12.330293441534602,12.387757938984358,17861312
2020-11-06,12.7161283493042,12.814639257581698,12.609408002946466,12.683291379878368,25987083
2020-11-09,13.397494316101074,13.463168246443137,12.9131484926571,13.052705790357738,36697703
2020-11-10,13.775123596191406,13.783333034999542,13.184056528328433,13.200475405944704,28323099
2020-11-11,14.825904846191406,14.957252719020001,13.832586362201393,13.832586362201393,52561895
2020-11-12,15.088602066040039,15.622204613054333,14.505746019140533,14.850534610449776,56226286
2020-11-13,15.531901359558105,15.581156422078475,15.105019975607686,15.105019975607686,27354412
2020-11-16,15.334879875183105,15.811016331946618,15.252787058681072,15.696087328317914,22278495
2020-11-17,14.530373573303223,15.24457746843125,14.513954697008497,15.24457746843125,23912053
2020-11-18,14.86695384979248,14.907999477890312,14.464700744430425,14.546792000626088,24529527
2020-11-19,15.704293251037598,15.737130999877635,14.481115290967011,14.940834379987267,44566792
2020-11-20,15.991619110107422,16.106549678336847,15.589366035779992,15.655039975143854,20056873
2020-11-23,15.769970893859863,16.164016143715386,15.318462701592397,16.00803993160154,14720357
2020-11-24,15.630411148071289,15.942361927120897,15.351296551442157,15.728921261122737,15133758
2020-11-25,15.433387756347656,15.85205965036791,15.425179885103153,15.64682842187504,16539162
2020-11-26,15.679668426513672,15.761761242883006,15.293832659314877,15.523692231990962,12924429
2020-11-27,15.343091011047363,15.778180324805158,15.326672132772243,15.687879625872823,12121411
2020-11-30,14.628884315490723,15.228159233370668,14.579629250322721,15.228159233370668,15629087
2020-12-01,15.01471996307373,15.039346712545036,14.563210244686394,14.702767566254803,13418100
2020-12-02,15.113227844238281,15.310249639650394,14.957251669032425,15.047553912434244,11818022
2020-12-03,15.21174144744873,15.400553829525547,14.817696241031156,15.031136937818522,11465343
2020-12-04,15.170693397521973,15.351297896929,15.088600585590612,15.28562396054194,6278022
2020-12-07,15.195322036743164,15.367715536285331,14.998300223356324,15.080393037048387,12979411
2020-12-08,15.269205093383789,15.548319714629624,15.219950032513982,15.219950032513982,11098903
2020-12-09,15.466227531433105,15.613994285840144,15.285624590374622,15.285624590374622,13120269
2020-12-10,15.425180435180664,15.605783359010465,15.318459315716183,15.458016618699688,9277516
2020-12-11,15.646830558776855,15.68787774955529,15.12964848129041,15.26920579835663,9904679
2020-12-14,15.975200653076172,16.36103642703128,15.794597706533319,15.80280714489303,18033196
2020-12-15,16.032665252685547,16.14759424761121,15.86027019450693,16.040874690293112,8939301
2020-12-16,16.37745475769043,16.599103322851324,16.10654956401359,16.13117631248135,14416802
2020-12-17,16.344615936279297,16.681195046838912,16.188639754427978,16.517010993228673,9830736
2020-12-18,16.344615936279297,16.50059211813062,16.213268067075063,16.262523126579122,6173547
2020-12-21,15.917734146118164,16.196848752043472,15.65503841484495,16.196848752043472,10565956
2020-12-22,16.14759635925293,16.27894424657025,15.950574528276944,16.016248471935604,7631136
2020-12-23,16.344615936279297,16.53342830253662,16.17222244512003,16.17222244512003,11688561
2020-12-24,16.41029167175293,16.451338864002608,16.221479284775263,16.26252491123466,6706312
2020-12-25,16.319988250732422,16.484173876441652,16.278942627200202,16.369244877919293,2887381
2020-12-28,16.451337814331055,16.51701175194995,16.352826125007613,16.352826125007613,4556304
2020-12-29,16.91105842590332,16.96031349654824,16.418503022082746,16.45134077970633,9598455
2020-12-30,17.223007202148438,17.305100020444424,16.92747524838927,17.009566500894984,9844850
2020-12-31,17.452865600585938,17.551375723250636,17.009565351224285,17.108077039679152,6649381
2021-01-04,17.420028686523438,17.649888260106994,17.272263495423555,17.33793743562025,10353058
2021-01-05,17.239425659179688,17.73198099117144,17.12449665583803,17.239425659179688,15345270
2021-01-06,17.223007202148438,17.51854072169788,17.124497072825474,17.436447903401895,11481406
2021-01-07,17.387189865112305,17.452863795359214,17.140911452343882,17.403608739121534,7609127
2021-01-08,17.633468627929688,17.6663063795159,17.33793669260467,17.420027939989847,9849174
2021-01-11,17.91258430480957,18.158862758793394,17.518540657383777,17.633469663102066,19592972
2021-01-12,18.208114624023438,18.257369679849752,17.830488353915047,17.929000031357667,9886265
2021-01-13,18.09318733215332,18.388719260565146,17.945420585052336,18.273790264282223,6695651
2021-01-14,18.158863067626953,18.208118132945305,17.92900348649081,18.142444190590737,6456550
2021-01-15,17.666305541992188,18.126023081873626,17.56779385769397,18.043930272590128,7954818
2021-01-18,18.09318733215332,18.109604641772208,17.206586849547417,17.58421315500439,8196010
2021-01-19,18.19169807434082,18.421557640547363,18.126024136251836,18.2737908883996,7409132
2021-01-20,18.56932258605957,18.56932258605957,17.830488897202923,18.323044167844007,11527529
2021-01-21,18.158863067626953,18.848438679454787,18.109606436518305,18.61858066410894,9038675
2021-01-22,18.06035041809082,18.17527941969853,17.73198072364721,18.011095355371832,8710119
2021-01-25,17.781232833862305,18.306624257732896,17.74839665276537,18.19169527520869,5821588
2021-01-26,17.633468627929688,17.961838314840914,17.584213566340548,17.731980316898145,6914112
2021-01-27,16.763288497924805,17.666306307597164,16.763288497924805,17.600632370482273,11036806
2021-01-28,16.976728439331055,17.206586426242087,16.517010899718887,16.6155210181693,11387003
2021-01-29,16.582687377929688,17.15733399915496,16.53343074535783,16.697616389016673,12646558
2021-02-01,16.779706954956055,16.91105482590838,16.566266273210992,16.74686920432291,6504957
2021-02-02,16.91105842590332,17.173754223730167,16.861803355258402,16.894639547091526,10332655
2021-02-03,17.600631713867188,17.63346789830455,16.99314742676993,16.99314742676993,14474830
2021-02-04,17.699142456054688,17.978257079653794,17.518539520815924,17.567794582101012,11110363
2021-02-05,17.452865600585938,17.89616428415742,17.452865600585938,17.748399100160373,7187571
2021-02-08,17.71556282043457,17.814074517073124,17.239426345893875,17.584214935443363,8506060
2021-02-09,18.01109504699707,18.355883611707156,17.649887606398362,17.649887606398362,15477687
2021-02-10,18.30662727355957,18.30662727355957,17.89616476459375,18.09318814679273,8267639
2021-02-11,18.618579864501953,18.782763930442062,18.37230141690645,18.388720293237526,12932030
2021-02-12,18.634998321533203,19.029041949871495,18.37230100351748,18.503650445420437,14806472
2021-02-15,18.520069122314453,18.91411434552223,18.405140113681934,18.799183771099404,9903628
2021-02-16,18.33946418762207,19.094715232230854,18.158861255616326,18.634997681622504,25163786
2021-02-17,18.027511596679688,18.700671387606974,17.978256536881634,18.38871902204236,16606433
2021-02-18,18.405139923095703,18.421558800098992,18.027513580971572,18.109606400197713,13513342
2021-02-19,18.45439338684082,18.651415196411808,18.290209328426744,18.306626638215043,14438068
2021-02-22,18.996200561523438,19.04545717997922,18.47080915764756,18.52006421031345,22739686
2021-02-23,18.45439338684082,19.19322556417956,18.45439338684082,19.045460381343936,15096785
2021-02-24,18.19169807434082,18.569324392695126,18.043931322193057,18.306627074548995,11726048
2021-02-25,18.55290412902832,18.651414245898465,18.011093788872305,18.55290412902832,12706016
2021-02-26,17.71556282043457,18.470813942029153,17.71556282043457,17.994677467488458,13526734
2021-03-01,18.897695541381836,18.897695541381836,17.91258482824075,17.92900370547751,11773196
2021-03-02,18.864856719970703,19.17680910666479,18.717089964777735,18.881275596278858,7974587
2021-03-03,18.864856719970703,19.291738109241443,18.602160962201083,18.930530659413105,9218131
2021-03-04,18.79918098449707,18.946947725572738,18.667833118160942,18.766344800808078,6312080
2021-03-05,18.946949005126953,19.143970817936726,18.700672130562282,18.73350831646882,6736534
2021-03-08,18.520069122314453,19.029043354154748,18.437976302238237,18.97978828842514,7686267
2021-03-09,19.094715118408203,19.58727041687612,18.733507690759716,18.733507690759716,19321512
2021-03-10,19.242483139038086,19.258900449635306,18.930530750837434,19.078297506744033,6268232
2021-03-11,19.176809310913086,19.505179011622506,19.1111353707712,19.29173831471382,7373116
2021-03-12,19.111133575439453,19.242481443384186,18.930529082672876,19.127550884589972,5042125
2021-03-15,19.111133575439453,19.27531762747532,18.979785707494724,19.078295825558225,5251407
2021-03-16,19.275318145751953,19.40666601722838,18.881274531322678,19.12755139889344,9591258
2021-03-17,19.767873764038086,20.917168440802712,19.275318455198917,19.34099239199146,38096344
2021-03-18,19.52159881591797,20.21117600307674,19.226065288338404,20.014152607496822,20168730
2021-03-19,18.83202362060547,19.52160088070021,18.81560474160548,19.50518200170022,11894187
2021-03-22,16.960309982299805,17.649887091607205,16.960309982299805,17.239424601104712,20593654
2021-03-23,16.714035034179688,17.07524093994306,15.359507407300908,15.59757643071753,32226575
2021-03-24,16.681194305419922,17.239423507621698,16.549846442053624,16.861798791891108,20423027
2021-03-25,16.434919357299805,17.124496502766245,16.434919357299805,16.828962993054848,15931217
2021-03-26,15.802806854248047,16.714034140143276,15.679668412697668,16.648360200263724,21348850
2021-03-29,15.679668426513672,16.147595444291564,15.679668426513672,15.794597429956596,16558139
2021-03-30,16.008037567138672,16.26252387978475,15.622203379204922,15.696086754778008,21047780
2021-03-31,15.934152603149414,16.11475552221878,15.819223615177092,15.942362040260297,13136844
2021-04-01,16.51701545715332,16.599106723249548,16.016250591855552,16.02446003162328,12151995
2021-04-02,16.467754364013672,16.71403279305556,16.344615932387786,16.664776167773116,6853088
2021-04-05,16.467754364013672,16.582684923882596,16.40208042942719,16.451337054709633,5025994
2021-04-06,16.131174087524414,16.599101033353687,16.122964650570744,16.484172047582287,13416883
2021-04-07,15.95057201385498,16.13117493899877,15.76175965132419,16.13117493899877,13643842
2021-04-08,16.049083709716797,16.24610709480647,16.016247522728676,16.016247522728676,11186724
2021-04-09,15.802806854248047,16.008038112095424,15.515482780103671,16.008038112095424,11941815
2021-04-12,15.236367225646973,15.860270399785962,15.236367225646973,15.80280590157937,15989572
2021-04-13,15.195322036743164,15.367715536285331,14.924416847612484,15.285624288383454,13257168
2021-04-14,15.776007652282715,15.776007652282715,15.352149319803468,15.352149319803468,12221647
2021-04-15,15.716668128967285,16.04727711898469,15.54712414507098,15.826870586676,17076512
2021-04-16,15.411489486694336,15.682758565338125,15.411489486694336,15.623418656496202,11348760
2021-04-19,15.275856971740723,15.547126086333302,15.097835604732175,15.419968890979463,10841448
2021-04-20,15.14022159576416,15.436921163249133,15.080881682267165,15.301286613287038,9207416
2021-04-21,14.48747730255127,15.157172597919303,14.46204522162926,15.131742133888446,16582715
2021-04-22,14.589204788208008,14.631591596705194,14.156870659776633,14.284027851485355,24769252
2021-04-26,15.182605743408203,15.182605743408203,14.597680776317729,14.597680776317729,18097574
2021-04-27,15.487783432006836,15.657325790213157,15.216514365363778,15.216514365363778,17776899
2021-04-28,15.29280948638916,15.759053007629053,15.216514856820272,15.436919767917917,12996249
2021-04-29,15.699711799621582,15.801436886030178,15.343670763409305,15.343670763409305,14512059
2021-04-30,15.521693229675293,15.733622417037457,15.462353315916507,15.648850418714314,11512967
2021-05-03,15.996415138244629,16.004890882538092,15.496262146581753,15.53016997442956,10332097
2021-05-04,15.784485816955566,16.310069270541792,15.759053733630566,16.047277543748677,22673416
2021-05-05,15.801440238952637,15.911644325652537,15.657328321885304,15.818394962582074,11759783
2021-05-06,15.843827247619629,15.98793916650242,15.74210052145294,15.826872523776604,14060816
2021-05-07,16.01336669921875,16.072706604897512,15.759052355769436,15.945549433172856,24024363
2021-05-10,16.4033203125,16.4033203125,16.055756555776906,16.055756555776906,17966648
2021-05-11,16.267683029174805,16.318545575642077,16.115093772881792,16.1913884010283,13641644
2021-05-12,16.174434661865234,16.284637122049954,16.14900257864201,16.14900257864201,3676887
2021-05-17,16.301591873168945,16.479613222265307,16.19138941278838,16.19138941278838,15185705
2021-05-18,16.41179656982422,16.547431118592076,16.343979295440292,16.445704398570502,14588420
2021-05-20,16.182912826538086,16.310070015185897,16.132050274457235,16.293115292195154,14927703
2021-05-21,16.233774185180664,16.352455620499526,16.191388997711165,16.25920626779712,11177013
2021-05-24,16.072708129882812,16.26768420304394,15.996415113122236,16.26768420304394,11252319
2021-05-25,15.57255744934082,16.343979564491242,15.57255744934082,16.14052773799028,22113434
2021-05-26,15.82686996459961,15.852302046251824,15.479306266475339,15.742097975983427,14675637
2021-05-27,15.436921119689941,15.869256852808443,15.436921119689941,15.75905438760947,18541385
2021-05-28,15.75057601928711,15.767530741123537,15.428444388851354,15.428444388851354,15547777
2021-05-31,15.75057601928711,15.886210560195982,15.657326666078035,15.75057601928711,9032342
2021-06-01,16.01336669921875,16.064230861421542,15.809914901081067,15.818392261448198,13779344
2021-06-02,15.852300643920898,15.962503087549337,15.784483382405464,15.869253746631466,11115882
2021-06-03,16.0218448638916,16.098139494134664,15.776007868468263,15.835347777125923,16138443
2021-06-04,16.038801193237305,16.174435745734293,15.962506555346321,16.030323831594817,11153232
2021-06-07,16.276161193847656,16.335501103806322,16.030322576143153,16.038799937121716,11545534
2021-06-08,16.31854820251465,16.411797566791428,16.149004197809862,16.25920828593541,18208926
2021-06-09,16.352455139160156,16.437225511603913,16.29311361480183,16.33550041791492,13431113
2021-06-10,16.437225341796875,16.479612144472082,16.34397760969381,16.35245497022885,12667652
2021-06-11,16.4033203125,16.57286270142581,16.352457757511406,16.479614953428626,12890233
2021-06-14,16.284637451171875,16.50504399288716,16.216820178097272,16.471136164795524,10079318
2021-06-15,16.081186294555664,16.26768501586379,15.945551742817791,16.233775569483623,11028392
2021-06-16,15.89468765258789,16.199866172922775,15.89468765258789,16.05575427353033,7684017
2021-06-17,15.725144386291504,15.928597820365106,15.725144386291502,15.776008553255561,9928374
2021-06-18,15.470830917358398,15.88621193700297,15.453876194052562,15.767532107644923,15347111
2021-06-21,15.759053230285645,15.759053230285645,15.360626972267562,15.470829429373415,12455314
2021-06-22,16.064231872558594,16.064231872558594,15.776008069498971,15.792961174409157,14472742
2021-06-23,15.979460716247559,16.19138989917686,15.954028632215156,16.123572625315138,9895359
2021-06-24,16.19986915588379,16.335503719476296,16.013370418275443,16.013370418275443,11217127
2021-06-25,15.920119285583496,16.25920562255675,15.894687203976304,16.19986571569783,7488236
2021-06-28,15.784485816955566,15.996414993989983,15.691236461655205,15.996414993989983,7745847
2021-06-29,15.945549964904785,15.945549964904785,15.631895705317364,15.759052881282297,11488620
2021-06-30,15.53864574432373,15.962504058808166,15.530168384007103,15.894686793166303,12216953
2021-07-01,15.70819091796875,15.759053466866462,15.597986842317223,15.614941564246884,7544593
2021-07-02,16.488088607788086,16.666108318663216,16.233772656249332,16.233772656249332,45342576
2021-07-05,16.70001983642578,16.750882386304344,16.37788658111516,16.47113593663528,14933153
2021-07-06,16.60677146911621,16.776315467988802,16.589816745850673,16.666111383654197,13252840
2021-07-07,16.70001983642578,16.76783710856097,16.598293119777345,16.598293119777345,10917333
2021-07-08,16.74240493774414,16.801744848441132,16.62372511635016,16.640678221626942,14327081
2021-07-09,16.86956024169922,16.91194704239941,16.708493632820726,16.784788257189952,12579012
2021-07-12,16.53895378112793,17.022152063924416,16.50504433544119,16.90347223780356,14286822
2021-07-13,16.69154167175293,16.793266766612927,16.56438449473232,16.606769681442113,11780855
2021-07-14,17.12388038635254,17.12388038635254,16.6915446147417,16.6915446147417,8673258
2021-07-16,16.95433235168457,17.174738866283406,16.928900271076238,17.12387632195787,7115527
2021-07-19,16.725452423095703,16.920426903088593,16.70002195337842,16.852609622356653,3682120
2021-07-26,16.67458724975586,16.827176511677294,16.555907431324194,16.742404519844136,8894349
2021-07-27,16.759361267089844,16.827178545374373,16.496567898957277,16.64067981742333,11331466
2021-07-28,16.945858001708984,16.98824481025238,16.75088353308362,16.7593608947923,9738796
2021-07-29,17.462966918945312,17.513829475717337,17.03910850643155,17.03910850643155,10674726
2021-07-30,17.429054260253906,17.53078097195638,17.22560245374019,17.293419722578097,7305822
2021-08-02,17.513824462890625,17.632504267020522,17.4290524812731,17.462961920676534,4895533
2021-08-03,17.496871948242188,17.598598662381598,17.344282685478706,17.462964121456565,5872963
2021-08-04,17.58164405822754,17.717278600060457,17.47991896029849,17.58164405822754,7230555
2021-08-05,17.886823654174805,18.056366033147057,17.39514800643994,17.42905583547784,11698683
2021-08-06,17.785097122192383,17.92073167356745,17.615554741419245,17.88682384416938,8802085
2021-08-09,17.54773712158203,17.819006219011982,17.496872953145395,17.785096773387558,7453605
2021-08-10,17.819005966186523,17.835960688758174,17.42905543149527,17.513827427462182,11809006
2021-08-11,18.259817123413086,18.2767702273031,17.547735019515066,17.768139922105778,23564722
2021-08-12,19.24317169189453,19.31098897010923,18.12418417601487,18.242865625559176,22312346
2021-08-13,19.53139305114746,20.02306866006222,19.02276272060672,19.260122355805485,17700234
2021-08-16,19.751798629760742,19.785708074154435,19.412712270280338,19.48052954217642,14549086
2021-08-17,20.311290740966797,20.311290740966797,19.599210222065057,19.65007276979563,20268088
2021-08-18,20.006114959716797,20.396063875673185,19.785708418001363,20.34520132509003,13834365
2021-08-19,19.310985565185547,19.836568974455417,19.310985565185547,19.7687517081983,12965003
2021-08-20,19.650074005126953,19.700936556055076,19.26012346963443,19.294032914847406,11412547
2021-08-23,19.972204208374023,20.14174818841662,19.616163143797547,19.751797681075136,20364703
2021-08-24,20.429973602294922,20.531698704863565,19.989160512787194,20.09088723224719,16506773
2021-08-25,19.887434005737305,20.413019097593377,19.83657145390974,20.328247099953188,10290933
2021-08-26,19.853525161743164,20.277383511381668,19.700935897170694,19.887432988930772,8805733
2021-08-27,20.006114959716797,20.226521501432234,19.81961624609302,19.88743351916767,12674001
2021-08-31,19.53139305114746,20.209565747274283,19.412711616656832,20.107839034409636,23851231
2021-09-01,19.68398094177246,19.85352492637439,19.548346400847425,19.65007311498684,12340397
2021-09-02,19.650074005126953,19.81961638051781,19.59921145419883,19.683981833448588,5725620
2021-09-03,19.53139305114746,19.717890138359525,19.29403179905745,19.667027590372825,8457172
2021-09-06,19.70093536376953,19.717890085349932,19.531392998639248,19.63311809433917,4786237
2021-09-07,19.327939987182617,19.70093578547942,19.327939987182617,19.70093578547942,4315638
2021-09-08,18.80235481262207,19.361847650159277,18.80235481262207,19.294030385515104,10269384
2021-09-09,19.005807876586914,19.005807876586914,18.615857366156764,18.734538799883108,12280363
2021-09-10,18.937990188598633,19.27707652697952,18.8871276420643,19.10753416623468,9317102
2021-09-13,19.005807876586914,19.124487693422022,18.81931079057586,18.937990607410963,5354995
2021-09-14,19.005807876586914,19.175351857972412,18.768446626025465,18.95494532892776,8534973
2021-09-15,19.175352096557617,19.192305201394113,18.921036121315097,18.988853391334853,12018158
2021-09-16,19.26012420654297,19.633120033700138,19.158399100794632,19.26012420654297,11652859
2021-09-17,19.921342849731445,19.921342849731445,19.31098739556523,19.327940501068024,12246060
2021-09-20,19.582256317138672,19.700936139089578,19.44662177294012,19.6331188669903,11082758
2021-09-21,19.209259033203125,19.81961443510461,19.209259033203125,19.751797168226666,10280640
2021-09-22,19.36185073852539,19.446622737075185,19.158398912140722,19.344896015437154,7428208
2021-09-23,18.80235481262207,19.565299444091796,18.68367500371755,19.412710194419624,14289595
2021-09-24,18.344589233398438,18.666722491228438,18.19199996567805,18.632813046449986,12051116
2021-09-27,18.56499481201172,18.615857359653102,18.242863187761298,18.497177542859458,7983409
2021-09-28,18.66672134399414,18.904080975290174,18.4971773643045,18.4971773643045,8743838
2021-09-29,18.904081344604492,19.02276277946232,18.76844680495948,18.887128239817308,5911276
2021-09-30,19.175352096557617,19.412711733181126,18.802356303003343,18.887128294750852,10071772
2021-10-01,19.294031143188477,19.4466203988528,18.988852631859825,19.039715178117536,6845836
2021-10-04,18.988853454589844,19.344894527602396,18.954945627912643,19.2601225355725,5442620
2021-10-05,19.124488830566406,19.209260826299708,18.93799173346621,18.988854284149657,7243400
2021-10-06,18.53108787536621,19.039716609976516,18.53108787536621,18.971899337569056,9882463
2021-10-07,18.887126922607422,18.954944187700274,18.700628230933724,18.751492392421717,6428886
2021-10-08,18.785402297973633,19.039716666027463,18.768447575599026,18.81931174272285,4612862
2021-10-11,18.836265563964844,19.02276428338964,18.819312457837356,18.853220286983714,8068300
2021-10-12,18.598905563354492,18.971899761484195,18.598905563354492,18.70063066579301,14293227
2021-10-13,18.446313858032227,19.039714522309477,18.34458715212951,18.66672037341217,22822568
2021-10-14,18.378498077392578,18.70062970780093,18.29372608510893,18.480223174619944,17402304
2021-10-15,18.225910186767578,18.497179288984288,18.090275635659225,18.463271459652894,10812913
2021-10-18,18.175046920776367,18.344589294559917,18.124182753439108,18.242864193668055,15044868
2021-10-19,18.225910186767578,18.480224565872895,18.225910186767578,18.25981963299036,14223739
2021-10-20,18.107229232788086,18.395453040193235,18.090274510731007,18.31068104679914,21678885
2021-10-21,18.005502700805664,18.14113724486176,17.513827074379485,18.10722941729339,36629350
2021-10-22,18.921039581298828,19.039719421312896,18.039414909824302,18.090277467417252,33944726
2021-10-25,19.53139305114746,19.53139305114746,18.73453892053001,18.802356190142692,30573691
2021-10-26,19.785707473754883,19.887432570066494,19.599210385922763,19.616163490713863,17893859
2021-10-27,19.972204208374023,20.006113651139035,19.667027307945062,19.887432218352725,11956007
2021-10-28,19.989160537719727,20.124795085907998,19.87048071227783,19.90438854087922,4499038
2021-11-01,20.107839584350586,20.19261157790773,19.75179850492362,20.056977034972817,12873027
2021-11-02,19.955251693725586,20.15870350565565,19.768752986787902,20.073931513128638,15556082
2021-11-03,20.633424758911133,20.633424758911133,19.497484243215943,19.90438787415089,22032257
2021-11-04,21.125099182128906,21.413322975201474,20.87078483148427,20.887737935807024,13879981
2021-11-05,21.667638778686523,21.667638778686523,20.904694058705065,21.074238048430416,14881972
2021-11-08,21.98977279663086,22.46449372063931,21.752411526180946,21.888046075897645,19836226
2021-11-09,22.24408531188965,22.87139545606309,21.854136418305306,22.227130590370876,26992224
2021-11-10,22.091495513916016,22.515353840213898,21.735454455150148,22.244084770085845,15974141
2021-11-11,21.972816467285156,22.447537356587294,21.921953919082743,22.00672429378968,13988765
2021-11-12,22.36276626586914,22.430583538501452,21.93890790769436,22.04063462508849,12158790
2021-11-15,24.024288177490234,24.583780994919884,22.888347822856446,22.888347822856446,40318489
2021-11-16,23.49870491027832,24.041244664710575,23.43088764308569,23.820838142111718,21857215
2021-11-17,23.786930084228516,23.973428792528985,23.14266519996321,23.32916390826368,14348001
2021-11-18,23.769977569580078,24.583784843462734,22.888351405982544,23.820840119974914,41141904
2021-11-19,23.430889129638672,24.12601656668773,23.278299864551553,24.058199295192487,20531188
2021-11-22,23.634342193603516,23.70215946868406,23.227438543120247,23.668251639589478,16439988
2021-11-23,23.769977569580078,24.634647393857566,22.99007812366354,23.532616306251974,41506323
2021-11-24,24.651599884033203,24.77027969650489,23.990380321209845,24.10906175057271,45018818
2021-11-25,25.07546043395996,25.245004424182586,24.65160207529472,24.685511520095773,23761504
2021-11-26,24.00733757019043,24.80419175029146,23.78693102603945,24.600739928819326,19734072
2021-11-29,24.600740432739258,24.787237535352737,23.617389133702044,24.159927335407712,19590729
2021-11-30,24.193836212158203,24.532922580245252,24.176881489531016,24.244698763148424,21765445
2021-12-01,24.838096618652344,25.17718456425276,24.499010289943083,24.583782276343186,23231362
2021-12-02,25.499319076538086,25.499319076538086,24.804191619290062,24.855054170166632,20933503
2021-12-03,26.6522159576416,26.855667790369683,25.651909900726626,25.651909900726626,18472749
2021-12-06,26.482669830322266,26.889573463129032,26.126628747393518,26.838710913251013,13119556
2021-12-07,27.516881942749023,27.516881942749023,26.465713480849214,26.720029448385574,19011704
2021-12-08,28.313735961914062,28.381551608894377,27.330384827332853,27.889877658494882,26828719
2021-12-09,28.347646713256836,28.72064414968593,27.906833618975107,28.39851088198337,28070356
2021-12-10,28.127241134643555,28.41546494988455,27.499929336607504,28.347646059812476,17159833
2021-12-13,28.72064208984375,29.212316083806456,28.262874305484246,28.262874305484246,21447674
2021-12-14,29.246227264404297,29.60226673975526,28.991912891470367,28.991912891470367,20914696
2021-12-15,30.433032989501953,30.58562226506469,29.314047124563764,30.09394499185525,33028787
2021-12-16,31.975875854492188,31.975875854492188,30.11089841549547,30.68734604634505,35968807
2021-12-17,28.7884578704834,33.688262512838826,28.7884578704834,33.06095074255173,38266067
2021-12-20,28.262876510620117,29.67008618309563,25.957087537900442,27.44906920856307,27432651
2021-12-21,25.448455810546875,28.652823912879132,25.448455810546875,28.381554826638443,22379094
2021-12-22,22.956167221069336,24.78723508792222,22.90530467390432,24.32946892965461,39313404
2021-12-23,23.346118927001953,23.8717023807859,22.057589142094045,23.464798748780655,26266051
2021-12-24,24.95677947998047,24.973732584721414,23.99038136653158,24.007336088163775,20401879
2021-12-27,24.95677947998047,25.651906897987985,24.600738410160616,25.126321845628674,16646618
2021-12-28,24.329469680786133,25.12632220624072,23.78692989900812,25.058504935629873,12731794
2021-12-29,24.97373390197754,25.126323170933222,23.634341543320712,24.227743896616953,13483077
2021-12-30,24.329469680786133,25.39759128868409,24.193835139564445,25.160231649991776,10705223
2021-12-31,24.058198928833008,24.702463806672558,23.78692984698294,24.346422732521525,9474178
2022-01-03,25.651906967163086,25.651906967163086,23.905611056618994,24.244697405721062,17004120
2022-01-04,25.906221389770508,26.24530773972341,25.482363048106567,25.821449398059467,20173933
2022-01-05,26.635257720947266,26.635257720947266,25.56713452733718,25.906220870493264,13532618
2022-01-06,27.194753646850586,27.466022735725385,26.211400774342486,26.279218046561184,14987338
2022-01-07,27.78815269470215,27.78815269470215,26.669166897182777,27.3982037845508,12575659
2022-01-10,27.669469833374023,28.161147022950164,27.60165418564967,27.974648332589247,12280661
2022-01-11,27.822063446044922,27.974652719581623,26.97434669696669,27.889882338186908,14136711
2022-01-12,28.059423446655273,28.46633033695456,27.550794684455372,28.127242339632755,16859412
2022-01-13,28.059423446655273,28.245922168560547,27.686429236627532,27.720338683116275,12788028
2022-01-14,28.059423446655273,28.195057998827433,27.618613577432857,27.974653064216223,12101154
2022-01-17,28.144197463989258,28.754551340571364,28.144197463989258,28.178106910961276,11980088
2022-01-18,26.736984252929688,28.245918874071844,26.736984252929688,28.144193780253225,9766739
2022-01-19,27.855972290039062,27.855972290039062,26.109674660520454,26.94043828549851,18888811
2022-01-20,27.126934051513672,28.07637583785754,26.550486444216403,27.805106756045006,18915811
2022-01-21,26.720029830932617,27.347338355919586,26.41485131227627,26.87261909026079,15145947
2022-01-24,25.2619571685791,26.872620201996092,25.194139896837747,26.652213664613857,13480322
2022-01-25,26.533531188964844,26.533531188964844,24.60073821146071,25.397590719042725,20150913
2022-01-26,26.533531188964844,26.838709708314436,26.279216834101003,26.567440631955346,9973777
2022-01-27,26.872621536254883,26.94043881136345,25.804498240626405,25.940132790843542,13176848
2022-01-28,27.042160034179688,27.41515580218587,26.821753517489267,27.025205313613235,16736465
2022-01-31,27.516881942749023,27.601655548819018,27.160842498602296,27.34733796439145,12861846
2022-02-01,27.618614196777344,28.0255178624186,27.48297640778072,27.618614196777344,13867637
2022-02-02,27.805105209350586,28.144193159645322,27.499926700841797,27.822059930243558,15382359
2022-02-03,26.703075408935547,27.754245514564293,26.448761051797423,27.63556246303617,12274281
2022-02-04,26.516578674316406,27.076071560977745,26.363989411246717,26.99129956850667,10313671
2022-02-07,27.60165786743164,27.61861259006988,25.855360241085105,26.363990601992917,14509607
2022-02-08,28.245920181274414,28.347645279800805,27.550792746076027,27.618611634282004,15159861
2022-02-09,28.53414535522461,28.720644072940807,28.144196430711403,28.466329697553185,12581438
2022-02-10,28.585010528564453,28.924095296405707,28.279831973859334,28.585010528564453,13014121
2022-02-11,28.65282440185547,28.720643291464302,27.499929148766448,28.245920765550398,17758379
2022-02-14,28.38155174255371,28.720639680398833,27.364291162800573,28.008557597949864,22207051
2022-02-15,28.92409324645996,29.229271779536074,28.415464513854854,28.415464513854854,16240947
2022-02-16,29.381860733032227,29.703993984934097,29.246226190197106,29.314045078505956,14458114
2022-02-17,29.008869171142578,29.771812330893276,28.958005000312717,29.636177775796515,17440979
2022-02-18,28.737598419189453,29.195362995374943,28.398510433927985,29.008867513885555,13978935
2022-02-21,29.008869171142578,29.2801382813361,28.500237164192573,28.97495972392267,15153562
2022-02-22,28.92409324645996,29.178407612762516,28.212011080543242,28.398509791597,11567701
2022-02-23,28.09332847595215,29.14449851534512,28.09332847595215,29.059724912452452,14901751
2022-02-24,25.295867919921875,26.380945940740382,25.295867919921875,25.431502470412763,20987244
2022-02-25,26.75394058227539,27.177800580583227,25.60104688430886,25.804498713361777,18040257
2022-02-28,26.821754455566406,27.10997824771196,25.889267428274415,25.889267428274415,19059590
2022-03-01,26.872621536254883,27.398205014123437,26.703077540037775,27.126935913689167,12104186
2022-03-02,27.10997772216797,27.330385859185448,26.66916468191536,27.10997772216797,11057170
2022-03-03,27.466020584106445,27.754244372680017,27.228657724598442,27.381246979359886,16337730
2022-03-04,26.245309829711914,27.48297550982165,26.245309829711914,27.262570577469237,19880284
2022-03-07,25.78754234313965,26.279217969506377,25.414546538584833,25.990994159199193,21177958
2022-03-08,25.414546966552734,26.245308967008302,25.38063913841747,25.601045680416338,21914682
2022-03-09,26.347034454345703,26.55048626432664,25.601044484415606,25.736679024402896,26682492
2022-03-10,26.279216766357422,26.753937648762076,25.94013042178267,26.482668573102274,19749407
2022-03-11,26.533531188964844,26.92348169889946,26.075765026831686,26.21139956501123,17852916
2022-03-14,28.7884578704834,28.958001854381195,26.940436853831986,26.97434468047679,47992752
2022-03-15,28.466327667236328,29.008865825042957,28.39850878061925,28.703687302831103,32383215
2022-03-16,29.076683044433594,29.212317591192797,28.347646142934387,28.652824681588257,23476021
2022-03-17,30.331302642822266,30.687345340169138,29.24622629620816,29.364906117396252,31960197
2022-03-18,30.907751083374023,30.90775108337402,30.16176269210501,30.297397239043256,17687858
2022-03-21,31.009479522705078,31.501153544333373,30.873841741530164,31.45028937639278,13707366
2022-03-22,31.450288772583008,31.77242202912345,30.94166003807294,31.00947892735835,18773432
2022-03-23,31.365522384643555,31.806335519724943,31.14511743399438,31.61983678424892,15947507
2022-03-24,31.975875854492188,33.01008805848953,31.484198602504094,31.484198602504094,22002915
2022-03-25,31.823287963867188,32.85750021265903,31.823287963867184,32.230191620835214,14494336
2022-03-28,31.31465721130371,32.17932872937864,31.31465721130371,31.908059613957047,16556092
2022-03-29,32.73881530761719,32.82358891078941,31.670693777905637,31.670693777905637,23111428
2022-03-30,33.90866470336914,33.95952886458581,32.72186014523832,32.78967902686054,21978860
2022-03-31,33.620445251464844,34.637705970258175,33.28135726727284,34.11212250516498,12944674
2022-04-01,33.29831314086914,34.34948334117355,33.02704403765176,33.756080965217,16060129
2022-04-04,33.89171600341797,33.89171600341797,33.50176706616724,33.5187217895846,14555862
2022-04-05,33.773033142089844,34.24775565382017,33.60348915691597,34.02734750295938,18424639
2022-04-06,33.73912048339844,34.40034163919249,33.65435011578029,33.891709732136896,15777096
2022-04-07,34.122501373291016,34.330672638448895,33.844941892260515,34.01841739509708,13329830
2022-04-08,35.77051544189453,35.822555779159465,34.59088593526025,34.660274154536886,22954223
2022-04-11,36.95014190673828,37.48791632667613,35.44091255728742,35.70112417180272,37168586
2022-04-12,36.62054443359375,37.05423158867176,36.048077521241595,36.8634081816309,21121609
2022-04-13,35.527645111083984,36.950138216556525,35.47560477864027,36.880750003708286,18717255
2022-04-14,35.007225036621094,35.89194716304324,34.955181390795026,35.805207753333136,16013134
2022-04-15,35.336830139160156,35.631737531018146,34.97253121567895,35.007226981490554,9715373
2022-04-18,35.83990478515625,35.83990478515625,35.35417399990601,35.35417399990601,12198738
2022-04-19,36.48176574707031,36.53380608959401,35.614391411456594,35.97868704420451,24045300
2022-04-20,35.85725402832031,36.62054434588519,35.68377850495051,36.568500696243134,18518743
2022-04-21,35.683773040771484,36.13480800895879,35.666425160213905,35.857248537577355,21234491
2022-04-22,34.26128387451172,35.59704105258489,34.22658810939469,35.37152188809447,20674153
2022-04-25,34.86844253540039,35.21539022052299,33.77554922077794,34.12250021467044,15106202
2022-04-26,34.348018646240234,35.475607807414754,33.75820389720961,35.35417263421539,13972610
2022-04-27,34.76436233520508,34.9031420860758,33.86229230016022,34.348019773822635,12969366
2022-04-28,34.81640625,35.440916847450595,34.608238256696865,35.04192543631076,10593586
2022-04-29,34.86844253540039,35.16334988757804,34.48679578036466,34.93783074891695,10702218
2022-05-05,34.660274505615234,35.631736055489505,34.660274505615234,35.406216895823256,13746187
2022-05-06,34.01841735839844,34.85109580059166,33.58473025615989,34.62557665451641,18600092
2022-05-09,34.81640625,34.95518601512562,33.966379775009244,34.01842342772032,15845173
2022-05-10,35.73582458496094,35.97868834893341,35.12866186625912,35.12866186625912,5619440
2022-05-11,34.694969177246094,36.308285773391255,34.694969177246094,36.18685391067411,20731045
2022-05-12,33.3939094543457,33.91433269376247,32.94287443609172,33.810248707633164,23680593
2022-05-13,33.515342712402344,33.82759799250566,33.25513108190638,33.758206459695856,14796047
2022-05-16,33.22043228149414,33.56738329631548,33.06430465570155,33.359212025668654,12821426
2022-05-17,33.099002838134766,33.758205843952155,33.04695918947668,33.37656234677054,13047301
2022-05-18,33.34186553955078,33.70616445123767,33.04695815724053,33.04695815724053,16611894
2022-05-20,33.01226806640625,33.515343455347555,33.01226806640625,33.22043605190939,7836920
2022-05-23,33.82759475708008,33.82759475708008,32.85613655205032,33.3071715458638,15937433
2022-05-24,33.3939094543457,34.22658796092063,33.3939094543457,34.01841998866203,13762243
2022-05-25,34.504146575927734,34.86844548116868,33.758204192178816,33.827595720327636,23996927
2022-05-26,34.712318420410156,34.937834273048836,34.191891877076685,34.52149502364419,15937168
2022-05-27,34.15719985961914,35.05926659052229,34.05311256435432,34.72966674849453,12801214
2022-05-30,35.336830139160156,35.66642998805941,34.556191952250664,34.69497170672676,15170346
2022-05-31,35.54499816894531,36.32563635700684,35.44091418012722,35.47560994599004,22129648
2022-06-01,35.64908218383789,36.4297203724704,35.388870557217174,35.63173760966415,13711921
2022-06-02,35.94398880004883,36.100116434403375,35.49295377955462,35.718472944186864,12108783
2022-06-03,35.63173294067383,36.25624010097743,35.51029777597738,36.13480824505089,8553997
2022-06-06,36.568504333496094,36.75932775905999,35.82256182495074,35.82256182495074,12912111
2022-06-07,35.94398880004883,36.51645568975873,35.57969319240174,36.42971958568189,17079322
2022-06-08,34.452110290527344,36.53380674826928,34.452110290527344,36.25624722057035,17124262
2022-06-09,34.10515213012695,34.76435835282623,33.35920981385824,34.46945100241231,18570023
2022-06-10,33.2377815246582,34.72966631722509,32.90817837795314,33.636772891907874,20473770
2022-06-13,33.91433334350586,34.19189285101509,32.960222950039174,32.99491871567041,15472169
2022-06-14,34.295982360839844,34.50415035051854,33.84494730484195,34.15720259813054,17561682
2022-06-15,34.6776237487793,34.6776237487793,33.77555369225158,34.295980251988496,10829922
2022-06-16,33.515342712402344,34.64292865039845,33.324519305945785,34.60823619276395,13100207
2022-06-17,33.42860412597656,33.9837231122038,33.411256244060695,33.584731754449244,15266419
2022-06-20,33.74085998535156,33.86229185216062,33.237781327119514,33.67146845644913,13307962
2022-06-21,34.5214958190918,34.57353946725541,33.79290128865278,33.98372468981571,13226657
2022-06-22,35.597042083740234,35.77051760558025,33.98372535553771,34.26128486697359,22848779
2022-06-23,35.26744079589844,35.90929926815946,34.712321743548664,35.54500032207333,18072706
2022-06-24,35.475608825683594,35.51030128168048,34.608234559126736,35.440913060916465,11105509
2022-06-27,34.10515213012695,34.10515213012695,34.10515213012695,34.10515213012695,131700
2022-06-28,34.590885162353516,35.99603048620267,34.348018128386556,35.21539235696975,19403921
2022-06-29,32.19693374633789,34.67762482434541,32.19693374633789,34.59088871608421,17177426
2022-06-30,31.74589729309082,32.665315220138694,31.62446542341418,31.936720693308565,22587323
2022-07-01,31.8499813079834,32.162236545711856,31.60711428487796,31.745894022893946,17930995
2022-07-04,31.3815975189209,32.422447177498064,31.26016566536137,32.144887709713466,11982077
2022-07-05,31.225473403930664,31.93672003342969,30.826482037874182,31.4162968002056,14204829
2022-07-06,31.329557418823242,31.503032932987466,30.774438420513892,31.27751708071313,14192018
2022-07-07,31.017301559448242,31.589768429057802,30.91321757645655,31.45098868214549,14665145
2022-07-08,30.895870208740234,31.190777589433736,30.895870208740238,30.965261737736455,5641885
2022-07-13,30.254013061523438,30.87852023636629,29.872366295417816,30.79178413976228,13278184
2022-07-14,29.369293212890625,30.271363244763556,29.178469815325517,30.254015362369433,14315647
2022-07-18,29.750938415527344,29.959109707495593,29.64685442392844,29.750938415527344,16505909
2022-07-19,30.20197296142578,30.271364493865608,29.664201820098633,29.750937926878038,35842234
2022-07-20,30.583614349365234,30.670353758918942,30.236666637460857,30.39279426588738,29061497
2022-07-21,30.653005599975586,31.034649072252265,30.514225854714052,30.583614072959758,22648550
2022-07-22,31.225473403930664,31.607116887710315,30.774438391043685,30.774438391043685,21137880
2022-07-25,31.3815975189209,31.62446122603996,31.034646529805226,31.26016566536137,18997076
2022-07-26,31.329557418823242,31.797940314435586,31.190777669245904,31.53772869757436,16303309
2022-07-27,31.398950576782227,31.71120585672168,30.982611306453084,31.503034567171913,14745778
2022-07-28,30.98261260986328,31.74589964985896,30.895873190247496,31.711207190783185,12801315
2022-07-29,31.919370651245117,31.988762177091704,31.017300667859892,31.017300667859892,19741113
2022-08-01,32.75204849243164,32.85613577924273,32.04080190973922,32.09284555314477,14558863
2022-08-02,33.06430435180664,33.42860324489777,32.71735664894421,32.7520491030914,20519963
2022-08-03,33.4112548828125,33.5673825049242,33.06430387617095,33.324515476767104,15936080
2022-08-04,33.74085998535156,34.07045982132751,33.636772691997905,33.79290032325818,16746289
2022-08-05,34.22658920288086,34.50414871514414,33.18573937750836,33.79290205137318,24643520
2022-08-08,35.007225036621094,35.19804842921317,34.41741028567299,34.60823367826507,21551824
2022-08-09,34.85109329223633,35.44090797353133,34.348014701638334,34.972525142720045,20399807
2022-08-10,35.683773040771484,35.683773040771484,34.642923368706136,34.851094626627166,19649960
2022-08-11,35.996028900146484,36.30828413808107,35.52764604324461,36.082764995675,26460218
2022-08-12,35.82255935668945,36.637893348814366,35.42356795688435,36.01338276910516,30049688
2022-08-15,35.180702209472656,36.204204131018756,34.97253092510297,36.10011683444876,18097052
2022-08-16,37.366485595703125,37.366485595703125,34.69497122329933,36.08276874872319,51577861
2022-08-17,38.788978576660156,39.03184231447708,36.915450277916065,37.36648529726912,49908363
2022-08-18,40.59311294555664,40.69719692578643,38.65019654034019,38.78897628356994,43458752
2022-08-19,40.28085708618164,41.44313865892077,40.14207734505324,40.61046021215036,21626862
2022-08-22,40.24616622924805,40.67985335107714,39.656351478858866,39.84717156249996,23799588
2022-08-23,41.824790954589844,42.01561105587173,40.17677841577705,40.24616994989444,27786197
2022-08-24,40.33290481567383,42.39725656925434,40.15942929449751,42.06765340989636,22671527
2022-08-25,41.11354064941406,41.44314048110469,40.62780987972289,40.62780987972289,19897994
2022-08-26,40.7665901184082,41.68600802287426,39.951259507197314,41.148233600699854,25437306
2022-08-29,40.26350784301758,40.67985036108988,39.53491670831582,40.21146750983597,22357164
2022-08-31,39.56961441040039,40.47168447128148,39.56961441040039,40.31555683348397,16108195
2022-09-01,38.47671890258789,39.37878883799366,38.216507312043504,39.37878883799366,22927369
2022-09-02,40.07269287109375,40.41964060192973,38.47672404469131,38.58080803306507,25557567
2022-09-05,43.498817443847656,43.5855535403204,40.870671368467725,41.6686573528509,40636257
2022-09-06,42.553382873535156,44.14935166254262,41.807440471998916,43.88913673454979,41071725
2022-09-07,42.588077545166016,43.54219127697698,42.032958512940944,42.79624883663563,26021189
2022-09-08,43.299320220947266,44.626405050398326,42.67481302174041,43.073804375716755,36357418
2022-09-09,44.32282257080078,45.1901968153078,43.36871222535112,43.542187736006554,25943828
2022-09-12,46.88157653808594,47.05505204609283,44.62640486030658,45.01672392612958,28402936
2022-09-13,43.19523620605469,48.48622102050618,43.1085001061334,47.70558288613412,38510723
2022-09-14,43.455448150634766,43.54218755999694,41.13088492005087,43.10850043949651,23877003
2022-09-15,42.692161560058594,44.62640573671183,42.3972541832863,43.71566343775244,23283560
2022-09-16,42.501338958740234,43.498820686382025,42.431947429373395,42.81359422335054,21564727
2022-09-19,40.6104621887207,42.77889781737418,40.54107396916429,42.50133832160815,18270609
2022-09-20,41.65131378173828,42.31051678594517,40.36760023024147,40.64515973819914,21564445
2022-09-21,42.51868438720703,42.76154810843414,41.3043591635314,41.94621753805024,22631598
2022-09-22,42.813594818115234,43.28197772153746,42.102348176075694,42.5186874317498,26538395
2022-09-23,42.06764602661133,43.6722868711288,42.06764602661133,43.21257963314948,20493960
2022-09-26,41.28701400756836,42.48399142891658,40.593115251993396,41.99826064562898,23036868
2022-09-27,41.373756408691406,42.46664661407224,41.21762876381264,41.46049251861494,17250397
2022-09-28,40.26350784301758,41.720696729960906,40.246163271136986,41.02679804779025,16262926
2022-09-29,39.36144256591797,40.99210369797528,38.407328949906535,40.41963685187643,16875567
2022-09-30,39.37879180908203,39.91656291128401,38.771629179488755,39.32674816353856,24084010
2022-10-03,42.848289489746094,43.02176169360539,39.63900408679609,39.63900408679609,25117804
2022-10-04,43.412078857421875,44.06260951954739,42.32786108721269,43.17788742200428,29801166
2022-10-05,43.455448150634766,44.322822391635626,42.640117555251216,43.75903112024715,23690300
2022-10-06,45.1901969909668,45.320304451656654,43.75903146722922,43.8891356191489,29463317
2022-10-07,45.667259216308594,46.49126217229624,44.66977742600611,45.36367621941328,23839450
2022-10-10,45.62388229370117,46.31778431132114,45.32030264256996,46.14430880691615,15163131
2022-10-11,45.276939392089844,45.884102067469115,44.713144770215436,45.62388712889915,15581077
2022-10-12,43.2819709777832,45.36366693180513,43.2819709777832,45.19019144177752,25574318
2022-10-13,43.80239486694336,44.236081944833884,43.05645256356848,43.28197169698265,32786416
2022-10-14,44.583038330078125,45.19019766564169,44.27945535352612,44.66977443265286,22151691
2022-10-17,48.78980255126953,49.00664611816406,44.84325029554311,44.84325029554311,47807876
2022-10-18,48.009159088134766,49.700539384987266,47.27189236557413,49.05000875610322,39861235
2022-10-19,48.87654113769531,49.31022829351788,47.14179251440503,48.13927429630511,26273042
2022-10-20,48.44285202026367,50.00412836502008,48.00916488200251,49.310226296786,28163624
2022-10-21,49.31022262573242,49.57043753633283,48.00916130781051,48.57295586908469,21360224
2022-10-24,49.78728485107422,51.08834626729982,49.22349024720168,49.70054543806368,25307702
2022-10-25,50.264339447021484,50.394443601842,48.91990999458805,49.960756468233136,26090569
2022-10-26,48.963279724121094,50.69802831800478,48.876540309164696,50.3510772757199,21599868
2022-10-27,47.70558166503906,49.310222633900544,47.22852651014268,48.963274934325916,21191382
2022-10-28,47.27189636230469,47.70558348489464,46.75147313870481,47.575476024609586,9150897
2022-10-31,48.226009368896484,48.4428529421537,46.70810435609598,47.40200643753535,22401236
2022-11-01,48.87654113769531,50.17760260516302,48.31274982038822,48.529593398299504,30221562
2022-11-02,49.180118560791016,49.61380566748446,48.48621985183551,48.919906958528955,20652419
2022-11-03,49.917388916015625,50.69802708782943,49.006646588079704,49.74391339908252,34485241
2022-11-04,51.912349700927734,52.346036843989026,49.83065339949576,50.307708595109105,46223702
2022-11-07,54.60121536254883,55.25174611752256,52.60625504238351,52.90983473786304,49385074
2022-11-08,55.2083740234375,56.5094354382041,54.38436779899793,55.165002662595725,42935961
2022-11-09,54.03741455078125,56.379325663158795,53.9940465004867,55.25173981164965,28797879
2022-11-10,55.51195526123047,55.94564241170883,53.560363084077835,53.86394276590454,22563407
2022-11-11,54.03741455078125,56.943120243298445,53.82057099053833,56.552797864337016,34042706
2022-11-14,54.81805419921875,54.99152971393946,53.560360853456416,53.90731188289783,26697398
2022-11-15,55.42521667480469,56.119112113999314,53.90731171604461,55.251741160620924,36363488
2022-11-16,55.07826232910156,57.94059986881105,54.90478682536614,55.68542162902052,46462881
2022-11-17,53.43025588989258,55.251743916520745,52.43277742393061,55.16500450071728,31645074
2022-11-18,54.60121536254883,55.81553745323747,53.300153852601376,53.43025801833381,25033425
2022-11-21,57.07322692871094,57.07322692871094,54.47110093232557,54.86141999722188,27797324
2022-11-22,59.1549186706543,59.37176222387156,56.98648313848163,57.50691296023513,29536739
2022-11-23,59.28502655029297,59.80544975823016,57.76712166691109,59.32839790826279,33259092
2022-11-24,59.50187683105469,60.67283083566109,58.63450251393278,59.5886129392587,34505392
2022-11-25,61.06315231323242,61.67031167889803,58.7646090845713,59.198296236486954,35208997
2022-11-28,61.540199279785156,62.36420877293736,61.41009843866555,61.583570638518516,25819196
2022-11-29,61.45346450805664,62.01725909607448,59.84882346334461,61.93052299427337,21309080
2022-11-30,61.23662185668945,61.800416453103054,60.71619862059247,61.453465423191574,31681062
2022-12-01,61.88715744018555,62.581059554769645,60.75957477591265,62.10400102380046,34807664
2022-12-02,59.71872329711914,61.71368696995179,58.85134893806864,61.71368696995179,31174060
2022-12-05,59.37176513671875,60.41261821375113,58.67786970290423,60.109038547861005,22124197
2022-12-06,59.50187683105469,60.75957356140598,59.11156103536618,59.41514072285067,23712189
2022-12-07,57.81049346923828,59.76208547715866,56.55279687138771,59.501870562419874,22364434
2022-12-08,58.374290466308594,58.59113403175916,56.379327017147205,57.76712451252274,25424165
2022-12-09,59.54524612426758,59.76208969601106,58.287549437631014,58.98145151422641,20683299
2022-12-12,60.71619415283203,61.75704054843601,59.89219130777388,60.10903485831971,37401840
2022-12-13,61.93052673339844,62.23410641680151,60.022299290860545,61.149888534975695,41204903
2022-12-14,60.80293273925781,63.3616907109968,60.369245620407845,62.190730196069666,46290907
2022-12-15,61.58356857299805,63.49178917753973,60.32587862239649,61.62693993027673,41189570
2022-12-16,62.40757751464844,63.31832316610873,61.67031069170188,61.843789520215616,12607821
2022-12-19,65.35665130615234,65.96381727854485,63.621902729386306,63.621902729386306,34433420
2022-12-20,65.57350158691406,66.18066762142425,63.92548894687402,65.4000293585062,30788736
2022-12-21,66.2240219116211,67.04803141028374,65.57349123151177,65.92044225107813,27991643
2022-12-22,66.74444580078125,67.87203497128195,65.79033545057162,66.70108105886375,23976981
2022-12-23,66.70108032226562,67.00465998249703,65.61686252319609,66.74444506370423,17420960
2022-12-26,67.65518951416016,68.26234882432244,67.0913949447008,67.30823850083591,15891835
2022-12-27,67.48171997070312,69.38994069273723,66.91792537906655,67.78529963772577,21834110
2022-12-28,68.95624542236328,71.03794472088595,65.48674879733872,67.52507674103272,50663228
2022-12-29,71.03795623779297,71.03795623779297,68.39246198529965,69.04299270795794,34200114
2022-12-30,72.5992202758789,74.07376043480113,71.38490165005379,71.51500249029206,31993725
2023-01-02,73.29312896728516,74.03039580498637,72.81607045125101,73.85692359054165,23211322
2023-01-03,72.29563903808594,73.94365135963868,71.73184447840472,73.37985679995747,28387374
2023-01-04,72.12216186523438,73.81353880999684,70.95120808674191,72.46911284859425,34781031
2023-01-05,70.25731658935547,72.51248839093778,68.86951906665409,72.4257522865578,22608382
2023-01-06,68.86951446533203,71.03795001765647,64.74948691591561,66.65770755494505,33555880
2023-01-09,65.92044830322266,69.17310200239483,65.2265462003829,68.82615095097495,37078770
2023-01-10,62.66778564453125,66.6143408823101,62.58104954846204,65.83370278260726,31811657
2023-01-11,60.45597839355469,64.2724261529093,60.28250620257762,62.841257415958836,29371250
2023-01-12,63.27494812011719,63.40505557954122,59.11155574133033,62.190730320817444,30261733
2023-01-13,63.10147476196289,64.0122203436877,61.93052088370254,63.058103403770225,25042851
2023-01-16,65.26991271972656,65.35664882175965,62.797897415311446,63.49179284911652,35793752
2023-01-17,66.87455749511719,66.96129360198339,64.87960056703156,65.26991635669982,37197860
2023-01-18,67.22150421142578,68.21898592000662,66.26739386225555,66.7878170874811,31862146
2023-01-19,68.91287994384766,68.99962266090168,66.74444436830129,66.96128792585593,26796043
2023-01-20,71.73184967041016,71.86195713476003,68.60930361371591,68.86951854241565,25773179
2023-01-23,71.99205780029297,73.6400700854944,70.25730941956301,72.07879389582149,31847998
2023-01-24,70.51752471923828,72.16553039614388,69.17309206961536,72.03542956089129,27372923
2023-01-25,69.52005004882812,71.25479861340254,66.70108363139468,70.86447621584894,26471496
2023-01-26,68.30572509765625,69.47667906153652,67.78530184899175,69.3899429563492,22277870
2023-01-27,68.5659408569336,69.08636411186885,65.31328724166238,67.78530266576036,27369572
2023-01-30,67.5684585571289,69.04299220404275,67.3082436229485,68.60930505876918,16331959
2023-01-31,66.31075286865234,68.08887257004523,65.79032968844021,67.22149839717841,23777574
2023-02-01,61.8004150390625,67.39497627979307,61.62694283684617,66.61434475227928,27667994
2023-02-02,62.97137451171875,64.87960199240169,59.285033639821854,62.36421513277563,40792111
2023-02-03,67.04802703857422,67.26487058447188,62.32083376748119,62.927999666518566,22403433
2023-02-06,66.35413360595703,67.1347717954176,62.450949276194855,65.4433879486629,6354309
2023-02-07,59.80545425415039,66.26739664256732,59.718718149230426,66.26739664256732,22063231
2023-02-08,57.2467041015625,57.2467041015625,57.2467041015625,57.2467041015625,10000
2023-02-15,65.74697875976562,65.74697875976562,63.27495655384173,64.18570227366013,11668763
2023-02-16,65.00969696044922,70.86447310922028,64.70611729846544,70.69100090738394,33541195
2023-02-17,64.9663314819336,66.44086503343983,63.49179131288711,63.70863487149333,14699783
2023-02-20,66.00717163085938,66.91791713729816,64.27242332719663,65.0530613873528,14609054
2023-02-21,65.2265396118164,66.87455197643857,64.66275165494112,65.61686198681494,18201603
2023-02-22,64.9663314819336,66.3541289335054,64.87959538199915,65.96381317503028,17838031
2023-02-23,65.13980865478516,66.13729042403281,64.70612150446362,65.13980865478516,14539164
2023-02-24,65.2265396118164,65.96381300318912,65.00969605377507,65.13980351210792,12491186
2023-02-27,67.61181640625,67.69855912049144,62.971365748552444,65.18317261090941,25778056
2023-02-28,67.26487731933594,67.872036661625,66.1372881207528,67.74192919755149,18182774
2023-03-01,69.56340789794922,69.82362280386157,67.30823631102193,67.4383437639781,21445168
2023-03-02,69.9537353515625,71.73184861299747,69.73689178668943,70.64763078863209,21511969
2023-03-03,68.43582916259766,71.81859003708733,66.96128897754302,69.52004696739945,31451178
2023-03-06,73.29312896728516,73.42323643688908,68.43583416988447,68.86952132353704,31118918
2023-03-07,72.85942840576172,75.63502303134634,72.85942840576172,73.55333037092767,29398907
2023-03-08,77.62999725341797,77.97694828532124,72.64259519523749,72.94617486657515,25534993
2023-03-09,75.9386215209961,77.93357841180985,75.67840658771834,77.62999873467956,17048208
2023-03-10,74.76766204833984,77.1963127365046,74.2906101536387,75.41819277364746,20156626
2023-03-13,73.1196517944336,75.50493097777165,72.64259331074985,75.20134469676907,15838133
2023-03-14,69.91036224365234,74.24723343268214,69.91036224365234,73.29312309460364,21270373
2023-03-15,68.5659408569336,70.51753302609633,67.09140058081954,70.12721062173935,19857941
2023-03-16,71.51500701904297,71.6451144850606,68.91288416885283,69.38994267173726,15257379
2023-03-17,68.43582916259766,72.68596428092877,68.43582916259766,72.03543359804769,18230339
2023-03-20,66.44086456298828,68.86951504919743,66.13728490659719,68.39245657662558,17348208
2023-03-21,66.39749908447266,67.91540396710556,65.35664605157173,66.78781483584793,16028657
2023-03-22,69.21646881103516,69.21646881103516,66.00718006849496,67.17813399964133,13688221
2023-03-23,69.65015411376953,70.04046987472402,68.04550647585818,68.86951597432028,14045048
2023-03-24,68.3924560546875,70.90784262102073,68.08887640061317,70.69099906560476,25062586
2023-03-27,67.8009262084961,69.92940669053665,67.8009262084961,69.88506743510528,19198497
2023-03-28,66.2489013671875,68.59909811261025,65.71678300900265,68.20001103553462,17964753
2023-03-29,68.68778991699219,68.82082121076596,65.27335613014655,66.07153712653644,20077961
2023-03-30,70.06243133544922,71.52576195076918,67.84526578685904,68.06698234171807,26697429
2023-03-31,67.84526062011719,69.61899292391111,67.35748153007316,69.61899292391111,17266559
2023-04-03,69.1755599975586,69.39727653601231,65.58374936810772,67.53485896625148,20601446
2023-04-04,71.25969696044922,71.3483822261331,68.37738184508488,68.86516095572429,20223536
2023-04-05,69.84071350097656,71.9691937418758,69.70768221724808,71.25969807282533,17897646
2023-04-06,69.1755599975586,70.594544490412,68.99818947329634,69.84070961291974,11353816
2023-04-07,68.77647399902344,69.70767941518653,68.5547574571391,69.26424633141785,10138901
2023-04-10,70.94929504394531,71.08232632540312,69.21990868374996,69.2642479334012,14430607
2023-04-11,72.45696258544922,72.50130859996216,70.72757627947378,71.52575717694393,20043193
2023-04-12,72.81170654296875,73.87594993859616,71.96918644190042,72.45695874442629,18366755
2023-04-13,71.3927230834961,73.16645533401774,71.3927230834961,72.8117075306631,17485211
2023-04-14,71.2153549194336,72.45696212284693,71.2153549194336,71.52575672028694,11801852
2023-04-17,70.41717529296875,71.70312853372985,70.0624274715082,71.34838071226929,13117174
2023-04-18,69.88506317138672,71.25970179844451,69.57465457104067,70.55021285855251,10921933
2023-04-19,70.10678100585938,70.63889941199677,68.99819817380121,69.97374971276187,12712062
2023-04-20,70.3284912109375,70.4171764762299,69.44162502550955,69.75202683715892,7158524
2023-04-24,71.03797912597656,71.5257582277779,70.41717551118572,70.68323130341668,15145783
2023-04-25,69.88506317138672,71.03798523605592,69.57465457104067,70.86061469264604,13259539
2023-04-26,68.73212432861328,70.06242350916709,68.02262872581731,69.84070697907478,17417813
2023-04-27,70.28414916992188,70.55021174709762,68.46607068047656,68.51041669875666,17180209
2023-04-28,67.0914306640625,70.50586424599548,66.6923368066923,70.19546242332017,17253071
2023-05-02,65.62809753417969,68.02263352149355,65.18466444273253,67.22445936989027,13130078
2023-05-03,67.18011474609375,67.71223311360446,62.657098472874495,65.93850071106732,20228970
2023-05-04,67.8009262084961,68.9538551097585,66.24891017708674,66.47062675300236,15031087
2023-05-05,67.1357650756836,68.33303979523652,66.7366780133338,67.80091469043444,13316001
2023-05-08,71.48141479492188,71.83616263029724,67.22446106917408,67.84526470639183,19591065
2023-05-09,77.02433013916016,78.5763460299111,70.7719273247435,71.08232914964321,58514478
2023-05-10,77.91120147705078,79.33018617420981,75.60535049838575,76.75827937084465,40009846
2023-05-11,85.67127990722656,85.67127990722656,78.17726266909996,78.31029396219596,44487763
2023-05-12,85.89299774169922,90.46036043040657,83.45411547519316,87.75541557378058,57876617
2023-05-15,77.33472442626953,77.33472442626953,77.33472442626953,77.33472442626953,4258163
2023-05-16,70.86060333251953,72.90039131973137,69.61898942894413,69.61898942894413,118841611
2023-05-17,71.92484283447266,72.85605499099934,70.77192090847718,71.6587870513591,46257139
2023-05-18,69.1755599975586,72.41262281223317,69.1755599975586,72.146560259588,34352575
2023-05-22,66.78102111816406,69.88505251844059,66.16021077835786,69.61898997763058,23544707
2023-05-23,66.60364532470703,67.75657400565967,65.982841737272,66.78102261129678,19791693
2023-05-24,64.38648986816406,67.35749052030938,64.03174200680657,67.04708867896632,22634441
2023-05-25,64.78558349609375,65.58375772320981,64.2978043428538,64.82992274968205,14686067
2023-05-26,66.51496887207031,67.04708726979636,64.3421492620837,64.962952931722,21724415
2023-05-29,67.5792007446289,68.86516077556304,65.18466474616842,66.86971185476196,31790713
2023-05-30,71.96919250488281,73.03342922391445,68.8208148311818,68.8208148311818,70397283
2023-05-31,69.88506317138672,71.96919750458902,69.88506317138672,71.9248514856103,37114798
2023-06-01,71.3927230834961,72.41262048079635,70.46151094547162,70.50585695823527,27038263
2023-06-02,75.64968872070312,76.18180708150336,73.38817722948698,75.38362615717696,44463095
2023-06-05,83.18804931640625,83.18804931640625,75.69402613241523,78.04422283232071,60095719
2023-06-06,83.2767333984375,86.6468207313564,81.59168634885215,82.16815070348026,53359156
2023-06-07,88.6866226196289,91.25853602884861,86.33642576695827,86.46945705413819,47375080
2023-06-08,88.8639907836914,90.10560482043753,86.42510872682485,88.50924971569435,30153695
2023-06-09,91.87934112548828,92.94358467341047,88.15450562339174,90.54904176527488,35461087
2023-06-12,89.573486328125,93.56438423383354,89.573486328125,92.7662032994414,22706743
2023-06-13,88.33187103271484,90.90378433294616,86.64682392109762,89.21873722132895,30457123
2023-06-14,88.06581115722656,91.87933153189769,87.17894500968653,88.6422687401262,32298664
2023-06-15,89.573486328125,89.66217159500142,87.66672264214715,88.50924959310358,25989506
2023-06-16,88.15450286865234,90.54903893570865,88.15450286865234,89.83955002551711,22481317
2023-06-19,84.29663848876953,88.28753655315889,84.29663848876953,88.24319053483138,19476984
2023-06-20,85.13915252685547,85.27218380592907,83.32107416743747,84.29663236980923,17517041
2023-06-21,83.80885314941406,87.35631783298714,83.58713660669075,85.75995601887848,21429163
2023-06-22,88.6866226196289,89.0413704633579,83.32107924464043,84.03057493209839,32507889
2023-06-23,91.87934112548828,93.12095521493794,89.75086079589636,91.34722273465341,27307482
2023-06-26,93.03225708007812,93.56437539733399,92.23407622106858,93.12094233857886,19219943
2023-06-27,91.968017578125,92.85488373323228,91.87933231586463,92.58882794645118,5822315
2023-07-03,94.36256408691406,95.69286337357286,93.12095006611544,93.2983205978358,26603211
2023-07-04,93.1209487915039,94.8946811494373,93.1209487915039,94.62861858924651,22524018
2023-07-05,96.84578704833984,98.35346365921963,91.70196711012343,93.47569952321575,37764775
2023-07-06,96.57972717285156,98.35345951113625,96.04760882461653,97.1118455210866,23118932
2023-07-07,96.9344711303711,99.50637750537733,96.04760499657539,96.49103806347324,22228166
2023-07-10,96.49104309082031,98.1760834198243,96.31366579506853,97.64396506507293,15471058
2023-07-11,98.9742660522461,100.03850954646506,97.02316312888948,98.44214768826266,24213733
2023-07-12,98.79689025878906,99.94981219165203,96.66841014994363,98.88557552035518,25133753
2023-07-13,99.59507751464844,101.01406208920777,98.53083400903981,99.32901494668324,22301149
2023-07-14,99.06294250488281,101.19142253769729,98.53082418824206,100.48193370426013,20733722
2023-07-17,100.12718963623047,100.65930797270367,98.88557567362518,99.861127084868,17691293
2023-07-18,96.047607421875,101.54617488375213,95.69285960614864,100.65930872756215,28037059
2023-07-19,101.54618072509766,101.54618072509766,95.24943200718484,96.31366874933127,20719673
2023-07-20,106.95606231689453,108.28636161627445,100.83668418649651,101.81224241904349,42881562
2023-07-21,105.71444702148438,109.08454124615922,105.00495813004108,106.95606103932522,21778636
2023-07-24,104.20677185058594,107.22211809142769,102.96515789656266,106.42393720910904,16078975
2023-07-25,103.31990814208984,104.82757791491572,100.65930964916049,104.56152212537391,15920688
2023-07-26,105.62576293945312,107.6655579034957,103.5859747416627,106.77869170456451,24418054
2023-07-27,108.19767761230469,108.7297959850164,105.71444951798041,106.42394519243084,23632387
2023-07-28,119.01744079589844,119.01744079589844,109.0845421072661,109.97140830326013,39457445
2023-07-31,119.72694396972656,122.03280163696036,116.88897467101924,120.61381022135416,37066353
2023-08-01,117.509765625,120.79116769444268,115.20390820728159,119.81562304271843,23047233
2023-08-02,116.80027770996094,118.75138067480565,116.17947406648824,118.21926906575955,23407428
2023-08-03,113.51887512207031,118.75138035922646,113.43018985413164,116.80027739956677,23505303
2023-08-04,117.59846496582031,119.01744278360657,113.60756701719525,114.31704915983616,23566482
2023-08-07,118.04188537597656,119.46086304115367,116.7115862028401,118.84005946685724,16863501
2023-08-08,115.29261016845703,118.75138306050884,113.69624824423899,118.48533401689313,16573272
2023-08-09,118.13056945800781,120.96853845515895,113.96230122476987,116.17946661824789,26967249
2023-08-10,118.04188537597656,123.8951936182752,117.50976029372079,118.75136744231362,47726454
2023-08-11,123.89521026611328,124.07258080653088,117.33240554312847,118.48533435460007,30498552
2023-08-14,121.14592742919922,125.668936895953,120.08167717113558,124.07257504136172,34045707
2023-08-15,121.0572280883789,122.032786255206,117.59845555599799,121.32329063683206,20908929
2023-08-16,120.79117584228516,122.47622977120558,118.30794773243183,121.05723841343097,20297401
2023-08-17,121.0572280883789,122.38752729814131,119.90429940008414,121.5006611582997,16493057
2023-08-18,119.72694396972656,123.27440897623697,115.91341638122685,121.41198443481699,25548466
2023-08-21,123.36308288574219,124.69338206769122,117.15502003664666,118.13056465057412,27935249
2023-08-22,125.22550964355469,125.49157222048778,121.05724104661896,124.60470598571402,29282561
2023-08-23,121.50066375732422,126.02368658026987,121.23460120317972,125.93499455138715,30374988
2023-08-24,120.87986755371094,129.39377508008658,120.87986755371094,121.5893632307017,60953509
2023-08-25,121.50066375732422,123.0083335208049,117.5984580715503,121.4119717284415,28441039
2023-08-28,125.04813385009766,125.84630801486254,122.03279419153671,122.47622729029592,27931336
2023-08-29,128.59559631347656,132.3204315691592,124.95943955643874,125.49156467832368,46119695
2023-08-31,125.75763702392578,129.48247256942184,124.95944927899481,129.12773148223366,22377010
2023-09-01,127.35398864746094,127.88610023506634,125.13682320117856,126.73317149649871,16272419
2023-09-04,127.35398864746094,129.7485246229451,126.5558009672969,127.79742173671741,20634951
2023-09-05,127.708740234375,127.88611077819951,125.13683351765697,127.708740234375,13239297
2023-09-06,125.84629821777344,128.24084759066176,125.22549463434072,128.06346353896396,16808723
2023-09-07,127.708740234375,128.6842985241674,125.6689451491305,126.46713289509837,16180656
2023-09-08,130.01458740234375,131.9656902918631,128.32953354082397,128.32953354082397,26759015
2023-09-11,126.37842559814453,131.07881887075163,124.33863075918256,130.45801527606847,17180779
2023-09-12,125.93499755859375,128.06347097756841,124.51600625760801,126.82186373858386,18807886
2023-09-13,122.9196548461914,126.9992310513117,122.21015921366937,126.11236489378507,12250712
2023-09-14,125.04813385009766,125.04813385009766,121.41197702727042,123.27440145506081,13718878
2023-09-15,120.96855163574219,125.58026698266613,120.96855163574219,125.22551236155385,12621529
2023-09-18,118.13056945800781,122.12146716626823,117.2437033006166,120.96853845515895,16105775
2023-09-19,119.19481658935547,120.25906689752321,117.50977615559786,118.2192718502081,13580710
2023-09-20,119.3721923828125,121.76672834509694,118.6626967374124,119.54956291103655,16112569
2023-09-21,123.09703063964844,123.27440117224435,118.04189603189178,118.92876222737554,16849246
2023-09-22,121.944091796875,125.5802483107285,120.8798551567847,123.54045352326197,16101734
2023-09-25,125.93499755859375,127.2652968285789,122.38753283863336,122.38753283863336,19935003
2023-09-26,123.36308288574219,127.88609198486708,123.36308288574217,126.37842228515878,19851644
2023-09-27,123.45176696777344,125.58025387476313,122.91965539040378,124.16126260343667,11940737
2023-09-28,125.93499755859375,126.99923426808108,123.71783210861851,123.89520263811573,17015531
2023-09-29,130.10325622558594,130.63538130702102,126.20105073673858,126.28972922864244,29525477
2023-10-02,133.38467407226562,134.27154029224747,130.0145932623383,130.36933433732924,25932602
2023-10-03,136.4000244140625,137.73032371550164,131.6996308424766,133.9167963448752,31760947
2023-10-04,137.1981964111328,139.1492993158718,133.38466910084514,136.40002225589998,23608502
2023-10-05,139.0606231689453,139.3266857360248,133.29599285640776,137.3755692657779,25270436
2023-10-06,140.12486267089844,141.89859510977055,137.46426401259023,137.46426401259023,30000644
2023-10-09,138.5284881591797,142.25332323523892,136.7547558817702,137.46425149923465,24921683
2023-10-10,138.4398193359375,141.18909643847914,137.2868905685794,140.1248597041887,15074020
2023-10-11,135.42446899414062,140.47960373815482,134.6262948096927,138.61719279694148,16191715
2023-10-12,134.53759765625,137.64162930601682,133.11861987871617,136.48870055817406,15579615
2023-10-13,129.74851989746094,134.80365422437427,129.74851989746094,134.5375916740097,14083888
2023-10-16,128.77297973632812,132.3204448173978,128.6843012288046,131.25620799957798,13653675
2023-10-17,132.85255432128906,132.9412328183521,128.95033507291453,129.4824601853077,11955735
2023-10-18,128.41822814941406,132.05437144093324,127.44266991882118,131.25619727590578,13066173
2023-10-19,129.21641540527344,131.69964371721704,128.41824115938346,128.41824115938346,10565900
2023-10-20,122.65359497070312,128.41822512050294,122.38753241113466,128.41822512050294,15766382
2023-10-23,125.58026123046875,126.28974337518531,122.03279637686798,124.16126987602665,13608810
2023-10-24,128.41822814941406,128.77296921553645,125.31419645707845,126.11237062210591,17010754
2023-10-25,121.32330322265625,130.63539865701028,120.87987010673464,129.0390367331915,20771466
2023-10-26,126.28973388671875,126.28973388671875,119.54955929078633,123.27439440070997,35813824
2023-10-27,123.09703063964844,125.75762922609975,121.41197674872674,124.87076303061599,23887927
2023-10-30,121.32330322265625,123.71783934213205,120.70249956686695,122.21016945449949,18531593
2023-10-31,121.32330322265625,124.2499644942399,119.72694129883747,122.5649105342349,16846005
2023-11-01,123.80653381347656,124.16127490018938,119.01744794782338,122.29885036368454,15504698
2023-11-02,122.9196548461914,125.13682024000795,122.65359229243269,124.16126205372723,15095364
2023-11-03,123.09703063964844,124.4273299328741,121.76673134642279,123.36309320479441,12832532
2023-11-06,127.17659759521484,127.7974147120525,123.9838876475649,124.16125816701714,15561441
2023-11-07,127.708740234375,131.43357578470992,126.64450343892288,127.17661507039641,16660295
2023-11-08,127.0879135131836,129.30507874009712,125.2254893095752,128.5068911389067,12758175
2023-11-09,127.0879135131836,129.03901620636697,125.2254893095752,125.49155184330534,12143542
2023-11-10,124.60469818115234,127.62003777751671,124.42732765180807,127.3539887497523,7849083
2023-11-13,121.32330322265625,123.45177676607813,121.05724064660234,123.0083436501565,11911120
2023-11-14,122.8309555053711,123.18569653426275,119.54955362436355,121.94408940063917,12044280
2023-11-15,123.89521026611328,125.66894273529888,123.00834403152048,123.36309864486047,12959254
2023-11-16,127.62004089355469,127.62004089355469,124.07257609003679,124.16126812312645,12284852
2023-11-17,126.11237335205078,128.15216835767032,125.75763227824936,127.53136471226556,7837178
2023-11-20,126.99923706054688,128.15216582638544,126.64449599375236,126.99923706054688,9334228
2023-11-21,128.24085998535156,128.9503421307026,126.8218686296405,127.7087348438338,12357377
2023-11-22,127.44266510009766,129.0390269022969,127.44266510009766,128.4182232938038,9233260
2023-11-23,124.60469818115234,129.12772110820288,124.60469818115234,127.70872980844084,13098071
2023-11-24,125.40287017822266,126.20105784533523,124.07257093220544,124.69338807301645,9257505
2023-11-27,126.28973388671875,127.08792153831176,124.16126054747767,125.93499284101306,13858906
2023-11-28,126.99923706054688,127.53136219324291,125.58025926086455,126.5558039608016,11697361
2023-11-29,126.99923706054688,127.79742475959094,126.20106289400708,127.35399165984566,11610583
2023-11-30,125.49156188964844,127.44266473902915,123.27439648523769,126.91055316147279,16640746
2023-12-01,125.93499755859375,127.79742194957454,124.07257316761296,126.82186373858386,14498080
2023-12-04,126.64448547363281,127.08791853654293,124.51599865216232,126.20105241072268,10306573
2023-12-05,128.59559631347656,129.0390294042127,126.73317191938324,127.26529704126818,18908397
2023-12-06,125.75763702392578,130.4580308579469,125.75763702392578,128.68429835699592,23157668
2023-12-07,126.46712493896484,126.46712493896484,122.65359759037675,125.9349998084626,17514675
2023-12-08,125.75763702392578,127.26530694323311,124.42733764821254,126.64450327440127,10803041
2023-12-11,123.45176696777344,126.11236545213279,123.27439644198354,125.84630289719611,10098743
2023-12-12,122.9196548461914,124.0725700249731,121.58935560990146,123.36308792495471,12586379
2023-12-13,121.23460388183594,123.36309082951686,120.96854132181284,122.65359518028988,12653973
2023-12-14,128.1521759033203,128.1521759033203,122.21017460599961,122.38754515334396,18319966
2023-12-15,131.25619506835938,131.43356559843744,127.62003830549105,128.24085545952028,20691779
2023-12-18,128.24085998535156,132.14306591480025,127.53136430749603,130.45802552083478,16837775
2023-12-19,127.26528930664062,128.50689647224073,125.58024907725432,128.3295259532269,12236121
2023-12-20,126.82186126708984,127.70872742979677,125.13682097094818,127.2652943484433,10088548
2023-12-21,128.1521759033203,128.59560903793388,126.4671354047909,126.91056853940447,11170056
2023-12-22,124.60469818115234,128.506903956742,124.60469818115234,128.15216289805346,10365879
2023-12-25,121.50066375732422,124.69338734205098,121.50066375732422,124.51600328428556,6084344
2023-12-26,121.944091796875,123.45176149804483,120.7024846388535,122.47621688317169,8821245
2023-12-27,120.61380767822266,122.65360272045825,119.99300402167393,121.94410702761482,9411433
2023-12-28,125.31420135498047,125.75763447121713,120.79117815636465,120.79117815636465,10027634
2023-12-29,125.75763702392578,126.37844069275762,123.71784194133114,125.66894498587622,9179187
2024-01-02,126.73316192626953,127.08791649038785,124.60468867157127,126.20105037884642,13934022
2024-01-03,123.00833129882812,126.82185841933683,122.83096077677028,126.82185841933683,10837888
2024-01-04,125.84629821777344,125.84629821777344,122.91965081980447,123.00832931315018,9338045
2024-01-05,126.02368927001953,126.37843032811442,124.51600594185642,126.02368927001953,6402993
2024-01-08,128.86166381835938,129.92590057045606,126.37843570846408,126.37843570846408,16354050
2024-01-09,127.708740234375,131.1675132027206,127.4426776523857,129.7485353196195,13713564
2024-01-10,130.45802307128906,131.07882670306694,127.3539913798954,127.44266988014697,15329928
2024-01-11,135.86790466308594,136.93214143989766,130.01459562436904,130.7240777872403,29682455
2024-01-12,137.90768432617188,140.30222018996488,134.00547873573169,134.6262823252331,25628932
2024-01-15,142.16464233398438,144.91391919792105,136.4000125300003,137.90768223377245,36905093
2024-01-16,141.54385375976562,144.9139345610659,140.47960347250813,142.1646574056628,20511302
2024-01-17,140.12486267089844,141.3664699651071,139.06062591407607,140.56829578061647,11797678
2024-01-18,138.7945556640625,142.0759577879581,138.5284931064485,141.54384620523396,11167730
2024-01-19,136.4000244140625,139.41536408432287,135.60183671369643,139.23799355063184,16644406
2024-01-22,136.8434600830078,138.35112994643603,136.40002697420513,137.19820115704815,17758454
2024-01-23,134.0941619873047,139.50405102882613,134.005483489946,138.1737517759114,25620009
2024-01-24,136.04527282714844,136.5773979725107,133.6507367380274,134.62629499369004,14285723
2024-01-25,137.10951232910156,138.26242749915912,135.7792131028781,136.66607925369374,11083171
2024-01-26,141.89859008789062,142.69676424413336,137.28688861653498,137.37556711583747,16137753
2024-01-29,143.93838500976562,144.2931260719415,141.45515697702243,142.0759606020822,17738502
2024-01-30,144.73655700683594,145.889485740465,142.4307130720817,144.47049444792094,14412086
2024-01-31,142.51939392089844,145.88948814690215,142.43071542146663,144.55918886288785,14175405
2024-02-01,150.67855834960938,152.54098273789927,142.78545477210338,142.78545477210338,26878438
2024-02-02,151.210693359375,154.13735464702515,150.67856820434594,151.65412647773093,14288239
2024-02-05,150.05775451660156,152.62967455068429,149.7916919568683,152.54098251993855,10502919
2024-02-06,151.29937744140625,152.89572575755494,150.5011897508278,150.5011897508278,11798114
2024-02-07,149.17088317871094,152.00885214184567,148.55007958247887,151.56541906846513,18661965
2024-02-08,150.85594177246094,152.71835262035933,149.34825844903818,149.436950479535,13437454
2024-02-09,153.1617889404297,155.29027592474188,151.47674858545702,151.83148964992364,17615214
2024-02-12,153.07310485839844,155.9110738681507,151.65411358727047,154.84683718105657,14356053
2024-02-13,150.41250610351562,153.69390818802256,150.41250610351562,153.4278456336023,11497363
2024-02-14,152.09754943847656,152.09754943847656,148.99351781728316,150.7672501722508,11220509
2024-02-15,153.42784118652344,154.58076986725808,152.18623401188813,152.45228302609337,12253199
2024-02-16,151.74281311035156,153.8712865896563,151.03331743974854,153.7825945561418,10014835
2024-02-19,153.78257751464844,156.08843480545747,152.36359986319144,152.45227835437467,23627687
2024-02-20,156.62057495117188,157.24137857919382,153.87128434242658,154.40340947073346,14319855
2024-02-21,154.31471252441406,157.06400304560913,153.6939089161614,157.06400304560913,9041477
2024-02-22,155.5563201904297,156.0884453033289,154.58077552678614,154.84683808323575,7916132
2024-02-23,154.84683227539062,156.70924303567685,154.84683227539062,155.7336984086231,9108096
2024-02-26,155.11289978027344,156.88663225818397,153.87129245873803,155.64502493664855,11355610
2024-02-27,154.75814819335938,155.91107693224623,154.04865254385177,155.11288925186122,10480638
2024-02-28,151.29937744140625,155.37895379629217,151.29937744140625,154.75815016973388,13587616
2024-02-29,149.17088317871094,153.51653541734223,148.10664650909834,151.92017364667163,19186092
2024-03-01,146.8650360107422,150.32380849225294,146.8650360107422,149.7916834031729,10704020
2024-03-04,145.88949584960938,148.7274650988455,145.88949584960938,147.30848724047985,8068867
2024-03-05,146.51028442382812,148.7274497859699,145.09130671155944,145.6234182789714,11816876
2024-03-06,148.3727264404297,150.67857057261952,145.18000252508372,146.68767244468958,17066785
2024-03-07,155.0242156982422,155.0242156982422,148.9935227838246,148.9935227838246,12863027
2024-03-08,154.84683227539062,156.531872515531,153.87127411583361,155.2015733156823,19382842
2024-03-11,159.63592529296875,163.80419396911748,157.50745170206451,157.86219278971353,31040390
2024-03-12,159.72462463378906,161.67572777007376,158.12826260137223,159.63593259156926,12333419
2024-03-13,157.0640106201172,161.05490855028106,156.97531858644513,159.7246092402264,12087282
2024-03-14,157.9508819580078,159.6359223924821,156.08845745042694,157.50744884025093,12870383
2024-03-15,158.48297119140625,159.28115881011402,156.97530151051768,158.12823016031587,12502690
2024-03-18,155.37896728515625,157.7735034997595,151.83150221685358,157.7735034997595,20177260
2024-03-19,159.99066162109375,160.43409473371597,154.1373526539833,155.2015894177757,16231781
2024-03-20,166.02134704589844,167.52901685317477,158.92641756930018,159.90197578533406,24296182
2024-03-21,174.18051147460938,174.97869915215065,166.19871589421987,166.99690357176115,23420603
2024-03-22,172.76153564453125,175.59950473167365,171.51991486530991,174.18051342185043,13324740
2024-03-25,174.44656372070312,187.3948145319615,170.7217287098969,172.93889401781763,24491125
2024-03-26,172.22940063476562,175.51080262632206,170.01223529824057,175.24475361194166,12390974
2024-03-27,169.3914337158203,172.76152777373522,167.97244247064452,172.22940267366843,11648041
2024-03-28,180.38858032226562,182.87180839778688,168.68194914624175,170.27831101854144,16319216
2024-03-29,176.6637420654297,184.46816723173467,175.77687587681558,181.80756866589232,11976625
2024-04-01,185.53240966796875,188.104329813695,178.08273886708173,183.13787359143396,19777506
2024-04-02,185.7097625732422,194.2236828509423,183.13785620419904,185.53239205339494,21592939
2024-04-03,181.0093994140625,187.48351194037517,180.9207073797961,185.62110101332112,9149570
2024-04-04,185.53240966796875,189.70067817638184,180.03384183564694,181.7188822329295,14165021
2024-04-05,197.41641235351562,200.4317518803064,187.57219257825133,200.4317518803064,19584007
2024-04-08,191.65179443359375,198.74672415207934,191.65179443359375,197.50510333184167,12085507
2024-04-15,191.9178466796875,193.9576417143455,188.10433271826722,192.44997183046948,17624455
2024-04-16,192.5386505126953,194.75581593300498,189.34592689444784,191.29702975781962,16326687
2024-04-17,192.3612823486328,197.68247979708744,191.65180018150946,194.40107741037474,13452382
2024-04-18,190.14410400390625,193.8689527942332,188.90249676213327,193.3368276720425,12884261
2024-04-19,195.02186584472656,196.44085713318225,187.6608874418113,188.3703695535353,15256653
2024-04-22,191.56309509277344,198.65802454065394,190.49885838209215,197.9485288893651,15078321
2024-04-24,195.24700927734375,197.7336429056562,192.7603756490313,194.78652104791604,12661938
2024-04-25,196.53636169433594,200.3123706238414,195.247000332204,195.6153852776746,13180996
2024-04-26,199.85186767578125,201.04913973973524,195.89166656561832,197.0889386295723,13040940
2024-04-29,207.21969604492188,208.41696821044508,200.40447610730513,201.69383748372394,16748327
2024-04-30,208.23277282714844,211.54827948576636,206.29871673654935,207.2196931505518,15097259
2024-05-02,216.429443359375,218.63978098951122,209.70631315931678,209.98260887632978,15150124
2024-05-03,214.3112030029297,218.4555967552325,211.54827383472778,216.429451509148,11574009
2024-05-06,215.8768768310547,218.08722876918304,211.64039354236675,215.600595135151,12182754
2024-05-07,217.35043334960938,219.65287438085525,211.54827914027285,216.7057526714575,19075683
2024-05-08,214.77169799804688,218.17930793612908,212.28506447852664,217.99511546301366,10932528
2024-05-09,216.98204040527344,217.35042533549583,213.85071228644605,214.7716886649863,9535258
2024-05-10,218.45559692382812,222.87628640695976,216.33734841597501,217.16623559886594,12760549
2024-05-13,218.54771423339844,223.06049321385507,216.70576133476547,219.74498642810696,10092162
2024-05-14,227.02069091796875,232.0860613035624,217.8109265805258,219.3765837072941,13855029
2024-05-15,221.4948272705078,227.02068574711092,220.11336265135702,227.02068574711092,10206706
2024-05-16,219.92916870117188,223.0604828623396,215.23218340643555,222.87629039162115,11679835
2024-05-17,225.4550323486328,226.00760977355264,221.8632158482211,221.95531911220027,12979954
2024-05-20,226.37600708007812,230.15200197418167,224.71824671177134,226.37600708007812,15066884
2024-05-21,242.90753173828125,248.8938784920209,225.73132705836076,227.0206884302799,56712120
2024-05-22,241.06556701660156,249.35435442118384,237.38166150345387,242.90751977317538,19446022
2024-05-23,235.30947875976562,245.67046363666333,235.30947875976562,241.98655790265525,11693498
2024-05-24,228.58633422851562,232.08604727581124,227.84955031545587,231.16507089773262,13610763
2024-05-27,230.15200805664062,233.2372847695544,226.83650128538977,229.04683913289034,10937207
2024-05-28,230.05990600585938,231.62556306488597,226.19180796209238,231.3953189664119,11227166
2024-05-29,230.93482971191406,234.8489793680482,227.3890649904576,229.7836092248158,12323009
2024-05-30,229.3231201171875,233.6977579507483,228.8626319241811,231.6255610822195,10859064
2024-05-31,219.3765869140625,235.53972637313888,219.3765869140625,229.78362357809638,25833605
2024-06-03,213.85072326660156,218.54770865951699,212.10087367872288,218.27141292117167,23701921
2024-06-04,209.0616455078125,218.8240010954505,209.0616455078125,215.047992185349,22537588
2024-06-05,205.5619354248047,210.62730576662685,203.90417504779313,210.3510100282941,17039913
2024-06-06,199.85186767578125,206.48289457608598,199.85186767578125,206.2987021169355,14536800
2024-06-07,196.16798400878906,201.23335448788924,195.24700755804355,200.7728662625165,11688161
2024-06-10,192.85244750976562,196.53635301369988,191.93147113378205,196.16796808450016,10564356
2024-06-11,198.10202026367188,199.75976646599162,191.5630824994676,192.39195560062748,39832078
2024-06-12,199.66769409179688,202.61481587575628,196.44427656650075,197.4573422140884,19114622
2024-06-13,204.36465454101562,206.48290304054032,201.14123718829939,202.15431683463254,17390029
2024-06-14,200.31236267089844,208.3248543671375,199.4834895500057,208.14066190171516,16760528
2024-06-20,206.29872131347656,206.29872131347656,201.87803161759075,202.6148155757359,16986728
2024-06-21,204.45675659179688,206.7591975444072,203.16739527952882,206.7591975444072,12673695
2024-06-24,205.5619354248047,207.21969580181621,203.07530188577988,204.91725473735158,11795416
2024-06-25,201.325439453125,207.40387504370756,200.68074475381934,206.02241049316825,14775327
2024-06-26,199.85186767578125,204.08836450116186,199.85186767578125,200.95703648366808,11930335
2024-06-27,206.7592010498047,207.58807418560338,200.40446953405572,200.40446953405572,18628392
2024-06-28,208.87744140625,213.75861892829724,207.49597686527346,207.86436178834026,20106926
2024-07-01,205.0093536376953,213.9428219670807,202.89110509287576,210.9035970160774,16177690
2024-07-02,202.98318481445312,207.31178496358964,199.85187080097705,206.11451288091325,15178385
2024-07-03,210.35101318359375,210.53521971390205,203.71998562906612,203.71998562906612,15654136
2024-07-04,216.429443359375,217.1662272537484,209.06163252160906,210.44309705369017,15984586
2024-07-05,211.3640899658203,219.19238959418402,209.15375216253514,216.5215635774657,19056382
2024-07-08,209.24583435058594,213.66652386177122,208.6011536840137,212.28505926783734,11172454
2024-07-09,208.87744140625,211.45617802666968,207.40387360801475,209.5221220481089,20641129
2024-07-10,206.9434051513672,209.70633449665377,204.64096403029504,209.52214201756505,11886188
2024-07-11,212.6534423828125,212.92973810982863,208.50904863652394,209.15374335055637,13306910
2024-07-12,211.8245849609375,214.31121858249054,211.0878009852589,212.65345815046,9900058
2024-07-16,211.7324676513672,216.42945288843774,211.2719794537322,213.6665237026279,13588647
2024-07-17,209.70631408691406,211.82456252273823,207.5880656510899,211.7324592656652,11204570
2024-07-18,207.7722930908203,213.1139452674206,206.7592133729214,210.62731165883332,15502079
2024-07-19,207.4038848876953,209.06164523762143,205.2856363324,207.6801806215138,13398852
2024-07-22,210.90359497070312,212.10086709772762,207.49598511146772,208.41696150871968,17419730
2024-07-23,211.8245849609375,213.85073035431458,206.94340693167533,211.36409673276154,21966361
2024-07-24,206.7592010498047,211.4561862939562,206.7592010498047,211.17989056436178,11622505
2024-07-25,201.69383239746094,207.58807575957186,201.5096399273296,206.75920261748848,10856601
2024-07-26,204.45675659179688,205.377732972841,200.9570435332323,202.98318876093253,12809977
2024-07-29,200.5886688232422,205.1014476991187,200.5886688232422,203.44368731816925,7577409
2024-07-30,200.68075561523438,202.4306192390823,198.65461030871276,201.14124382367044,7549113
2024-07-31,198.10202026367188,201.32543751726868,196.9047481874534,199.94397298001292,9789673
2024-08-01,201.23333740234375,203.2594826113586,200.4965534937063,200.77284921606838,8785135
2024-08-02,192.29986572265625,198.83878941095986,189.72112911821958,198.47040449017632,13252646
2024-08-05,180.60348510742188,186.4056254242547,178.0247482705044,179.40621292746178,19206062
2024-08-06,177.38006591796875,186.12934199698933,177.0116669144295,186.03723873285824,15131325
2024-08-07,178.94570922851562,181.52444584235573,177.47214143404017,178.7615167674522,15072541
2024-08-08,180.51138305664062,181.6165519790434,177.38006876766852,178.66943016830754,15346707
2024-08-09,171.2095184326172,178.0247526739739,171.2095184326172,177.8405601924206,20692256
2024-08-12,171.48580932617188,174.24873863020144,170.1043446741571,172.1304900198484,14909551
2024-08-13,171.57791137695312,173.97244165838018,167.89400566430996,171.48580811294303,15090786
2024-08-14,168.0782012939453,173.41986748813076,168.0782012939453,172.68308352117668,11380860
2024-08-15,171.0253143310547,171.5779057911553,166.7888313312267,168.63078412758267,15866835
2024-08-16,167.0651092529297,172.40677505288662,167.0651092529297,171.76209439925037,12025752
2024-08-19,170.56483459472656,170.93323360406703,165.9599523753604,167.61771278492927,14161043
2024-08-20,170.9332275390625,173.51195024802183,169.45965965995592,170.19644359950922,15487608
2024-08-21,175.906494140625,179.2220148346265,170.56482815717138,170.93322715260751,22414696
2024-08-22,177.74844360351562,179.31410065885643,173.23566490524192,177.2879554076516,15932609
2024-08-23,170.56483459472656,178.48523763323053,170.10434637278996,177.74845366753487,17121464
2024-08-26,167.70980834960938,172.40677956589613,166.60462542532107,171.76209889538438,14572704
2024-08-27,170.8411102294922,172.22257473269565,166.9730124311193,167.61769305535083,11976785
2024-08-28,171.39370727539062,173.51194167408156,170.47273090970444,171.39370727539062,9228825
2024-08-29,171.57791137695312,173.14356849422947,168.81498209247076,171.48580811294303,13911609
2024-09-02,177.47215270996094,177.8405517084785,172.49888568034527,172.590974890236,15037816
2024-09-03,179.12991333007812,180.5113779573024,177.47215296681205,178.30104017493753,18722957
2024-09-04,176.8274688720703,179.22201313424011,173.41985900127838,176.8274688720703,17519010
2024-09-05,173.3277587890625,178.20893660751386,172.2225898997679,177.65634513637414,15159526
2024-09-06,171.76210021972656,174.1566445035011,171.76210021972656,172.86726909955146,11081049
2024-09-09,164.57847595214844,171.30160632272313,164.57847595214844,170.6569256686646,13813350
2024-09-10,163.2891082763672,166.42042221853308,161.72345130528424,165.13106096069623,14048259
2024-09-11,158.6842498779297,164.21010874272363,158.6842498779297,162.55234827268828,13315042
2024-09-12,160.06570434570312,161.63136144655425,155.00033404395924,161.07876997426095,18687445
2024-09-13,161.35507202148438,161.63136776843777,158.13165443066083,160.52619883360964,15656892
2024-09-16,158.40794372558594,162.55233760212744,158.40794372558594,161.44716871231336,11792989
2024-09-17,163.93380737304688,165.49946452050702,158.8684369205089,159.3289251434669,18063565
2024-09-18,164.4864044189453,166.05206161930099,163.01283643450125,163.93381291153233,12397920
2024-09-19,171.2095184326172,172.0384056790854,166.69673939612622,167.06512435923284,17299859
2024-09-20,171.0253143310547,172.9593703884223,169.92014546383803,171.39371332211664,14589149
2024-09-23,170.4727325439453,173.78823906040927,170.01224435668775,172.0383895700242,11754725
2024-09-24,175.53811645507812,178.66943075432053,170.19645025079518,170.84113095322917,23900391
2024-09-25,172.49888610839844,176.27488099492564,171.9462946357433,175.9064960484788,12766977
2024-09-26,171.76210021972656,176.45908552521325,170.9332270731041,173.8803487702987,16879301
2024-09-27,172.4067840576172,173.41986374694707,170.84112694473149,172.22259158309856,11186074
2024-09-30,173.3277587890625,174.1566459957721,169.5517639128906,171.85420495433135,11601062
2024-10-01,169.18336486816406,174.89341583877732,166.97302709017984,174.06454268527943,18172152
2024-10-02,160.8945770263672,169.82804544884723,160.80248781658,168.99917229583815,14898771
2024-10-03,157.94744873046875,164.30218011359128,156.65808742325046,160.89457032767072,13596828
2024-10-04,162.36813354492188,162.73651846424863,158.1316367077448,158.86842059938218,11270906
2024-10-07,163.38121032714844,166.2362428335727,162.36814470288988,163.2891211174803,9584331
2024-10-08,164.94688415527344,166.88092622555703,162.36814734191023,163.2891237714696,13893796
2024-10-09,168.3544921875,168.3544921875,162.5523379377647,164.8547789850418,10811473
2024-10-10,165.03895568847656,171.20949429497688,164.9468664871757,168.1702836453607,13187608
2024-10-11,161.26296997070312,167.3414056548849,160.15778707086614,164.76266897690581,12526934
2024-10-14,158.7763214111328,161.99973872327402,158.59212894675017,161.53925053582526,9606163
2024-10-15,166.2362518310547,166.9730358132022,157.57907868653194,159.1447358654794,21296709
2024-10-16,167.80189514160156,167.80189514160156,162.18394760463036,165.86785315791684,17886587
2024-10-17,167.61770629882812,169.82804405739898,166.32834494849257,167.433513827778,15274000
2024-10-18,162.55233764648438,170.3806371931989,162.0918494378541,167.7098112043373,13253444
2024-10-21,157.21067810058594,162.46024108491412,156.8422931396801,162.46024108491412,10761794
2024-10-22,160.98667907714844,163.01282436601608,156.56598950408323,157.94745411735457,17215919
2024-10-23,156.47389221191406,160.89458195364074,155.36872328972873,160.43409373164806,21207602
2024-10-24,159.97360229492188,161.0787711948984,157.8553537057256,158.40794518220636,13430353
2024-10-25,159.23681640625,159.7894078760065,156.84228616093648,157.5790701029502,11880762
2024-10-28,158.7763214111328,160.15778597347904,158.6842322054336,159.23680959858154,4545195
2024-10-30,159.32891845703125,160.43408733515358,157.5790689044196,158.8684302533982,13838824
2024-10-31,155.64500427246094,160.3419893125276,155.3687085548716,158.96052477756493,13884579
2024-11-01,154.2635498046875,158.131647944417,154.0793573319356,156.28969511092822,16654027
2024-11-04,149.290283203125,154.17144698346522,148.46139599388965,154.17144698346522,14780508
2024-11-05,148.92189025878906,151.40852388163256,148.7376977780202,150.94803565321763,12216333
2024-11-06,151.68479919433594,152.78996798304655,147.5404056969334,149.38235836244564,17040047
2024-11-07,151.4085235595703,152.4216032811224,148.73769746163907,151.13224186549743,13822357
2024-11-08,157.85536193847656,158.59214592788197,148.82980374046392,149.29029197721908,22914158
2024-11-11,162.55233764648438,163.65750653660004,157.67115982440657,158.50004703173198,22211933
2024-11-12,161.35507202148438,163.1970249305264,159.97360733970285,161.26298280782356,14456258
2024-11-13,168.4465789794922,171.76209966116977,158.03955683758386,160.61827953112788,35821198
2024-11-14,170.38063049316406,173.41985536120654,168.2623820061657,170.10433476825395,23343661
2024-11-15,171.0253143310547,172.59097139736033,169.6438497337877,170.47273692393864,15622156
2024-11-18,173.7882537841797,175.26182172944192,168.99917904155558,171.30162017291192,17369049
2024-11-19,171.11741638183594,175.0776176765896,168.35448720684283,174.89341115586913,21040462
2024-11-20,169.0912628173828,174.34082518117754,167.7097982978061,171.9462810593844,19112334
2024-11-21,173.69615173339844,174.89340979082993,169.55175800325569,169.9201429358524,25079652
2024-11-22,178.94570922851562,179.03779843255535,171.9462832842331,173.88033925785916,28760624
2024-11-25,180.23507690429688,182.90591686993116,180.23507690429688,180.69556509978716,17524750
2024-11-26,182.35333251953125,182.72171746908376,180.23508392714172,180.51137966579861,18921134
2024-11-27,183.73480224609375,185.94514011056688,180.78768040913442,184.7478819648854,20185663
2024-11-28,185.1162567138672,185.1162567138672,182.72171244861335,183.27430391074412,10956551
2024-11-29,184.65576171875,191.37889201337114,180.32717560127637,185.66884134438567,37305267
2024-12-02,179.12991333007812,180.97186616637714,178.20893691192862,179.8666972751947,18238574
2024-12-03,179.31410217285156,183.27430350131613,177.74844510429153,179.77459037260363,25961100
2024-12-04,182.90591430664062,186.5898198189356,179.59039372438139,179.59039372438139,28199447
2024-12-05,182.62962341308594,183.91898475529845,180.97186307810938,183.6426890239716,11036764
2024-12-06,184.19528198242188,186.1293380644312,183.45849804389525,185.11625839233398,19453142
2024-12-09,184.8399658203125,186.86611114617787,184.10318186918371,185.39255729690532,22031704
2024-12-10,179.9587860107422,185.4846445050698,179.9587860107422,185.02415629720917,20582650
2024-12-11,179.7745819091797,182.53751097761887,179.5903894485472,181.34023890403176,17681855
2024-12-12,180.51138305664062,183.18220912352945,179.9587915689466,180.97187127872388,12773141
2024-12-13,181.24815368652344,181.43234615120699,178.85360948668435,180.0508815866039,11832160
2024-12-16,178.94570922851562,182.2612156866095,178.94570922851562,181.98493402150632,10449748
2024-12-17,178.66941833496094,180.2350753757529,177.10376129416898,179.03780326703514,15002018
2024-12-18,174.5250244140625,178.85361059948724,174.5250244140625,178.66941813365764,14099779
2024-12-19,170.10433959960938,174.06454096117486,170.10433959960938,172.2225881467709,12101272
2024-12-20,167.61770629882812,171.66999687386962,167.61770629882812,170.74902046563432,11749326
2024-12-23,166.2362518310547,169.27547697429713,166.2362518310547,168.53869299214963,10143177
2024-12-24,165.7757568359375,167.98609463922264,164.39429219563803,166.78883652668446,13498842
2024-12-25,169.92013549804688,170.84111184220973,168.90705589827422,170.1043279562827,13099229
2024-12-26,170.10433959960938,173.7882452284173,168.99917072156396,171.3016117395689,18608130
2024-12-27,168.99917602539062,170.65693642097784,167.89400711266083,170.1043449381204,15776523
2024-12-30,166.14413452148438,169.64384760116207,166.14413452148438,169.09127020099257,14509645
2024-12-31,164.4864044189453,167.34142306595018,164.4864044189453,166.4204465889191,19359008
2025-01-02,170.28854370117188,170.3806469693766,165.13108390037675,165.31527638380055,21369623
2025-01-03,171.76210021972656,172.68307662841144,170.3806356066993,170.74902054897933,22250857
2025-01-06,172.4067840576172,173.7882486959843,171.85420663406134,172.4067840576172,24710289
2025-01-07,171.0253143310547,173.5119477955383,170.74901860100437,172.40677892832164,19953547
2025-01-08,171.6699981689453,173.1435660544323,170.10434107373092,170.65693254403476,21663919
2025-01-09,171.76210021972656,173.23566809481625,170.3806356066993,172.222588424069,24983432
2025-01-10,168.0782012939453,172.8672759996689,167.8940088154531,172.03840281996136,24964097
2025-01-13,163.197021484375,169.18336831235084,163.197021484375,167.8940069244424,27558218
2025-01-14,163.84169006347656,166.88091488508752,163.3812018799896,164.3942815048546,29868604
2025-01-15,161.63136291503906,164.30218893175737,160.34200153862022,163.93380398220486,30131126
2025-01-16,161.90765380859375,163.8416958153456,159.1447246106757,163.3812076156926,29597044
2025-01-17,164.02590942382812,164.02590942382812,161.3550693186645,162.82863724240894,31597150
2025-01-20,161.53924560546875,165.31525424849417,159.8814994236369,164.76266281922767,33544265
2025-01-21,161.35507202148438,163.10493571686558,160.06571060634914,160.98668706087017,25502311
2025-01-22,163.197021484375,163.473317225494,160.618284655573,161.72346762004895,20736765
2025-01-23,166.0520477294922,167.34140906828978,163.93379919890936,164.21009492950444,42390176
2025-01-24,164.8547821044922,167.34141567200763,164.39429388632323,166.42043923566968,17541032
2025-01-27,161.53924560546875,164.30217464583356,161.0787574320746,163.47330155491764,18136518
2025-01-28,160.06570434570312,162.9207228112587,159.0526246641604,162.27604212890648,39599535
2025-01-29,156.47389221191406,160.98668521923338,156.47389221191406,160.7103894754407,38578757
2025-01-30,157.7632598876953,159.6052126848593,156.6580910199938,157.21066842735226,35726963
2025-01-31,156.38180541992188,158.6842465655244,155.46082896168085,158.1316550693856,31623165
2025-02-03,149.1060791015625,155.00033671325255,148.9218866252877,154.90823344862258,38275976
2025-02-04,150.39544677734375,152.42159201773794,148.73768647048144,150.02704779082745,31557042
2025-02-05,147.44833374023438,151.6848169345993,146.06686907953133,151.04013623686825,36900093
2025-02-06,148.73768615722656,150.7638313933535,147.26411832023365,148.73768615722656,36800423
2025-02-07,152.32949829101562,152.69789730058724,148.55350330055734,148.64559251321128,36440784
2025-02-10,149.1060791015625,154.26355275516815,148.9218866252877,152.78998483899935,31772864
2025-02-11,149.19818115234375,149.84286184055316,148.00090898682052,148.73769293891058,17365797
2025-02-12,146.43524169921875,150.02704389328898,146.2510492372379,149.2902740453657,21241699
2025-02-13,148.55349731445312,149.7507694545914,147.3562251743149,147.90881663991246,24078445
2025-02-14,147.17202758789062,149.47446852620874,146.80362860596918,149.0139803385451,21644795
2025-02-17,145.51426696777344,148.36929934592976,145.51426696777344,147.6325154367619,24087598
2025-02-18,143.58021545410156,146.52735118296104,142.38295737386014,145.51427151954252,35956502
2025-02-19,138.14646911621094,147.63252947278787,138.14646911621094,145.51428080240885,70931074
2025-02-20,137.96226501464844,139.71211452154347,137.3175843570021,139.34372958945536,30735896
2025-02-21,138.6990509033203,141.64617256086953,135.4756335162855,138.0543561835257,43701907
2025-02-24,138.60694885253906,140.44890166121067,138.14646065037115,139.9884134590428,18228493
2025-02-25,138.23855590820312,140.4488935294401,138.23855590820312,139.06742900292102,20567844
2025-02-26,137.68597412109375,139.34373447963702,136.3966127605517,138.4227580641113,25973247
2025-02-27,140.72520446777344,142.01456587746964,137.1333878785019,137.87017184960777,38293099
2025-02-28,140.35679626464844,142.93553296816106,139.89630806948492,139.9884113297114,30396106
2025-03-03,140.9093780517578,145.05377152386833,140.81727479785084,142.3829457963683,48054801
2025-03-04,139.7121124267578,141.6461684236828,138.60694359407958,140.72519205428694,23424005
2025-03-05,148.55349731445312,148.92188225619503,140.35679885734103,141.09358279380953,57583911
2025-03-06,155.9213104248047,155.9213104248047,147.26412366121485,150.1191561790659,67726284
2025-03-07,159.32891845703125,159.32891845703125,153.98725248429105,155.64501282796692,50411476
2025-03-10,157.21067810058594,160.7103914411332,156.3818049120551,160.06571073305525,29522318
2025-03-11,160.61827087402344,161.4471580262593,156.10549235056928,157.7632526020571,41104291
2025-03-12,166.60462951660156,168.44658236500172,160.24989781081496,161.44716997287208,56075790
2025-03-13,169.3675537109375,169.3675537109375,165.22315992630135,167.43351170989803,41964812
2025-03-14,168.90707397460938,170.93323339099305,168.0782007973508,170.1043461607492,35137919
2025-03-17,168.0782012939453,170.380642407561,167.70981633696093,169.09128100513033,27780561
2025-03-18,169.5517578125,172.77517515454002,166.88091786873335,166.97302112827109,40826411
2025-03-19,152.6057891845703,161.72346412663376,152.6057891845703,156.56599058043716,52796738
2025-03-20,153.15838623046875,157.67116520793587,149.7507761808522,152.60579474005075,52164692
2025-03-21,141.46197509765625,152.88207638732288,139.62002237009816,152.23739574327436,46014257
2025-03-24,149.7507781982422,150.30335564311892,141.09359103198437,145.51428085592607,27655451
2025-03-25,156.93438720703125,157.6711712046154,150.11916684859608,151.96111981606353,38629869
2025-03-26,152.42160034179688,155.46082539485874,150.30335172584554,155.0924263882234,24090876
2025-03-27,148.55349731445312,154.90822890390157,147.90881663991246,154.6319331711028,21086275
2025-03-28,150.6717529296875,151.13224115495794,146.52735890225338,148.09301605757585,19976641
2025-04-02,147.724609375,151.2243225159307,147.724609375,149.75076870337045,14695103
2025-04-03,149.7507781982422,151.13224288991236,147.44833704545854,147.63252952708413,16192445
2025-04-04,147.9088134765625,151.96110396099527,147.26411876282526,150.02704792575247,19830650
2025-04-07,145.88265991210938,148.4613967094062,141.0935853188353,142.01456174265667,44040903
2025-04-08,147.35623168945312,148.6455930955417,145.51427879333497,148.27720813751222,17743365
2025-04-09,142.10665893554688,146.43524513199645,142.10665893554688,145.8826536801159,24691715
2025-04-10,144.1116943359375,149.8954412658079,143.43692680255177,149.79903960011177,19314400
2025-04-11,142.28018188476562,144.69007646473233,141.2198223860486,144.59367479800198,22134728
2025-04-14,141.6053924560547,144.01528691384206,141.50900550304027,143.3405194074273,17733084
2025-04-15,138.03875732421875,142.08737723941616,138.03875732421875,141.79820165955348,21304800
2025-04-16,134.08653259277344,138.32794092578175,133.79734231806188,137.84596203753858,26299198
2025-04-17,138.42434692382812,141.50900896346172,131.58024061281674,134.5685156970789,54646084
2025-04-18,138.03875732421875,142.76215948263996,136.7856092124405,139.9666729703917,41412960
2025-04-21,145.07565307617188,149.31706163473427,139.00271581958955,141.70180067905162,52482149
2025-04-22,139.9666748046875,146.23240073686344,139.67748451220584,146.03961211148544,30876030
2025-04-24,141.79820251464844,142.47297005311225,137.26758895175743,140.25586410487756,43316369
2025-04-25,140.255859375,142.858542483492,139.48469019612088,142.28017663095414,22603026
2025-04-28,139.09910583496094,141.12340827838014,136.68921146744196,140.15945053137253,26079262
2025-04-29,135.6288604736328,139.48469170079412,134.76130433105305,138.3279452744115,24506607
2025-04-30,132.7369842529297,136.88200567644697,132.44779397522782,135.62885761229123,24224115
2025-05-02,133.41175842285156,134.76130821656628,132.25501196311697,132.73699088040883,16173521
2025-05-05,130.13430786132812,135.2432873339461,129.941519235892,134.4721181233724,23107185
2025-05-06,130.51988220214844,133.5081573106845,128.88115685923435,130.134304959873,41241618
2025-05-07,132.2550048828125,134.37570906359835,129.94151208719674,130.51987793168644,39564899
2025-05-08,134.95408630371094,135.82164240356067,131.38744553602135,133.0261707850865,22075657
2025-05-09,138.71351623535156,139.38829843662688,133.79734046852684,135.14687545342113,38367015
2025-05-12,148.44949340820312,149.22066254949186,141.79819082084728,143.1477257864816,42506815
2025-05-13,148.9314727783203,149.7026419221743,145.65402230297585,147.38913449061232,27217830
2025-05-14,148.44949340820312,151.72694387264525,147.87111287502958,148.25670480008793,30843909
2025-05-15,143.05133056640625,149.60624649913947,142.76215499563236,148.54590175236837,24484357
2025-05-16,153.269287109375,153.75126599965606,143.05132875188528,143.62970930375394,43451149
2025-05-20,150.95579528808594,154.7152247728672,149.70264722354935,151.91975307483278,29434027
2025-05-21,145.94320678710938,152.01614394172216,145.55762954601573,149.60624941281463,23878225
2025-05-22,145.36483764648438,147.77473212103212,143.72611234555765,146.71437266869967,33053976
2025-05-23,142.28018188476562,146.42518879524496,140.73784347005525,145.2684423386268,24979842
2025-05-26,141.70179748535156,144.40088228398116,141.316220246474,143.62971309739717,13617923
2025-05-27,137.55677795410156,142.569355675675,137.55677795410156,141.99098980904867,18941146
2025-05-28,138.61712646484375,139.0991053366208,136.592809319849,137.5567670634031,21871145
2025-05-29,137.84596252441406,141.12341309251212,137.36398363446855,139.6774764226756,16581243
2025-05-30,136.5928192138672,139.09911541218102,136.40003059295742,137.84596731302412,22515996
2025-06-02,138.32794189453125,138.90632244800491,134.66489937646438,136.40002632805695,25753900
2025-06-03,145.36483764648438,146.03960515759204,139.58109090756986,139.58109090756986,30004596
2025-06-04,143.72610473632812,145.7504071624793,142.47295673414246,144.5936608177032,39440211
2025-06-05,143.14773559570312,143.7261161685103,142.4729680666474,143.7261161685103,12481633
2025-06-10,145.1720428466797,146.4251761530044,143.05132403234688,144.2080850979204,45733831
2025-06-11,146.52157592773438,147.58193532126882,145.17204098035214,145.65401984853546,35481031
2025-06-12,142.28018188476562,145.654034296719,140.93063209468676,144.78646342263346,32909104
2025-06-13,140.15945434570312,140.15945434570312,134.3757077062574,134.95408825373332,29517322
2025-06-16,141.31622314453125,143.4369274195062,138.2315463349359,140.15946198651844,25938835
2025-06-17,141.41259765625,142.95493592530823,139.5810838319677,141.60538626267532,22304487
2025-06-18,137.94236755371094,141.12341653795184,137.36398698812417,140.83424096398724,23390591
2025-06-19,138.80992126464844,141.21981573104858,138.1351537558221,138.80992126464844,23472330
2025-06-20,140.7378387451172,141.70179654474128,138.52073286421603,140.7378387451172,34878460
2025-06-23,139.19549560546875,141.50900307047206,138.23153783892442,139.29189726565448,17884259
2025-06-24,142.56935119628906,145.65402789002823,141.50900645304122,144.59366843795183,36918548
2025-06-25,138.9063262939453,143.24413643861473,138.32794572445783,143.1477347740905,29436388
2025-06-26,136.5928192138672,139.38830569796013,136.49643225782677,139.09911541218102,20483753
2025-06-27,137.84596252441406,139.29189919425056,135.91804696463205,136.68921613031054,31107346
2025-06-30,148.44949340820312,149.12426089102027,138.6171273060488,138.6171273060488,71757420
2025-07-01,151.43777465820312,153.4620771914471,147.4855418365676,148.1603093476489,43949627
2025-07-02,156.16116333007812,159.53501562424648,151.82335323757596,151.91975490094083,43033719
2025-07-03,155.87197875976562,159.43861980251225,155.19721121797505,159.05304255258315,29183338
2025-07-04,155.87197875976562,157.6071058021051,154.23325338432304,156.16116905162707,17608438
2025-07-07,151.05218505859375,153.55848123440947,150.66660782023538,152.88371371286794,21818336
2025-07-08,149.3170623779297,153.55848566643206,148.16031592063968,152.5945278338855,28242509
2025-07-09,154.52243041992188,155.38998651225057,148.93147252261477,149.5098530567192,37553744
2025-07-10,157.5106964111328,158.86024613736342,155.67918250054024,156.06475973156122,32207064
2025-07-11,159.63140869140625,161.36652086790778,158.37826067928899,159.63140869140625,34046488
2025-07-14,158.57106018066406,160.11339856443308,157.12512346169143,159.92059523484028,21265899
2025-07-16,155.19720458984375,159.5350146560195,151.8233523161515,158.08907796729426,29711666
2025-07-17,162.23410034179688,162.61967757745737,153.94405739563754,157.1251210707372,37826557
2025-07-18,160.40257263183594,163.00527046855936,160.11339705782558,162.13769962004196,22366887
2025-07-21,166.57191467285156,167.05389358411048,161.27014664900335,161.27014664900335,38545525
2025-07-22,166.7646942138672,169.27099029945663,164.06560951603896,166.957482826106,30430979
2025-07-23,164.45120239257812,167.53586433257652,164.25839907040518,167.15027239705898,21556719
2025-07-24,168.88540649414062,170.0421529320728,164.35480769875596,165.22236384999786,43401331
2025-07-25,167.82505798339844,169.36738163001272,165.8971423935091,168.88540273254037,19631935
2025-07-28,164.35479736328125,168.49981865497125,163.96922014449393,168.21062838646674,16427070
2025-07-29,163.96922302246094,167.0538849533853,163.39084247530022,164.35480024801586,18549606
2025-07-30,168.21063232421875,169.84935760566896,164.16201259686284,164.25839954940201,29048053
2025-07-31,172.83763122558594,173.70518733567113,167.7286520991898,168.6926098698748,40741615
2025-08-01,175.82589721679688,178.71777062305227,172.83763685563022,174.86193941471174,47169938
2025-08-04,175.151123046875,179.3925460403063,173.89797500997875,176.9826516265936,28977549
2025-08-05,174.57275390625,176.40426774244918,173.99437337438292,176.40426774244918,20355862
2025-08-06,175.82589721679688,176.11508749918818,173.12682713802153,174.95834107845178,23942562
2025-08-07,176.50067138671875,179.10335439175054,176.4042697273802,176.50067138671875,26410780
2025-08-08,173.8015899658203,176.59706163286998,173.1268224643423,176.50067468056076,19762161
2025-08-11,175.72950744628906,177.07904246405406,174.28357076632864,174.7655496596488,18304026
2025-08-12,173.31961059570312,175.8258919811972,172.64484309610197,175.8258919811972,13792440
2025-08-13,173.70518493652344,174.76554435316297,172.06645969075802,173.70518493652344,17802028
2025-08-14,171.19891357421875,174.8619414987356,171.00611024444086,173.22321615742612,20767994
2025-08-15,171.68089294433594,172.8376393819804,170.81332208448086,170.81332208448086,14733013
2025-08-18,173.03042602539062,173.994383830546,170.3313412291898,172.25925683950055,19373538
2025-08-19,172.83763122558594,175.34391260406997,171.58448318192978,173.70518733567113,18300042
2025-08-20,176.30787658691406,176.59706687007477,171.10251032533677,172.54844703231143,30478083
2025-08-21,179.1997528076172,180.16371062736516,176.78985825824725,177.36823883362766,34107405
2025-08-22,179.58534240722656,180.7420888339984,178.6213846001119,179.68172936264074,21105532
2025-08-25,182.284423828125,183.24838161736136,180.93487409789697,181.2240643764336,21759418
2025-08-26,183.5375518798828,183.63395353955033,179.97091110460732,181.8024396764929,22895547
2025-08-27,179.10336303710938,183.44117315782543,179.10336303710938,183.44117315782543,15463054
2025-08-28,178.139404296875,182.7664046764358,177.94661567873263,180.5492987957266,19216001
2025-08-29,176.69346618652344,181.03127624981536,176.0186986739993,178.42859315360593,26149001
2025-09-01,177.46463012695312,178.23578457061703,175.729503211053,177.079038196293,18311146
2025-09-02,166.08993530273438,178.33219667312355,162.2341040233155,177.7538160976791,44806544
2025-09-03,161.8485107421875,166.2827225606703,160.11339844774798,166.08993394004688,34943370
2025-09-04,164.06561279296875,164.64399335006564,160.6917605305036,162.42688749296568,33098744
2025-09-05,161.94491577148438,167.92145138795186,161.3665351887688,164.83678926740373,28778720
2025-09-08,158.57106018066406,160.69176442672477,157.22152512648785,158.66746184546048,17735696
2025-09-09,160.01699829101562,163.29444899898675,158.47465989383568,160.01699829101562,25555923
2025-09-10,161.4629364013672,162.23410560654253,159.245830452299,161.36653473490932,23795430
2025-09-11,160.01699829101562,166.28272412771202,160.01699829101562,161.6557236450012,30618195
2025-09-12,160.4989776611328,162.33049164280328,157.79989281275334,159.82421012624522,18174994
2025-09-15,173.41600036621094,173.41600036621094,156.16116182578244,159.92059131953837,52192576
2025-09-16,174.6691436767578,175.34391116894895,171.29529150697397,173.6087989629798,34363768
2025-09-17,173.31961059570312,176.21148391584669,173.22320893483368,174.7655472557749,25462886
2025-09-18,171.10250854492188,177.56102282710532,170.52412798461884,175.53672028370204,37362629
2025-09-19,176.88626098632812,176.88626098632812,171.1025140330967,171.87368323529338,32864156
2025-09-22,178.5249786376953,183.63395783416482,178.33219002267975,181.3204650363209,33584218
2025-09-23,172.54844665527344,176.69346814797592,172.16286941778756,175.82589730038958,35617887
2025-09-24,171.4880828857422,173.89797733162857,168.30703398423492,172.934019553274,32622126
2025-09-25,172.45204162597656,173.2232107947272,169.84935855166808,172.54844328788107,20087615
2025-09-26,166.18630981445312,172.25924656652788,165.99352120668507,171.29528881885975,24743823
2025-09-29,165.5115509033203,168.78901624040142,165.02957200452857,165.5115509033203,28835423
2025-09-30,166.6682891845703,167.15026805983953,164.35479646680918,166.4755005762282,23508915
2025-10-01,169.6565704345703,172.25925351651676,164.7403798395826,166.86109873707755,43108932
2025-10-02,167.53587341308594,170.81332414406802,166.186323628871,170.04215494006365,25708425
2025-10-03,161.6557159423828,169.2709911909641,161.36652566808735,168.69261064237318,26978761
2025-10-06,161.559326171875,164.64398805661713,160.40256509487213,162.8124594905813,25038356
2025-10-07,164.16201782226562,165.60795453583432,161.655721635215,162.04131358413065,26040326
2025-10-08,162.3304901123047,166.18632137111314,161.0773567202551,163.77642683435786,24964356
2025-10-09,161.4629364013672,165.2223660519569,160.7881688626497,164.8367888037838,22386344
2025-10-10,159.14942932128906,162.61966837228505,157.60709104829448,161.55932367982567,26361003
2025-10-13,154.23324584960938,157.703499764757,153.84766861851676,156.5467386538221,26404967
2025-10-14,151.24496459960938,155.2935989035053,151.05217599200193,154.23323949842248,25260402
2025-10-15,152.9801025390625,153.8476733992228,150.08822908951942,151.630567479474,30945796
2025-10-16,150.37741088867188,154.1368402773574,149.79903034787648,151.5341572614345,22209369
2025-10-17,147.19635009765625,150.18462509986614,145.07564592294042,149.7026462097567,24246355
2025-10-20,149.70265197753906,150.3774195079242,140.73784133433932,147.87112329926055,57283972
2025-10-21,151.72694396972656,152.01613423649837,149.50985291174135,149.89543012821844,28244772
2025-10-22,154.6188201904297,156.64313738789687,151.91975020557774,152.4017290898482,30480150
2025-10-23,156.9323272705078,158.86024280280196,154.8116231267499,155.10079868953147,32859251
2025-10-24,165.6079559326172,170.04215306632977,159.053039834054,160.0169976512301,73055033
2025-10-27,162.23410034179688,165.60795263472681,160.88455059932767,164.3548045555871,32427224
2025-10-28,161.4629364013672,162.71608452117349,161.27014777728064,161.84851364954028,10882290
2025-10-30,161.17373657226562,163.19805377744447,160.1133918481282,161.65571545837219,25073791
2025-10-31,165.4151611328125,165.4151611328125,160.59537222694766,160.8845477942368,32813023
2025-11-03,167.92144775390625,170.23495532587185,166.282722416782,166.76470132233788,32117856
2025-11-04,164.74038696289062,169.46378914657004,163.0052746391198,167.24668319984943,24638842
2025-11-05,164.83677673339844,166.86109391014685,163.77641731532486,164.7403750739997,29416023
2025-11-06,169.9457550048828,170.90971275906952,165.318754843021,166.2827125972077,36428927
2025-11-07,165.6079559326172,168.1142374319776,162.81246943750912,166.66830070621347,37468770
2025-11-10,160.88455200195312,167.72865831081086,160.88455200195312,166.66829884025697,21755923
2025-11-11,157.7998809814453,162.13769086326846,153.2692824910845,160.88454284453172,36293409
2025-11-12,159.05303955078125,159.92059570116302,156.93233529853663,158.8602509294552,24001630
2025-11-13,159.05303955078125,160.69176489529622,157.8962931139959,159.72780707983694,23831330
2025-11-14,158.08908081054688,159.8242078099894,156.06476352639245,158.08908081054688,19393819
2025-11-17,161.7521209716797,162.3304868234859,157.70350117372172,159.82420538133508,31373072
2025-11-18,162.3304901123047,164.74038464905996,160.59537781290405,160.8845533902515,26337223
2025-11-19,164.74038696289062,165.80074645748763,162.234105434761,163.1016615966464,30489789
2025-11-20,164.9331817626953,167.34307620862114,163.4872450951398,166.08992815497402,24993265
2025-11-21,164.35479736328125,164.35479736328125,161.84850131467945,163.87281848538308,19622260
2025-11-24,161.94491577148438,164.1620217267884,160.88455627278225,163.19806389481528,40538290
2025-11-25,161.7521209716797,164.54759269414794,161.46293069136226,162.716078766852,44951818
2025-11-26,161.94491577148438,163.48725418617306,161.84851410475537,162.23410606284216,24995303
2025-11-27,163.48724365234375,165.4151591920703,162.81246144637683,163.1980533796191,28731897
2025-11-28,162.3304901123047,164.16201878553608,161.84851120495364,163.10165930583216,26753223
2025-12-01,167.05389404296875,167.63225991277065,161.4629357152423,162.42689354040792,32165560
2025-12-02,167.6322479248047,169.46377648693786,167.15026904668986,167.82505124311308,26468789
2025-12-03,166.86109924316406,169.94576122774626,165.41516255893848,168.21063426490983,48442134
2025-12-04,163.19805908203125,167.53586919798633,163.0052704630879,167.05389029621355,27369305
2025-12-05,164.16201782226562,166.0899334403572,162.9088697287403,163.3908486332632,31900156
2025-12-08,166.37911987304688,168.8854012932465,165.70433765527338,165.80073931747776,31345819
2025-12-09,166.7646942138672,168.40341948113954,164.8367786738225,166.7646942138672,30746117
2025-12-10,166.28271484375,168.78901092202767,165.22235541628754,167.24667261096013,31394367
2025-12-11,165.9935302734375,168.30703781950413,165.22236109141528,166.66829779189615,32074074
2025-12-12,169.07818603515625,170.23494711979248,166.8610949435359,166.8610949435359,30149118
2025-12-15,171.68089294433594,171.68089294433594,168.01785030110437,169.75297731198555,29804917
2025-12-16,169.46377563476562,171.58447974604098,167.53586013200112,171.58447974604098,32216363
2025-12-17,168.49981689453125,170.13854212049853,167.8250494142892,168.7890071600144,22206922
2025-12-18,169.46377563476562,170.04214146029818,168.49981788338337,169.27098702625477,21304768
2025-12-19,167.05389404296875,169.8493658524174,166.86110541970146,169.65657722915012,26437360
2025-12-22,162.23410034179688,167.63225518518755,161.94491006063714,167.24667794952703,39843084
2025-12-23,162.3304901123047,163.10165930583216,161.55933562760617,161.84851120495364,27316728
2025-12-24,166.6682891845703,167.82505025227886,161.84850043187797,162.42688096573224,43723715
2025-12-25,164.83677673339844,167.24667113008556,164.35479785406102,167.24667113008556,11858549
2025-12-26,162.4268798828125,164.8367742430916,160.98094326664503,164.8367742430916,20871371
2025-12-29,161.3665313720703,162.61967946576132,159.72780603824157,162.42689084569244,25511747
2025-12-30,162.6196746826172,163.4872455106525,160.59537216819163,161.46292828739854,22637859
2025-12-31,162.71607971191406,164.35480503145905,162.426889429917,163.0052699939111,23300746
2026-01-02,168.49981689453125,168.49981689453125,163.19804929304263,163.19804929304263,33158442
2026-01-05,173.31961059570312,173.80158948239372,168.21063145501716,169.65656811508893,43157489
2026-01-06,178.4285888671875,178.52497581875906,172.74122920664703,173.31960975138955,42583893
2026-01-07,176.40428161621094,179.39255675116473,175.72951408184917,178.81417617380944,36469944
2026-01-08,176.40428161621094,177.5610280620924,174.18717568145448,176.40428161621094,26611657
2026-01-09,177.36822509765625,179.0069503225538,174.95833073491636,176.88624622510827,32252418
2026-01-12,182.18801879882812,183.1519765702505,177.17544132919747,177.85020882742745,54954007
2026-01-13,181.12765502929688,184.9834860226514,180.93486642139473,182.28441609436558,42688810
2026-01-14,187.4897918701172,187.8753691061129,181.80244674062197,181.89883369520655,47418050
2026-01-15,188.74293518066406,189.70689295512219,185.56187158318664,187.3933854711257,40069988
2026-01-16,188.26095581054688,190.28525830641956,187.2969980385613,188.83932164844123,28700598
2026-01-19,187.8753662109375,190.4780639947015,186.33304258189312,189.32130288688262,38063660
2026-01-20,186.04385375976562,188.55014990120065,184.50151540983197,187.97176934276837,34598936
2026-01-21,186.5258331298828,189.5141081746682,183.24838251397446,186.5258331298828,41961554
2026-01-22,188.26095581054688,189.12851192180256,184.98349056049895,187.97176553718555,40260985
2026-01-23,190.9600372314453,192.30957220549652,188.74293145222285,189.03212172061328,41098357
2026-01-26,191.731201171875,192.02039145459915,188.16456024182074,189.41770832773946,30989646
2026-01-27,190.8636474609375,193.17714033450818,188.06817567963716,192.11679556280035,42629547
2026-01-28,194.23748779296875,196.06900164545064,191.24921286646878,191.24921286646878,47227159
2026-01-29,199.1536865234375,201.5635810132718,193.3699397478352,195.3942422939988,76144736
2026-01-30,200.2140350341797,202.23835232719364,196.45460544295833,198.96088693416291,50380744
2026-02-02,197.32215881347656,201.370778633665,192.79156009305552,194.71947569398606,45239841
2026-02-03,201.46717834472656,202.91311503141122,196.4546007726522,198.5753049713573,50159043
2026-02-04,200.5032196044922,204.0698604729987,199.82845209566585,202.4311351776123,33880777
2026-02-05,197.12936401367188,201.65996259202484,197.12936401367188,200.4068145489498,28957803
2026-02-06,197.80413818359375,198.76809598634892,194.33389891897244,196.74379342586033,23022504
2026-02-09,202.72032165527344,202.91311026720584,199.15368085362502,200.1176386221153,32811796
2026-02-10,198.57530212402344,206.47975295612665,197.32215407176636,202.91311212187833,37939866
2026-02-11,199.92483520507812,201.65996212929073,196.1654057933077,196.64738467732076,30750297
2026-02-12,213.03466796875,216.79409740231426,201.65996329833615,202.23834384603603,71397648
2026-02-13,215.44456481933594,215.44456481933594,211.9743109118689,213.22745897338916,41184406
2026-02-16,215.92654418945312,220.84273478444084,213.6130513852404,216.50492474492057,44969746
2026-02-17,212.84188842773438,216.119339114186,211.78152894803176,214.57701543596187,29910994
2026-02-18,210.23919677734375,218.9148167592067,209.56441456724727,213.0346684435238,53337534
2026-02-19,206.47975158691406,212.93826571023783,203.58787827418746,211.29954044145842,39815664
2026-02-20,206.57615661621094,207.443712740645,203.20230436301188,206.0941777228968,26354891
2026-02-23,208.6004638671875,210.33559086418106,206.96173853457145,208.69686553156504,27983569
2026-02-24,202.62391662597656,207.9256842645236,202.23833940852253,207.9256842645236,27114305
2026-02-25,197.22576904296875,204.55183939661455,197.22576904296875,203.58788160991153,31379460
2026-02-26,197.80413818359375,200.50322297307397,194.33389891897244,197.61134956480848,36613928
2026-02-27,192.40597534179688,199.6356585629241,190.09246788573927,199.05727802170264,40592651
2026-03-02,188.3573455810547,189.32130336746505,180.54929633642783,180.54929633642783,33391585
2026-03-03,182.284423828125,190.28526171172385,181.80244493350682,187.00781111185168,24431420
2026-03-04,183.24838256835938,186.14025595107628,180.35650918564247,182.0916214482097,23792583
2026-03-05,185.56187438964844,188.83932498884326,185.07989549512985,185.176297157565,19016633
2026-03-06,180.45289611816406,187.8753681911497,179.4889383240405,184.59791757466107,30278905
2026-03-09,181.03128051757812,181.12766747373752,172.93402604991215,175.5367239163081,27707920
2026-03-10,186.5258331298828,186.9114103639325,182.76640361699802,186.42943146695606,34372554
2026-03-11,185.36907958984375,187.20059344438505,181.70603717193308,186.04384707789433,28179669
2026-03-12,188.45375061035156,190.09247593476277,183.3447713093282,183.73036325607887,38973701
2026-03-13,186.8150177001953,187.97176407581932,184.2123346778342,187.20059492246057,26912833
2026-03-16,186.2366485595703,188.55015616128188,184.79071182431147,187.29700804895842,27043502
2026-03-17,187.97177124023438,188.55015180450505,185.8510670192898,187.29700372113774,27669416
2026-03-18,182.86279296875,189.51411065953258,182.28442711009205,188.5501528529405,30148052
2026-03-19,187.4897918701172,187.4897918701172,181.5132564592108,181.99523535861985,13958641
2026-03-23,188.16455078125,188.74293131761837,179.48893098869294,183.3447620076072,55876587
2026-03-24,182.6699981689453,187.00780815184905,181.70604039496672,186.3330406518297,26559558
2026-03-25,186.6999969482422,188.8000030517578,185.0,185.5,35730927
2026-03-26,189.3000030517578,191.39999389648438,186.39999389648438,187.10000610351562,43204587
2026-03-27,192.60000610351562,192.60000610351562,189.0,189.60000610351562,28409424
2026-03-30,194.0,197.0,189.89999389648438,192.5,24461207
2026-03-31,194.8000030517578,196.60000610351562,191.5,194.39999389648438,24588352
2026-04-01,195.8000030517578,200.8000030517578,195.6999969482422,199.60000610351562,20779200
2026-04-02,193.10000610351562,194.89999389648438,192.0,193.0,16050285
2026-04-03,191.3000030517578,194.5,191.3000030517578,192.89999389648438,11930364
2026-04-06,194.39999389648438,195.60000610351562,191.1999969482422,191.5,16987854
2026-04-07,190.10000610351562,196.0,189.5,194.0,14348080
2026-04-08,201.39999389648438,205.39999389648438,198.5,199.89999389648438,42719049
2026-04-09,199.60000610351562,201.60000610351562,198.3000030517578,201.1999969482422,22782337
2026-04-10,204.0,204.60000610351562,200.8000030517578,200.8000030517578,24776022
2026-04-13,204.10000610351562,205.0,199.0,199.0,23189297
2026-04-14,206.3000030517578,209.39999389648438,206.0,206.10000610351562,24888950
2026-04-15,207.8000030517578,208.89999389648438,205.6999969482422,206.89999389648438,13507672
2026-04-16,204.5,211.0,201.8000030517578,209.0,17788231
2026-04-17,211.8000030517578,212.0,202.60000610351562,204.0,32343017
2026-04-20,208.0,210.5,207.6999969482422,209.10000610351562,17470374
2026-04-21,206.0,209.8000030517578,205.5,209.0,11723953
2026-04-22,204.89999389648438,208.1999969482422,202.1999969482422,206.89999389648438,12690718
2026-04-24,207.0,207.0,201.89999389648438,203.6999969482422,16190573
2026-04-27,205.0,209.1999969482422,203.89999389648438,207.1999969482422,16773777
2026-04-28,202.39999389648438,205.89999389648438,202.39999389648438,204.0,22758674
2026-04-29,202.3000030517578,205.1999969482422,201.0,203.5,14148196
2026-04-30,202.1999969482422,202.3000030517578,199.10000610351562,201.0,20347110
2026-05-04,197.39999389648438,203.89999389648438,196.8000030517578,203.0,17627449
2026-05-05,201.89999389648438,204.10000610351562,196.6999969482422,198.10000610351562,20548740
2026-05-06,210.5,213.89999389648438,203.6999969482422,205.1999969482422,33421876
2026-05-07,211.5,212.39999389648438,208.89999389648438,210.3000030517578,17128062
2026-05-08,213.0,215.10000610351562,208.5,210.5,19667179
2026-05-11,212.3000030517578,213.6999969482422,208.1999969482422,208.1999969482422,19232218
2026-05-12,203.60000610351562,211.5,203.1999969482422,211.39999389648438,14970138
2026-05-13,204.39999389648438,205.6999969482422,201.39999389648438,205.3000030517578,15473875
2026-05-14,204.5,207.6999969482422,203.6999969482422,205.0,12668108
2026-05-15,199.0,202.89999389648438,197.39999389648438,202.5,21455287
2026-05-18,195.0,198.39999389648438,194.5,198.1999969482422,14300999
2026-05-20,196.0,197.8000030517578,193.60000610351562,194.5,16259860
2026-05-21,183.3000030517578,196.1999969482422,178.0,195.39999389648438,26343994
2026-05-22,190.1999969482422,192.10000610351562,179.0,182.5,32473300
2026-05-25,190.89999389648438,192.1999969482422,189.39999389648438,190.8000030517578,15395812
2026-05-26,189.10000610351562,191.5,189.10000610351562,191.0,6708013
2026-05-27,189.10000610351562,189.10000610351562,189.10000610351562,189.10000610351562,0
2026-05-28,189.10000610351562,189.10000610351562,189.10000610351562,189.10000610351562,0
2026-05-29,189.10000610351562,189.10000610351562,189.10000610351562,189.10000610351562,0
2026-06-01,186.0,193.8000030517578,186.0,191.10000610351562,22803040
2026-06-02,193.3000030517578,194.0,187.6999969482422,187.8000030517578,21973275
2026-06-03,188.60000610351562,193.6999969482422,188.5,192.0,13539636
2026-06-04,191.1999969482422,192.89999389648438,188.60000610351562,189.1999969482422,16405117
2026-06-05,189.0,192.3000030517578,188.60000610351562,191.3000030517578,13162691
2026-06-08,190.89999389648438,191.6999969482422,185.1999969482422,185.39999389648438,17496431
2026-06-09,186.6999969482422,191.3000030517578,186.39999389648438,190.89999389648438,16337073
2026-06-10,185.0,187.5,183.39999389648438,186.6999969482422,11051184
2026-06-11,184.1999969482422,187.10000610351562,180.1999969482422,185.5,15842074
2026-06-12,187.5,192.10000610351562,185.6999969482422,187.39999389648438,32351826
2026-06-15,196.8000030517578,198.5,193.8000030517578,196.0,22802407
2026-06-16,200.10000610351562,202.3000030517578,198.8000030517578,199.8000030517578,21627688
2026-06-17,195.6999969482422,201.39999389648438,195.3000030517578,200.89999389648438,12510071
2026-06-18,199.6999969482422,199.6999969482422,195.6999969482422,196.89999389648438,26196416
2026-06-19,195.3000030517578,198.60000610351562,194.6999969482422,197.0,23553266
2026-06-22,197.1999969482422,199.1999969482422,195.8000030517578,196.5,18650729
2026-06-23,191.60000610351562,196.0,191.39999389648438,195.5,15192289
2026-06-24,193.0,194.89999389648438,190.89999389648438,192.0,14602555
2026-06-25,194.89999389648438,198.0,194.10000610351562,195.0,26363679
2026-06-26,198.1999969482422,198.6999969482422,194.10000610351562,194.5,13016489
2026-06-29,195.6999969482422,198.6999969482422,194.8000030517578,198.1999969482422,17849353
2026-06-30,193.5,196.6999969482422,191.6999969482422,196.0,21326594
2026-07-01,195.0,196.8000030517578,191.10000610351562,192.5,25458118
2026-07-02,193.6999969482422,197.10000610351562,192.60000610351562,195.5,21562522
2026-07-03,189.60000610351562,194.8000030517578,189.60000610351562,194.5,15206523
2026-07-06,188.0,193.6999969482422,187.1999969482422,190.39999389648438,26602248
2026-07-07,189.1999969482422,192.39999389648438,187.3000030517578,187.8000030517578,23144752
2026-07-08,184.0,188.8000030517578,183.89999389648438,188.6999969482422,18991492
2026-07-09,185.10000610351562,185.5,182.10000610351562,184.8000030517578,14454751
2026-07-10,192.8000030517578,193.6999969482422,184.6999969482422,185.10000610351562,27823562
2026-07-13,191.5,192.89999389648438,189.5,191.1999969482422,15891038
2026-07-14,191.10000610351562,191.89999389648438,189.10000610351562,191.0,19976629
2026-07-16,197.0,197.39999389648438,190.6999969482422,191.10000610351562,21181153
2026-07-17,197.0,199.60000610351562,196.3000030517578,196.6999969482422,20215767
2026-07-20,199.8000030517578,202.39999389648438,196.6999969482422,197.0,23508891
2026-07-21,201.5,202.8000030517578,199.39999389648438,201.0,23313368
2026-07-22,204.3000030517578,205.6999969482422,201.39999389648438,201.6999969482422,23758368
2026-07-23,198.1999969482422,205.60000610351562,197.8000030517578,204.6999969482422,16449268
2026-07-24,197.60000610351562,199.5,195.1999969482422,198.3000030517578,10642442
2026-07-27,196.6999969482422,202.5,195.60000610351562,200.5,20586105
2026-07-28,195.0,199.6999969482422,194.60000610351562,196.6999969482422,15542843
2026-07-29,193.60000610351562,200.10000610351562,192.60000610351562,195.39999389648438,21634068
2026-07-30,191.5,196.10000610351562,190.5,193.1999969482422,15667099
2026-07-31,196.89999389648438,196.89999389648438,191.60000610351562,192.10000610351562,18259732
2026-08-03,196.6999969482422,198.89999389648438,193.39999389648438,198.5,21793813
2026-08-04,198.89999389648438,198.89999389648438,193.8000030517578,196.8000030517578,27517652
2026-08-05,206.0,206.8000030517578,201.10000610351562,201.5,33644514
2026-08-06,195.89999389648438,205.89999389648438,195.60000610351562,205.8000030517578,55256224
2026-08-07,198.5,200.89999389648438,196.1999969482422,196.3000030517578,44420506
2026-08-10,203.89999389648438,205.60000610351562,199.1999969482422,199.5,31094008
2026-08-11,199.89999389648438,204.8000030517578,197.1999969482422,203.5,29025155
2026-08-12,205.8000030517578,206.0,198.6999969482422,199.39999389648438,40180693
2026-08-13,202.39999389648438,209.5,201.8000030517578,207.0,25410017
2026-08-14,207.1999969482422,207.1999969482422,202.10000610351562,202.5,29864826
2026-08-17,205.60000610351562,208.10000610351562,202.8000030517578,207.5,22739109
2026-08-18,207.89999389648438,208.6999969482422,204.1999969482422,204.6999969482422,27445976
2026-08-19,214.60000610351562,214.89999389648438,207.39999389648438,207.6999969482422,34274951
2026-08-20,218.0,219.10000610351562,211.60000610351562,215.0,31058845
2026-08-21,222.39999389648438,223.8000030517578,217.0,218.6999969482422,28405521
2026-08-24,218.8000030517578,226.8000030517578,218.5,226.6999969482422,29740853
2026-08-25,217.5,219.3000030517578,212.39999389648438,218.5,31694936
2026-08-26,214.1999969482422,220.1999969482422,214.1999969482422,217.8000030517578,38046607
2026-08-27,214.1999969482422,216.60000610351562,213.39999389648438,215.0,24228603
2026-08-28,214.0,216.8000030517578,213.3000030517578,214.60000610351562,24753667
2026-08-31,214.89999389648438,217.8000030517578,213.6999969482422,214.60000610351562,32198163
2026-09-01,214.6999969482422,222.60000610351562,214.10000610351562,215.8000030517578,49261246
2026-09-02,213.0,214.60000610351562,208.1999969482422,214.60000610351562,34613098
2026-09-03,216.39999389648438,217.1999969482422,213.0,214.3000030517578,28563801
2026-09-04,215.10000610351562,218.6999969482422,212.89999389648438,217.10000610351562,24957944
2026-09-07,219.6999969482422,219.6999969482422,215.3000030517578,215.89999389648438,25930218
2026-09-08,224.8000030517578,224.8000030517578,217.60000610351562,220.0,34979995
2026-09-09,223.6999969482422,232.5,221.8000030517578,225.3000030517578,50690865
2026-09-10,224.3000030517578,225.39999389648438,221.3000030517578,223.89999389648438,24223650
2026-09-11,225.5,226.39999389648438,223.10000610351562,225.0,20551372
2026-09-14,225.5,227.60000610351562,223.3000030517578,223.6999969482422,19262571
2026-09-15,218.8000030517578,226.89999389648438,218.0,225.6999969482422,26597266
2026-09-16,206.5,219.60000610351562,200.5,219.60000610351562,41341261
2026-09-17,218.6999969482422,220.60000610351562,206.0,206.3000030517578,53633479
2026-09-18,214.6999969482422,219.89999389648438,214.10000610351562,216.5,45052370
2026-09-21,222.3000030517578,222.3000030517578,211.10000610351562,214.6999969482422,33421800
2026-09-22,221.10000610351562,224.3000030517578,219.5,222.1999969482422,22246559
2026-09-23,221.10000610351562,223.3000030517578,219.39999389648438,221.0,25272597
2026-09-24,216.0,223.10000610351562,216.0,220.1999969482422,18764529
2026-09-25,216.5,219.60000610351562,215.39999389648438,217.0,13622064
2026-09-28,214.0,216.8000030517578,211.0,214.8000030517578,20626040
2026-09-29,214.10000610351562,217.89999389648438,213.10000610351562,214.6999969482422,20744566
2026-09-30,208.39999389648438,217.1999969482422,207.5,214.3000030517578,32467871
2026-10-01,209.89999389648438,213.3000030517578,206.6999969482422,210.5,32906027
2026-10-02,206.8000030517578,213.1999969482422,205.8000030517578,208.89999389648438,23891507
2026-10-05,214.89999389648438,216.0,207.10000610351562,207.8000030517578,19423492
2026-10-06,,,,,1908126
