Date,Close,High,Low,Open,Volume
2018-01-01,25.84303092956543,25.84303092956543,25.84303092956543,25.84303092956543,0
2018-01-02,26.124340057373047,26.18060159424312,25.692996838643786,25.786767259108583,624960
2018-01-03,25.54296112060547,26.274368146319034,25.505454031054946,26.105581772037308,694275
2018-01-04,25.317914962768555,26.236861076616385,25.130374136524484,25.467946908355064,908985
2018-01-05,25.43044090270996,25.69299592444282,25.224145627323345,25.43044090270996,676791
2018-01-08,25.76801109313965,25.76801109313965,25.50545607963253,25.50545607963253,1081690
2018-01-09,25.130373001098633,25.974304892545042,24.92407953236828,25.786764074774332,678558
2018-01-10,24.117658615112305,25.092868090606704,24.061397080302072,25.092868090606704,1108165
2018-01-11,24.28644371032715,24.586507597977167,24.136411766502135,24.267689270218558,840976
2018-01-12,24.417724609375,24.642772539921804,24.32395419118334,24.38021572668955,655887
2018-01-15,23.948875427246094,24.605264808249107,23.93012098502605,24.342707982734673,402983
2018-01-16,24.361459732055664,24.41772305249648,23.461268067264825,23.930118339807184,442203
2018-01-17,24.549001693725586,24.586508787235147,23.91136500736566,24.342706419596237,498453
2018-01-18,24.34270668029785,24.849065862014342,24.192674727608956,24.605263491764397,704730
2018-01-19,24.061397552490234,24.567756741285105,23.630056129610438,24.34270702058384,610637
2018-01-22,24.549001693725586,24.642772110282387,23.986380982906713,24.04264251743202,417063
2018-01-23,25.111623764038086,25.261655723242626,24.511494138697888,24.661526097902428,667104
2018-01-24,25.05535888671875,25.411686109160147,24.961590259412834,25.0741133275887,570055
2018-01-25,24.99909782409668,25.336670612034517,24.886574753798705,25.149129776841953,409417
2018-01-26,25.280406951904297,25.280406951904297,24.849065540632893,25.055359025781573,313158
2018-01-29,25.224145889282227,25.749257726723307,25.130375471180116,25.374177842836822,571873
2018-01-30,24.811555862426758,25.280406140599798,24.62401682427067,25.16788307541052,576748
2018-01-31,24.58650779724121,25.03660542088596,24.58650779724121,24.849064595323824,365773
2018-02-01,24.511493682861328,24.98034399378689,24.47398658801872,24.77405050084756,378451
2018-02-02,24.211429595947266,24.717788786596604,24.15516805982689,24.586509484286413,264766
2018-02-05,24.098905563354492,24.54900141142495,23.8363487577191,24.23018307191123,271864
2018-02-06,23.611303329467773,23.81759683450875,23.423762478687173,23.72382640911845,412557
2018-02-07,23.36750030517578,24.211430533758342,23.292484324602263,23.723825765769465,679003
2018-02-08,23.630054473876953,23.798839069793367,23.254972824671086,23.44251364927402,679168
2018-02-09,22.954910278320312,23.46126946124245,22.786123884012934,23.46126946124245,397107
2018-02-12,22.973665237426758,23.292483591966686,22.74861730278481,23.254974708598695,348542
2018-02-13,22.39228630065918,23.142447745216376,22.242254369452077,23.08618621814414,465141
2018-02-14,22.054719924926758,22.78612529416003,22.054719924926758,22.617340677929167,595744
2018-02-15,22.223506927490234,22.429800434114167,22.035966075270572,22.242259581894505,437003
2018-02-16,22.50481605529785,22.72986400122818,22.223506570015463,22.317275206094866,305106
2018-02-19,22.523569107055664,22.861140110844556,22.523569107055664,22.523569107055664,271217
2018-02-20,22.035964965820312,22.692356127019515,21.848424123042818,22.598585705630768,507559
2018-02-21,22.373537063598633,22.46730569351564,22.16724178532849,22.317273739422063,427565
2018-02-22,22.354782104492188,22.486059614153316,22.185995712915343,22.373536545450044,265070
2018-02-23,22.842388153076172,22.936156786218927,22.39229048678959,22.411044928826954,683776
2018-02-26,23.27372932434082,23.40500684006658,22.936156525592278,22.936156525592278,1136186
2018-02-27,22.99241828918457,23.423759690709236,22.898647874955152,23.348743717030082,437861
2018-02-28,22.579832077026367,23.029927969679417,22.579832077026367,22.879896005461735,334230
2018-03-01,21.56711769104004,22.692359329459737,21.54836324641118,22.504818460215695,1097108
2018-03-02,21.84842300415039,21.998454955280202,21.56711354291248,21.56711354291248,589339
2018-03-05,22.317272186279297,22.35478106645329,21.904685235496423,21.94219232714857,779224
2018-03-06,22.711109161376953,22.917404449596468,22.35478370035007,22.41104523871809,470805
2018-03-07,22.973665237426758,23.086190099008732,22.31727408666291,22.71110841941682,785884
2018-03-08,22.711109161376953,23.780089121501728,22.636093180712237,22.992420430261184,1570021
2018-03-09,23.029926300048828,23.25497423005976,22.636091975399207,22.87989434670821,1619054
2018-03-12,23.254974365234375,23.78008799350085,22.748616966896957,23.517531179367612,1819836
2018-03-13,22.748613357543945,23.442511482812595,22.692351830771265,23.405002605949683,807641
2018-03-14,22.711109161376953,22.9361571033711,22.673602065305626,22.673602065305626,750452
2018-03-15,22.44855308532715,22.898648948503748,22.42979864389763,22.72986255268203,452528
2018-03-16,22.973665237426758,23.32999068681268,22.373537411714896,22.373537411714896,840593
2018-03-19,22.223506927490234,23.142453168617912,22.167243598711064,22.748618809774317,593455
2018-03-20,21.867177963256836,22.46730578199451,21.773407544448578,22.33602826877614,1123052
2018-03-21,22.561077117919922,22.59858600237677,21.9609492747868,21.979703717015223,875959
2018-03-22,22.579832077026367,22.898650448119465,22.52357053757526,22.72986404124405,696316
2018-03-23,22.204750061035156,22.261011595151565,22.017209229284564,22.054718111043453,517678
2018-03-26,22.44855308532715,22.692355458344966,22.27976668950543,22.27976668950543,475642
2018-03-27,22.092226028442383,22.636092314582,22.03596449222711,22.542323683730544,456718
2018-03-28,22.204750061035156,22.29852047691045,22.017209229284564,22.110979645159862,390777
2018-03-29,22.279766082763672,22.41104359215129,22.03596371638529,22.223504548529252,268986
2018-03-30,22.261011123657227,22.42979751095343,22.204749590732455,22.42979751095343,130285
2018-04-02,22.317272186279297,22.429797038279435,22.223503562888002,22.39228815810544,111619
2018-04-03,22.673599243164062,22.76736965445404,22.20474897523601,22.29851938652599,646226
2018-04-04,22.279766082763672,22.82363234975486,22.03596371638529,22.692354840367237,479356
2018-04-05,22.579832077026367,22.78612558069516,22.223506609139893,22.317275245384376,505157
2018-04-06,22.973665237426758,23.029926773956745,22.298521433500913,22.561076462988854,924137
2018-04-09,22.317272186279297,23.161204104975734,22.223503562888002,23.029924812888595,478602
2018-04-10,21.398326873779297,22.4110434250578,21.248294924591512,22.33602745046391,615747
2018-04-11,20.498136520385742,21.71714663445892,19.74797493682207,21.567114675450593,1750401
2018-04-12,20.723182678222656,21.098262543514085,20.048037132176205,20.40436434559447,1492149
2018-04-13,20.64816665649414,21.00449208055063,20.59190333544164,20.816953042607903,395426
2018-04-16,20.835704803466797,21.00449118236297,20.68567286411949,20.779443273342007,541112
2018-04-17,20.19807243347168,21.0044937592676,19.954270054991326,20.910723338541,890034
2018-04-18,21.02324676513672,21.06075385775225,19.541679942124453,20.066791758395134,1667131
2018-04-19,22.317272186279297,22.861138429149307,21.192032608887125,21.192032608887125,3184235
2018-04-20,22.373537063598633,22.5423234590844,21.942193854188126,22.317273739422063,828403
2018-04-23,22.373537063598633,22.373537063598633,22.373537063598633,22.373537063598633,0
2018-04-24,21.73590087890625,22.5423239926379,21.435836963616897,22.298521614334796,760715
2018-04-25,21.810916900634766,22.486060711363947,21.567114521852055,21.717146479791875,877547
2018-04-26,21.529603958129883,22.03596311805658,21.4733424254231,21.717144785181667,555629
2018-04-27,21.60462188720703,21.97970175569565,21.454588151289695,21.548358565542323,642233
2018-04-30,21.342065811157227,22.204750432294407,21.3045569287712,21.585868181100555,565142
2018-05-01,21.342065811157227,21.342065811157227,21.342065811157227,21.342065811157227,0
2018-05-02,20.87321662902832,21.754655738509072,20.76069176437293,21.398328490868707,824630
2018-05-03,20.87321662902832,21.22954208814664,20.685675784110018,20.79820064876541,606107
2018-05-04,20.34810447692871,20.98573940580678,19.991777234371238,20.835707447421115,756588
2018-05-07,20.179317474365234,20.441872499443217,20.06679261467326,20.423119846596197,487833
2018-05-08,19.354141235351562,20.141809940373737,19.222863714021894,20.141809940373737,942868
2018-05-09,19.69171142578125,19.841743369753072,18.519585745675222,19.26037003399272,670287
2018-05-10,19.560434341430664,19.74797338115649,19.14784559239882,19.635450315025373,472372
2018-05-11,19.072830200195312,19.916760375991522,18.960305342112242,19.69171244834733,356713
2018-05-14,19.035322189331055,19.27912456923608,18.99781509393445,19.072831073249688,331732
2018-05-15,18.650863647460938,19.27912309694339,18.613356554928643,19.035320735656867,624777
2018-05-16,18.247650146484375,18.735254816355837,18.0788655655489,18.707124947127436,947988
2018-05-17,17.797555923461914,18.425815360456625,17.68503285957973,18.341422168284062,775137
2018-05-18,18.332046508789062,18.51021012837817,17.8163118802946,17.8163118802946,1806309
2018-05-21,17.835065841674805,18.632111709398394,17.778802517937642,18.20076850335659,1184324
2018-05-22,17.994478225708008,18.12575576080605,17.778805689946868,17.910085013567187,590608
2018-05-23,17.685033798217773,18.041359237452554,17.38496989391018,17.9569660408008,1214204
2018-05-24,17.666278839111328,17.985097175221217,17.56313120433404,17.71316315208906,655411
2018-05-25,17.863195419311523,18.050736251620247,17.656901934589474,17.722540689340946,643847
2018-05-28,19.11033821105957,19.372895033506627,18.003852960834614,18.07886894031634,1491294
2018-05-29,19.166601181030273,19.97302249834852,18.960305899896074,19.05407631963689,1399714
2018-05-30,19.035322189331055,19.616697370415658,18.979060651975136,19.072831073249688,779261
2018-05-31,18.566471099853516,19.335387091530897,18.200768439455675,19.22286223297359,796485
2018-06-01,18.34142303466797,18.69775026034417,17.975720376993603,18.660241378263752,610221
2018-06-04,18.669620513916016,18.99781611169825,18.2945405972458,18.2945405972458,368238
2018-06-05,18.200767517089844,18.84778139683106,18.14450598492335,18.810272516372155,357600
2018-06-06,17.638147354125977,18.38830888890471,17.563131379500295,18.360177227724364,818262
2018-06-07,18.36955451965332,18.55709535120881,17.563131447895394,17.675656304533074,629736
2018-06-08,17.84444236755371,18.369554182335847,17.5818855659017,18.341422521562524,480926
2018-06-11,17.7225399017334,18.06011266947825,17.384968922510392,17.85381919392409,343688
2018-06-12,17.610017776489258,17.938211553148673,17.469361256753004,17.816311263035452,269585
2018-06-13,17.338085174560547,17.647526324135427,17.272446413820738,17.535003245302065,285296
2018-06-14,17.535001754760742,17.535001754760742,17.11303577369911,17.15992008780732,197758
2018-06-15,17.535001754760742,17.535001754760742,17.535001754760742,17.535001754760742,0
2018-06-18,17.113037109375,17.488117017081542,17.06615279160746,17.15992142714254,201207
2018-06-19,17.356840133666992,17.52562654546144,16.85985811988581,16.98176021219164,207010
2018-06-20,18.12575340270996,18.12575340270996,17.375593601853872,17.39434625548374,283718
2018-06-21,17.7225399017334,18.125751421312675,17.544376297810075,18.125751421312675,371870
2018-06-22,17.581886291503906,17.872572977403955,17.394345455652413,17.825688662702063,311155
2018-06-25,17.647525787353516,18.33204682642212,17.619395912761842,18.285162509754638,625731
2018-06-26,17.835065841674805,18.03198210918901,17.713163762099573,17.7881797385605,265000
2018-06-27,18.482078552246094,18.66024217266899,17.863196279747633,17.872573500666945,299609
2018-06-28,18.62273597717285,18.829029481797647,18.425817905398276,18.491456666482435,234067
2018-06-29,19.279123306274414,19.541680110938845,18.697749951797192,18.75401148546746,552235
2018-07-02,19.035322189331055,19.616697370415658,18.66961951373453,18.94155355657853,378845
2018-07-03,18.585227966308594,19.222864741457062,18.56647352268136,18.92280079751006,416408
2018-07-04,18.688371658325195,18.847780818339096,18.575846808924048,18.575846808924048,192582
2018-07-05,19.24161720275879,19.579188210660558,18.847782869771727,18.847782869771727,371905
2018-07-06,19.129091262817383,19.597941547634093,18.979059314757787,19.354139184906774,204602
2018-07-09,18.997814178466797,19.541680449424913,18.866536668121647,19.222862105567884,279351
2018-07-10,18.003854751586914,18.754014621018783,17.966345863854215,18.754014621018783,301654
2018-07-11,16.644187927246094,17.910084268149532,16.53166305290086,17.910084268149532,405192
2018-07-12,16.306612014770508,16.934871455682018,16.128450197759353,16.709823537992772,418242
2018-07-13,16.878612518310547,16.991137388715693,16.325368964906374,16.344123408060923,432101
2018-07-16,16.49415397644043,17.197429438351687,16.15658118239599,16.991135946725635,965041
2018-07-17,17.04739761352539,17.281822769292194,16.315990483665047,16.494154102833978,470509
2018-07-18,17.30057716369629,17.506870656339114,17.0098886836044,17.253691059557923,346716
2018-07-19,17.7225399017334,17.825687533771404,17.422476014192128,17.422476014192128,215574
2018-07-20,17.910079956054688,18.416437297390342,17.78817788915341,18.341421328728696,764190
2018-07-23,19.01656723022461,19.410401521009558,17.99447351815229,17.99447351815229,985675
2018-07-24,17.985095977783203,19.147844389730373,17.591261694017085,19.035319542145007,1212950
2018-07-25,18.51958656311035,18.810273243821133,17.76942681013997,18.13512946614779,1025065
2018-07-26,18.585227966308594,19.279126283816577,18.47270488158956,18.56647352268136,821609
2018-07-27,18.557096481323242,18.97906069523755,18.313294100862475,18.51958759731911,338532
2018-07-30,18.247650146484375,18.61335454314882,18.003849600070343,18.557093016170327,442011
2018-07-31,18.116374969482422,18.350800115130014,18.078867876210207,18.210145385445845,341539
2018-08-01,17.96634292602539,18.15388375697807,17.863195290149225,18.11637487537877,223688
2018-08-02,17.591264724731445,17.81631267015283,17.45998720369949,17.45998720369949,288198
2018-08-03,17.7225399017334,18.003851137694724,17.44123045429392,17.44123045429392,373963
2018-08-06,17.25368881225586,17.80693224937437,17.028640907270294,17.722539061439562,375259
2018-08-07,17.450611114501953,17.478740991678226,17.01926784973637,17.21618593258128,290542
2018-08-08,17.84444236755371,18.003851534892096,17.32870598450746,17.441230839078862,615316
2018-08-09,17.703786849975586,18.11637562196127,17.61001821915692,17.647525313779987,523128
2018-08-10,16.419139862060547,17.5818885430874,15.190752416636387,17.5818885430874,1175222
2018-08-13,14.009246826171875,16.50353121886786,13.596658948117625,16.50353121886786,3211814
2018-08-14,14.48747444152832,15.003209962853614,14.009246909339721,14.534359651514439,2563978
2018-08-15,13.718560218811035,14.834423566462966,13.502888610552326,14.759407588180197,2369627
2018-08-16,13.137185096740723,13.737312884481927,13.109053435994646,13.718559338245486,1526426
2018-08-17,13.249709129333496,13.305970662611154,12.630826897713575,13.099677181578478,831008
2018-08-20,13.137185096740723,13.352855796894982,13.127807876492032,13.25908627719089,318724
2018-08-21,13.137185096740723,13.137185096740723,13.137185096740723,13.137185096740723,0
2018-08-22,13.137185096740723,13.137185096740723,13.137185096740723,13.137185096740723,0
2018-08-23,13.137185096740723,13.137185096740723,13.137185096740723,13.137185096740723,0
2018-08-24,13.137185096740723,13.137185096740723,13.137185096740723,13.137185096740723,0
2018-08-27,12.912137985229492,13.296595096901076,12.837121112801404,13.155939467142034,1134562
2018-08-28,13.146564483642578,13.202826025885173,12.86525408964634,12.902762082561766,2126411
2018-08-29,12.959022521972656,13.202824902305531,12.930891753245328,13.080923712139093,1343730
2018-08-30,12.959022521972656,12.959022521972656,12.959022521972656,12.959022521972656,0
2018-08-31,12.696466445922852,13.184071200905247,12.677712898410224,12.996530360212939,1519009
2018-09-03,12.78085994720459,12.977777119172947,12.705843966860552,12.752729178140832,2007840
2018-09-04,12.387022972106934,12.855873196797944,12.31200700769724,12.79023445150467,2028040
2018-09-05,12.199484825134277,12.471417959006297,12.180730384189534,12.396401983749255,1762953
2018-09-06,12.387022972106934,12.818365214593097,12.236991043287544,12.236991043287544,3299167
2018-09-07,13.034038543701172,13.127808965444467,12.405779043099734,12.490172243816497,3176033
2018-09-10,12.996530532836914,13.53102050509165,12.89338378449492,13.12780894421301,3157348
2018-09-11,12.846497535705566,13.071545456228478,12.687088368436601,12.987153156728093,1361607
2018-09-12,12.893383979797363,13.193447902618209,12.818367999092152,12.84649876829135,2897172
2018-09-13,14.018624305725098,14.084263958231977,12.752728985814858,12.940268933846633,5104101
2018-09-14,14.215540885925293,14.8062923684526,14.131147689241253,14.253048873978091,3507606
2018-09-17,13.531020164489746,14.40308112859209,13.3716109883532,14.187410416325584,2598453
2018-09-18,13.40911865234375,13.765444984824772,13.28721746800069,13.531019836686808,1827299
2018-09-19,13.896722793579102,14.037378422035925,13.502888464717582,13.502888464717582,3190960
2018-09-20,13.849837303161621,14.243670704344416,13.69042814099341,13.94360681991527,3034791
2018-09-21,13.868592262268066,14.028001440682953,13.746691073229565,13.9154774725538,1251798
2018-09-24,14.262426376342773,14.393704784251755,13.849838499610389,13.859214826113108,2844773
2018-09-25,14.571867942810059,14.740654344555598,14.234296033579998,14.365573551150067,2497243
2018-09-26,14.44058895111084,14.721899311303593,14.243671788402011,14.534359369262086,726937
2018-09-27,14.89068603515625,14.965702013629702,14.412458501692242,14.487474480165695,1432587
2018-09-28,15.1719970703125,15.462683776144745,14.900063912794733,15.050094982093695,1979142
2018-10-01,14.806291580200195,15.322027059165354,14.796914360120974,15.312649839086133,1176446
2018-10-02,14.431212425231934,14.918816267800047,14.206163603631834,14.918816267800047,1211294
2018-10-03,14.140523910522461,14.628128615011262,14.131146690606698,14.403079808337479,916482
2018-10-04,13.07154655456543,14.131148387220046,12.996530574754575,14.074886849492414,1672037
2018-10-05,13.193446159362793,13.259085804502632,12.658957143895156,13.024660672208277,2199024
2018-10-08,13.549773216247559,13.662297178653334,12.987153404218677,13.174693341561637,1494422
2018-10-09,13.531020164489746,13.802953307147208,13.277840569121942,13.587281700619707,1137489
2018-10-10,13.296595573425293,13.831084660586107,13.277841131080898,13.521643515991842,2400720
2018-10-11,13.662298202514648,13.831084605902753,13.18407155001673,13.296595520855124,1305755
2018-10-12,14.04675579071045,14.103018225119715,13.596659892480538,13.87797027600476,1815595
2018-10-15,14.48747444152832,14.534359651514439,14.29993449584485,14.346819705830969,1678705
2018-10-16,14.740653038024902,14.85317699779475,14.487473457847043,14.534358664649714,1696800
2018-10-17,15.1719970703125,15.200126945653698,14.909440239821453,14.909440239821453,1529906
2018-10-18,14.778162002563477,15.237635092261332,14.731276792658164,15.162619114117234,1299682
2018-10-19,14.48747444152832,14.909439542881378,14.29993449584485,14.731276818047332,731842
2018-10-22,13.877969741821289,14.665638427666163,13.840461751745869,14.468721256204946,1262086
2018-10-23,13.456005096435547,13.877970222979085,13.052793518449405,13.877970222979085,975590
2018-10-24,13.75606632232666,13.971737006761106,13.34347760406642,13.69042757389198,722152
2018-10-25,13.784198760986328,13.924854388765763,13.493512073245274,13.681052016023532,846296
2018-10-26,13.652920722961426,14.065508581201861,13.652920722961426,14.065508581201861,670692
2018-10-29,13.652920722961426,13.652920722961426,13.652920722961426,13.652920722961426,0
2018-10-30,13.615412712097168,13.999869802897598,13.212201180642595,13.606035491770095,1702184
2018-10-31,13.62479019165039,14.309312131042706,13.456004682778321,13.671675402994143,2151283
2018-11-01,14.628129959106445,14.665637947954986,13.549773714754185,13.690429343631955,2494434
2018-11-02,15.143865585327148,15.171997249522718,14.459344519933875,14.628130928063088,2163674
2018-11-05,15.237635612487793,15.490815218063654,14.759408064796299,15.153242410629174,3110564
2018-11-06,14.759407997131348,15.39704472446341,14.675014795659632,15.237635542630393,2237219
2018-11-07,15.10635757446289,15.200126205731797,14.815669988519888,14.815669988519888,1409564
2018-11-08,15.125109672546387,15.603337186260337,15.125109672546387,15.2563889708448,3112992
2018-11-09,14.665637969970703,15.312651002144545,14.421835594958706,15.12511016335932,1807506
2018-11-12,14.04675579071045,14.731277753761425,14.037379463526452,14.66563899216816,1671137
2018-11-13,13.831084251403809,14.168656155266822,13.71856028344947,14.084263849996821,1713647
2018-11-14,13.662298202514648,13.915477807596805,13.531020683667036,13.915477807596805,1741043
2018-11-15,13.643543243408203,13.924853588539897,13.559150050442602,13.681051229808366,2362141
2018-11-16,13.81233024597168,14.009247419678005,13.681052726341486,13.793576697850666,1610632
2018-11-19,13.943608283996582,14.084263915287297,13.765445557474889,13.868592305012605,3118550
2018-11-20,13.362234115600586,13.990493615734618,13.315348904763818,13.934231183878294,2605955
2018-11-21,13.380989074707031,13.502889375627666,13.12780946296175,13.409119844591713,3524539
2018-11-22,13.737314224243164,13.756068666569616,13.334103551095788,13.456004743434633,2285801
2018-11-23,14.028000831604004,14.131147574345302,13.70918248861694,13.70918248861694,2067540
2018-11-26,14.224919319152832,14.365574062776151,13.9717397075176,14.112395345401968,1272061
2018-11-27,14.599997520446777,14.646882727579667,14.28117918505626,14.337441612467916,1376839
2018-11-28,14.393705368041992,14.740654502022194,14.374950925753915,14.628130531076806,998161
2018-11-29,14.909439086914062,14.984455062893277,14.496851219028379,14.496851219028379,1603265
2018-11-30,14.796916007995605,15.078226381874211,14.693769258419893,14.909439978694841,796216
2018-12-03,14.459342956542969,14.956324011535834,14.393704202372483,14.89068525736535,1022831
2018-12-04,14.140523910522461,14.581243409693354,14.11239314503608,14.403079808337479,938380
2018-12-05,14.365572929382324,14.45934334724041,13.868591860960823,14.065509023054018,1279132
2018-12-06,14.178032875061035,14.412458023579097,14.074886131647038,14.346819268157551,403859
2018-12-07,14.346818923950195,14.506228092658828,14.20616330165737,14.253048509088313,771766
2018-12-10,14.20616340637207,14.403080563624757,14.093639444264957,14.31868826274014,674008
2018-12-11,14.346818923950195,14.478096431643692,14.046754132948738,14.224917742334128,713554
2018-12-12,13.774822235107422,14.468721399779904,13.75606868701413,14.393705418884668,798247
2018-12-13,13.868592262268066,14.253049376941261,13.765445515048262,13.765445515048262,358924
2018-12-14,13.531020164489746,13.849838516762837,13.484134954874117,13.849838516762837,712909
2018-12-17,13.681052207946777,13.859214932520215,13.51226580994805,13.540396578194171,492825
2018-12-18,13.784198760986328,13.81232952883782,13.60603603891223,13.681052016023532,379871
2018-12-19,14.065509796142578,14.112395007648592,13.727937882969128,13.896723392425338,893655
2018-12-20,14.337443351745605,14.468721768790916,13.849839463490698,13.887347454894922,1038906
2018-12-21,14.224919319152832,14.374951284153985,13.95298615902298,14.290558080275574,795562
2018-12-24,14.31868839263916,14.42183513527452,14.215540755742834,14.346819159855901,456112
2018-12-25,14.159280776977539,14.25305030942271,13.484136029771419,14.12177278514726,219443
2018-12-26,14.187411308288574,14.253050069320572,14.093640883161966,14.253050069320572,98661
2018-12-27,13.877969741821289,14.299934853735037,13.756068550510914,14.253049642575505,733827
2018-12-28,14.093639373779297,14.1123938145005,13.85921423032999,13.85921423032999,606135
2018-12-31,13.990492820739746,14.159279212456592,13.934230392080476,14.121771224770734,317977
2019-01-01,13.990492820739746,13.990492820739746,13.990492820739746,13.990492820739746,0
2019-01-02,13.549773216247559,14.10301670210501,13.512265228778967,13.96236197266303,542130
2019-01-03,13.043415069580078,13.54977335263332,13.015284302260723,13.51226536478719,930665
2019-01-04,13.249709129333496,13.334102323510931,13.052791974339799,13.109053507617457,736758
2019-01-07,13.40911865234375,13.531019836686808,13.315348235384175,13.315348235384175,694039
2019-01-08,13.259087562561035,13.456004735568511,13.071546716450271,13.446627514410768,866968
2019-01-09,13.24033260345459,13.352856570172442,13.20282461454864,13.324725802058227,756182
2019-01-10,13.249709129333496,13.521642258204702,13.14656238881716,13.240331909033571,1625810
2019-01-11,13.418496131896973,13.502888435676372,13.31534849239828,13.324725713127433,1070848
2019-01-14,13.230955123901367,13.287217553290452,13.099677612428469,13.287217553290452,871986
2019-01-15,13.230955123901367,13.380987970851931,13.212201576945658,13.334102762071192,912966
2019-01-16,13.634166717529297,13.68105192648225,13.230955172499284,13.259086834427643,2471814
2019-01-17,13.69980525970459,14.018623602495934,13.652920945744306,13.690428933469112,1825138
2019-01-18,14.159280776977539,14.187411547284984,13.699806759230267,13.746691972583385,2191832
2019-01-21,14.009246826171875,14.449966366607386,13.981116058051606,14.187410444209227,1786025
2019-01-22,14.449966430664062,14.487474419744357,14.02800132994549,14.046754877355136,2339586
2019-01-23,14.515605926513672,14.67501511178059,14.34682041419538,14.487475156837464,1561767
2019-01-24,14.843799591064453,15.003208755633938,14.553112922210167,14.618751674352568,2719282
2019-01-25,15.125109672546387,15.14386411352072,14.693768261268273,14.890685420193961,2422826
2019-01-28,15.012587547302246,15.200126603266842,14.946947894027515,15.153242286406204,2583712
2019-01-29,15.556452751159668,15.575207191987904,14.881308083779492,14.956324058570516,4043011
2019-01-30,15.75337028503418,15.922156689059598,15.58458566953082,15.59396110217929,2062477
2019-01-31,15.950287818908691,16.175335753905607,15.80025586224408,15.940910598051904,2146945
2019-02-01,16.194087982177734,16.315988259610396,15.95028563879065,15.95028563879065,2841450
2019-02-04,16.025304794311523,16.512909578070552,15.950288811311836,16.2128456460718,1527023
2019-02-05,16.034683227539062,16.278485637843428,15.781503595085809,16.05343767183684,1962780
2019-02-06,15.565831184387207,16.1284519334175,15.350160463624244,16.1284519334175,1373365
2019-02-07,15.556452751159668,15.912778184286552,15.331404826786596,15.509568437610996,1905036
2019-02-08,15.4533052444458,15.743993714150296,15.359534828041832,15.537698440357179,1094653
2019-02-11,15.63146686553955,15.800253235861378,15.547073680378638,15.612712426943414,1195464
2019-02-12,15.115735054016113,15.715862889314531,15.059471728065366,15.69710844733095,1069837
2019-02-13,14.562490463256836,15.200126280483367,14.51560525313081,15.125110301986128,2015232
2019-02-14,14.637506484985352,14.72189968460925,14.253049370486274,14.609375716531055,1322923
2019-02-15,14.665637969970703,14.815669925590086,14.431212815750166,14.618752760274397,1015943
2019-02-18,14.253049850463867,14.806293382841455,14.215541859841371,14.721900180375581,815250
2019-02-19,14.50622844696045,14.515604773266885,13.999870161713023,14.215540869197588,1271074
2019-02-20,14.628129959106445,14.721899484097298,14.38432758446044,14.562490307925755,1435474
2019-02-21,14.609376907348633,14.721900884598712,14.468722159351303,14.62813135068752,1707453
2019-02-22,14.571867942810059,14.740654344555598,14.515605510807871,14.712522681423994,1035947
2019-02-25,15.031342506408691,15.07822682488176,14.665638920195805,14.665638920195805,1759865
2019-02-26,14.928194046020508,15.162619202654925,14.871931614953406,15.09698044496081,1153571
2019-02-27,15.003210067749023,15.200126341397663,14.90943964712119,14.956324857435106,1259572
2019-02-28,14.721900939941406,15.125111636371338,14.665639398235408,15.050095651255953,1481497
2019-03-01,14.496851921081543,14.806293060546656,14.374950730646647,14.759407849723846,958555
2019-03-04,14.665637969970703,14.693768738084088,14.515605120090324,14.534359561673245,1157598
2019-03-05,14.89068603515625,15.003210002866428,14.656260878861461,14.693768868098187,1508940
2019-03-06,15.500192642211914,15.622092941758552,14.768785479365848,14.815670691485883,5489459
2019-03-07,15.668975830078125,15.922155415871174,15.331404837542646,15.490814007650648,2248240
2019-03-08,14.862554550170898,15.612714298735204,14.628129405179314,15.593959857890617,2125640
2019-03-11,14.337443351745605,15.134488392650624,14.299935360341383,14.909440444225282,1520070
2019-03-12,14.459342956542969,14.665637333700008,14.374949761603226,14.506228164205153,1112159
2019-03-13,14.281180381774902,14.581245196013333,14.140525642850747,14.440589562828157,761284
2019-03-14,14.215540885925293,14.534359231504569,14.178032897872495,14.20616366534685,910194
2019-03-15,14.393705368041992,14.46872134867225,14.281180502835577,14.412458916069044,953549
2019-03-18,14.543737411499023,14.628130613750285,14.403081776326578,14.403081776326578,1149049
2019-03-19,14.618752479553223,14.815669641087549,14.581244491368635,14.712522002884201,885180
2019-03-20,14.393705368041992,14.5718680984736,14.290557723979617,14.50622933898738,800911
2019-03-21,14.19678783416748,14.487474528149638,14.1780333923565,14.421835770333217,853634
2019-03-22,13.634166717529297,14.271803413063086,13.54977352026618,14.178032995157183,1443676
2019-03-25,13.268463134765625,13.596658702531112,13.09967763483167,13.409118761348397,1223468
2019-03-26,13.540395736694336,13.709182124203435,13.334102256695372,13.456003437200728,1491268
2019-03-27,12.452662467956543,13.624788100331317,12.415154483490985,13.549772131400202,1860612
2019-03-28,12.677712440490723,12.818367171668495,12.283878120079795,12.565187582435339,1557368
2019-03-29,12.724597930908203,12.771483143721621,12.621451178127526,12.696467160924573,1076580
2019-04-01,12.893383979797363,13.174694354572422,12.387025662906671,12.780860008739547,1300621
2019-04-02,12.977776527404785,13.127808481251618,12.865252562019661,13.024661736547166,1215898
2019-04-03,13.16531753540039,13.230956296956364,12.930892364973559,12.996531126529533,1097626
2019-04-04,13.58728313446045,13.615414799755104,13.240333977509477,13.362235177669724,1360931
2019-04-05,13.474757194519043,13.831083521363798,13.343478791704356,13.774821093225802,1321170
2019-04-08,13.118431091308594,13.568527841302641,13.0340378947934,13.51226541220552,1731288
2019-04-09,13.268463134765625,13.352856331863093,13.202824378916919,13.202824378916919,847473
2019-04-10,13.202825546264648,13.380989176836568,13.146564006065875,13.371611955383086,625829
2019-04-11,13.034038543701172,13.296595366877993,13.015284995909123,13.193447724108164,765446
2019-04-12,12.771480560302734,12.96839769887779,12.69646459267994,12.96839769887779,947459
2019-04-15,12.874629020690918,12.940268671868914,12.733974286079917,12.780859495703915,551868
2019-04-16,12.968399047851562,13.052792243771012,12.865252305206106,12.8933830724256,851680
2019-04-17,13.062170028686523,13.109054344657917,12.930891618888008,13.034038365990481,997709
2019-04-18,12.855875968933105,13.052793141535359,12.799613536363449,13.052793141535359,901117
2019-04-19,12.874629020690918,12.893383462244914,12.818367484550915,12.893383462244914,333255
2019-04-22,12.837120056152344,12.865251716345178,12.790235744352804,12.855874496280899,314512
2019-04-23,12.837120056152344,12.837120056152344,12.837120056152344,12.837120056152344,0
2019-04-24,12.837120056152344,12.940267688337553,12.818366510284713,12.82774373034899,637803
2019-04-25,12.555811882019043,12.902761011244799,12.508926671202369,12.83712135839705,1054876
2019-04-26,12.705842971801758,12.743350959036336,12.499548594881096,12.6308269973326,770804
2019-04-29,12.687088966369629,12.752728616978066,12.574565000805004,12.705843407760893,587200
2019-04-30,12.884005546569824,12.921513533393833,12.64958040535453,12.715220052992256,797546
2019-05-01,12.884005546569824,12.884005546569824,12.884005546569824,12.884005546569824,0
2019-05-02,12.687088966369629,12.949645780281408,12.63082743071781,12.921514118194512,591256
2019-05-03,12.658957481384277,12.790235880902939,12.612072274823259,12.743350674341922,545288
2019-05-06,12.321386337280273,12.62145024631545,12.171353488501696,12.612073025592853,1173340
2019-05-07,12.049452781677246,12.115091535955615,11.890043611920387,12.115091535955615,1138235
2019-05-08,12.171353340148926,12.236992990146051,11.908797422943357,12.096337363804478,760020
2019-05-09,11.768144607543945,12.171355322501158,11.730636613262783,12.16197899462671,1283578
2019-05-10,11.721257209777832,11.918174366672536,11.608733247875278,11.880666379371686,811954
2019-05-13,11.121129035949707,11.711880534109822,11.055490278685582,11.693126986717642,1271770
2019-05-14,11.19614315032959,11.336798756531882,11.027357674852027,11.177389606059126,1101820
2019-05-15,11.252408027648926,11.252408027648926,10.830442905464299,11.224277257972895,1466074
2019-05-16,11.214898109436035,11.468076781534897,11.177390124893208,11.214898109436035,1723506
2019-05-17,11.102375030517578,11.214898993011355,11.055489822579931,11.158636564633985,661947
2019-05-20,11.130505561828613,11.158636328291001,11.046112368180511,11.139882782069723,351179
2019-05-21,10.96172046661377,11.214900077400898,10.924212475489126,11.15863764358341,420717
2019-05-22,10.624147415161133,10.95234297324907,10.5678858815958,10.95234297324907,816482
2019-05-23,10.633524894714355,10.699163650227588,10.502246489426915,10.586639686093056,672659
2019-05-24,10.942967414855957,11.074245836881133,10.642903472239658,10.642903472239658,794234
2019-05-27,11.055490493774414,11.243030442649859,10.924212082431094,10.98985173523326,559502
2019-05-28,11.046113014221191,11.196144969809914,11.017982246113554,11.121128992015553,1100484
2019-05-29,11.271162033081055,11.355554338835685,11.14926084353191,11.271162033081055,832602
2019-05-30,11.63686466217041,11.721257861857545,11.364931515545756,11.364931515545756,1464657
2019-05-31,12.058829307556152,12.077583748666878,11.571225464069926,11.664994986840636,1430018
2019-06-03,12.180729866027832,12.321385484347095,12.086960348075916,12.096336673888459,339871
2019-06-04,12.180729866027832,12.180729866027832,12.180729866027832,12.180729866027832,0
2019-06-05,12.180729866027832,12.180729866027832,12.180729866027832,12.180729866027832,0
2019-06-06,12.180729866027832,12.180729866027832,12.180729866027832,12.180729866027832,0
2019-06-07,12.321386337280273,12.349517105187074,12.096337511242902,12.236993139298882,762712
2019-06-10,12.452662467956543,12.574563641034826,12.17135213733442,12.312007749775926,1392518
2019-06-11,12.274500846862793,12.62144995730541,12.180730430305992,12.565187528519136,976521
2019-06-12,12.227615356445312,12.42453251126217,12.1150913957301,12.255746123058879,712497
2019-06-13,11.815027236938477,12.152599111554089,11.758764810705411,12.152599111554089,660965
2019-06-14,11.87129020690918,11.908798197521016,11.486833079572596,11.833782216297344,729368
2019-06-17,12.152600288391113,12.180731057101317,11.768143170394598,11.824404707815008,659318
2019-06-18,12.44328784942627,12.565188144965164,12.143223038279956,12.152600259247874,1104818
2019-06-19,12.405777931213379,12.537056331035767,12.227615218982436,12.424532371585551,678359
2019-06-20,12.424532890319824,12.72459679471498,12.358894134798629,12.56518762193981,1211221
2019-06-21,12.293253898620605,12.405777857401327,12.143221953579646,12.37764709127138,901996
2019-06-24,12.433910369873047,12.640203861310946,12.377647939496624,12.612073093253231,1397008
2019-06-25,12.649581909179688,12.668336351951757,12.312009987631914,12.39640319158412,1385884
2019-06-26,12.668335914611816,12.855875864552939,12.602696261436659,12.630827924623592,1519647
2019-06-27,12.7433500289917,12.818365997985985,12.677711279686921,12.677711279686921,567605
2019-06-28,12.677712440490723,12.799612730572274,12.630827232011141,12.743351195805554,748100
2019-07-01,13.418496131896973,13.484134888479057,12.921514164383796,12.921514164383796,2129056
2019-07-02,13.362234115600586,13.484135306071773,13.184071387534091,13.390364884398238,1207928
2019-07-03,13.221578598022461,13.484134511266914,13.18407061041611,13.362233327981034,693681
2019-07-04,13.643543243408203,13.662296789477818,13.268462485145635,13.268462485145635,1340043
2019-07-05,13.540395736694336,13.849837745214668,13.493511423951535,13.652920591207698,900499
2019-07-08,13.371610641479492,13.484134605081417,13.18407070214295,13.230955016281358,653458
2019-07-09,13.015284538269043,13.437249632754813,12.987153770439589,13.39036442353173,937872
2019-07-10,13.230955123901367,13.259086785726398,12.808990033396661,13.034037962431041,903462
2019-07-11,13.399742126464844,13.512266096093215,13.305971704644024,13.324726146712596,744006
2019-07-12,12.837120056152344,13.50288747828036,12.82774373034899,13.437248726352264,697625
2019-07-15,12.837120056152344,12.837120056152344,12.837120056152344,12.837120056152344,0
2019-07-16,12.996530532836914,13.099678175439925,12.912138226517655,12.940268995290742,500063
2019-07-17,13.399742126464844,13.427872895306683,13.024662227703603,13.043415775511155,802109
2019-07-18,13.521642684936523,13.587281440585611,13.268463094414082,13.31534830313242,928398
2019-07-19,14.056131362915039,14.224917752077662,13.59665829715118,13.681051491732491,3129518
2019-07-22,14.065509796142578,14.41245893046944,14.028001805789973,14.112395007648592,2304163
2019-07-23,14.299933433532715,14.421834612736438,14.06550829527808,14.06550829527808,1639428
2019-07-24,14.431212425231934,14.487473959936231,14.149902068927537,14.318688461562369,1170621
2019-07-25,14.628129959106445,14.778161914500604,13.990493254420274,14.487474330228675,1854981
2019-07-26,15.359533309936523,15.453303717072414,14.609373629892914,14.618750849458678,2712929
2019-07-29,15.790877342224121,15.875270534469932,15.472059013411469,15.472059013411469,1763628
2019-07-30,15.884649276733398,16.072188330845062,15.743994539019145,15.92215637214692,1475964
2019-07-31,15.790877342224121,15.978418166886335,15.190749564940003,15.94090928654515,2300117
2019-08-01,15.743995666503906,15.86589597098011,15.518945923818038,15.734618444848483,943768
2019-08-02,15.950287818908691,16.05343545981136,15.472060286344494,15.734617104768564,2277534
2019-08-05,15.622093200683594,16.11907520542764,15.593961536388685,15.922157132407506,1053457
2019-08-06,15.697107315063477,15.884648144327507,15.171995497054853,15.612714120746855,883419
2019-08-07,16.11907196044922,16.541036108793318,15.800253650044299,15.884646837417469,3315751
2019-08-08,17.056774139404297,17.08490401229609,15.987794256468062,16.36287592122993,2935894
2019-08-09,17.10365867614746,17.441231463423897,16.831726433025185,17.066151582295607,1587013
2019-08-12,17.10365867614746,17.10365867614746,17.10365867614746,17.10365867614746,0
2019-08-13,17.10365867614746,17.10365867614746,17.10365867614746,17.10365867614746,0
2019-08-14,17.10365867614746,17.10365867614746,17.10365867614746,17.10365867614746,0
2019-08-15,16.691070556640625,17.10365933606172,16.66294068229688,16.925495714955925,1245452
2019-08-16,17.34745979309082,17.72253964712896,16.87860952841269,16.87860952841269,1946183
2019-08-19,17.54437828063965,18.003853172453205,17.4037235410234,17.4037235410234,1668197
2019-08-20,17.56313133239746,17.722540501614752,17.18805146027498,17.619394654607262,980590
2019-08-21,17.028640747070312,17.685031805161085,16.944247559929448,17.57250695946602,887370
2019-08-22,17.281822204589844,17.572508887456014,16.92549497789536,17.009888174295533,1338127
2019-08-23,17.44123077392578,17.469360646072133,17.05677368740265,17.244312726291902,689735
2019-08-26,17.07552719116211,17.488115958936024,16.97238134061011,16.97238134061011,1276070
2019-08-27,17.10365867614746,17.347461046011336,17.00051103814145,17.253690628598775,876414
2019-08-28,17.141164779663086,17.422474197774036,17.05677159652547,17.169294648361184,1060648
2019-08-29,17.30057716369629,17.69441149584859,17.131790765842158,17.188052302286202,2029495
2019-08-30,17.30057716369629,17.30057716369629,17.30057716369629,17.30057716369629,0
2019-09-02,17.488117218017578,17.675658068286708,17.347462474576783,17.347462474576783,1622869
2019-09-03,18.003854751586914,18.06011629466375,17.516249942195095,17.553757041405586,1762529
2019-09-04,18.697750091552734,18.707127311988188,18.050736189681896,18.1632610463854,1089730
2019-09-05,19.522924423217773,19.57918595329444,18.75401028759007,18.75401028759007,1977520
2019-09-06,19.166601181030273,19.691713027648063,18.847782827024687,19.466665093383295,1640206
2019-09-09,18.979061126708984,19.635452303527504,18.84778360675411,19.279125051475596,1052041
2019-09-10,18.416440963745117,19.110339259137405,18.350802201664003,18.979061734975172,1330646
2019-09-11,18.997814178466797,19.129091688811947,18.378931931808317,18.425816245925315,1514138
2019-09-12,18.96030616760254,19.335387851861707,18.51021029271796,19.054076588667332,1446629
2019-09-13,18.92279624938965,19.185351242976722,18.74463265479717,19.091582624422344,547459
2019-09-16,18.829029083251953,19.129093006726556,18.63211280416752,18.904045064120602,637172
2019-09-17,18.566471099853516,18.960305422021168,18.444570809228217,18.79152081696813,709016
2019-09-18,19.20410919189453,19.354141155227918,18.575849674740187,18.660242877680478,1016042
2019-09-19,19.091585159301758,19.69171298263601,18.922798761858502,19.29787865144241,1277095
2019-09-20,18.885290145874023,19.222862945537337,18.68837387175177,19.07283098758076,601622
2019-09-23,18.885290145874023,19.12909252468397,18.725880966979908,19.091585429455833,409734
2019-09-24,19.410404205322266,19.654204800861383,19.07283139838802,19.12909293670304,1714863
2019-09-25,18.997814178466797,19.391648498024185,18.997814178466797,19.391648498024185,937868
2019-09-26,18.810272216796875,19.241615392595335,18.772765125457173,19.12909054153257,586738
2019-09-27,18.92279624938965,19.14784415325932,18.847780281433092,18.86653472055267,1106335
2019-09-30,19.48542022705078,19.48542022705078,18.922799477146672,19.12909297708529,1961609
2019-10-01,19.29787826538086,19.579187729810588,19.2041078477303,19.50417175339453,1361958
2019-10-02,19.316633224487305,19.522926718031627,19.20410836258549,19.279124341012697,1103966
2019-10-03,19.541683197021484,20.04804065706324,19.335389681970724,19.335389681970724,1632446
2019-10-04,20.10430145263672,20.49813577789855,19.691712686047666,19.72922156870211,1643821
2019-10-07,19.63545036315918,20.404364541520316,19.485418415601977,20.16056217960939,1172853
2019-10-08,19.29787826538086,19.39164868303142,18.51958683936853,19.11033743007974,1269803
2019-10-09,18.829029083251953,19.50417291106981,18.829029083251953,19.185354545247527,873570
2019-10-10,18.36955451965332,18.847782030450094,18.144506594899884,18.744634394242382,933717
2019-10-11,18.44457244873047,18.66962039732721,18.30391770442277,18.566472750191245,699870
2019-10-14,17.10365867614746,18.360177619318687,16.934872282509243,18.360177619318687,1030486
2019-10-15,17.872573852539062,18.022605813157828,17.253691567856155,17.253691567856155,686509
2019-10-16,17.806934356689453,17.81631157740546,17.394345587794962,17.806934356689453,497685
2019-10-17,18.031984329223633,18.13513198025232,17.647527178963117,17.816313593911083,431679
2019-10-18,19.01656723022461,19.447908611858605,18.829026410413945,18.847780850099372,900523
2019-10-21,18.632110595703125,19.1290907393551,18.55709462372612,19.09158364762752,734577
2019-10-22,18.64148712158203,18.744634759801333,18.500832389433317,18.744634759801333,758881
2019-10-23,18.979061126708984,19.072831550329067,18.810274721897247,18.84778360675411,685885
2019-10-24,19.316633224487305,19.410403644651815,19.16660126763289,19.2603716877974,955452
2019-10-25,19.18535614013672,19.485421877078014,19.07283305374067,19.279126571148236,643430
2019-10-28,19.129091262817383,19.260370558760954,18.99781375539571,19.260370558760954,170077
2019-10-30,18.92279624938965,19.2041056820963,18.566469060204685,19.072828185302765,719859
2019-10-31,19.147846221923828,19.297878174045856,18.96030538751032,18.97905982865606,706563
2019-11-01,19.991777420043945,20.104302284139276,19.29787915893519,19.410404023030516,1540153
2019-11-04,20.423118591308594,20.4981345636518,20.123052913413915,20.38560971087606,906624
2019-11-05,20.34810447692871,20.62941395177133,20.23557961387845,20.535643530649782,719034
2019-11-06,19.991777420043945,20.66692302757185,19.86049990236776,20.573152605579413,1259734
2019-11-07,20.19807243347168,20.385611486402862,19.99177715016876,20.254333970498834,1132750
2019-11-08,19.898006439208984,20.291840769698606,19.898006439208984,20.273088116644423,1054556
2019-11-11,19.898006439208984,20.085547277926704,19.31663305852363,19.691712947437082,1388197
2019-11-12,20.235580444335938,20.348105312004158,19.879254975677078,19.916762072551755,1678229
2019-11-13,21.17327880859375,21.285803663994056,20.160562264078585,20.27308711947889,2190001
2019-11-14,20.87321662902832,21.379574048672467,20.83570774463584,21.098264569817058,860781
2019-11-15,21.94219398498535,22.14848926448522,20.98573893054591,21.11701823255182,2360542
2019-11-18,22.898649215698242,23.142451591560885,22.204750971407023,22.204750971407023,1723228
2019-11-19,23.236221313476562,23.480023682017606,22.654846159490695,22.89864852803174,1580722
2019-11-20,22.861141204833984,23.51753237939985,22.59858616582529,23.442516398465642,932057
2019-11-21,23.311235427856445,23.386251397684937,22.63608991087823,22.673598790053376,1048617
2019-11-22,21.398326873779297,21.942193136715495,21.267049365370465,21.66088367911888,9971074
2019-11-25,20.779441833496094,21.567110354751357,20.760687395246762,21.52960147825269,3162586
2019-11-26,21.417081832885742,21.49209780929514,20.741938045201156,20.798199580377716,3656868
2019-11-27,20.554397583007812,21.435836663209066,20.479381605236767,21.435836663209066,6833872
2019-11-28,20.610660552978516,20.76069251895752,20.198073540797306,20.62941499585642,2604018
2019-11-29,20.816953659057617,20.9107222865448,20.573151292842702,20.685674361236092,3833178
2019-12-02,21.042001724243164,21.285804092078756,20.854460890978267,20.89196977304002,3844347
2019-12-03,20.910722732543945,21.435836357986197,20.910722732543945,20.985738709246846,3330215
2019-12-04,21.15452766418457,21.210790994912482,20.9669885939914,21.02325013619713,2111505
2019-12-05,21.58586883544922,21.642130372211806,21.210788942828618,21.342066458115326,2727570
2019-12-06,21.84842300415039,22.01720939630191,21.454588685304156,21.698391053020583,3430342
2019-12-09,21.92344093322754,22.073474686248208,21.698392986479682,21.848424950978252,2222979
2019-12-10,21.360820770263672,21.99845568958865,21.229541467251533,21.96094859481518,2283204
2019-12-11,21.435836791992188,21.64213028497144,21.192034415641075,21.304557488712664,1849664
2019-12-12,21.84842300415039,21.867177445172103,21.454588685304156,21.56711354291248,2138445
2019-12-13,22.80487632751465,22.973662707035952,22.185994128284403,22.185994128284403,6423264
2019-12-16,22.711109161376953,23.12369794929392,22.523570103976194,22.954911545667795,2867041
2019-12-17,22.617340087890625,22.87989512085939,22.411044803675708,22.84238802551615,1589428
2019-12-18,22.59858512878418,22.823633061259432,22.411044290793814,22.67360110627593,1918196
2019-12-19,22.561077117919922,22.879895481714907,22.561077117919922,22.69235642499683,1331675
2019-12-20,22.317272186279297,22.71110648549702,22.26101065454015,22.598583422018724,1455611
2019-12-23,22.46730613708496,22.59858544090015,22.242258201501503,22.242258201501503,1501519
2019-12-24,22.842388153076172,23.19871360917593,22.57983133011917,22.654847309746593,2335085
2019-12-25,23.06743621826172,23.142452198299885,22.861140931765227,22.954911353943448,1072722
2019-12-26,23.06743621826172,23.34874569627433,22.917404258185385,23.161206640439936,1588315
2019-12-27,22.82363510131836,23.311239892859607,22.729864673941638,23.23622390866266,1353208
2019-12-30,22.879894256591797,23.16120550938894,22.80487828021695,22.954910232966643,1875385
2019-12-31,22.78612518310547,22.992420471696754,22.711109202305565,22.973666029366264,1029424
2020-01-02,23.179960250854492,23.367501102952033,22.72986435204694,22.842389221009885,2516388
2020-01-03,22.242258071899414,23.123697155856792,22.017210137627274,22.973665199675366,2704381
2020-01-06,21.548357009887695,22.03596169798188,21.417079512524555,22.03596169798188,1965293
2020-01-07,22.12973403930664,22.279765988981513,21.79216125827722,21.829670139956896,1601266
2020-01-08,22.39228630065918,22.673597513063765,21.323308343678168,21.473340274885267,1982113
2020-01-09,23.179960250854492,23.29248511981744,22.82363477809571,23.067437170413662,2679738
2020-01-10,22.91740608215332,23.273731568563605,22.823635652512028,23.198715582555007,2055307
2020-01-13,23.592546463012695,23.780087294527142,23.029925756991272,23.0486801978471,3792930
2020-01-14,24.624019622802734,24.811558682272732,23.405007687898397,23.611302978394093,4291145
2020-01-15,24.905324935913086,25.13037284270643,24.380213153395285,24.66152258975652,2976160
2020-01-16,24.867820739746094,25.67424205247387,24.624018365216585,24.980343811976955,3158175
2020-01-17,24.905324935913086,25.22414325100077,24.642769938915077,25.1866361607961,1117084
2020-01-20,24.980342864990234,25.411686061581914,24.92408133100764,25.205390789442532,1569209
2020-01-21,24.699033737182617,24.83031124773996,24.530247344453496,24.755295271918342,1901056
2020-01-22,24.04264259338379,24.980343184870172,23.911365082902716,24.79280413968606,3032602
2020-01-23,23.911365509033203,24.436477348837585,23.83634953191829,24.09890634608147,2143670
2020-01-24,23.611303329467773,24.342708712763482,23.348746496079357,24.192676747547843,3355486
2020-01-27,23.217466354370117,23.405005395471417,22.936155109935317,23.348743861993217,2190958
2020-01-28,24.04264259338379,24.211428986014848,23.29248283560346,23.480023669309514,4410676
2020-01-29,23.70507049560547,24.361459806045215,23.536284110814094,24.305198273955376,2573352
2020-01-30,23.292482376098633,23.592546273291223,22.992418478906043,23.592546273291223,2183641
2020-01-31,23.592546463012695,23.79883994686105,23.38625297916434,23.5175304881113,2095590
2020-02-03,23.292482376098633,23.723823781182503,23.254973494688606,23.648807806884356,1158030
2020-02-04,24.549001693725586,24.586508787235147,23.611301105201445,23.686317080742498,3239268
2020-02-05,24.605262756347656,25.430440259995144,24.492739689455117,24.605262756347656,3916905
2020-02-06,24.905324935913086,25.03660422293387,24.41772203212173,24.86781784570842,3472723
2020-02-07,24.92407989501953,25.392930157746402,24.642770452792135,25.167882246260124,4371897
2020-02-10,24.28644371032715,25.224144253494387,23.6112999631146,24.961589246061543,3044902
2020-02-11,24.717788696289062,24.75529579072495,24.11765908861704,24.680279813331193,2611872
2020-02-12,24.380218505859375,25.074116817941942,24.248940978539533,24.68028244746025,2643649
2020-02-13,24.04264259338379,24.473985795498933,23.930119523977712,24.28644496179288,1564311
2020-02-14,24.117658615112305,24.436476959906862,24.061397080302072,24.192674591033263,1041828
2020-02-17,24.080150604248047,24.380214496503047,24.023889071580705,24.248936990771952,931235
2020-02-18,23.386255264282227,23.911367139901724,23.23622329981951,23.911367139901724,1406186
2020-02-19,22.936153411865234,23.592544478428845,22.7298599453701,23.573790039150627,1874548
2020-02-20,22.561077117919922,23.311238710358378,22.354783618973425,22.973665904334972,3065078
2020-02-21,22.711109161376953,22.823634026635055,22.017210893097815,22.448554123311478,1739665
2020-02-24,22.654848098754883,22.673602541445415,22.035965798144094,22.035965798144094,2313045
2020-02-25,22.69235610961914,23.029927122428944,22.20475134958917,22.78612474241396,2294937
2020-02-26,22.59858512878418,22.729862642264248,22.223505241325427,22.504814709788995,2055103
2020-02-27,21.360820770263672,22.561076419366685,21.267050350547,22.336028485159872,2830363
2020-02-28,21.02324676513672,21.135771620027096,18.022604237974765,18.022604237974765,2239655
2020-03-02,20.910722732543945,21.567113870085777,20.79819966175058,20.816954103056798,1460142
2020-03-03,21.6608829498291,22.486058642579476,20.685673524420444,21.023246292988343,3665901
2020-03-04,21.60462188720703,22.185995236233914,21.548358565542323,21.92343843403094,1490885
2020-03-05,21.679637908935547,22.035963337658693,21.56711305387872,21.79216097547048,1209732
2020-03-06,21.45458984375,21.660885129083905,20.70443004759589,21.47334428578436,1752084
2020-03-09,20.160564422607422,21.267051500337317,18.754013416378996,20.910724243853743,1420697
2020-03-10,19.410404205322266,20.760691856015146,18.791521918290847,20.535643914233,1835104
2020-03-11,19.410404205322266,19.410404205322266,19.410404205322266,19.410404205322266,0
2020-03-12,17.910079956054688,23.236219096596702,17.413098045845192,21.567111558222916,13624461
2020-03-13,18.42581558227539,19.222861413210442,17.24431266615788,18.28516085646847,4690834
2020-03-16,16.88798713684082,18.275783522969416,16.869232696577008,17.87257199990676,2406339
2020-03-17,17.413101196289062,17.86319708969197,15.190751604785902,16.9254964175082,3656106
2020-03-18,17.188051223754883,18.285160952442297,16.869232889707472,16.925494422621167,3249541
2020-03-19,18.144506454467773,18.285161182784815,17.234935753541894,17.253690194256674,4736444
2020-03-20,18.941553115844727,19.185353701554952,18.44457114661884,18.44457114661884,3073507
2020-03-23,20.92947769165039,20.92947769165039,19.20410839627573,19.20410839627573,3563561
2020-03-24,22.279766082763672,22.84238679067364,21.754654256691268,22.373536498835655,6420032
2020-03-25,21.73590087890625,23.217467802038946,21.492098500603145,22.504815108965722,6370814
2020-03-26,21.82967185974121,22.27976774422526,21.285805552192468,21.735901436676517,5427744
2020-03-27,21.079509735107422,22.148489669601418,21.023248198088375,21.942194386328218,3168501
2020-03-30,21.473342895507812,21.942193184879258,20.85446065661926,21.21078787811383,3135358
2020-03-31,21.26704978942871,21.717145645966834,21.135772278402243,21.604622576093277,2267114
2020-04-01,20.98573875427246,21.67963877591551,20.835706800544767,21.15452514934661,3069333
2020-04-02,21.32331085205078,21.735899605666127,20.948230979910424,21.229540436885216,4579609
2020-04-03,22.14849090576172,22.185998003027105,21.30455886076406,21.492099712657343,4881436
2020-04-06,22.523569107055664,22.767371480555518,22.42979868824465,22.504814665589066,2630077
2020-04-07,22.110980987548828,23.011174530672992,22.0547194500167,22.654847286418125,3930441
2020-04-08,22.261011123657227,22.467304603395988,21.754653750290498,21.960947230029255,2461758
2020-04-09,22.59858512878418,22.786124178252567,22.129734822330242,22.204750799821994,5214359
2020-04-10,22.54232406616211,22.86114063580539,22.486060740470336,22.78612465673838,2005111
2020-04-13,23.98638153076172,24.473986277176554,22.448553102784754,22.504814638595086,9168947
2020-04-14,24.661523818969727,25.31791492122505,24.492739221853263,24.7552942319379,6484863
2020-04-15,27.062040328979492,27.062040328979492,22.786124235618743,24.867820746169155,20472927
2020-04-16,27.568397521972656,29.03120996990406,27.19331763641614,28.037247826048795,20394823
2020-04-17,27.324596405029297,27.962233134041224,26.574436599440002,27.924726038022786,10873888
2020-04-20,27.980985641479492,28.599867885426644,27.099546589470368,27.62465841707239,14466209
2020-04-21,27.24958038330078,28.431083416710404,26.96827090376032,27.79344668866184,9227455
2020-04-22,26.893253326416016,28.037247407412416,26.724466933305315,27.36210362349155,11408700
2020-04-24,27.00577735900879,27.549643651466596,26.912008727068002,27.00577735900879,6486985
2020-04-27,27.699674606323242,28.168524872874237,27.080790609035848,27.418363373279547,16138322
2020-04-28,27.230825424194336,28.056001139235725,27.043284594696704,28.018492257927438,11788489
2020-04-29,28.2998046875,29.48130767036929,27.249579217664415,27.474627149374474,40797910
2020-04-30,27.51213264465332,28.637373953173334,27.174559894392964,28.599865074912515,13179842
2020-05-04,27.24958038330078,27.549644305083152,26.799484500627226,27.1933188450971,5635732
2020-05-05,27.043285369873047,27.474626786151024,26.893253417383146,27.4183652510978,3542563
2020-05-06,27.53089141845703,27.71843047372344,26.761977178264065,27.02453221334145,10991461
2020-05-07,27.380855560302734,28.46858800694966,27.2870851517597,27.793442496257235,12516845
2020-05-08,27.680925369262695,28.318562137784365,27.47463006855147,27.549646053758597,11297386
2020-05-11,29.556324005126953,29.650094424937578,27.83095471929068,27.90597069743478,17937466
2020-05-12,30.94411849975586,32.29440601928218,29.368781271786602,29.631338072622107,19242418
2020-05-13,30.56903648376465,31.24418202407812,30.325235914786848,30.869100373449808,8282536
2020-05-14,30.68156623840332,31.337953828040195,30.250221223299555,30.45651650978205,8743743
2020-05-15,30.79408836364746,31.656771213137745,30.681565291332202,31.131661157637215,5861184
2020-05-18,30.925365447998047,31.30044711989801,30.737824612048065,30.98162877189622,4116224
2020-05-20,32.013099670410156,32.631981957328584,30.8691037309072,31.075399018894714,16972985
2020-05-21,32.088111877441406,33.11958098449853,31.900571064237337,32.219389373571204,6790512
2020-05-22,32.088111877441406,32.313157991651494,31.84430774716307,32.03184856036714,2454084
2020-05-27,32.10687255859375,32.87578682288142,32.069363673251864,32.44444179553814,5146271
2020-05-28,31.375459671020508,32.40693242640581,31.056641339653233,32.40693242640581,3073620
2020-05-29,30.456514358520508,31.694278835899205,30.362745731493934,31.506738004802227,3940494
2020-06-01,31.750545501708984,32.031854989454736,30.944122347005408,31.33795491444062,3908870
2020-06-02,32.275657653808594,32.7070027114258,31.581761111503607,31.694284198382494,5461783
2020-06-03,32.20063781738281,32.53821059596342,32.088114750203886,32.21939225808661,2128132
2020-06-04,31.975589752197266,32.406934756503986,31.900575562563922,32.256902800193295,2558255
2020-06-05,31.713035583496094,32.21939479117698,31.619266949648857,31.95683975476945,1659530
2020-06-08,31.544246673583984,32.12562002672232,31.431723606502587,31.544246673583984,3395605
2020-06-09,31.750545501708984,31.938086352554222,31.525495765285857,31.76929994449793,1855735
2020-06-10,32.3319206237793,32.57572481583908,31.769301618639552,31.881824704258623,3460759
2020-06-11,32.50069808959961,33.2321033102513,32.144370910058065,32.350666157746865,4968642
2020-06-12,34.113548278808594,34.28233467024705,32.18188378625953,32.29440685487055,8814051
2020-06-15,34.263580322265625,34.91997144885783,34.05728504838251,34.13230281235596,4747832
2020-06-16,33.7197151184082,34.45112407087557,33.70096067582759,34.35735185797249,3161362
2020-06-17,33.8697509765625,34.188569383004356,33.66345923854335,33.71971899571013,1845865
2020-06-18,33.700958251953125,34.5448902221619,33.68220381072138,33.850990204763136,3239638
2020-06-19,33.569679260253906,34.03852953924361,33.11958342166904,33.94476091426317,2849074
2020-06-22,33.96351623535156,34.71367598577819,33.7572209625928,33.888498471786974,5477557
2020-06-23,34.057281494140625,34.5073772998774,33.663449005512255,34.26357674649462,2301419
2020-06-24,35.070003509521484,36.57032302324742,33.8509898804448,34.0010218318174,5340856
2020-06-25,34.56364440917969,35.50134500160651,34.35734913419174,35.14501777491203,3255174
2020-06-26,35.070003509521484,35.27629520700638,34.56364433224753,34.844953793940654,6088219
2020-06-29,35.745147705078125,36.045211626315655,35.03249678640003,35.088756535979506,4212366
2020-06-30,36.10147476196289,36.62658840987277,35.7639019580954,35.782656400204054,4826140
2020-07-01,35.745147705078125,36.92665252486447,35.52010155267203,36.382784431968894,4887963
2020-07-02,36.40153503417969,36.532812538742135,35.85767057570046,35.9139303193451,3503575
2020-07-03,37.076683044433594,37.245469440700035,36.457800783804615,36.645341621549996,3826146
2020-07-06,40.5649299621582,40.789979699919286,37.32048645831041,37.32048645831041,10905096
2020-07-07,39.98355484008789,41.25882828673212,39.383427000971565,40.65870044761579,7979636
2020-07-08,39.2333984375,41.14630877306076,39.10212090845955,40.002312745060706,4461326
2020-07-09,38.63326644897461,39.927294312496464,38.5019889338575,39.383426233246695,2900501
2020-07-10,39.102115631103516,39.60847481224334,37.69556473485551,38.18316947480009,5482810
2020-07-13,39.73975372314453,39.777259029811994,39.458444249396386,39.57096732348684,2379116
2020-07-14,39.3834228515625,40.002305067576735,39.17712758720985,39.79600980322409,2237085
2020-07-16,39.06460189819336,39.645975194883086,39.02709302046023,39.383420204838075,1682223
2020-07-17,39.00834274291992,39.4959474743369,38.614510215839196,39.19588357454858,1469735
2020-07-20,38.952083587646484,39.30840723839248,38.68952498856998,39.02709777520842,1704562
2020-07-21,39.90853500366211,40.41489056064002,39.233389491633474,39.40217586964063,5091036
2020-07-22,39.83352279663086,40.26486423295909,39.49594999357605,40.22735892587617,2554777
2020-07-23,40.0023078918457,41.05253157379704,39.85227593728123,41.05253157379704,1829338
2020-07-24,40.264862060546875,40.883744307075425,39.570965626855646,39.570965626855646,2860955
2020-07-27,40.45240020751953,40.78997296994259,40.32112270592026,40.32112270592026,1962140
2020-07-28,39.70224380493164,40.658698852388696,39.47719408557071,40.60243552828748,3548116
2020-07-29,40.60243225097656,40.6962044502429,38.68952231046701,39.664731720575055,4635838
2020-07-30,41.97147750854492,42.496591135113825,40.67745324903503,40.78997632006982,4569024
2020-08-04,40.24611282348633,42.72164570674119,39.7397571577937,42.196532020527556,5945717
2020-08-05,39.85227584838867,40.75246757376761,39.00834387019345,40.414894782489526,4397577
2020-08-06,36.60783386230469,40.22735890683262,36.36402969263871,39.62722749221701,5700997
2020-08-07,36.00770950317383,36.94541023422477,33.550931012348386,36.42029653710025,6654534
2020-08-10,39.06460189819336,39.57096101646028,35.55760052510151,36.27025489385721,7458650
2020-08-11,39.946044921875,40.489912997648645,39.15837625916269,39.5334579374234,5497543
2020-08-12,38.089393615722656,39.289652697795624,37.4142516826654,39.13962075966695,6785785
2020-08-13,35.988956451416016,38.22068170217186,35.820170027134374,37.88311243065313,3874089
2020-08-14,35.782657623291016,36.063967110448,34.282337973757635,35.670134543837065,3713234
2020-08-17,36.664093017578125,37.26422442247344,35.763901275801175,35.913933232763995,3764969
2020-08-18,36.19524002075195,36.66409029862202,35.857670825402245,36.57032167386551,2043107
2020-08-19,36.514060974121094,36.75786513926067,35.63262367618294,36.1952426191998,2506858
2020-08-20,36.382781982421875,37.41425477214339,36.15773584516749,36.57032281482977,1863142
2020-08-21,36.2140007019043,36.9079008066317,35.670136145913084,36.75786883493988,1956431
2020-08-24,36.814125061035156,36.87038838641991,36.28901499895353,36.64534223896894,2149143
2020-08-25,36.43904495239258,38.01438220609366,35.838917156133846,37.17045025695243,4173278
2020-08-26,36.12023162841797,36.75786839473305,35.83892213199527,35.83892213199527,2076762
2020-08-27,36.382781982421875,36.982909784492065,36.23275003190433,36.4390453052574,2002944
2020-08-28,36.10147476196289,36.64534285198141,35.85767416863864,36.51406175722088,1253143
2020-08-31,35.85767364501953,36.34527482454774,35.57636059454184,36.307769517922196,1557550
2020-09-01,36.514060974121094,36.72035625584781,35.89517870598494,36.57032429924038,1622243
2020-09-02,36.28901290893555,36.72035431424406,36.17648984169068,36.664090992099716,943411
2020-09-03,35.970191955566406,36.34527001145956,35.68888251938566,36.176487211385954,1064789
2020-09-04,35.95144271850586,36.43904748106415,35.820165201094795,36.00770604470092,1096099
2020-09-07,35.93268585205078,36.15773556460277,35.85767166589601,35.91393141125113,643588
2020-09-08,35.76390075683594,36.0639646664074,35.44508240578576,35.91393271162167,985523
2020-09-09,35.820159912109375,36.514056280838254,35.557601339010965,35.9139285315451,1421473
2020-09-10,35.820159912109375,36.08271490816424,35.76389659422182,36.08271490816424,1096726
2020-09-11,35.5576057434082,35.932687421698255,35.42632822911988,35.820164349028836,1322245
2020-09-14,36.026451110839844,36.21399192425906,35.407568930486875,35.407568930486875,2575764
2020-09-15,37.20795440673828,37.6017868815579,36.15773089684259,36.213990634934895,5988621
2020-09-16,36.96415710449219,37.48927074484156,36.757865398355385,37.28297546166073,1754422
2020-09-17,36.814125061035156,37.18920674284547,36.42029251447394,36.85163394462499,1108039
2020-09-18,36.9266471862793,37.189202185142825,36.77661524735106,37.03917024621458,853721
2020-09-21,36.75786209106445,37.226712363713126,36.28901181841579,36.88913959507909,1545998
2020-09-22,38.16441345214844,38.27693651761326,36.75786261418506,36.851631239231786,4494894
2020-09-23,37.77058029174805,38.38946256544944,37.62054833379147,38.27693949124301,2242508
2020-09-24,38.389461517333984,39.23339349345109,37.62054730666904,37.676810630758155,3669607
2020-09-25,38.276939392089844,38.82080747392612,38.145661876348406,38.53949442357272,1708230
2020-09-28,37.995628356933594,38.53949283936977,37.60179224885426,38.258183377623894,1271275
2020-09-29,37.8455924987793,38.63326105658403,37.82683805965972,38.01437887381199,1963612
2020-09-30,38.44572448730469,38.539493116212256,37.95811974748872,37.95811974748872,1357377
2020-10-01,38.389461517333984,39.19588461072501,38.2394295634736,38.727034307780826,1848911
2020-10-02,39.62722396850586,40.058568943318136,38.46447728086516,38.46447728086516,3946745
2020-10-05,40.133583068847656,40.3023694550384,39.70224167171297,39.70224167171297,1288018
2020-10-06,39.64597702026367,40.564923104774806,39.60847171784718,40.07732197996778,1476993
2020-10-07,39.43968963623047,39.889785507681275,39.2896576790802,39.58972159338074,1091003
2020-10-08,38.708282470703125,39.60847783147431,38.27694102146445,39.439691424894974,1294385
2020-10-09,39.12086868286133,39.27090063005075,38.55824619811818,38.55824619811818,782600
2020-10-12,39.552215576171875,39.852279512217976,38.97084214721309,39.00834745643565,1215358
2020-10-13,39.3271598815918,39.66473265279714,38.6332634759308,39.49594626719447,1038603
2020-10-14,39.43968963623047,39.683490225208146,38.952084881231094,39.17713102843449,1124910
2020-10-15,41.0712890625,41.52138495958794,39.34591966847412,39.51470607701262,4914914
2020-10-16,40.5649299621582,41.72768038267605,40.152342949481145,41.44637089325787,1878001
2020-10-19,39.90853500366211,40.97751301301174,39.8147628064117,40.22735332022635,1373626
2020-10-20,39.871028900146484,40.508665577660246,39.1958833411216,39.683488069634706,2379071
2020-10-21,40.733707427978516,40.78997074432702,39.72099277300954,39.87102470622877,3028746
2020-10-22,40.24611282348633,40.95876736742229,40.03982109933168,40.78998095317664,2010836
2020-10-23,40.18985366821289,40.73371822895274,39.75851219296329,40.32113119745891,2255044
2020-10-26,39.552215576171875,41.46512585124896,39.233397196992364,39.64598421479468,7878263
2020-10-27,38.35195541381836,39.68348852949895,37.52677789623041,39.40217906899329,2824291
2020-10-28,37.0391731262207,38.38946068156739,36.757863665987294,38.35195537670177,885024
2020-10-30,35.37006759643555,36.551568772516205,34.54489007106772,36.551568772516205,3686303
2020-11-02,35.538856506347656,36.045212145070785,35.407575409003286,35.632625141692344,1749936
2020-11-03,36.28901290893555,36.47655373903954,35.538853165563395,35.538853165563395,1850725
2020-11-04,36.589080810546875,37.30173175048108,36.38278551715141,36.38278551715141,1556567
2020-11-05,36.25150680541992,37.15169856644723,35.53885588886766,36.85163464610479,1677078
2020-11-06,36.345272064208984,36.7391081587404,35.97019398713175,36.25150343920061,1228845
2020-11-09,36.98291015625,38.201923790633124,36.570323182440326,36.889141527625405,4012873
2020-11-10,36.85163116455078,37.28297256216159,36.70159921855382,37.02041755092784,1607136
2020-11-11,36.701602935791016,37.057930185015,36.53281653231882,36.83288045470403,3860296
2020-11-12,36.19524002075195,36.757862500422284,36.00770277123892,36.645339435305715,3254430
2020-11-13,36.53281784057617,37.09544039797931,35.98895330316847,36.157739712684986,3553687
2020-11-16,36.664093017578125,37.039174698507196,36.38278354540333,36.79537410983411,2631680
2020-11-17,37.8455924987793,38.276933867399066,37.301724495442066,37.301724495442066,9017482
2020-11-18,37.301727294921875,38.63326395599514,36.94540365603847,38.351954502176326,5236644
2020-11-19,37.35799026489258,37.84559498287632,36.45779859032739,37.30172694384085,5351468
2020-11-20,37.976871490478516,38.35195313354762,37.508021225163965,37.508021225163965,3130736
2020-11-23,37.733070373535156,39.02709451137136,37.54552955474852,38.408212313305995,3294213
2020-11-24,37.82684326171875,38.25818468965786,37.56428823202433,37.75182549492377,2717921
2020-11-25,38.31444549560547,38.426968561355615,37.71431770887965,38.089395787061406,4104925
2020-11-26,38.258182525634766,38.53949198111603,38.14565945885102,38.40821447369436,1785291
2020-11-27,38.426971435546875,38.50198920302053,37.88310692953902,38.239430593906775,2363739
2020-11-30,39.60847473144531,40.30237116903425,39.12086999249541,39.28965638586437,7821382
2020-12-01,38.93333053588867,40.18984952152588,38.55824885356197,40.039817564004004,3251251
2020-12-02,39.177127838134766,39.85227337885405,39.08335921394319,39.85227337885405,2140456
2020-12-03,38.783302307128906,39.458447969410216,38.745793419881196,39.17713489209676,2033990
2020-12-04,38.37071228027344,38.89582597852905,38.35196141341112,38.74579400431951,1676029
2020-12-07,37.470516204833984,38.38946239025482,37.32048424756209,38.38946239025482,2295420
2020-12-08,37.20795440673828,37.52677270508703,37.057922476753184,37.433000513194244,1811679
2020-12-09,37.451759338378906,37.770577674071546,37.15169544326157,37.15169544326157,1538924
2020-12-10,37.62054443359375,37.92060831839868,37.18920304631712,37.52677581098358,2048718
2020-12-11,38.089393615722656,38.23942555385133,37.39549724326887,37.60178892254357,1973273
2020-12-14,38.23943328857422,38.59576055509578,38.07064687690844,38.29569661814424,2174037
2020-12-15,38.52074432373047,38.76454491822821,38.18317151823813,38.23943126779079,1845435
2020-12-16,37.995628356933594,38.80205143710395,37.883105287644014,38.53949283936977,1685769
2020-12-17,38.389461517333984,38.595756795283485,37.508024235534734,37.95812009711588,1865447
2020-12-18,38.87706756591797,39.12087173477287,38.35195749831182,38.50198945720558,2188858
2020-12-21,38.31444549560547,40.02106023049842,38.16441354892401,39.327160241444346,3756239
2020-12-22,38.72703552246094,39.008344997641984,38.16441657209885,38.408217163377344,2274839
2020-12-23,39.195884704589844,39.85227584569239,38.595756887711154,38.61451132911911,3829195
2020-12-24,39.3834228515625,39.58971811591515,38.67077201195726,39.19588202733679,2676477
2020-12-25,39.25214767456055,39.87102992726173,39.195884350844466,39.38342518618747,2794075
2020-12-28,38.87706756591797,39.68349068636348,38.70828116503198,39.21464036768995,1638100
2020-12-29,39.62722396850586,39.66473284927975,38.31444533481334,38.89581867863369,3693557
2020-12-30,39.60847473144531,40.07732502923823,39.47719364334642,39.83352087124133,2579371
2020-12-31,40.09607696533203,40.246108921555155,39.51470358209791,39.60847579038985,2355645
2021-01-04,41.783939361572266,42.06524882170548,40.321125161018145,40.508665993454905,4342275
2021-01-05,41.240074157714844,42.252792576695036,40.69620964077831,42.00898840455057,3655192
2021-01-06,41.39010238647461,41.97147573547909,41.20256155797659,41.615152096081,2361545
2021-01-07,41.09003829956055,41.76518384817898,41.01502411473837,41.46511995480274,2328174
2021-01-08,41.76518249511719,42.421573582004115,41.46511861146208,41.80269137483499,3953160
2021-01-11,41.40885543823242,42.17776958994659,40.86499098857678,41.7276737628732,2260731
2021-01-12,41.46512222290039,41.74643169119748,41.165058313110976,41.54013641182576,1067233
2021-01-13,41.990230560302734,42.00898500102855,40.9962702411415,41.54013471401474,2180632
2021-01-14,41.540138244628906,43.227998705925906,41.4088607254344,42.25279274460496,4981508
2021-01-15,40.789974212646484,41.52137950215029,40.508664761071465,41.40885643692903,2071293
2021-01-18,41.25882339477539,41.408855336765555,40.15233648120656,40.73370980928799,1929338
2021-01-19,43.640586853027344,44.540778571991794,41.31508979051389,41.72767676744495,9289454
2021-01-20,48.15092849731445,48.15092849731445,43.92190000352402,44.07193196927382,17001768
2021-01-21,46.4911994934082,48.99485848766263,46.322413091880485,48.29158300697848,11677243
2021-01-22,44.709564208984375,46.79126065373619,44.18445059329599,46.50994761641221,9210544
2021-01-25,42.871673583984375,44.67205706130584,42.57160967109747,44.67205706130584,13720789
2021-01-26,43.13423538208008,43.88439528201169,42.90918562357832,43.0779720481935,11743477
2021-01-27,40.90250015258789,43.77186534522355,40.75246819606704,43.359278359052226,10405961
2021-01-28,42.4028205871582,42.4028205871582,39.79601059063395,40.69620584931999,5416563
2021-01-29,41.39010238647461,42.19652544508547,41.31508820130167,41.821443788089425,4013648
2021-02-01,41.40885543823242,42.23403290972214,41.315086815650176,41.80269152257393,3948278
2021-02-02,41.540138244628906,42.19652941764555,41.427615167754205,42.10276078309065,3683577
2021-02-03,42.60911178588867,42.64662066645102,41.390101783962216,41.72767455493588,4121521
2021-02-04,43.73435592651367,44.05317427734855,42.290296127023666,42.66537780225669,5898605
2021-02-05,43.24674606323242,44.409496257260756,43.24674606323242,44.07192350489628,3586098
2021-02-08,42.32780456542969,43.771864349754196,42.102758424288474,43.509309326074806,3799523
2021-02-09,41.70892333984375,42.40282337572886,41.67141445638099,42.32780560880333,3221889
2021-02-10,43.13423538208008,43.321776251324124,41.97148485440266,42.027748188289245,7371013
2021-02-11,41.29633331298828,42.92793027602966,41.29633331298828,42.68412970555631,5370535
2021-02-12,40.75246810913086,41.4088592589008,40.3211266821841,41.25882730270001,4112923
2021-02-15,40.864994049072266,41.577644934383336,40.13358514538751,41.07128574961172,5092911
2021-02-16,41.146305084228516,42.40282408489367,40.471159478783335,41.071287316048355,6210851
2021-02-17,41.69016647338867,42.34655758763493,40.8837434110613,41.29633395106719,5213154
2021-02-18,40.996273040771484,42.196528712838116,40.84624108176316,41.82144702679526,3172505
2021-02-19,41.33384323120117,41.40885741744368,40.60243434733469,40.996270450500305,3366021
2021-02-22,41.0712890625,42.30905367375289,40.86499734532067,41.44637076526206,3919003
2021-02-23,39.946044921875,41.31509054359583,39.87103073244925,41.202563893891224,2822134
2021-02-24,38.87706756591797,40.00230904614323,38.783298933000886,39.383426768575944,2537138
2021-02-25,38.65202331542969,39.608478441768426,37.95812323579578,39.23339673758076,2501192
2021-02-26,36.6265869140625,38.239429522053626,36.40153719499373,37.508024194906994,4456576
2021-03-01,37.976871490478516,37.976871490478516,36.945402337603966,37.17044846181051,5075441
2021-03-02,37.20795440673828,37.86434544181435,36.10146758170691,36.289008388449126,8730228
2021-03-03,37.32048416137695,37.75182559040703,36.60783326024222,37.41425637010784,3632124
2021-03-04,37.26422119140625,38.5207400634125,36.7953709194195,37.32048093473669,5261496
2021-03-05,36.832881927490234,37.41425893027191,36.701604403328005,37.1329458618737,2957437
2021-03-08,36.73910903930664,37.20795932967345,36.457799580495326,36.926649870862136,2549832
2021-03-09,37.35799026489258,37.583039972055744,36.870385546908835,36.90789442760998,3218870
2021-03-10,37.020423889160156,37.63930621948638,36.982915001978114,37.357996719709796,3261168
2021-03-11,37.80809020996094,38.20192634602518,37.26422568887924,37.545535170614194,7059581
2021-03-12,37.451759338378906,38.03313626508206,37.30172739082024,37.95811850278083,2989840
2021-03-15,37.15169143676758,37.58303636939518,37.09543169815258,37.50801861518398,1637331
2021-03-16,36.73910903930664,37.28297351606934,36.701600157586775,37.15169600709365,2537500
2021-03-17,36.420291900634766,37.67681086336434,36.17649131549796,36.757864693165686,5114400
2021-03-18,36.832881927490234,37.77058261669961,36.176494306679075,36.476558241062534,6164602
2021-03-19,36.43904495239258,37.77057805321116,36.345272748574764,36.8516319180595,4685404
2021-03-22,32.80076599121094,33.75722101590689,32.80076599121094,32.83827487305247,3850451
2021-03-23,33.49467086791992,33.738471481255814,29.575081571586978,30.4752734044271,5553354
2021-03-24,34.788692474365234,35.16377416292069,33.21335510570286,33.532173467861774,3019611
2021-03-25,33.569679260253906,35.08875316260829,33.53217037944423,34.788689270218384,3099209
2021-03-26,32.76325988769531,34.038533362099834,32.29440955604919,34.038533362099834,2948068
2021-03-29,32.463191986083984,33.11958308541414,32.36942336205556,32.76325587542742,2389822
2021-03-30,32.81951904296875,33.83223734756133,32.48194627477122,32.688241539123865,4880816
2021-03-31,32.81951904296875,33.00705986719446,31.97558712247493,32.85702792322263,4633674
2021-04-01,33.982269287109375,34.33859291834376,32.782010158447335,32.87578235906983,4824557
2021-04-02,35.895179748535156,36.94540705233429,34.50738321534784,34.50738321534784,12149555
2021-04-05,35.632625579833984,37.11419436039777,35.44508472979444,36.28901676645029,4463078
2021-04-06,35.10750961303711,36.42029190018702,35.03249542416669,35.91393271139685,3560539
2021-04-07,35.10750961303711,35.726391873654876,34.544890676855125,35.08875517155852,3068808
2021-04-08,36.49530029296875,36.73910441642618,35.18252179135487,35.18252179135487,6872230
2021-04-09,35.332557678222656,36.94540379937194,34.91997071615731,36.49530437906309,7181688
2021-04-12,36.5703239440918,36.90789673744122,35.651377771665025,35.651377771665025,8218910
2021-04-13,35.42633056640625,36.96415911017603,35.42633056640625,36.87039047293903,4670697
2021-04-14,35.46383285522461,35.74514229165134,35.08875122195993,35.4825872945922,2690584
2021-04-15,35.14501953125,35.91393376930222,35.14501953125,35.53885565981366,2653578
2021-04-16,35.46383285522461,35.72638785228375,35.1450145400627,35.1450145400627,2076673
2021-04-19,33.982269287109375,35.61386623046009,33.982269287109375,35.4825887266323,2544404
2021-04-20,33.49467086791992,34.319844926167846,33.13834359269573,34.019780981887806,2281148
2021-04-21,32.51945877075195,34.0947961461343,32.1443770805965,33.75722334040321,3477395
2021-04-22,32.76325988769531,32.76325988769531,31.544249740824217,32.46319596160532,3202556
2021-04-26,33.926002502441406,34.13229774570172,32.74449793455114,32.76325237276056,2906425
2021-04-27,34.938724517822266,35.763902088388576,34.78869255745058,34.882464768335446,5696465
2021-04-28,34.22607421875,34.957479591647235,34.01977892811984,34.93872514913139,2132308
2021-04-29,34.826202392578125,34.95747991435678,34.24482897739656,34.24482897739656,2041339
2021-04-30,34.03852844238281,34.84495146858585,34.03852844238281,34.84495146858585,2377358
2021-05-03,34.676170349121094,34.82620231324697,34.03853360732508,34.03853360732508,2173404
2021-05-04,34.03852844238281,34.60115090526671,34.019774002582324,34.226069263344115,2049721
2021-05-05,35.2012825012207,35.29505113338319,33.94476351420558,34.226072987737076,4205032
2021-05-06,34.582401275634766,36.06396645551267,34.52613794840745,35.670133896053876,5028939
2021-05-07,34.413612365722656,34.99498572990499,34.35734904259125,34.58239875807299,2726193
2021-05-10,34.582401275634766,34.76994212268168,34.169810696722735,34.65741546822705,2719485
2021-05-11,34.544891357421875,34.657414431466286,34.01977771680789,34.39485939968131,2284893
2021-05-12,34.76994323730469,35.445085300454856,34.46987572618386,34.54489349822513,2078934
2021-05-17,34.788692474365234,34.919973569290505,34.451123247118225,34.76994160927714,1714936
2021-05-18,35.12626266479492,35.482589884702705,34.73243014045775,34.88246208930674,2417710
2021-05-20,34.582401275634766,35.088756912504046,34.52613794840745,34.901219642501275,1558160
2021-05-21,34.619903564453125,34.91997103978791,34.43236631080414,34.60115270072329,1648008
2021-05-24,34.07604217529297,34.76994223856598,34.05728773282136,34.619906698793095,1852306
2021-05-25,33.04457092285156,34.78869104495222,33.00706204012838,34.13230348251624,3262813
2021-05-26,33.3633918762207,33.588438036038774,32.744505994110476,33.32588299056962,1931962
2021-05-27,33.30712890625,33.86974788889521,33.213356691112956,33.41965198737019,2167641
2021-05-28,32.98830795288086,33.23210853911075,32.59447183414769,32.96955351131795,1621751
2021-05-31,32.48195266723633,32.95080303154874,32.313166249920314,32.65073908455235,1863004
2021-06-01,32.463191986083984,32.969551140742425,32.35066892184113,32.444437545869555,1473156
2021-06-02,32.350669860839844,32.40693318311621,31.881819573001586,32.29440653856348,1904094
2021-06-03,32.16313171386719,32.65073648314815,31.975590867675415,32.53821340625074,1664949
2021-06-04,32.181884765625,32.44443979272212,31.97558948602357,32.106870576616096,1051102
2021-06-07,32.23814392089844,32.78200834626948,32.21938948181068,32.256898359986195,1261535
2021-06-08,32.0318489074707,32.350667220259346,32.0318489074707,32.256898601162966,1202067
2021-06-09,31.994340896606445,32.35066809751359,31.994340896606445,32.08811309528918,1646026
2021-06-10,32.16313171386719,32.66949092547174,31.75054471388058,32.05060863696977,3605337
2021-06-11,31.95684242248535,32.33192056622942,31.8818246475099,32.21939748081064,1056822
2021-06-14,31.4129695892334,32.181883782567546,30.944119296856783,31.994342950208125,2848990
2021-06-15,31.131662368774414,31.581758252589825,30.869103753765668,31.412971849028533,1654670
2021-06-16,31.244186401367188,31.82555982195174,30.869104698190185,31.131663321231777,2713030
2021-06-17,31.375459671020508,32.23814604056174,31.037886899332364,31.037886899332364,3382682
2021-06-18,30.88785743713379,31.619266360276562,30.625302405620197,31.37546219354763,2054175
2021-06-21,30.475271224975586,30.88785822459322,30.3627481481788,30.587794301772373,1458918
2021-06-22,30.850353240966797,30.96287631894513,30.53153487249139,30.53153487249139,1411045
2021-06-23,31.131662368774414,31.638021579458297,30.906612638344647,30.906612638344647,2422185
2021-06-24,31.056644439697266,31.281694168968187,30.850352729663356,31.037889997504347,1523561
2021-06-25,30.869104385375977,31.431726934440103,30.869104385375977,31.056645235064018,1456123
2021-06-28,30.137697219848633,31.037888952536942,30.137697219848633,30.9441203217734,1463859
2021-06-29,30.175207138061523,30.475271059250616,29.987666293057316,30.1001893692422,1607346
2021-06-30,30.475271224975586,30.68156651330646,29.987666456130682,30.34399370587198,2318110
2021-07-01,30.381500244140625,30.681564143787718,30.06268190363511,30.06268190363511,1528471
2021-07-02,30.4940242767334,30.794088185871118,30.175205926144077,30.381501205067742,1459514
2021-07-05,30.719066619873047,30.794084376399162,30.45651162611866,30.475266065250192,813441
2021-07-06,31.356708526611328,31.6380215839495,30.662812047022275,30.719071796854617,2149948
2021-07-07,32.23814392089844,32.23814392089844,31.244180111508157,31.337948729903456,2239775
2021-07-08,31.375459671020508,32.481946610645544,31.319199927101643,32.23814604056174,1949279
2021-07-09,31.713035583496094,31.99434506208189,31.187921933636936,31.30044858670653,1190418
2021-07-12,30.79408836364746,31.88182093481224,30.79408836364746,31.73178897937723,968651
2021-07-13,31.18792152404785,31.54424876666709,30.812843416540698,30.831597858472662,1606697
2021-07-14,31.206676483154297,31.487989539751794,30.906612561358127,31.187922040911523,1357793
2021-07-16,31.88182258605957,31.975591221671493,31.187922520581196,31.187922520581196,1656669
2021-07-19,31.619264602661133,31.788050992693005,31.375460449484507,31.600510161874944,414970
2021-07-26,31.50674057006836,32.25690395553428,31.337954166042937,31.675526974093778,1556397
2021-07-27,31.375459671020508,31.938082149515328,31.225427725497305,31.506737176222845,1200192
2021-07-28,31.900575637817383,31.900575637817383,31.525493957633856,31.525493957633856,1344343
2021-07-29,32.31315994262695,32.44443744668291,31.93808187061618,31.975587173886662,1726102
2021-07-30,31.975589752197266,32.31316254815731,31.863066679225252,32.163130591846624,1235407
2021-08-02,31.88182258605957,32.14437762740828,31.638021987242077,32.01310010673393,1337389
2021-08-03,32.23814392089844,32.3506669783815,31.919325610493516,31.919325610493516,1415243
2021-08-04,32.275657653808594,32.51946184859803,32.163134566929706,32.294412097795814,1386042
2021-08-05,32.350669860839844,32.500701809866335,31.93808289527795,32.238146793330934,1316393
2021-08-06,32.275657653808594,32.83828024229191,32.25690678686581,32.3694298737447,1666414
2021-08-09,31.938085556030273,32.50070451749027,31.938085556030273,32.29440922900102,1018591
2021-08-10,32.98830795288086,33.400894936132964,31.919329823102785,31.919329823102785,3328321
2021-08-11,33.04457092285156,33.250862623741185,32.57572061994361,32.98830759876679,2009292
2021-08-12,34.46987533569336,34.60115643527837,33.250865170186245,33.250865170186245,3677458
2021-08-13,34.901222229003906,34.93872753955747,33.944767057522235,34.488631619515104,1992231
2021-08-16,34.01978302001953,34.78869737043349,33.90725992843433,34.61991094453339,2586638
2021-08-17,34.376102447509766,34.58239771572979,33.94476104763497,33.94476104763497,2232424
2021-08-18,34.01978302001953,34.69492872361992,33.94476881797759,34.41361920613462,1400829
2021-08-19,34.01978302001953,34.282341669777786,33.363395338235364,33.738473502534234,1436158
2021-08-20,33.982269287109375,34.37610179859276,33.68220182216109,33.79472846290808,2084297
2021-08-23,34.07604217529297,34.35735165827884,33.98227353997906,33.98227353997906,911997
2021-08-24,34.13230514526367,34.37610574075316,34.03853293388763,34.11355070298846,1354250
2021-08-25,33.569679260253906,34.11354730086296,33.382138433249274,34.11354730086296,1861403
2021-08-26,32.932044982910156,33.88850005065692,32.83827635112957,33.38214085413616,1669346
2021-08-27,32.72575378417969,32.98830881886488,32.500704056560906,32.93204549269917,1182166
2021-08-31,32.66948699951172,32.98830532661144,32.51945505599677,32.819518943026665,1237784
2021-09-01,33.08207321166992,33.40089153165501,32.78200933133614,32.80076377098745,1403814
2021-09-02,32.96955108642578,33.32587829582546,32.96955108642578,33.06331971029973,846726
2021-09-03,32.89453887939453,33.13833946234319,32.556966089893365,32.98830750890311,1154174
2021-09-06,32.85702896118164,32.9883064691736,32.74450231686526,32.83827452046224,650149
2021-09-07,32.350669860839844,32.93204321618701,32.21939235257214,32.87578347095447,967537
2021-09-08,31.69428253173828,32.31316484259489,31.69428253173828,32.25690509063608,1091297
2021-09-09,31.88182258605957,31.93808591365322,31.487990024036502,31.487990024036502,1412185
2021-09-10,31.4129695892334,31.975588509267798,31.375460707352744,31.938083204431,931012
2021-09-13,31.056644439697266,31.544249205580847,31.056644439697266,31.450480571660353,1038128
2021-09-14,31.206676483154297,31.4129717707807,30.9253670036009,31.112907848984534,1608246
2021-09-15,31.094154357910156,31.450481617334674,30.92536794960613,31.112908800726625,1035044
2021-09-16,30.606550216674805,31.487991162284064,30.606550216674805,30.96287748356034,1701174
2021-09-17,30.475271224975586,31.13166239753773,30.475271224975586,30.94412155151367,1178250
2021-09-20,30.21271514892578,30.30648378019469,29.987665426018815,30.156451823938042,1162017
2021-09-21,30.006420135498047,30.419007124625296,30.006420135498047,30.381501818009383,862233
2021-09-22,30.869104385375977,30.8878588280492,30.10019012099477,30.137699006341215,1425709
2021-09-23,31.394214630126953,31.469232392650085,30.962873226750347,31.03788741222968,1726844
2021-09-24,30.156452178955078,30.719071127279943,29.743863400131094,30.719071127279943,3114772
2021-09-27,29.818878173828125,30.494023746163005,29.668846221869693,30.175205401120856,1430523
2021-09-28,30.100189208984375,30.21271586161425,29.70635665591205,29.912650153500703,1238316
2021-09-29,29.912649154663086,30.362746807542813,29.912649154663086,30.193960411278162,1079532
2021-09-30,29.556324005126953,29.987665432325024,29.312521629028133,29.950158337513972,2037191
2021-10-01,29.725109100341797,29.78137063435364,29.500059387250584,29.53756826893976,894178
2021-10-04,29.725109100341797,30.10018718610203,29.53756826893976,29.687600218652623,1406261
2021-10-05,29.968910217285156,29.968910217285156,29.350027966436624,29.743862288660413,1045176
2021-10-06,29.4250431060791,30.043927127854463,29.368781572652942,30.006418246555757,1604902
2021-10-07,29.800127029418945,29.912650104821626,29.462554226166834,29.462554226166834,762493
2021-10-08,29.50006103515625,29.8188793932361,29.481308381786036,29.80012673986589,1042934
2021-10-11,29.856388092041016,29.950158512399184,29.50006085238438,29.50006085238438,1167058
2021-10-12,29.650094985961914,30.13769795886374,29.500061238312856,29.631340543940528,1205608
2021-10-13,29.481306076049805,29.85638594194929,29.387535662444463,29.76261552834395,1189863
2021-10-14,29.275012969970703,29.70635618899529,29.275012969970703,29.350028948689502,1245721
2021-10-15,29.331275939941406,29.46255345397787,29.012457587119716,29.387537476168177,1187014
2021-10-18,29.518815994262695,29.57507932092521,29.275013610957963,29.331276937620476,755006
2021-10-19,30.475271224975586,30.662812070999646,29.593832110297807,29.612586552604625,2252250
2021-10-20,30.437759399414062,30.831595495715884,30.193958827070094,30.56903690583341,1646486
2021-10-21,31.4129695892334,31.6942790492506,30.475269004480165,30.475269004480165,3419387
2021-10-22,32.013099670410156,32.50070443844348,31.41297182576733,31.41297182576733,2132924
2021-10-25,32.29440689086914,32.40693353664945,31.71303352917966,31.99434298954271,1595496
2021-10-26,33.063323974609375,33.26961926619125,31.975591342981268,32.48195056211267,2170184
2021-10-27,32.6882438659668,33.19460305430719,32.425688839587615,33.06332196407364,1787654
2021-10-28,33.00706100463867,33.00706100463867,32.613224902488476,32.66948822480817,506621
2021-11-01,32.72575378417969,32.875785743577524,31.825558450748616,31.95683954513528,3150041
2021-11-02,32.36942672729492,33.00706345270161,32.14437699836853,32.91329124188057,1481761
2021-11-03,32.81951904296875,32.89453680347651,31.713032114785165,32.36942321105328,1805847
2021-11-04,33.7197151184082,33.79473288873067,32.725754700944705,32.875786664545465,2510053
2021-11-05,33.68220138549805,34.05728302903799,33.513418580653095,33.907251087030744,1419973
2021-11-08,35.220035552978516,35.33255862254119,34.15105387247952,34.75118525658285,4263497
2021-11-09,35.23878860473633,35.688884442285186,34.99498445707835,35.688884442285186,2467582
2021-11-10,36.10147476196289,36.83288011897972,35.220037445120965,35.25754275229418,5685638
2021-11-11,35.76390075683594,36.73911025146518,35.57635991909278,36.12022799084354,2832483
2021-11-12,36.68284606933594,37.50802358988571,36.08271826422479,36.270259097582986,5110993
2021-11-15,37.33924102783203,37.92061445154034,37.039177094495855,37.22671794709203,3997693
2021-11-16,38.63326644897461,39.195885392917674,37.45176165883256,37.45176165883256,6960286
2021-11-17,39.102115631103516,40.22735706351071,38.78329728487221,39.00834342512731,5198380
2021-11-18,39.5897216796875,40.07732643574987,38.72703524140976,39.19588555565696,4457222
2021-11-19,39.51470184326172,40.05856989629026,39.19588350318661,39.83352018333683,2150698
2021-11-22,39.81476593017578,40.602434563659784,39.47719314767637,39.758506184455115,3356173
2021-11-23,39.3834228515625,40.189845891802435,38.83955481901233,39.81476424335103,4363716
2021-11-24,40.940006256103516,41.14630152370348,39.49594653699127,39.49594653699127,4294867
2021-11-25,40.69620895385742,41.63390958802884,40.41489590197076,41.071287061299564,2289630
2021-11-26,41.25882339477539,41.93396892225296,40.33987730295517,40.358631742834405,3702808
2021-11-29,40.321128845214844,41.63391121517905,39.60847790929188,41.48387925092978,4303555
2021-11-30,39.96479415893555,40.86498935412136,39.608470545739756,40.52741660305712,3470378
2021-12-01,40.11483383178711,40.47116109074723,39.683492378703086,40.09607938899508,2818443
2021-12-02,40.039817810058594,40.28361840113835,39.43968997628316,40.152340884630476,2414578
2021-12-03,39.758506774902344,40.58368072544004,39.73975233370232,40.07732512121497,2788530
2021-12-06,40.17109680175781,40.35863765096065,39.64598313939869,39.833523988601534,3262635
2021-12-07,40.48991012573242,41.07128346646061,40.208600675511924,40.789974016240116,3827528
2021-12-08,40.20860290527344,40.77122183691437,39.79601235016242,40.752467395587146,3351835
2021-12-09,40.09607696533203,40.58368171731819,39.9272941444945,40.246108921555155,4077715
2021-12-10,40.321128845214844,41.24007507337211,39.94604714606959,40.114833552980535,8133737
2021-12-13,42.02773666381836,42.14025972369189,40.546171714845514,40.864990032023506,10467273
2021-12-14,43.640586853027344,43.921896318073244,42.55285429835099,42.55285429835099,8132292
2021-12-15,43.640586853027344,44.484515248165046,42.75914599829456,44.071928271233986,6578239
2021-12-16,46.359920501708984,46.359920501708984,43.49055869968029,43.978163484316205,7425007
2021-12-17,42.19652557373047,48.71354523885982,41.72767528957791,46.50994675711651,7419086
2021-12-20,40.39614486694336,43.50931067311676,38.18317080729248,40.039817625886684,5821530
2021-12-21,36.36403274536133,42.47784186369642,36.36403274536133,42.47784186369642,5857750
2021-12-22,35.632625579833984,37.0954399176894,35.29505276517165,35.40757584437769,5563740
2021-12-23,35.576358795166016,36.64534046341759,33.28837066270464,36.27025879978084,3295722
2021-12-24,36.88914489746094,36.88914489746094,35.6513802859178,35.857675580189735,2833518
2021-12-27,36.36403274536133,37.30173346454687,36.27026410426052,36.90790087947024,2784771
2021-12-28,34.901222229003906,36.664097021575394,34.50738606331409,36.589082823423865,1726549
2021-12-29,35.52009963989258,35.68888603362994,34.20731737238947,35.01374045868047,1868953
2021-12-30,34.751182556152344,35.93268363735853,34.751182556152344,35.782651697252284,1214023
2021-12-31,35.576358795166016,35.576358795166016,34.41361207657103,34.88246236759504,1842799
2022-01-03,36.664093017578125,36.92665162504608,35.46383736187552,35.59511487708749,2503974
2022-01-04,40.321128845214844,40.321128845214844,36.73911256884999,37.03917649734852,5842711
2022-01-05,40.07732391357422,41.54013451265863,40.00230615103461,40.78997477248152,5645873
2022-01-06,40.227352142333984,40.54617044956294,39.25214278174618,39.964793574764364,3608043
2022-01-07,40.8087272644043,40.92125032579668,40.03981312030974,40.508663382662206,3937386
2022-01-10,40.321128845214844,41.071288666461164,40.321128845214844,41.0337797811378,2740042
2022-01-11,39.946044921875,41.07128637961317,39.946044921875,40.677453836779,4152413
2022-01-12,40.977516174316406,41.93397119779704,40.15233866007048,40.22735642365822,6259329
2022-01-13,40.264862060546875,41.10879402265121,39.98355259886006,40.827484560964386,2960857
2022-01-14,40.18985366821289,40.94001353322185,40.077330582722645,40.22736255572444,2703768
2022-01-17,40.940006256103516,41.183806827504036,40.32112403034738,40.37738735161385,3199537
2022-01-18,38.97084045410156,41.258828761311115,38.91457712714571,40.95876483830148,3765831
2022-01-19,39.81476593017578,39.92729257570482,38.6520192093932,38.764542277878384,2792011
2022-01-20,39.25214767456055,40.546175503679,38.46447902775504,39.96479855641128,3331361
2022-01-21,38.989593505859375,39.66473552003013,38.652020710252,39.25214853486778,2345509
2022-01-24,37.93936538696289,39.25214765672348,37.30172869331277,38.970838192358755,2439773
2022-01-25,38.63326644897461,38.63326644897461,37.508024984044475,38.29569365179117,2110650
2022-01-26,38.31444549560547,39.08335966947839,38.22067329327721,39.08335966947839,1870409
2022-01-27,38.76454544067383,38.8395596334364,37.695567260237105,38.1269087054933,1856390
2022-01-28,38.44572448730469,39.49594815465389,38.16441502353807,38.82080615702278,2103299
2022-01-31,38.276939392089844,38.80205303209963,38.276939392089844,38.65202107453169,1293927
2022-02-01,38.276939392089844,39.064608063582504,38.05189324425996,38.44572579148427,1807643
2022-02-02,37.88310623168945,38.53949379977236,37.658056510458195,38.426970727678714,1563668
2022-02-03,37.6955680847168,38.67077765126911,37.13294552999313,37.864354493429474,2310944
2022-02-04,37.020423889160156,37.77058374757916,36.85163747388534,37.6580606630774,1157379
2022-02-07,37.13294219970703,37.17045108206678,35.85767239287054,36.85163273609668,2153603
2022-02-08,37.15169143676758,37.48926417663118,36.47654953408378,37.18920031387318,1907599
2022-02-09,37.6955680847168,38.63326876554535,37.37674971015332,37.41425859587708,3293328
2022-02-10,38.31444549560547,38.31444549560547,37.733072149345304,37.75182301276719,1145312
2022-02-11,38.295692443847656,38.35195576728488,37.54553268323752,38.108151609434145,1803605
2022-02-14,38.07064437866211,38.40821717984169,37.05792955216743,37.80808934531979,2131819
2022-02-15,38.72703552246094,39.008344997641984,37.71432069640037,38.08939880429375,2029128
2022-02-16,38.426971435546875,39.19588566693166,38.0893986360035,38.97083951859876,1505404
2022-02-17,37.54553985595703,38.53950038726075,37.50803096649983,38.44573174066233,1182471
2022-02-18,38.01438903808594,38.01438903808594,37.5080297775977,37.714325086028715,1144892
2022-02-21,37.95812225341797,38.52074479513847,37.714321655936644,38.01438558070326,1588026
2022-02-22,36.75786209106445,37.4705129315912,36.75786209106445,37.11418929984968,2012814
2022-02-23,36.664093017578125,37.26422442247344,36.57032438586786,36.7578652263324,1561481
2022-02-24,33.00706100463867,34.61990356365442,33.00706100463867,33.28837046214948,1871377
2022-02-25,34.43236541748047,35.295048208424326,32.93204238790667,33.41964710423988,3168452
2022-02-28,33.757225036621094,34.48863043442705,32.8195243411594,32.8195243411594,3550288
2022-03-01,34.00102233886719,34.844954313575826,33.700958431647216,34.69492235996584,1815417
2022-03-02,35.42633056640625,35.9889531209609,33.75722449968699,34.13230620272342,3678522
2022-03-03,35.40757369995117,36.2702601270676,35.313805069132506,35.55760565548742,3703460
2022-03-04,35.332557678222656,36.101471857597595,35.332557678222656,35.726390199688154,1954201
2022-03-07,37.226715087890625,37.733074277896044,35.25754165243976,35.29505053548697,4175912
2022-03-08,39.51470184326172,39.68348823371583,37.15169595394803,37.226713717280454,3883073
2022-03-09,39.83352279663086,40.56492815188691,38.877067713656906,39.55221331976654,4406617
2022-03-10,40.18985366821289,40.50867205797225,39.383430471936606,40.302376753703136,3271286
2022-03-11,40.321128845214844,40.65870165903673,39.814769624482004,40.17109688096558,1579568
2022-03-14,41.50262451171875,41.50262451171875,40.4336464636751,40.4336464636751,2210328
2022-03-15,41.25882339477539,41.80269142014202,41.01502283043274,41.596396158514175,2024372
2022-03-16,40.883750915527344,41.54014215025829,40.75247338399005,41.296341531266805,1101738
2022-03-17,40.90250015258789,41.2588273907164,40.41489539963414,40.80873152115386,1433711
2022-03-18,41.74643325805664,41.74643325805664,40.639946207787155,41.1275509737571,2409143
2022-03-21,41.615150451660156,42.008982956604335,41.31508656873784,41.74642795330821,2048658
2022-03-22,41.76518249511719,41.76518249511719,41.371346412167576,41.54013279385403,1728745
2022-03-23,41.91521453857422,42.38406480505258,41.33384120971328,42.1965239830525,2644515
2022-03-24,41.46512222290039,42.234036438866276,41.29633582651335,41.840200321615185,1881357
2022-03-25,40.84623718261719,41.4088560809303,40.78997386196839,41.05252887090868,1813669
2022-03-28,41.91521453857422,42.23403286286125,40.602432361617346,40.921250685904376,2924505
2022-03-29,42.08400344848633,42.45908153797225,41.87770817419055,42.04649456642458,2073938
2022-03-30,42.74039077758789,42.89042271545606,42.102754147387266,42.102754147387266,2949976
2022-03-31,42.834163665771484,42.946686736124605,42.2340358544963,42.85291810700432,1452150
2022-04-01,45.065895080566406,45.17841815837689,42.496593694091956,42.90918069742651,4499188
2022-04-04,44.184452056884766,45.00962960114474,43.134228367763704,45.00962960114474,3320498
2022-04-05,43.45304489135742,44.503268536269154,43.05920878886313,44.353236586996054,2863479
2022-04-06,43.56556701660156,44.12818949698742,43.17173449967084,43.52805813583375,2023543
2022-04-07,43.4155387878418,43.97816131639977,43.227997944989134,43.49055655580048,2119414
2022-04-08,43.13423538208008,44.05318170662687,42.38407548214847,43.60308576666791,4362862
2022-04-11,43.58432388305664,43.64058720734018,42.85291855259032,43.13422801992014,3402029
2022-04-12,44.747074127197266,45.00962915260004,43.35927765757071,43.60307824158129,6879160
2022-04-13,44.240718841552734,45.90982492514344,44.05317798813884,45.403465694039205,4602825
2022-04-14,44.35324478149414,44.93461824520878,44.33449033723954,44.54078564699565,2448565
2022-04-15,44.09068298339844,44.503269962864394,43.865633263752684,44.48451552147358,1345621
2022-04-18,44.3907470703125,44.85959737583881,43.865633440387214,44.10943760240551,1712381
2022-04-19,44.69081115722656,45.14090702307462,44.42825612974286,44.484515877321385,3139250
2022-04-20,44.87835693359375,45.06589779259337,44.63455274378093,44.803339159176154,2205921
2022-04-21,44.953369140625,45.45972836439127,44.91586383212114,45.009632468947096,3377010
2022-04-22,43.359275817871094,45.02838168347378,43.096717226564536,44.87834973574594,2006946
2022-04-25,43.17173767089844,43.415538259710324,41.9714784374685,43.32176962794668,2501903
2022-04-26,41.95273208618164,43.94065662520014,41.765191225433995,43.24675651354717,3570652
2022-04-27,42.102760314941406,42.45908398392328,41.615155551180656,41.95272835509534,1649334
2022-04-28,42.271541595458984,43.41553380929253,42.102755213951085,42.552851038957606,1462759
2022-04-29,42.57160949707031,42.64662368646339,41.390104714994436,42.38406865802163,2476046
2022-05-05,42.81541442871094,43.00295528679082,42.21528654449079,42.777905541686096,2313744
2022-05-06,42.19652557373047,43.00294863479988,42.02773918527204,42.815407805730096,1970043
2022-05-09,42.68413162231445,42.90917776254282,42.0652493711206,42.290295511348965,1130339
2022-05-10,41.521385192871094,42.759149811078224,41.12755262209802,42.47784032094828,1667270
2022-05-11,39.85227584838867,41.52138178632595,39.25214803146938,41.315090084912406,3508315
2022-05-12,38.4644775390625,40.00230589067748,37.97687281686003,39.739750877585294,3347792
2022-05-13,39.15837478637695,39.75850616443135,38.652019189926705,38.67077363083877,3203302
2022-05-16,39.13962173461914,39.477190921034705,38.708276771841454,39.15837259743918,1566580
2022-05-17,40.77122497558594,40.88374805516764,39.27090532434911,39.2896597671201,3337252
2022-05-18,40.17109680175781,41.071288585478435,39.81476954597683,40.77122465757156,2520163
2022-05-20,39.195884704589844,40.17109419553969,39.02709830896222,40.17109419553969,1383379
2022-05-23,39.00834274291992,39.55221079693865,38.35195519778538,39.36466996530999,1641838
2022-05-24,38.4644775390625,39.158373952818636,38.38945977701115,39.12086864883673,2299921
2022-05-25,39.00834274291992,39.13962382899068,38.48323270681229,38.5394924523702,1330537
2022-05-26,40.58367919921875,40.752465586627565,38.98959110464804,39.120868611067394,3237455
2022-05-27,40.864994049072266,41.352595215470195,40.30237154031138,40.583681006169854,1885903
2022-05-30,41.427616119384766,41.59640252709605,40.97752022450272,41.25882971167347,3050618
2022-05-31,41.540138244628906,42.19652941764555,41.07128791776618,41.44636961007401,2554829
2022-06-01,43.115474700927734,43.28426110112847,41.44636871788048,41.78394151828196,4357705
2022-06-02,43.921897888183594,43.99691207892359,42.946688369255234,43.32177005408739,3120528
2022-06-03,43.640586853027344,44.46576080688946,43.378028252213106,43.90314187679766,2608569
2022-06-06,44.109439849853516,44.221962927340755,43.60308063559472,43.69684927066007,2034372
2022-06-07,43.62183380126953,44.27822495864775,43.227997676024984,44.24071607490178,2678345
2022-06-08,41.69016647338867,44.33448179397054,41.483874780429524,43.65933981612746,2523699
2022-06-09,41.82144546508789,42.027740742412334,39.946044258993474,41.633908206113595,3283542
2022-06-10,41.48387908935547,42.30905310099039,40.546178422188746,41.25882935533602,1893374
2022-06-13,41.48387908935547,41.765188574096655,40.471160651834204,41.427615761589564,1932844
2022-06-14,43.45304489135742,44.747072689490345,41.48387511001744,41.48387511001744,10065492
2022-06-15,43.4718017578125,44.35323906184448,42.852919485397706,43.509310641484674,5515062
2022-06-16,43.86563491821289,44.55953496766854,43.19049288789948,43.64058876712311,3760356
2022-06-17,43.84688186645508,45.0658956021807,43.64059015092216,44.03442271633934,2489715
2022-06-20,45.17841720581055,45.29094028124853,44.05317572029844,44.42825740781717,3240550
2022-06-21,45.38471221923828,45.4784808520331,44.80333524936944,45.36595777727051,2556945
2022-06-22,47.353878021240234,47.40076233357529,44.859594688351706,45.14090413940577,5940606
2022-06-23,47.77584457397461,47.77584457397461,45.94732775406725,47.306994290769836,3508982
2022-06-24,48.104042053222656,48.85420184882564,47.16634141445791,47.77584826047262,3402572
2022-06-27,47.635189056396484,47.635189056396484,47.635189056396484,47.635189056396484,13966
2022-06-28,46.69749069213867,47.96338868977451,46.05985397711707,46.88503153368221,2582834
2022-06-29,45.96608352661133,47.40076429013701,45.94732908549443,46.73499772718466,2955341
2022-06-30,45.0096321105957,46.64123284850423,45.0096321105957,45.66602329428406,2638016
2022-07-01,45.59100341796875,45.928576215533035,45.21592531393155,45.290939503921386,1443675
2022-07-04,45.515987396240234,46.772506327137904,45.49723295523652,45.83480573921558,1491294
2022-07-05,45.77854919433594,46.828773006736455,45.159666857755084,45.647271664916424,2223404
2022-07-06,46.678733825683594,47.11945424386231,45.94732851640305,45.94732851640305,1902738
2022-07-07,46.13487243652344,47.26011392561797,45.75979074781056,47.16634171491771,1939645
2022-07-08,46.828765869140625,47.260110856259494,46.05985167655687,46.15362388116699,748487
2022-07-13,46.73500061035156,47.3069985800509,45.49723603662753,46.82876924467691,1533844
2022-07-14,45.38471221923828,47.26011349148707,45.38471221923828,46.566213446855635,1369095
2022-07-18,46.20988464355469,46.67873494578895,45.684774594360434,45.75978878265507,1482246
2022-07-19,47.21323013305664,47.35388667280352,46.22864508596168,46.22864508596168,1949684
2022-07-20,48.104042053222656,48.47912373954618,47.26011362456082,47.447650890678524,1539700
2022-07-21,48.385353088378906,48.66666615070725,47.77584979977057,48.19781581621891,1398672
2022-07-22,50.7764892578125,50.82337357271488,48.52600637205886,48.7604315236147,4033758
2022-07-25,49.885677337646484,51.479769223314804,49.698136484560045,51.38599700824946,2010691
2022-07-26,49.97944259643555,51.19845269351076,49.97944259643555,50.073214805160724,1595394
2022-07-27,51.43287658691406,51.901726887896125,50.16698220508008,50.16698220508008,3386087
2022-07-28,51.57353591918945,52.18304277450661,50.21386925682018,51.94861761123757,2589047
2022-07-29,52.69877624511719,53.026970035569995,50.776490664513496,51.57353477106692,3839637
2022-08-01,54.24597930908203,54.5272923560581,52.651891120452234,52.745659751414934,2147040
2022-08-02,52.60500717163086,54.66794940086122,52.60500717163086,54.24598337580706,2045482
2022-08-03,53.0269660949707,53.495816376229584,52.46434718827755,52.8863131568193,1524319
2022-08-04,54.24597930908203,54.7148296179835,53.54270384572983,53.54270384572983,1561247
2022-08-05,54.386634826660156,55.511876262620525,53.5427028554289,54.24597830577364,2103875
2022-08-08,56.82465362548828,56.82465362548828,54.62105869686161,54.855483841483334,2348786
2022-08-09,56.35580062866211,57.621698495026365,56.16826338360992,56.73088227285381,1948833
2022-08-10,61.98201370239258,61.98201370239258,59.075143016524166,59.96595938059488,5984240
2022-08-11,63.482330322265625,65.31085085856793,62.12266725898719,62.59151757792295,9350227
2022-08-12,64.60757446289062,66.38920708036918,62.638404582135614,63.48232942096775,4529211
2022-08-15,64.70133972167969,64.88887697517994,62.68528205315765,64.37314595101043,3284123
2022-08-16,66.99871063232422,67.84264267398254,64.04495921765273,65.07642853341804,4421956
2022-08-17,69.81179809570312,69.95245459896645,66.95181591508772,67.13935315004754,3312362
2022-08-18,70.18689727783203,70.79640417505755,66.95183266391852,70.14001653440774,5124312
2022-08-19,69.57738494873047,70.93705517548297,68.78034083185523,70.18689179837206,1784289
2022-08-22,74.172119140625,74.45343219406091,66.10789507315683,69.24919078411332,3642734
2022-08-23,75.53178405761719,75.85997782752708,73.32818198660583,74.17211393357958,2692985
2022-08-24,74.45343017578125,76.32883140361409,74.17211712997114,75.53178731260272,1773454
2022-08-25,76.61013793945312,77.73538297806634,73.98458049086494,75.01604974402773,2230514
2022-08-26,76.65702056884766,77.92291489054324,76.0006330402907,76.89144570820193,1744617
2022-08-29,76.89144897460938,77.54783653105018,74.17211581176294,75.95374837735804,2632234
2022-08-31,76.56324768066406,78.5793051976685,74.78161528996044,76.89144142666778,1982387
2022-09-01,76.75080108642578,77.73538968591224,75.10982485667408,75.90686902316433,2365469
2022-09-02,80.3609390258789,82.28322812869729,79.79832009342333,80.64225206915063,3193335
2022-09-05,83.50224304199219,86.17468837719387,80.64225329040653,80.64225329040653,3407597
2022-09-06,86.12779235839844,87.20614940007707,81.48617759067442,84.6274729393221,2740074
2022-09-07,84.39305114746094,86.73730256822374,83.40846268910552,86.12779576800789,2547295
2022-09-08,88.23761749267578,90.11301853249498,84.72124054301479,85.47140382057735,3607360
2022-09-09,89.03467559814453,90.48811449572152,87.86254976270773,88.33140009688245,1798382
2022-09-12,87.7687759399414,90.39434051779587,87.20615700299773,89.3159833821025,2235972
2022-09-13,84.48682403564453,90.0192590985612,84.48682403564453,88.94090195979209,3335097
2022-09-14,87.2061538696289,87.2061538696289,81.20486873165412,83.92420184227728,2761135
2022-09-15,85.84650421142578,89.691075752035,85.19010941165571,88.050099483743,2114426
2022-09-16,90.0192642211914,90.0192642211914,85.1901043451744,85.79961121082306,3220148
2022-09-19,87.34681701660156,90.95696308986624,85.70584087838233,90.01926243945525,1206702
2022-09-20,84.67436981201172,90.06614843841996,83.92420644583274,88.14385928389136,2683759
2022-09-21,91.89466094970703,93.11367461985876,85.98714416987639,86.40911374220029,5290079
2022-09-22,90.76942443847656,93.77006361243939,90.62876791224028,91.70712507460095,2569752
2022-09-23,96.3018569946289,98.92742176081677,91.05073461634163,91.14450325354368,3276225
2022-09-26,94.42646026611328,101.5529915084597,92.55105881372502,96.48940615619364,3796245
2022-09-27,97.61463165283203,99.9588831678092,93.86382922886855,95.64546181106877,2738535
2022-09-28,96.48939514160156,100.99035382108039,94.23891222481816,97.52086439185163,3770602
2022-09-29,92.64481353759766,97.52085334311872,88.1907361012533,96.58315283020411,2840009
2022-09-30,94.89530181884766,97.9897167896291,91.00384988970706,92.73859464128957,2863987
2022-10-03,103.8034439086914,103.9909883037098,95.27037067275212,96.58315282153212,2053824
2022-10-04,106.42902374267578,107.46049302654487,100.05265646297711,103.80345906183793,2438428
2022-10-05,101.83428955078125,109.14835751054244,99.86511960902655,108.77327581828243,4688185
2022-10-06,102.95953369140625,104.83493498156601,98.08348604453796,102.58445200255666,3279454
2022-10-07,101.92806243896484,104.27231417080938,101.64675652359662,103.7096951859844,1326014
2022-10-10,103.42837524414062,103.70968112135945,101.459198333171,102.1155930215234,1579634
2022-10-11,100.3339614868164,104.55361407271054,100.3339614868164,104.08476378538897,1788556
2022-10-12,98.17724609375,102.02182412568364,98.17724609375,100.70904190654197,2030247
2022-10-13,101.83428955078125,101.83428955078125,98.92741895542066,101.0841333203495,1647522
2022-10-14,101.64674377441406,104.55361412648536,101.45919936693639,102.86575022962454,1748767
2022-10-17,110.27359008789062,111.5863723701214,102.11559765860093,102.11559765860093,3676186
2022-10-18,107.46047973632812,114.68077813861491,106.4290105800264,111.11751324875003,3168862
2022-10-19,111.77391815185547,114.3994829164923,108.58574156433873,108.77327883863202,3962553
2022-10-20,110.64867401123047,114.49324515198951,109.8985106478242,112.992925579265,2278164
2022-10-21,115.7122573852539,117.30634556999266,111.11752293841738,111.11752293841738,3446465
2022-10-24,121.90108489990234,123.40141166809481,113.64931629119674,116.64996267349343,3676836
2022-10-25,117.58765411376953,122.27614985772618,117.58765411376953,121.90107534915278,3338334
2022-10-26,117.493896484375,120.21322269650692,115.71226378553494,119.18175339320636,2694248
2022-10-27,115.52471160888672,120.6820649334636,114.02439207255466,118.33781342229229,2274048
2022-10-28,111.58636474609375,115.43093554602403,111.21128309764234,114.86831665039062,1360274
2022-10-31,113.46176147460938,115.05584947666738,111.39882321852406,112.52406096655474,2312799
2022-11-01,114.02439880371094,118.15028313775167,112.24276611922878,114.86833082836968,2352311
2022-11-02,116.55619049072266,118.33781595405937,114.11816314367407,114.5870134559391,2746191
2022-11-03,123.49516296386719,124.99548960832792,113.46176966504002,116.27487139227243,5390079
2022-11-04,128.74627685546875,129.4964400899736,123.40138706040388,124.43284898819613,4456727
2022-11-07,129.59024047851562,131.46564197403157,127.2459886091207,130.34040393835758,2884977
2022-11-08,129.40267944335938,133.52855625306594,128.46497886768285,130.15284276553564,2463006
2022-11-09,124.15155029296875,132.12200517316535,123.58893853338945,129.40267923142721,3481521
2022-11-10,131.18429565429688,131.18429565429688,124.62039208286753,124.71416785715766,2940243
2022-11-11,134.46624755859375,137.93575089594836,130.43414680769936,132.497085070333,3403479
2022-11-14,132.9659423828125,136.24789434560603,131.46561576226543,133.6223299137362,2630708
2022-11-15,129.40267944335938,134.18495810257974,127.15220378500585,133.90364506824173,3550398
2022-11-16,123.77647399902344,130.7154524241835,122.55746040861015,130.6216909530287,4112240
2022-11-17,118.90043640136719,124.43286409989845,117.02503524143451,124.15155106427349,2558684
2022-11-18,125.55811309814453,125.55811309814453,117.49389597831436,118.90044697332648,3663651
2022-11-21,119.36929321289062,129.49646289144303,117.2125788995045,126.49580942507481,6697506
2022-11-22,120.96337890625,121.99485530236431,117.86896402608285,119.36929072803535,4473207
2022-11-23,115.89979553222656,122.27615547398655,115.33717658943715,121.15091758840774,6388378
2022-11-24,116.64995574951172,117.68142497585303,114.77455455467741,116.83749300736002,5555058
2022-11-25,116.27487182617188,118.15027298465853,116.18110319906508,116.64995348868675,3325901
2022-11-28,119.08798217773438,119.55683250126877,113.93062861885612,116.27488023652806,5629881
2022-11-29,121.9948501586914,123.21384945593329,119.74436020065014,120.0256732339272,5853456
2022-11-30,125.83944702148438,125.9332228266361,121.33848022960285,123.40143347750868,5469770
2022-12-01,123.96402740478516,128.65253081879501,123.2138639969082,127.52729286106803,4380826
2022-12-02,118.24404907226562,123.68270848257154,117.49389285399315,123.68270848257154,5548316
2022-12-05,124.24533081054688,124.90171837583536,114.30570577652071,118.33781410659893,6446404
2022-12-06,126.49581146240234,127.80860095212613,122.36993434195932,124.2453356345564,3740272
2022-12-07,118.71290588378906,126.6833689002327,116.36865415956697,126.589593107993,5255775
2022-12-08,120.96337890625,121.24469195138806,116.36864447821826,118.71289600740916,2805044
2022-12-09,122.46371459960938,123.58895255460192,120.2132243814474,121.80731267670157,1928581
2022-12-12,125.93318176269531,126.40203201921452,122.463692726088,122.83876720803364,2839467
2022-12-13,135.9665985107422,138.31085020920327,126.4020544426564,128.46499307566677,9091961
2022-12-14,129.49647521972656,136.8105293928251,128.74631178171768,135.49775410744266,4046842
2022-12-15,128.933837890625,131.9344770744443,125.74566144060006,130.34038884943183,3873294
2022-12-16,126.77713012695312,132.40333425366563,126.58959285103144,129.4026949143877,1264436
2022-12-19,131.46560668945312,131.84069547279148,127.62104324040992,129.12135544924112,2603765
2022-12-20,132.4033203125,136.90428600158447,130.90300795492217,133.15348364537667,3679633
2022-12-21,138.59213256835938,142.43669591713288,132.77839250589605,133.99739167247444,4149960
2022-12-22,136.904296875,142.53050085616437,135.1226713375686,138.59216093098465,3319590
2022-12-23,136.6229705810547,138.12329722064808,134.93510668855595,137.37313390085137,1810758
2022-12-26,133.7161102294922,137.74821133117584,132.77840963688192,136.99806230362807,2314755
2022-12-27,135.40394592285156,137.46689846095222,134.56002119957336,135.3101844581396,2359998
2022-12-28,135.2164306640625,137.46692080556804,131.84071691406882,135.87281825643547,2755277
2022-12-29,137.4669189453125,137.4669189453125,133.52856482801727,135.31020462112136,2003532
2022-12-30,137.37313842773438,141.68656692757517,136.2479005650468,137.93576451316605,3018940
2023-01-02,139.7174072265625,141.40527138355245,138.02954306957255,139.15478107150668,2044372
2023-01-03,137.65444946289062,140.7488642712842,136.99806191157697,139.90492515544477,3046402
2023-01-04,131.3718719482422,138.31085130751805,130.99678308860373,137.84200096410274,4296689
2023-01-05,128.65252685546875,132.68464252893747,124.24533664370472,130.7154654324459,2222337
2023-01-06,126.77713012695312,128.46499422660227,120.77585144839725,124.33911692361723,3172712
2023-01-09,126.87090301513672,132.1220181616395,123.68271216473254,126.87090301513672,3453394
2023-01-10,122.65123748779297,127.99612787821526,121.71353691725659,127.43350181262336,2172833
2023-01-11,118.61912536621094,124.90171649630399,117.4001117300614,122.65124078970145,2862492
2023-01-12,118.90043640136719,122.08861264998261,114.0243890930896,120.02567423569172,2694625
2023-01-13,120.02568054199219,123.21385695811841,117.49389170469476,118.90044264854623,2169669
2023-01-16,125.27679443359375,125.27679443359375,120.02566583025055,120.11944160495017,1423819
2023-01-17,129.21514892578125,129.68399923806044,124.71418306626578,125.27680916427123,2045826
2023-01-18,136.904296875,137.18560993569355,129.30891577715744,130.34039223030823,3716536
2023-01-19,137.2793731689453,138.12331236179534,134.37250965982224,136.90429862201873,2252312
2023-01-20,138.02951049804688,138.96721099641428,136.62295975049577,137.84197326000822,1650473
2023-01-23,141.21771240234375,144.59342588944833,138.12329764136646,139.71738575818043,3655959
2023-01-24,141.21771240234375,141.59278690929693,135.68527042164487,141.40524965582034,2698242
2023-01-25,137.7482147216797,145.24981964720453,131.0905489351819,143.46819420066274,3952752
2023-01-26,135.68528747558594,138.96723990254014,133.15349846499953,137.56068886241692,2127347
2023-01-27,132.87216186523438,135.40395042747065,129.59021001947542,134.09117541243688,2113920
2023-01-30,130.62168884277344,133.24725323166746,129.68398829732376,132.8721644285827,958283
2023-01-31,129.21514892578125,129.68399923806044,125.37057064182144,129.40268618905773,2295218
2023-02-01,121.80729675292969,129.30890121643696,120.40074591602206,129.21513974554816,1371847
2023-02-02,120.02568054199219,123.77648305892944,109.71097362041473,121.90108180046082,2703578
2023-02-03,126.683349609375,127.7148116260594,119.36928248192494,120.9633705500189,2104614
2023-02-06,130.3403778076172,131.0905411170658,122.36992304959743,122.83877332948094,765759
2023-02-07,117.30634307861328,131.55939642417027,117.30634307861328,131.27808338385546,2091254
2023-02-08,111.86768341064453,111.86768341064453,111.86768341064453,111.86768341064453,33
2023-02-15,129.027587890625,129.027587890625,121.90105873369356,124.90169731781133,1772527
2023-02-16,123.1200942993164,139.71739241595202,122.36993094148818,133.99741290920977,3114852
2023-02-17,126.49581146240234,130.3403898354969,117.11881215350515,123.12009772063342,2090009
2023-02-20,125.93318176269531,128.4649702862642,122.463692726088,126.49579348561376,1023629
2023-02-21,129.12136840820312,129.96530752428384,124.80795427821187,125.93319212481066,1738345
2023-02-22,130.62168884277344,132.12200113058802,127.43349840333967,129.02760077714396,1482222
2023-02-23,131.09056091308594,134.37251336787904,129.77777134626237,130.6217105624012,1447409
2023-02-24,130.1528778076172,132.9659802920404,129.30893847738272,131.65319054773542,895497
2023-02-27,134.0911865234375,134.27872378281415,127.62105807180068,131.93447227016665,1570501
2023-02-28,135.59152221679688,137.8419980950785,134.09119542582468,135.02889609313814,1847357
2023-03-01,134.56002807617188,135.3101913730747,131.18430039419658,134.9351025705359,2462376
2023-03-02,137.1855926513672,137.8419801715013,132.68462717188729,135.6852660554823,1885085
2023-03-03,133.9036407470703,138.77968072159968,130.24660003504218,136.43542935805914,1480504
2023-03-06,135.9665985107422,135.9665985107422,132.6846461328967,135.31021089680846,1378988
2023-03-07,138.6859130859375,141.1239403704244,136.5292131514018,137.2793621852356,1570523
2023-03-08,140.56130981445312,140.56130981445312,136.1541199941182,138.68590867318932,962668
2023-03-09,142.53050231933594,146.18752922136397,140.65510097302888,142.624278109922,1901983
2023-03-10,152.7514190673828,153.68911964927756,141.31147482990207,142.8118014842038,3238901
2023-03-13,156.12718200683594,162.22223716025596,154.72063081758515,154.72063081758515,3687184
2023-03-14,152.28257751464844,156.9710806931558,150.40717624324552,155.65830552644422,2821659
2023-03-15,150.40719604492188,154.90816255049344,146.93770609769018,151.06359802287167,2612586
2023-03-16,160.90940856933594,163.25365977630076,150.9697777285355,151.43862796992843,4130386
2023-03-17,166.72317504882812,169.16118810445508,160.72188242568828,163.25368557585924,5725395
2023-03-20,158.37762451171875,168.22348074302357,158.19008725466233,166.44185533872434,2563572
2023-03-21,156.50222778320312,166.44186008028188,153.68912592269132,158.1900917611454,3576873
2023-03-22,156.12718200683594,160.44061137714309,155.658331610419,158.9402843853375,1535038
2023-03-23,158.4713897705078,161.94087887426272,157.15861475011664,157.72122648392374,2028116
2023-03-24,159.87796020507812,162.59728635626345,155.9396203519842,159.4091098818961,2034121
2023-03-27,157.1586456298828,162.31599956476566,157.1586456298828,161.3782988493324,934367
2023-03-28,154.72061157226562,161.00320324114043,154.72061157226562,155.65831224846116,2062573
2023-03-29,155.65829467773438,157.34615856599544,150.78225457356086,152.93896874699584,1930602
2023-03-30,157.7212371826172,162.03466564193712,155.75207451845637,155.75207451845637,1905128
2023-03-31,157.0648651123047,161.7533685484929,155.75208987344277,157.62749124791807,1781121
2023-04-03,157.34617614746094,158.94026443353656,150.59473414820272,158.4714140959745,2250939
2023-04-04,159.4091033935547,164.0976064345416,156.59600156896255,157.43992639306987,2641311
2023-04-05,164.0976104736328,166.8169365810683,159.22157005262295,159.4091073172433,2247504
2023-04-06,163.4412078857422,167.5670845612449,0.9377005451756009,164.00381962794268,1348042
2023-04-07,163.62875366210938,165.78546789006455,161.37827795965433,163.44121640493404,964786
2023-04-10,164.94154357910156,167.84842140491554,163.44123107882407,167.84842140491554,960494
2023-04-11,164.6602325439453,166.2543207164511,160.90943011067253,164.94153127990015,1690403
2023-04-12,168.6923370361328,170.28643954821555,164.94153452897544,164.94153452897544,2353459
2023-04-13,168.78610229492188,173.47460513644748,167.84840172661674,169.6300270831264,2999958
2023-04-14,173.19329833984375,174.4123119841639,169.06742141402626,169.63003319036008,2134581
2023-04-17,168.5985870361328,173.94347811106377,168.41104975964308,173.1933146969278,1310127
2023-04-18,171.31788635253906,171.8805124016355,166.53562216791855,168.59856050098082,1479076
2023-04-19,171.31788635253906,173.56837624075,169.53626104402503,170.3801858094949,1283958
2023-04-20,172.349365234375,173.8496775406364,170.1926510916883,171.3178888984281,477642
2023-04-24,172.349365234375,175.8188544335623,170.9428143989065,173.0057527626253,1206092
2023-04-25,168.87986755371094,173.9434445838248,167.66085402922448,172.34935657865373,1697071
2023-04-26,164.5664520263672,169.63002944236987,162.22220057300012,168.7861046424279,1937625
2023-04-27,165.22283935546875,166.9107032613194,161.56581281627177,161.56581281627177,1430084
2023-04-28,163.53500366210938,165.41040514588667,159.50290191853045,164.1914056279737,1356293
2023-05-02,160.81565856933594,164.9415356315178,159.5028834063261,163.628760468508,1345677
2023-05-03,160.25303649902344,164.09761491457846,156.22093512194928,161.28451294461425,1610784
2023-05-04,162.12841796875,166.0667716912093,159.6904051447523,165.03529537186526,1398178
2023-05-05,160.81565856933594,164.47268531498915,160.06549520125483,162.12843373234577,1473779
2023-05-08,166.81695556640625,167.28580593540477,159.69043854253522,161.3783027325655,1239507
2023-05-09,171.59921264648438,172.81822630834048,165.69169590685547,167.00448535353738,1575580
2023-05-10,167.84840393066406,173.19329437855293,165.78546551493903,171.88051928895754,1489299
2023-05-11,181.63259887695312,183.22668699598714,167.66086600494725,167.848403258685,2617459
2023-05-12,177.03787231445312,186.60241536605292,177.03787231445312,181.44506217754392,1465701
2023-05-15,160.0654754638672,174.03722175849637,159.50286373831312,165.97299158531848,1641288
2023-05-16,162.7848358154297,164.37892403188587,155.65830527245637,157.06485622371352,2236635
2023-05-17,167.754638671875,168.03595172534114,163.06613547469374,163.06613547469374,949617
2023-05-18,161.47203063964844,169.44248525498472,160.5343300966677,168.69232195896518,1405302
2023-05-22,156.78353881835938,162.22220520717138,155.18945064616685,161.47204185902908,1397707
2023-05-23,157.1586456298828,159.97174777618253,155.65831876191865,157.53372019278513,908249
2023-05-24,156.6897735595703,158.3776231669219,152.5638823984848,157.62747414506583,1003747
2023-05-25,151.90748596191406,158.37761389998502,151.90748596191406,156.40845137056866,771976
2023-05-26,157.43991088867188,158.3776114045262,151.43863331047393,153.40781011703777,1385072
2023-05-29,163.4412078857422,165.12907172869325,156.4084537969252,158.00254186208875,1752555
2023-05-30,165.82766723632812,168.4930976752595,164.20937485300715,165.92286688699355,1821628
2023-05-31,164.20938110351562,166.58922720646513,162.2103045668669,165.8276735484357,1815438
2023-06-01,168.20751953125,170.68256528672094,163.92379654900037,164.68535020648588,1965363
2023-06-02,168.5883026123047,172.68162626157948,167.54116452385946,169.82581095719553,1585797
2023-06-05,173.0624237060547,173.0624237060547,169.1594700120329,170.49219263884885,2516771
2023-06-06,171.72967529296875,174.20472085296296,170.68255180637638,174.01433608498496,1381893
2023-06-07,174.77590942382812,177.441325527441,172.68163316323464,173.44318684659333,2296500
2023-06-08,177.25094604492188,177.25094604492188,172.49125353820847,175.15668424705373,1770524
2023-06-09,182.8673858642578,182.8673858642578,176.39420136433722,179.05963198494317,1968956
2023-06-12,183.9145050048828,186.29435112173022,180.67792009614152,184.0097046597279,1929664
2023-06-13,184.77127075195312,188.95979438919957,181.05870184466613,183.72413257992704,2645000
2023-06-14,185.1520538330078,188.10306924154654,180.67794541153785,186.10399241312612,1881560
2023-06-15,189.43576049804688,189.43576049804688,183.62892986858853,185.1520372707041,1285692
2023-06-16,191.43482971191406,197.62242968884757,187.05590699498987,190.0069220249294,3325899
2023-06-19,190.95887756347656,194.766631736025,188.57903120563378,191.53003197410115,2235367
2023-06-20,189.43576049804688,191.14925269406973,185.05683761103612,190.86366824049446,1703308
2023-06-21,186.10397338867188,190.95886546115645,186.10397338867188,189.5309577369467,1611873
2023-06-22,196.38490295410156,196.57528773689677,186.38954934036107,187.0559033428582,1567784
2023-06-23,195.52816772460938,202.38213674247183,193.52910553225715,196.95607551575918,1749929
2023-06-26,203.4292449951172,204.85715267808538,196.00412213859693,196.2897065802762,1654138
2023-06-27,202.3821258544922,205.52351120567465,202.28692619669883,205.04754196756477,527876
2023-07-03,210.6639862060547,217.51794028138917,203.33406289596883,204.6667709431014,2160523
2023-07-04,214.18617248535156,215.13811102973088,209.42647976345484,210.85438758002385,1329206
2023-07-05,223.13438415527344,225.13346086530615,214.09096817971144,220.849737508461,2130418
2023-07-06,223.80075073242188,228.27485884875068,222.18244363624785,225.1334588435227,1578692
2023-07-07,228.75082397460938,233.22493201012603,223.7055470301209,223.80074669009244,1349162
2023-07-10,236.0807342529297,239.12693437046255,232.2729804746566,233.22491891922488,1455635
2023-07-11,230.94027709960938,240.36446207989744,229.7979393228475,237.98461592069054,2029101
2023-07-12,230.7498779296875,234.17686221124282,228.0844618500647,231.03546237405516,1623928
2023-07-13,234.17686462402344,235.89035678245563,229.89314149065714,230.65469517500796,1625583
2023-07-14,231.79702758789062,234.65284312285436,230.36911982040877,234.1768738670271,1096097
2023-07-17,244.8385772705078,246.64725448807897,234.6528243886696,234.6528243886696,1917703
2023-07-18,241.60198974609375,249.59828171377194,238.365390190571,244.93375990917403,2028102
2023-07-19,249.8838348388672,249.8838348388672,235.03358970112922,241.60197350357882,2371943
2023-07-20,252.26370239257812,256.2618557112186,246.6472710551413,252.26370239257812,1588775
2023-07-21,264.6388854980469,267.58990046305235,250.0742390316261,252.73965503500517,2083904
2023-07-24,264.73406982421875,275.5861615680219,261.4022854874724,264.73406982421875,1814658
2023-07-25,253.4060516357422,268.82743859384243,252.26371376439008,265.11488408823635,1473682
2023-07-26,258.07049560546875,260.9263106898874,253.12040450546843,254.16754251325926,1585051
2023-07-27,261.2119140625,265.49563723825446,258.92726751226905,261.8782826212935,1058777
2023-07-28,272.7303771972656,274.34868424949457,262.2590538144736,262.2590538144736,1655956
2023-07-31,280.8218688964844,283.7728841764158,275.6814065980425,277.49008401127185,1705609
2023-08-01,281.86895751953125,287.7709579903971,276.0621276451015,280.8218195010515,1411739
2023-08-02,285.58154296875,289.7700664554536,282.44015761643647,284.24883491173387,1635722
2023-08-03,296.90960693359375,307.2857305844901,293.19705266136475,295.1009296266983,4301735
2023-08-04,297.00482177734375,300.05103669796756,292.43552844726645,297.29039171640164,1842314
2023-08-07,316.0435485839844,320.5176706812681,297.6711490968837,298.9086573956961,2602281
2023-08-08,315.1867980957031,321.2791978144585,310.23670698310934,316.0435368130377,2089238
2023-08-09,316.9955749511719,327.46690024985924,310.3320043065527,316.6148052959376,2924847
2023-08-10,304.5251159667969,332.03613241156256,304.3347457000452,319.8513314068814,3851708
2023-08-11,325.5629577636719,325.5629577636719,304.6203113578216,304.6203113578216,2711700
2023-08-14,336.89105224609375,340.1276375559877,327.5620659321301,329.3707433949362,2925665
2023-08-15,323.6590881347656,339.270873634624,317.4714879204245,337.9381655524759,2733291
2023-08-16,329.9418640136719,336.7006326433607,321.6599880933573,328.8947259356882,1961693
2023-08-17,333.2736511230469,333.93999059547275,325.5629440074365,329.9418666083509,1270019
2023-08-18,318.8994140625,338.03338471642184,314.1397213152985,336.03430795242537,1761982
2023-08-21,334.03521728515625,334.8919561338214,311.2838927106646,318.4234315343037,2557915
2023-08-22,332.2265319824219,336.79582509994617,322.89754642961935,334.2256086154102,1901652
2023-08-23,326.514892578125,333.2736614708172,324.9917852282307,332.7024925832498,1232622
2023-08-24,303.66839599609375,329.18033739360385,301.5741195757771,326.610120751425,3073126
2023-08-25,322.9927062988281,325.5629517487661,302.90682813045174,304.2395361578486,3029376
2023-08-28,323.0879211425781,328.79955214351065,319.94653571240826,324.1350593029206,1931401
2023-08-29,321.75518798828125,327.8475881045155,316.9954958582771,323.1830956272825,1674578
2023-08-31,330.22747802734375,330.22747802734375,318.6138451182291,322.0408006662851,1914177
2023-09-01,335.3679504394531,339.6516740536146,326.3245339206678,330.32268758089583,1864901
2023-09-04,353.073974609375,360.4039124880906,342.03148248788864,342.6978510408107,2318685
2023-09-05,353.35955810546875,360.4038967025981,348.9806355015703,353.07395914492974,1601105
2023-09-06,342.7930603027344,358.9760148330692,342.7930603027344,356.02499966736605,1686047
2023-09-07,354.6922912597656,361.3558607663334,347.7431227724018,347.7431227724018,2219515
2023-09-08,360.78466796875,360.78466796875,352.4076213354643,356.97691421710095,1279587
2023-09-11,352.9787292480469,372.30309522124554,352.9787292480469,365.0683579369656,1857930
2023-09-12,368.4001770019531,372.3983300781306,357.5480845748574,357.92885414143245,2539684
2023-09-13,371.2559814453125,381.0609354887826,365.1635814061245,370.97041154146575,2456129
2023-09-14,376.0157165527344,376.0157165527344,353.5499616016905,371.2560239381428,2329045
2023-09-15,363.0693359375,387.43896720320475,363.0693359375,376.01570527092355,2935864
2023-09-18,348.59991455078125,363.0693633260073,347.07680703474176,363.0693633260073,1438432
2023-09-19,355.64422607421875,360.8798877751081,348.12391780493095,348.8854569774447,1748175
2023-09-20,356.0249938964844,363.16453254414114,353.0739787786148,357.92887086919285,1149713
2023-09-21,361.0702819824219,362.5933894792914,350.8845568831468,356.02501926557954,1731045
2023-09-22,357.1673278808594,364.306866452165,353.64514389867253,361.73662094615224,1305138
2023-09-25,355.0730285644531,361.0702289547172,352.31241297291655,358.4048130147898,2063944
2023-09-26,357.9288635253906,359.26157156877133,351.9316628047493,357.9288635253906,1601386
2023-09-27,350.31341552734375,360.30877113342285,348.7903079105308,358.5000935482094,1473551
2023-09-28,344.7921142578125,352.8835909900557,344.7921142578125,351.1700843691849,1172498
2023-09-29,347.64794921875,351.0749045524186,343.6497959283268,348.21908907378986,1404324
2023-10-02,362.6885681152344,364.59244511321464,350.12296830822186,350.5989375577169,1802210
2023-10-03,363.6405029296875,370.87524125887893,362.02219587745856,368.87616462108355,1558448
2023-10-04,372.8742980957031,378.87149863975907,363.35491370776947,365.54436049665196,2012262
2023-10-05,395.34002685546875,396.9583338415922,369.6376886930635,376.01568793148425,3680690
2023-10-06,398.86224365234375,405.5258133553662,386.29664344915807,393.91215168118373,2572146
2023-10-09,384.107177734375,404.9546246934299,383.53600883463577,395.05447028442535,2486279
2023-10-10,386.2014465332031,395.62563151829266,384.9639090992712,390.2947703087819,2559398
2023-10-11,365.7347717285156,390.19957297259833,365.7347717285156,390.19957297259833,2228468
2023-10-12,359.642333984375,373.15987156445,346.4103953691741,370.4944555307606,3341339
2023-10-13,357.7384948730469,359.92797096491086,351.83649330340523,359.6423719698717,1716109
2023-10-16,348.0286865234375,361.92699304042924,346.8863488176035,359.4519473783587,1566709
2023-10-17,353.4547424316406,353.8355410604778,345.93443432581233,348.40948015897084,1236824
2023-10-18,353.7403564453125,360.1183270375519,346.8863875467858,353.1691875286256,1348258
2023-10-19,350.979736328125,356.02499875430016,346.12484417130395,353.74035216604835,1302033
2023-10-20,330.7986145019531,350.40855256749194,330.1322459603117,347.45753753442557,1355956
2023-10-23,344.98248291015625,345.4584521274856,331.46497456851546,335.36789890993185,1120472
2023-10-24,352.0268249511719,355.83457872695897,341.17473250034993,345.3632558435445,1184358
2023-10-25,329.3707275390625,355.07306754933614,324.6110349445674,352.5980215900271,949174
2023-10-26,329.5611267089844,344.12577442098143,326.8956814267994,333.5592510559747,1871118
2023-10-27,334.1304016113281,337.74775616227623,318.9945858100461,330.7986169798761,1363203
2023-10-30,326.610107421875,336.3198627585984,325.18219966198706,334.13041581377996,1207940
2023-10-31,321.4696350097656,337.9381590264884,318.5186199235883,330.32265121744075,2051630
2023-11-01,332.2265319824219,334.511178541184,319.85133165069846,324.7062237448537,1818609
2023-11-02,343.8402099609375,349.17104250847694,339.84205649942436,342.6978721002599,2009985
2023-11-03,348.40948486328125,357.2625011370054,340.7939769974172,345.8392393382093,2235867
2023-11-06,350.789306640625,356.50093714223624,349.36139901522216,354.359075704132,785913
2023-11-07,351.02734375,358.8808368644068,346.0296663135593,353.88315942796606,1267632
2023-11-08,365.5444030761719,366.97231090068817,351.74129410584766,355.073079029719,2083082
2023-11-09,350.07537841796875,364.35445571577844,347.9335168232973,362.21259412110703,1657127
2023-11-10,347.4575500488281,353.16918100853485,347.4575500488281,351.26530402196596,760061
2023-11-13,340.7939758300781,348.4094836698564,336.0342834302167,347.6955298098772,924095
2023-11-14,338.4140930175781,341.507892742774,329.6086630304822,340.5559543657907,1372222
2023-11-15,335.0823059082031,341.50788989934057,333.4164137623527,340.7939361225475,896650
2023-11-16,341.9839172363281,347.4575637891713,335.7963167852881,335.7963167852881,1229651
2023-11-17,347.9335021972656,349.36140986702185,341.9838869066147,343.1738099647449,1309000
2023-11-20,345.3157043457031,352.2172587399315,344.12578117428444,351.26532020279654,1171497
2023-11-21,346.5056457519531,350.5513847476833,345.07773787110716,347.2195996923761,1505640
2023-11-22,351.2652893066406,357.92885848047933,346.505597039613,348.40947394642404,1679655
2023-11-23,357.6908874511719,364.3544568780733,346.50561019887306,350.31336415710246,2097212
2023-11-24,352.6932067871094,360.3087146259673,351.7412683072521,357.6908838063599,1302644
2023-11-27,357.6908874511719,359.83274905267587,353.16917962577446,357.6908874511719,1410266
2023-11-28,357.9288635253906,362.6885558595049,355.78700197503923,357.9288635253906,1498683
2023-11-29,348.6474914550781,361.4986617885759,346.267645097023,359.8327693379373,1309235
2023-11-30,342.4598388671875,350.5513152545985,341.0319312694091,347.4575154594119,1624638
2023-12-01,335.0823059082031,348.40944307500666,331.7505216165022,347.45750470594925,1908262
2023-12-04,330.0846862792969,338.4141484420765,326.5149167809627,337.93817917563194,1698214
2023-12-05,333.4164123535156,335.55827367484443,330.3226126671518,330.3226126671518,1198247
2023-12-06,330.7986145019531,341.745906780435,329.37070681345546,333.6544298789484,1893524
2023-12-07,332.2265319824219,333.65443971300533,322.4691624901015,330.7986242518384,1561017
2023-12-08,339.842041015625,344.1257642217043,328.4187791327468,332.2265330937062,1943610
2023-12-11,326.27691650390625,340.79397843442285,322.9451317985418,339.84203994717586,2193382
2023-12-12,320.3273010253906,330.08467052170636,320.3273010253906,326.514901193786,1476481
2023-12-13,322.46917724609375,327.22886989917265,318.66142312363064,320.3273155522083,2104352
2023-12-14,330.3226623535156,338.8901089275261,323.42110816889607,324.6110313041753,2394089
2023-12-15,334.6063537597656,337.9381382211004,328.89472325462026,331.03658469404974,1773453
2023-12-18,314.13970947265625,335.55832602761006,314.13970947265625,334.60638751405656,1525157
2023-12-19,315.5675964355469,319.1373656259942,310.0939503435276,314.1396887593679,1554337
2023-12-20,315.80560302734375,320.80328024179306,312.4738182177109,315.0916491395653,1127265
2023-12-21,321.041259765625,322.9451367694241,311.7598593721043,315.56761337970255,1469667
2023-12-22,322.7071533203125,327.7048304735032,318.6614146724915,321.27924556225804,1450344
2023-12-25,314.8536376953125,322.9451144010121,307.00014559860404,322.70712979202096,896710
2023-12-26,315.32965087890625,321.75523621757077,308.66608089806897,316.51957408977006,1243894
2023-12-27,312.7117919921875,319.13737675915024,312.23582275019027,314.8536535811751,1109027
2023-12-28,312.7117919921875,317.4714844121599,312.23582275019027,313.18776123418473,1320975
2023-12-29,318.8994140625,323.4211221723414,313.66375204057834,314.1397213152985,1620056
2024-01-02,324.61102294921875,326.0389306748018,319.3753612887475,323.65908446549673,1235959
2024-01-03,317.2334899902344,324.61101301326306,313.90170539918915,324.61101301326306,1064065
2024-01-04,327.2288513183594,328.18078979492185,316.75752807617187,317.23349731445313,1515457
2024-01-05,328.1807861328125,330.3226476811775,322.23117072068754,325.8009399679625,1284965
2024-01-08,337.2242126464844,342.2218897569827,331.5125816630577,331.5125816630577,1710496
2024-01-09,332.7025146484375,340.3180228521214,330.7986375975166,340.3180228521214,1323268
2024-01-10,347.21954345703125,347.45752806529515,331.98852852814156,334.13039000251666,1782991
2024-01-11,352.4552001953125,354.8350462465975,342.9358159901724,347.9334926978709,1664096
2024-01-12,358.4048156738281,358.4048156738281,345.0776777736061,351.2652775129949,2018481
2024-01-15,358.4048156738281,361.26063093816146,352.6931851451616,357.2148926470226,1764688
2024-01-16,352.21722412109375,359.8327316696579,348.64745495770427,358.40482400430216,1045573
2024-01-17,352.21722412109375,357.92885478251685,349.83737801216745,352.21722412109375,1275847
2024-01-18,358.4048156738281,358.64280027918926,348.4094622486616,353.645123566606,1515735
2024-01-19,355.7869873046875,359.83272562186454,349.12341831169005,359.11877180118626,1117169
2024-01-22,365.06842041015625,368.1622205831237,352.21725046090694,355.07306600518456,2227205
2024-01-23,380.775390625,385.5350830078125,368.6381750488281,370.0660827636719,2837758
2024-01-24,377.443603515625,383.3932189556569,376.2536804276186,381.72732663244796,1905920
2024-01-25,374.11181640625,383.86918566366495,373.8738317902155,379.3474779590092,1136141
2024-01-26,389.34283447265625,390.29477294324954,375.0637574137569,375.30174203140524,1870366
2024-01-29,386.9629821777344,393.8645359804123,382.6792591277964,391.96065906932876,1785307
2024-01-30,388.86688232421875,392.6746363739051,381.9653281091622,390.29479009285114,1868729
2024-01-31,388.86688232421875,393.6265748863267,383.6312205059,388.86688232421875,1878024
2024-02-01,401.4800720214844,402.90797980579316,390.2947943777323,390.77076363916854,2068386
2024-02-02,401.2420654296875,406.4777270189242,395.53043460506564,403.6219116066133,1359706
2024-02-05,416.9490661621094,416.9490661621094,399.1002191517451,401.2420807929888,1757914
2024-02-06,420.7568054199219,422.89866698597353,412.6653283926157,419.8048669461212,1373413
2024-02-07,408.8575744628906,422.1847130949755,407.90563598917026,420.756805384395,1481330
2024-02-08,415.99713134765625,419.32891615250014,408.8575924801335,408.8575924801335,1430419
2024-02-09,421.7087707519531,422.1847400191675,414.8072163773444,417.90101661423796,1239861
2024-02-12,420.0428466796875,426.4684313031162,417.42501590717956,423.61261591492564,1771901
2024-02-13,414.5692138671875,421.94673719088604,412.18936763373637,421.2327833208507,1220067
2024-02-14,433.1319885253906,433.1319885253906,408.61957379016246,414.5691890171596,2297288
2024-02-15,435.74981689453125,440.74749365847725,429.56221709155045,433.1319862086547,1714781
2024-02-16,430.27618408203125,439.5575840705264,422.66067639916344,435.7498302290925,1382347
2024-02-19,431.7041320800781,444.0793332201906,426.46847005926134,431.2281628054584,1551999
2024-02-20,441.2234802246094,453.12271108287825,434.3219263268134,435.27386479547494,2203211
2024-02-21,443.3653259277344,445.0312181883324,433.3699723641461,443.60331053639123,1067873
2024-02-22,453.1226806640625,455.5025266759536,441.2234506046071,448.3629886402804,2077331
2024-02-23,452.1707763671875,456.2165148925781,447.411083984375,453.12271484375,1029446
2024-02-26,453.5986633300781,459.3102939281484,448.8389711650196,452.4087402888135,1060066
2024-02-27,447.4111022949219,455.26459504797106,444.079317490598,453.5987026458091,1023352
2024-02-28,452.8847351074219,461.2141968671485,444.5552733476952,447.41108880817296,1525077
2024-02-29,469.54364013671875,474.54131699575123,452.8847172732771,452.8847172732771,2285696
2024-03-01,467.163818359375,472.1614954788589,463.35606436357773,469.06769535727364,867846
2024-03-04,451.2188415527344,477.87311911281154,451.2188415527344,469.78164199635955,1687973
2024-03-05,456.6925048828125,458.1204126625399,445.98319653485703,451.45684302381204,868523
2024-03-06,449.3149719238281,457.8824184223757,447.41109492415086,456.6924952975774,730780
2024-03-07,453.5986633300781,455.5025401961015,449.31494038152545,449.31494038152545,1121127
2024-03-08,463.1180419921875,465.9738572562709,454.78858080527766,456.6924576479999,1191219
2024-03-11,465.0219421386719,478.3490807055939,464.78395752140545,470.73357295306704,1232411
2024-03-12,477.3971252441406,485.0126327256025,458.83432575807734,466.4498332395392,1918529
2024-03-13,475.9692077636719,481.2048690490723,468.3537004394531,477.39711538696287,894261
2024-03-14,460.7381896972656,480.25292707080683,455.5025284507058,475.96920423271246,1215360
2024-03-15,459.7862548828125,469.5436236458536,456.45447042713994,465.02191617029797,1250713
2024-03-18,461.21417236328125,462.88006462671933,449.07695730108964,459.7862647089058,969698
2024-03-19,449.7908935546875,455.02655474950393,437.4156943669395,442.6513555617559,2389827
2024-03-20,442.1754455566406,455.9785541908092,438.84366071391025,450.74289229509003,1362834
2024-03-21,432.1800842285156,447.8870696685388,431.9420996006365,446.45916190126394,1606556
2024-03-22,415.99713134765625,437.17776332130694,415.99713134765625,432.41807074295843,1672022
2024-03-25,395.2924499511719,417.66300401222554,395.2924499511719,415.9971116885301,2625972
2024-03-26,396.9583435058594,402.19400511085274,391.00872804563966,401.0040820188088,2169902
2024-03-27,389.34283447265625,406.71571156098383,389.34283447265625,399.1002037962375,1793221
2024-03-28,388.62884521484375,397.67225986160685,387.43892223500654,391.2466757704857,1904042
2024-03-29,395.0544738769531,398.38625859639734,388.39090443806475,392.19865840314384,1737633
2024-04-01,409.3335266113281,410.9994188707928,393.3885578421659,403.6218960074491,1864686
2024-04-02,397.4342956542969,412.42732596939913,397.1963110461207,410.7614337121655,1776448
2024-04-03,395.76837158203125,400.2900787738885,391.4846489792191,397.43426370534706,1565020
2024-04-04,412.66534423828125,412.66534423828125,397.4343280726238,397.4343280726238,1907732
2024-04-05,430.99017333984375,430.99017333984375,410.04752549119314,412.6653564722745,2168824
2024-04-08,433.3699951171875,438.3676721613725,423.8506102711208,430.9901489056708,2041637
2024-04-15,411.9513854980469,425.27852448585196,411.9513854980469,421.47077048933625,1887097
2024-04-16,399.8141784667969,410.0475175585065,399.33820920671735,409.3335636683872,2100275
2024-04-17,397.9102783203125,406.95369373668325,396.72035523921113,402.9079552609385,1813536
2024-04-18,391.96063232421875,400.29009324185546,390.29474014069143,398.38621646068134,2011093
2024-04-19,403.6219177246094,403.6219177246094,388.39090196141655,389.10485582531624,1795375
2024-04-22,408.1436767578125,411.7134465253735,401.7180911762026,410.2855386183491,1505999
2024-04-24,407.4296569824219,414.3312107513998,402.6699647279543,411.4753953987193,1513035
2024-04-25,420.28082275390625,422.18469964067367,409.33353065499364,409.33353065499364,2261827
2024-04-26,421.4707336425781,428.13430255392325,419.8048414147419,425.0405027022273,1758498
2024-04-29,427.4203796386719,430.51417971400747,417.66301017030577,423.85061032097695,2072558
2024-04-30,420.7568054199219,432.656036342431,420.7568054199219,427.89634397342735,2205782
2024-05-02,424.5645751953125,432.4180678979164,422.18472892179614,424.5645751953125,2541410
2024-05-03,447.4111022949219,447.4111022949219,425.51651643793633,426.70643958233774,3339221
2024-05-06,443.1273498535156,447.4110728918418,436.2257960695457,447.4110728918418,2439870
2024-05-07,438.36767578125,446.45915296722313,430.5141832183937,443.8413221129377,2688881
2024-05-08,430.27618408203125,447.4110763684838,429.5622302367624,439.5575840705264,2560977
2024-05-09,449.7908935546875,450.9808165535094,428.37227957589283,431.22809477306544,2905820
2024-05-10,458.5963439941406,460.5002208763166,446.4591288702687,449.79091341407667,2141778
2024-05-13,450.7428894042969,464.070028689746,447.4111045829346,461.2142131285783,1931974
2024-05-14,443.84130859375,454.78860092367626,442.17541628267423,452.17077014912866,3241812
2024-05-15,452.4087829589844,455.9785524194708,430.75218156536647,442.1754438389232,3546908
2024-05-16,462.1661682128906,462.1661682128906,450.26693628155977,452.6467826678259,1921139
2024-05-17,481.20489501953125,483.5847411867891,460.50023336438824,463.5940333818234,2377151
2024-05-20,483.1087341308594,485.9645493079876,471.2095042261584,481.2048573461072,2243809
2024-05-21,465.7358703613281,486.91650013248716,462.6420705071139,483.10874646576195,3833309
2024-05-22,470.2575988769531,473.5893834843809,465.2599219658114,467.40178349915783,1805875
2024-05-23,461.21417236328125,464.54595689015736,453.59866487327866,464.54595689015736,2474374
2024-05-24,442.6513671875,454.788582094254,440.03353652133734,451.45679761004703,3263992
2024-05-27,454.63720703125,456.5697775180991,442.8002127992993,447.631639016422,1789031
2024-05-28,465.266357421875,465.5079287393318,452.94622023157615,454.63721945377404,1287354
2024-05-29,461.40118408203125,468.889894399593,458.0191858741001,466.2326100933614,1274149
2024-05-30,458.01922607421875,462.36750986606256,449.322658490531,460.67651061367883,1488001
2024-05-31,459.22705078125,472.99661516553783,456.3281951213999,458.50233686628746,2150012
2024-06-03,473.9629211425781,475.89549166711464,456.3282151061825,459.2270708929873,1581530
2024-06-04,476.6202087402344,486.5246327434526,475.8954947887794,486.5246327434526,1929032
2024-06-05,475.4123229980469,484.1088898821575,469.8561830443095,476.62017950972887,1737502
2024-06-06,481.6932067871094,489.42348894216826,477.3449230748887,477.3449230748887,1182458
2024-06-07,475.8954772949219,498.6031802724461,474.44604944529266,488.4571853250416,2595346
2024-06-10,474.446044921875,481.2100414889893,470.5809040263811,475.8954727576852,1084934
2024-06-11,480.2437744140625,488.4571991273815,471.06406444035304,474.2044915366221,1549018
2024-06-12,471.5472106933594,484.5920618088519,468.6483548899166,480.24377810368776,1340943
2024-06-13,505.8503112792969,510.68173736601415,480.48532432403124,481.2100382370389,4000623
2024-06-14,498.6031799316406,511.1648879531742,487.4908997587455,506.3334617910459,1794017
2024-06-20,509.2323303222656,515.5131844913258,501.01890563964844,510.1986155790441,1771992
2024-06-21,515.0299682617188,515.5131108210637,504.4008319561298,509.71540010892426,1109494
2024-06-24,511.1648864746094,519.3783109264698,507.78288817090214,517.9288830820238,1157289
2024-06-25,524.2097778320312,528.558061703449,509.71549826063864,511.1649262177779,1746595
2024-06-26,502.46832275390625,525.1760258014385,502.46832275390625,524.2097405653733,1256747
2024-06-27,506.8166198730469,510.19861828974024,501.5020509325288,502.4683361944412,970802
2024-06-28,512.1311645507812,515.9963054153154,505.85031064591317,510.68173672658094,1188344
2024-07-01,507.2997741699219,520.8277681477864,502.9514903913225,512.1312005905878,1277404
2024-07-02,516.9625854492188,517.4457280524423,506.8165907815238,508.26601859119455,952717
2024-07-03,511.6480712890625,521.7940670370043,498.6032196131374,520.3446390730126,1561497
2024-07-04,517.44580078125,521.3109421502976,510.1986607142857,515.9963727678571,1602004
2024-07-05,517.9288330078125,524.2096863931685,514.0636924629781,520.8276884164384,922050
2024-07-08,536.288330078125,541.1197564752252,519.8614803279843,521.3109082471143,1993729
2024-07-09,536.288330078125,539.6703285560951,530.4906184016047,536.7714727178351,893565
2024-07-10,535.322021484375,540.153447671057,530.0074526790247,537.2545919590478,627053
2024-07-11,530.0074462890625,556.5802899954421,524.6928775477866,550.7825786413229,3092123
2024-07-12,542.0860595703125,543.5354875370781,524.692923969126,532.4232064585423,2260624
2024-07-16,547.8837280273438,557.5465803735051,542.5691592369551,542.5691592369551,1553463
2024-07-17,554.6477661132812,556.0971940735076,546.4343410053319,547.8837689655584,1412261
2024-07-18,551.7488403320312,562.3779773611947,548.849984778623,556.5802662543782,1404435
2024-07-19,555.6139526367188,561.411663446841,550.2993843941066,551.7488120966372,1110144
2024-07-22,556.580322265625,564.3106045193142,550.782610575358,558.0297501881917,1292943
2024-07-23,548.8500366210938,559.9623172921195,548.8500366210938,556.5803188270247,782418
2024-07-24,550.7826538085938,560.4455073841831,548.8500830934759,558.9960793478447,1459888
2024-07-25,561.8948974609375,562.3780401070776,547.8837607228746,550.7826165997152,1463384
2024-07-26,542.5691528320312,564.3105703542409,539.1871545507986,563.3442851310315,1481947
2024-07-29,527.5917358398438,538.7040159903166,523.2434523027022,538.7040159903166,1352570
2024-07-30,515.996337890625,530.9737596833304,511.64805414435574,527.5917612140098,1433853
2024-07-31,509.71539306640625,516.96253135645,505.85025264504964,515.0299611457716,1556849
2024-08-01,526.6254272460938,530.9737105903275,517.4457179638224,518.4120031514299,1201011
2024-08-02,524.6929321289062,527.1086454444169,515.5132215299659,521.3109334871914,734551
2024-08-05,509.71539306640625,516.96253135645,476.62012820854005,478.3111271428836,1404219
2024-08-06,514.546875,530.4905809859155,513.5805897887324,530.4905809859155,989776
2024-08-07,501.98516845703125,522.2771579423011,499.56945542307056,518.8951596947561,1313405
2024-08-08,507.78289794921875,516.9626078074824,495.22118972212104,500.53575858743164,1246180
2024-08-09,501.0188903808594,521.7940227688796,497.6368920851351,511.164885268032,1795818
2024-08-12,507.2997741699219,513.5806285167876,499.0863492547898,503.9177756754557,928870
2024-08-13,505.3671569824219,508.2660125674071,491.35602165499336,506.8165847749145,1183880
2024-08-14,493.28863525390625,511.16491292716245,492.3223499742708,507.29977180862056,1283441
2024-08-15,498.6031799316406,498.6031799316406,482.6594735966172,495.70432423436364,1439158
2024-08-16,493.28863525390625,505.36720124934965,493.28863525390625,500.5357748511723,981217
2024-08-19,504.40093994140625,505.85036792974364,487.49094674413686,496.6706573369403,985699
2024-08-20,497.63690185546875,505.85032644919977,495.2211887396655,505.36718382603914,925245
2024-08-21,481.6932067871094,489.42348894216826,478.31120834427105,484.1089199605653,2803441
2024-08-22,475.4123229980469,487.00774551019435,474.68760909103764,487.00774551019435,1202466
2024-08-23,458.9855041503906,478.7943522242496,458.9855041503906,476.8617816804585,1211201
2024-08-26,467.44049072265625,468.64834728783103,456.32821032304787,461.88435052285206,992333
2024-08-27,468.6483459472656,474.2044861311765,462.12592051397894,464.3000623250745,861749
2024-08-28,465.7494812011719,477.58647527734274,465.7494812011719,469.85619343168014,880753
2024-08-29,468.16522216796875,472.2719346431264,460.6765111838578,464.78322365901545,1064553
2024-09-02,480.7268981933594,481.4516121102338,472.03033119086643,472.99661641336564,1004256
2024-09-03,484.592041015625,491.35603760009036,481.2100427233923,485.55832624197717,775361
2024-09-04,485.5583190917969,495.2211712130267,478.5527513039053,479.2774652129975,1779506
2024-09-05,487.9740295410156,491.83917036906325,479.27746267790843,488.9403147480275,746956
2024-09-06,468.6483459472656,489.90662143353336,467.1989180732019,487.9740509347817,1535316
2024-09-09,463.8169250488281,475.1707768599192,463.8169250488281,470.09777924219765,1172164
2024-09-10,477.10333251953125,477.5864751347409,462.3674827556369,464.5416245240803,1366114
2024-09-11,481.45159912109375,487.9740241969942,470.0977480630449,472.51346105411915,1736994
2024-09-12,482.6595153808594,486.0415139871317,467.1989503236146,483.6258006969372,1510765
2024-09-13,486.0414733886719,488.9403290947674,477.5864775792268,482.1763324472113,1140656
2024-09-16,490.3897705078125,496.18748208031866,482.41791709561653,486.0414868284329,1052915
2024-09-17,508.2660217285156,510.6817347595447,491.839173117518,491.839173117518,1795495
2024-09-18,509.71539306640625,515.9962462511108,504.88396753971045,505.85025264504964,1062303
2024-09-19,496.18743896484375,515.9962851163126,493.77172601954265,512.6142869928912,1578360
2024-09-20,480.2437744140625,501.50205014265276,474.4460628517197,497.1537664708957,1620791
2024-09-23,478.0696105957031,484.10889319544674,473.23818451590824,483.14260797948776,1064313
2024-09-24,473.9629211425781,480.96848929402296,472.5134932491757,479.7606327161877,1712237
2024-09-25,466.71575927734375,481.45160881974437,458.9854775501828,473.96289839655714,2136583
2024-09-26,460.4349060058594,478.0696112201446,460.4349060058594,469.61461556945994,2109652
2024-09-27,447.3901062011719,463.3338140895506,442.80025089997196,461.1596721047717,2913278
2024-09-30,434.8283996582031,449.56425097995333,434.10368565877275,444.97439565022785,3258914
2024-10-01,424.6823425292969,437.7271926411183,422.26662954562624,435.31147965744765,2577589
2024-10-02,420.0924987792969,432.8957779255319,415.9857866003158,424.19921095827794,2174352
2024-10-03,407.7723388671875,424.9239005138524,407.7723388671875,420.09247469789045,2658577
2024-10-04,424.19921875,424.19921875,409.7049402050114,410.9127967504271,1581139
2024-10-07,422.5082092285156,427.3396352917348,417.9183544684574,425.64863616960804,1115564
2024-10-08,414.7779541015625,423.2329502538949,414.7779541015625,422.50823629798066,1695336
2024-10-09,431.92950439453125,432.89578963926175,406.32294540917314,413.3285134334692,2142408
2024-10-10,418.15997314453125,431.9295389846458,417.1936878224179,430.72168233200415,1334358
2024-10-11,414.5363464355469,424.440769631268,409.70492048641466,417.4352020050262,1264939
2024-10-14,404.1488037109375,415.26108402815396,404.1488037109375,413.57008484944714,967744
2024-10-15,406.5644836425781,409.946481723978,402.9409142696496,405.1150558934067,1412011
2024-10-16,416.2273864746094,416.2273864746094,402.9409638071088,406.56453362551804,1566160
2024-10-17,410.4296569824219,420.0925094128497,408.4970864963363,417.43522499448204,2092881
2024-10-18,397.6263732910156,413.0869370155752,396.9016593664269,411.6375091663977,1832446
2024-10-21,389.8960876464844,398.5926546571866,386.5140893645446,397.62636943377527,1406227
2024-10-22,391.8286437988281,400.525210492267,385.306218778749,389.8960734225084,2615912
2024-10-23,386.5141296386719,394.7275548934936,383.6152736663818,391.5871275901794,1636061
2024-10-24,392.31182861328125,395.4522558127718,389.41297273682846,391.587114644168,1621799
2024-10-25,394.4859619140625,395.93538982066656,387.48039369880973,391.8286774186218,1049297
2024-10-28,403.424072265625,403.424072265625,393.2780776337949,396.1769332428892,740772
2024-10-30,401.9746398925781,406.08135195878833,398.35107042239264,403.4240676806523,1523788
2024-10-31,393.03656005859375,406.0814120826651,393.03656005859375,401.00841407330404,1608442
2024-11-01,401.73309326171875,404.6319490158623,394.7275251892053,395.21066781489594,1531918
2024-11-04,393.76123046875,408.73865150498466,386.51409125766867,401.24994098686733,1605424
2024-11-05,384.5815734863281,399.5589965743635,383.85685946593935,396.1769978125491,1523755
2024-11-06,422.9913330078125,422.9913330078125,399.3173463517499,400.7667741062027,3198377
2024-11-07,424.19921875,435.55307027690776,418.40150733200454,427.33964576808086,4357248
2024-11-08,441.83392333984375,442.8002085740479,421.7835047301078,424.19921781561817,2081478
2024-11-11,437.0025329589844,444.974386794057,428.5475364672406,441.8339595256951,2293209
2024-11-12,436.76092529296875,440.1429236082904,430.7216425870372,436.76092529296875,2552549
2024-11-13,441.0126037597656,447.3336223362562,433.7191207868919,437.36586227332873,2523299
2024-11-14,457.05828857421875,457.5445207961062,440.7695091409886,443.44378636136963,2294197
2024-11-15,456.81512451171875,466.29665184325523,452.9252671449346,457.0582405971428,1971255
2024-11-18,455.5995788574219,460.70501704098956,446.60428301018356,457.7876237932366,1473090
2024-11-19,456.3289489746094,459.9756907085567,450.2510460846971,457.0582973213988,1492870
2024-11-20,447.8198547363281,461.1912401926246,444.90246154586345,458.7600792005707,1338306
2024-11-21,457.5445251464844,458.03075737299497,444.1731389174426,449.278577295804,1354164
2024-11-22,451.9528503417969,458.5169853386922,443.6869025679286,457.5445208947077,1860798
2024-11-25,467.9985046386719,468.7278529575893,454.14088657924106,454.14088657924106,2272885
2024-11-26,472.86083984375,472.86083984375,464.1086597746626,468.7278659222365,1523284
2024-11-27,473.5902099609375,477.7231840725062,467.75542297989927,476.2644873272467,1273445
2024-11-28,466.29669189453125,476.99380057198664,465.08111136300226,473.5901750837054,1217405
2024-11-29,469.94342041015625,469.94342041015625,457.7876154331734,465.0810984193631,1349364
2024-12-02,472.86083984375,473.5901881828406,464.35177588769284,469.9434464873876,923336
2024-12-03,481.85614013671875,483.5579529424488,473.5901922231726,475.0488889137984,1880275
2024-12-04,481.6130065917969,484.0441676548549,476.2644522530692,482.0992388044085,1246671
2024-12-05,488.6633605957031,488.6633605957031,478.20936830435227,483.801038599726,1631085
2024-12-06,495.4706115722656,496.44307597181864,486.7184319762884,493.0394505733831,1349121
2024-12-09,499.3604736328125,501.30540244929864,494.0119193874757,496.44308040808335,1040204
2024-12-10,498.3880310058594,501.7916565834604,494.49817320288685,499.8467276819741,1248626
2024-12-11,513.461181640625,520.7546643343838,511.03002074270535,512.4887172814572,3018157
2024-12-12,506.167724609375,516.3786008983249,504.7090279966678,515.4061364898535,1507708
2024-12-13,512.9749755859375,513.9474399946313,502.2778670903066,506.1677247250815,1694729
2024-12-16,509.57135009765625,512.4887433234062,503.73656364615636,512.4887433234062,1013676
2024-12-17,509.57135009765625,511.51627891482286,500.33293821611477,509.57135009765625,1261093
2024-12-18,497.41552734375,511.0300285809201,496.9292951567082,510.54379639387827,1307631
2024-12-19,492.5532531738281,503.2503623246911,488.663395300787,494.9844143444788,986504
2024-12-20,483.5579528808594,499.360500360626,483.5579528808594,492.5532491385727,1276435
2024-12-23,474.0763854980469,488.1771190154247,473.83326940291965,485.2597258738982,996154
2024-12-24,481.3699035644531,481.3699035644531,466.78293678977275,474.07642017711294,894715
2024-12-25,497.41552734375,500.8191526530425,488.6633479769978,490.60827672516496,787278
2024-12-26,510.5438537597656,512.4887827264695,497.90181547619045,499.8467444428943,1228991
2024-12-27,520.2684936523438,521.2409581264603,507.62645548882887,510.54384891117843,1130513
2024-12-30,524.1583251953125,524.6445574079241,517.35107421875,520.7546997070312,1208898
2024-12-31,531.9380493164062,549.4424092573483,511.0300638313921,515.4061538166276,2923433
2025-01-02,523.672119140625,530.9656026941157,509.5713842705432,525.1308158513232,2261352
2025-01-03,514.919921875,525.617030733593,514.919921875,523.6721018502125,1319404
2025-01-06,512.9749755859375,522.6996196728747,512.9749755859375,516.3786010163656,1461179
2025-01-07,515.8923950195312,521.7271817681028,512.0025371871503,513.9474661033407,1403899
2025-01-08,516.8648681640625,517.8373326385009,510.5438490802122,516.8648681640625,1931719
2025-01-09,518.3235473632812,523.672101791983,512.9749929345795,520.2684762464455,1253688
2025-01-10,521.7271728515625,526.1032628382019,515.4061539819724,518.3235473063986,1309939
2025-01-13,518.809814453125,521.7272079739486,511.03009839759545,521.7272079739486,1180432
2025-01-14,512.48876953125,525.6170397184832,511.03007284377964,522.2134141143856,1769374
2025-01-15,518.3235473632812,523.1858695711919,509.08513516825093,512.4887607137885,1203907
2025-01-16,530.965576171875,531.9380405970983,518.3235386439733,523.1858607700893,1776057
2025-01-17,534.3692016601562,539.2315237862723,529.5068795340402,531.4518083844866,1339533
2025-01-20,534.3692016601562,538.2590593610491,527.5619506835938,534.8554338727679,1175958
2025-01-21,538.7452392578125,539.2314714232076,530.4792924460952,534.8553819346514,1611079
2025-01-22,551.87353515625,554.7909282936399,538.7452660379956,539.7177304171256,2085009
2025-01-23,542.6350708007812,554.3046422158518,542.1488386584866,552.3597136466734,1274294
2025-01-24,544.0938720703125,548.4699621942024,537.7728530024715,543.121407598337,915208
2025-01-27,533.8829345703125,541.1764172830217,530.4793093043816,539.2314885596326,907361
2025-01-28,539.2315673828125,541.6627286424284,529.993154596272,534.8554771155038,1984521
2025-01-29,564.0293579101562,567.432983345821,537.7728188350283,540.6902120655981,2952833
2025-01-30,562.08447265625,577.1576721824989,561.1120081706855,562.5707048990322,1660758
2025-01-31,568.8916625976562,569.864126978165,560.6257153633313,562.0844119340945,1562450
2025-02-03,558.194580078125,573.7540108816964,549.9286324637277,565.4880632672991,1683510
2025-02-04,568.8916625976562,577.1576098319812,555.7633934607873,560.1394831730769,1692303
2025-02-05,567.4329833984375,571.3228410395579,557.2221070904965,568.8916800138577,1809354
2025-02-06,565.4880981445312,571.3228850557388,561.1120079611255,567.9192593575344,2115180
2025-02-07,577.1575927734375,583.4786110599199,564.0293240245893,566.9467170798889,2758328
2025-02-10,572.7815551757812,581.047502916009,570.8366262957277,577.6438773759153,957594
2025-02-11,575.698974609375,576.1852068514437,558.6808461369695,572.7815811569626,2020501
2025-02-12,565.9743041992188,576.6714130414721,560.1395175579897,576.1851808213696,1891050
2025-02-13,574.7265014648438,578.1301271080366,566.4605534742326,570.8366435869091,1943608
2025-02-14,566.94677734375,581.0475119432086,563.0569195232097,576.6714218951008,1653138
2025-02-17,557.22216796875,567.9192776505236,554.3047744191754,567.9192776505236,1137137
2025-02-18,555.2771606445312,560.6257147312999,547.4974456092314,556.2496250239437,1935744
2025-02-19,548.4699096679688,557.222089077564,546.5249809102809,555.2771603198762,1851750
2025-02-20,551.3873291015625,553.8184901646206,534.8554338727679,547.4974714006696,2027776
2025-02-21,538.7452392578125,555.2771328812472,529.5068281153049,551.8735077234812,1567954
2025-02-24,544.580078125,553.8184901646206,538.7452915736608,542.6351492745536,1192082
2025-02-25,539.2315673828125,554.3047671924312,538.2591028789661,544.5801221539675,1681860
2025-02-26,540.6902465820312,547.0112656517852,536.8003886929519,539.7177821097614,2138662
2025-02-27,548.9561767578125,551.8735700798203,536.3141390291117,541.6626934527928,1750891
2025-02-28,546.5250244140625,555.2772045203375,540.2040054484194,549.4424177828208,2093176
2025-03-03,556.73583984375,563.0568581127184,549.4423572257095,549.4423572257095,1669861
2025-03-04,559.6532592773438,562.5706524621083,556.2496338951183,558.6807948824222,1276902
2025-03-05,579.1026000976562,582.5062257909254,563.0569361151015,564.0294005988927,2477484
2025-03-06,561.1119995117188,581.5337533934278,554.3047482178157,576.1851988053611,4599400
2025-03-07,542.14892578125,564.5156079211042,540.6902291199551,562.0844468189462,4428026
2025-03-10,507.1402282714844,530.9656081231649,501.305441369032,529.0206791556807,6671711
2025-03-11,507.6264343261719,511.0300598436845,494.9843966896963,508.5988987597469,6129529
2025-03-12,515.8923950195312,520.2684850809599,502.2778926061977,509.0851438128645,5589230
2025-03-13,522.21337890625,527.0757008699953,514.4336637642575,517.8372891388792,4510068
2025-03-14,529.5068969726562,530.9655936585314,518.3235557142806,525.617039143656,3782235
2025-03-17,520.7546997070312,532.9105050223214,520.7546997070312,529.5068795340402,2277534
2025-03-18,511.5162658691406,520.7546775150662,510.05756929346813,520.2684453231753,2461548
2025-03-19,465.81048583984375,492.06702679532555,462.4068601604294,468.2416470394254,4048628
2025-03-20,477.2369384765625,489.6358604644915,457.3014168489119,465.3242487234542,4677644
2025-03-21,436.63653564453125,475.53511343023564,436.3934195333706,475.53511343023564,3069105
2025-03-24,466.7829284667969,469.21408955256146,441.9850853919983,441.9850853919983,3502734
2025-03-25,490.1220703125,497.9017857142857,473.34705897739957,474.3195234026228,4194279
2025-03-26,488.1771545410156,497.9017990537849,479.6680905923426,485.74599341282334,3389907
2025-03-27,486.23223876953125,500.33297369384763,484.2873098144531,495.4706513061524,1607839
2025-03-28,481.6130065917969,486.71844482421875,467.2691563197545,486.23221261160717,2351120
2025-04-02,469.2140808105469,481.3698860128926,467.9985002903123,481.3698860128926,1329881
2025-04-03,460.4619140625,474.56264849524814,460.4619140625,470.6727907206969,1345561
2025-04-04,462.1636962890625,466.2966699013266,451.2234720213046,460.46188362518905,1729334
2025-04-07,467.7554016113281,472.61772387340017,447.33364811062563,453.6546670513193,2861406
2025-04-08,472.1314697265625,479.4249527810408,465.567334977532,475.2919790501698,1924289
2025-04-09,463.13616943359375,478.9387158972072,462.8930533341536,467.2691431240773,2373831
2025-04-10,464.8380126953125,479.91121185175047,463.86554823360683,477.23693458205986,2170453
2025-04-11,468.9709777832031,473.34706777806974,461.92061056925144,462.4068427909033,2058939
2025-04-14,467.9985046386719,474.076407296317,466.7829241071429,472.61771065848217,1160053
2025-04-15,466.7829284667969,474.5626439412435,464.35176738103235,468.72785733540854,1337557
2025-04-16,459.7325439453125,468.4847235233301,452.1959448642418,466.78291082760444,1922662
2025-04-17,474.8057861328125,479.42499244951676,457.5445414756544,459.73258657304063,2615279
2025-04-18,483.0716857910156,486.23219505889847,471.88834530466096,476.5075511577205,1871776
2025-04-21,476.0213317871094,488.6633691992287,472.1314741218419,486.23220815843655,1472381
2025-04-22,465.81048583984375,486.7184721562459,465.81048583984375,484.0441948367061,1555789
2025-04-24,474.8057861328125,476.0213667424715,464.3517928897449,466.782954109063,1972798
2025-04-25,478.938720703125,484.2872749444797,474.80574697116907,477.4800240918464,1736650
2025-04-28,476.507568359375,480.64054216657365,472.61771065848217,480.64054216657365,1231171
2025-04-29,479.1818542480469,483.8010603519093,472.1314870368884,476.50757703002125,1904744
2025-04-30,465.32421875,483.8010424830199,458.03073569749216,481.36988146551727,2096047
2025-05-02,481.3699035644531,482.8286002419212,465.8104723381274,467.7554012414181,1417857
2025-05-05,485.259765625,489.1496234656814,479.91121109406316,482.342372244489,1557653
2025-05-06,475.04888916015625,487.6909271521358,472.61772800785246,485.2597659998321,1978227
2025-05-07,487.2046813964844,487.2046813964844,474.0764115384953,474.5626437554578,1612540
2025-05-08,494.0119323730469,499.3604867589755,488.17714577021565,495.9568612406573,1291246
2025-05-09,508.598876953125,509.5713413450048,490.12205350740913,494.4981432708682,1631942
2025-05-12,521.7271728515625,527.0757272796774,516.3786184234477,520.2684761893494,1462672
2025-05-13,523.1858520507812,528.5344063003711,514.9199045741425,519.295994414716,1749906
2025-05-14,515.4061889648438,524.6446017859117,508.5989374124779,520.7547437559883,1873835
2025-05-15,509.57135009765625,518.3235297749061,506.6539568719063,515.8923687534477,1190193
2025-05-16,514.4337158203125,516.8648770481967,506.65399989108283,509.57139336454395,956228
2025-05-20,500.33294677734375,515.4061453683036,496.9293212890625,512.9749843052456,1824202
2025-05-21,492.0669860839844,501.791630077739,491.5807538842966,498.38800467992485,1015910
2025-05-22,490.1220703125,498.3880179268973,483.3148193359375,495.9568568638393,1828649
2025-05-23,486.23223876953125,493.0394901123047,480.3974519042969,490.1220966796875,1479293
2025-05-26,487.69091796875,493.52570462440804,485.9891051941831,488.6633824113597,953195
2025-05-27,486.23223876953125,494.01195458984375,485.9891226501465,487.2047032470703,1314941
2025-05-28,483.1792907714844,490.3283721145318,476.52324952106085,487.61665160510006,1372583
2025-05-29,479.72802734375,487.3701490537481,476.7697866818153,486.38406883310313,1174774
2025-05-30,470.36029052734375,479.48153305853435,467.4020497064171,479.2350129901238,1673635
2025-06-02,474.7976379394531,477.7558786742784,466.41595585744824,470.1137567759798,919983
2025-06-03,471.3463439941406,486.63058736633553,471.3463439941406,478.2489055170674,2081476
2025-06-04,480.96063232421875,482.93279278479986,469.37418961830474,471.34635007888585,1755195
2025-06-05,484.4118957519531,486.63057619051165,478.74193463119235,481.94669526466583,519351
2025-06-10,491.0679626464844,491.0679626464844,482.19324042998164,488.10972190765017,1817928
2025-06-11,489.0957946777344,492.5470754869523,487.12363421532416,492.05403537134976,1037388
2025-06-12,487.1236572265625,488.1097375043491,476.52329424035696,483.42585618486294,1293300
2025-06-13,469.127685546875,477.5093677899616,457.0482023141914,470.1137658107675,2155818
2025-06-16,467.40203857421875,472.0859197624625,462.718157385975,468.63463888691444,1746797
2025-06-17,466.41595458984375,470.853315680022,464.4437941053201,466.90899471097464,1158893
2025-06-18,446.44781494140625,465.9228990829695,446.44781494140625,464.4437787684204,1650420
2025-06-19,450.88519287109375,457.0481944138917,446.9408718837031,448.66651231568653,1394521
2025-06-20,449.652587890625,458.52731002004526,448.17346753572167,456.3086294876902,1155436
2025-06-23,450.638671875,450.638671875,441.51742961057164,444.2291502837801,842349
2025-06-24,473.8115539550781,477.2628347851359,462.4716312277454,468.3881126507016,2257595
2025-06-25,465.183349609375,473.8115516424053,461.4855487380763,473.8115516424053,1258285
2025-06-26,458.5273132324219,465.1833548761183,457.2947129280336,464.44379469348536,1030349
2025-06-27,462.96466064453125,463.4577007517139,450.1456178577817,458.28077962629584,1164296
2025-06-30,487.86322021484375,491.0679811359114,462.96469305885626,462.96469305885626,2828210
2025-07-01,492.5470886230469,495.0122892668059,485.15148669176995,485.15148669176995,1445755
2025-07-02,502.9009094238281,505.36610996021943,490.57490674187153,495.5053078146542,2711726
2025-07-03,496.98443603515625,511.7756394885835,492.30055494157097,509.3104389130123,1555120
2025-07-04,495.5053405761719,503.39398281420046,494.0262201565415,497.477501135679,1645625
2025-07-07,492.3005676269531,492.3005676269531,484.6584456457636,490.08188705176906,1153558
2025-07-08,471.3463439941406,495.9983494331647,470.36026377657964,495.01226921560374,2515334
2025-07-09,473.3185119628906,477.2628328959147,471.83939161300657,472.5789517879486,2439493
2025-07-10,482.93280029296875,485.39800090702164,476.7697987578364,476.7697987578364,1899448
2025-07-11,482.686279296875,487.6166805154335,475.53719752996517,486.1375601498659,1863781
2025-07-14,479.2349853515625,484.6584265438127,478.24890513478977,483.17930621865355,1225228
2025-07-16,475.7837219238281,484.411924134882,468.881160154985,479.23500280824965,1797206
2025-07-17,491.3144836425781,492.54708395277027,473.3185191137732,478.7419604786185,2162824
2025-07-18,488.6027526855469,497.47747473230754,486.3840721738567,491.0679532540915,1697646
2025-07-21,505.8591613769531,508.3243619684588,490.5749177096183,490.5749177096183,1999533
2025-07-22,512.76171875,516.7060396634615,503.88699669471157,505.85915715144233,2017336
2025-07-23,511.2826232910156,515.7199845346214,508.32438246194516,512.7617437055509,988965
2025-07-24,527.0598754882812,527.5529155963152,506.84523105888974,511.7756321392291,1979019
2025-07-25,523.6085815429688,527.5529023078875,516.212980108746,527.5529023078875,1013319
2025-07-28,523.6085815429688,531.4972230728064,521.1433810648946,524.1016216385837,1175594
2025-07-29,521.636474609375,526.5668760707113,518.6782337325733,521.636474609375,1062930
2025-07-30,521.1433715820312,524.1016121018914,516.706010802241,518.1851310621711,1164132
2025-07-31,516.7060546875,524.1016566152791,510.2965330167581,521.636455972686,2218353
2025-08-01,517.692138671875,521.6364597284227,513.7478176153273,516.706058407738,1523015
2025-08-04,524.5946655273438,526.0737858248833,518.6781843371857,521.143384833085,1798158
2025-08-05,520.1572875976562,527.0598487600896,518.6781673485634,525.5807285109968,1482079
2025-08-06,529.5250854492188,530.51116568283,516.2130022954674,520.1573232299123,1843229
2025-08-07,527.0598754882812,536.4276375409261,524.5946749481116,530.5111562445188,1559091
2025-08-08,536.4276733398438,536.4276733398438,523.1155895345352,526.5668705210966,1515663
2025-08-11,537.4137573242188,542.3441587675602,537.4137573242188,539.3859179015553,1090459
2025-08-12,535.4415283203125,539.3858489709226,530.51112750705,539.3858489709226,817963
2025-08-13,500.4356994628906,517.1990627946525,500.4356994628906,517.1990627946525,4356242
2025-08-14,493.0401306152344,502.9009332275391,492.54709048461916,500.92877270507813,2366360
2025-08-15,489.3423156738281,496.98443748032116,489.09579561555415,493.04011654793766,1625386
2025-08-18,487.6166687011719,492.3005497453186,486.8771085363066,489.3423090858575,1737179
2025-08-19,479.72802734375,490.82142982600527,478.9884671782663,488.356229274393,1794407
2025-08-20,486.3840637207031,488.60274419383353,479.4815022487418,481.20714261673214,2175880
2025-08-21,493.0401306152344,497.47749179077147,487.6166891784668,490.081889831543,3651687
2025-08-22,492.0540466308594,496.491407772821,490.0818861233208,496.491407772821,1989551
2025-08-25,492.7935791015625,498.9565803409517,492.7935791015625,494.0261793494403,2466643
2025-08-26,488.3562316894531,495.01227321172234,488.3562316894531,492.5470726479189,2824298
2025-08-27,484.1654052734375,492.7936075059071,484.1654052734375,491.56100718698286,2431840
2025-08-28,482.686279296875,489.58884100285684,482.19323917501913,484.41191972337043,1817999
2025-08-29,478.98846435546875,485.6445058055962,476.0302237109677,482.6862651610951,2489677
2025-09-01,470.6068115234375,480.2210942104014,470.1137713856445,479.23501393481536,2222184
2025-09-02,456.8016662597656,475.78371067530907,448.17346425270046,471.59286970044883,4285401
2025-09-03,451.1317138671875,459.0203558583077,448.91303330718495,456.80167529830516,2837070
2025-09-04,454.33648681640625,458.03428784855276,449.8991255778304,453.35040654116716,2712001
2025-09-05,451.37823486328125,460.7459972471178,449.6525944241535,455.815595992467,2791529
2025-09-08,430.91705322265625,445.95477647584966,430.91705322265625,444.4756561558634,2463571
2025-09-09,424.75408935546875,435.8474927338762,424.2610492053173,433.62881205819474,3077623
2025-09-10,428.2053527832031,431.4101136272916,424.7540718741848,427.2192725234836,2064260
2025-09-11,416.1258544921875,431.4100979628721,414.6467341563148,427.95881717916916,3464610
2025-09-12,416.618896484375,418.3445368840145,410.94893517127406,416.37237642728365,2026205
2025-09-15,441.0243835449219,441.0243835449219,409.71633619433214,414.6467373519053,5551205
2025-09-16,443.2430725097656,446.94087344838994,433.8753101319174,441.7639521343159,4353571
2025-09-17,438.8056945800781,446.940856333529,436.83353415499914,443.48957558964076,2097465
2025-09-18,436.5870361328125,448.1734792148239,435.84747593608836,441.0243973131573,2440269
2025-09-19,443.98260498046875,446.4478054523203,436.83352361209916,437.57308375365466,2599511
2025-09-22,450.39215087890625,454.3364718499312,448.17347033270477,452.3643113644187,2325045
2025-09-23,442.7500305175781,451.6247527328525,440.77787002529493,446.6943515021445,3729511
2025-09-24,444.7221984863281,450.8852001283227,440.28483730409204,443.73611822360897,3687083
2025-09-25,441.0243835449219,449.8991056285536,439.79178325552857,447.433905049767,1740745
2025-09-26,438.8056945800781,444.72217585531513,434.61485367678523,441.024375058292,2022765
2025-09-29,434.121826171875,440.03830761885115,432.64270581013096,437.8196270762351,2214307
2025-09-30,438.8056945800781,442.996535483371,432.1496531454365,433.38225341111087,3306894
2025-10-01,457.0481872558594,461.97858841288047,437.81962274347694,438.31266285917906,3914971
2025-10-02,460.2529602050781,464.19728123522344,454.8295187886284,457.0481993680851,2818226
2025-10-03,464.93682861328125,471.59287016819036,459.02034723113985,461.9785879222105,3016817
2025-10-06,456.5551452636719,467.4020277645366,456.5551452636719,464.9368271961583,2529626
2025-10-07,460.4994812011719,463.95076210953187,457.54124042257763,458.2808006172262,1562461
2025-10-08,448.66650390625,462.9646672175481,443.48958270733175,459.51338641826925,2073809
2025-10-09,445.9548034667969,457.04820653811026,442.7500425795286,454.33648578734477,1513563
2025-10-10,444.2291564941406,453.10387882143755,442.75003610625777,445.95479694667057,1648214
2025-10-13,442.2569885253906,446.44782955378065,436.34050707354595,438.8057076784812,1629008
2025-10-14,433.38226318359375,445.2152260008932,433.38226318359375,443.7361056487308,1615369
2025-10-15,437.81964111328125,439.7918016588366,430.4240390674488,434.8614002949483,1848591
2025-10-16,431.41009521484375,441.0243773367746,430.9170551060268,436.5870163574219,2372877
2025-10-17,422.28887939453125,429.6844814855038,415.3863174429569,428.2053610673093,2046407
2025-10-20,435.84747314453125,437.81963365649744,418.8375887288227,422.5353896887593,2377104
2025-10-21,425.98663330078125,436.8335151672363,425.24707317352295,436.8335151672363,1915833
2025-10-22,442.2569885253906,447.1873897352612,425.98666453281777,429.68446544022066,2848945
2025-10-23,443.4895935058594,445.7082740737041,436.34051167613734,443.9826336320471,2176469
2025-10-24,454.33648681640625,467.40205046332403,443.4896037887763,445.7082844080643,4394741
2025-10-27,453.1038818359375,455.0760423662354,447.4339203113311,453.596921968512,1881925
2025-10-28,448.1734619140625,453.35038309128765,448.1734619140625,452.6108229231126,632125
2025-10-30,440.5313415527344,451.624744110022,438.0661409844482,449.6525836553931,1787740
2025-10-31,447.1873779296875,450.6386586854844,437.08005571628223,440.2848164180936,2698954
2025-11-03,452.61083984375,458.527321410335,448.66651879936006,450.1456391910063,2548703
2025-11-04,449.652587890625,453.8434288961846,446.2013070625172,452.8573486595823,2362016
2025-11-05,455.3225402832031,457.54122077185974,446.2012982742813,449.4060589801187,2544195
2025-11-06,463.7042236328125,464.1972637430016,451.62474093318053,457.78774231054376,2795927
2025-11-07,492.0540466308594,496.98444789970563,488.10972561578234,493.0401268846286,8106849
2025-11-10,497.97052001953125,505.36612180199955,494.0261990688815,494.0261990688815,4444358
2025-11-11,488.1097106933594,500.43571348864623,475.53718784216676,500.43571348864623,4569062
2025-11-12,501.11187744140625,511.541361511049,489.93743022393187,491.1790354703179,2957391
2025-11-13,500.1186218261719,504.58840096861036,494.1589163029206,502.6018324608599,1973603
2025-11-14,503.5950927734375,503.5950927734375,491.42736124192936,498.132029636842,2313095
2025-11-17,500.615234375,505.0850132533482,494.40720815507194,504.09172905815973,2785026
2025-11-18,501.6085205078125,505.58165730391397,495.89713636341656,498.1320258112237,2091626
2025-11-19,526.4406127929688,527.4338969680498,502.601792591023,503.09843467856354,4449180
2025-11-20,525.4473266601562,531.4070316884378,522.4674741460155,526.4406108315366,1953832
2025-11-21,523.4608154296875,527.4339525486984,518.9910361708003,523.4608154296875,1517073
2025-11-24,518.9910278320312,525.4473755466881,517.5011014363412,521.9708806234113,1752922
2025-11-25,518.9910278320312,524.4540912828948,514.0246065130644,518.9910278320312,1795090
2025-11-26,523.4608154296875,524.4540997094402,515.0178990517893,519.4876783106766,1611775
2025-11-27,520.9776000976562,526.9373057231776,517.5011051494355,524.9507371813371,1882519
2025-11-28,517.5010986328125,526.4406569585233,516.5078143744001,521.9708777956679,2064946
2025-12-01,525.4473266601562,526.4406108315366,513.5279166035932,516.5077691177339,2034221
2025-12-02,524.4541015625,528.4272386955492,520.4809644294508,523.4608172792376,2521808
2025-12-03,508.5615234375,530.910418510437,497.63539695739746,524.4540710449219,6230122
2025-12-04,512.0380249023438,514.0245933791715,506.57496159106756,509.0581721871022,2612603
2025-12-05,505.08502197265625,515.5145062021801,501.60852722948164,512.0380114590055,2473970
2025-12-08,507.5682373046875,515.0178689676721,504.58838463949365,507.07159519382185,2313683
2025-12-09,516.5078125,516.5078125,506.07832782451925,508.5615384615385,3166280
2025-12-10,515.0178833007812,523.9574415451535,515.0178833007812,518.4943781735926,2355444
2025-12-11,523.9574584960938,528.427237762885,514.0246156810019,517.501110666284,3173844
2025-12-12,529.4204711914062,534.3868921219072,523.4607660748051,523.9574081678551,2262208
2025-12-15,541.8365478515625,541.8365478515625,526.937284390933,529.4204949677046,2176985
2025-12-16,547.2996215820312,547.2996215820312,536.3734948353845,542.3332003335554,2705633
2025-12-17,536.3734741210938,553.2593057137949,533.8902635927553,547.2996004457827,2601179
2025-12-18,540.3466186523438,546.8029661178589,536.8701238632202,537.3667659759521,2426686
2025-12-19,534.3869018554688,543.3264596931997,530.9104071407957,542.8298175911035,1866440
2025-12-22,526.937255859375,537.3667397171006,526.937255859375,535.3801713632481,1562873
2025-12-23,519.9843139648438,526.937303836389,516.0111768953894,526.4406617027072,2007027
2025-12-24,535.3801879882812,536.3734721960517,517.5010722484128,520.4809248717243,3713301
2025-12-25,519.4876708984375,539.8499983428313,517.5011023672771,536.8701455460907,2085961
2025-12-26,512.53466796875,522.4675103712451,506.0783204071281,521.4742261309956,3838318
2025-12-29,515.0178833007812,519.4876624229673,512.0380305526571,515.0178833007812,2339088
2025-12-30,517.9977416992188,519.4876680895329,506.0783305767056,515.0178889185904,3153121
2025-12-31,518.494384765625,525.4473745996468,514.024605586611,517.9977426346235,2372792
2026-01-02,526.937255859375,527.4338979478381,516.0111299131862,518.990982443965,1745272
2026-01-05,546.3063354492188,549.2861881880327,526.9372926469283,527.433934770064,3407233
2026-01-06,566.1719970703125,566.1719970703125,545.809670859889,548.2928813733553,3999568
2026-01-07,577.09814453125,577.5947866521891,559.2190281774419,568.6552284752851,2866770
2026-01-08,584.0511474609375,587.0310002541055,570.6418098916813,577.0981576102121,2233601
2026-01-09,588.0242919921875,594.4806397927774,582.0645863301046,587.0310077151737,2131344
2026-01-12,587.5276489257812,600.4403445065676,584.0511539617233,590.010859614394,3920626
2026-01-13,603.420166015625,610.8697976948303,587.5276184333205,587.5276184333205,3918047
2026-01-14,603.9168090820312,608.8832302093506,593.4873247146606,605.406735420227,2803108
2026-01-15,612.3597412109375,619.3127309732678,603.9168250709652,604.4134671968459,3637102
2026-01-16,645.1381225585938,646.6280489386367,612.8563843243301,612.8563843243301,5993173
2026-01-19,628.2522583007812,650.6011528648406,625.27240569224,648.6145844591465,3367015
2026-01-20,616.8295288085938,628.7489399933008,615.3396024105053,628.7489399933008,2470859
2026-01-21,616.3328857421875,618.3194542699624,610.8698222908063,617.8228121380188,2074563
2026-01-22,620.8026123046875,625.769033203125,611.8630546875,621.795896484375,4577281
2026-01-23,624.2791137695312,628.2522505317876,620.802619102557,623.7824716742492,2952235
2026-01-26,630.2388305664062,631.728756879802,615.8362095369139,621.7959147904969,3743104
2026-01-27,609.3798828125,631.7287782701711,608.3865985699368,631.2321361488896,4111702
2026-01-28,614.8429565429688,618.3194514507238,607.3933245977793,608.8832509868172,4131900
2026-01-29,621.2992553710938,627.7556025492106,616.8294765554743,620.8026132804694,7694733
2026-01-30,632.7220458984375,635.7018985478807,621.2992774089053,624.775772166589,8774125
2026-02-02,632.7220458984375,645.6347407126913,606.4000141616893,622.2925616253864,5996579
2026-02-03,649.60791015625,662.5206056180715,638.1851410938694,638.1851410938694,7121584
2026-02-04,659.0440673828125,663.0172041869289,650.601151674065,655.5675726792106,4050850
2026-02-05,643.1515502929688,660.0373825014328,641.1649817978554,657.554171882541,2573649
2026-02-06,648.6146240234375,648.6146240234375,629.7422230181613,646.1314133648485,2463923
2026-02-09,665.9970703125,668.9769229760906,651.5944491051454,653.5810175475391,3389252
2026-02-10,661.5272827148438,669.4735563810881,655.0709353610202,669.4735563810881,2696523
2026-02-11,669.4735717773438,669.9702138929056,649.6078871548706,655.0709504260507,3366788
2026-02-12,674.4400024414062,677.419855176788,659.0440966419337,669.47358121577,5695579
2026-02-13,681.8896484375,687.8493540320011,668.9769529827477,679.9030799059997,4350169
2026-02-16,690.33251953125,693.8090142339254,681.8896038247527,685.3660985274281,3309067
2026-02-17,683.3795166015625,690.8291479598645,683.3795166015625,690.8291479598645,2067090
2026-02-18,681.3930053710938,689.8359216184032,666.9903835374482,688.3459952218192,4708816
2026-02-19,661.5272827148438,685.8627458177172,660.5339985065632,682.8828931928755,3257332
2026-02-20,660.037353515625,672.453406064828,649.1112272723265,663.5138482294018,4077551
2026-02-23,660.037353515625,671.4601218608917,655.567574597912,670.4668376569555,2455377
2026-02-24,660.037353515625,668.480269249083,654.0776482920077,660.037353515625,2726416
2026-02-25,663.5138549804688,668.4802760506818,652.587728626,660.0373602313196,2666845
2026-02-26,660.037353515625,665.9970587392424,635.2052484172193,664.01049033137,4047346
2026-02-27,641.1649780273438,665.500441949373,636.695198939624,660.5340207407957,4299132
2026-03-02,648.1179809570312,654.07768652905,606.8966840839021,610.8698211319145,2929750
2026-03-03,627.755615234375,661.5272780792623,627.2589731337149,651.0977939654,3580209
2026-03-04,616.8295288085938,631.7287927894777,615.8362445432015,626.7623714625163,2499895
2026-03-05,597.46044921875,635.7018911055694,596.9638071163238,629.7421858764546,4369884
2026-03-06,567.165283203125,597.9570936747482,561.7022200549337,597.4604515703672,4128203
2026-03-09,573.6216430664062,573.6216430664062,554.2526005732549,554.7492426884639,3542443
2026-03-10,598.9503784179688,599.9436626276171,581.5679047491222,581.5679047491222,2859663
2026-03-11,598.9503784179688,617.3261362964637,586.5343257973641,599.9436626276171,3360033
2026-03-12,603.420166015625,613.8496503665124,591.9973974408437,595.9705343364197,4012022
2026-03-13,600.9369506835938,614.842929707677,599.9436664675878,600.9369506835938,3037372
2026-03-16,587.5276489257812,605.4067658837932,584.0511539617233,602.9235551951804,2122354
2026-03-17,592.9906616210938,595.970514192054,587.0309564791733,595.970514192054,1394155
2026-03-18,588.5208740234375,604.4134208325092,585.0443794089531,595.4738632524064,1836610
2026-03-19,580.0780029296875,587.030992690831,577.0981501749118,586.037708439239,1288291
2026-03-23,591.500732421875,592.4940166073021,558.225712210065,580.0779642894627,3140911
2026-03-24,582.0645751953125,588.0242807433874,576.1048696472376,587.5276386143811,1563838
2026-03-25,600.4403076171875,616.8294971551256,587.0309707225109,587.0309707225109,3166567
2026-03-26,596.4671630859375,611.8630682113863,594.9772367834747,599.943657791684,2537002
2026-03-27,598.9503784179688,604.910083675859,592.9906731600785,599.9436626276171,1843312
2026-03-30,590.5074462890625,599.9436460195017,589.0175200158352,598.9503618373502,1286422
2026-03-31,598.4537353515625,600.9369458716935,588.5208932710386,591.997387999222,2565185
2026-04-01,612.8563842773438,614.8429527839154,601.9302574911999,601.9302574911999,1711719
2026-04-02,616.3328857421875,620.8026649296812,603.9168324435939,610.3731801588625,2578555
2026-04-03,596.9638061523438,618.8160586238106,596.9638061523438,618.8160586238106,1882459
2026-04-06,601.9302368164062,605.9033736930822,597.4604578301459,598.4537420493148,1620216
2026-04-07,595.9705200195312,603.4201515197755,589.0175306193034,600.936941019694,1385183
2026-04-08,623.2858276367188,635.2052378863452,611.8630594808267,611.8630594808267,3247531
2026-04-09,636.1985473632812,644.1448211789038,619.8093576185597,619.8093576185597,2679332
2026-04-10,651.594482421875,651.594482421875,634.7086497981375,641.1649975660371,3119382
2026-04-13,636.6951904296875,644.6414642572031,629.7422008306113,644.6414642572031,2311188
2026-04-14,644.6414794921875,653.5810377594134,641.6616267364454,642.6549109883595,3437701
2026-04-15,652.091064453125,659.0440537161438,646.1313593705374,647.6212856411844,2108030
2026-04-16,655.0709228515625,658.5474175141561,645.138080958438,654.07763866225,2144171
2026-04-17,668.4802856445312,669.9702119869781,647.1246747361249,656.5608749049557,3319622
2026-04-20,655.5675659179688,659.540702681108,652.091071250222,659.540702681108,1663731
2026-04-21,658.5474243164062,665.0037716136259,655.0709296179033,657.0574980170478,1930122
2026-04-22,653.0843505859375,663.5138345116445,639.1783720183282,661.0306240531428,2128196
2026-04-24,634.2119750976562,651.0978068543675,624.2791328878261,651.0978068543675,3100512
2026-04-27,629.7421875,636.6951769518927,627.2589769814668,632.7220401222397,1706308
2026-04-28,613.8496704101562,629.7422185113901,612.8563861538291,629.7422185113901,1586556
2026-04-29,621.7958984375,622.7891826203075,615.3395512492511,618.8160458890775,1386975
2026-04-30,637.1918334960938,637.1918334960938,615.3395804377709,616.8295067826566,2036259
2026-05-04,636.1985473632812,647.6213159732387,635.7019052498048,640.6683263845689,2541203
2026-05-05,639.1784057617188,643.1515427050706,629.2455634033392,633.2187003466911,3237161
2026-05-06,678.9097900390625,682.8829270692838,655.5676099865125,656.0642521152902,5101224
2026-05-07,689.3392333984375,689.8358754974278,676.9231809236818,680.3996756166134,1788673
2026-05-08,683.3795166015625,691.8224321409714,679.4063798771349,687.3526533259902,1704259
2026-05-11,675.929931640625,686.8560583827953,674.4400052666928,683.3795635102866,2075272
2026-05-12,673.943359375,700.762033955877,673.943359375,680.3997069592851,3395510
2026-05-13,700.0,714.0,677.0,679.0,4226497
2026-05-14,724.0,727.0,704.5,704.5,3005288
2026-05-15,682.5,720.0,680.0,720.0,2967806
2026-05-18,664.5,684.0,664.5,683.5,2113454
2026-05-20,685.5,685.5,659.5,662.0,2005297
2026-05-21,659.0,689.5,654.0,687.0,1965479
2026-05-22,686.5,694.5,647.5,649.5,3506450
2026-05-25,679.5,695.0,674.0,687.5,1665766
2026-05-26,659.0,680.5,659.0,680.0,640106
2026-05-27,659.0,659.0,659.0,659.0,0
2026-05-28,659.0,659.0,659.0,659.0,0
2026-05-29,659.0,659.0,659.0,659.0,0
2026-06-01,664.0,673.0,657.0,659.0,2096118
2026-06-02,676.0,676.0,661.5,666.0,2724780
2026-06-03,667.0,679.0,666.0,674.0,1582173
2026-06-04,662.5,673.5,653.0,669.0,1959335
2026-06-05,662.0,673.0,656.0,660.0,1615480
2026-06-08,665.5,676.5,654.5,654.5,1962695
2026-06-09,674.0,681.0,661.0,668.0,2181395
2026-06-10,668.0,675.0,660.5,673.5,1340220
2026-06-11,666.5,673.0,659.5,668.0,1363874
2026-06-12,672.5,680.0,664.0,673.0,2571595
2026-06-15,699.0,704.5,680.0,682.5,2462141
2026-06-16,698.5,704.0,689.5,699.0,1934155
2026-06-17,681.0,706.5,669.5,701.0,1884173
2026-06-18,698.0,698.5,682.5,682.5,1709802
2026-06-19,687.0,695.0,681.0,694.0,997535
2026-06-22,684.5,689.5,679.5,687.0,935282
2026-06-23,696.5,697.0,677.5,681.5,1297337
2026-06-24,697.5,706.0,693.5,696.5,1675445
2026-06-25,694.0,712.5,691.0,700.0,1565020
2026-06-26,688.5,700.0,682.0,694.5,1425286
2026-06-29,672.0,690.5,670.0,688.0,1431983
2026-06-30,669.5,678.5,656.0,673.0,3055044
2026-07-01,659.0,671.5,652.0,667.5,2066175
2026-07-02,629.5,661.5,624.5,661.0,3711579
2026-07-03,632.5,643.0,628.5,632.5,2332368
2026-07-06,639.0,646.0,635.5,636.0,1775451
2026-07-07,648.5,654.0,634.5,638.0,2250986
2026-07-08,639.5,650.5,635.5,645.5,1942411
2026-07-09,626.0,642.0,620.5,641.5,1545684
2026-07-10,625.5,627.0,613.0,626.0,2947862
2026-07-13,626.0,631.0,617.5,623.0,1678553
2026-07-14,608.0,642.0,597.5,625.0,4989012
2026-07-16,627.0,629.0,609.0,609.0,3532270
2026-07-17,635.5,642.0,627.0,627.0,2499036
2026-07-20,649.5,656.5,633.0,635.0,2507246
2026-07-21,636.0,655.0,625.0,651.5,3473106
2026-07-22,639.0,645.0,634.5,636.5,2100323
2026-07-23,630.5,642.5,630.0,639.0,1450087
2026-07-24,623.0,636.0,619.5,628.5,1461437
2026-07-27,625.0,633.5,617.5,629.0,1542641
2026-07-28,634.0,637.0,621.5,625.0,2427010
2026-07-29,628.5,639.0,617.0,633.5,2288856
2026-07-30,623.0,633.5,611.5,626.0,2625158
2026-07-31,625.5,628.0,611.0,623.5,3813797
2026-08-03,610.5,635.5,608.0,629.0,2192609
2026-08-04,629.0,631.0,609.0,610.5,2222795
2026-08-05,631.0,632.5,618.0,627.0,1966737
2026-08-06,626.0,634.5,620.5,631.0,1430402
2026-08-07,654.5,654.5,626.0,627.5,3022232
2026-08-10,658.0,671.0,646.5,655.0,2368556
2026-08-11,630.0,659.5,628.5,659.5,2852537
2026-08-12,572.0,603.0,572.0,603.0,9738311
2026-08-13,552.0,573.5,551.0,572.0,7609525
2026-08-14,555.0,563.0,550.0,557.0,5521027
2026-08-17,562.0,565.0,554.0,556.5,3462577
2026-08-18,568.0,576.5,563.0,564.5,5111401
2026-08-19,573.0,575.5,568.0,569.0,4596385
2026-08-20,562.5,578.0,559.5,573.0,3394705
2026-08-21,573.0,576.0,562.5,564.5,3788990
2026-08-24,565.0,577.0,565.0,576.0,2526509
2026-08-25,555.5,567.5,554.0,566.0,2540221
2026-08-26,558.5,565.5,555.0,557.0,2721588
2026-08-27,563.0,565.5,559.0,560.0,2337535
2026-08-28,558.0,568.0,557.0,567.5,2407675
2026-08-31,533.5,558.5,533.5,558.5,3249481
2026-09-01,529.0,538.0,526.0,535.5,2438501
2026-09-02,525.0,531.0,515.0,527.0,2894579
2026-09-03,516.0,527.5,513.5,527.5,3255492
2026-09-04,527.0,527.5,514.5,517.0,3249041
2026-09-07,528.0,531.0,522.5,528.5,3935957
2026-09-08,539.0,539.0,522.0,528.5,3843347
2026-09-09,533.0,543.5,531.0,536.0,4188391
2026-09-10,542.0,544.0,528.5,535.0,4715276
2026-09-11,547.5,551.5,537.0,542.5,4179939
2026-09-14,538.5,549.0,538.5,544.5,2366588
2026-09-15,513.0,542.5,513.0,539.5,3919385
2026-09-16,498.0,517.0,483.5,514.0,4935428
2026-09-17,524.5,527.0,495.25,500.0,4779352
2026-09-18,525.0,530.5,516.5,522.0,2473365
2026-09-21,538.0,545.0,517.0,525.0,3910849
2026-09-22,539.0,549.5,537.5,538.0,2916582
2026-09-23,537.0,539.5,532.0,539.0,2643529
2026-09-24,528.5,543.5,528.5,538.5,2322498
2026-09-25,523.5,535.0,523.5,531.5,2733593
2026-09-28,532.0,533.5,519.0,521.5,3135486
2026-09-29,520.5,532.5,520.5,532.0,2624322
2026-09-30,504.5,522.5,504.5,521.5,4380321
2026-10-01,500.0,518.5,499.0,512.0,4220714
2026-10-02,,,,,3320133
