Date,Close,High,Low,Open,Volume
2018-05-18,9.458863258361816,9.805375950532982,9.36521079317562,9.805375950532982,11796164
2018-05-21,9.449498176574707,9.618072262780759,9.374576558957823,9.412037367766265,1580820
2018-05-22,9.561882019042969,9.599342833399076,9.486960390330756,9.486960390330756,2928356
2018-05-23,9.543149948120117,9.57124622515587,9.449498370742731,9.543149948120117,3811100
2018-05-24,9.64616870880127,9.908394399349215,9.496325457059585,9.496325457059585,3522443
2018-05-25,9.758550643920898,9.833472265924668,9.70235898084998,9.721089832919013,1268368
2018-05-28,9.83347225189209,9.861567636819364,9.78664601492251,9.83347225189209,2445136
2018-05-29,9.852203369140625,9.870933328550928,9.805377130910554,9.833472516594114,1645894
2018-05-30,9.796011924743652,9.852203590509548,9.76791653842882,9.84283816402586,1427470
2018-05-31,9.730454444885254,9.861566825854647,9.711723594383278,9.833471443237793,714339
2018-06-01,9.64616870880127,9.739820294571706,9.561881656412515,9.599342469347935,787946
2018-06-04,9.59934139251709,9.739819201982401,9.515054349583453,9.702358393249243,1303521
2018-06-05,9.41203784942627,9.627437287813818,9.402672423460851,9.54315024039741,199661
2018-06-06,8.79393482208252,9.64616901310017,8.606629858360446,9.627438159473458,1953686
2018-06-07,8.84075927734375,9.318385278970272,8.756473123941571,9.177907463497139,1314910
2018-06-08,8.943777084350586,9.271558948155086,8.728376757268853,8.840759187127782,744759
2018-06-11,8.372498512268066,8.981237782871364,7.473438637983396,8.981237782871364,9628460
2018-06-12,8.241386413574219,8.765837764732765,7.960429886028336,8.522342941120103,3643831
2018-06-13,8.335038185119629,8.822029629783941,7.782491436477551,8.185194938495595,6059313
2018-06-14,8.475516319274902,9.38394205625117,8.456785468159284,8.531707086349478,3124025
2018-06-15,8.475516319274902,8.475516319274902,8.475516319274902,8.475516319274902,0
2018-06-18,8.391228675842285,8.709645976962777,8.260115406811472,8.47551571356666,1246050
2018-06-19,8.23202133178711,8.494247018330528,8.082178082333726,8.494247018330528,1457698
2018-06-20,7.595186233520508,8.213290945078281,7.567090848993027,8.175829241526746,1931866
2018-06-21,7.56709098815918,7.735665084696647,7.417247743741958,7.679473421472096,2641000
2018-06-22,7.670107841491699,7.848047360518479,7.538995451825828,7.585821688050569,2243871
2018-06-25,7.445343017578125,8.054082305350834,7.248673538934046,7.6794733067669725,1994670
2018-06-26,7.576456069946289,7.745030158823776,7.4266123857698485,7.510899876776665,1763271
2018-06-27,7.773126125335693,7.876143135630503,7.557725785273182,7.576456637946537,2463594
2018-06-28,8.157098770141602,8.456785234626583,7.77312526423619,7.819951497595997,4468877
2018-06-29,8.166464805603027,8.260116386183759,8.08217775788504,8.22265557532423,6227142
2018-07-02,8.044716835021973,8.13836841429883,7.876142741932993,8.044716835021973,848918
2018-07-03,8.044716835021973,8.25075173844893,8.007256024683997,8.072812219491412,2146736
2018-07-04,7.979160785675049,8.072812366659178,7.885508311554734,8.044716981677558,508455
2018-07-05,8.129003524780273,8.194559716710396,7.997890247783901,7.997890247783901,1217198
2018-07-06,8.260117530822754,8.316309201466854,8.11027426662023,8.138369655374127,1193544
2018-07-09,8.0728120803833,8.297576938538084,8.007255886705527,8.222655319153157,1318436
2018-07-10,7.969794750213623,8.044716366526409,7.8105860922649235,7.960429324890495,820115
2018-07-11,7.829316139221191,7.876142373235679,7.557725053700517,7.85741241551156,1242211
2018-07-12,7.810586452484131,7.838681836613137,7.49216912190153,7.6888385970768915,1503148
2018-07-13,8.175827980041504,8.194558828927205,7.726298324417078,7.726298324417078,623437
2018-07-16,8.016622543334961,8.222656581711188,7.960430873600168,8.166465805112686,1763431
2018-07-17,8.025986671447754,8.110273725219171,7.84804803036962,8.016622137912455,667003
2018-07-18,8.044716835021973,8.119638455697926,7.932334404008043,8.044716835021973,949476
2018-07-19,7.91360330581665,8.194559821169696,7.866777071068452,8.138368160844632,781443
2018-07-20,7.932335376739502,7.988526152568981,7.904239095688484,7.922969949722496,581187
2018-07-23,8.035351753234863,8.129004229658179,7.932334743678183,7.951064703081122,1325086
2018-07-24,8.035351753234863,8.185195001003201,7.726299831428616,8.05408260577401,1298002
2018-07-25,8.110273361206055,8.372499044286139,7.904238449360743,7.951064687480524,1490436
2018-07-26,8.22265625,8.316308731401179,8.082178421034488,8.129004661735078,1840785
2018-07-27,8.316308975219727,8.363135217293173,8.185195676041333,8.288213587230171,861776
2018-07-30,8.372498512268066,8.709646690797939,8.278846935115661,8.40059478923632,1348779
2018-07-31,8.175827980041504,8.494245266010154,8.129002644099318,8.372497427661198,1130582
2018-08-01,8.147732734680176,8.250750618984236,8.06344569957178,8.175828115337625,474995
2018-08-02,7.773126125335693,8.12900428790351,7.72629988678852,8.12900428790351,868333
2018-08-03,7.670107841491699,7.791855698421557,7.604551646658764,7.76376031394118,574702
2018-08-06,7.557725429534912,7.632647050429381,7.435978018865442,7.6232825176697006,1204787
2018-08-07,7.6326470375061035,7.679473273769906,7.492169221850868,7.62328250476228,1094422
2018-08-08,7.688838958740234,7.716934344190776,7.585821949997449,7.6794735325446535,1012217
2018-08-09,7.642012596130371,7.745030496327424,7.5109002040776645,7.6045517850958575,1637740
2018-08-10,7.773126125335693,7.8480477497566845,7.164387257062976,7.548361252072718,4061542
2018-08-13,7.510900497436523,7.819952423826184,7.267404769633694,7.548361309934172,2319393
2018-08-14,7.361056804656982,7.660743751360145,7.314230565726826,7.632647472120318,1413769
2018-08-15,6.9489874839782715,7.464073884081885,6.883430838189907,7.435978497721239,3230854
2018-08-16,6.920891284942627,7.117560765336025,6.864700068625669,7.117560765336025,2013527
2018-08-17,6.96771764755249,7.061369676437316,6.686761114329916,6.874065618667665,719817
2018-08-20,6.920891284942627,7.023908738141095,6.855335089190222,6.99581290669857,355607
2018-08-21,6.920891284942627,6.920891284942627,6.920891284942627,6.920891284942627,0
2018-08-22,6.920891284942627,6.920891284942627,6.920891284942627,6.920891284942627,0
2018-08-23,6.920891284942627,6.920891284942627,6.920891284942627,6.920891284942627,0
2018-08-24,6.920891284942627,6.920891284942627,6.920891284942627,6.920891284942627,0
2018-08-27,6.789778232574463,6.9864477067606865,6.771047827726636,6.948986897065033,560728
2018-08-28,7.052004337310791,7.117560530903964,6.752317413589754,6.789778223233874,1213107
2018-08-29,6.9489874839782715,7.061369922557084,6.883430838189907,7.061369922557084,659937
2018-08-30,6.9489874839782715,6.9489874839782715,6.9489874839782715,6.9489874839782715,0
2018-08-31,6.6212053298950195,6.958352654884635,6.565014109063417,6.930257267752897,1276662
2018-09-03,6.7804131507873535,6.808508982768229,6.536917875414863,6.602474518991507,1370762
2018-09-04,6.574378967285156,6.7710484598312695,6.527552727510132,6.7710484598312695,1303807
2018-09-05,6.696126937866211,6.742952731803325,6.546283236190317,6.546283236190317,2307215
2018-09-06,6.911526203155518,6.939621587613891,6.696126320512955,6.733587130836176,710177
2018-09-07,6.939621448516846,6.9958126628753865,6.761682379764096,6.958351853303026,978419
2018-09-10,6.817873954772949,6.939621361064841,6.649299867253596,6.939621361064841,502968
2018-09-11,6.827239513397217,6.87406575203216,6.752317888835794,6.817874533611093,622465
2018-09-12,6.80850887298584,6.864700089473448,6.78041304145799,6.827239278481709,606262
2018-09-13,7.39851713180542,7.482803731154854,6.761682467660782,6.808508703518974,3201840
2018-09-14,7.548360824584961,7.623282444762903,7.239308471498831,7.426612521943684,1282653
2018-09-17,7.979160785675049,8.06344694061991,7.435978132735972,7.464073517717592,908516
2018-09-18,7.763760566711426,8.035351673893903,7.60455189424554,7.95106462457241,891810
2018-09-19,7.745030879974365,7.866777852015083,7.632647548167775,7.810587079248018,558697
2018-09-20,7.698204517364502,7.773126141945589,7.538995841845638,7.773126141945589,593292
2018-09-21,8.32567310333252,8.569167916480314,7.688838454016425,7.7169338376226815,2565906
2018-09-24,8.21329116821289,8.438056036811378,8.11963869306209,8.147734078352851,2440647
2018-09-25,8.428689956665039,8.51297699913347,8.175828829259746,8.269481297143809,1581129
2018-09-26,8.428689956665039,8.662820233239067,8.306942105670208,8.466150765191438,695339
2018-09-27,8.419323921203613,8.597263418663,8.353767734316504,8.597263418663,869049
2018-09-28,8.297576904296875,8.578533422399023,8.054082088868755,8.428690184247518,2954140
2018-10-01,8.0728120803833,8.33503774823055,8.025985844983682,8.30694236424524,1275015
2018-10-02,8.157098770141602,8.335037385145531,7.754394413637821,8.072811728721172,3152094
2018-10-03,8.278847694396973,8.353769320244673,8.044717390338851,8.241386881473122,872176
2018-10-04,8.381863594055176,8.475516060501603,8.2039249795703,8.297576552880614,1761267
2018-10-05,8.100907325744629,8.409959223702952,7.969794940632697,8.363133882240769,1166490
2018-10-08,7.969794750213623,8.007255558370016,7.773125284108531,7.960429324890495,881368
2018-10-09,8.09154224395752,8.34440246460265,7.969794399522428,7.969794399522428,3240167
2018-10-10,7.857412815093994,8.175829257685841,7.857412815093994,8.16646472491562,875788
2018-10-11,8.147732734680176,8.3256722294948,7.773124682127359,7.773124682127359,1473638
2018-10-12,8.812664031982422,8.878220227819853,8.05408238743558,8.213291057157496,3698718
2018-10-15,9.262195587158203,9.60870834634007,8.784569529987412,8.803299490765102,1725199
2018-10-16,9.36521053314209,9.45886299572794,9.187271925992263,9.280923495442039,1688849
2018-10-17,8.98123836517334,9.505689732011023,8.756473493671475,9.458864386966956,873825
2018-10-18,9.206003189086914,9.468228871150242,8.92504665459382,8.98123831874692,2495847
2018-10-19,9.31838607788086,9.449499371863288,9.046794956381449,9.140447436816935,907409
2018-10-22,9.674263954162598,9.692994806925318,9.41203826743805,9.41203826743805,1046261
2018-10-23,9.374576568603516,9.702358422730606,8.915681436943908,9.69299389037096,1595297
2018-10-24,9.262195587158203,9.646169161031724,9.177908530817914,9.486960475308127,614787
2018-10-25,9.458863258361816,9.552514830411912,9.196636713094907,9.243462945688005,958238
2018-10-26,9.187272071838379,9.561880141856461,8.990602611794863,9.561880141856461,691444
2018-10-29,9.187272071838379,9.187272071838379,9.187272071838379,9.187272071838379,0
2018-10-30,8.615995407104492,9.215369334597497,8.40996047997623,9.206003907651606,1093694
2018-10-31,8.64409065246582,8.878220963440123,8.13836921648678,8.634726118810404,2440512
2018-11-01,8.756473541259766,9.037429185595885,8.447421617981064,8.447421617981064,1268531
2018-11-02,8.719012260437012,9.028064167102213,8.70964683462627,8.943777121077856,898650
2018-11-05,9.327752113342285,9.374578356616217,8.456787025110591,8.719013630190085,1441913
2018-11-06,9.6929931640625,9.92712342509651,9.196636367612427,9.309018785732425,3594792
2018-11-07,10.030141830444336,10.08633349398291,9.458864234627098,9.692994528621469,1406269
2018-11-08,10.058237075805664,10.179984934166418,9.68362896787733,10.048871649823411,1084316
2018-11-09,10.086333274841309,10.301732711930864,9.899028329206354,10.020776186614606,980987
2018-11-12,9.964585304260254,10.114428544557434,9.627437120455436,10.067602308680524,779347
2018-11-13,9.683629035949707,10.114428809663746,9.664898183853529,10.02077633545523,640507
2018-11-14,9.280924797058105,9.861567824369667,9.065525353292163,9.739819963187795,2501391
2018-11-15,9.159175872802734,9.318384527166684,8.634724570421804,9.318384527166684,1069945
2018-11-16,9.22473430633545,9.683629486404042,8.850125285211847,9.177908067052972,1084690
2018-11-19,9.31838607788086,9.627438012927213,9.074890343257596,9.224734490581621,1788961
2018-11-20,9.402671813964844,9.412037239323181,8.915681306100911,9.271558538356494,856000
2018-11-21,9.402671813964844,9.402671813964844,9.140446155884264,9.17790696418149,570604
2018-11-22,9.6929931640625,9.6929931640625,9.243462598446444,9.327749635320458,589713
2018-11-23,9.899027824401855,9.955219483854062,9.589975930255036,9.636802164275855,794299
2018-11-26,9.496325492858887,10.095698502085138,9.290290574369246,9.983316062855216,3708905
2018-11-27,10.0114107131958,10.020776139060338,9.318385275671023,9.524420179010017,1349027
2018-11-28,10.423480987548828,10.526497997272351,9.552515992064523,10.002046629233787,2058430
2018-11-29,10.535863876342773,10.685707130793405,10.451576822430232,10.582690116642658,1116364
2018-11-30,10.489036560058594,10.601418989368176,10.254906275712928,10.451575750288734,983883
2018-12-03,10.479671478271484,10.919836677365538,10.470306945373796,10.76999343336829,1290505
2018-12-04,9.983315467834473,10.704437193000151,9.889663887292764,10.348559043414824,1400964
2018-12-05,10.479671478271484,10.64824557433648,10.002046361314305,10.24554118624174,1848065
2018-12-06,10.545228958129883,10.666976821673106,10.395385708580136,10.451576480593182,975126
2018-12-07,10.676340103149414,10.807453377700918,10.507766913738752,10.507766913738752,934868
2018-12-10,10.58268928527832,10.7980887233455,10.161254941959275,10.732532527957433,3706566
2018-12-11,10.732531547546387,10.957296391032907,10.339192624876931,10.601418275611204,1689530
2018-12-12,10.479671478271484,10.741898048402852,10.479671478271484,10.741898048402852,1824266
2018-12-13,10.30173397064209,10.582690530286857,9.973951168867147,10.339194785718973,3550934
2018-12-14,10.2455415725708,10.43284652776626,10.020776698099711,10.339194050168532,1239767
2018-12-17,10.704436302185059,10.769992492422336,10.198714951309801,10.254905716331438,1080078
2018-12-18,10.68570613861084,10.741897800380476,10.30173261144951,10.676340712793207,3095419
2018-12-19,10.554594039916992,10.929202151560888,10.498402376602312,10.704437284574551,1305479
2018-12-20,10.58268928527832,10.760627912675721,10.386019805977941,10.44221057541452,729035
2018-12-21,10.198715209960938,10.648244914079042,10.123793592607921,10.582688722179185,1104779
2018-12-24,10.2455415725708,10.479671873428908,10.179985374134121,10.301733237756682,524007
2018-12-25,10.283001899719238,10.460941420130567,10.170619467787114,10.170619467787114,377135
2018-12-26,10.264272689819336,10.395385983207246,10.254907263191004,10.283002649939757,83904
2018-12-27,10.198715209960938,10.39538467879664,10.13315812492495,10.301732210537304,336153
2018-12-28,9.917759895324707,10.339194267083702,9.870933655543432,10.254907214104655,1133773
2018-12-31,9.7772798538208,10.067601786696114,9.618072089111763,9.992680170432056,615309
2019-01-01,9.7772798538208,9.7772798538208,9.7772798538208,9.7772798538208,0
2019-01-02,10.198715209960938,10.245540550954477,9.88029788964255,10.048871082118774,933131
2019-01-03,10.179985046386719,10.367289102415656,9.889663982825915,10.226811283678002,706848
2019-01-04,10.189350128173828,10.283001706455712,10.123793934062894,10.23617636388285,414707
2019-01-07,10.226810455322266,10.311097496992215,10.048870946655457,10.217445029995357,1005968
2019-01-08,10.30173397064209,10.442211803896333,10.20808148638174,10.264273155565206,878275
2019-01-09,10.254905700683594,10.38601897409419,10.226810318215646,10.301731933554244,647862
2019-01-10,10.320464134216309,10.357924946786724,10.226811656222155,10.301733281362988,272269
2019-01-11,10.273638725280762,10.46094280326613,10.236177909683688,10.395386599255325,533686
2019-01-14,10.123794555664062,10.189350753800149,9.9833158399116,10.189350753800149,1518421
2019-01-15,10.0114107131958,10.226811042399332,10.002046180467431,10.095697759704306,385093
2019-01-16,10.039507865905762,10.15189030666778,9.98331619895663,10.030142439224866,556010
2019-01-17,9.870932579040527,10.03014124105216,9.85220262105241,10.020775815490031,352639
2019-01-18,9.636802673339844,9.973949968454505,9.636802673339844,9.927124625096265,923213
2019-01-21,9.758550643920898,9.88029850296107,9.62743735884621,9.646168210915244,486912
2019-01-22,9.880298614501953,9.908393999786496,9.73981990180685,9.73981990180685,241686
2019-01-23,9.814741134643555,9.861567370347833,9.767915792075437,9.824106560411643,131492
2019-01-24,10.254905700683594,10.273636551086296,9.767915200982713,9.814740540717258,738097
2019-01-25,10.311098098754883,10.339193483239159,10.058236958987887,10.264271862523643,450096
2019-01-28,10.170619010925293,10.37665390678057,10.151889053012706,10.283001437809226,903193
2019-01-29,10.133158683776855,10.19871577242837,9.973950014837175,10.19871577242837,286802
2019-01-30,10.02077579498291,10.142523647633015,9.99268041149016,10.1050628385973,385665
2019-01-31,10.2455415725708,10.395385715354413,9.99268131207488,10.076968363285593,1205023
2019-02-01,10.311098098754883,10.489036724670193,10.170619390061162,10.442210488438953,1208121
2019-02-04,10.489036560058594,10.592054456777827,10.395384982202021,10.414114940518873,977957
2019-02-05,10.713801383972168,10.769993045013011,10.51713191003344,10.58268899677045,1221562
2019-02-06,10.863646507263184,10.891741893779889,10.573324536136457,10.741898641509152,2244469
2019-02-07,10.732531547546387,10.8823747765374,10.704436165394597,10.816818587137856,2105523
2019-02-08,10.423480987548828,10.798089107576375,10.395385601830814,10.741898336140347,1658251
2019-02-11,10.498401641845703,10.573323258930907,10.32982755683593,10.526497024968624,586397
2019-02-12,9.917759895324707,10.479672093291288,9.880299082126935,10.470307559844024,1103469
2019-02-13,9.580611228942871,9.992681047707666,9.318385548997398,9.96458566242613,1914362
2019-02-14,9.861568450927734,9.96458635939255,9.4963257373125,9.543151085011498,4160809
2019-02-15,9.8428373336792,9.927124378649431,9.796011098347275,9.899028101568586,1225916
2019-02-18,9.543149948120117,9.899028085680952,9.505689138541932,9.899028085680952,540914
2019-02-19,9.505690574645996,9.608708486401895,9.290291110313273,9.608708486401895,582095
2019-02-20,9.627437591552734,9.749185453535695,9.402672720108594,9.458864384537732,734153
2019-02-21,9.749184608459473,9.767915459357631,9.571245990607608,9.571245990607608,199518
2019-02-22,9.664897918701172,9.767915816131525,9.599341724435428,9.692994196074629,309016
2019-02-25,9.786645889282227,9.786645889282227,9.683628883780623,9.711724268347211,628138
2019-02-26,9.796011924743652,9.805377351227339,9.72109029914661,9.739820258977756,189568
2019-02-27,9.6929931640625,9.767914776142499,9.421402096988489,9.646166933228484,956260
2019-02-28,9.955219268798828,9.983314651349943,9.571245765767847,9.692993614337492,509868
2019-03-01,9.796011924743652,10.030142228018466,9.702359446179235,9.983315988736258,312933
2019-03-04,9.7772798538208,9.899027703533925,9.73981904568877,9.870932320718932,607389
2019-03-05,9.73982048034668,9.833472961039652,9.589977225746923,9.796012147389712,693449
2019-03-06,9.983315467834473,10.058237089522311,9.71172436593201,9.71172436593201,263068
2019-03-07,9.243463516235352,10.17998465335913,9.224733557923678,10.17998465335913,1389292
2019-03-08,8.943777084350586,9.224733605565985,8.690915947315878,9.224733605565985,736779
2019-03-11,8.55980396270752,8.859490456463794,8.522343150987986,8.859490456463794,615768
2019-03-12,8.46615219116211,8.672187119328239,8.24138730214612,8.66282169233517,1044339
2019-03-13,8.475516319274902,8.50361170281219,8.400594701084708,8.48488174483271,1014483
2019-03-14,8.522343635559082,8.747108518656173,8.466151968216684,8.58789983651167,787615
2019-03-15,8.531706809997559,8.625359276269858,8.503611427370313,8.58789846838816,522009
2019-03-18,8.541072845458984,8.615994466575067,8.522342886748051,8.587899081940579,251446
2019-03-19,8.859489440917969,8.953141906049709,8.522342174088687,8.559802981514162,841082
2019-03-20,8.578534126281738,8.88758605361147,8.44742172870926,8.756473656038992,994858
2019-03-21,8.438055992126465,8.587899237065274,8.335038091378891,8.559803851923295,566233
2019-03-22,8.353768348693848,8.503611582962344,8.353768348693848,8.503611582962344,547829
2019-03-25,8.438055992126465,8.587899237065274,8.1196386500634,8.381864328706316,682736
2019-03-26,8.438055992126465,8.644090007349233,8.353768943564338,8.644090007349233,414437
2019-03-27,7.857412815093994,8.40995954652866,7.838681963281206,8.335037925549852,471770
2019-03-28,8.269481658935547,8.297577043275494,7.791855659475609,7.885508131456989,551659
2019-03-29,8.438055992126465,8.60662919611453,8.194560272532804,8.363134369657061,618917
2019-04-01,8.765837669372559,8.840759290151594,8.456785760374999,8.606629001933069,642303
2019-04-02,8.906316757202148,9.177907867368008,8.634725647036287,8.756473509267357,506534
2019-04-03,8.803297996520996,9.327750206321554,8.793933464289793,8.934411272255167,1114084
2019-04-04,8.662820816040039,8.896951108365446,8.61599457894772,8.896951108365446,1376150
2019-04-05,8.765837669372559,8.990603424845832,8.709646900356368,8.747107710745885,675508
2019-04-08,8.803297996520996,8.84075880485417,8.587898571889276,8.587898571889276,246987
2019-04-09,8.756473541259766,8.850125124993069,8.615994825955493,8.615994825955493,268904
2019-04-10,8.700281143188477,8.840758953516055,8.587898716299186,8.75647280320119,403869
2019-04-11,8.653454780578613,8.756472673553962,8.59726401453399,8.756472673553962,151724
2019-04-12,8.606629371643066,8.672186462492947,8.466151549931995,8.578533985928095,105606
2019-04-15,8.709646224975586,8.803297797119177,8.494245912086736,8.615993759695895,460338
2019-04-16,8.569168090820312,8.719012223753262,8.522342748235936,8.625359752312189,485884
2019-04-17,8.55980396270752,8.69091635715779,8.550438536493585,8.597264774427053,237054
2019-04-18,8.569168090820312,8.625359752312189,8.503611896693258,8.550438132413793,229360
2019-04-19,8.541072845458984,8.587899081940579,8.48488207619001,8.48488207619001,9324
2019-04-22,8.409958839416504,8.53170668655451,8.409958839416504,8.484881347231974,54528
2019-04-23,8.409958839416504,8.409958839416504,8.409958839416504,8.409958839416504,0
2019-04-24,8.297576904296875,8.522342654660283,8.269481520427506,8.428690184247518,447399
2019-04-25,8.428689956665039,8.503611573717837,8.297576680254577,8.344402914196609,621808
2019-04-26,8.756473541259766,8.88758593711363,8.419325339038483,8.475517003787434,531405
2019-04-29,8.578534126281738,8.756473656038992,8.550438740107097,8.756473656038992,206804
2019-04-30,8.662820816040039,8.765837823134191,8.559803808945887,8.61599457894772,1359228
2019-05-01,8.662820816040039,8.662820816040039,8.662820816040039,8.662820816040039,0
2019-05-02,8.578534126281738,8.681552030815798,8.522343353932454,8.615994938893335,981838
2019-05-03,8.522343635559082,8.615995223614744,8.475517394963125,8.541073595915714,138035
2019-05-06,8.522343635559082,8.559804449408597,8.475517394963125,8.522343635559082,113659
2019-05-07,8.400594711303711,8.569167905868639,8.297576816314773,8.297576816314773,468996
2019-05-08,8.119637489318848,8.475515591741983,8.01662049643428,8.475515591741983,588628
2019-05-09,8.007256507873535,8.316308435095301,7.885508643644321,8.13836890540021,395809
2019-05-10,7.773126125335693,8.100908008893478,7.67010822190467,8.025986384472485,454761
2019-05-13,7.379786968231201,7.726299695901343,7.1737520595956985,7.707568843690756,997543
2019-05-14,7.613917827606201,7.651378641673764,6.977083095321381,7.145657205193541,982079
2019-05-15,7.351690769195557,7.651377691071265,7.295499555075375,7.651377691071265,744234
2019-05-16,7.258039474487305,7.398517747178102,7.183117848137044,7.31423069425,354838
2019-05-17,7.0613694190979,7.2205780856840684,6.995812777983572,7.2018476805897,2400084
2019-05-20,7.164386749267578,7.17375172837238,6.986447680595585,6.986447680595585,278022
2019-05-21,6.96771764755249,7.220578348825568,6.93025683599856,7.098830487991246,962291
2019-05-22,6.99581241607666,7.089464883271758,6.883429991324213,6.958351607825844,588218
2019-05-23,7.445343017578125,7.632647070301968,6.939621628655661,7.005178270393049,870707
2019-05-24,7.379786968231201,7.585821876866704,7.286134940018743,7.445343164695874,393289
2019-05-27,7.492169380187988,7.576456428616893,7.361056541073765,7.389151926171337,311948
2019-05-28,7.801220893859863,7.829316277510354,7.538995229137622,7.632646805684637,279672
2019-05-29,8.129003524780273,8.353768376943087,7.810586204314889,7.951064013632615,1406366
2019-05-30,8.681550979614258,8.765837127932436,8.129003390646,8.129003390646,470795
2019-05-31,8.241386413574219,8.709646995105297,8.175829324827266,8.653455332341649,1185138
2019-06-03,8.241386413574219,8.353768845965336,8.194560176793875,8.22265556160761,218107
2019-06-04,8.241386413574219,8.241386413574219,8.241386413574219,8.241386413574219,0
2019-06-05,8.241386413574219,8.241386413574219,8.241386413574219,8.241386413574219,0
2019-06-06,8.241386413574219,8.241386413574219,8.241386413574219,8.241386413574219,0
2019-06-07,8.316308975219727,8.372499751198838,8.157100288051778,8.241387345156726,763709
2019-06-10,8.46615219116211,8.559804674820244,8.306943504825048,8.316308931818117,551497
2019-06-11,8.494247436523438,8.65345612018995,8.428691234944143,8.456786622315803,279068
2019-06-12,8.297576904296875,8.541072612861146,8.278846946096012,8.4755164194539,362168
2019-06-13,8.185194969177246,8.335038216362959,8.147734157380818,8.29757740456653,303521
2019-06-14,8.269481658935547,8.428690325422192,8.185194612779538,8.232020848770228,444983
2019-06-17,8.475516319274902,8.625359555655288,8.29757680622109,8.306942231778898,2643808
2019-06-18,8.756473541259766,9.065525464538466,8.43805619166687,8.52234324222219,890947
2019-06-19,8.634725570678711,8.86885586679044,8.512977709524268,8.831395055138012,658664
2019-06-20,8.522343635559082,8.737743091909731,8.475517394963125,8.681552317703584,377325
2019-06-21,8.494247436523438,8.57853449177468,8.438056661780116,8.438056661780116,216043
2019-06-24,8.475516319274902,8.662820364750386,8.419324659064188,8.541072511907286,314566
2019-06-25,8.719012260437012,9.177907407529444,8.503611932470747,8.550438168388297,797579
2019-06-26,8.690916061401367,8.840759303180262,8.550438245517698,8.812663918630761,693074
2019-06-27,8.934412002563477,9.074889822011654,8.672186322796653,8.747107945587175,377305
2019-06-28,9.028064727783203,9.168542551123958,8.850125198872949,9.168542551123958,684878
2019-07-01,9.149812698364258,9.21536889760428,8.999968553744418,9.196638044600714,480489
2019-07-02,9.16854190826416,9.16854190826416,9.102985714386497,9.112350246986052,306819
2019-07-03,9.177907943725586,9.299655806969563,9.084255466419075,9.18727337008348,714390
2019-07-04,9.065524101257324,9.271558090368753,9.046793251445699,9.093619482838687,214563
2019-07-05,9.149812698364258,9.833472756542283,8.990604020378866,9.102986458991573,470315
2019-07-08,9.149812698364258,9.290290523346085,8.896951541633495,8.906316968135277,334248
2019-07-09,8.92504596710205,9.271558672135228,8.840758923933091,9.140446287771185,825700
2019-07-10,9.22473430633545,9.477594569442871,8.644090368250676,8.644090368250676,409291
2019-07-11,9.271559715270996,9.32775138141776,9.177908129208035,9.280925141818162,250174
2019-07-12,9.112350463867188,9.318385369275838,9.03742884247062,9.2621945997965,881287
2019-07-15,9.112350463867188,9.112350463867188,9.112350463867188,9.112350463867188,0
2019-07-16,9.177907943725586,9.206003329663051,9.018699268186248,9.065525506839503,224416
2019-07-17,9.29965591430664,9.309020447636405,9.112350957531737,9.177908049657443,122465
2019-07-18,9.206003189086914,9.327751050471795,9.168542377363583,9.327751050471795,181072
2019-07-19,9.093620300292969,9.299655201061602,9.065524916186023,9.252828965459257,224368
2019-07-22,9.243463516235352,9.552515420035306,9.084254851473418,9.084254851473418,206569
2019-07-23,9.393305778503418,9.412036628003507,9.206001749182844,9.215367173932888,527672
2019-07-24,9.430767059326172,9.477593292298625,9.280923828323207,9.421402527240566,284875
2019-07-25,9.655533790588379,9.73981994683164,9.383942683219118,9.440133454047958,311749
2019-07-26,9.440133094787598,9.833472048165094,9.337116090097744,9.65553342313059,1195928
2019-07-29,9.458863258361816,9.561880255557751,9.309019135436682,9.440132408070138,151382
2019-07-30,9.580611228942871,9.589976655082115,9.393307171838961,9.430767983259743,135271
2019-07-31,9.496325492858887,9.749185757842152,9.421403866705605,9.72109037131873,292709
2019-08-01,9.83347225189209,9.955220110758525,9.412037905438238,9.412037905438238,459582
2019-08-02,9.608707427978516,9.84283772070819,9.552515764743472,9.758550672423716,281058
2019-08-05,9.82410717010498,10.05823747002056,9.646168535149075,9.646168535149075,388238
2019-08-06,10.254905700683594,10.582688437642034,9.78664515824931,9.824105965918609,1280769
2019-08-07,10.114428520202637,10.489036620043558,10.039506900234453,10.301732570123098,651341
2019-08-08,10.179985046386719,10.629515673992357,9.992680990357783,10.170619620301226,498958
2019-08-09,10.264272689819336,10.386020556578915,9.964586182802673,10.020776956300177,406561
2019-08-12,10.264272689819336,10.264272689819336,10.264272689819336,10.264272689819336,0
2019-08-13,10.264272689819336,10.264272689819336,10.264272689819336,10.264272689819336,0
2019-08-14,10.264272689819336,10.264272689819336,10.264272689819336,10.264272689819336,0
2019-08-15,10.470306396484375,10.695071250697302,10.076967455043686,10.21744526564273,962100
2019-08-16,10.563959121704102,10.676341561036075,10.376655056150813,10.489037495482787,2100712
2019-08-19,10.807455062866211,10.891742117282158,10.582690179847853,10.732533435193425,322452
2019-08-20,10.844915390014648,10.957297826480433,10.695072141393602,10.769993765704125,286006
2019-08-21,10.479671478271484,10.919836677365538,10.208080375242428,10.910471251331664,235154
2019-08-22,9.964585304260254,10.498402071102998,9.90839364258073,10.395385066682728,438569
2019-08-23,10.02077579498291,10.179984456668729,9.90839336787577,10.179984456668729,287978
2019-08-26,10.189350128173828,10.386019603642792,9.880298222884907,9.964585268533915,222358
2019-08-27,9.880298614501953,10.170619679760012,9.85220322921741,10.16125514675596,582191
2019-08-28,10.076967239379883,10.076967239379883,9.786645305716121,10.002045622912355,236338
2019-08-29,9.880298614501953,10.489037023438808,9.561881270823156,10.030141860201105,316492
2019-08-30,9.880298614501953,9.880298614501953,9.880298614501953,9.880298614501953,0
2019-09-02,10.0114107131958,10.06760237524686,9.870932897772406,9.88966374950148,184068
2019-09-03,9.664897918701172,10.114428532178708,9.65553338604618,10.114428532178708,439199
2019-09-04,10.34855842590332,10.479670809465308,9.702358360985052,9.739819169593638,783797
2019-09-05,10.198715209960938,10.629514956308853,10.030141124348585,10.38601925334348,237775
2019-09-06,10.236176490783691,10.348558921996885,10.179984828609008,10.301732685707345,193234
2019-09-09,10.320464134216309,10.432846571927557,10.236177082648815,10.339194093933406,187305
2019-09-10,10.226810455322266,10.339192879836826,10.151888838979225,10.301732071665306,190116
2019-09-11,9.945855140686035,10.283002454677753,9.833472702688795,10.273637921363484,798029
2019-09-12,9.82410717010498,10.067602896369873,9.767916398281523,9.945855033237427,263802
2019-09-13,9.992680549621582,10.161254639180607,9.749184840955468,9.927124356186917,945987
2019-09-16,10.0114107131958,10.12379403729792,9.936489092551833,10.020776139060338,131508
2019-09-17,10.06760311126709,10.06760311126709,9.927125285573672,10.020776871657207,95305
2019-09-18,10.15188980102539,10.226811424468396,10.002046554139381,10.048871898939108,224703
2019-09-19,10.367288589477539,10.414114824452017,10.142523733363415,10.179984542715768,425446
2019-09-20,10.470306396484375,10.788723719854088,10.348558543835006,10.348558543835006,912951
2019-09-23,10.208080291748047,10.816819581928069,10.142524096319498,10.601419250591698,357976
2019-09-24,10.30173397064209,10.357925639825556,10.170620671304857,10.19871695246473,363261
2019-09-25,10.367288589477539,10.423480250074142,10.208079926445999,10.423480250074142,387763
2019-09-26,10.320464134216309,10.404750292647579,10.254907042365913,10.367289480077162,145925
2019-09-27,10.44221019744873,10.535862667301423,10.301732385805837,10.395384855658529,358083
2019-09-30,10.292367935180664,10.695072343304489,10.264272548817862,10.498402852492415,794555
2019-10-01,10.076967239379883,10.367288279907527,9.786645305716121,10.348558322358704,837187
2019-10-02,10.06760311126709,10.16125559048686,10.011411445107981,10.095698497778528,350836
2019-10-03,10.273638725280762,10.357925783658251,10.06760379292871,10.133159996939515,699012
2019-10-04,10.1612548828125,10.311098124619402,10.048871558321151,10.273637314167676,417940
2019-10-07,10.114428520202637,10.236176375934976,10.048871432878355,10.208080098594786,280562
2019-10-08,10.123794555664062,10.142524515215994,9.880298829535434,10.095698276631841,191740
2019-10-09,9.805377006530762,10.105063498383801,9.702359105104131,10.020776449266085,271354
2019-10-10,9.41203784942627,9.7398197199903,9.074889659760643,9.552515666362828,728180
2019-10-11,9.430767059326172,9.56188033302182,9.383941719489826,9.533784950492791,194609
2019-10-14,8.915681838989258,9.393306950042403,8.803298514244334,9.393306950042403,754359
2019-10-15,8.906316757202148,8.971872954889568,8.775203468691101,8.850125092658498,593923
2019-10-16,8.803297996520996,8.91568131465664,8.531706912821454,8.878219613187344,646669
2019-10-17,8.850125312805176,8.97187317806472,8.662821248227504,8.840759886292235,689658
2019-10-18,9.131080627441406,9.252828476316958,9.009332778565854,9.009332778565854,964851
2019-10-21,8.84075927734375,9.187272889364992,8.803298467008503,9.187272889364992,810850
2019-10-22,8.822030067443848,8.934412507987155,8.756473867077647,8.840760027632943,659235
2019-10-23,8.906316757202148,9.009333766873265,8.859490518938474,8.934412142905868,840798
2019-10-24,8.990604400634766,9.140447658455967,8.906317344826274,8.981238973736874,1035708
2019-10-25,8.962508201599121,9.168543129548606,8.943778240768955,9.00933444337895,1016099
2019-10-28,8.756473541259766,9.009333799789516,8.709647302825008,8.943777601862582,274083
2019-10-30,8.587899208068848,8.86885573794858,8.569168355946644,8.831394926840362,1063597
2019-10-31,8.32567310333252,8.653454960435225,8.306942252170922,8.615994151248168,893174
2019-11-01,8.784568786621094,8.822029598142745,8.344403581389544,8.344403581389544,1388770
2019-11-04,8.73774242401123,8.99996810091374,8.44742136215321,8.85012485696945,552814
2019-11-05,8.784568786621094,8.981238270393813,8.719012589742254,8.747107975099443,886287
2019-11-06,8.850125312805176,8.953143218175068,8.8032990733767,8.822029926402582,604068
2019-11-07,9.08425521850586,9.149812308085822,8.681551720604734,8.803298687389969,1300897
2019-11-08,9.03742790222168,9.140445790776171,8.915680949970875,9.102984983975288,794291
2019-11-11,9.121715545654297,9.215368015434494,8.971872308514898,8.990603159725394,556308
2019-11-12,9.065524101257324,9.477592972616259,9.046793251445699,9.196636477394401,874948
2019-11-13,9.196637153625488,9.271558772108845,9.074889300305996,9.074889300305996,404741
2019-11-14,9.009333610534668,9.187273134221611,8.990603651435944,9.177907708104152,373955
2019-11-15,9.159175872802734,9.206002105227913,9.02806349377555,9.02806349377555,351358
2019-11-18,9.196637153625488,9.299655048892213,9.093620151494907,9.206002579219943,580717
2019-11-19,9.196637153625488,9.262194239650533,9.159176344383809,9.206002579219943,655642
2019-11-20,9.187272071838379,9.402671488814754,9.131080414767622,9.224732878840188,1468305
2019-11-21,9.196637153625488,9.234097962867168,9.046793916658773,9.168541769978265,545442
2019-11-22,9.393305778503418,9.449497433867622,9.206001749182844,9.234097130296915,1021691
2019-11-25,9.440133094787598,9.711724191820997,9.327750664270622,9.515054715132248,946492
2019-11-26,9.327752113342285,9.505690766019661,9.206004238084585,9.468229950027776,795537
2019-11-27,9.290290832519531,9.440134088989804,9.224734631097851,9.252830018401964,705022
2019-11-28,9.355846405029297,9.412038068996504,9.280924781830487,9.280924781830487,565155
2019-11-29,9.290290832519531,9.412038701685693,9.252830018401964,9.355847033941211,456091
2019-12-02,9.346481323242188,9.430768375730686,9.318385936791433,9.36521217630018,738699
2019-12-03,9.346481323242188,9.496325468297426,9.318385936791433,9.346481323242188,807945
2019-12-04,9.355846405029297,9.44949888059591,9.290290208014389,9.346480978845396,725927
2019-12-05,9.355846405029297,9.486959692195313,9.327751019613794,9.393307216628703,685529
2019-12-06,9.29965591430664,9.412038352489846,9.28092506137466,9.36521211329612,391824
2019-12-09,8.915681838989258,9.299655370269864,8.915681838989258,9.290289944351759,1353671
2019-12-10,8.784568786621094,9.009333655751002,8.72837712277052,8.94377745887216,1296921
2019-12-11,8.700281143188477,8.831394421127383,8.66282033422538,8.793933612164286,768260
2019-12-12,8.971874237060547,9.159178323746671,8.690917660463192,8.700283088081584,3348499
2019-12-13,8.999969482421875,9.131082787567303,8.953144131353664,8.999969482421875,713369
2019-12-16,9.36521053314209,9.393305914663415,9.074888613634812,9.074888613634812,1537903
2019-12-17,9.31838607788086,9.42140398498714,9.215369063910822,9.412038558316343,1166214
2019-12-18,9.383942604064941,9.421403415346917,9.224733932832496,9.327750940573882,706083
2019-12-19,9.70235824584961,9.824106095666794,9.402671780537226,9.430767163376231,1979673
2019-12-20,9.608707427978516,9.98331553909152,9.533785805755915,9.749185246361845,1182089
2019-12-23,9.580611228942871,9.69299455634141,9.496325073098257,9.65553374492063,416251
2019-12-24,9.636802673339844,9.73045514632867,9.589976436845431,9.618072714623784,673467
2019-12-25,9.571246147155762,9.655533191303826,9.477593677405437,9.646167765701565,197098
2019-12-26,9.589977264404297,9.805377613611915,9.496325676470061,9.599342691138595,538158
2019-12-27,9.973950386047363,10.067602862957264,9.580611412043718,9.599342264680182,1045410
2019-12-30,10.02077579498291,10.114428264140264,9.91775879341873,10.02077579498291,440677
2019-12-31,10.0114107131958,10.086333226975936,9.88966374950148,10.06760237524686,351437
2020-01-02,10.095698356628418,10.142524595583616,10.011411305136308,10.067602970509789,857602
2020-01-03,9.59934139251709,10.076967373716954,9.449498157584458,10.076967373716954,1050193
2020-01-06,9.252829551696777,9.571246902203526,9.234098699014632,9.571246902203526,764587
2020-01-07,9.41203784942627,9.599341903053741,9.299655417249786,9.299655417249786,755991
2020-01-08,9.468228340148926,9.58997619470589,9.028064050369306,9.028064050369306,779847
2020-01-09,9.83347225189209,9.870933062840518,9.664898156056076,9.664898156056076,1406599
2020-01-10,9.899027824401855,9.983314867012103,9.73045463231749,9.852202483517166,665556
2020-01-13,10.086333274841309,10.133158618113875,9.91775918102432,9.91775918102432,653094
2020-01-14,10.264272689819336,10.348559743201832,10.06760319630559,10.086334049562254,1231647
2020-01-15,10.451576232910156,10.507767896727781,10.189350552412364,10.264272175411733,1950265
2020-01-16,10.339193344116211,10.610784438839504,10.26427172440883,10.432845815318515,710621
2020-01-17,10.311098098754883,10.423480529828158,10.226811052165884,10.39538514534388,518122
2020-01-20,10.376653671264648,10.404749054063924,10.226810438820355,10.367288245952851,716361
2020-01-21,10.414114952087402,10.48903657171035,10.283001671179166,10.404749526350495,1425042
2020-01-22,10.414114952087402,10.563958191333297,10.376654142275928,10.479671145973443,1019758
2020-01-23,10.367288589477539,10.432845675696267,10.273637012664727,10.395384866343914,710921
2020-01-24,10.704436302185059,10.844914107875255,10.3860189899421,10.460940605395018,1332286
2020-01-27,10.414114952087402,10.83554928575052,10.376654142275928,10.760627666127574,1180798
2020-01-28,10.46094036102295,10.582688206573888,10.395384172317092,10.395384172317092,839106
2020-01-29,10.376653671264648,10.657610178665758,10.301732055042502,10.526496903708942,653950
2020-01-30,10.123794555664062,10.442211013136635,9.880298829535434,10.442211013136635,722188
2020-01-31,10.133158683776855,10.151889535716196,9.927124671261181,10.133158683776855,396437
2020-02-03,9.674263954162598,10.11442916958811,9.655533994536096,10.11442916958811,1419329
2020-02-04,9.70235824584961,9.767915329988782,9.646167480171595,9.711723671174651,1622932
2020-02-05,9.70235824584961,9.796010712827787,9.674262863010602,9.711723671174651,1121206
2020-02-06,9.73982048034668,9.814742107646559,9.702359666696742,9.721090520089835,1492984
2020-02-07,9.683629035949707,9.814741428078205,9.674263609901619,9.758550658062045,1143312
2020-02-10,9.31838607788086,9.730455920033496,9.084255769928394,9.730455920033496,1702229
2020-02-11,9.22473430633545,9.38394298401414,9.065525628656758,9.355846704562918,2002947
2020-02-12,9.121715545654297,9.271558782793697,9.093620161974696,9.234097973508847,1169525
2020-02-13,9.159175872802734,9.187272148139499,9.065524301088473,9.131080490602066,1000741
2020-02-14,9.159175872802734,9.262193762765346,9.131080490602066,9.177906723027244,925827
2020-02-17,9.093620300292969,9.22473358135231,9.065524916186023,9.206002729856909,995042
2020-02-18,8.92504596710205,9.10298547893344,8.906316009251245,9.10298547893344,759048
2020-02-19,8.84075927734375,8.962507134217343,8.765837656673256,8.915681791150412,893873
2020-02-20,8.522343635559082,8.859490960204718,8.447422007860052,8.859490960204718,1381511
2020-02-21,8.50361156463623,8.531706947716993,8.316307522204267,8.438055373069075,1034418
2020-02-24,8.3069429397583,8.419325376621657,8.241386741538731,8.419325376621657,843910
2020-02-25,8.241386413574219,8.484882130323063,8.22265556160761,8.335037993998727,1109885
2020-02-26,8.157098770141602,8.250751236861216,8.09154257931954,8.222654960963663,1229946
2020-02-27,7.848047733306885,8.129004270864815,7.819952347491956,8.129004270864815,931702
2020-02-28,7.7356648445129395,7.754394802915455,6.771047872107117,7.201847632998873,1290269
2020-03-02,7.96043062210083,8.203926361364852,7.876143566729724,8.044717677471935,887916
2020-03-03,8.147732734680176,8.185193539935458,7.857411717235754,8.06344569957178,1782785
2020-03-04,8.316308975219727,8.475517662387675,7.9416999317684365,8.119639473020277,2645197
2020-03-05,8.494247436523438,8.559804531238994,8.278847978113603,8.335038752856924,1770315
2020-03-06,8.175827980041504,8.438054505625118,8.05408103482858,8.438054505625118,1264091
2020-03-09,7.81995153427124,8.05408180903222,7.5670904088240425,8.05408180903222,1261216
2020-03-10,7.6232829093933105,8.12900432298564,7.529630431894791,7.885508595998462,760118
2020-03-11,7.6232829093933105,7.6232829093933105,7.6232829093933105,7.6232829093933105,0
2020-03-12,7.117560863494873,9.1123506332455,6.845969757599997,8.51297765093195,10537095
2020-03-13,7.267404556274414,7.576456473590809,6.761682709267109,7.117560864114877,4683325
2020-03-16,6.668030261993408,7.276769078829541,6.555647834857895,7.0707346290811,2260139
2020-03-17,6.190405368804932,6.892796281486383,6.087387909905913,6.836605062060041,2847874
2020-03-18,6.415169715881348,6.602474211711099,5.937544166980043,6.040561170789924,2955266
2020-03-19,6.836604595184326,7.042639052344034,6.3589785928256015,6.415169808414613,4438418
2020-03-20,7.126926422119141,7.258039264437655,6.827239478823004,6.930256935357317,4693923
2020-03-23,7.885508060455322,7.885508060455322,7.080099756016757,7.155021375672796,6491630
2020-03-24,8.241386413574219,8.335037993998727,7.922969075231297,8.035351507622414,9715368
2020-03-25,8.119637489318848,8.466150166988097,7.997889646926507,8.409958511600838,7610556
2020-03-26,8.23202133178711,8.475517058716964,7.9229694065054534,8.260116717775563,6443257
2020-03-27,8.22265625,8.37249950573288,7.932335165301607,8.232021676767369,3278024
2020-03-30,8.662820816040039,8.803298634180809,8.288212705573864,8.335038049529995,4797571
2020-03-31,8.728377342224121,8.943777683741477,8.42869084251603,8.784569007487498,5612083
2020-04-01,8.569168090820312,8.868855463550052,8.522342748235936,8.728376756388442,2802975
2020-04-02,8.803297996520996,8.878219613187344,8.587898571889276,8.662820188555624,2452107
2020-04-03,8.887584686279297,9.00933253182045,8.615993613344754,8.82202849757871,1871493
2020-04-06,8.850125312805176,9.037429377382848,8.822029926402582,8.990604031090603,2614713
2020-04-07,8.653454780578613,8.962506673232413,8.541072355353243,8.943776715596245,3309071
2020-04-08,8.50361156463623,8.700281032473823,8.456785330744209,8.644089373176172,2019776
2020-04-09,8.569168090820312,8.74710760793112,8.484881938286739,8.531707280871116,4033185
2020-04-10,8.494247436523438,8.625360732818288,8.456786622315803,8.569169064938707,1735857
2020-04-13,8.73774242401123,8.85012485696945,8.512977558094793,8.550438369080865,4846563
2020-04-14,8.765837669372559,8.915681804066798,8.690916048593524,8.803298479762075,4517708
2020-04-15,9.112350463867188,9.346480754015506,8.353768823942895,8.887585599677484,21383333
2020-04-16,9.08425521850586,9.524420420816215,8.999968169857473,9.29965555317798,15423968
2020-04-17,9.065524101257324,9.271558090368753,8.868854643915633,9.234097283881578,5638559
2020-04-20,9.196637153625488,9.318385006944979,9.065524767847684,9.102985577089363,9753530
2020-04-21,9.056159973144531,9.346481041708527,9.037429120650748,9.206003220549976,7365226
2020-04-22,9.955219268798828,9.955219268798828,9.056158988938144,9.074888946260184,47371396
2020-04-24,10.947932243347168,10.947932243347168,10.217445970214428,10.301733019640551,37687456
2020-04-27,11.25698471069336,11.790801483187051,10.901106564652173,11.472384147616719,47553077
2020-04-28,11.369367599487305,11.594132471354548,11.050950251107274,11.341271320651744,34271511
2020-04-29,10.835550308227539,11.322541774866918,10.695072481462617,11.256985574794786,46577748
2020-04-30,10.236176490783691,10.919836503947998,9.983315350701876,10.863645734909486,17271709
2020-05-04,9.93648910522461,10.46094134353742,9.87093291036157,9.992680767347334,9525285
2020-05-05,9.749184608459473,10.067601928639142,9.571245990607608,10.020775694529874,7255752
2020-05-06,9.674263954162598,9.973950453276368,9.599342329384156,9.833472630100843,7918528
2020-05-07,10.386019706726074,10.601419142734834,9.580610945318305,9.73981961242746,31640707
2020-05-08,10.170619010925293,10.854279890889384,10.114428244051394,10.80745365640371,19612641
2020-05-11,9.983315467834473,10.404749813112613,9.908393846146634,10.123794178351307,9715223
2020-05-12,10.283001899719238,10.451575994185513,9.93648917797781,9.973949988621852,15941756
2020-05-13,10.329829216003418,10.610785771767977,10.226812199248798,10.32046468221574,12050109
2020-05-14,10.142523765563965,10.395384899347249,10.048871295317678,10.301732429100962,10851167
2020-05-15,10.357924461364746,10.498402278636288,10.217445750957022,10.283001946598919,11733239
2020-05-18,10.554594039916992,10.601419384020337,10.41411532819839,10.489036950527169,9930262
2020-05-20,10.798089027404785,10.807454453619991,10.638880354291087,10.751262789464956,8798395
2020-05-21,11.01348876953125,11.219522776314996,10.835549253602561,10.863645530729926,14429027
2020-05-22,11.11650562286377,11.135236474029169,10.816819149306523,11.032218578891758,9899838
2020-05-27,11.44428825378418,11.725244766381277,11.238253358794823,11.313174976402566,38384143
2020-05-28,11.172697067260742,11.584765960436854,11.00412298257518,11.537939726564629,23200618
2020-05-29,10.901106834411621,11.163332514196641,10.882375982144595,11.163332514196641,4639624
2020-06-01,11.200793266296387,11.275714888695465,11.022854636382624,11.032219169330366,8627507
2020-06-02,11.16333293914795,11.303810763953404,11.08841131350021,11.191428325481795,6597793
2020-06-03,11.406827926635742,11.41619245938003,11.09777601767,11.210158448826983,17458157
2020-06-04,11.191428184509277,11.519210962441402,11.125871986177339,11.416193058621252,15478921
2020-06-05,10.966662406921387,11.266348881048026,10.966662406921387,11.182061836915873,6138386
2020-06-08,11.210158348083496,11.313175352434227,11.107140450596603,11.125871302189188,11694648
2020-06-09,11.66905403137207,11.931279713780375,11.19142801141908,11.322541299191332,31882332
2020-06-10,11.687783241271973,11.875088181261296,11.584766238786763,11.71587951815206,14483733
2020-06-11,12.1841402053833,12.764783203083132,11.575400930518525,11.61286174026896,47808630
2020-06-12,12.137314796447754,12.352714243897164,11.987471547241865,12.081123131427438,14773256
2020-06-15,12.1841402053833,12.39017421244262,12.034296966381557,12.081122308717486,8197001
2020-06-16,12.1841402053833,12.39017421244262,12.165409353940005,12.362078828413832,9317086
2020-06-17,12.146679878234863,12.268427738045006,12.034297444518469,12.212236074618712,8452098
2020-06-18,12.240330696105957,12.259061547124858,12.081122034989832,12.146679120419853,5672377
2020-06-19,11.875089645385742,12.333984840038976,11.84699336504156,12.296524026049655,6892216
2020-06-22,12.09048843383789,12.437001167358192,11.800167364761842,11.959376038694982,19396271
2020-06-23,12.1841402053833,12.352713402692183,12.09985316016078,12.193505631104948,11051253
2020-06-24,12.118583679199219,12.296523203599232,12.034297523212903,12.193506195302938,6402392
2020-06-25,12.053027153015137,12.212235820754495,12.024931768454124,12.099853389374273,5287412
2020-06-26,12.23096752166748,12.34334996084967,12.081123376288327,12.10921965593605,9954031
2020-06-29,12.324618339538574,12.511922393167271,12.296522954778315,12.324618339538574,9736199
2020-06-30,12.540018081665039,12.792878318894944,12.324617760264024,12.352713143703761,22119654
2020-07-01,12.202871322631836,12.643036548855315,12.174775935934749,12.624305695633097,7646714
2020-07-02,12.568113327026367,12.596208710157436,12.165408965224486,12.296522241729688,10222661
2020-07-03,12.811609268188477,12.914626270348233,12.549382710286318,12.736687649683901,18736556
2020-07-06,13.607651710510254,13.804321182692929,13.017643293962225,13.14875657312939,26959051
2020-07-07,13.204949378967285,13.70130536871239,12.989549036877305,13.673209982574122,10775906
2020-07-08,12.942723274230957,13.401619361438312,12.905262460289158,13.223679825362575,7081521
2020-07-09,12.418270111083984,13.083200133738483,12.399539260211627,13.036373899693718,5273433
2020-07-10,12.221601486206055,12.764783695091996,11.89381871840349,12.362079304900762,8051797
2020-07-13,12.783513069152832,12.970818009689696,12.362078739217184,12.362078739217184,5581437
2020-07-14,12.774147987365723,13.25177306441635,12.605573905385436,12.727321754244963,11507925
2020-07-16,12.895896911621094,13.130027203613027,12.858435207491647,12.858435207491647,5496340
2020-07-17,12.76478385925293,12.952087917633417,12.708592195170684,12.942722491430342,3493046
2020-07-20,12.802244186401367,13.036374473799876,12.764783376143052,12.774148801991673,4589359
2020-07-21,12.811609268188477,13.373521406972795,12.521287326631137,13.01764327250799,8732781
2020-07-22,12.839704513549805,13.07383479213887,12.75541747035596,12.97081779108869,4622742
2020-07-23,12.877166748046875,13.017644573498348,12.849071361583826,12.933358414109204,3958909
2020-07-24,13.251773834228516,13.345426305910422,12.708591642000247,12.79287868788673,6626932
2020-07-27,13.017642974853516,13.457808143355425,12.998913017223712,13.39225195194693,6219585
2020-07-28,12.39017391204834,13.073834789838932,12.39017391204834,13.036373980996718,4522374
2020-07-29,12.34334945678711,12.577479752139604,11.772070964519855,12.371444842151273,4576122
2020-07-30,12.577479362487793,12.708591752216146,12.24969660189457,12.333983648512037,2190781
2020-08-04,11.472383499145508,12.774148152414288,11.472383499145508,12.661765727354094,6178335
2020-08-05,11.453653335571289,11.875088571251489,11.331906370970538,11.72524532884794,5368287
2020-08-06,10.6295166015625,11.537941575859344,10.45157706295522,11.425559132435083,5579788
2020-08-07,10.798089027404785,10.910471462578654,9.796011643918975,10.208080572889825,5820396
2020-08-10,11.875089645385742,11.875089645385742,10.666977277809854,10.798089680204347,6910986
2020-08-11,11.99683666229248,12.708592077550936,11.846992523838717,12.174775292823046,12189712
2020-08-12,11.893818855285645,12.193506241425514,11.640958600097848,12.156044536663854,3253219
2020-08-13,11.753340721130371,12.305888347703622,11.631592863314555,12.034297247387164,2819411
2020-08-14,12.099853515625,12.19350598932045,11.341270979473174,11.734609939976169,5459136
2020-08-17,11.893818855285645,12.5681143576801,11.875088896041014,12.474461882048354,8159499
2020-08-18,11.687783241271973,12.006200567490446,11.622227048157397,11.912548990631931,4873349
2020-08-19,11.81889820098877,12.090489330823372,11.725246610815342,11.762707425511968,8417088
2020-08-20,11.790801048278809,11.96873966816798,11.734609388077095,11.865722666457001,2864935
2020-08-21,11.640959739685059,11.912550873840992,11.612863458363341,11.846993777226604,2713468
2020-08-24,11.56603717803955,11.781436625348787,11.472384700778708,11.640958802593738,2500290
2020-08-25,11.56603717803955,11.89381906218007,11.453653848072053,11.631593376240412,5016585
2020-08-26,11.640959739685059,11.837629243255652,11.528577293807047,11.640959739685059,2803005
2020-08-27,11.687783241271973,12.109218463111803,11.659687857528032,11.71587951815206,8087854
2020-08-28,11.612862586975098,11.837628355001778,11.53794096201161,11.800167542520034,2230684
2020-08-31,11.800166130065918,12.071757211333754,11.54730500622891,11.650322004938738,7769422
2020-09-01,11.865723609924316,12.053027670262717,11.76270660002225,12.053027670262717,5178551
2020-09-02,11.687783241271973,11.940644374375871,11.669053283154728,11.89381813937854,2461879
2020-09-03,11.53794002532959,11.753340349464983,11.500479215889019,11.678418730583841,2143544
2020-09-04,11.500478744506836,11.622226593482521,11.444287979217203,11.584765785577396,2419472
2020-09-07,11.56603717803955,11.631593376240412,11.500480086702474,11.547306325332896,2398292
2020-09-08,11.519210815429688,11.669054062925325,11.453653724798192,11.584767012924978,3577041
2020-09-09,11.519210815429688,11.659688636672795,11.50047996292463,11.50047996292463,3412725
2020-09-10,11.52857494354248,11.622226516113804,11.509844093146553,11.547304900802303,2804767
2020-09-11,11.556671142578125,11.650322721766734,11.519210332275447,11.528575758135158,3837721
2020-09-14,11.56603717803955,11.612862523533757,11.547306325332896,11.58476713760999,3091047
2020-09-15,12.071757316589355,12.081121848818363,11.58476591523612,11.59413134060125,10429997
2020-09-16,11.800166130065918,12.146678827329287,11.725244514070386,12.09048716876458,4494340
2020-09-17,11.612862586975098,11.790802116115543,11.566037241225084,11.715880491152058,4210610
2020-09-18,11.697149276733398,11.837627989049293,11.603497694992326,11.6128622279711,5993708
2020-09-21,11.350635528564453,11.800166117182984,11.26634848737747,11.73460903340638,4894032
2020-09-22,11.547306060791016,11.612862257490024,11.294445806997562,11.33190661841645,4257687
2020-09-23,11.519210815429688,11.650323210420268,11.509845389177158,11.612862398546358,2962834
2020-09-24,11.44428825378418,11.566036105680793,11.416191977329177,11.500479020421919,4547777
2020-09-25,11.463019371032715,11.575401808811128,11.444289411304425,11.519211036490033,2984660
2020-09-28,11.34127140045166,11.500480075761907,11.34127140045166,11.463019263520449,2303575
2020-09-29,11.219523429870605,11.416192915537703,11.191428044242793,11.378732103655217,4111454
2020-09-30,11.24761962890625,11.32254125214014,11.21952335034139,11.256985055094535,3164523
2020-10-01,11.697149276733398,11.762706366401959,11.247619540849392,11.322541163496727,13834324
2020-10-02,11.509844779968262,11.809531259097318,11.481749395833953,11.6877834036671,7252841
2020-10-05,11.594132423400879,11.790801908755338,11.528576225994794,11.537940759098374,14495169
2020-10-06,11.500478744506836,11.7252444850737,11.500478744506836,11.64095744400314,5281341
2020-10-07,11.44428825378418,11.54730525471079,11.388096594010307,11.54730525471079,3644121
2020-10-08,11.416192054748535,11.509844523961386,11.40682752233616,11.500479098412873,3955577
2020-10-09,11.416192054748535,11.463018289354961,11.350635862181223,11.444288331394073,8597946
2020-10-12,11.53794002532959,11.669053304939663,11.425557597007877,11.45365298080427,7875820
2020-10-13,11.481749534606934,11.603497391508645,11.425557872523001,11.472384108736916,5631306
2020-10-14,11.612862586975098,11.772071263306563,11.491115616261597,11.51921100233885,12381120
2020-10-15,11.968740463256836,12.090488324168199,11.612862306701205,11.678419396814215,33568280
2020-10-16,11.91254997253418,12.287158097117933,11.856358307278507,12.081123182028758,22040615
2020-10-19,11.91254997253418,11.978106171052282,11.856358307278507,11.978106171052282,6978736
2020-10-20,12.06239128112793,12.156042850634107,11.846990974305177,11.903182630517744,9719686
2020-10-21,12.099853515625,12.156044285333325,11.95937569821801,12.127948900479163,7115068
2020-10-22,12.034296035766602,12.324617065597847,12.015565185771768,12.156042988188682,12948270
2020-10-23,11.987470626831055,12.165409248316676,11.875088198555481,12.03429686189658,7207220
2020-10-26,11.678418159484863,12.296521931595795,11.603496544267545,11.893817579950628,15674570
2020-10-27,11.378731727600098,11.772070685934853,11.294445573502228,11.60349748460294,7217210
2020-10-28,11.172697067260742,11.463018109623517,11.153966216457402,11.388096492682406,2808691
2020-10-30,10.666975021362305,11.004122275947456,10.414113910571391,10.769992014757085,6793348
2020-11-02,10.648245811462402,10.816819911281376,10.592055040280213,10.723167435129456,5186328
2020-11-03,10.657611846923828,10.779359715626294,10.432846963074475,10.657611846923828,5103643
2020-11-04,11.228888511657715,11.453653376057533,10.779358782858077,10.788724208825448,32473549
2020-11-05,11.079045295715332,11.322541012643098,11.03221905890058,11.247619390993966,7839105
2020-11-06,11.088410377502441,11.228888190449847,11.069679526103506,11.12587118716416,6309058
2020-11-09,10.863646507263184,11.275715451007708,10.769994028025856,11.153967585253676,13843161
2020-11-10,10.676340103149414,10.901105844257152,10.666975571002682,10.863645036261882,5159112
2020-11-11,10.704436302185059,10.807453300148795,10.685705451753776,10.769992492422336,7753246
2020-11-12,10.414114952087402,10.741897707789915,10.376654142275928,10.704436897978441,7852798
2020-11-13,10.807455062866211,10.816820489609372,10.395386110665891,10.414116071015961,9248663
2020-11-16,11.060315132141113,11.163332136717743,10.919836424297163,10.957297234428317,11567863
2020-11-17,11.678418159484863,11.743974349515991,11.19142676743619,11.238253000231039,25283573
2020-11-18,11.322540283203125,11.95937491932967,11.266348624018262,11.875087877120437,12381941
2020-11-19,11.294445037841797,11.434922847811995,11.050949333633065,11.341270379074441,9038451
2020-11-20,11.303811073303223,11.406828981240313,11.228889445605112,11.331907353542203,7555939
2020-11-23,11.153966903686523,11.500479626672874,11.088410708107968,11.33190642473714,9288656
2020-11-24,11.275714874267578,11.313175685419184,11.097776244581498,11.17269786688471,5487693
2020-11-25,11.388096809387207,11.444288470223801,11.275714380850168,11.360001425536984,7690421
2020-11-26,11.25698471069336,11.416192485342354,11.238253858889847,11.378731674871501,5038992
2020-11-27,11.24761962890625,11.388097449185745,11.153967153295786,11.266349588146623,6130772
2020-11-30,11.790801048278809,11.940644284635194,11.463018298897113,11.463018298897113,27754627
2020-12-01,11.369367599487305,11.856358155199665,11.238254310996643,11.828262769500311,10678341
2020-12-02,11.294445037841797,11.463018231178808,11.26634876133885,11.3974620389442,4983386
2020-12-03,11.34127140045166,11.416193024934573,11.285080628657582,11.303810588210203,6023361
2020-12-04,11.200793266296387,11.378731896210148,11.182062414128522,11.360001937178474,5247398
2020-12-07,11.041584968566895,11.20079364482947,11.032219542166455,11.191428218429031,4674773
2020-12-08,11.079045295715332,11.31317558665291,11.050949910880954,11.050949910880954,5425315
2020-12-09,11.135237693786621,11.238254707072405,11.097776880488496,11.12587226717803,3814003
2020-12-10,10.994757652282715,11.20079254722112,10.966662268970792,11.144600887461143,5694367
2020-12-11,11.060315132141113,11.144601285084086,10.88237561416601,10.976028086061977,4293521
2020-12-14,10.994757652282715,11.163331738426512,10.98539222680003,11.11650550414922,5507383
2020-12-15,11.125871658325195,11.219523239877393,11.013489224580843,11.041584609732883,6256122
2020-12-16,10.929203033447266,11.182063305926352,10.882376792429284,11.153967918570068,6071956
2020-12-17,11.303811073303223,11.397463554493985,10.938568361559003,11.004124562510786,14810939
2020-12-18,11.43492317199707,11.4630185561604,11.256984548114442,11.331906167974092,8840083
2020-12-21,11.266348838806152,11.706514015881412,11.219522604115399,11.678418632321417,12288946
2020-12-22,11.303811073303223,11.397463554493985,11.275715686200495,11.285081112946822,5336190
2020-12-23,11.959376335144043,12.240331984921012,11.322541623625627,11.331907050121188,31691132
2020-12-24,12.137314796447754,12.371445096616007,11.669054196111246,11.996836973601287,29424401
2020-12-25,12.081123352050781,12.362079896010707,11.968740913094056,12.174775831082833,14657231
2020-12-28,12.034296035766602,12.249695451890682,12.015565185771768,12.174773838183516,9729668
2020-12-29,11.893818855285645,12.156044536663854,11.772070994218852,12.02493214254285,11646816
2020-12-30,11.846993446350098,12.015567557027127,11.800168098394268,11.921915074842943,5653366
2020-12-31,11.837628364562988,11.987471614610989,11.715880500614931,11.865723750662934,6774203
2021-01-04,12.165410041809082,12.174775468060279,11.828262734991831,11.865723546860414,8130734
2021-01-05,12.34334945678711,12.59620971133698,12.156044505996155,12.249696981391633,21723960
2021-01-06,12.212235450744629,12.502557392866075,12.184140067034859,12.446365732310388,9501027
2021-01-07,12.249696731567383,12.380810015819845,12.193505961985027,12.249696731567383,7231038
2021-01-08,13.101929664611816,13.251772894164244,12.343348091718623,12.362078048844626,35307250
2021-01-11,13.326695442199707,13.46717414959481,12.849070337837611,13.120661433704749,23226148
2021-01-12,13.158123016357422,13.457809514046621,13.045740579723972,13.392253315961161,11586234
2021-01-13,13.204949378967285,13.382888015357945,13.064470662003501,13.204949378967285,15656171
2021-01-14,12.961453437805176,13.354792409823949,12.605575277734085,13.251774507115666,9735254
2021-01-15,12.605575561523438,12.91462749033356,12.511923082977727,12.905262063851744,7578953
2021-01-18,12.820974349975586,12.92399224968538,12.315252956833541,12.624304869690558,8784960
2021-01-19,13.04573917388916,13.233043214760652,12.746051815358653,12.92399132403866,12425505
2021-01-20,13.51400089263916,13.757495720285123,13.04574030335172,13.176852696745037,16898021
2021-01-21,13.27987003326416,13.776225986722999,13.176852136394631,13.5982873633406,17583286
2021-01-22,13.139391899108887,13.364157660986114,12.99891407942979,13.279870611924178,7788864
2021-01-25,13.364156723022461,13.532729916178823,13.101930168092771,13.214312594575723,11256860
2021-01-26,13.326695442199707,13.720034393888136,13.214313012165322,13.317330909548962,13512832
2021-01-27,12.820974349975586,13.448443601688,12.81160981711339,13.364157447111143,10961480
2021-01-28,12.95208740234375,12.95208740234375,12.212235731323155,12.577479300486296,9622033
2021-01-29,12.418270111083984,12.867799814387016,12.418270111083984,12.774148239433616,8589253
2021-02-01,12.708592414855957,12.830340278191901,12.502558393643945,12.502558393643945,5385413
2021-02-02,12.802244186401367,12.942722001586006,12.540018514593163,12.774148801991673,4576076
2021-02-03,12.877166748046875,12.92399298757611,12.596210204007697,12.849071361583826,6609256
2021-02-04,12.980182647705078,13.251773741927533,12.867800218351253,12.905261028135861,10129419
2021-02-05,13.560826301574707,13.67320962949821,13.055104898463743,13.073835750829726,15374069
2021-02-08,13.19558334350586,13.841782553678305,13.04574010016942,13.729400121175974,13627847
2021-02-09,12.8865327835083,13.270506358146744,12.72732409746754,13.186219301638543,9000661
2021-02-10,12.708592414855957,13.06447057849882,12.671131602532299,12.933358181934125,6548222
2021-02-11,12.053027153015137,12.689861823972574,11.996836383893111,12.689861823972574,18908153
2021-02-12,12.006199836730957,12.146678533172688,11.781434994187496,12.024930686844291,9239578
2021-02-15,12.024931907653809,12.212235962122397,11.98747109676009,12.034297333661284,7654849
2021-02-16,12.006199836730957,12.24969552938775,11.846991183311983,12.127947683059354,9319942
2021-02-17,12.202871322631836,12.371445429086837,11.921914776252247,12.081123456096138,12728996
2021-02-18,12.099853515625,12.315252954733879,12.09048808962822,12.259062185025554,7022990
2021-02-19,12.146679878234863,12.24969688585751,12.034297444518469,12.137314452141116,4618645
2021-02-22,12.099853515625,12.287157569879716,11.968740231078609,12.184140563323668,5338578
2021-02-23,11.612862586975098,12.137314854855726,11.612862586975098,12.127949428451235,6113872
2021-02-24,11.24761962890625,11.715880220686165,11.210158817289305,11.556671548030097,6075752
2021-02-25,10.966662406921387,11.416192118111345,10.919836172055064,11.360001350780673,5316503
2021-02-26,10.58268928527832,10.844914959966767,10.563958433375342,10.723167102005943,8537255
2021-03-01,10.798089027404785,10.873010650854031,10.648245780506294,10.685706592230916,9459592
2021-03-02,10.957298278808594,11.24762025484881,10.74189882330799,10.844915837703551,12706021
2021-03-03,11.153966903686523,11.369367235515767,10.976028275772086,11.013489086550713,10195327
2021-03-04,11.24761962890625,11.331906678328426,11.088410956250183,11.144601727107501,5321579
2021-03-05,11.388096809387207,11.537940047436594,11.19142733616335,11.23825357133782,6960583
2021-03-08,11.135237693786621,11.603498306581304,11.097776880488496,11.603498306581304,6693766
2021-03-09,11.547306060791016,11.547306060791016,11.1820624796047,11.19142790574347,6835755
2021-03-10,11.453653335571289,11.669053666378522,11.406827992172312,11.55667123457586,6482398
2021-03-11,11.809531211853027,11.884452831335565,11.444288540159691,11.603497204844125,11624335
2021-03-12,11.772069931030273,12.30588756490184,11.75333997347723,12.156043438796901,16755370
2021-03-15,11.921914100646973,12.156044393839283,11.5754013738987,11.734610044720364,13893169
2021-03-16,12.006199836730957,12.13731310811602,11.762705037210255,11.96873902964038,7429126
2021-03-17,11.940645217895508,12.156044663709027,11.772071117251043,11.98747145620077,6034387
2021-03-18,12.558749198913574,13.045740653550652,11.846992869737639,11.893819108550623,38843985
2021-03-19,12.820974349975586,12.914626823687001,12.343349234828674,12.455731667400665,23823551
2021-03-22,11.547306060791016,12.315253141446345,11.547306060791016,12.081122846794237,5663714
2021-03-23,11.294445037841797,11.575400657782192,10.39538473187859,10.769992820556537,15113451
2021-03-24,11.556671142578125,11.809531388837156,11.360001665205026,11.369367091064737,10627475
2021-03-25,11.285080909729004,11.80016776073019,11.247620096554531,11.519211215353522,11575767
2021-03-26,11.079045295715332,11.472384255941359,10.85428043076794,11.360001823467663,8511567
2021-03-29,11.43492317199707,11.481749407693393,11.079045031095653,11.097775882628644,9608721
2021-03-30,11.182062149047852,11.575401103886657,11.09777599569911,11.509844909125578,10530513
2021-03-31,10.994757652282715,11.331905824570311,10.882375225898894,11.191427121738435,8784694
2021-04-01,11.369367599487305,11.444289223443052,11.02285486540792,11.050950251107274,10934290
2021-04-02,11.7814359664917,11.81889677667386,11.397462438840508,11.416192397363504,18065744
2021-04-05,11.828262329101562,11.940644760850878,11.575401187813474,11.837627755031383,43018335
2021-04-06,11.640959739685059,12.109220377411585,11.640959739685059,11.846993777226604,13447001
2021-04-07,11.893818855285645,12.00620129016202,11.659688559342477,11.659688559342477,16449159
2021-04-08,12.371444702148438,12.371444702148438,11.940644927849593,11.940644927849593,17508957
2021-04-09,12.1841402053833,12.586843686916446,11.790801256435646,12.37144425413548,21135478
2021-04-12,12.746051788330078,12.970817530035362,12.259061283096882,12.268426708404625,24048762
2021-04-13,12.446366310119629,12.9520877060538,12.24033140269869,12.849070698911424,15209306
2021-04-14,12.212235450744629,12.483826541635466,12.193505492650162,12.446365732310388,7915680
2021-04-15,12.174776077270508,12.43700177347203,11.987472008555134,12.315253905522974,11068641
2021-04-16,12.399539947509766,12.474461568879793,12.099853462029659,12.174775083399684,8049118
2021-04-19,12.09048843383789,12.474461979275624,12.053027621920458,12.45573201988501,8663924
2021-04-20,11.76270580291748,12.212235517267068,11.678418758192896,12.09048766301335,4943712
2021-04-21,11.322540283203125,11.97810487696721,11.050949198937884,11.781435409524372,8483239
2021-04-22,11.509844779968262,11.566036441373038,11.050949635517854,11.097775871165808,5047233
2021-04-26,11.500478744506836,11.800166100883951,11.46301793660171,11.54730497767227,6207595
2021-04-27,11.631593704223633,11.940645637508242,11.631593704223633,11.88445397094002,13395004
2021-04-28,11.360001564025879,11.65032261800181,11.32254075405685,11.631592659585376,4978502
2021-04-29,11.388096809387207,11.566036324422967,11.331906041686763,11.425557618899555,4333267
2021-04-30,11.33190631866455,11.444288749948475,11.256984697808601,11.313175466882479,5562292
2021-05-03,11.52857494354248,11.594131133656017,11.322540054867801,11.341270012127623,6353835
2021-05-04,11.425558090209961,11.640958423643447,11.369367320191616,11.463018901267587,6372986
2021-05-05,11.44428825378418,11.491114488073052,11.360001210691436,11.47238363710305,3828625
2021-05-06,11.697149276733398,11.715880128963327,11.434923597467728,11.509845220115063,6877856
2021-05-07,11.406827926635742,11.706514409721027,11.397462500755285,11.697148983840568,6787478
2021-05-10,11.406827926635742,11.500479506031809,11.37873164899437,11.444288737021402,5359356
2021-05-11,11.210158348083496,11.397462398328534,11.172697538034488,11.322540778230518,5688199
2021-05-12,11.191428184509277,11.313176047937318,11.191428184509277,11.238254423233327,1829426
2021-05-17,11.25698471069336,11.275714669360699,11.135236853379045,11.21015847432075,3038692
2021-05-18,11.210158348083496,11.350636162483234,11.210158348083496,11.256984583928796,5123168
2021-05-20,11.135237693786621,11.19142846716569,11.05095064058178,11.182063040557098,4117107
2021-05-21,11.125871658325195,11.256984944261701,11.10714080613304,11.153967043477236,4933440
2021-05-24,11.032217979431152,11.17269667612999,10.994757172272015,11.144600400908566,3584676
2021-05-25,10.6295166015625,11.0884118021623,10.6295166015625,11.060316414590302,6553358
2021-05-26,10.69507122039795,10.798088221669657,10.554593410196881,10.704436645914324,3884492
2021-05-27,10.741897583007812,10.826184627388555,10.601418877994524,10.760627541127896,5736702
2021-05-28,10.638879776000977,10.760627630772287,10.545228198348074,10.751262205066151,4157811
2021-05-31,10.423480987548828,10.620150473847342,10.376654749261332,10.620150473847342,4535477
2021-06-01,10.357924461364746,10.51713223747561,10.264271987759598,10.479671426660786,4393886
2021-06-02,10.2455415725708,10.339194050168532,10.226811612932986,10.273637851731852,4664547
2021-06-03,10.189350128173828,10.357924219471842,10.039506888413886,10.301732557993784,5631582
2021-06-04,10.226810455322266,10.348558305163735,10.198715072477656,10.208079604668447,3943827
2021-06-07,10.329829216003418,10.470307940453832,10.226812199248798,10.226812199248798,4813783
2021-06-08,10.283001899719238,10.37665437289743,10.264271940965305,10.348558988198443,2933433
2021-06-09,10.208080291748047,10.311098191005685,10.189350332969681,10.292367339091141,2865715
2021-06-10,10.254905700683594,10.311097358755594,10.189349510546348,10.226810318215646,4006696
2021-06-11,10.254905700683594,10.348558166424892,10.226810318215646,10.273636551086296,3858587
2021-06-14,10.2455415725708,10.28300238498265,10.179985374134121,10.28300238498265,2018055
2021-06-15,10.320464134216309,10.339194093933406,10.208080803368837,10.236177082648815,5670161
2021-06-16,10.732531547546387,10.863644819481571,10.320462667821102,10.320462667821102,15663189
2021-06-17,10.863646507263184,11.0228551860849,10.601419922653161,10.601419922653161,12906583
2021-06-18,10.835550308227539,10.929202788161648,10.620150854769827,10.863646588089516,5219535
2021-06-21,10.704436302185059,10.82618415058008,10.62951468673214,10.788723342853618,3091768
2021-06-22,10.816819190979004,10.957297002716128,10.620149718665344,10.64824510238554,5396496
2021-06-23,10.788723945617676,10.957297143236845,10.788723945617676,10.863645565256451,3625564
2021-06-24,10.798089027404785,10.873010650854031,10.67634116601571,10.816819879835197,3186364
2021-06-25,10.863646507263184,11.069680532567329,10.81682026764452,10.873011040677929,6418467
2021-06-28,10.807455062866211,10.966663744954943,10.713802581707101,10.807455062866211,5889462
2021-06-29,10.947932243347168,10.947932243347168,10.704437414393722,10.83554980849107,4833317
2021-06-30,10.994757652282715,11.238253356015727,10.910470609210815,10.929201460176184,6994429
2021-07-01,10.937960624694824,11.061071976164865,10.758028302108345,10.985311283435408,3930661
2021-07-02,10.871670722961426,11.061073381996309,10.871670722961426,10.909551977279452,3359852
2021-07-05,10.900080680847168,11.004251411412302,10.82431998532003,10.871669742670443,2277297
2021-07-06,11.089482307434082,11.108422029554822,10.871669632643881,10.900080570533072,3374695
2021-07-07,10.937960624694824,11.127362356518463,10.852729619589512,11.061071976164865,3945991
2021-07-08,10.805379867553711,10.994781615270494,10.795909554383178,10.947431855695378,2776154
2021-07-09,10.776969909667969,10.89061095912567,10.739089559848734,10.814850259487201,1969225
2021-07-12,10.56862735748291,10.8053797656815,10.502336972191708,10.795909452600254,2356640
2021-07-13,10.55915641784668,10.691738083700768,10.521276070908185,10.587567355404584,1734348
2021-07-14,10.653857231140137,10.682267264211017,10.55915591671898,10.56862622878883,1706940
2021-07-16,10.69173812866211,10.739088788319027,10.568626774809609,10.653857781564318,2198227
2021-07-19,11.032661437988281,11.061072376143215,10.682267995659332,10.748559281548781,3325859
2021-07-26,11.051602363586426,11.108422435162067,10.805379645055302,11.06107267656195,3365044
2021-07-27,10.881139755249023,11.117892148025401,10.86220003345904,11.023191732798074,2628512
2021-07-28,10.937960624694824,10.975840971059553,10.852729619589512,10.881139653578384,3075403
2021-07-29,10.900080680847168,11.013721724137877,10.843259707632448,10.975841376374307,4084905
2021-07-30,10.824319839477539,10.919020256041144,10.814849526879563,10.890610221385934,2237147
2021-08-02,10.881139755249023,10.909550692642057,10.84325940853035,10.852729720994695,1707580
2021-08-03,10.937960624694824,10.994780692672567,10.881139653578384,10.89060996595424,2632832
2021-08-04,11.023192405700684,11.08948279072033,10.956901117542277,10.975841743627182,3417006
2021-08-05,11.06107234954834,11.06107234954834,10.956900716174843,11.023192001904903,2081052
2021-08-06,11.37358570098877,11.449346397991528,11.08001232274902,11.089482635659051,5582137
2021-08-09,11.316764831542969,11.392525529247822,11.288354795688337,11.364115493393191,1531206
2021-08-10,11.506166458129883,11.591397467960864,11.316764715804787,11.326235028705728,3003446
2021-08-11,11.496697425842285,11.562987812047915,11.354645437080366,11.553517498836031,2150765
2021-08-12,11.506166458129883,11.667158164890902,11.487226735466747,11.572457745297728,2920945
2021-08-13,11.6198091506958,11.638748874571673,11.354645791323149,11.553517859283236,3902762
2021-08-16,11.562987327575684,11.695568997570742,11.515636666638967,11.648218336634026,2081836
2021-08-17,11.648218154907227,11.68609850243787,11.562987147178594,11.648218154907227,2418327
2021-08-18,11.648218154907227,11.799739545029803,11.610337807376581,11.68609850243787,2864752
2021-08-19,11.714509010314941,11.742919046325397,11.383056181822932,11.714509010314941,4494366
2021-08-20,11.771329879760742,11.79026960255137,11.610338171916032,11.714508905111359,2077750
2021-08-23,11.78079891204834,11.875500232382842,11.78079891204834,11.856560510199177,1957369
2021-08-24,11.761858940124512,11.866029667769624,11.742918315204289,11.809209599286365,2187723
2021-08-25,11.714509010314941,11.809210334534809,11.544046987974687,11.79026970843533,1839636
2021-08-26,11.525107383728027,11.752389480430306,11.506166757433451,11.742919167283018,2235916
2021-08-27,11.73344898223877,11.771329329187019,11.562986969402292,11.562986969402292,2254437
2021-08-31,11.695568084716797,11.856559777452784,11.676627460564955,11.742917838819066,1741053
2021-09-01,11.91338062286377,11.922850935559127,11.714508571954903,11.714508571954903,3540498
2021-09-02,11.818679809570312,11.941791170479016,11.771330050338229,11.903910821210088,1575031
2021-09-03,11.83761978149414,11.913380475844606,11.705038114811469,11.856560406651115,1657935
2021-09-06,11.884970664978027,11.96073136075466,11.83762000433295,11.847090317089712,1594126
2021-09-07,11.884970664978027,11.922851012866344,11.799739656444633,11.913380700109581,1144901
2021-09-08,11.591398239135742,11.847091285639921,11.534578164227351,11.83762097210892,1633423
2021-09-09,11.761858940124512,11.761858940124512,11.506165922533729,11.572457206615805,1854048
2021-09-10,11.638747215270996,11.847089567035688,11.572456836448053,11.809209221545624,1115702
2021-09-13,11.60086727142334,11.648217930709952,11.51563626533518,11.619807896393468,1301793
2021-09-14,11.695568084716797,11.714507805729971,11.53457639198081,11.610337082310844,2399776
2021-09-15,11.742918968200684,11.866030327611956,11.629277921776145,11.667158270584325,2191772
2021-09-16,11.723978996276855,11.761859344280223,11.430405621896695,11.67662833548796,5649155
2021-09-17,11.714509010314941,11.73344963641442,11.52510726501397,11.72397932336468,3347527
2021-09-20,11.667157173156738,11.69556810944457,11.401994756440995,11.619807418954357,3124483
2021-09-21,11.884970664978027,11.998611708642976,11.676628300022923,11.676628300022923,4559768
2021-09-22,11.932320594787598,12.027021007138773,11.780798309376097,11.894440249219391,1853260
2021-09-23,11.809209823608398,12.112252602978783,11.790269198328389,11.960731213293592,3113144
2021-09-24,11.430405616760254,11.761859338994839,11.12736283286948,11.761859338994839,5949922
2021-09-27,11.023192405700684,11.439876245042234,10.96637143058473,11.439876245042234,3442442
2021-09-28,11.212593078613281,11.212593078613281,10.98531100616161,11.061071696978832,3300322
2021-09-29,11.089482307434082,11.373585364354957,11.06107227268361,11.21259366220442,2379683
2021-09-30,11.174713134765625,11.212593481535459,10.909550707376784,11.11789216304152,3281222
2021-10-01,11.146302223205566,11.222062910782507,11.07054063248999,11.17471225526226,1000680
2021-10-04,10.985311508178711,11.15577261873802,10.985311508178711,11.146303209307131,1180304
2021-10-05,10.767498970031738,11.032661403340613,10.729618622416185,11.02319199379077,1459302
2021-10-06,10.398164749145508,10.758028497723227,10.398164749145508,10.682267803616204,2205084
2021-10-07,10.42657470703125,10.54021573751323,10.398163772056783,10.483394770702926,2147494
2021-10-08,10.360284805297852,10.473926754019866,10.350815395519975,10.46445644110324,2287899
2021-10-11,10.369754791259766,10.48339583325997,10.350815069162426,10.388695416495827,3166014
2021-10-12,10.284523963928223,10.426575946268068,10.284523963928223,10.37922528548812,2193684
2021-10-13,10.133002281188965,10.369754675156644,10.133002281188965,10.312934606362079,2298619
2021-10-14,10.01936149597168,10.21823354810165,10.009891183218173,10.142472852351064,2476587
2021-10-15,10.161412239074707,10.161412239074707,10.038301789900553,10.066711824083919,2613440
2021-10-18,10.07618236541748,10.189823407871144,10.038302017932926,10.161412469903686,2548114
2021-10-19,10.417105674743652,10.521276406361142,10.095122263931195,10.095122263931195,4442532
2021-10-20,10.322404861450195,10.473927164640253,10.303465138013179,10.417106188051633,2295577
2021-10-21,10.587567329406738,10.597036738764077,10.303464276496285,10.350814935837812,5178320
2021-10-22,10.511807441711426,10.63491790104473,10.492866815267053,10.587568141211356,3380467
2021-10-25,10.502336502075195,10.597036919232295,10.483395876760541,10.511806814732523,2693218
2021-10-26,10.502336502075195,10.578097197056364,10.502336502075195,10.549687162223107,3152759
2021-10-27,10.511807441711426,10.606507864516951,10.47392709196146,10.521276851794834,5364747
2021-10-28,10.511807441711426,10.540217478239205,10.492866815267053,10.521276851794834,1113051
2021-11-01,10.360284805297852,10.445515815269987,10.170883062659076,10.227704037020084,5378506
2021-11-02,10.55915641784668,10.578097042885283,10.360284370634902,10.388695308192807,5595483
2021-11-03,10.615978240966797,10.682268627639361,10.369755514556154,10.55915726443404,5919733
2021-11-04,11.032661437988281,11.032661437988281,10.67279858607975,10.701208621095954,5994008
2021-11-05,11.013721466064453,11.0800118473127,10.69173806604946,11.0800118473127,4757031
2021-11-08,11.023192405700684,11.070542164635427,10.90008104556508,10.994781466573325,3480645
2021-11-09,10.994781494140625,11.108422541518708,10.956901145014598,11.108422541518708,3046865
2021-11-10,12.027021408081055,12.093312692389363,11.013721452997377,11.051601799828392,36234280
2021-11-11,12.405826568603516,12.84145103643747,11.723979379137594,11.875500776099186,29319585
2021-11-12,13.08767318725586,13.371776265342234,12.311125556540054,12.415296293811583,22662621
2021-11-15,12.945621490478516,13.55170796832723,12.311124977099956,13.116083509935068,31086285
2021-11-16,12.926680564880371,13.277074908556022,12.75621945251621,12.945621190220125,15579981
2021-11-17,13.135022163391113,13.371774547525355,12.926679812474152,12.964560157810084,12494888
2021-11-18,13.182374000549316,13.447536441630486,12.831980549050224,13.135023338857275,13801422
2021-11-19,13.409655570983887,13.523296612738479,13.21078352212867,13.343365189078387,12435324
2021-11-22,13.400184631347656,13.60852698305141,13.229723528261562,13.50435625876887,7969146
2021-11-23,13.116083145141602,13.457006271433974,12.765688803084375,13.42859623669429,11437483
2021-11-24,13.826340675354004,14.034682139416141,13.191844164031261,13.305485208921175,17264497
2021-11-25,13.636938095092773,14.091503179936531,13.494887014094644,14.03468220565403,8753823
2021-11-26,13.67481803894043,13.958921095669035,13.333894912749335,13.627468282101262,9282538
2021-11-29,13.816869735717773,13.96839112203083,13.646407724546233,13.816869735717773,5730307
2021-11-30,13.428595542907715,14.082031726993081,13.371774573225274,14.082031726993081,7142034
2021-12-01,13.655878067016602,13.712698135439645,13.428595987047025,13.542237027031813,5453727
2021-12-02,13.636938095092773,13.712698792043609,13.523297049666521,13.703229382278815,3476682
2021-12-03,13.968391418457031,13.968391418457031,13.62746829201785,13.646408014139556,4618478
2021-12-06,14.205143928527832,14.261964901622983,13.845280173961813,14.091502885476256,5489042
2021-12-07,14.48924732208252,14.61235868068068,14.21461456925239,14.48924732208252,8402784
2021-12-08,14.432426452636719,14.716529520457186,14.318785406136282,14.536598089282851,5454483
2021-12-09,14.23355484008789,14.508187603493967,14.07256312673204,14.432426903460483,3915896
2021-12-10,14.659708023071289,14.669178335726764,14.148322880479006,14.23355388810084,7708189
2021-12-13,15.407846450805664,15.530956902647699,14.678648633567038,14.678648633567038,9948887
2021-12-14,15.720359802246094,16.16545366627931,15.275264131935401,15.455196462620096,9756927
2021-12-15,15.502548217773438,16.05181372312445,15.360495330268135,15.81506131898561,5585920
2021-12-16,15.909760475158691,16.01393210862841,15.512016372965851,15.512016372965851,6856047
2021-12-17,14.318785667419434,16.534787469322737,14.318785667419434,15.95711281642509,7455016
2021-12-20,12.888799667358398,14.48924631472556,12.888799667358398,13.371774755248277,15711171
2021-12-21,11.742918968200684,13.457006783833002,11.648218547749613,13.258134726805372,12772432
2021-12-22,11.37358570098877,11.932321518738174,11.155773019751779,11.74291887309253,12324974
2021-12-23,11.212593078613281,11.86602926269651,10.937960348616174,11.742917914333852,5845636
2021-12-24,12.330065727233887,12.330065727233887,11.25994474467046,11.487226837478952,11402074
2021-12-27,12.680458068847656,13.172902560136622,12.443705683789448,12.453175092806381,8959145
2021-12-28,12.424765586853027,12.784629335792728,12.055431525355743,12.689928016494333,3436771
2021-12-29,12.434236526489258,12.64257889756954,12.093313385471417,12.424766213454072,4583367
2021-12-30,12.055431365966797,12.576286808944134,12.055431365966797,12.500526115762561,3070997
2021-12-31,12.036492347717285,12.197484055922011,11.875500639512557,12.140663081145561,2639214
2022-01-03,12.462646484375,12.491056520163802,11.894441252905189,12.036492334987953,5474869
2022-01-04,12.670989036560059,12.756220048292196,12.349005615855887,12.500527013095788,6553302
2022-01-05,13.030852317810059,13.125552735963568,12.784629604961212,12.784629604961212,9069863
2022-01-06,13.523296356201172,13.665348333053721,12.945620845789172,12.945620845789172,8173337
2022-01-07,13.542238235473633,13.589588898810641,13.229725121843677,13.523297608883315,7207907
2022-01-10,13.457005500793457,13.79792860756223,13.457005500793457,13.74110854133677,4890402
2022-01-11,13.62746810913086,13.892630537247173,13.34336505600831,13.580117449753983,9399543
2022-01-12,14.205143928527832,14.271434311189902,13.636937810131228,13.731639130910237,10020436
2022-01-13,13.816869735717773,14.14832254249291,13.731638730132003,14.119912508343887,5802436
2022-01-14,13.523296356201172,13.845279753300508,13.513826946921963,13.826340031603388,3079903
2022-01-17,14.072563171386719,14.26196582521022,13.646409006561413,13.968392434294822,10568589
2022-01-18,13.352835655212402,14.233553964722033,13.352835655212402,13.96839153091237,4543993
2022-01-19,13.873690605163574,13.873690605163574,13.352836035419937,13.684288861335093,5561619
2022-01-20,13.939981460571289,14.224084519073202,13.760049132159963,13.873690174932984,7932835
2022-01-21,13.845279693603516,13.864220318357669,13.438065292776187,13.854750005980591,4942013
2022-01-24,13.466476440429688,14.091502616868674,13.390715746506096,13.845279910047646,4460574
2022-01-25,13.532767295837402,13.62746861812833,13.15396381295118,13.49488694754878,3437024
2022-01-26,13.62746810913086,13.826340156002772,13.55170741538334,13.636937518495268,2253324
2022-01-27,13.958921432495117,13.968391745346956,13.258134537956433,13.258134537956433,3546605
2022-01-28,13.807400703430176,14.09150378067689,13.617998952978628,13.958922103791414,2196460
2022-01-31,13.73163890838623,13.968391303358407,13.655878214246233,13.892630609218408,3633254
2022-02-01,13.797929763793945,14.100973453899154,13.722169067052329,13.84528042504214,3336140
2022-02-02,13.684288024902344,13.949450450054542,13.551707263895596,13.854750035498107,2862629
2022-02-03,13.343365669250488,13.797929852626725,13.343365669250488,13.703229432659384,1690673
2022-02-04,13.466476440429688,13.504356787391483,13.144493039685068,13.475945849816103,1718208
2022-02-07,13.570648193359375,13.636938579762694,13.390716757490893,13.466477457134335,2247973
2022-02-08,13.475946426391602,13.665349072442984,13.135023289148863,13.60852809799982,3427213
2022-02-09,13.371774673461914,13.63693709331076,13.371774673461914,13.504356334955677,3438430
2022-02-10,13.352835655212402,13.655878436709159,13.333895029799491,13.428596350586592,3257296
2022-02-11,13.352835655212402,13.400185412467224,13.040322561009189,13.305484994818851,2968721
2022-02-14,13.26760482788086,13.352835837122635,12.898270755546076,13.258134515045386,3616806
2022-02-15,13.44753646850586,13.77899019787381,13.277075350468097,13.277075350468097,6218576
2022-02-16,13.220253944396973,13.513827315385758,13.1823735968312,13.494886690033509,3989174
2022-02-17,12.784629821777344,13.296014978522887,12.784629821777344,13.239194004156161,3848657
2022-02-18,12.500526428222656,13.030852196888258,12.301654377865397,12.974031224012444,10488968
2022-02-21,12.3395357131958,12.652048831182965,12.273245325483007,12.59522875689737,5370224
2022-02-22,11.922850608825684,12.17854272262226,11.922850608825684,12.169073313325129,4502677
2022-02-23,11.894440650939941,12.093312697674357,11.837619679099234,12.02702141333708,4525529
2022-02-24,10.710679054260254,11.127362884025704,10.710679054260254,10.74855940242075,4344264
2022-02-25,11.032661437988281,11.155772793910138,10.568626952455787,10.833789386597394,10832402
2022-02-28,10.701208114624023,10.94743081481439,10.60650679820044,10.9284901902742,7997269
2022-03-01,10.767498970031738,10.966371020798077,10.739088935104755,10.843259665262845,5084053
2022-03-02,10.74855899810791,11.013721425257149,10.729618373170753,10.843259413377572,6802601
2022-03-03,10.890610694885254,10.985312018704978,10.824320310094704,10.824320310094704,5259603
2022-03-04,11.10842227935791,11.174713566118045,10.805379493501555,10.805379493501555,8807556
2022-03-07,11.37358570098877,11.487226746492908,11.127362984160431,11.136833297070464,11944342
2022-03-08,11.401994705200195,11.544045773446294,11.35464404807194,11.364114360125324,7817848
2022-03-09,11.496697425842285,11.648218824677311,11.449346762921646,11.496697425842285,6941970
2022-03-10,11.439875602722168,11.77132931548764,11.383055533935277,11.553516643434662,7885534
2022-03-11,11.581927299499512,11.600867925537605,11.392525554812364,11.477756565706269,4227117
2022-03-14,11.742918968200684,11.780799317008864,11.610338198941433,11.619808511928166,3754544
2022-03-15,11.032661437988281,11.837619956270142,10.843259699315706,11.761859260801112,14703489
2022-03-16,11.127363204956055,11.165243554209077,10.99478153100109,11.080012542605084,9832215
2022-03-17,11.165243148803711,11.231533531804834,11.136833113680192,11.146303426434276,5314823
2022-03-18,11.042131423950195,11.203123122842536,11.032661111512127,11.174713088667035,6151396
2022-03-21,11.203124046325684,11.212594359544397,11.042132334162657,11.117893033634813,7170314
2022-03-22,11.449345588684082,11.525106280331627,11.25994385956522,11.25994385956522,11950425
2022-03-23,11.487226486206055,11.600867529135222,11.430405513172106,11.515636521153665,8254185
2022-03-24,11.572457313537598,11.667157729597568,11.477755994338915,11.496696619434136,8745212
2022-03-25,11.449345588684082,11.572456938396012,11.439875276443468,11.525106280331627,4672858
2022-03-28,11.951261520385742,11.970202146647917,11.458816978373177,11.458816978373177,12286328
2022-03-29,12.055431365966797,12.301654070376259,11.989140985217597,11.989140985217597,9201926
2022-03-30,12.01755142211914,12.169073716698941,11.989141387008624,12.121723056088925,5202489
2022-03-31,11.828149795532227,12.093313136219658,11.81867948269223,12.064902197699672,5236474
2022-04-01,11.97020149230957,11.998611527011061,11.733449095806808,11.856560450364892,6111371
2022-04-04,11.875500679016113,12.055432110652356,11.790269668137297,12.036492387756375,13575441
2022-04-05,11.705038070678711,11.922850743469093,11.638747689156675,11.913380430926313,8757107
2022-04-06,11.534577369689941,11.790269495442448,11.496697021314061,11.648218414817583,5846912
2022-04-07,11.629277229309082,11.75238858138967,11.534576814496962,11.544046223781082,5588273
2022-04-08,11.73344898223877,11.799739363613527,11.657688288342271,11.705038044673548,8206078
2022-04-11,12.216423034667969,12.216423034667969,11.761858876698323,11.761858876698323,15063471
2022-04-12,12.566818237304688,12.633108622472541,12.02702213348194,12.244834818251517,15796076
2022-04-13,12.746748924255371,13.002441040046351,12.462645870935285,12.718338889864976,14782919
2022-04-14,12.652047157287598,12.955090824892977,12.59522709051943,12.869859821602047,8286035
2022-04-15,12.45317554473877,12.670988216528972,12.358475129161963,12.652047591530385,6256976
2022-04-18,12.443705558776855,12.53840596996555,12.349004244449494,12.52893565790508,6621464
2022-04-19,12.661518096923828,12.813039486666066,12.500526394538019,12.54787705461715,11947514
2022-04-20,13.229723930358887,13.362304691995586,12.68045845265018,12.68045845265018,22729827
2022-04-21,13.352835655212402,13.589588054041425,13.28654436940594,13.324424717093034,10054034
2022-04-22,12.8793306350708,13.352835424549305,12.689927996768429,13.352835424549305,9257836
2022-04-25,12.784629821777344,12.945621528821194,12.311125013563368,12.784629821777344,9384577
2022-04-26,12.472116470336914,13.04032259004734,12.339534801567487,12.89827060855037,9756355
2022-04-27,12.434236526489258,12.462646562456055,12.131193734473399,12.434236526489258,9520207
2022-04-28,12.424765586853027,12.718338954167079,12.386885239761412,12.614167322311102,7691054
2022-04-29,12.330065727233887,12.65204824047654,12.282715065447428,12.50999715825592,12014074
2022-05-05,12.670989036560059,12.727809108955638,12.396356278278047,12.481587290010182,10072052
2022-05-06,12.974031448364258,12.974031448364258,12.443706573666804,12.55734761824483,10975214
2022-05-09,12.95509147644043,13.059262206180223,12.74674911382212,12.841450434050094,7790532
2022-05-10,12.907740592956543,13.14449298629073,12.850919621175306,13.106612639482808,2272186
2022-05-11,12.614167213439941,12.955091237460723,12.500526173145916,12.879330543931372,7049270
2022-05-12,12.642578125,12.765688574379272,12.273244067446068,12.415295141738278,12863799
2022-05-13,12.642578125,12.784629199292208,12.538406494256256,12.680458471687169,6227505
2022-05-16,12.273244857788086,12.689928698179525,12.273244857788086,12.689928698179525,7218709
2022-05-17,12.642578125,12.77515888683574,12.30165410167677,12.320594726589707,13687075
2022-05-18,12.320594787597656,12.65204759696697,12.30165416259093,12.62363756259559,7935171
2022-05-20,12.036492347717285,12.34900545114087,12.036492347717285,12.320595415322023,6276827
2022-05-23,11.83761978149414,12.112252524299256,11.68609839279321,12.08384248970251,10002346
2022-05-24,11.83761978149414,11.875500128669373,11.68609839279321,11.856560406651115,7696674
2022-05-25,11.8660306930542,11.960732019560576,11.828150343079406,11.903911043028993,4588995
2022-05-26,12.188013076782227,12.216423111048282,11.894440615376013,11.903910024705562,6502568
2022-05-27,12.14066219329834,12.235363509953991,11.99861112145355,12.197483163919468,5518613
2022-05-30,12.538407325744629,12.67098899951127,12.178543556782689,12.216423905981905,10523787
2022-05-31,12.680458068847656,12.831979450782724,12.462645404961993,12.557346720240746,8917654
2022-06-01,13.258134841918945,13.343365853262055,12.737279363930092,12.784630026136126,15654256
2022-06-02,14.006272315979004,14.006272315979004,13.229724712574635,13.352836072186822,15430153
2022-06-03,13.835809707641602,14.091502729022814,13.778989638316032,13.949450749431456,5617383
2022-06-06,13.873690605163574,14.148323359499562,13.79792990763218,13.949451302694968,5794008
2022-06-07,13.968391418457031,14.02521239109959,13.589587944635719,13.89263072369277,6562194
2022-06-08,13.62746810913086,14.205143624740366,13.504356756006464,13.968391230994692,11031479
2022-06-09,13.44753646850586,13.722169223102052,13.097143016306493,13.570647827895705,7320493
2022-06-10,13.220253944396973,13.636937767620477,13.220253944396973,13.362305021983941,4256998
2022-06-13,12.405826568603516,13.267605191176633,12.405826568603516,13.220254528841444,12441530
2022-06-14,12.50999641418457,12.831979811415003,12.481586380057973,12.538406448311166,10294840
2022-06-15,12.292183876037598,12.595227554813995,12.263773841606241,12.509996548381219,8286507
2022-06-16,12.01755142211914,12.386885491110792,11.970201664647858,12.32059510814001,7423706
2022-06-17,12.188013076782227,12.188013076782227,11.960730996376377,12.055431411642795,6301935
2022-06-20,12.008082389831543,12.339535218239256,11.913381065635761,12.330065808330687,7966579
2022-06-21,12.027021408081055,12.102782101743085,12.017551095588624,12.05543144241964,6403244
2022-06-22,12.14066219329834,12.263773543695212,11.913380117091199,11.979670496866943,11902937
2022-06-23,12.027021408081055,12.339534495221605,11.960731026911455,12.121722726727945,11184155
2022-06-24,11.989140510559082,12.121722169947184,11.951260165468005,12.093312136913543,6262497
2022-06-27,11.667157173156738,11.8849698356701,11.572456761613308,11.69556810944457,9258601
2022-06-28,11.3262357711792,11.723979907704763,11.269414793187488,11.723979907704763,11587931
2022-06-29,11.070542335510254,11.392525758813402,11.070542335510254,11.326235372770558,8024725
2022-06-30,10.852729797363281,11.127362538790868,10.852729797363281,11.013721497835181,7131587
2022-07-01,11.259944915771484,11.259944915771484,10.824320446366277,10.881140518862436,5220692
2022-07-04,11.335704803466797,11.544046258564437,11.297824456800072,11.439875531015618,4570709
2022-07-05,11.146302223205566,11.420934941456633,11.108420976278461,11.316763318684364,4508863
2022-07-06,11.37358570098877,11.401995736580117,11.184183958481874,11.184183958481874,4869988
2022-07-07,11.449345588684082,11.47775562226724,11.354644272555309,11.420935555100924,2661221
2022-07-08,11.752388954162598,11.79973961463992,11.430405546683284,11.468285894437395,3603289
2022-07-13,11.55351734161377,11.837620412132708,11.449346607116956,11.75238940066315,5453317
2022-07-14,11.345174789428711,11.809210188605338,11.28835471810994,11.562987471187332,7995498
2022-07-18,11.667157173156738,11.733448454689677,11.4398751016861,11.496696071123095,5582782
2022-07-19,11.96073055267334,11.97967027376854,11.648217477923808,11.657687790040745,8388885
2022-07-20,12.292183876037598,12.339534535515664,11.941790440921842,12.083842419356042,11967577
2022-07-21,12.188013076782227,12.330065054389912,12.150132730047918,12.263773770250845,4341034
2022-07-22,12.5194673538208,12.670988747605342,12.225893976009193,12.254304011559107,8125439
2022-07-25,12.557347297668457,12.633107992119713,12.49105601266957,12.576287019711913,6059081
2022-07-26,12.642578125,12.737278540148571,12.462645800881916,12.604697778312831,10492503
2022-07-27,12.974031448364258,13.068732770415316,12.670988662822856,12.689928385349823,11136346
2022-07-28,12.907740592956543,13.14449298629073,12.727808268264884,13.116082951969465,5944576
2022-07-29,13.277074813842773,13.371775230449815,12.869860403330213,13.002441167207815,6410672
2022-08-01,13.902101516723633,14.015742562797003,13.182373988453532,13.182373988453532,10778079
2022-08-02,13.419126510620117,13.89263132495918,13.419126510620117,13.864221288977689,8826757
2022-08-03,13.229723930358887,13.561176737589337,13.210783305474385,13.523296390959038,6972369
2022-08-04,13.826340675354004,13.911570781667383,13.419126253811088,13.419126253811088,9743415
2022-08-05,13.636938095092773,13.826340740608607,13.551707988377144,13.816870427705068,6367250
2022-08-08,14.110442161560059,14.195673166938317,13.712698071887315,13.712698071887315,6933207
2022-08-09,14.280904769897461,14.498717448660518,14.015742333399544,14.110442752008002,6431787
2022-08-10,15.294204711914062,15.417316971696446,14.422955805773428,14.422955805773428,15786156
2022-08-11,15.767709732055664,16.004462135859136,15.199503601671836,15.436256005475306,18071947
2022-08-12,15.682478904724121,15.976053189377348,15.474137437211924,15.758239602571965,8535269
2022-08-15,15.767709732055664,15.95711237760944,15.332086176070476,15.72035997380597,6706320
2022-08-16,15.881351470947266,16.099163246063892,15.066922634608185,15.852940532606087,9447289
2022-08-17,15.748769760131836,15.96658335344552,15.227915172649377,15.890822653333935,14476266
2022-08-18,15.20897388458252,15.80559095250603,14.85858043602107,15.80559095250603,9368283
2022-08-19,14.820699691772461,15.37943549322587,14.754409309613148,15.218443791005779,6172160
2022-08-22,15.104803085327148,15.19003499779166,14.678648941837048,14.820700021954167,6824699
2022-08-23,15.568839073181152,15.673008905886661,15.114273973843195,15.114273973843195,9091888
2022-08-24,15.748769760131836,16.00446280036253,15.360495946275261,15.5688392262903,8284102
2022-08-25,15.578307151794434,15.900290529485455,15.540425904406176,15.815059529139168,12343980
2022-08-26,15.606718063354492,15.739300638077108,15.29420496182136,15.606718063354492,9859303
2022-08-29,15.294204711914062,15.625658433888402,15.180564571182986,15.530957112427524,5316440
2022-08-31,15.985522270202637,16.146513984695684,15.322616591796475,15.379436665653555,10347287
2022-09-01,16.07075309753418,16.591609488388915,15.900292877942102,15.957112951139461,10277626
2022-09-02,16.979883193969727,17.311336930391878,16.250685335096506,16.250685335096506,11170469
2022-09-05,17.3681583404541,17.898483275794117,17.046174892428244,17.23557755818852,9216089
2022-09-06,18.06894302368164,18.305695422737365,16.620017691200736,17.472327772823302,13447381
2022-09-07,18.229934692382812,18.400396708380914,17.62384912996952,18.135233371686372,8913682
2022-09-08,18.210994720458984,18.72238078680352,18.10682488960465,18.2204650334962,7364182
2022-09-09,18.457216262817383,19.034892677282702,18.353044632332843,18.400396194497365,5818649
2022-09-12,18.485628128051758,18.930721997076503,18.28675516953262,18.65609014784602,3997685
2022-09-13,18.353046417236328,19.640980132929254,18.28675603003641,18.66555953280563,10962953
2022-09-14,18.854961395263672,18.978073657415415,17.82272076465676,18.35304564625561,6182541
2022-09-15,18.040531158447266,19.489456416469114,17.983711091351516,19.03489226714839,6082139
2022-09-16,18.5803279876709,18.5803279876709,18.01212190186164,18.050001344234335,7106191
2022-09-19,17.77536964416504,18.883370887245672,17.77536964416504,18.580328120980433,4319961
2022-09-20,18.239404678344727,18.324635684816975,17.472327426371923,17.775370202149947,4656147
2022-09-21,19.034893035888672,19.16747379989226,17.870071678858,18.28675459609141,10219118
2022-09-22,19.640979766845703,19.754621718697113,18.826550896363642,19.01595354735681,5192119
2022-09-23,21.59181785583496,21.59181785583496,19.868260696918753,19.88720132216073,7263063
2022-09-26,21.061492919921875,23.391137434555787,20.587988128180076,21.800161045298957,18208546
2022-09-27,20.39858627319336,21.80015995301766,20.34176440051161,21.57287788112269,9395760
2022-09-28,20.569047927856445,22.008502957989965,20.360706465446647,20.37964709101412,16720251
2022-09-29,19.81144142150879,21.080434463143177,18.94019249451022,20.777391672235414,8184501
2022-09-30,19.58415985107422,20.436468174821744,19.129595652579212,19.811441950321722,7044360
2022-10-03,20.53116798400879,20.60692867815992,19.830381111541453,19.887201180585443,5379928
2022-10-04,21.45923614501953,22.06532167580574,20.30388515038898,20.550107848840216,10145785
2022-10-05,20.73950958251953,21.553938404895735,20.531168123755187,21.45923708499287,6364403
2022-10-06,20.815269470214844,21.213013553365073,20.663748086755458,21.09937341890922,7931465
2022-10-07,20.28494644165039,21.04255342667997,20.057664346141518,20.891032029674054,11019516
2022-10-10,20.64480972290039,20.98573377615454,20.228126775898176,20.360707549373647,7269793
2022-10-11,20.436466217041016,20.739508987006673,20.19024351487457,20.70162954389966,6139128
2022-10-12,20.53116798400879,20.701629997418195,20.01978194378057,20.417526039643377,6465997
2022-10-13,20.834211349487305,21.231955456592253,20.58798863496734,20.853151975129798,10021058
2022-10-14,20.966793060302734,21.459238511511337,20.872093540382092,21.156195712699137,7730369
2022-10-17,22.51988983154297,22.766112554063035,21.194074893930683,21.21301552018858,12250002
2022-10-18,22.387306213378906,23.107033721225882,21.9516826673617,22.576708854598753,10304619
2022-10-19,22.917633056640625,23.694180640115,22.614588467180713,22.614588467180713,12941998
2022-10-20,22.709291458129883,23.59948105388504,22.65247138367501,22.974454816048627,8845449
2022-10-21,23.22067642211914,23.372197817510006,22.519889516867007,22.72823098396007,6559698
2022-10-24,23.144914627075195,23.48583684740206,22.216843866461016,23.29643601528212,15358390
2022-10-25,23.46689796447754,23.769940740063532,22.99339317605507,23.239615882788044,9363514
2022-10-26,22.82293128967285,23.656298927151745,22.671409901040324,23.580538232835483,8386841
2022-10-27,22.482006072998047,23.144913467911085,22.273664626217226,22.8418707066745,4907359
2022-10-28,21.85698127746582,22.463066837404128,21.85698127746582,22.425187393046706,1972531
2022-10-31,22.387306213378906,22.595649479976228,21.932742041984223,21.970623292739173,6344480
2022-11-01,22.72823143005371,22.898693454783523,22.29260786132424,22.57671003168889,9308730
2022-11-02,22.51988983154297,23.012333470305563,22.463067952769272,22.84187325281709,5980110
2022-11-03,23.391136169433594,23.561596367968164,22.463065455044024,22.63352745985593,7555568
2022-11-04,23.656299591064453,23.694180842424437,23.05021401952459,23.675240216744445,6809408
2022-11-07,23.67523956298828,23.921462271196653,23.504777549130377,23.67523956298828,10053540
2022-11-08,24.262386322021484,24.432846529764312,23.05021340498206,23.807820349208303,33204729
2022-11-09,22.898691177368164,24.20556355985765,22.6524684779443,24.20556355985765,12450628
2022-11-10,23.22067642211914,24.186626672444046,22.557768962575967,24.148745420457573,16571687
2022-11-11,23.10703468322754,23.637359571933377,22.841873142013384,23.599480125878866,9675671
2022-11-14,22.99339485168457,23.466899674613412,22.879752899419525,23.06915555110208,9953110
2022-11-15,22.10320472717285,23.144915672872987,22.046384655597212,23.050214349395244,12774998
2022-11-16,21.62969970703125,22.51988924907517,21.610759081263243,22.12214513933448,12033844
2022-11-17,21.080434799194336,21.686520390671696,20.644809425611825,21.62970031804008,7770461
2022-11-18,21.83803939819336,21.83803939819336,20.966790552671018,21.137252558184986,11717980
2022-11-21,21.307714462280273,22.254723993937176,20.85315032059152,22.122143237513956,12381876
2022-11-22,22.12214469909668,22.16002414360139,21.06149315880299,21.307715870054693,9595247
2022-11-23,21.970623016357422,22.254725168335842,21.61075836382216,22.160023848917223,10375582
2022-11-24,22.482006072998047,22.61458682946972,22.027441931143166,22.254724002070606,11429013
2022-11-25,22.21684455871582,22.482007899478877,22.122145042843822,22.482007899478877,6946524
2022-11-28,23.050214767456055,23.239617417846723,22.065323875468636,22.235785899564732,18212481
2022-11-29,23.2396183013916,23.675241885063517,22.841874165471427,23.277497749143347,12836703
2022-11-30,23.485837936401367,23.523719188348302,23.12597507429304,23.485837936401367,11869435
2022-12-01,22.785049438476562,23.694179552573093,22.444127226183078,23.59947823560592,13984235
2022-12-02,21.781221389770508,22.747171641432153,21.534998670350237,22.728231015412703,13961881
2022-12-05,21.95168113708496,22.197903830995315,21.553937063272443,21.8191003812399,17265719
2022-12-06,22.576709747314453,22.70929051764431,21.970624161489376,22.0653236795664,14239022
2022-12-07,21.686521530151367,22.65247184703071,21.629701454534242,22.57671114411533,12750944
2022-12-08,22.065322875976562,22.19790544775546,21.55393863312997,21.648639954035623,9139187
2022-12-09,22.027442932128906,22.273665638391986,21.83804029461041,22.1600236946254,8050827
2022-12-12,22.500947952270508,22.576708646805663,22.046383785059575,22.16002392372359,11714962
2022-12-13,23.883581161499023,24.432846650343095,22.463066779356343,22.463066779356343,24292535
2022-12-14,23.997222900390625,24.603308453548724,23.504777485310957,23.95934165017953,14229835
2022-12-15,24.148746490478516,25.379858334148736,24.016165715206284,24.072985789426156,13622969
2022-12-16,24.489669799804688,25.341978112161566,24.432847921044036,24.62225057102447,3458186
2022-12-19,25.304094314575195,26.042762407670796,25.001051550108492,25.569257636622236,9881812
2022-12-20,25.607139587402344,26.2511045764113,25.360916882953006,25.56925833766672,13179266
2022-12-21,26.66779136657715,26.989774789267102,25.379857675817345,25.72078172484848,14087925
2022-12-22,26.288986206054688,27.21705516266033,26.042763498047133,26.667789677498067,8212400
2022-12-23,26.51626968383789,26.819312476934492,25.739722074958472,26.800371850796573,8574680
2022-12-26,26.4783878326416,26.838252496012103,26.4026271360811,26.705671728600596,6591627
2022-12-27,26.4783878326416,26.838252496012103,26.19428567210909,26.516269084060596,8370395
2022-12-28,25.53137969970703,26.535211245060854,25.190457448598224,26.497329991450105,7459799
2022-12-29,26.194284439086914,26.288985756899116,25.379855634690344,25.550317645496825,5730454
2022-12-30,26.4783878326416,26.895072566863107,26.251105742960096,26.326866439520597,7229989
2023-01-02,26.876131057739258,27.74737994268596,26.610969531632062,26.610969531632062,9922638
2023-01-03,26.459447860717773,27.46327749799008,26.118523837906366,27.273874861699877,10560563
2023-01-04,26.686731338500977,27.027655379171904,26.099584580265212,26.45944924681286,11057052
2023-01-05,25.91018295288086,27.02765455776058,25.64501961749802,26.989773307158412,6441550
2023-01-06,26.573089599609375,26.914013642975704,24.22450616065303,24.906352441108172,10559016
2023-01-09,27.179176330566406,27.78526189852122,26.0238234588057,26.81931166988513,13294886
2023-01-10,25.720779418945312,27.368575831072686,25.285155889817595,27.273874514134413,9775748
2023-01-11,23.71312141418457,25.929122231657736,23.675240162910725,25.75866201975786,9675744
2023-01-12,23.807819366455078,24.281324138620228,21.9895609690898,23.959340749045737,16986163
2023-01-13,23.144914627075195,24.01616351240371,22.841871850661352,23.84570149910157,9282617
2023-01-16,23.94040298461914,24.016163679248926,22.974452773381287,23.637358399822556,7997911
2023-01-17,24.75482940673828,24.887411973869366,24.016163103379277,24.186625113778245,8923628
2023-01-18,25.66396141052246,26.023824276229774,24.887413800619157,24.887413800619157,9577106
2023-01-19,26.932952880859375,27.16023496263015,25.701839346754237,26.17534413534604,11078122
2023-01-20,28.12618637084961,28.33452783650333,27.008714732853978,27.008714732853978,12073594
2023-01-23,29.357297897338867,30.285366881232015,28.5996909321766,28.5996909321766,17400967
2023-01-24,28.997434616088867,29.603520179348834,28.239825855736456,29.395178718547584,10125136
2023-01-25,28.94061279296875,29.52775953816311,27.46327832667103,29.357297521613862,8955841
2023-01-26,28.050426483154297,29.016374948403616,27.993604603927388,29.016374948403616,5468081
2023-01-27,26.914011001586914,27.747378595910583,25.891240778141924,27.65267908762726,13250164
2023-01-30,25.66396141052246,26.857193764621755,25.66396141052246,26.800371886133078,10133472
2023-01-31,25.001052856445312,25.94806244802489,24.205564655016275,25.474557652235102,15691094
2023-02-01,22.614587783813477,25.171514350635746,22.614587783813477,25.019992963623196,10778511
2023-02-02,21.59181785583496,22.330485983775095,20.625869450100865,22.23578466384265,31314181
2023-02-03,22.59564971923828,22.59564971923828,21.231955384336814,21.667578934966777,16841736
2023-02-06,22.84187126159668,22.84187126159668,20.83421021021401,21.913800524916336,2664892
2023-02-07,20.98573112487793,22.84187075042306,20.891029810240784,22.76611005996881,5957909
2023-02-08,19.33793830871582,19.33793830871582,19.33793830871582,19.33793830871582,345
2023-02-15,23.069154739379883,23.069154739379883,21.269835030539948,21.781221088322454,8196504
2023-02-16,22.72823143005371,24.5654306430741,22.25472660859426,24.148745894432068,9605732
2023-02-17,22.614587783813477,23.05021312618262,22.08426292926955,22.122144179161392,4205904
2023-02-20,22.6524715423584,22.917634902134644,22.216846151745823,22.614590288271387,3894912
2023-02-21,24.546489715576172,24.546489715576172,22.330487033829346,22.974453872118513,9136437
2023-02-22,24.300264358520508,24.963171751028163,23.656297590090748,24.565427676779034,5402330
2023-02-23,24.03510284423828,24.660130841779516,23.902522078296716,24.300266182398882,2846374
2023-02-24,23.769941329956055,24.262386755642897,23.656299383152373,24.035102862035536,3281353
2023-02-27,23.58053970336914,23.769942354110075,23.144916135453553,23.769942354110075,5424674
2023-02-28,24.186626434326172,24.39496789936811,23.675240375208475,23.675240375208475,5372908
2023-03-01,25.360916137695312,25.474556271007938,23.978281269691145,24.186624524559875,6027797
2023-03-02,25.626079559326172,25.79654157825352,25.03893461221806,25.360918024352504,4696863
2023-03-03,25.304094314575195,25.758660267552603,24.167683947825065,25.474556321157053,4548343
2023-03-06,26.0048828125,26.194285455473572,24.73589160717594,25.304095923541723,5534857
2023-03-07,26.629911422729492,27.17917693242082,26.326866825764007,26.421568149423376,6273374
2023-03-08,27.406457901000977,27.406457901000977,26.09958366193082,26.648849149086807,7073801
2023-03-09,27.103416442871094,27.766322101021988,27.02765574461735,27.406459235886075,4850523
2023-03-10,27.59585952758789,27.652681404852217,26.11852503798763,27.084475276151352,6256714
2023-03-13,28.69438934326172,28.92167323033652,27.40645755207654,27.57691956424393,12408141
2023-03-14,27.74738121032715,28.826973407996384,27.273876399186566,28.675452012933597,5637404
2023-03-15,27.539039611816406,28.14512518916535,26.95189285405149,27.842082400490877,5507699
2023-03-16,28.883792877197266,29.37623830402001,27.65268111641788,28.050425221732024,7533701
2023-03-17,28.80803108215332,29.71715939888462,28.334526298953087,28.997433717944375,6568260
2023-03-20,27.482219696044922,29.45199963985446,27.482219696044922,28.542869462408323,5050684
2023-03-21,27.368576049804688,28.41028693189637,26.932952517195428,27.747379514307827,5955733
2023-03-22,27.273876190185547,27.936783643213474,26.838252634287617,27.936783643213474,4357283
2023-03-23,26.951892852783203,27.76632170201565,26.895072781478788,27.406458842051023,4181425
2023-03-24,27.520097732543945,27.842081132415117,27.25493620766939,27.482218288823617,7257741
2023-03-27,28.12618637084961,28.18300644215926,27.368577592851768,27.633740936092636,5568768
2023-03-28,27.69055938720703,28.82697158457272,27.576919251236898,28.164064168396504,6531814
2023-03-29,28.239824295043945,28.33452561063895,27.23599468480257,27.766319523346287,4715289
2023-03-30,28.29664421081543,28.732269537715716,28.050423320371284,28.22088351999938,4463187
2023-03-31,27.444337844848633,29.357297675259215,27.444337844848633,28.296646125778086,6525473
2023-04-03,26.89507293701172,27.72844241692414,25.36091835897808,27.72844241692414,7374827
2023-04-04,27.879962921142578,28.031484311506603,26.364747211224866,26.857192633046676,5650248
2023-04-05,27.235994338989258,28.31558462674369,26.45944681226924,27.842079861058085,3472995
2023-04-06,27.38751792907715,27.785262036593355,27.235996536335495,27.463278625447973,2797217
2023-04-07,26.970834732055664,27.65268284450607,26.80037270394306,27.463280189652608,1775515
2023-04-10,27.74738121032715,27.842082533810768,27.16023625602823,27.16023625602823,3139007
2023-04-11,27.804203033447266,28.391347986590304,27.40645892062109,28.107245822976253,4891099
2023-04-12,28.580751419067383,28.789092891027934,27.70950247207612,27.8042037979773,5897701
2023-04-13,28.35346794128418,29.18683559486088,28.334527315769886,28.58075002862328,6198640
2023-04-14,30.0770263671875,30.133846439799626,28.334528486010267,28.44817043751206,11214453
2023-04-17,28.82697296142578,30.417947584938585,28.808032335766974,30.304307443540697,6928582
2023-04-18,29.755041122436523,29.925503136107793,28.33452675021252,28.789090915817617,6052856
2023-04-19,30.7967529296875,30.81569355538117,29.41411796076687,29.736101372449312,7827995
2023-04-20,31.933164596557617,32.198326126285934,30.512650208633236,30.512650208633236,6727143
2023-04-24,33.06957244873047,33.86506063199313,32.19832537840007,32.880173424783735,11255721
2023-04-25,31.933164596557617,33.52414100003731,31.81952084448414,33.05063620406252,6510157
2023-04-26,31.914222717285156,32.63394838936428,30.87251003953712,31.933163341886548,6899057
2023-04-27,31.308137893676758,32.31196573254143,30.891451368060622,31.95210469457911,4656975
2023-04-28,31.478601455688477,31.6490598642651,30.17172716453087,31.630122850854935,3963724
2023-05-02,30.493711471557617,31.49753938914934,30.00126601974342,31.478602375186018,4339552
2023-05-03,30.77781105041504,31.061913199138676,28.523929066715937,30.77781105041504,4741761
2023-05-04,31.251317977905273,31.55436077232298,30.777813160058226,30.796753786278714,4523050
2023-05-05,31.080856323242188,32.02786597017231,30.626292126222342,31.232377722248803,6206743
2023-05-08,31.933164596557617,32.31196626580451,29.868683397103126,31.44071917523724,6047821
2023-05-09,31.63011932373047,32.19832358910458,29.56563648067679,29.56563648067679,6871612
2023-05-10,29.56563949584961,31.630122549444078,29.16789538575847,31.630122549444078,6497638
2023-05-11,30.399005889892578,31.251315951781272,28.902732641032774,29.565638259273808,12767290
2023-05-12,29.47093963623047,31.42177891239517,29.47093963623047,30.49370993508431,6648370
2023-05-15,27.70949935913086,29.13001366923224,26.55414837050825,29.13001366923224,4858250
2023-05-16,28.410287857055664,28.921673905495844,27.235996175717325,27.463278261820474,4780089
2023-05-17,28.410287857055664,28.826972584716835,28.050425005628373,28.410287857055664,4006623
2023-05-18,28.069364547729492,29.167895561994378,27.3875182718581,28.63757068076107,4165821
2023-05-22,27.368576049804688,28.16406422839998,27.04659265340767,28.16406422839998,3362243
2023-05-23,27.61480140686035,27.671621480426424,26.87613322539114,27.463280006499115,1690827
2023-05-24,26.270044326782227,27.74737869802224,25.815480182751042,27.70949925582498,4550712
2023-05-25,25.68290138244629,26.648849810539634,25.626079505405077,26.270046328318962,2264265
2023-05-26,25.304094314575195,25.98594234090263,24.830589543526635,25.85335977674043,8745362
2023-05-29,25.58820152282715,27.084476717827208,24.622251233246992,25.72078229761273,14277226
2023-05-30,25.7586612701416,26.51626821079624,25.701839394884434,26.02382279623201,13540645
2023-05-31,25.7586612701416,26.19428480944866,25.701839394884434,25.815481339121344,14618690
2023-06-01,26.32686424255371,26.497326247159222,25.89124072525281,26.004880857471598,11875669
2023-06-02,26.89507293701172,27.046594332218067,26.554150700936194,26.554150700936194,9704586
2023-06-05,28.35346794128418,28.5428687775947,27.02765486200069,27.463278411164602,14053239
2023-06-06,28.239824295043945,29.26259452965979,27.917840905787347,28.542867059926067,9509378
2023-06-07,29.18683624267578,29.4330589609942,28.35346857060211,28.523930591459283,9152239
2023-06-08,29.281536102294922,29.660339570664846,28.561808609253365,29.243654852319224,6378573
2023-06-09,30.304306030273438,30.64523005112278,29.338355842051897,29.622459794852148,7732025
2023-06-12,29.45199966430664,30.70205027256259,29.357298340661906,30.399007481921448,6945177
2023-06-13,29.18683624267578,30.001265095092272,28.940613524357367,29.451999586928885,7400851
2023-06-14,29.016372680664062,29.603519409511538,28.448168383022683,29.224715942324817,5088918
2023-06-15,30.209606170654297,30.209606170654297,29.111075168541596,29.111075168541596,4568659
2023-06-16,30.588409423828125,31.080854850402716,30.020205107617798,30.30430726572296,7274382
2023-06-19,30.03914451599121,30.91039343921807,29.73610172639535,30.626291275541327,6626685
2023-06-20,28.921674728393555,30.07702581719338,28.67545200987343,30.07702581719338,4937854
2023-06-21,27.879962921142578,29.148955920149387,27.766320975230833,29.148955920149387,4800894
2023-06-22,29.47093963623047,29.60352040262417,27.406458412958685,27.861022588832068,6495697
2023-06-23,31.080856323242188,31.573301773152465,29.88762395135693,29.88762395135693,8557010
2023-06-26,31.27025604248047,31.89528220633451,31.080853408346414,31.42177742727676,5866012
2023-06-27,31.535419464111328,31.781643987097734,31.289198553679917,31.47860119923369,1788131
2023-07-03,32.31196594238281,32.42560969331879,31.819520525991496,31.91422365177148,6066507
2023-07-04,32.42560958862305,32.50136847644756,31.857401673442375,32.33090646314884,4904884
2023-07-05,34.622676849365234,35.645445473920475,32.804416298686995,32.804416298686995,14131539
2023-07-06,35.323455810546875,35.51285844476323,34.35750562734274,34.96359116679127,10103201
2023-07-07,35.96742248535156,36.40304601388014,34.849950920827105,34.849950920827105,6567995
2023-07-10,35.96742248535156,36.70608878264392,35.493917707588814,36.251524629498256,8639756
2023-07-11,36.64927291870117,37.35005801260011,35.664382049516455,36.27046762669013,8171022
2023-07-12,37.179595947265625,37.482642348039164,36.08106493683466,36.365170711775164,5679245
2023-07-13,37.141719818115234,38.164488366793734,36.93337653803687,37.31218184498751,6869281
2023-07-14,37.91826248168945,37.91826248168945,36.61138831762037,37.27429571171655,2903763
2023-07-17,39.4145393371582,39.793344629836845,38.77057250713751,38.77057250713751,8054307
2023-07-18,38.31600570678711,39.98274454568254,37.65309829614813,39.62287990346913,7794279
2023-07-19,39.11149597167969,39.52818250999679,38.012964974165875,38.316007758821065,5547219
2023-07-20,39.7744026184082,40.153207897891185,38.6190497672845,39.20619831173861,5895565
2023-07-21,39.96380615234375,40.437310956014755,39.414538846059,39.77440350836436,6351766
2023-07-24,40.94869613647461,41.61159995741279,40.03956418730033,40.26684807773262,7213808
2023-07-25,39.547119140625,40.92975589636831,39.45241962604412,40.92975589636831,4738932
2023-07-26,39.79334259033203,40.55094952430513,39.03573565635893,39.755461340494676,4501374
2023-07-27,40.75929260253906,41.17597551121151,40.05850393391901,40.11532580841949,4425528
2023-07-28,41.64948272705078,41.64948272705078,40.645651227572564,40.75929498321124,6523055
2023-07-31,43.051055908203125,43.051055908203125,41.043396550966676,42.06616504897205,8010506
2023-08-01,41.85782241821289,43.051052849878516,41.6305385389384,43.051052849878516,4694524
2023-08-02,42.14192581176758,42.38814671013244,41.289615754822265,41.85782366363741,8163301
2023-08-03,42.0472297668457,44.05488920673266,41.479021811179884,43.08893893340037,15152569
2023-08-04,43.562442779541016,43.562442779541016,41.40326198909442,42.16086896709717,9166772
2023-08-07,43.35409927368164,43.99806610467371,42.558611047900555,43.562442546224666,6995395
2023-08-08,42.86165237426758,43.695021823435106,42.40708820541845,43.695021823435106,7327518
2023-08-09,44.32004928588867,44.755672842034954,42.42603005476048,42.95635673999617,10925206
2023-08-10,45.45646286010742,48.01338961849949,44.33899119245871,44.33899119245871,13011479
2023-08-11,47.776634216308594,48.29748876479046,44.907192721392555,45.34281987540099,11817065
2023-08-14,50.428260803222656,51.043818483401324,48.15543633608362,48.297489219987895,11739246
2023-08-15,50.33356475830078,51.94347828655532,48.67629785711099,50.90176910797237,9455099
2023-08-16,50.19150924682617,50.949116211059724,49.19714988048495,50.66501405104151,5886315
2023-08-17,49.52859878540039,50.09680668342553,48.8656913773151,49.433899275340245,8595784
2023-08-18,48.06073760986328,51.138518836110684,46.87697559976813,50.23885898592737,10502086
2023-08-21,49.48125076293945,50.00210531161731,46.76333426843307,47.96603687359388,11121628
2023-08-22,51.112308502197266,52.020759977961355,49.63010011955978,50.20385702643318,9013218
2023-08-23,52.59451675415039,53.12046119212041,50.20385690168901,51.255745777629045,10534100
2023-08-24,51.78169250488281,54.26797722706811,51.25574443285443,52.8813938194482,12351204
2023-08-25,54.55485534667969,54.937362369898,51.3513727066913,52.02075817339468,10626362
2023-08-28,55.46330642700195,56.46738279654001,54.698296033442354,54.98517447504504,7286986
2023-08-29,57.088958740234375,57.28021226046136,54.650486388948416,55.51112175818361,9034947
2023-08-31,59.43180465698242,60.961825484509504,56.276130772439544,58.33209967929537,19280203
2023-09-01,59.38398742675781,61.5355812269716,57.66271311615824,60.67494589560048,13146785
2023-09-04,58.81023406982422,60.86620306148955,58.66679301538895,59.766498038439245,8530582
2023-09-05,58.28428649902344,59.52742886215562,57.9974080533556,58.90585585666085,4883068
2023-09-06,57.66271209716797,58.666788456619344,56.80207678100562,58.666788456619344,6217748
2023-09-07,63.11342239379883,63.400304504783975,59.67087354055283,59.90993953446874,25690925
2023-09-08,61.918087005615234,63.304666730698415,61.53557998968088,63.1134168705885,7961220
2023-09-11,61.82246398925781,63.78280065106695,61.48777307584793,62.3484047686977,11640174
2023-09-12,63.591552734375,64.35656681337527,61.39214272903544,61.8224658843662,8788636
2023-09-13,61.63120651245117,64.06968241829918,60.57931766323398,63.591550459953666,8373225
2023-09-14,61.63120651245117,62.15715458491712,57.18458148855228,61.63120651245117,8648214
2023-09-15,60.34025192260742,64.02186655727968,59.95774854313325,61.48777300460203,10922023
2023-09-18,59.14492416381836,60.340254107693895,57.32802483784205,60.340254107693895,7039767
2023-09-19,60.24462890625,60.53150736194636,56.84989261015185,59.14492390358022,17339860
2023-09-20,58.61897659301758,62.2049698813269,58.61897659301758,60.34025089086309,5532244
2023-09-21,59.00148391723633,60.00556029215511,58.523351962717165,59.19273742861546,6500427
2023-09-22,57.85396957397461,59.33617798224874,57.088959135625785,59.0014870554266,7436627
2023-09-25,58.81023406982422,58.81023406982422,57.18458459360716,58.18866103108143,8004142
2023-09-26,58.8580436706543,59.95774864011828,58.18865819567002,59.09710965115887,9579499
2023-09-27,59.24055099487305,60.29243985521084,58.140846019909326,59.09710994670999,7997809
2023-09-28,56.41957092285156,60.24462657863811,55.27205349654413,60.24462657863811,18796652
2023-09-29,55.654563903808594,57.13677233093927,55.55893531788747,56.89770633792279,9115167
2023-10-02,57.71052551269531,58.14084500179167,55.98925120416721,56.03706367009851,9738040
2023-10-03,56.80207824707031,58.762418551425625,56.419571220331896,58.23647412555333,6115049
2023-10-04,57.423648834228516,58.61897875853742,56.89770439710408,56.94551686450495,8392963
2023-10-05,59.57524108886719,59.814307067271834,57.0411439064923,59.383987576572,13808717
2023-10-06,62.39622116088867,62.44403727546645,58.37991194280023,59.097109887178256,17605746
2023-10-09,59.24055099487305,62.82653707251818,59.24055099487305,61.43995729694311,14582694
2023-10-10,63.926239013671875,65.12156886544477,61.679020351481704,62.157152292190865,30264079
2023-10-11,63.591552734375,67.08191761427692,62.63528878348214,64.21312576159835,22335640
2023-10-12,62.63528823852539,65.31283019601548,60.531506835293506,64.64344105878551,19959916
2023-10-13,62.8265380859375,63.782802028163125,60.96182631688349,62.68310433117557,14513297
2023-10-16,59.81430435180664,64.02186319199822,59.527425920316304,63.543731256895285,9068509
2023-10-17,60.72275924682617,61.296516142771345,58.7146064631607,60.196814817566874,8302822
2023-10-18,60.770572662353516,62.49184702492152,59.192739349940105,59.76649625484363,11580610
2023-10-19,62.01371383666992,63.16123491964965,61.20089096271432,62.15715488400673,13193994
2023-10-20,59.33617401123047,63.209042060067524,58.57116362407926,61.105264407366,10903540
2023-10-23,59.52743148803711,61.0574523643296,59.240553029714455,60.34025439459421,12213121
2023-10-24,61.200889587402344,62.01371244309212,59.19273685695862,60.101184643485794,13387859
2023-10-25,58.09303665161133,62.10934244010333,57.997411712973935,61.29651951811271,9404976
2023-10-26,58.18865966796875,59.28836466525764,56.6586388131696,58.427725654522206,10082315
2023-10-27,59.28836441040039,59.57524286345987,57.614902511719734,59.001485957340904,4593224
2023-10-30,59.76649475097656,60.10118566243909,58.57116485595703,59.097109280194154,3568865
2023-10-31,57.1845817565918,61.200890955091126,56.41957134922463,60.196814567430636,8864252
2023-11-01,58.81023406982422,59.097112530837215,56.46738661714589,57.28021317918319,8091519
2023-11-02,59.71868133544922,60.62713277079464,58.37991041516573,60.101184707060725,8460086
2023-11-03,61.48777389526367,61.48777389526367,59.43180497732596,59.766495895196094,7916785
2023-11-06,62.06153106689453,63.30466980949762,61.20089206311402,62.25278093630582,12706549
2023-11-07,62.20497131347656,63.35248510655467,60.6271343762081,62.15715519888382,8820302
2023-11-08,64.88250732421875,64.88250732421875,62.2527814708032,62.77872955977228,14095261
2023-11-09,63.49592590332031,64.8825056724449,61.77464792480069,64.02186668318511,9371806
2023-11-10,60.05337142944336,61.9659028530654,59.86211792229543,61.20088882447369,10589343
2023-11-13,57.423648834228516,60.24462818516903,57.423648834228516,59.909937265505505,7916143
2023-11-14,57.04114532470703,58.04522172939945,56.41957230625783,57.61490222800058,6203637
2023-11-15,56.51519775390625,58.045222256341184,56.46738528617398,57.85396873755463,4913976
2023-11-16,57.806156158447266,57.997409676865324,56.610826228156206,56.706451163436505,7368109
2023-11-17,59.28836441040039,59.527430395926196,57.519277576652385,57.806156029711865,9783208
2023-11-20,58.236473083496094,59.862118798402385,58.14084450459395,59.718681401835106,8725176
2023-11-21,57.997406005859375,59.00148235417832,57.997406005859375,58.523350412325755,6401233
2023-11-22,57.1845817565918,58.52335270537736,57.1845817565918,58.093033211277906,5454018
2023-11-23,57.280208587646484,58.332097409661415,56.03706260981052,57.37583351769975,10236948
2023-11-24,57.1845817565918,58.18865814425229,55.8458144556636,57.42364773688512,8987077
2023-11-27,56.706451416015625,57.94959381948398,56.41957296103946,57.80615641592463,6562781
2023-11-28,56.27613067626953,57.662714100766216,56.27613067626953,56.897703688309996,7521366
2023-11-29,55.176429748535156,56.897704101011065,54.31579074836849,56.70645058454542,9502760
2023-11-30,55.989253997802734,56.13269505061108,54.507045592832306,55.176431092842094,7835122
2023-12-01,55.8458137512207,56.89770259209979,55.41549426254933,56.89770259209979,5466231
2023-12-04,57.1845817565918,57.37583527039793,54.93736300097749,56.515196282199014,6731207
2023-12-05,58.236473083496094,58.666788921055236,57.184580602716224,57.184580602716224,11047223
2023-12-06,56.132694244384766,58.52335410447051,55.65456227236762,58.236475650831714,8308630
2023-12-07,56.132694244384766,56.419572698023565,54.79392326359377,56.32394776276312,4640341
2023-12-08,56.75426483154297,57.280212930281856,56.03706685819816,56.27613284931309,4691742
2023-12-11,53.885467529296875,56.70644667086293,53.83765506544467,56.65863420701073,4292759
2023-12-12,52.30763626098633,53.88546951334753,51.87731677475789,53.742032116509584,5758453
2023-12-13,49.72572708129883,52.977026080372944,49.72572708129883,52.737960084789776,4942673
2023-12-14,53.07264709472656,53.07264709472656,50.15604289386711,50.49073380379002,6631194
2023-12-15,55.654563903808594,55.654563903808594,52.92920939470616,53.07265044965907,8152523
2023-12-18,52.73795700073242,55.4154952651129,51.92513047456829,55.36768279836381,6100756
2023-12-19,50.34729766845703,52.97702349135568,49.677912183965894,52.59451645797291,7613915
2023-12-20,50.68198776245117,51.87731766250898,50.34729684957793,50.68198776245117,5303037
2023-12-21,51.35137176513672,51.78169124640285,49.96478839121574,50.72979877576817,5807321
2023-12-22,50.82543182373047,52.7379597772427,50.82543182373047,51.49481368917369,5695099
2023-12-25,50.203857421875,50.538548345544505,48.291329520089285,50.538548345544505,2836563
2023-12-26,51.44699478149414,51.44699478149414,49.151963713209206,50.15604003357494,4301991
2023-12-27,51.35137176513672,51.82950371146414,49.91697592615445,51.4469966952593,4293980
2023-12-28,51.06449508666992,52.06857147898802,50.87324157197662,51.638251982892434,4493348
2023-12-29,51.59043884277344,51.92512975322496,50.490733883534446,51.59043884277344,4018992
2024-01-02,51.49481201171875,52.40326348961557,50.82543016808079,52.116385035505374,5776301
2024-01-03,51.35137176513672,51.78169124640285,50.490732802604455,51.59043773830043,6522278
2024-01-04,51.35137176513672,51.49480916032059,50.20385436437945,51.39918423019801,5434300
2024-01-05,51.44699478149414,52.212005137589124,50.63417196211644,51.78168932018747,7972148
2024-01-08,52.35544967651367,53.120460083767966,51.63825173573951,51.781692783037286,9560352
2024-01-09,50.53854751586914,52.92920735385457,50.347297647116235,52.69014137005603,9395175
2024-01-10,51.686065673828125,51.97294412873433,50.156044815756694,50.586364322044744,8502358
2024-01-11,52.4988899230957,53.31171278443293,51.877316924762084,51.925129390512986,7842346
2024-01-12,52.97702407836914,53.55078098694341,51.30356217252716,52.40326352193741,8226585
2024-01-15,53.02483367919922,53.694219134915656,52.594514197105994,53.21608718766924,7228060
2024-01-16,53.26390075683594,54.17235220500527,53.02483477825755,53.26390075683594,8178723
2024-01-17,53.4073371887207,53.83765667194549,52.40326082643438,53.120458749189936,7175314
2024-01-18,53.31171417236328,54.363603037697445,52.69014115784748,54.315790570701786,5117888
2024-01-19,51.829505920410156,53.5029678038782,51.63825240415662,53.35952675472369,6644591
2024-01-22,53.55078125,53.69422230177692,52.11638532366071,52.212010259607005,7764785
2024-01-23,55.750186920166016,56.515197341877375,53.981100091967406,54.2201660767433,12946137
2024-01-24,58.33209991455078,58.810231881063494,55.75018656581066,56.75426296591587,12186689
2024-01-25,58.66679000854492,59.04929703552935,57.85396713602471,58.37991156223528,7428376
2024-01-26,58.90585708618164,60.24462805771836,58.284287715570436,59.00148566863851,8824907
2024-01-29,59.28836441040039,60.34025328757097,59.001485957340904,59.28836441040039,8862373
2024-01-30,59.67087173461914,60.81838555240002,58.61897920451005,59.47961821570317,7490613
2024-01-31,61.009639739990234,61.91809122890474,59.38399028317336,59.766497325197626,7573468
2024-02-01,61.67902374267578,62.34840557818633,61.10526684142176,61.20089177567829,6382345
2024-02-02,62.63528823852539,62.63528823852539,60.053374864007054,61.870274166181105,8553532
2024-02-05,62.8265380859375,63.256861237367964,61.679024273552706,62.63528821577833,9543495
2024-02-06,65.98221588134766,65.98221588134766,63.11342388650645,63.11342388650645,12476480
2024-02-07,65.69532775878906,67.03409869315622,65.02594593946282,65.98220985033726,8327415
2024-02-08,67.65567016601562,67.99036106811803,64.7390623854493,65.69532627472161,9865379
2024-02-09,68.37287139892578,68.99444441624081,67.03410042987377,67.89473943110113,9046074
2024-02-12,67.846923828125,68.56412178527522,67.32098303697711,68.08598981384173,9532245
2024-02-13,66.6037826538086,68.32505331084354,66.1256506997909,68.32505331084354,11112071
2024-02-14,67.22535705566406,67.51223185663083,66.03002714568224,66.55596792864537,8543807
2024-02-15,69.18569946289062,69.99852240988064,67.41661250868523,67.89474451229292,10973908
2024-02-16,69.9507064819336,70.14195634566494,68.7553765943261,69.23350854936909,9010973
2024-02-19,67.03409576416016,70.95477616829179,67.03409576416016,70.76352631275925,16435969
2024-02-20,68.3250503540039,68.7075573598076,66.50815484393644,67.17753663230715,8270894
2024-02-21,67.65567016601562,68.61193405528793,66.74722238949273,68.37286808296986,6278103
2024-02-22,66.55596160888672,68.80318016712708,66.26908683515987,68.6597464281207,8617234
2024-02-23,67.36878967285156,67.70348787857728,66.69940785282947,66.8906577169173,6713628
2024-02-26,66.50816345214844,67.70349344017616,66.50816345214844,67.46442744257061,7246854
2024-02-27,64.54782104492188,66.65159896069241,64.2609389219916,66.55597401828746,10299514
2024-02-28,62.15715408325195,64.73906371919348,62.15715408325195,64.54781385568472,11091410
2024-02-29,64.06968688964844,64.45219394216252,62.68310703196452,62.730915853706776,10427879
2024-03-01,62.96997833251953,64.64344021005043,62.4440375484387,64.30874929368721,7046449
2024-03-04,61.7746467590332,64.49999742716275,61.58339689645782,63.44810859156893,11506010
2024-03-05,60.57931900024414,62.157155956750785,59.95774962939109,61.77464892248935,8328374
2024-03-06,60.05337142944336,60.67494441570982,59.47961455585681,60.57931583820723,7107358
2024-03-07,63.83061981201172,63.83061981201172,60.53150839552725,60.53150839552725,11084642
2024-03-08,64.21312713623047,64.50000195021057,63.20904704801231,63.83062008854188,6666785
2024-03-11,62.92216491699219,65.98220635122716,62.92216491699219,65.16938352923171,7138808
2024-03-12,63.63936233520508,64.73905992957972,61.822459555368816,63.1134142977713,11490068
2024-03-13,63.591552734375,64.26093458171401,62.01371575625879,63.63936885020562,7422334
2024-03-14,61.535579681396484,63.92623939936616,61.200888780023625,63.68717342756919,9729751
2024-03-15,62.58747100830078,62.58747100830078,61.24870734911673,61.58339826391274,5558862
2024-03-18,61.39213943481445,62.53966049174039,60.86619866747364,62.53966049174039,4738267
2024-03-19,60.8661994934082,61.20089040366029,59.001484134350214,60.531504935298784,10547053
2024-03-20,61.10526657104492,61.96590556697523,60.38806862372213,61.43995748731927,6030688
2024-03-21,60.05337142944336,61.9659028530654,59.52742702067948,61.7268368810948,9060355
2024-03-22,59.86212158203125,61.2965175015482,59.38398960885893,60.818385528375885,7171925
2024-03-25,58.95367431640625,61.24870926877604,58.95367431640625,59.86212215585586,11690784
2024-03-26,56.08488082885742,59.14492247976309,55.65456133174337,58.95367261247453,11425941
2024-03-27,55.415496826171875,56.563014299762706,55.27205577402646,56.22831972737591,9713986
2024-03-28,55.36768341064453,56.18050629793984,55.272054828231454,55.75018679672456,9018121
2024-03-29,56.41957092285156,57.04114392605981,55.60674805513986,55.84581403362652,6166897
2024-04-01,57.1845817565918,57.42364773688512,55.8458144556636,57.088956823617416,5725661
2024-04-02,55.654563903808594,58.57116828903817,55.654563903808594,57.32802585492397,7394373
2024-04-03,56.99332809448242,57.18458160779089,55.032987790749665,55.654560797037846,5604371
2024-04-04,58.66679000854492,59.097109501938064,56.99332814923842,56.99332814923842,8011643
2024-04-05,62.15715408325195,62.15715408325195,58.85804286772327,59.09710884496655,9170702
2024-04-08,61.918087005615234,62.68310103748392,61.487771172510655,62.25277790866485,6702176
2024-04-15,61.009639739990234,61.29651819757969,59.5752438041855,60.96182727170158,9457523
2024-04-16,60.1011848449707,60.866198885663714,59.6708690069025,60.14900095840699,8447745
2024-04-17,56.180503845214844,58.33209760949967,55.94143787140542,57.90177812707125,25755773
2024-04-18,54.315792083740234,56.61082704203725,54.076726094245025,56.180507531374374,12974750
2024-04-19,54.74610900878906,55.46330694340202,53.69422016383299,53.789845095971785,11295629
2024-04-22,53.502967834472656,55.31986712027675,53.35952678523612,55.27205465315037,11231490
2024-04-24,53.359527587890625,54.02891308130125,52.977024197268456,53.789847094215844,13722369
2024-04-25,55.032989501953125,55.702374995418054,53.59859357932433,53.78984709857966,15625018
2024-04-26,55.032989501953125,55.46330900831325,54.17235413709033,55.31986795690739,11353721
2024-04-29,55.5111198425293,55.89362686978319,54.45923098936715,55.55893230897169,12600282
2024-04-30,55.750186920166016,56.610825924502194,55.27205495061423,55.89362797017452,13532054
2024-05-02,56.897705078125,57.13677106584821,55.750187607482076,55.750187607482076,13257746
2024-05-03,59.00148391723633,59.00148391723633,56.70644907640141,57.280209610538805,14100813
2024-05-06,58.71460723876953,59.47961765942119,58.37991267183244,59.04929815784919,7686357
2024-05-07,59.14492416381836,59.14492416381836,57.32802483784205,58.76242077049269,8768147
2024-05-08,59.90993881225586,60.19681727192512,58.714608857086006,59.240553307789234,11372008
2024-05-09,61.29651641845703,61.344332533215336,60.19681508830657,60.24462755520748,10852165
2024-05-10,61.870269775390625,62.30059289643833,61.009634476866786,61.3921378380361,10492665
2024-05-13,61.43995666503906,62.77872760793383,61.248706799931824,62.252779535316876,12966752
2024-05-14,62.20497131347656,62.73091209542287,61.05745022468369,61.48777336887406,14293987
2024-05-15,62.77872848510742,62.9699783528869,61.39214140870446,62.39622145383368,9958701
2024-05-16,61.82246398925781,63.209043757262194,61.583398008862936,63.11341882424719,7389841
2024-05-17,63.974056243896484,63.974056243896484,62.348403239650395,62.587469214182356,13759014
2024-05-20,65.8387680053711,65.8387680053711,63.40029943966968,63.9740563200868,11968836
2024-05-21,63.11342239379883,65.98221432078968,62.491849350474446,65.83877326529712,14328972
2024-05-22,63.11342239379883,64.16531130788579,62.15715841813521,63.92624531396988,9194860
2024-05-23,63.49592590332031,64.21312384508435,62.34840481906898,62.587470799657,8857270
2024-05-24,62.5396614074707,63.448109207088685,62.30059542907496,63.448109207088685,5638539
2024-05-27,62.58747100830078,63.06560297107074,62.25278009350477,62.53966218945265,8549369
2024-05-28,62.68310546875,62.969980279194964,62.01371631961504,62.58747323621999,6283837
2024-05-29,62.20497131347656,63.20904405849121,61.965905331942395,63.06560301042776,8471372
2024-05-30,57.423648834228516,60.14900325036729,57.041145447164126,59.8621211502472,18828249
2024-05-31,55.989253997802734,58.093035434466,55.032990040033745,57.71052839221541,16872762
2024-06-03,57.47146224975586,57.662715770371946,56.22831983753753,56.37176088996397,10878550
2024-06-04,57.66271209716797,58.61897599147542,57.375833658447185,58.2364726224668,6888255
2024-06-05,57.423648834228516,58.14084678881386,56.84989192970321,57.6627148190903,8846635
2024-06-06,56.61082458496094,58.28428643879424,56.5630121187086,57.56708850143711,5866412
2024-06-07,56.51519775390625,57.56709028330354,56.41957281844171,56.65863880496053,4555372
2024-06-10,56.94551467895508,57.66271260601461,56.22831675189555,56.467382727582056,6737424
2024-06-11,57.37583541870117,58.14084582804571,56.46738396166693,56.70644994257818,8596151
2024-06-12,59.04929733276367,59.33617578051736,57.28021053173475,57.375835465033525,8735937
2024-06-13,61.82246398925781,62.252779835682695,60.14900212649368,60.19681459300118,16239264
2024-06-14,61.34433364868164,62.109340428721595,59.957750196197736,61.82246562209971,6937194
2024-06-20,61.48777389526367,62.15715573100394,60.48369384593845,61.77464869813171,5748535
2024-06-21,60.818382263183594,61.9180872015824,60.292437850502225,61.77464615818873,6004845
2024-06-24,61.48777389526367,61.63120764884028,59.86212082948544,60.866200878810666,9026249
2024-06-25,61.10526657104492,61.77464840359361,60.57931849138895,61.58339853592678,7083731
2024-06-26,58.28428649902344,61.153078251416474,58.28428649902344,61.153078251416474,9274380
2024-06-27,60.62713623046875,60.62713623046875,58.666792203646196,58.810233256096744,5703162
2024-06-28,60.292442321777344,61.20089381897425,59.76649787009204,60.674949367288946,6276017
2024-07-01,59.78694152832031,61.55549830572124,58.41140194907453,61.408117324919814,8106596
2024-07-02,59.59043884277344,60.13082952826491,58.85354143127032,59.83607131327447,5499226
2024-07-03,58.5096549987793,60.720347281464065,57.67450608009782,60.523840551170146,10291246
2024-07-04,59.639564514160156,59.68869025858934,58.3622764187312,58.7552861222187,7693723
2024-07-05,60.327335357666016,60.67121931203489,58.90266630032322,59.93432191148386,8560531
2024-07-08,61.506370544433594,61.85025825996384,60.37646340268775,60.52384063958287,11628827
2024-07-09,62.19414138793945,62.8819130616622,60.769472295525354,61.89938317007373,11084998
2024-07-10,63.22579574584961,63.815312169658974,61.94850766222665,62.24326587413133,15710949
2024-07-11,63.22579574584961,64.01182264166745,62.58715357806514,63.569679701729406,10937483
2024-07-12,64.01182556152344,64.5030905197913,63.17667663168976,63.37317961655355,11465608
2024-07-16,65.04347229003906,65.38736373029339,63.717058507697914,64.35570440174595,11848152
2024-07-17,64.89610290527344,65.387367855363,64.35570846173162,65.09260588686595,9092893
2024-07-18,65.3382339477539,66.41901526571324,64.99435000514517,65.04347199917056,12491744
2024-07-19,64.06094360351562,65.73124885613942,63.52055668045832,65.33823541457453,10258954
2024-07-22,62.88191223144531,64.15920407208978,62.390647292137146,64.11007457971573,9041265
2024-07-23,63.71706008911133,64.15920302493724,62.58715299597636,62.83278546162144,7787322
2024-07-24,62.88191223144531,64.01182309107571,62.63627976179123,63.32404767837943,7833116
2024-07-25,61.850257873535156,63.12754599225001,61.45724441482868,62.931043010950894,6075564
2024-07-26,62.43977355957031,62.587154541819125,61.70287614443443,61.89938287141481,5935990
2024-07-29,61.6046257019043,62.68540709658253,61.35899322601796,62.34152312956331,7757509
2024-07-30,61.064231872558594,61.948506491562156,60.8677251523176,61.7028740282744,6532676
2024-07-31,58.755287170410156,61.06423468031368,58.31314796655168,60.91685369634282,9462492
2024-08-01,59.934322357177734,60.76947125145778,59.148299207022276,59.54130890807299,8088971
2024-08-02,59.3939323425293,60.474713717620496,58.8044121622535,59.24655136044683,8559086
2024-08-05,56.44634246826172,57.42887235022257,54.333901722824265,55.9550775272813,9025710
2024-08-06,56.593719482421875,58.460527750135206,56.053328799048245,57.96926281105844,5971618
2024-08-07,56.544593811035156,57.3306169649607,56.15158410809941,56.93760726202495,6433172
2024-08-08,58.06751251220703,58.50965169337692,56.83935020232064,57.13411215513651,10698447
2024-08-09,58.06751251220703,59.78693974604798,58.06751251220703,58.46052595059224,9352592
2024-08-12,58.165767669677734,58.70615833570947,56.88847961867894,58.21489341239809,7694184
2024-08-13,58.41140365600586,58.80441336953768,57.08498603419384,58.018390194419894,10022364
2024-08-14,56.790225982666016,59.344805904576624,56.790225982666016,59.344805904576624,6811722
2024-08-15,57.13411331176758,57.52712301005501,55.80769574140573,57.13411331176758,6555885
2024-08-16,56.397216796875,58.21489558163698,56.397216796875,57.37974668010938,5313852
2024-08-19,57.477996826171875,57.57624831297793,56.15158301402027,56.59371845270149,4448684
2024-08-20,55.955078125,57.62537969178661,55.856822886921904,57.33061772560643,6508080
2024-08-21,54.92341995239258,56.29895948950726,54.87429046159419,56.004201284986536,7163916
2024-08-22,54.579532623291016,55.709443454264836,53.79350948994372,55.218178527416036,7044539
2024-08-23,52.270591735839844,55.16905570743142,52.270591735839844,54.87429373726125,7966447
2024-08-26,52.17233657836914,53.10574073991427,51.97583359535261,52.712731025827054,5034523
2024-08-27,52.56534957885742,52.61447532418011,51.43543869616501,52.56534957885742,6238093
2024-08-28,52.712730407714844,53.35137259113812,52.467097933770326,52.66360091448266,4581659
2024-08-29,51.87757873535156,52.90923439595305,51.681072002843145,52.76185715761237,6416605
2024-09-02,53.84263610839844,53.89176185227122,52.17233458034574,52.27058981614532,5557014
2024-09-03,52.860107421875,54.23565076942526,52.71273018695796,54.088269786454134,4131395
2024-09-04,53.49875259399414,53.99001753287737,52.07408352162198,52.565348460505206,4928710
2024-09-05,53.84263610839844,54.38302678710707,53.302245429689805,53.59700364098051,3560959
2024-09-06,52.9583625793457,54.28477643185259,52.860107341496324,54.088269704207924,3002080
2024-09-09,51.38631057739258,52.95836059148699,51.18980385712403,52.51622140789625,4649899
2024-09-10,51.4354362487793,52.07408215174873,51.14067804281415,51.582817225788844,4106360
2024-09-11,46.670169830322266,49.00859202074935,46.29680742222454,49.00859202074935,20276935
2024-09-12,44.86231231689453,46.74877155752268,44.31209425753343,46.68981841785953,16687779
2024-09-13,46.11994934082031,46.11994934082031,44.62650353423702,45.333926218422235,8595367
2024-09-16,44.9998664855957,46.35575873122079,44.82301081233791,46.11994991752575,7834407
2024-09-17,45.92344665527344,46.0020470939724,44.92126576249772,45.11776873327209,9056160
2024-09-18,44.9998664855957,46.139600964338165,44.9998664855957,46.08065157195486,6465463
2024-09-19,45.353580474853516,45.628687650149864,44.78371507630333,45.196375839247864,9923159
2024-09-20,45.25532913208008,45.98239916862909,45.25532913208008,45.58938945234843,6513293
2024-09-23,44.901615142822266,45.648336183806336,44.78371260962562,45.43218216428813,4283714
2024-09-24,45.216026306152344,45.64833811149888,44.66580821457612,45.07847272027181,9750130
2024-09-25,45.60903549194336,46.257508814591986,45.33392832334387,45.4518308601645,8525680
2024-09-26,45.844844818115234,46.82737471455839,45.844844818115234,45.864495865810596,7812588
2024-09-27,47.51514434814453,47.593744787491396,45.333926872473384,45.982396426314274,14309905
2024-09-30,47.39724349975586,48.222568756529476,46.90597855520142,47.515146036993784,8576193
2024-10-01,47.279998779296875,48.79999923706055,46.5,47.79999923706055,9895309
2024-10-02,46.900001525878906,47.939998626708984,46.439998626708984,47.279998779296875,7003001
2024-10-03,44.779998779296875,48.060001373291016,44.779998779296875,47.02000045776367,11845919
2024-10-04,45.599998474121094,45.779998779296875,44.29999923706055,44.97999954223633,7794509
2024-10-07,45.47999954223633,46.119998931884766,45.380001068115234,45.70000076293945,4791937
2024-10-08,45.58000183105469,46.36000061035156,45.2400016784668,45.5,4176905
2024-10-09,44.86000061035156,46.13999938964844,43.779998779296875,45.720001220703125,7163833
2024-10-10,45.91999816894531,46.20000076293945,44.720001220703125,44.959999084472656,7497563
2024-10-11,44.619998931884766,45.959999084472656,44.41999816894531,45.91999816894531,5704709
2024-10-14,42.5,44.65999984741211,42.439998626708984,44.619998931884766,7692736
2024-10-15,42.2599983215332,42.79999923706055,41.79999923706055,42.779998779296875,8553150
2024-10-16,42.279998779296875,42.5,41.880001068115234,42.31999969482422,10031938
2024-10-17,42.08000183105469,42.7599983215332,41.79999923706055,42.36000061035156,9513086
2024-10-18,41.0,42.52000045776367,41.0,42.15999984741211,8041771
2024-10-21,40.060001373291016,41.099998474121094,40.060001373291016,41.099998474121094,4603005
2024-10-22,40.15999984741211,40.560001373291016,39.63999938964844,40.119998931884766,8884571
2024-10-23,39.040000915527344,40.560001373291016,39.0,40.15999984741211,6785406
2024-10-24,39.7400016784668,39.97999954223633,39.41999816894531,39.58000183105469,6374986
2024-10-25,39.540000915527344,39.720001220703125,39.119998931884766,39.65999984741211,6145959
2024-10-28,39.939998626708984,40.13999938964844,39.47999954223633,39.86000061035156,2656468
2024-10-30,39.880001068115234,40.13999938964844,39.68000030517578,40.02000045776367,7179403
2024-10-31,39.29999923706055,40.040000915527344,39.13999938964844,39.959999084472656,5744567
2024-11-01,39.599998474121094,39.84000015258789,39.2400016784668,39.34000015258789,4832121
2024-11-04,39.15999984741211,40.13999938964844,39.08000183105469,39.58000183105469,6220722
2024-11-05,39.02000045776367,39.5,38.099998474121094,39.36000061035156,3828407
2024-11-06,41.29999923706055,42.91999816894531,39.31999969482422,39.34000015258789,14325598
2024-11-07,42.47999954223633,42.47999954223633,41.099998474121094,41.31999969482422,8827213
2024-11-08,42.2400016784668,42.720001220703125,41.65999984741211,42.70000076293945,7204036
2024-11-11,40.439998626708984,41.20000076293945,40.29999923706055,41.20000076293945,9404889
2024-11-12,39.7400016784668,40.560001373291016,39.65999984741211,40.439998626708984,5495607
2024-11-13,39.119998931884766,39.97999954223633,38.91999816894531,39.79999923706055,5384491
2024-11-14,39.380001068115234,39.63999938964844,39.099998474121094,39.29999923706055,4989360
2024-11-15,39.81999969482422,40.13999938964844,39.5,39.5,5753001
2024-11-18,40.400001525878906,40.5,39.36000061035156,39.91999816894531,14223766
2024-11-19,38.91999816894531,40.70000076293945,38.70000076293945,40.560001373291016,10441777
2024-11-20,37.7400016784668,39.2599983215332,37.18000030517578,39.119998931884766,7136507
2024-11-21,39.279998779296875,39.279998779296875,37.81999969482422,37.86000061035156,5306415
2024-11-22,39.880001068115234,40.02000045776367,39.040000915527344,39.400001525878906,5718791
2024-11-25,40.70000076293945,40.91999816894531,40.18000030517578,40.36000061035156,9534701
2024-11-26,40.58000183105469,40.779998779296875,40.099998474121094,40.70000076293945,3800234
2024-11-27,40.36000061035156,40.959999084472656,40.18000030517578,40.79999923706055,6211818
2024-11-28,40.400001525878906,40.779998779296875,40.099998474121094,40.400001525878906,7997837
2024-11-29,41.040000915527344,41.34000015258789,40.439998626708984,40.540000915527344,12919084
2024-12-02,41.52000045776367,41.91999816894531,40.720001220703125,40.900001525878906,13093158
2024-12-03,41.29999923706055,41.880001068115234,41.099998474121094,41.540000915527344,10799096
2024-12-04,42.31999969482422,42.5,41.29999923706055,41.47999954223633,8997328
2024-12-05,43.119998931884766,43.560001373291016,42.400001525878906,42.400001525878906,8555527
2024-12-06,42.599998474121094,43.5,42.13999938964844,43.400001525878906,7685860
2024-12-09,43.220001220703125,43.380001068115234,42.400001525878906,42.779998779296875,8554145
2024-12-10,42.599998474121094,43.540000915527344,42.29999923706055,43.31999969482422,6185220
2024-12-11,42.08000183105469,43.29999923706055,41.91999816894531,42.599998474121094,10234744
2024-12-12,41.7599983215332,42.459999084472656,41.70000076293945,42.279998779296875,5373262
2024-12-13,41.68000030517578,41.81999969482422,41.18000030517578,41.7400016784668,6031000
2024-12-16,41.119998931884766,42.119998931884766,41.119998931884766,41.880001068115234,6907430
2024-12-17,40.81999969482422,41.36000061035156,40.18000030517578,41.220001220703125,8261402
2024-12-18,40.52000045776367,41.060001373291016,40.220001220703125,40.81999969482422,4223959
2024-12-19,39.63999938964844,40.34000015258789,39.58000183105469,40.34000015258789,4535537
2024-12-20,39.91999816894531,39.91999816894531,39.15999984741211,39.68000030517578,3810086
2024-12-23,39.58000183105469,40.040000915527344,39.279998779296875,39.91999816894531,3169228
2024-12-24,39.380001068115234,39.779998779296875,39.099998474121094,39.619998931884766,3233706
2024-12-25,40.060001373291016,40.36000061035156,39.91999816894531,40.040000915527344,5094187
2024-12-26,40.560001373291016,40.81999969482422,40.15999984741211,40.29999923706055,6425158
2024-12-27,41.560001373291016,41.7400016784668,40.619998931884766,40.70000076293945,7479413
2024-12-30,41.060001373291016,41.959999084472656,41.0,41.599998474121094,8358008
2024-12-31,41.20000076293945,41.79999923706055,40.34000015258789,41.060001373291016,8227433
2025-01-02,41.08000183105469,41.619998931884766,40.68000030517578,41.5,7831755
2025-01-03,42.0,42.220001220703125,41.099998474121094,41.400001525878906,8890775
2025-01-06,41.84000015258789,42.2400016784668,41.65999984741211,42.15999984741211,7660303
2025-01-07,41.20000076293945,41.880001068115234,41.15999984741211,41.86000061035156,6422642
2025-01-08,40.29999923706055,41.220001220703125,40.119998931884766,41.20000076293945,6888199
2025-01-09,40.86000061035156,41.2599983215332,40.380001068115234,40.47999954223633,7203870
2025-01-10,40.5,41.63999938964844,40.5,40.97999954223633,9372835
2025-01-13,39.0,40.439998626708984,38.7400016784668,40.439998626708984,10777189
2025-01-14,38.41999816894531,39.380001068115234,38.31999969482422,39.20000076293945,6077639
2025-01-15,38.560001373291016,38.63999938964844,37.79999923706055,38.58000183105469,7441349
2025-01-16,38.880001068115234,39.02000045776367,38.0,38.939998626708984,5979499
2025-01-17,39.099998474121094,39.34000015258789,38.68000030517578,38.880001068115234,6014596
2025-01-20,39.279998779296875,39.779998779296875,39.02000045776367,39.34000015258789,6913935
2025-01-21,39.15999984741211,39.47999954223633,38.91999816894531,39.279998779296875,6563973
2025-01-22,39.86000061035156,40.0,39.040000915527344,39.439998626708984,10610240
2025-01-23,39.540000915527344,40.20000076293945,39.220001220703125,39.900001525878906,7185213
2025-01-24,39.34000015258789,40.040000915527344,39.040000915527344,39.58000183105469,7610087
2025-01-27,38.2599983215332,39.29999923706055,38.20000076293945,39.29999923706055,7572608
2025-01-28,38.439998626708984,38.63999938964844,38.119998931884766,38.41999816894531,6868182
2025-01-29,39.119998931884766,39.79999923706055,38.58000183105469,38.58000183105469,12951875
2025-01-30,39.380001068115234,40.119998931884766,38.900001525878906,39.08000183105469,12109494
2025-01-31,38.900001525878906,39.5,38.63999938964844,39.5,10844557
2025-02-03,38.08000183105469,38.900001525878906,37.900001525878906,38.79999923706055,7396578
2025-02-04,39.41999816894531,39.599998474121094,38.119998931884766,38.400001525878906,8643289
2025-02-05,38.70000076293945,39.720001220703125,38.29999923706055,39.34000015258789,8429087
2025-02-06,39.400001525878906,39.97999954223633,38.68000030517578,39.0,7951379
2025-02-07,40.08000183105469,40.20000076293945,39.29999923706055,39.47999954223633,7973844
2025-02-10,39.900001525878906,40.63999938964844,39.900001525878906,40.18000030517578,7362423
2025-02-11,40.29999923706055,40.540000915527344,39.02000045776367,39.900001525878906,8269915
2025-02-12,39.79999923706055,40.599998474121094,39.79999923706055,40.47999954223633,7363506
2025-02-13,40.47999954223633,40.68000030517578,39.97999954223633,40.15999984741211,6398771
2025-02-14,40.08000183105469,40.880001068115234,40.040000915527344,40.58000183105469,6800650
2025-02-17,39.70000076293945,40.459999084472656,39.5,40.20000076293945,5579613
2025-02-18,39.15999984741211,39.68000030517578,38.540000915527344,39.65999984741211,10603531
2025-02-19,37.779998779296875,39.380001068115234,37.65999984741211,39.20000076293945,16360310
2025-02-20,38.70000076293945,38.79999923706055,37.5,37.79999923706055,14021953
2025-02-21,37.599998474121094,39.41999816894531,37.31999969482422,38.70000076293945,10662944
2025-02-24,38.20000076293945,38.68000030517578,37.70000076293945,38.02000045776367,6065886
2025-02-25,37.29999923706055,38.34000015258789,37.13999938964844,38.34000015258789,8534025
2025-02-26,37.599998474121094,37.84000015258789,36.7599983215332,37.29999923706055,7914149
2025-02-27,38.34000015258789,38.959999084472656,37.68000030517578,37.70000076293945,10928683
2025-02-28,38.119998931884766,38.779998779296875,38.0,38.08000183105469,9162093
2025-03-03,38.86000061035156,39.20000076293945,38.36000061035156,38.68000030517578,7917508
2025-03-04,38.220001220703125,39.02000045776367,38.15999984741211,38.720001220703125,6206075
2025-03-05,39.2599983215332,39.34000015258789,38.459999084472656,38.459999084472656,9284711
2025-03-06,40.47999954223633,40.47999954223633,39.279998779296875,39.5,8637443
2025-03-07,40.31999969482422,40.91999816894531,39.720001220703125,40.70000076293945,8744564
2025-03-10,38.720001220703125,40.380001068115234,38.70000076293945,40.380001068115234,12841740
2025-03-11,39.119998931884766,39.279998779296875,38.58000183105469,38.900001525878906,14250841
2025-03-12,39.34000015258789,39.560001373291016,37.52000045776367,37.52000045776367,26022059
2025-03-13,42.540000915527344,42.81999969482422,39.560001373291016,39.560001373291016,30725472
2025-03-14,42.720001220703125,43.31999969482422,42.31999969482422,42.540000915527344,13685098
2025-03-17,42.36000061035156,43.119998931884766,41.86000061035156,42.81999969482422,11994832
2025-03-18,42.599998474121094,42.900001525878906,41.13999938964844,42.220001220703125,10371837
2025-03-19,38.34000015258789,40.939998626708984,38.34000015258789,39.02000045776367,11961422
2025-03-20,38.15999984741211,39.18000030517578,37.20000076293945,38.29999923706055,18101669
2025-03-21,34.36000061035156,37.86000061035156,34.36000061035156,37.79999923706055,12958244
2025-03-24,33.41999816894531,35.119998931884766,31.8799991607666,34.439998626708984,21754392
2025-03-25,36.7599983215332,36.7599983215332,33.65999984741211,33.79999923706055,20057684
2025-03-26,36.900001525878906,38.560001373291016,35.81999969482422,37.599998474121094,17667714
2025-03-27,36.220001220703125,37.68000030517578,36.02000045776367,37.5,9655795
2025-03-28,36.619998931884766,37.0,35.2599983215332,36.36000061035156,9002144
2025-04-02,36.439998626708984,37.02000045776367,36.20000076293945,36.5,5753913
2025-04-03,36.0,37.0,35.939998626708984,36.439998626708984,5707999
2025-04-04,35.70000076293945,36.2599983215332,35.060001373291016,36.0,6290512
2025-04-07,35.68000030517578,36.31999969482422,34.0,34.599998474121094,10851522
2025-04-08,37.119998931884766,37.7400016784668,36.279998779296875,36.279998779296875,13993765
2025-04-09,36.70000076293945,37.36000061035156,36.29999923706055,36.86000061035156,8518128
2025-04-10,35.439998626708984,38.29999923706055,35.439998626708984,38.29999923706055,14639363
2025-04-11,35.900001525878906,36.0,35.2599983215332,35.70000076293945,9339960
2025-04-14,36.099998474121094,36.560001373291016,35.959999084472656,36.459999084472656,6034581
2025-04-15,36.900001525878906,37.939998626708984,36.20000076293945,36.400001525878906,12618074
2025-04-16,36.619998931884766,37.29999923706055,36.439998626708984,36.900001525878906,9151872
2025-04-17,38.15999984741211,38.36000061035156,36.5,36.619998931884766,15754899
2025-04-18,37.97999954223633,38.36000061035156,37.2400016784668,38.29999923706055,5477445
2025-04-21,37.5,38.220001220703125,37.18000030517578,38.0,5485643
2025-04-22,37.459999084472656,38.2599983215332,37.29999923706055,37.58000183105469,5922001
2025-04-24,38.36000061035156,38.47999954223633,36.939998626708984,37.619998931884766,8683281
2025-04-25,39.459999084472656,39.68000030517578,38.41999816894531,38.540000915527344,12736524
2025-04-28,38.7400016784668,39.939998626708984,38.65999984741211,39.599998474121094,7971317
2025-04-29,39.15999984741211,39.52000045776367,38.400001525878906,38.7400016784668,9840469
2025-04-30,37.599998474121094,39.880001068115234,37.41999816894531,39.380001068115234,12736723
2025-05-02,37.439998626708984,39.20000076293945,37.18000030517578,37.63999938964844,7103732
2025-05-05,38.560001373291016,38.68000030517578,37.2400016784668,37.70000076293945,6083389
2025-05-06,37.880001068115234,38.97999954223633,37.63999938964844,38.900001525878906,5659784
2025-05-07,37.70000076293945,38.31999969482422,37.560001373291016,38.099998474121094,5388912
2025-05-08,38.29999923706055,38.380001068115234,37.70000076293945,37.97999954223633,2426611
2025-05-09,38.5,38.599998474121094,37.20000076293945,38.2400016784668,8393499
2025-05-12,40.040000915527344,40.2400016784668,39.02000045776367,39.02000045776367,8485712
2025-05-13,38.79999923706055,39.52000045776367,38.5,39.400001525878906,13566590
2025-05-14,38.63999938964844,39.20000076293945,38.060001373291016,38.79999923706055,9906769
2025-05-15,37.900001525878906,38.91999816894531,37.47999954223633,38.63999938964844,6747848
2025-05-16,37.599998474121094,38.220001220703125,37.099998474121094,38.0,7489932
2025-05-20,36.84000015258789,37.97999954223633,36.779998779296875,37.779998779296875,6610126
2025-05-21,36.31999969482422,37.08000183105469,36.31999969482422,36.84000015258789,5694497
2025-05-22,36.63999938964844,37.18000030517578,36.29999923706055,36.52000045776367,6342994
2025-05-23,36.459999084472656,36.84000015258789,36.20000076293945,36.63999938964844,4846617
2025-05-26,36.47999954223633,36.7599983215332,36.31999969482422,36.68000030517578,5960542
2025-05-27,35.86000061035156,36.7599983215332,35.70000076293945,36.52000045776367,4742862
2025-05-28,35.15999984741211,36.040000915527344,34.720001220703125,35.86000061035156,6775732
2025-05-29,34.7400016784668,35.63999938964844,34.540000915527344,35.63999938964844,6887463
2025-05-30,33.18000030517578,34.70000076293945,32.97999954223633,34.65999984741211,13839383
2025-06-02,32.599998474121094,33.29999923706055,32.400001525878906,33.2400016784668,11178363
2025-06-03,33.720001220703125,34.099998474121094,32.81999969482422,32.81999969482422,7538193
2025-06-04,34.47999954223633,34.68000030517578,33.58000183105469,33.86000061035156,6623886
2025-06-05,34.34000015258789,34.459999084472656,34.060001373291016,34.439998626708984,1795968
2025-06-10,35.02000045776367,35.220001220703125,34.599998474121094,34.65999984741211,5575420
2025-06-11,34.84000015258789,35.31999969482422,34.58000183105469,35.02000045776367,5613585
2025-06-12,33.939998626708984,34.5,33.68000030517578,34.47999954223633,6704427
2025-06-13,32.65999984741211,32.65999984741211,31.84000015258789,32.31999969482422,8945567
2025-06-16,32.84000015258789,33.060001373291016,32.15999984741211,32.70000076293945,10708231
2025-06-17,33.18000030517578,33.41999816894531,32.68000030517578,32.84000015258789,6422855
2025-06-18,32.400001525878906,33.02000045776367,32.15999984741211,33.02000045776367,5063856
2025-06-19,32.099998474121094,32.86000061035156,32.040000915527344,32.459999084472656,3792426
2025-06-20,32.560001373291016,32.7400016784668,32.29999923706055,32.459999084472656,3378455
2025-06-23,31.940000534057617,32.2400016784668,31.639999389648438,32.20000076293945,4029028
2025-06-24,33.220001220703125,33.31999969482422,32.720001220703125,32.79999923706055,8402394
2025-06-25,32.79999923706055,33.400001525878906,32.58000183105469,33.31999969482422,6755831
2025-06-26,33.040000915527344,33.29999923706055,32.779998779296875,32.81999969482422,6775742
2025-06-27,32.81999969482422,33.2599983215332,32.20000076293945,33.099998474121094,6291630
2025-06-30,34.79999923706055,35.0,32.880001068115234,33.0,11068888
2025-07-01,35.0,35.15999984741211,34.58000183105469,34.79999923706055,7578246
2025-07-02,35.720001220703125,36.13999938964844,34.880001068115234,35.040000915527344,8278777
2025-07-03,35.91999816894531,36.29999923706055,35.560001373291016,36.040000915527344,5173928
2025-07-04,36.060001373291016,36.540000915527344,35.52000045776367,36.0,5887552
2025-07-07,35.47999954223633,35.619998931884766,35.0,35.380001068115234,4117138
2025-07-08,34.459999084472656,35.7400016784668,34.279998779296875,35.52000045776367,6149370
2025-07-09,35.040000915527344,35.15999984741211,34.400001525878906,34.459999084472656,4195740
2025-07-10,35.52000045776367,35.959999084472656,35.20000076293945,35.20000076293945,4225816
2025-07-11,35.599998474121094,36.15999984741211,35.0,36.0,6520766
2025-07-14,35.540000915527344,35.91999816894531,35.34000015258789,35.5,4922445
2025-07-16,35.7599983215332,36.02000045776367,34.91999816894531,35.599998474121094,7648234
2025-07-17,36.5,36.5,35.79999923706055,35.91999816894531,6728094
2025-07-18,36.79999923706055,37.040000915527344,36.279998779296875,36.63999938964844,5928792
2025-07-21,37.560001373291016,37.91999816894531,36.900001525878906,36.900001525878906,6372994
2025-07-22,37.380001068115234,38.18000030517578,37.29999923706055,37.63999938964844,6498207
2025-07-23,37.41999816894531,37.599998474121094,37.040000915527344,37.52000045776367,4733901
2025-07-24,37.959999084472656,38.2599983215332,37.47999954223633,37.5,6638332
2025-07-25,37.779998779296875,38.13999938964844,37.52000045776367,38.13999938964844,3654106
2025-07-28,37.13999938964844,37.959999084472656,37.02000045776367,37.779998779296875,5352370
2025-07-29,36.880001068115234,37.31999969482422,36.7400016784668,37.15999984741211,5060879
2025-07-30,37.02000045776367,37.29999923706055,36.68000030517578,36.880001068115234,5403277
2025-07-31,37.31999969482422,37.5,36.65999984741211,37.18000030517578,8809350
2025-08-01,37.099998474121094,37.5,36.86000061035156,37.36000061035156,5820799
2025-08-04,37.779998779296875,37.84000015258789,37.18000030517578,37.2400016784668,7554585
2025-08-05,38.29999923706055,38.7400016784668,37.779998779296875,37.84000015258789,7148851
2025-08-06,38.20000076293945,38.459999084472656,37.84000015258789,38.380001068115234,8721006
2025-08-07,38.20000076293945,38.84000015258789,38.099998474121094,38.380001068115234,8210505
2025-08-08,38.2599983215332,38.52000045776367,37.79999923706055,38.2599983215332,7709323
2025-08-11,38.540000915527344,38.91999816894531,38.31999969482422,38.5,6322261
2025-08-12,38.380001068115234,38.619998931884766,37.7599983215332,38.599998474121094,6385641
2025-08-13,37.779998779296875,38.36000061035156,37.65999984741211,38.36000061035156,6040704
2025-08-14,37.29999923706055,37.97999954223633,37.2400016784668,37.779998779296875,4664204
2025-08-15,38.880001068115234,39.13999938964844,36.68000030517578,36.70000076293945,11980627
2025-08-18,38.540000915527344,39.060001373291016,37.79999923706055,38.880001068115234,8546636
2025-08-19,37.7599983215332,38.540000915527344,37.58000183105469,38.400001525878906,7030688
2025-08-20,38.2400016784668,38.380001068115234,37.5,37.63999938964844,6034365
2025-08-21,38.880001068115234,39.0,38.34000015258789,38.5,8253741
2025-08-22,39.599998474121094,39.720001220703125,38.86000061035156,38.97999954223633,10219239
2025-08-25,41.15999984741211,41.20000076293945,39.84000015258789,40.0,7989305
2025-08-26,41.29999923706055,41.81999969482422,40.70000076293945,40.959999084472656,6720750
2025-08-27,40.599998474121094,41.560001373291016,40.20000076293945,41.2400016784668,6045964
2025-08-28,40.720001220703125,41.70000076293945,40.619998931884766,40.619998931884766,4246558
2025-08-29,40.34000015258789,40.959999084472656,40.08000183105469,40.63999938964844,5500616
2025-09-01,40.779998779296875,40.86000061035156,39.7400016784668,40.34000015258789,5076435
2025-09-02,39.34000015258789,40.97999954223633,37.880001068115234,40.959999084472656,8631292
2025-09-03,39.099998474121094,39.439998626708984,38.279998779296875,39.15999984741211,5490879
2025-09-04,38.7400016784668,39.84000015258789,38.52000045776367,39.220001220703125,6197407
2025-09-05,38.08000183105469,38.91999816894531,37.939998626708984,38.84000015258789,4751447
2025-09-08,35.939998626708984,37.29999923706055,35.91999816894531,37.220001220703125,6893762
2025-09-09,35.79999923706055,36.279998779296875,35.380001068115234,36.099998474121094,7101745
2025-09-10,35.939998626708984,36.15999984741211,35.220001220703125,35.91999816894531,8460151
2025-09-11,35.459999084472656,37.5,35.459999084472656,36.060001373291016,10451559
2025-09-12,35.099998474121094,35.65999984741211,34.81999969482422,35.619998931884766,5564819
2025-09-15,37.02000045776367,37.08000183105469,34.36000061035156,35.040000915527344,10425738
2025-09-16,37.400001525878906,37.400001525878906,36.540000915527344,37.099998474121094,5027873
2025-09-17,37.13999938964844,37.68000030517578,36.97999954223633,37.400001525878906,5844915
2025-09-18,36.63999938964844,37.5,36.540000915527344,37.2599983215332,5667874
2025-09-19,37.099998474121094,37.15999984741211,36.400001525878906,36.68000030517578,6492194
2025-09-22,37.540000915527344,38.0,37.18000030517578,37.81999969482422,9031971
2025-09-23,36.84000015258789,37.36000061035156,36.70000076293945,37.279998779296875,9220281
2025-09-24,36.880001068115234,37.29999923706055,36.380001068115234,36.880001068115234,8268826
2025-09-25,36.7599983215332,37.20000076293945,36.34000015258789,37.02000045776367,6897758
2025-09-26,36.13999938964844,36.880001068115234,36.040000915527344,36.70000076293945,4967193
2025-09-29,35.65999984741211,36.29999923706055,35.02000045776367,35.880001068115234,6475906
2025-09-30,36.400001525878906,36.619998931884766,35.52000045776367,35.65999984741211,10989879
2025-10-01,37.29999923706055,37.779998779296875,36.36000061035156,36.560001373291016,9612374
2025-10-02,37.099998474121094,37.599998474121094,36.79999923706055,37.380001068115234,5691431
2025-10-03,37.18000030517578,38.20000076293945,36.81999969482422,37.29999923706055,8192822
2025-10-06,36.2599983215332,37.68000030517578,36.220001220703125,37.2599983215332,6032903
2025-10-07,37.0,37.34000015258789,35.939998626708984,36.29999923706055,5986282
2025-10-08,38.18000030517578,39.119998931884766,36.779998779296875,37.2599983215332,11516030
2025-10-09,37.13999938964844,38.79999923706055,36.7599983215332,38.560001373291016,9073819
2025-10-10,38.0,38.2400016784668,36.900001525878906,37.13999938964844,6115140
2025-10-13,37.439998626708984,38.13999938964844,37.02000045776367,37.560001373291016,8723690
2025-10-14,37.5,38.599998474121094,37.400001525878906,37.65999984741211,9657627
2025-10-15,38.220001220703125,38.279998779296875,37.279998779296875,37.5,7111804
2025-10-16,38.97999954223633,40.0,37.959999084472656,38.279998779296875,12980799
2025-10-17,39.619998931884766,40.0,37.599998474121094,38.79999923706055,13990180
2025-10-20,41.779998779296875,42.52000045776367,39.540000915527344,40.119998931884766,21840768
2025-10-21,42.040000915527344,42.68000030517578,41.70000076293945,42.0,9615583
2025-10-22,43.099998474121094,43.619998931884766,41.560001373291016,41.81999969482422,11275617
2025-10-23,43.20000076293945,44.08000183105469,42.779998779296875,43.20000076293945,8723314
2025-10-24,44.47999954223633,45.18000030517578,42.7599983215332,43.380001068115234,13627529
2025-10-27,44.619998931884766,44.880001068115234,44.040000915527344,44.47999954223633,5927514
2025-10-28,45.5,45.5,44.20000076293945,44.619998931884766,2934318
2025-10-30,43.900001525878906,46.220001220703125,43.439998626708984,45.720001220703125,9910294
2025-10-31,44.2599983215332,44.65999984741211,42.84000015258789,43.900001525878906,7984824
2025-11-03,45.20000076293945,45.58000183105469,43.97999954223633,45.0,6805955
2025-11-04,44.86000061035156,45.15999984741211,43.720001220703125,45.099998474121094,8852861
2025-11-05,45.040000915527344,45.18000030517578,43.7400016784668,45.0,9643153
2025-11-06,48.099998474121094,49.34000015258789,46.63999938964844,49.0,29677377
2025-11-07,47.63999938964844,48.2400016784668,47.2599983215332,48.0,8036153
2025-11-10,48.279998779296875,48.560001373291016,47.439998626708984,47.70000076293945,6613772
2025-11-11,46.720001220703125,48.380001068115234,45.15999984741211,48.279998779296875,9859560
2025-11-12,47.15999984741211,47.68000030517578,46.400001525878906,46.939998626708984,5777889
2025-11-13,46.060001373291016,47.29999923706055,45.619998931884766,47.15999984741211,6589540
2025-11-14,45.29999923706055,46.15999984741211,44.0,45.7400016784668,7325129
2025-11-17,45.91999816894531,46.34000015258789,44.97999954223633,45.52000045776367,4818691
2025-11-18,44.880001068115234,46.29999923706055,44.7400016784668,45.560001373291016,4881513
2025-11-19,45.52000045776367,45.900001525878906,44.619998931884766,45.099998474121094,7440483
2025-11-20,45.52000045776367,46.599998474121094,44.70000076293945,45.599998474121094,7445356
2025-11-21,45.52000045776367,45.560001373291016,44.52000045776367,45.08000183105469,4267462
2025-11-24,44.86000061035156,45.720001220703125,44.599998474121094,45.34000015258789,5497924
2025-11-25,45.220001220703125,45.63999938964844,44.52000045776367,45.15999984741211,4123232
2025-11-26,46.5,46.5,44.959999084472656,45.15999984741211,7613767
2025-11-27,46.65999984741211,47.68000030517578,46.47999954223633,47.0,6060470
2025-11-28,46.0,47.7400016784668,45.41999816894531,46.779998779296875,7826465
2025-12-01,47.0,47.20000076293945,45.81999969482422,46.0,4740299
2025-12-02,47.15999984741211,47.97999954223633,46.91999816894531,47.0,4653036
2025-12-03,47.63999938964844,48.2400016784668,45.81999969482422,47.15999984741211,9819658
2025-12-04,48.0,48.619998931884766,47.279998779296875,47.459999084472656,5716657
2025-12-05,48.34000015258789,48.599998474121094,47.060001373291016,48.099998474121094,5963423
2025-12-08,49.63999938964844,49.63999938964844,48.220001220703125,48.599998474121094,6247373
2025-12-09,49.68000030517578,50.29999923706055,49.220001220703125,49.63999938964844,6552109
2025-12-10,49.880001068115234,50.150001525878906,49.29999923706055,49.68000030517578,4430056
2025-12-11,50.45000076293945,50.900001525878906,49.36000061035156,49.900001525878906,7159959
2025-12-12,50.54999923706055,51.150001525878906,49.880001068115234,50.599998474121094,4168224
2025-12-15,51.54999923706055,51.599998474121094,50.45000076293945,50.75,4914667
2025-12-16,51.29999923706055,51.849998474121094,51.150001525878906,51.54999923706055,4604743
2025-12-17,50.5,51.349998474121094,50.400001525878906,51.29999923706055,3227146
2025-12-18,51.0,51.54999923706055,50.25,50.5,3294067
2025-12-19,51.54999923706055,51.54999923706055,50.5,50.75,2690919
2025-12-22,50.099998474121094,51.54999923706055,49.779998779296875,51.54999923706055,3821624
2025-12-23,49.7599983215332,49.91999816894531,48.84000015258789,49.86000061035156,5109018
2025-12-24,51.0,51.25,49.41999816894531,49.5,4950700
2025-12-25,50.54999923706055,51.75,50.0,51.20000076293945,2872174
2025-12-26,50.79999923706055,50.79999923706055,49.29999923706055,50.20000076293945,5402189
2025-12-29,50.45000076293945,51.400001525878906,49.880001068115234,50.95000076293945,4687485
2025-12-30,50.75,51.04999923706055,50.0,50.79999923706055,3434372
2025-12-31,51.04999923706055,51.5,50.70000076293945,50.849998474121094,3237333
2026-01-02,49.84000015258789,51.650001525878906,49.84000015258789,51.45000076293945,7922236
2026-01-05,50.650001525878906,51.54999923706055,49.959999084472656,50.0,7856181
2026-01-06,52.75,52.95000076293945,50.5,50.650001525878906,10317529
2026-01-07,52.45000076293945,53.599998474121094,52.099998474121094,52.79999923706055,8038838
2026-01-08,53.25,53.25,51.900001525878906,52.70000076293945,4846115
2026-01-09,53.849998474121094,54.099998474121094,53.099998474121094,53.5,5095153
2026-01-12,54.75,55.45000076293945,53.95000076293945,54.29999923706055,6033917
2026-01-13,55.25,56.25,54.75,54.849998474121094,8151828
2026-01-14,55.5,56.099998474121094,54.849998474121094,55.400001525878906,5560369
2026-01-15,55.79999923706055,56.45000076293945,55.04999923706055,55.29999923706055,4746110
2026-01-16,58.5,58.5,55.54999923706055,55.79999923706055,8676246
2026-01-19,57.349998474121094,59.099998474121094,57.0,59.099998474121094,7032989
2026-01-20,57.25,57.54999923706055,56.20000076293945,57.29999923706055,5527405
2026-01-21,59.599998474121094,59.650001525878906,56.849998474121094,57.04999923706055,8624701
2026-01-22,61.349998474121094,61.75,59.29999923706055,59.54999923706055,8374143
2026-01-23,62.599998474121094,62.79999923706055,61.5,61.5,6574659
2026-01-26,63.54999923706055,63.599998474121094,62.0,62.349998474121094,4625593
2026-01-27,62.900001525878906,63.75,61.95000076293945,63.75,4550535
2026-01-28,63.150001525878906,63.29999923706055,62.150001525878906,62.650001525878906,4720786
2026-01-29,64.75,65.69999694824219,62.79999923706055,63.400001525878906,7953960
2026-01-30,64.8499984741211,65.30000305175781,63.70000076293945,64.94999694824219,6039183
2026-02-02,64.94999694824219,65.8499984741211,62.650001525878906,63.29999923706055,3909795
2026-02-03,66.4000015258789,67.4000015258789,64.55000305175781,64.94999694824219,13574896
2026-02-04,65.55000305175781,67.0,65.55000305175781,66.80000305175781,4397482
2026-02-05,63.29999923706055,65.80000305175781,63.29999923706055,65.05000305175781,3816781
2026-02-06,62.54999923706055,63.650001525878906,61.599998474121094,63.04999923706055,5487232
2026-02-09,64.9000015258789,64.9000015258789,63.099998474121094,63.099998474121094,3882751
2026-02-10,66.19999694824219,66.69999694824219,63.599998474121094,65.0,6161403
2026-02-11,65.3499984741211,66.19999694824219,65.0,65.4000015258789,4202388
2026-02-12,66.94999694824219,67.0999984741211,65.4000015258789,65.44999694824219,4960784
2026-02-13,68.6500015258789,68.6500015258789,67.0,67.0,4544058
2026-02-16,69.5999984741211,70.1500015258789,68.69999694824219,69.19999694824219,5473363
2026-02-17,68.4000015258789,69.75,68.4000015258789,69.5999984741211,2443268
2026-02-18,67.94999694824219,68.94999694824219,66.8499984741211,68.25,3931420
2026-02-19,67.55000305175781,68.9000015258789,67.0,68.0999984741211,6187628
2026-02-20,68.69999694824219,68.8499984741211,66.80000305175781,67.30000305175781,3817229
2026-02-23,68.30000305175781,70.19999694824219,68.0,70.05000305175781,2848249
2026-02-24,70.0,70.25,67.3499984741211,68.0,6321151
2026-02-25,69.0,70.0999984741211,68.0999984741211,70.0,2875920
2026-02-26,66.30000305175781,69.0,65.5999984741211,69.0,6308941
2026-02-27,63.75,66.94999694824219,62.79999923706055,66.9000015258789,5780289
2026-03-02,63.849998474121094,64.5999984741211,59.0,59.0,5799496
2026-03-03,62.5,64.5999984741211,62.0,63.70000076293945,2785732
2026-03-04,61.04999923706055,62.650001525878906,60.75,62.349998474121094,4805988
2026-03-05,60.849998474121094,62.5,60.54999923706055,61.849998474121094,2599134
2026-03-06,59.75,61.400001525878906,59.54999923706055,60.400001525878906,2483502
2026-03-09,59.150001525878906,59.150001525878906,55.650001525878906,58.29999923706055,7453307
2026-03-10,58.599998474121094,59.599998474121094,57.20000076293945,59.099998474121094,14758460
2026-03-11,57.099998474121094,60.25,56.04999923706055,59.0,9691380
2026-03-12,56.95000076293945,58.099998474121094,55.900001525878906,56.849998474121094,5074214
2026-03-13,54.79999923706055,57.0,54.79999923706055,56.79999923706055,5410308
2026-03-16,53.349998474121094,55.20000076293945,53.20000076293945,55.0,3919906
2026-03-17,54.04999923706055,54.599998474121094,52.75,53.54999923706055,4000519
2026-03-18,53.29999923706055,54.5,52.20000076293945,54.400001525878906,5331873
2026-03-19,52.599998474121094,54.900001525878906,51.79999923706055,52.849998474121094,2487420
2026-03-23,51.95000076293945,52.54999923706055,49.599998474121094,52.5,8773488
2026-03-24,50.599998474121094,51.849998474121094,49.939998626708984,51.849998474121094,5804317
2026-03-25,51.0,51.75,50.599998474121094,51.0,7608404
2026-03-26,48.0,50.95000076293945,48.0,50.79999923706055,11355920
2026-03-27,48.18000030517578,48.63999938964844,47.279998779296875,48.13999938964844,8097553
2026-03-30,49.040000915527344,49.68000030517578,47.52000045776367,47.97999954223633,10413043
2026-03-31,48.91999816894531,49.459999084472656,48.459999084472656,49.31999969482422,8609595
2026-04-01,50.5,50.900001525878906,49.52000045776367,50.0,6230359
2026-04-02,53.099998474121094,53.099998474121094,49.58000183105469,49.84000015258789,12424673
2026-04-03,52.04999923706055,53.70000076293945,51.849998474121094,53.5,5145287
2026-04-06,51.849998474121094,52.79999923706055,51.099998474121094,52.099998474121094,5395481
2026-04-07,51.0,52.20000076293945,50.599998474121094,51.849998474121094,4066830
2026-04-08,53.099998474121094,53.849998474121094,52.400001525878906,52.79999923706055,6307358
2026-04-09,54.95000076293945,54.95000076293945,52.95000076293945,53.099998474121094,4123923
2026-04-10,56.349998474121094,56.5,54.400001525878906,55.20000076293945,6713324
2026-04-13,53.54999923706055,55.349998474121094,52.54999923706055,55.29999923706055,9460856
2026-04-14,53.150001525878906,54.29999923706055,52.5,53.849998474121094,9367789
2026-04-15,51.54999923706055,53.70000076293945,51.5,53.650001525878906,9404585
2026-04-16,50.900001525878906,53.20000076293945,50.900001525878906,52.599998474121094,16535321
2026-04-17,52.75,52.79999923706055,51.0,51.04999923706055,15334503
2026-04-20,51.45000076293945,52.349998474121094,51.150001525878906,51.849998474121094,10975669
2026-04-21,51.0,52.04999923706055,50.95000076293945,51.650001525878906,7533067
2026-04-22,50.5,51.70000076293945,50.20000076293945,51.400001525878906,5837229
2026-04-24,49.459999084472656,50.400001525878906,49.20000076293945,50.400001525878906,9057590
2026-04-27,49.36000061035156,50.099998474121094,49.220001220703125,49.720001220703125,8369511
2026-04-28,48.68000030517578,49.47999954223633,48.439998626708984,49.41999816894531,5558993
2026-04-29,50.849998474121094,51.349998474121094,48.7599983215332,48.7599983215332,12614418
2026-04-30,50.900001525878906,51.5,50.45000076293945,50.79999923706055,6774051
2026-05-04,51.29999923706055,52.650001525878906,51.0,51.400001525878906,9107893
2026-05-05,51.75,52.29999923706055,51.29999923706055,51.45000076293945,7539959
2026-05-06,54.04999923706055,54.29999923706055,52.5,52.70000076293945,13771822
2026-05-07,55.54999923706055,55.54999923706055,53.650001525878906,54.150001525878906,9288333
2026-05-08,51.70000076293945,54.0,51.29999923706055,54.0,30150269
2026-05-11,51.75,52.099998474121094,51.349998474121094,51.5,13388195
2026-05-12,51.599998474121094,52.95000076293945,51.599998474121094,51.75,12225443
2026-05-13,51.79999923706055,53.70000076293945,51.79999923706055,52.0,16085009
2026-05-14,53.25,53.95000076293945,51.95000076293945,52.0,14151521
2026-05-15,50.150001525878906,53.20000076293945,50.0,52.900001525878906,9695727
2026-05-18,49.439998626708984,50.29999923706055,49.34000015258789,49.81999969482422,5959525
2026-05-20,49.900001525878906,50.150001525878906,48.900001525878906,49.5,7631562
2026-05-21,47.65999984741211,50.400001525878906,47.65999984741211,49.900001525878906,10613897
2026-05-22,49.7400016784668,50.45000076293945,46.459999084472656,46.459999084472656,19051529
2026-05-25,49.220001220703125,50.45000076293945,48.880001068115234,49.84000015258789,7611609
2026-05-26,47.84000015258789,49.34000015258789,47.84000015258789,49.220001220703125,4962996
2026-05-27,47.84000015258789,47.84000015258789,47.84000015258789,47.84000015258789,0
2026-05-28,47.84000015258789,47.84000015258789,47.84000015258789,47.84000015258789,0
2026-05-29,47.84000015258789,47.84000015258789,47.84000015258789,47.84000015258789,0
2026-06-01,48.0,48.70000076293945,47.7599983215332,48.29999923706055,9596591
2026-06-02,49.36000061035156,49.439998626708984,48.099998474121094,48.099998474121094,6642084
2026-06-03,49.060001373291016,49.7599983215332,48.79999923706055,49.34000015258789,5178619
2026-06-04,48.279998779296875,49.47999954223633,47.63999938964844,49.2400016784668,5302539
2026-06-05,48.060001373291016,48.599998474121094,47.81999969482422,48.279998779296875,5595267
2026-06-08,48.400001525878906,48.65999984741211,47.13999938964844,47.65999984741211,6131503
2026-06-09,48.5,48.97999954223633,48.099998474121094,48.400001525878906,4750648
2026-06-10,48.79999923706055,49.459999084472656,48.02000045776367,48.400001525878906,5575989
2026-06-11,47.900001525878906,49.47999954223633,47.5,48.91999816894531,5748420
2026-06-12,49.18000030517578,49.720001220703125,48.380001068115234,48.7400016784668,7917201
2026-06-15,50.95000076293945,51.45000076293945,50.0,50.5,5933267
2026-06-16,50.20000076293945,51.20000076293945,50.150001525878906,51.0,3867782
2026-06-17,48.720001220703125,50.79999923706055,48.2400016784668,50.599998474121094,6463872
2026-06-18,49.400001525878906,49.81999969482422,48.84000015258789,48.880001068115234,6186021
2026-06-19,48.20000076293945,49.380001068115234,48.20000076293945,48.84000015258789,5163562
2026-06-22,48.2599983215332,48.720001220703125,48.119998931884766,48.41999816894531,3791094
2026-06-23,48.060001373291016,48.91999816894531,47.900001525878906,48.119998931884766,7056107
2026-06-24,47.560001373291016,48.18000030517578,47.380001068115234,48.119998931884766,3725246
2026-06-25,47.0,48.380001068115234,46.91999816894531,48.0,6596467
2026-06-26,46.779998779296875,47.400001525878906,46.58000183105469,46.900001525878906,4496015
2026-06-29,47.36000061035156,47.63999938964844,46.7400016784668,46.779998779296875,5739533
2026-06-30,46.29999923706055,48.2599983215332,46.18000030517578,47.7599983215332,7292730
2026-07-01,46.599998474121094,46.79999923706055,45.7400016784668,46.29999923706055,6074570
2026-07-02,45.599998474121094,46.86000061035156,45.400001525878906,46.619998931884766,5930620
2026-07-03,46.41999816894531,46.779998779296875,45.599998474121094,45.7599983215332,5237698
2026-07-06,45.52000045776367,47.18000030517578,45.439998626708984,46.79999923706055,6049260
2026-07-07,45.279998779296875,46.02000045776367,45.279998779296875,45.52000045776367,4386359
2026-07-08,43.81999969482422,45.31999969482422,43.81999969482422,45.279998779296875,5016012
2026-07-09,44.5,44.619998931884766,43.959999084472656,44.0,5917734
2026-07-10,46.13999938964844,46.36000061035156,44.439998626708984,44.52000045776367,5373704
2026-07-13,47.52000045776367,48.29999923706055,45.779998779296875,45.84000015258789,9539649
2026-07-14,48.79999923706055,49.02000045776367,47.2400016784668,47.439998626708984,7082707
2026-07-16,51.25,53.650001525878906,49.31999969482422,49.31999969482422,12383937
2026-07-17,51.599998474121094,52.900001525878906,50.849998474121094,50.849998474121094,8764515
2026-07-20,53.29999923706055,53.349998474121094,51.0,51.45000076293945,7144113
2026-07-21,52.849998474121094,53.25,51.75,53.20000076293945,5155921
2026-07-22,56.150001525878906,56.20000076293945,52.95000076293945,53.099998474121094,10579889
2026-07-23,54.900001525878906,56.04999923706055,54.45000076293945,55.599998474121094,7129877
2026-07-24,53.099998474121094,55.5,53.04999923706055,54.5,4270886
2026-07-27,52.0,53.650001525878906,51.849998474121094,53.5,4274854
2026-07-28,53.349998474121094,53.70000076293945,51.599998474121094,51.599998474121094,5017058
2026-07-29,52.54999923706055,53.400001525878906,51.400001525878906,53.150001525878906,5652657
2026-07-30,52.599998474121094,53.54999923706055,51.95000076293945,52.45000076293945,4725773
2026-07-31,51.0,53.0,50.29999923706055,52.599998474121094,6036738
2026-08-03,50.20000076293945,51.900001525878906,49.939998626708984,51.400001525878906,5744522
2026-08-04,51.599998474121094,53.45000076293945,49.900001525878906,50.0,7645573
2026-08-05,51.29999923706055,51.5,49.81999969482422,51.29999923706055,5310060
2026-08-06,51.04999923706055,52.45000076293945,50.70000076293945,51.5,4437135
2026-08-07,51.70000076293945,52.5,50.849998474121094,50.849998474121094,3547865
2026-08-10,52.150001525878906,53.29999923706055,51.04999923706055,52.25,5262437
2026-08-11,51.099998474121094,52.349998474121094,50.75,52.25,4233232
2026-08-12,52.20000076293945,52.650001525878906,49.119998931884766,50.29999923706055,8550107
2026-08-13,52.75,53.400001525878906,51.5,52.45000076293945,5121779
2026-08-14,52.70000076293945,53.79999923706055,52.5,53.150001525878906,4291160
2026-08-17,52.20000076293945,53.25,51.79999923706055,53.099998474121094,4727894
2026-08-18,54.599998474121094,54.900001525878906,50.0,51.0,9287668
2026-08-19,57.5,58.849998474121094,54.099998474121094,54.599998474121094,10927005
2026-08-20,57.650001525878906,58.75,56.599998474121094,57.79999923706055,4561585
2026-08-21,59.0,59.400001525878906,57.900001525878906,58.5,5898189
2026-08-24,,,,,4829646
