Date,Close,High,Low,Open,Volume
2018-01-01,18.144773483276367,18.144773483276367,18.144773483276367,18.144773483276367,0
2018-01-02,18.613338470458984,18.62949471060665,18.209403189841986,18.257874992066597,1077330
2018-01-03,18.144773483276367,18.677969512967113,18.080143894963996,18.58102436005309,834136
2018-01-04,17.983200073242188,18.354819816482216,17.886254921458622,18.112459248359666,1152703
2018-01-05,17.934728622436523,18.080144041650943,17.611579137361964,17.98320042884133,1925434
2018-01-08,17.789310455322266,18.225559765147793,17.789310455322266,18.080142814909003,1462635
2018-01-09,17.870098114013672,18.080143111256007,17.660051575880473,17.805468528502754,1621810
2018-01-10,17.369216918945312,17.902411361557952,17.159170389902336,17.821623997942837,1242145
2018-01-11,17.563106536865234,17.595422100267964,17.143013457974998,17.417689583334703,681248
2018-01-12,17.7408390045166,17.934729319453083,17.369219239485524,17.59542357965075,808097
2018-01-15,17.046070098876953,17.91857029193111,17.029912316939253,17.643894162553792,1362055
2018-01-16,17.175329208374023,17.288430599733218,16.819865711528266,16.949124884764743,1366600
2018-01-17,17.756996154785156,17.7893117197533,17.046070675286405,17.2561172249065,1103680
2018-01-18,18.27403450012207,18.387135896298602,17.740838461697535,17.773154026828518,1862398
2018-01-19,17.773155212402344,18.17709055813876,17.530794621316918,18.14477499085214,2141529
2018-01-22,17.64389419555664,18.04782949940933,17.433847652646335,17.773153369518226,1138775
2018-01-23,17.967041015625,17.967041015625,17.46616213282557,17.821624068718457,1613019
2018-01-24,18.04783058166504,18.37097853594689,17.886255834078618,17.98320099080867,840153
2018-01-25,18.01551628112793,18.160933255991008,17.805471251760263,18.047831849271326,837297
2018-01-26,18.144773483276367,18.144773483276367,17.886255130026875,17.9832002829409,631886
2018-01-29,18.080142974853516,18.354819096425388,17.886254219783524,18.193245904312484,1098208
2018-01-30,17.7408390045166,18.177089901787177,17.643895387939367,17.934729319453083,1286046
2018-01-31,17.886255264282227,18.0155144418772,17.5792651027169,17.5792651027169,892524
2018-02-01,17.466163635253906,18.11245952055385,17.466163635253906,17.870098948789103,1103759
2018-02-02,17.433847427368164,17.78931092161472,17.32074603683598,17.53079257703209,968581
2018-02-05,17.094541549682617,17.43384725889106,16.949124597037446,17.38537545497296,744338
2018-02-06,17.12685775756836,17.288430957007503,16.72292244763411,16.90065342928445,756692
2018-02-07,17.25611686706543,17.401533824624664,17.029912539652074,17.207643520618408,1418960
2018-02-08,17.433847427368164,17.611578404046003,17.046069910494218,17.256116450690325,1173844
2018-02-09,17.046070098876953,17.320746228254272,16.99759829395475,17.207643295581267,1014287
2018-02-12,17.288429260253906,17.33690106123935,17.07838273479597,17.272271479628504,634276
2018-02-13,17.482318878173828,17.660051392147896,17.336901927064442,17.336901927064442,1319457
2018-02-14,17.336902618408203,17.692366119640315,17.256116789806693,17.627736532224556,1907743
2018-02-15,18.177087783813477,18.241717367631402,17.49847638327984,17.530791945634217,1194821
2018-02-16,18.290191650390625,18.48408042813539,17.999359254218998,18.241719841177193,581042
2018-02-19,18.3225040435791,18.581022369128807,18.160929319665154,18.338661824148648,817275
2018-02-20,18.27403450012207,18.516395075040624,18.177089345620075,18.354820331167616,934031
2018-02-21,18.04783058166504,18.41945034386642,17.66005303652682,18.27403492010783,1579058
2018-02-22,17.805469512939453,18.112459675866607,17.30458904186879,18.09630189337282,2792121
2018-02-23,17.837783813476562,18.031672583733908,17.530793645791842,17.85394159622075,1603644
2018-02-26,18.67797088623047,18.742600479294616,17.870100202483133,18.015515631209176,2495495
2018-02-27,19.405052185058594,19.437366207800736,18.516394216731822,18.75875478041599,3148034
2018-02-28,18.726442337036133,20.115979331739396,18.451766186553126,19.501997438947438,3694528
2018-03-01,18.581026077270508,18.82338667061761,18.35482172682643,18.74260083342929,1254292
2018-03-02,18.66181182861328,18.871858376953664,18.25787651431815,18.532552651310116,1033560
2018-03-05,19.32426643371582,19.42121159183536,18.82338594173173,18.82338594173173,1429242
2018-03-06,19.195005416870117,19.582782930530314,19.049588464024826,19.34042236971541,1553779
2018-03-07,19.74435806274414,19.922089041529343,18.968801478909562,19.130376216634943,1174837
2018-03-08,19.986717224121094,20.002875004936524,19.631253750635604,19.631253750635604,1083027
2018-03-09,20.067506790161133,20.326025148022957,19.841302456586558,19.97056163551747,867426
2018-03-12,19.760515213012695,20.32602528018054,19.663571598629673,20.22908166579752,816474
2018-03-13,20.11598014831543,20.196767526600045,19.728202581618568,19.728202581618568,619939
2018-03-14,19.8897762298584,20.035191653598346,19.631256325575066,20.035191653598346,792186
2018-03-15,19.760515213012695,20.035191355249538,19.566626443355684,19.889775933675008,739334
2018-03-16,19.77667236328125,20.08366406108932,19.566625817647022,20.035190714556936,1026569
2018-03-19,19.48583984375,19.808987780443427,19.405052474353916,19.808987780443427,1931838
2018-03-20,19.74435806274414,19.95440460543078,19.14653399858566,19.55046930200822,1085679
2018-03-21,20.03519058227539,20.11597795173838,19.77667223270656,19.889775166311104,1465251
2018-03-22,20.50375747680664,20.519915260454063,20.067508104563636,20.08366588821106,1208951
2018-03-23,20.406814575195312,20.649175174875545,20.035193242675692,20.47144417116945,1508989
2018-03-26,20.277551651000977,20.697644717956923,20.148292482843893,20.600699571393694,2080485
2018-03-27,20.374496459960938,20.536071200145077,20.29371063075979,20.487599394446203,1045015
2018-03-28,20.271883010864258,20.66075233818256,20.035181484365324,20.271883010864258,1137801
2018-03-29,20.001365661621094,20.576214978677296,19.933736425050256,20.525493454351217,965324
2018-03-30,20.018272399902344,20.254973910179768,19.93373545519979,20.15353086646319,193659
2018-04-02,19.916828155517578,20.271882040681838,19.899922056154054,20.20425280600332,331714
2018-04-03,20.339509963989258,20.457862326352114,20.01827152307988,20.136622273034696,931851
2018-04-04,20.288787841796875,20.37332478028596,20.068992446688448,20.254972421438044,1978557
2018-04-05,20.356416702270508,20.44095363923203,20.136621311133737,20.44095363923203,640868
2018-04-06,20.54239845275879,20.576213875435204,19.95064306759437,20.17043847776679,941724
2018-04-09,20.305696487426758,20.914359570253907,20.119714891701303,20.914359570253907,774133
2018-04-10,20.424049377441406,20.457864802898076,20.001366233682422,20.356420138936297,871718
2018-04-11,20.525493621826172,20.67765819604598,19.544868877343674,20.288790485692804,1240471
2018-04-12,20.508583068847656,20.626933814317756,20.322603095622075,20.508583068847656,715674
2018-04-13,21.167970657348633,21.21869217843841,20.49167672238325,20.55930595463898,845529
2018-04-16,20.779102325439453,21.201785449726188,20.59312233122023,21.201785449726188,777215
2018-04-17,21.15106201171875,21.438486639209067,20.23806661039892,20.796008154960592,2815943
2018-04-18,21.015804290771484,21.810447359456052,20.948175059130076,21.13415504304194,1922142
2018-04-19,21.590654373168945,21.810448174915233,21.083434310690144,21.083434310690144,905734
2018-04-20,21.911893844604492,21.97952308189862,21.33704452140029,21.62446918300239,912127
2018-04-23,21.911893844604492,21.911893844604492,21.911893844604492,21.911893844604492,0
2018-04-24,20.72838020324707,21.894984883120756,20.711472491786033,21.894984883120756,1419995
2018-04-25,20.40713882446289,21.032709596670728,20.238066557935586,21.032709596670728,1067493
2018-04-26,20.40713882446289,20.863637330143426,20.187343426810187,20.440954245213156,991363
2018-04-27,20.001365661621094,20.491678029861703,19.967551849539767,20.491678029861703,602629
2018-04-30,18.276819229125977,19.832291662277804,17.938671435597836,19.629403953605827,1920587
2018-05-01,18.276819229125977,18.276819229125977,18.276819229125977,18.276819229125977,0
2018-05-02,19.17290496826172,19.409606463607957,17.296191041399357,18.564240294724517,2490512
2018-05-03,19.54486846923828,19.66321922862965,18.00630053510966,19.10527763091582,2917343
2018-05-04,18.64877700805664,19.646309333233507,18.56424006971135,19.52795858699489,1347926
2018-05-07,17.532894134521484,18.648777218531084,17.380727966264175,18.648777218531084,1486009
2018-05-08,17.76959991455078,18.14155992355652,17.346916766892054,17.668155249653058,1233492
2018-05-09,17.76959991455078,18.226096875569915,17.549804484279253,17.871042967040257,841399
2018-05-10,18.733314514160156,18.767129935486324,17.752689869413754,17.972485270809745,1008093
2018-05-11,19.13909149169922,19.20672072758335,18.4627991328579,18.614965316699237,1475587
2018-05-14,18.834760665893555,19.325073027319466,18.53042829935052,19.003832948766668,778649
2018-05-15,18.665685653686523,18.733314885270573,17.887948684265915,18.682593364684553,896786
2018-05-16,17.735782623291016,18.699501195024343,17.685061102381287,18.598056540796804,1510107
2018-05-17,18.513519287109375,18.53042699793168,17.6512453840683,17.6512453840683,1050449
2018-05-18,18.141557693481445,18.750222383230373,18.023206942656063,18.462797749161833,511889
2018-05-21,17.80341339111328,18.12465348020544,17.68506262797839,18.12465348020544,791391
2018-05-22,18.090835571289062,18.192280220339818,17.735781718223414,17.904855595838672,592016
2018-05-23,17.583616256713867,18.1753732397143,17.330007042518286,17.938670124032516,1182161
2018-05-24,17.651247024536133,18.141559397095243,17.465267025430332,18.02320863515593,759414
2018-05-25,18.34444808959961,18.395169612626628,17.127120250094162,17.617432605777054,1210912
2018-05-28,18.97001838684082,18.986924485773738,18.462798333467045,18.513519855081995,462127
2018-05-29,18.75022315979004,19.08836932787297,18.614964692556864,19.05455551726874,663059
2018-05-30,18.445890426635742,18.817852010155526,18.344447384480944,18.59805660227602,1426702
2018-05-31,18.42898178100586,19.206718718524726,18.243001804880393,18.61496336953933,1353145
2018-06-01,18.76712989807129,18.953109877770334,18.293723674896942,18.547334497113493,995741
2018-06-04,18.851667404174805,19.10527825568886,18.61496587765155,18.851667404174805,707573
2018-06-05,18.598058700561523,19.12218651885517,18.39517098095348,19.020741852847014,578366
2018-06-06,18.97001838684082,19.003832197114754,18.17537369030218,18.85166601986181,723552
2018-06-07,18.97001838684082,19.443423017532563,18.7333152652909,19.003832197114754,835553
2018-06-08,18.716407775878906,18.936203188694027,18.02320772675867,18.936203188694027,1371033
2018-06-11,19.071460723876953,19.27434841523215,18.243002247741224,18.733314571618294,1755816
2018-06-12,18.682594299316406,19.07146199727651,18.49661269385014,19.07146199727651,1176805
2018-06-13,18.936203002929688,19.105276891869817,18.44589065989304,18.564241414706267,937881
2018-06-14,19.12218475341797,19.443423210037274,18.513520038379955,18.936203151641635,1205420
2018-06-15,19.12218475341797,19.12218475341797,19.12218475341797,19.12218475341797,0
2018-06-18,19.663219451904297,19.730848688382743,18.902390138419733,19.037648611376625,769555
2018-06-19,19.054555892944336,19.511052825754465,18.73331581762596,19.511052825754465,1078116
2018-06-20,19.240535736083984,19.629403430915147,18.76713109512183,19.003832609398838,578061
2018-06-21,19.257442474365234,19.511051687530614,19.189813243360597,19.325071705369872,836905
2018-06-22,19.494144439697266,19.54486757346155,19.22362750925347,19.375793685730127,349501
2018-06-25,19.1560001373291,19.84920024202621,18.428984606837865,19.47724023274031,1803490
2018-06-26,18.784038543701172,19.223629405232142,18.716409304420118,19.206721692309817,527739
2018-06-27,18.598058700561523,18.902391086177722,18.598058700561523,18.834761846308375,712982
2018-06-28,18.598058700561523,18.868575660038914,18.54733717376158,18.598058700561523,833447
2018-06-29,18.885482788085938,19.003833551089034,18.530428886668428,18.68259507476282,880609
2018-07-02,18.699501037597656,18.953110252419304,18.598056384224158,18.953110252419304,403841
2018-07-03,18.733314514160156,19.003831435137364,18.665685283915852,18.767129935486324,404811
2018-07-04,18.61496353149414,18.85166502818446,18.53042659164416,18.7502219902909,942666
2018-07-05,18.919294357299805,19.003831297595347,18.598055919066372,18.648777438280487,970361
2018-07-06,19.00383186340332,19.341978022245215,18.784036457054068,19.020739574447433,801967
2018-07-09,18.936203002929688,19.291256879777475,18.78403682536519,19.18981383633988,1548769
2018-07-10,19.663219451904297,19.697033263939428,18.800945477497972,18.800945477497972,1453635
2018-07-11,20.288787841796875,20.77910015014398,15.757624707825016,15.757624707825016,1792240
2018-07-12,19.612497329711914,20.20425272775514,18.68259414717755,20.20425272775514,2177990
2018-07-13,20.390233993530273,21.049618615054058,19.69703233674685,19.849198514762527,1504370
2018-07-16,20.88054656982422,20.931268092256488,20.457863453936344,20.474769553141684,1291924
2018-07-17,21.962614059448242,22.09787252596861,20.981989370971515,20.981989370971515,1832829
2018-07-18,21.455394744873047,21.9795225300492,20.98199009570012,21.962614818048124,1361704
2018-07-19,23.010868072509766,23.230663484579708,21.72591263546658,21.72591263546658,2231877
2018-07-20,22.334575653076172,24.481805018825046,22.09787253041386,23.315200341750163,2182737
2018-07-23,22.67272186279297,22.824888041051945,22.402204929180613,22.65581415134017,975286
2018-07-24,23.484275817871094,24.059123533334255,22.689631063907235,22.689631063907235,2466389
2018-07-25,23.51808738708496,23.87314125499356,23.044682767342852,23.70406898271827,1291069
2018-07-26,23.24757194519043,24.160567433450673,23.1123134737747,23.619533547787764,1289096
2018-07-27,25.749855041503906,27.288421348986,24.126753399472104,24.126753399472104,5627547
2018-07-30,25.445524215698242,26.003465806623296,24.75232415499791,25.86820733684802,3098504
2018-07-31,24.583250045776367,25.29335781206713,23.991493036398023,25.158099343479186,2384485
2018-08-01,22.757259368896484,24.819953457173753,22.6389086106243,24.600158040091014,2971150
2018-08-02,21.810447692871094,22.63890780865309,21.641375417387,22.63890780865309,4025603
2018-08-03,22.419113159179688,23.07849779700911,21.709005385818653,21.742819197098246,2707133
2018-08-06,21.48921012878418,22.57127950871172,21.303230134343828,22.419113325802265,2047828
2018-08-07,23.26447868347168,23.484274093424617,21.759726236443758,21.810447757999636,3628946
2018-08-08,23.02777671813965,24.36345534381855,22.909425957765624,23.50118137204392,2998438
2018-08-09,23.196849822998047,23.67025446073854,22.55437129414617,22.875609752368042,2844457
2018-08-10,24.617067337036133,24.7692319164375,21.979523774621875,22.9432408395385,3976119
2018-08-13,22.757259368896484,24.431084146209475,22.25003929966002,24.431084146209475,5458177
2018-08-14,22.9770565032959,23.585719664426552,22.419114869157397,23.010870317154577,5529126
2018-08-15,22.7403507232666,23.50117998967619,22.368389139445526,23.50117998967619,2244660
2018-08-16,21.015804290771484,23.19684902671709,20.79600888483488,23.19684902671709,1847492
2018-08-17,21.827356338500977,22.40220564705215,20.64384390981759,20.94817627608778,2781627
2018-08-20,22.960145950317383,22.960145950317383,22.199316689905807,22.199316689905807,709961
2018-08-21,22.960145950317383,22.960145950317383,22.960145950317383,22.960145950317383,0
2018-08-22,22.960145950317383,22.960145950317383,22.960145950317383,22.960145950317383,0
2018-08-23,22.960145950317383,22.960145950317383,22.960145950317383,22.960145950317383,0
2018-08-24,22.960145950317383,22.960145950317383,22.960145950317383,22.960145950317383,0
2018-08-27,23.09540557861328,23.75479183084255,22.875610161203525,23.078497866718344,1834479
2018-08-28,24.617067337036133,24.887584294738463,23.078499318389667,23.078499318389667,1971657
2018-08-29,26.22325897216797,26.37542514070561,24.39726817453229,24.650877380489685,1654369
2018-08-30,26.22325897216797,26.22325897216797,26.22325897216797,26.22325897216797,0
2018-08-31,27.660383224487305,28.235232501144093,25.022839958770298,26.290889264663303,2773066
2018-09-03,27.11935043334961,28.218325896586766,26.967182640282267,27.86327040010986,1577585
2018-09-04,26.62903594970703,27.863269857864548,26.459962060618665,27.102442194191216,1480351
2018-09-05,25.935836791992188,27.23770159014532,25.783670609100714,26.798110753438433,1515386
2018-09-06,25.83439064025879,26.375426105109533,25.191912134279075,25.86820606224049,1523140
2018-09-07,26.273983001708984,26.6797584149813,25.800578352891282,26.020373771515825,1126448
2018-09-10,25.614595413208008,26.54449856288396,25.479336949154206,26.155630881831296,1110884
2018-09-11,26.18944549560547,26.37542709869478,25.360986974741852,25.53006086620338,1012836
2018-09-12,26.172536849975586,27.017903052298955,26.088001519669707,26.206352272024393,929357
2018-09-13,25.546966552734375,26.71357283767556,25.496245031078526,26.443055905633575,1642767
2018-09-14,26.121814727783203,26.4937762997143,25.631502406222776,25.682223925719914,1215962
2018-09-17,25.918928146362305,26.882645120082014,25.80057739166918,26.612128187978804,922528
2018-09-18,25.80057716369629,26.30779721311208,25.56387404399343,26.03727867099106,1541673
2018-09-19,25.699132919311523,26.223260688307665,25.360986751769552,25.9696498533451,2029182
2018-09-20,25.749855041503906,25.93583664729283,25.327171919122755,25.93583664729283,836500
2018-09-21,25.78367042541504,26.020373554049716,25.51315348549435,25.648411955454694,1319687
2018-09-24,26.54450035095215,26.578315775447486,25.716041799714663,25.834392560631965,1195473
2018-09-25,26.967182159423828,27.254608416305707,26.578314471258196,26.578314471258196,1426844
2018-09-26,26.62903594970703,27.15316210354638,26.27398207254795,27.034811348629383,604875
2018-09-27,26.054187774658203,26.781203271422896,25.86820777864294,26.476870903026853,1265307
2018-09-28,26.392333984375,26.443057120769826,25.51315391483764,25.969650855533843,900664
2018-10-01,25.699132919311523,26.52759143289138,25.665319108761384,26.52759143289138,760314
2018-10-02,26.984088897705078,27.15316116856356,25.749853419638708,26.003464244538506,1740520
2018-10-03,26.071094512939453,27.11935005105749,25.902020622944125,27.08553462809518,875886
2018-10-04,25.78367042541504,26.561407433891098,25.614596531760533,26.172538123448994,859607
2018-10-05,25.27644920349121,26.003464655660345,24.803044580231532,25.969649233509188,1109131
2018-10-08,24.972118377685547,25.14119065061802,24.566341375349854,25.14119065061802,803859
2018-10-09,25.07356071472168,25.530059224874623,24.70159914486462,25.056653004180898,795547
2018-10-10,24.177473068237305,25.259540746595725,23.8393269187503,25.191911516698323,1128596
2018-10-11,23.09540557861328,23.940771824462423,22.99396253205995,23.940771824462423,1376008
2018-10-12,23.636438369750977,23.771698446263446,22.87560910606177,23.264478399667947,1130603
2018-10-15,23.720975875854492,23.940771288342237,23.551903597915693,23.704069776746294,737276
2018-10-16,24.27891731262207,24.8368588900862,23.450458802133888,23.822420391246013,1432755
2018-10-17,23.687162399291992,24.515620926377842,23.399737749093532,24.346547033646463,1296627
2018-10-18,23.940771102905273,24.49871267935711,23.687161881757387,24.008400336038584,863817
2018-10-19,22.993961334228516,24.26201063694535,22.977053623214353,24.24510292593119,1269764
2018-10-22,23.737884521484375,23.99149375457645,23.095405970255175,23.12922139461848,1288049
2018-10-23,23.1123104095459,23.75478886979493,22.858701212366945,23.53499347978279,977074
2018-10-24,22.824888229370117,23.822420639601965,22.655814338263387,23.230663633136526,1134706
2018-10-25,23.50118064880371,23.518088360453437,22.588185181024198,22.638908315973374,1099562
2018-10-26,22.993961334228516,23.83932753603974,22.62199975395732,23.349015203485553,1835028
2018-10-29,22.993961334228516,22.993961334228516,22.993961334228516,22.993961334228516,0
2018-10-30,20.779102325439453,23.01086870570279,20.711473090049903,22.824888711483567,3160210
2018-10-31,19.57868003845215,20.914358500059574,19.39270006465141,20.914358500059574,2330507
2018-11-01,19.89992332458496,20.643844953466605,19.257444747983055,19.697033995208997,2137268
2018-11-02,19.74775505065918,20.11971501965957,19.527959644027273,20.035179689146435,1807198
2018-11-05,19.98445701599121,20.136623194270634,18.85166614703118,19.86610626062193,4120791
2018-11-06,20.153532028198242,20.28879050255596,19.832291942292514,20.018273553840526,2163263
2018-11-07,20.305696487426758,20.49167647074415,20.06899337123439,20.204251834084868,1831338
2018-11-08,19.62940216064453,20.45786224422662,19.426514470504436,20.45786224422662,2170728
2018-11-09,19.08837127685547,19.578683673740183,18.885483555290236,19.527962146450946,2235838
2018-11-12,19.02073860168457,19.35888474323292,18.98692318132574,19.257441706972408,997249
2018-11-13,19.967552185058594,20.13662447312255,18.98692581969152,19.02074124474924,2161364
2018-11-14,20.254974365234375,20.339511311836166,19.663218963838144,19.984457426035167,1440678
2018-11-15,19.815383911132812,20.305696235996642,19.544866988781465,20.2718808144987,1019044
2018-11-16,20.96508026123047,20.96508026123047,19.84919718066028,20.03517876902731,2785717
2018-11-19,21.928800582885742,22.18240980837058,20.93126816780462,20.965081978745474,2541706
2018-11-20,20.72838020324707,21.97952182801783,20.61002783542792,21.97952182801783,1742702
2018-11-21,20.339509963989258,21.134154629533985,19.984456101716766,20.812916188624605,1251119
2018-11-22,20.576213836669922,20.8129169577346,20.221159961276946,20.28878919409427,1119238
2018-11-23,20.001365661621094,20.66075192749289,19.967551849539767,20.542399554187785,1005151
2018-11-26,20.204252243041992,20.610027639806784,20.187344531741434,20.204252243041992,883497
2018-11-27,19.883012771606445,20.322603568448603,19.308163516106394,20.27188043714588,1965421
2018-11-28,19.730846405029297,20.11971406667658,19.66321717637725,19.950641801250455,892577
2018-11-29,19.62940216064453,19.95064221267237,19.494143700551135,19.815383752578974,1258006
2018-11-30,19.612497329711914,19.899921979084503,19.49414496017676,19.713940375132747,1085437
2018-12-03,18.953109741210938,20.052085125673642,18.93620203070338,19.950642087444358,2505270
2018-12-04,19.240535736083984,19.30816497050715,18.68259414899084,18.936203374975673,1778655
2018-12-05,19.849199295043945,19.950643955178272,19.155999223418608,19.325073119506424,1410183
2018-12-06,19.71394157409668,19.95064471515468,19.27435071744964,19.95064471515468,978797
2018-12-07,19.17290496826172,19.798475739746504,19.071460318536182,19.781568029390915,1834018
2018-12-10,18.868574142456055,19.34197878346597,18.8178526197356,19.139091080176005,1113553
2018-12-11,17.938671112060547,18.919295825826232,17.82032035390515,18.90238972638128,3695024
2018-12-12,17.685060501098633,18.361352798261706,17.499080522480792,18.006298939149087,1966273
2018-12-13,18.32754135131836,18.361355164329794,17.66815506730897,17.66815506730897,1722365
2018-12-14,18.58115005493164,18.6149654793733,17.87104226573862,18.598057767152472,1547814
2018-12-17,18.665685653686523,18.885481059436703,18.175373321600144,18.598056422102474,1061937
2018-12-18,18.76712989807129,18.90238835829024,18.310631385526317,18.496611365225363,1418021
2018-12-19,19.20671844482422,19.308163092797592,18.800943077746687,18.9362015334392,1773909
2018-12-20,19.443424224853516,19.52796117439974,18.767131853300153,19.274350325761073,1575713
2018-12-21,19.443424224853516,19.561774986773305,19.155999563841288,19.37579498769818,1698434
2018-12-24,19.291257858276367,19.680127177599807,19.257444046218087,19.54486870455031,680881
2018-12-25,19.071460723876953,19.27434841523215,19.03764691485511,19.206719184780418,158535
2018-12-26,18.834760665893555,19.03764837278619,18.733316006243154,18.817852953883794,181063
2018-12-27,20.052087783813477,20.102810922060087,18.902390727830277,18.936204540919782,2499121
2018-12-28,19.866107940673828,20.49167880574223,19.697034036640964,20.102811083838187,1580933
2018-12-31,20.068992614746094,20.11971413330109,19.73084647036611,20.001363385870096,462854
2019-01-01,20.068992614746094,20.068992614746094,20.068992614746094,20.068992614746094,0
2019-01-02,20.457862854003906,20.812916725433993,19.899921286386352,20.136622792401024,2125412
2019-01-03,19.35888671875,20.23806838890159,19.189814436926493,20.13662372988096,1464026
2019-01-04,19.054555892944336,19.680126719333416,18.90238971120491,19.52796053759399,1657364
2019-01-07,19.10527801513672,19.629404199331763,19.08837030276702,19.172907252207313,1642760
2019-01-08,20.187345504760742,20.254974740814568,19.189814676068867,19.325073148176518,3129411
2019-01-09,20.593120574951172,21.032709761289137,20.1873435848121,20.22115900582703,2231119
2019-01-10,20.204252243041992,20.914359993584423,20.03517996726071,20.59312154091432,2621392
2019-01-11,20.271883010864258,20.407141486694567,20.035181484365324,20.2887907234451,1250999
2019-01-14,20.897451400756836,20.91435911134417,19.984455990345324,20.204251390756546,1328562
2019-01-15,21.64137840270996,21.64137840270996,20.965084370257838,20.965084370257838,1722852
2019-01-16,21.658283233642578,21.742818565590348,21.066526235559582,21.742818565590348,2044392
2019-01-17,21.472299575805664,21.810445708415212,21.235598089182954,21.759724191625768,1269677
2019-01-18,21.015804290771484,21.590653565927518,20.66075042155206,21.590653565927518,1848988
2019-01-21,21.40467071533203,21.810446081402787,20.796007666225897,21.03270915689652,1023243
2019-01-22,21.539932250976562,21.89498615016445,21.33704453892751,21.404673776277196,800819
2019-01-23,21.624467849731445,21.89498478222906,21.421580150358235,21.556838616607042,1599521
2019-01-24,22.723445892333984,22.96014904156965,21.658285751794203,21.69209956602313,2844891
2019-01-25,22.7403507232666,23.298292292794173,22.4867415052661,22.84179537791165,1270317
2019-01-28,22.79107093811035,23.315198667654474,22.723441709692526,22.77416484031189,827447
2019-01-29,23.31519889831543,23.332106608689152,22.554369667985913,22.80797887395975,1073002
2019-01-30,23.1123104095459,23.568807286949607,22.824885792792177,23.43354883346644,1450498
2019-01-31,23.704069137573242,24.295824513014708,23.264478324451186,23.264478324451186,1374425
2019-02-01,23.568809509277344,24.02530804213273,23.31520028818531,23.568809509277344,706888
2019-02-04,23.754791259765625,23.97458667189139,23.298292724025625,23.55190355912833,1092991
2019-02-05,23.940771102905273,24.245103458209222,23.670254170372033,23.754791114890697,630153
2019-02-06,24.26201057434082,24.29582438387382,23.704069011577744,23.974585937474018,415967
2019-02-07,23.585718154907227,24.464899832679794,23.450459683312705,24.34654746072846,755228
2019-02-08,23.906957626342773,24.059122193711236,23.433551375391577,23.63643907762432,350436
2019-02-11,24.143659591674805,24.667787374900236,23.63643952038752,24.262011962833668,1496239
2019-02-12,23.788606643676758,24.126754446178282,23.68716359285288,24.059123595751398,1069952
2019-02-13,23.839330673217773,24.126755348650384,23.602627525094366,23.906959913766137,1046647
2019-02-14,22.774166107177734,24.262010827542653,22.706536874997877,23.99149228641515,3112832
2019-02-15,22.9770565032959,23.17994422367278,21.979524002136678,22.858705736178116,1604560
2019-02-18,23.02777671813965,23.17994290285378,22.74035206088144,23.02777671813965,1068872
2019-02-19,22.89251708984375,23.179941732591036,22.638907869729366,22.909424801160203,725561
2019-02-20,23.281389236450195,23.754793924372997,22.84179836288916,22.90942760402099,838909
2019-02-21,23.484275817871094,23.670255818837862,23.095406490966486,23.247572679215757,533765
2019-02-22,23.906957626342773,24.262011508352106,23.16303443908125,23.484274510255858,796812
2019-02-25,24.143659591674805,24.667787374900236,23.873142650297094,23.923864173703375,1119235
2019-02-26,23.51808738708496,24.34654587473567,23.24757046151804,24.34654587473567,995949
2019-02-27,23.06159019470215,23.788604020121067,22.841794792279856,23.501179387138688,909729
2019-02-28,23.65334701538086,23.737883961888073,22.94323924457329,22.94323924457329,1124376
2019-03-01,23.14612579345703,23.51808737207823,23.129219694925933,23.51808737207823,1222102
2019-03-04,22.554370880126953,23.247570918624273,22.50364935868786,23.146126263337987,1184943
2019-03-05,22.26694679260254,22.68962991074244,22.25003908089899,22.50364991922781,1469064
2019-03-06,22.402206420898438,22.62200184719624,22.047152518787872,22.351484895570707,1434876
2019-03-07,21.218690872192383,22.503647818355972,21.151061644099983,22.486740108230876,1881942
2019-03-08,20.643842697143555,20.998896566132583,20.035179612765823,20.897451912532258,1606424
2019-03-11,20.981990814208984,21.184878527945084,20.745289287720976,20.779103100472884,725314
2019-03-12,21.2356014251709,21.353952187074462,20.846732102274878,21.134156763247702,1662247
2019-03-13,21.624467849731445,21.709004794238975,21.201784739601894,21.48920938348264,547319
2019-03-14,21.48921012878418,21.945707065104376,21.47230241681465,21.692097835194062,488508
2019-03-15,21.675188064575195,21.810446522668645,21.42157885875198,21.641374256255837,527582
2019-03-18,22.182409286499023,22.19931699777574,21.72591236888441,21.72591236888441,637413
2019-03-19,22.064058303833008,22.21622447893107,21.60755977853883,22.11477982472967,760809
2019-03-20,21.42587661743164,22.013893261397655,21.407500659200746,21.92201697509884,738522
2019-03-21,21.33399772644043,21.71988407173444,20.94811138114642,21.517753796552917,940725
2019-03-22,21.95876693725586,22.1425230130198,21.352374340633794,21.444252378515763,1515374
2019-03-25,22.78566551208496,22.95104562789075,21.68313432742602,21.811762527529282,1274394
2019-03-26,22.43653106689453,23.281805851039703,22.087396629986387,22.877543540597802,1527081
2019-03-27,21.260496139526367,22.785665598403163,21.03998990175924,22.45490711796638,1920254
2019-03-28,21.315622329711914,22.399777474996565,21.24212025626164,21.609630623513016,1792662
2019-03-29,21.60963249206543,21.64638265575447,20.507099542549266,20.948112021384606,1607490
2019-04-01,22.65703582763672,22.712161945151202,21.499376845266443,21.55450296278093,988949
2019-04-02,23.171550750732422,23.52068692340877,22.638660265661738,22.822416330483787,1056948
2019-04-03,22.859167098999023,23.373683393192252,22.620286661785872,23.373683393192252,555703
2019-04-04,22.74891471862793,23.04292302639247,22.546784445146745,22.73053876128571,807569
2019-04-05,24.053579330444336,24.384339572581833,23.502312844357792,23.502312844357792,1329973
2019-04-08,23.373682022094727,24.806973323435713,23.318554152961404,24.806973323435713,1174886
2019-04-09,23.079675674438477,24.053578662961417,23.024547800660116,23.33693207569295,1222522
2019-04-10,22.491655349731445,23.63093835656388,22.473279393388747,23.37368197747673,821557
2019-04-11,22.43653106689453,22.84079337733643,22.271150951148854,22.58353522479562,921960
2019-04-12,22.36302947998047,22.65703780225149,21.958767160643898,22.05064519946055,677721
2019-04-15,21.940391540527344,22.657038151428367,21.811763335658387,22.17927374416102,1083802
2019-04-16,21.95876693725586,22.23440105090177,21.848514693739748,22.032269017075873,1563530
2019-04-17,22.23440170288086,22.289527826255377,21.922017416378807,22.25277590905379,996194
2019-04-18,22.21602439880371,22.510032708898848,22.08739620124403,22.289526476327495,666343
2019-04-19,22.179271697998047,22.326275847837138,22.08739541866939,22.160897493588934,110120
2019-04-22,22.105772018432617,22.454908226453195,21.977143811492343,22.252776184200894,273074
2019-04-23,22.105772018432617,22.105772018432617,22.105772018432617,22.105772018432617,0
2019-04-24,21.628007888793945,22.069020356183316,21.46262777541599,22.05064439860182,2440204
2019-04-25,21.8117618560791,21.92201584736485,21.53612950650634,21.62800754050651,1255467
2019-04-26,22.510032653808594,22.675412765939303,21.609631768238913,21.94039024007257,1477901
2019-04-29,22.78566551208496,23.667692212239906,22.27115095924412,22.381404953923912,1722633
2019-04-30,23.208303451538086,23.33693164981799,22.39977884182156,22.5835349128738,1717875
2019-05-01,23.208303451538086,23.208303451538086,23.208303451538086,23.208303451538086,0
2019-05-02,22.822416305541992,23.70444120989738,22.804040348594327,23.226678596252064,1516288
2019-05-03,22.730539321899414,23.134801631260032,22.473281170046693,22.969421515956697,1101197
2019-05-06,22.712162017822266,22.9694201544258,22.271149571439935,22.52840770804347,1428762
2019-05-07,22.510032653808594,23.006172990200717,22.252774506891075,22.252774506891075,1467941
2019-05-08,22.34465217590332,22.712162556606785,22.197648023621934,22.693788351892408,920433
2019-05-09,22.38140296936035,22.712161419215718,22.087394679521076,22.38140296936035,1145476
2019-05-10,21.55450439453125,22.454907053357733,21.407500236442804,22.363029016445505,1240911
2019-05-13,21.60963249206543,21.719884735560356,21.03999005924892,21.591256534007,1082015
2019-05-14,21.977142333984375,22.344652723697607,21.81176222050648,21.866888340856523,1362578
2019-05-15,21.07674217224121,22.013893260413177,20.9664881752886,21.958767138150783,1105297
2019-05-16,21.38912582397461,21.499378065259904,21.113491715905823,21.113491715905823,1135995
2019-05-17,21.02161407470703,21.315624145988004,20.966487953029016,21.22374610823944,907943
2019-05-20,21.70151138305664,22.05064583775279,21.039990886370212,21.039990886370212,1133429
2019-05-21,20.966487884521484,21.977142791597796,20.709231482579455,21.664758515730068,1165908
2019-05-22,20.837858200073242,21.003238305221075,20.451971872204194,20.92973623098067,757367
2019-05-23,20.80110740661621,21.481002068050625,20.304968816889595,20.764357243731315,1387628
2019-05-24,21.16861915588379,21.352373471742407,20.801107019311065,20.892985053454247,1447145
2019-05-27,21.499378204345703,21.71988444077059,21.186993931303505,21.29724792572984,847892
2019-05-28,21.536130905151367,21.99551935255904,21.260496785250055,21.536130905151367,1387591
2019-05-29,22.454906463623047,22.804040891806817,21.66475782032852,21.756635854827753,1724762
2019-05-30,22.74891471862793,22.87754291516798,22.363028376580036,22.510032530462308,912074
2019-05-31,23.171550750732422,23.35530681555447,22.454905953267403,22.767290212008255,715999
2019-06-03,23.50231170654297,23.796320017574576,23.079675197541977,23.392057713692235,307119
2019-06-04,23.50231170654297,23.50231170654297,23.50231170654297,23.50231170654297,0
2019-06-05,23.50231170654297,23.50231170654297,23.50231170654297,23.50231170654297,0
2019-06-06,23.50231170654297,23.50231170654297,23.50231170654297,23.50231170654297,0
2019-06-07,24.035202026367188,24.21895809558417,23.061299065343782,23.465561366164494,1126094
2019-06-10,24.255708694458008,24.531342803243582,23.998452295838145,24.218958531409932,847770
2019-06-11,23.72281837463379,24.53134299721797,23.63094033764543,24.163830849264542,784643
2019-06-12,23.961700439453125,24.29246066984037,23.447185888516795,23.777944366476255,692975
2019-06-13,23.50231170654297,24.292460356761232,23.355307551027167,23.88819805287889,766331
2019-06-14,24.218957901000977,24.25570806309246,23.17155111876379,23.649315492947228,989342
2019-06-17,24.23733139038086,24.384337291690596,23.722816869293688,24.310833464821883,1027074
2019-06-18,24.806974411010742,24.806974411010742,23.961699657279194,24.439464029481314,854417
2019-06-19,24.16383171081543,24.862102363424558,24.016827547363807,24.843728157314,785070
2019-06-20,23.667692184448242,24.843727199131287,23.612566063386975,24.347586852296505,1121155
2019-06-21,24.402711868286133,24.4394637822812,23.594189037099433,23.649315155664326,980819
2019-06-24,23.336931228637695,24.99073058097709,23.245053194769774,24.58646828341487,1873324
2019-06-25,23.46556282043457,23.869823393881436,23.245054822737185,23.336932863039785,1340304
2019-06-26,23.8514461517334,24.274084413409295,23.447185600042427,23.612565713201356,1212943
2019-06-27,24.73347282409668,24.770222986762917,23.961700131400242,24.090328329373726,1112408
2019-06-28,24.69672203063965,25.43174459405195,24.457841581390586,24.788600070119667,1166215
2019-07-01,24.218957901000977,25.19286085419972,24.090327952611442,25.17448489694011,1114756
2019-07-02,24.053579330444336,24.457841653898186,23.90657516781164,24.329211697273685,791665
2019-07-03,23.924951553344727,24.16383200756636,23.649317429167038,24.035203801073497,529938
2019-07-04,23.557437896728516,24.090328400163116,23.483935818752286,23.96170020181166,533651
2019-07-05,22.80404281616211,23.833073735019934,22.80404281616211,23.612567485070663,994221
2019-07-08,22.65703582763672,22.822415932607854,22.454905561798483,22.601909710122232,543309
2019-07-09,22.27115249633789,22.67541483482781,22.179274453168194,22.620288709897157,763427
2019-07-10,22.932668685913086,22.969420600038454,22.069019733099598,22.252774046443275,882075
2019-07-11,23.134801864624023,23.281806023614774,22.914295626137896,23.15317782260482,740187
2019-07-12,22.23440170288086,23.300182767736846,22.160899620905546,23.263430850535258,668259
2019-07-15,22.23440170288086,22.23440170288086,22.23440170288086,22.23440170288086,0
2019-07-16,23.09804916381836,23.22667911288543,22.510032547835454,22.510032547835454,799883
2019-07-17,22.9510440826416,23.465560353268852,22.859166051999043,23.171550304727134,834326
2019-07-18,23.649316787719727,23.759570784885927,22.840793900736315,22.93267018720901,940686
2019-07-19,23.59419059753418,24.03520308007572,23.539064475323446,23.796320880592095,742349
2019-07-22,23.41043472290039,23.777945128199484,23.33693264184057,23.630940966079848,438920
2019-07-23,23.814697265625,23.888199347365937,23.336932858094997,23.53906489720346,463145
2019-07-24,23.869821548461914,24.40271203810483,23.74119335343947,24.0903277766837,1247862
2019-07-25,22.87754249572754,23.980075382058292,22.804040420134,23.83307123087122,1557069
2019-07-26,22.693788528442383,23.06129891200495,22.565158579874677,23.06129891200495,881511
2019-07-29,22.418153762817383,22.804040092241834,22.234399452689544,22.785664135500745,1051704
2019-07-30,22.712162017822266,22.91429403673493,22.38140355924936,22.510031751337287,1508230
2019-07-31,23.061298370361328,23.33693071345251,22.69378799543052,22.951044381668236,1765289
2019-08-01,23.686067581176758,23.924949770020405,22.822416860346305,22.95104505725144,1113976
2019-08-02,23.208303451538086,23.68606783433169,23.07967525325818,23.520687720870228,575685
2019-08-05,22.932668685913086,23.392057097913856,22.840792405455108,22.969420600038454,415384
2019-08-06,23.15317726135254,23.61256568516963,22.804041077892002,23.006173105925292,834831
2019-08-07,22.546783447265625,23.245052271088376,22.418153503990766,23.226678066987112,1210985
2019-08-08,22.583534240722656,23.079674566340472,22.418154132183385,22.62028615481037,1426424
2019-08-09,22.693788528442383,22.89591880129486,22.49165650316216,22.620286451729868,758512
2019-08-12,22.693788528442383,22.693788528442383,22.693788528442383,22.693788528442383,0
2019-08-13,22.693788528442383,22.693788528442383,22.693788528442383,22.693788528442383,0
2019-08-14,22.693788528442383,22.693788528442383,22.693788528442383,22.693788528442383,0
2019-08-15,21.977142333984375,23.24505361660196,21.848514135691687,22.693788908246002,1982411
2019-08-16,21.370750427246094,22.069021065950402,21.242122224894295,22.050645107777907,1318979
2019-08-19,20.67247772216797,21.609630466155554,20.54384953267355,21.42587440765411,1087715
2019-08-20,21.131868362426758,21.517754724359488,20.63572800318703,20.745982000494024,1171779
2019-08-21,21.131868362426758,21.370750562902053,20.56222592245831,21.131868362426758,2353066
2019-08-22,21.16861915588379,21.31562330954178,20.801107019311065,21.2237452753986,1161469
2019-08-23,21.16861915588379,21.38912538637078,20.929736968082615,21.13186724125542,1093386
2019-08-26,21.058364868164062,21.168618858070307,20.782732522040035,20.91136071657422,757660
2019-08-27,21.11349105834961,21.4074993625242,20.984862863380158,21.039988982305964,1354032
2019-08-28,21.095115661621094,21.31562364803753,20.78273314445798,21.186993697223315,1296184
2019-08-29,21.68313217163086,21.995516414333096,20.929735498911686,21.03998773020211,1815009
2019-08-30,21.68313217163086,21.68313217163086,21.68313217163086,21.68313217163086,0
2019-09-02,21.848512649536133,22.032266955679727,21.462626328478635,21.775010576593164,1003789
2019-09-03,21.83013916015625,22.179273607983145,21.664759039238515,21.77501303732629,862170
2019-09-04,21.71988296508789,22.013891260345687,21.60963073058005,21.995517056212826,1242362
2019-09-05,21.499378204345703,21.885264556196198,21.481002246536683,21.75663635638863,819231
2019-09-06,21.517751693725586,21.719881949153883,21.131865386142405,21.462625579050155,977417
2019-09-09,22.105772018432617,22.14252393608863,21.499379396531495,21.499379396531495,1469071
2019-09-10,22.160900115966797,22.38140636681872,22.01389419630428,22.234402199584103,1110816
2019-09-11,21.70151138305664,22.124147920448184,21.628009300361246,22.08739775531443,1438997
2019-09-12,21.536130905151367,21.903641312591933,21.462628823663255,21.86688939563395,1344707
2019-09-13,21.60963249206543,21.75663665167721,21.499378496142686,21.53613041225954,810972
2019-09-16,21.352373123168945,21.701509296727902,21.168618810310083,21.591255307070412,1084586
2019-09-17,21.628007888793945,21.719884171845905,21.297247662038032,21.297247662038032,997543
2019-09-18,21.903640747070312,21.92201670507486,21.370750231933023,21.71988467188043,1383934
2019-09-19,21.536130905151367,21.958767435601054,21.37075078369615,21.958767435601054,843029
2019-09-20,21.499378204345703,21.683134277580336,21.44425208334643,21.62800815658106,1096293
2019-09-23,21.150243759155273,21.64638235279418,21.039989764775633,21.481002237438613,822923
2019-09-24,21.07674217224121,21.517754655195997,21.07674217224121,21.389126452441143,1070350
2019-09-25,20.819482803344727,21.09511515105244,20.727604769966245,21.076740946318925,1447545
2019-09-26,20.911361694335938,21.076741810714193,20.72760562004281,20.87460977850619,1328854
2019-09-27,21.003238677978516,21.16861878606145,20.83785856989558,20.87460873145417,1997861
2019-09-30,21.756635665893555,21.977141895320184,21.07674102038785,21.13186713963757,2413625
2019-10-01,22.013891220092773,22.436529458073803,21.756634838426436,21.793384999052627,3007251
2019-10-02,22.326276779174805,22.693788921530945,21.940390431643074,22.06902038243883,3314999
2019-10-03,22.473281860351562,22.951046263141475,22.050645332641302,22.473281860351562,3563389
2019-10-04,21.885263442993164,22.859166375772034,21.793385411049265,22.52840791417277,2761057
2019-10-07,21.793386459350586,22.032268652924312,21.352373987719602,21.775012254020133,2085140
2019-10-08,21.977142333984375,22.252774688162354,21.572880029085937,21.683134022213792,3026614
2019-10-09,22.013891220092773,22.12414520682668,21.903638985786532,22.05064313314663,1404530
2019-10-10,22.3997802734375,22.565160397468745,21.97714373640466,22.087397736568118,2854825
2019-10-11,22.84079360961914,22.91429568931718,22.160898934305358,22.344653257336542,2489737
2019-10-14,22.105772018432617,23.24505517935072,22.050645894376483,22.41815630879718,3190941
2019-10-15,21.793386459350586,22.804041354492426,21.646382302140257,22.32627696734497,3352424
2019-10-16,21.572879791259766,21.811761980046796,21.150243285855773,21.683133783172146,2039540
2019-10-17,21.628007888793945,21.683134009110674,21.260495746875034,21.628007888793945,3531576
2019-10-18,22.3997802734375,22.583536356233967,21.885265695006428,22.216025943068914,1974711
2019-10-21,22.27115249633789,22.693790793947333,22.21602637140724,22.51003470760794,763926
2019-10-22,22.418153762817383,22.565157911890726,22.28952557048513,22.418153762817383,1160534
2019-10-23,22.491655349731445,22.78566364150399,22.344651203845174,22.601909335359974,1545575
2019-10-24,22.859167098999023,22.98779704876121,22.58353474687446,22.65703682426953,1791388
2019-10-25,22.473281860351562,23.079676219232812,22.289527534036257,23.06130026087293,1654049
2019-10-28,23.116424560546875,23.539062807355425,22.399778012877274,22.399778012877274,1508708
2019-10-30,23.31855583190918,23.741194096889892,22.69378904193021,23.079675391509216,2984924
2019-10-31,23.924951553344727,24.365964049115572,23.447187140045706,23.447187140045706,2286859
2019-11-01,23.483936309814453,24.071954698347845,23.336932150788055,24.035202782377343,1475589
2019-11-04,23.8514461517334,23.94332418709144,23.447185600042427,23.557437840529868,844889
2019-11-05,24.476213455200195,24.549715529295213,23.649314683524345,24.0352010106301,2168822
2019-11-06,25.192861557006836,25.376617629873717,24.384338691733685,24.678347006378466,3610554
2019-11-07,25.247987747192383,25.615498141507043,25.10098358946652,25.17448566832945,2069968
2019-11-08,25.21123695373535,25.468493347110734,24.953978807932224,25.45011914217517,1327100
2019-11-11,25.541996002197266,25.854380274732396,24.69672122106005,25.21123752431073,1563526
2019-11-12,25.229612350463867,25.70737674991207,25.045858025433827,25.578748547148255,1594475
2019-11-13,25.468494415283203,25.578748411659483,24.75184957233475,25.30311604936051,1736243
2019-11-14,24.972354888916016,25.45011926816072,24.678346579358585,25.26636319847345,1156938
2019-11-15,25.13773536682129,25.3766175599186,24.953979294460964,25.24798760829526,1383748
2019-11-18,25.43174171447754,25.52361974355443,25.266361612624664,25.339863685400648,1109440
2019-11-19,26.09326171875,26.20351570982906,25.3766169102332,25.46849319163339,2511009
2019-11-20,25.762502670288086,26.16676320614407,25.707374799775973,26.16676320614407,1720471
2019-11-21,26.00138282775879,26.185138889356924,25.615496500344843,25.72575048778926,1443035
2019-11-22,25.376617431640625,26.01976017679514,25.284739395924902,26.01976017679514,1244663
2019-11-25,25.725751876831055,25.83600587022855,25.247987492821526,25.468493727188747,1419148
2019-11-26,25.652250289916992,25.762504285425713,25.266363934278175,25.72575236944687,1798285
2019-11-27,25.21123695373535,25.872755646964862,25.11935891934654,25.560371381499547,1510760
2019-11-28,24.898853302001953,25.2296117805557,24.586469028836675,25.08260762288119,2056049
2019-11-29,24.69672203063965,25.06423418855972,24.65997186630435,25.06423418855972,870283
2019-12-02,24.972354888916016,25.027481008851094,24.696720784385107,24.89885281152666,1393493
2019-12-03,25.17448616027832,25.670626516619315,24.6967217621191,24.898853797262984,1618495
2019-12-04,25.43174171447754,25.633871976504583,25.10098151077179,25.32148772909974,1656111
2019-12-05,25.009105682373047,25.541996194997584,24.990731476882946,25.505246031589582,1707053
2019-12-06,25.247987747192383,25.247987747192383,24.880477352877723,25.10098358946652,905230
2019-12-09,25.100982666015625,25.1928606993211,24.696720370928183,25.1928606993211,1353763
2019-12-10,25.045856475830078,25.3031146178688,24.862100409741316,25.13773450887446,1666001
2019-12-11,24.9539794921875,25.174485729310437,24.898853371013715,24.99073140792189,525351
2019-12-12,25.505245208740234,25.725751439357683,24.99073067063285,25.192860943925243,1751717
2019-12-13,25.064233779907227,25.983010654871787,24.917229620107122,25.725752499007697,1875764
2019-12-16,25.2663631439209,25.33986522115156,24.82535068053694,25.04585691222892,998871
2019-12-17,25.523622512817383,25.68900088018584,25.192862273224794,25.284740312270273,1072546
2019-12-18,26.350521087646484,26.460773331421876,25.303116009641165,25.486870333409424,2864602
2019-12-19,26.332143783569336,26.7180301219142,26.2953936216653,26.49752389320681,1490992
2019-12-20,26.75478172302246,26.956911992197593,26.332143475293744,26.350519432244493,2180845
2019-12-23,26.90178680419922,27.250921236200114,26.82828472628178,26.865034889026617,1562170
2019-12-24,27.06716537475586,27.085541332484436,26.901787012482036,27.01203925399792,723390
2019-12-25,26.93853759765625,27.103917714949475,26.90178743405098,27.103917714949475,474857
2019-12-26,27.379549026489258,28.022693513004725,26.865034488733528,26.901786403358525,4417031
2019-12-27,26.956912994384766,27.618431697355934,26.920161079116927,27.563305576881948,1443344
2019-12-30,27.25092124938965,27.342799284937858,26.644528668170338,26.99366310034021,1376119
2019-12-31,26.90178680419922,27.342799271703853,26.865034889026617,27.232545278613813,635373
2020-01-02,26.920162200927734,27.012040240498283,26.718031915814805,26.9017879949559,974268
2020-01-03,26.515901565551758,27.01204017412914,26.36889740357121,26.82828584786738,1355358
2020-01-06,25.83600425720215,26.40564488897932,25.633872240664463,26.18513866837903,1009422
2020-01-07,26.6812801361084,26.82828428955023,26.01975969319242,26.185139803921412,2083787
2020-01-08,26.313770294189453,26.571028461355066,25.74412958804631,26.405648336207737,1157532
2020-01-09,26.90178680419922,27.012039044861496,26.552650619770557,26.607776740101695,3046421
2020-01-10,26.97528839111328,27.048790467692836,26.773156366198698,26.865034400030076,2374996
2020-01-13,27.10391616821289,27.269296276068385,27.012038135801205,27.19579420062458,2915381
2020-01-14,26.883411407470703,27.159043767304563,26.80990932801982,27.103917645823355,1843664
2020-01-15,27.306047439575195,27.306047439575195,26.791532892588364,26.993663169369103,1867718
2020-01-16,26.534273147583008,27.50817781493239,26.460771073861135,27.48980185839501,3790307
2020-01-17,26.55265235900879,26.846660689936527,26.460774317486898,26.736408442052568,1594387
2020-01-20,26.534273147583008,26.865033355545265,26.424020913214036,26.571025060657778,1097070
2020-01-21,26.62615203857422,26.68127990996847,26.295393572347347,26.424021767411812,1150732
2020-01-22,26.442398071289062,26.79153249922564,26.405646156544293,26.73640637953623,1256814
2020-01-23,26.589401245117188,26.79153151147806,26.09326092892093,26.460771300680555,1737697
2020-01-24,26.350521087646484,26.88341160570173,26.258643049548446,26.77315760949852,1485141
2020-01-27,25.08260726928711,26.074886195815598,25.00910519148603,25.96463395532786,3032502
2020-01-28,24.60484504699707,25.321489879310942,24.531342967979548,25.082607684397054,2452135
2020-01-29,24.678346633911133,25.156109261784195,24.659970676416233,24.843726746509706,1848099
2020-01-30,24.73347282409668,24.862101022070163,24.421088555508703,24.623218831242433,1653657
2020-01-31,25.027481079101562,25.100983156697236,24.421088500830315,24.8253508038204,1905861
2020-02-03,24.64159393310547,25.156108459560556,24.5680918578976,25.10098234126158,1822040
2020-02-04,25.376617431640625,25.41336759447025,24.715096976429642,24.806975012145365,2939396
2020-02-05,25.413368225097656,25.7257525028262,25.211237943449465,25.413368225097656,2361152
2020-02-06,25.43174171447754,25.964632180210334,25.339863685400648,25.468491874651708,2436023
2020-02-07,25.08260726928711,25.59712356632245,25.04585710660045,25.46849361584973,1961863
2020-02-10,24.51296615600586,25.68899937930932,24.053577740046013,24.990730529186756,4106012
2020-02-11,24.9539794921875,25.174485729310437,24.43946493890065,25.137735566003844,3090508
2020-02-12,24.91722869873047,25.17448509265405,24.47621448320994,24.75184858696374,2856892
2020-02-13,24.51296615600586,24.935602657523606,24.457840036770445,24.770222547389626,2400852
2020-02-14,24.16383171081543,24.62322015970871,24.127081546166455,24.62322015970871,2538644
2020-02-17,24.623218536376953,24.696720613257003,24.21895798975056,24.21895798975056,2208214
2020-02-18,23.943323135375977,24.64159372002656,23.888197017553683,24.60484355895426,2295681
2020-02-19,23.924951553344727,24.218959883858624,23.851447718288373,23.980077677209113,1909721
2020-02-20,23.042922973632812,23.998451724107504,22.951044939559825,23.998451724107504,2609619
2020-02-21,22.87754249572754,23.17155079810168,22.638660311941617,22.96942052832639,2145249
2020-02-24,22.179271697998047,22.56515802943258,21.90363935515668,22.56515802943258,2480420
2020-02-25,21.70151138305664,22.41815625122976,21.68313542427582,22.234401920705217,2734050
2020-02-26,21.315622329711914,21.81176088739436,21.186992386853184,21.591254667043533,3491528
2020-02-27,20.41522216796875,21.039990742831247,20.304969920891764,21.039990742831247,3507121
2020-02-28,18.761423110961914,19.551571752793823,17.40163381065917,17.916148349503608,3265052
2020-03-02,18.687923431396484,19.386194128478092,18.347975186496083,19.257564162944657,2625462
2020-03-03,19.018680572509766,19.294312913155196,18.945178498175807,19.073806690153315,2255585
2020-03-04,18.540916442871094,19.202435120073805,18.412288249299714,19.110557087910948,2874902
2020-03-05,18.173404693603516,18.834923320826924,18.07233869061738,18.74304529560567,3232830
2020-03-06,17.750768661499023,18.118279055151923,17.31894416801034,18.118279055151923,2965674
2020-03-09,16.905492782592773,17.355693204649732,16.537982412793998,17.355693204649732,2155018
2020-03-10,16.48285675048828,17.410821555116655,16.446104836279922,17.0984372940565,2090249
2020-03-11,16.48285675048828,16.48285675048828,16.48285675048828,16.48285675048828,0
2020-03-12,15.3068208694458,16.060217541512653,15.058750720615706,16.060217541512653,2167401
2020-03-13,15.793774604797363,16.675799543129,15.297634262664985,15.297634262664985,4096872
2020-03-16,14.801494598388672,15.894837713099987,14.654489576458575,15.159816984518628,3221793
2020-03-17,14.884185791015625,15.05875213217555,13.496831649821065,14.94849989064589,2733928
2020-03-18,14.663679122924805,15.067940566881003,14.332919759687915,14.829058366436291,2139311
2020-03-19,13.800028800964355,14.452359527713202,13.634648686456822,14.286980289419558,2566953
2020-03-20,13.744900703430176,14.139975000356305,13.708149667172895,13.882716870341522,1454831
2020-03-23,13.221199035644531,13.478456305360805,12.908814770024977,12.954753787242065,1728801
2020-03-24,14.369669914245605,14.369669914245605,13.404954069006092,13.643836254725183,2209741
2020-03-25,15.801155090332031,15.801155090332031,14.794460199956063,15.021460415745016,2499381
2020-03-26,17.38028335571289,17.38028335571289,16.08737056326317,16.08737056326317,3829981
2020-03-27,16.561111450195312,18.900194575443617,16.551241670799456,18.04154447515123,5216347
2020-03-30,15.534676551818848,16.18606691413704,14.745112105492517,16.18606691413704,3133301
2020-03-31,16.4722843170166,16.86706605651886,15.702458513136335,15.71232829193237,4215655
2020-04-01,16.403196334838867,17.784933245299268,15.791283279473499,15.88997917646374,4565094
2020-04-02,15.9689359664917,16.88680463410965,15.89984940139662,16.77823895612155,2033212
2020-04-03,15.830763816833496,16.10711009433025,15.791284701495199,16.07750264029436,1613738
2020-04-06,16.73876190185547,16.906544387350227,16.245284224808298,16.363719695585516,2934042
2020-04-07,16.995370864868164,18.485673705703956,16.84732793524193,17.0841969991375,9312263
2020-04-08,16.876935958862305,17.084195667692796,16.640066913426953,16.75850049491071,5233876
2020-04-09,17.636890411376953,18.229062030744437,17.05458668752695,17.05458668752695,9714939
2020-04-10,18.120500564575195,18.308020722968195,17.58754377974985,17.72571692434846,4888204
2020-04-13,19.28510856628418,19.373932816483418,17.80467553178831,17.863892326077117,7107194
2020-04-14,21.21953773498535,21.21953773498535,19.936496671438448,19.936496671438448,9952662
2020-04-15,19.739105224609375,22.699971008300782,19.097584681303122,22.088057918052073,17747571
2020-04-16,18.90019416809082,20.60762643494766,18.456065399657042,20.015454743702627,7561682
2020-04-17,19.897018432617188,19.97597478026774,19.137062409938242,19.739105737316084,4874614
2020-04-20,19.679889678955078,19.995715081300663,19.383801952405175,19.83780238012787,3321273
2020-04-21,18.919933319091797,19.472627764172113,18.8705863067065,19.472627764172113,4571174
2020-04-22,18.77189064025879,19.29497575513693,18.604108160541603,18.939673119975975,4046461
2020-04-24,17.844152450561523,18.39684691320954,17.81454311270848,18.39684691320954,5120054
2020-04-27,18.5251522064209,18.90019440779718,17.972455859962906,18.021804756504473,10213888
2020-04-28,17.824413299560547,18.712672748315374,17.804675623008453,18.712672748315374,7708009
2020-04-29,17.696109771728516,17.952718389277695,17.340805242434588,17.834282918690405,4876110
2020-04-30,18.090890884399414,18.288282700776612,17.548066213063926,17.824412497030554,6961450
2020-05-04,17.636890411376953,17.844150101662038,17.50858518003771,17.844150101662038,3564815
2020-05-05,17.61715316772461,17.854022223055093,17.518457257386594,17.775065871278265,2667065
2020-05-06,17.390153884887695,17.646760616211303,17.360544547057472,17.617153160848996,2881409
2020-05-07,17.43950080871582,17.567804173714844,16.946023142235425,17.37041423660343,2968215
2020-05-08,17.074325561523438,18.021803607570284,17.024978550595787,17.824411798924082,9453289
2020-05-11,16.876935958862305,17.251978143517984,16.847326622257448,17.17302179503953,3552017
2020-05-12,16.74863052368164,16.876935765027913,16.590717828538395,16.857196207518054,3994765
2020-05-13,17.034849166870117,17.25197866108285,16.85719690684702,16.85719690684702,4869885
2020-05-14,16.7979793548584,17.064457732845025,16.719023007581008,16.975631606849483,3530088
2020-05-15,16.916414260864258,17.074326967800115,16.8571974663803,16.97563293781617,2697246
2020-05-18,17.932979583740234,18.229065448944137,17.074327562700088,17.074327562700088,12836956
2020-05-20,18.278411865234375,18.623846582694707,18.041542828753286,18.25867230824401,10354639
2020-05-21,18.1994571685791,18.544891917335207,18.031674683895734,18.278413521226103,4682519
2020-05-22,18.456064224243164,18.475801898884505,17.94284703421276,18.150106736455168,6154369
2020-05-27,20.311540603637695,20.311540603637695,19.176542351327733,19.245628923190477,17509439
2020-05-28,20.29180145263672,21.910409505416933,19.739106984170952,20.726062333379502,19644605
2020-05-29,20.015453338623047,20.35101827742154,19.3936704710097,20.232582818005934,6812812
2020-06-01,20.410236358642578,20.82475766915058,20.23258409950088,20.52866994309179,5018547
2020-06-02,20.272062301635742,20.62736492142611,20.1338872827199,20.429974995424306,4606654
2020-06-03,20.11414909362793,20.489193178738685,20.074671858729282,20.42997638515675,3111011
2020-06-04,20.074670791625977,20.41023574153263,19.837801747421484,20.212843930128308,5133387
2020-06-05,20.015453338623047,20.13388691557089,19.936496993168564,20.035191013135844,3169391
2020-06-08,19.778583526611328,20.291798810705043,19.689757406150022,20.054929783630786,4467564
2020-06-09,19.68975830078125,19.95623479180521,19.630539629471237,19.798322099914056,4018093
2020-06-10,19.818063735961914,19.916759649364177,19.699628263385602,19.7391073817337,3367954
2020-06-11,19.29497528076172,19.778585032296938,19.225888711247496,19.719366359169463,4477630
2020-06-12,19.29497528076172,19.37393162913052,18.692933830375047,18.93967265433603,6426832
2020-06-15,18.87058448791504,19.117323290995966,18.850844931876324,19.117323290995966,3972242
2020-06-16,19.07784652709961,19.26536856761306,18.939673382757018,19.048237189397092,4327355
2020-06-17,18.81136703491211,19.137062200718383,18.79162936006612,19.077845411244823,3757238
2020-06-18,19.038368225097656,19.383801066584773,18.801497301695345,18.801497301695345,7792572
2020-06-19,19.07784652709961,19.620671207703708,18.979150617225798,19.2160196714422,8212819
2020-06-22,19.28510856628418,19.4035421548618,19.196282433616993,19.24562944844634,5386335
2020-06-23,19.275238037109375,19.571323879505034,19.225889141731514,19.492367529368334,3285509
2020-06-24,18.880455017089844,19.30484611878192,18.811368443785167,19.28510844245768,4598334
2020-06-25,18.673194885253906,18.840977366350316,18.515282183335863,18.840977366350316,3346081
2020-06-26,18.850847244262695,19.067976739920283,18.771890892890127,18.998890167777773,2136458
2020-06-29,18.850847244262695,18.929803595635263,18.702804320747617,18.870586802722816,2747327
2020-06-30,19.08771514892578,19.18641105281504,18.821236773165122,18.860715887707943,8296142
2020-07-01,18.75214958190918,19.344323103094595,18.732410025293863,19.245627202485736,6608307
2020-07-02,18.831106185913086,19.018628211412352,18.702802831077435,18.811366629025216,5045770
2020-07-03,18.465932846069336,18.92980304402553,18.386976496997537,18.880454149313245,6819339
2020-07-06,18.28828239440918,18.633715243580735,18.229063721007332,18.554758894846117,5436760
2020-07-07,17.893497467041016,18.30801873837046,17.834280680413297,18.288281064473026,6079338
2020-07-08,17.47897720336914,17.873760823560303,17.469109307085393,17.873760823560303,5263877
2020-07-09,17.173023223876953,18.051414791560347,17.16315344418748,17.459241187467764,13756756
2020-07-10,16.827587127685547,17.19276141731151,16.54137106930225,17.16315208059551,10272351
2020-07-13,17.271717071533203,17.281586850041638,16.93615213211742,17.01510847771715,7632189
2020-07-14,17.40989112854004,17.6961090730526,17.094065729400572,17.27171798703349,9129930
2020-07-16,17.5283260345459,18.05141301170415,17.439499908566802,17.923107770859765,7811261
2020-07-17,17.41975975036621,17.56780266106977,17.32106384907459,17.56780266106977,2995781
2020-07-20,17.10393524169922,17.340804287359887,17.08419568394387,17.340804287359887,3543492
2020-07-21,16.88680648803711,17.271718468663302,16.728893784063906,17.1927621166767,5635268
2020-07-22,16.788110733032227,17.034849570585667,16.748631615439066,17.024979791187377,3954725
2020-07-23,17.459238052368164,17.617150734107913,16.817717547491984,16.97563022923173,10572040
2020-07-24,17.676368713378906,17.834281405787415,17.251977646605624,17.3802828857299,12353088
2020-07-27,17.814542770385742,18.32775998850235,17.439500577126918,17.69610918618522,15243367
2020-07-28,16.788110733032227,17.86389221536266,16.778240953633937,17.84415265656608,8595498
2020-07-29,16.225543975830078,16.886804033528737,16.107108523830888,16.807847693018495,8559037
2020-07-30,16.383459091186523,16.462415443428494,16.047894123541163,16.304502738944553,4838636
2020-08-04,17.271717071533203,17.765194702148438,16.531500625610352,16.758499883901095,25579247
2020-08-05,17.55793571472168,17.863891331051285,16.797979680884676,17.46910958700214,18442155
2020-08-06,16.758501052856445,17.6171530183063,16.728893597733695,17.459240316091968,10276747
2020-08-07,16.876935958862305,17.005239319214347,15.820894092037594,16.64993669229524,9588999
2020-08-10,16.580848693847656,17.054588680147102,16.23541583634624,16.67954460276287,7457004
2020-08-11,17.893497467041016,18.130368378487304,16.630195979155246,16.630195979155246,32037657
2020-08-12,17.508586883544922,18.308020153446442,17.390153301135435,17.96258730269556,17554617
2020-08-13,16.768369674682617,17.41975999697407,16.590717426336262,17.41975999697407,8474431
2020-08-14,16.64006805419922,16.86706733632839,16.521632582128195,16.709154628545665,5818105
2020-08-17,16.393327713012695,16.768369889063816,16.353848598445317,16.64993631029727,4170091
2020-08-18,16.432804107666016,16.679542913734476,16.235414192291866,16.29463097865734,4159381
2020-08-19,16.64993667602539,16.857196384653356,16.413065748353667,16.482154200364157,4567228
2020-08-20,16.50189208984375,16.679544346669935,16.46241485636452,16.679544346669935,3353050
2020-08-21,16.353849411010742,16.709153929899802,16.284762839552954,16.521631891323032,5619029
2020-08-24,16.294631958007812,16.580848011366367,16.284762179275752,16.304501736739876,3590437
2020-08-25,15.880110740661621,16.719023112279768,15.791284614109827,16.511761522836313,12193712
2020-08-26,15.702458381652832,15.929457644657388,15.60376341822064,15.860371076131463,5835190
2020-08-27,15.69258975982666,16.087371525127292,15.662981362737606,15.830764789532841,6142787
2020-08-28,15.564285278320312,15.840631553022705,15.505067547145583,15.840631553022705,5196736
2020-08-31,15.169503211975098,15.603764081484206,15.149764594943198,15.603764081484206,5691969
2020-09-01,14.87341594696045,14.972111852638854,14.676025076837552,14.883285725775073,8841548
2020-09-02,14.853676795959473,15.070807215896773,14.833937239040681,14.853676795959473,8356977
2020-09-03,14.55759048461914,14.972111780496839,14.537850927085008,14.903025211595192,6923753
2020-09-04,14.824069023132324,14.824069023132324,14.449025897061137,14.508242687831688,6870626
2020-09-07,15.169503211975098,15.258329341703503,14.88328620575798,14.912894601922801,10699724
2020-09-08,14.883285522460938,15.347154766838461,14.833937570295856,15.297806814673379,6596878
2020-09-09,15.001720428466797,15.070807939767047,14.814199334900804,14.912894300533566,9016851
2020-09-10,15.02146053314209,15.20898163353419,14.981982357205123,15.110286664308754,6752310
2020-09-11,16.13671875,16.334108670959797,15.100415546940884,15.139893719379618,40232665
2020-09-14,15.77154541015625,16.18606671586913,15.741937014386453,16.02815401678497,8005332
2020-09-15,15.613632202148438,15.92945759002248,15.228720245985423,15.919587811342941,9001992
2020-09-16,15.46558952331543,15.712328346672429,15.416241570397247,15.643241777327322,4127832
2020-09-17,15.426111221313477,15.593893695103688,14.705633373643646,14.705633373643646,4296367
2020-09-18,15.327415466308594,15.554415673578076,15.278067513316627,15.495197941740933,3262482
2020-09-21,14.824069023132324,15.35702484623687,14.75498151225479,15.297807114232402,6727828
2020-09-22,14.853676795959473,15.021459264833675,14.656285932940962,14.81419862335577,7348905
2020-09-23,14.883285522460938,15.110285725926751,14.79445939681057,14.912893917266425,6796877
2020-09-24,14.893155097961426,14.94250304945328,14.725372627629454,14.794459194977717,5710737
2020-09-25,14.893155097961426,15.060937568293395,14.85367692501472,14.962241665309689,5576118
2020-09-28,14.90302562713623,15.248459422510102,14.774721323288585,14.873416290009434,11129383
2020-09-29,14.98198127746582,15.258328489108466,14.893155152700784,14.942503104374016,10115791
2020-09-30,15.199110984802246,15.208980763530395,15.03132851135936,15.041198290087507,6511914
2020-10-01,15.149765014648438,15.59389473436058,15.120155676429382,15.317547499620531,17124417
2020-10-02,15.080677032470703,15.357025199876716,14.972112286068732,15.021460240336516,11235402
2020-10-05,15.199110984802246,15.297806889615911,15.159632811123561,15.189242147308004,5052440
2020-10-06,15.169503211975098,15.317547075267088,15.159633432842176,15.248459562570583,6738058
2020-10-07,15.080677032470703,15.179372941006271,15.05106863640361,15.110286369771739,4017617
2020-10-08,15.218850135803223,15.228719914267774,15.001719715752483,15.169502184714343,6756066
2020-10-09,15.28793716430664,15.366893511939898,15.228720374198652,15.307676721831909,6353342
2020-10-12,15.327415466308594,15.396502976990915,15.238589339169836,15.29780707100698,8255140
2020-10-13,15.149765014648438,15.347155896605615,15.130025455835733,15.337286117199264,5804737
2020-10-14,15.228720664978027,15.26819883954846,15.100416362315647,15.15963315355433,6618661
2020-10-15,14.991850852966309,15.208981286279029,14.93263406102989,15.14976449434261,4807585
2020-10-16,15.110285758972168,15.179372327414029,14.97211168085454,14.981981459555922,7239826
2020-10-19,15.179372787475586,15.297807311780005,15.080676879938272,15.110286216939825,7892031
2020-10-20,15.20898151397705,15.238589910388535,15.110286545527451,15.179373117565566,6878029
2020-10-21,15.169503211975098,15.337285692298988,15.149764594943198,15.228720945538683,8235198
2020-10-22,15.060938835144043,15.199111981463,15.051069055768698,15.169503584570933,4762491
2020-10-23,14.912894248962402,15.139894457477206,14.745111772609611,15.070807887649794,6276225
2020-10-26,14.231895446777344,14.853677396343413,14.152939098378534,14.83393783862675,7571508
2020-10-27,14.162808418273926,14.379937898717351,13.98515616951668,14.133199082658459,6165966
2020-10-28,13.817374229431152,14.123330787225768,13.77789605499642,14.123330787225768,2186833
2020-10-30,13.590374946594238,13.718678307438688,13.195592261452957,13.718678307438688,6569574
2020-11-02,14.172677993774414,14.833938130553246,13.501549019176954,13.600243986000788,27349156
2020-11-03,13.985156059265137,14.291111661675195,13.541026382107193,14.251633489066352,8134082
2020-11-04,14.419416427612305,14.626677075867812,13.925938783311945,13.975286735988764,14766239
2020-11-05,14.360199928283691,14.6365471511444,14.212156067254295,14.439156277672465,6510898
2020-11-06,14.310851097106934,14.508241958475427,14.241764530936429,14.34045949100374,5506738
2020-11-09,15.741936683654785,15.741936683654785,14.39967782840582,14.449025781141321,21710729
2020-11-10,16.847328186035156,17.17302338904844,15.811025780756893,16.186068000224186,52161839
2020-11-11,16.916414260864258,17.538197191583652,16.48215525802463,17.094066526784083,34168378
2020-11-12,16.975631713867188,17.27171754740704,16.640066765205855,16.90654326240459,29258869
2020-11-13,17.015108108520508,17.251977140180063,16.87693497733603,16.975630877811113,11170076
2020-11-16,17.725717544555664,18.140238875323142,17.024980135324057,17.024980135324057,30442017
2020-11-17,17.024980545043945,17.70598029393675,16.99537120553799,17.70598029393675,11311751
2020-11-18,17.548065185546875,17.804673778824515,16.92628231809435,17.02497822050387,14815407
2020-11-19,17.597412109375,17.87376025827532,17.419759862401065,17.646759119104313,13164997
2020-11-20,18.159976959228516,18.416585560520726,17.93297769432427,17.962587030712232,19984276
2020-11-23,18.456064224243164,18.8113668398684,18.100759726150148,18.25867241808754,18074467
2020-11-24,19.10745620727539,19.146933442451743,18.45606582588809,18.81136847234702,14627287
2020-11-25,19.650279998779297,20.23258378012169,19.028498984066292,19.22588891585506,25421287
2020-11-26,20.054931640625,20.311540247666475,19.79832303358352,20.232583897997394,11144958
2020-11-27,19.7193660736084,20.11414780973547,19.265367547679215,20.054931019933363,10789240
2020-11-30,18.742280960083008,19.24562839002598,18.60410782018535,19.24562839002598,11511606
2020-12-01,20.094409942626953,20.508931232213467,18.77188972739702,18.77188972739702,27362823
2020-12-02,19.857542037963867,20.390496936477486,19.63054088173032,19.995715181565938,17234821
2020-12-03,19.68975830078125,20.11414748369636,19.55158328352566,19.975974348908547,9436914
2020-12-04,19.778583526611328,19.9759734412727,19.54171261706938,19.877277542708168,7673806
2020-12-07,20.311540603637695,21.002410087200925,19.670020016024925,19.818062938940503,21962889
2020-12-08,20.11414909362793,20.66684544195242,20.09441141741257,20.291801356841663,7001694
2020-12-09,20.311540603637695,20.647105566229218,20.193105135824496,20.52867009841602,5829035
2020-12-10,20.133888244628906,20.74580137414497,19.897019192629493,20.351019620812615,9315475
2020-12-11,19.758846282958984,20.153628040954246,19.225889497814446,19.975975779239402,18824112
2020-12-14,19.610803604125977,19.91675923508782,19.551584927835606,19.739106971152577,9165462
2020-12-15,19.492368698120117,19.65028140786188,19.265369413174835,19.610804171660433,6791970
2020-12-16,19.699626922607422,20.193104573564135,19.531846328451273,19.55158400381398,16304234
2020-12-17,19.99571418762207,20.25232278617609,19.73910558906805,19.87727872580183,15401252
2020-12-18,21.02214813232422,21.57484448186894,19.936498756897507,20.015455109337047,28123098
2020-12-21,19.798322677612305,20.331279440147,19.403540936365026,19.73910588704217,18911236
2020-12-22,20.410236358642578,20.96293081183062,20.05493184035918,20.114148632583785,14999726
2020-12-23,20.39049530029297,21.16032107244866,20.05493036492775,20.528668432807677,13347338
2020-12-24,20.627365112304688,21.022146850429273,20.331279279328204,20.52866920715659,14012191
2020-12-25,20.587888717651367,20.864235004351936,20.41023645764792,20.785278653513505,4392727
2020-12-28,20.39049530029297,20.72606023565819,20.39049530029297,20.70632067887959,3993740
2020-12-29,20.647104263305664,20.982669204721557,20.410235225094645,20.429974782229174,10072034
2020-12-30,20.943191528320312,21.278756492774622,20.68658291535714,20.82475794231756,13479510
2020-12-31,21.041885375976562,21.101102163174073,20.80501634471879,20.92345180158154,5268021
2021-01-04,20.844497680664062,21.239279441526126,20.805018563343893,21.199800324205956,5867798
2021-01-05,20.568147659301758,20.98266894158971,20.351018180948163,20.706320792575156,8602439
2021-01-06,20.60762596130371,20.90371368258887,20.50893193667651,20.864234566763706,5360632
2021-01-07,20.60762596130371,20.8247573334064,20.449713262938765,20.686582310486184,7307523
2021-01-08,21.041885375976562,21.318233520344492,20.647103657213606,20.686580887856042,12890283
2021-01-11,21.061626434326172,21.476147739201554,20.607626013525586,21.022147318400965,8582868
2021-01-12,21.634061813354492,21.81171408137647,21.081367332538992,21.081367332538992,14370071
2021-01-13,21.870929718017578,22.167015560724675,21.43666885057501,22.00910286028517,10916477
2021-01-14,22.30518913269043,22.60127495611302,22.048580540572566,22.30518913269043,15393122
2021-01-15,22.068321228027344,22.48284253153571,21.910408529783002,22.285450717496353,10373592
2021-01-18,23.134233474731445,23.29214617701893,21.456408659842037,22.10779902739489,12313781
2021-01-19,24.200143814086914,24.93049049227308,23.46979713590075,23.46979713590075,18275789
2021-01-20,24.081708908081055,24.397534302421604,23.509274910221848,24.358057069362957,8100044
2021-01-21,23.686925888061523,24.555445675671308,23.647446774663575,24.41727254371396,7178295
2021-01-22,23.64744758605957,24.14092522565982,23.430318102323866,24.042231203714014,6761726
2021-01-25,22.71971321105957,23.825102178179815,22.699973651744,23.706668587222353,6223169
2021-01-26,22.206493377685547,22.60127510568418,21.397190364671406,22.305189280302148,15128712
2021-01-27,20.60762596130371,22.245973501158748,20.587888285858984,22.04858168696864,11490387
2021-01-28,21.653799057006836,21.653799057006836,19.8575407745897,20.23258294727781,15041335
2021-01-29,21.23927879333496,21.47614784262331,20.883974278168505,20.923453394283833,5828845
2021-02-01,21.08136558532715,21.594580905172553,20.90371333202889,21.377451419179028,9061523
2021-02-02,21.318235397338867,21.594581683570375,21.120843579343884,21.14058313763696,5684632
2021-02-03,21.436668395996094,21.59458109308695,21.160322117321012,21.377451605203984,5654390
2021-02-04,21.81171417236328,21.851191408495076,21.21954057064245,21.3971928394055,7091710
2021-02-05,21.515625,22.384146726779647,21.515625,22.107798562355605,7275980
2021-02-08,21.337974548339844,21.772233527691192,21.25901819914252,21.69327717849387,4209671
2021-02-09,21.318235397338867,21.851190293976696,21.23927904663445,21.436668982161546,6296609
2021-02-10,21.614320755004883,21.63406031285333,21.1800598946783,21.495887172849898,4620633
2021-02-11,22.206493377685547,22.2657101662684,21.574842612887732,21.673536633036566,11764961
2021-02-12,21.831451416015625,22.30518949415601,21.574842819739303,22.107797687030292,7465166
2021-02-15,22.403886795043945,22.818408109887326,21.969625921763285,21.969625921763285,15179642
2021-02-16,22.81840705871582,23.331622377167598,21.949885352164536,23.193449239407638,17156835
2021-02-17,23.05527687072754,23.29214592156089,22.305190601854648,22.6407555611522,13419308
2021-02-18,22.64075469970703,23.50927451971684,22.522319237562698,23.232928245493078,10394048
2021-02-19,22.75918960571289,23.232929599430395,22.245974259759798,22.581537343377317,10871211
2021-02-22,23.252666473388672,23.963275498216714,22.77892837848188,22.798667936386625,20766589
2021-02-23,23.72640609741211,24.318577765992615,22.838144829605703,23.48953517101852,22764753
2021-02-24,23.588232040405273,24.042232471664043,23.213189842815773,23.3711025452185,12849481
2021-02-25,24.437013626098633,24.437013626098633,23.6277105755905,24.061969555273784,17915996
2021-02-26,24.614665985107422,24.673882776680454,23.58823155801294,23.686927465613234,12949780
2021-03-01,26.055620193481445,26.31222880377886,25.305533920873895,25.46344662221571,14939346
2021-03-02,26.391185760498047,27.693966517719048,25.83849129310961,26.0556207918238,23480508
2021-03-03,25.660839080810547,26.82544669413451,25.660839080810547,26.667533988850032,11278536
2021-03-04,25.897706985473633,26.391184638129307,25.522664797741175,25.562142031070344,10049364
2021-03-05,25.52266502380371,25.759534073280317,25.22657730010705,25.463446349583656,5311423
2021-03-08,25.06866455078125,25.720054906168127,24.930491409477323,25.562142206829964,6251333
2021-03-09,25.56214141845703,25.9569231546268,25.009446987819356,25.30553281932973,8190049
2021-03-10,25.720054626464844,25.83849009091442,25.206839300430925,25.46344602221396,4733487
2021-03-11,25.423969268798828,25.9569241627093,25.325273360306408,25.759534228192337,4969442
2021-03-12,25.167360305786133,25.463446144631767,24.891012142387112,25.38448979544174,4152529
2021-03-15,25.088403701782227,25.40422909533461,24.89101188957807,24.910751447292053,4499711
2021-03-16,25.5029239654541,25.581880310634823,25.127879913994853,25.46344485162986,4995285
2021-03-17,25.759532928466797,26.1148355456573,25.3055325252959,25.502924332321122,7793933
2021-03-18,24.79231834411621,25.87796768477461,24.79231834411621,25.759534101142144,4120135
2021-03-19,23.686925888061523,25.108141968436183,23.5290131994052,24.693620690096395,6913111
2021-03-22,21.318235397338867,22.305190722378,21.318235397338867,21.713017150860942,7634331
2021-03-23,20.883974075317383,21.416930842890324,19.196281409605433,19.87727921376928,11477090
2021-03-24,21.713016510009766,21.949885555131914,20.82475712018475,20.94319070151191,8662020
2021-03-25,21.574844360351562,22.167016059078833,21.43666933250967,21.772234299104678,7748781
2021-03-26,21.94988441467285,22.26570979175958,21.357710891401364,21.791971726129486,8929752
2021-03-29,21.456409454345703,22.068322610219006,21.337975864478594,21.969626697017766,3529919
2021-03-30,20.765541076660156,21.45640867917337,20.62736605018319,21.180060508687344,9399589
2021-03-31,20.133888244628906,20.9234536337615,20.054931893962433,20.82475772481144,6435959
2021-04-01,20.568147659301758,20.88397303962253,19.916757341773224,20.17336593390079,10787183
2021-04-02,20.7852783203125,21.2392787422065,20.72606152874993,20.903713785905502,5006371
2021-04-05,21.574844360351562,21.791973857720368,20.607626695329987,20.706322605940507,6330834
2021-04-06,21.12084197998047,21.910407309703135,21.12084197998047,21.55510281720455,10017071
2021-04-07,21.1800594329834,21.732755745884827,21.0616258534101,21.278755337606356,5295908
2021-04-08,20.745800018310547,21.416929896348034,20.72606046131703,21.219538091348387,3523814
2021-04-09,19.798322677612305,20.60762571778618,19.699626771683526,20.60762571778618,6957678
2021-04-12,19.44301986694336,19.87727883695439,19.166671709462676,19.640409794457153,6032085
2021-04-13,19.373931884765625,19.482497571130665,18.821237438891323,19.127193057548972,6291175
2021-04-14,19.521976470947266,19.877279098127637,19.443020122410758,19.48249735544509,4505091
2021-04-15,19.798322677612305,20.31153988246768,19.393671157525365,19.61080252706224,8510201
2021-04-16,19.739105224609375,19.936497029842574,19.541713419376173,19.6206697649759,2986529
2021-04-19,19.058107376098633,19.818063451166758,19.058107376098633,19.729237318627995,4025456
2021-04-20,18.37710952758789,19.156803278696426,18.37710952758789,18.969281234265587,5726671
2021-04-21,17.913238525390625,18.426455739110175,17.557935893365283,18.308020273456485,9121220
2021-04-22,17.784934997558594,17.962587253150673,17.40002114961981,17.567803626293678,7142422
2021-04-26,18.456064224243164,18.801497061313842,17.844151131134947,17.962586591321877,11950685
2021-04-27,19.54171371459961,20.133887256777616,18.39684574487377,18.45606441681903,13739631
2021-04-28,20.429975509643555,20.686582231657873,19.26536795178906,19.6404101383597,13528682
2021-04-29,20.410236358642578,21.14058307097232,20.370757242180918,20.745801318695147,5843297
2021-04-30,21.23927879333496,21.55510419238609,20.469452971296935,20.528669763002053,10241158
2021-05-03,22.897363662719727,22.917101338000837,21.436668391250883,21.436668391250883,13581503
2021-05-04,22.5815372467041,23.153971265963698,22.30519095755886,22.976320886856573,8999017
2021-05-05,22.522319793701172,22.917101539817523,22.009102582515986,22.75918884137098,8568347
2021-05-06,22.87762451171875,22.996058095382423,22.50258043769209,22.581536787623826,7099787
2021-05-07,22.778928756713867,23.17371050902467,22.482842913097738,22.917101899405676,4590870
2021-05-10,23.963275909423828,23.963275909423828,22.9960582626403,23.055276937370724,7976287
2021-05-11,23.627710342407227,23.923796178584453,23.41057897224061,23.529014436192202,8003399
2021-05-12,23.884319305419922,23.884319305419922,23.252666625608015,23.529014790679966,3813094
2021-05-17,23.390840530395508,24.37779579526506,23.390840530395508,24.27909989228455,6491239
2021-05-18,22.996057510375977,23.548753828305742,22.818407139399792,23.46979748038261,8227590
2021-05-20,23.292144775390625,23.765882853745417,22.04858090785846,22.71971079342831,10799290
2021-05-21,23.311885833740234,23.983013880058596,23.173710806805005,23.983013880058596,3095336
2021-05-24,23.311885833740234,23.62771123964721,23.173710806805005,23.489536212711975,3230987
2021-05-25,22.088058471679688,23.469797378009247,22.088058471679688,23.35136191540724,5268484
2021-05-26,22.897363662719727,22.917101338000837,22.245973316747175,22.245973316747175,7524232
2021-05-27,22.739450454711914,23.548753479555455,22.699971340101108,22.77892768685492,8576681
2021-05-28,23.114492416381836,23.134231973503805,22.226233053038722,22.699971129159344,6365449
2021-05-31,23.66718864440918,23.70666776166551,23.311886001441806,23.489536381691533,6094103
2021-06-01,23.746143341064453,23.86457880210916,23.03553622219958,23.489534744190745,5224699
2021-06-02,23.627710342407227,24.061969317804785,23.430318529977182,23.48953532071906,6496157
2021-06-03,24.891010284423828,24.989706184161275,23.94353416486687,23.983011395281217,16480289
2021-06-04,25.62135887145996,26.15431564093529,24.57518677291355,24.85153493661941,19201698
2021-06-07,25.5029239654541,26.509618778359126,25.5029239654541,25.660836655815544,14085224
2021-06-08,26.391185760498047,26.568838024204172,25.226578149507173,25.364753178205234,17066208
2021-06-09,26.450401306152344,26.80570581679915,26.075359120166812,26.489880421765474,12478054
2021-06-10,25.996402740478516,26.687272203143586,25.87796727624788,26.58857629669603,7425921
2021-06-11,26.31222915649414,26.608315004862092,25.77927425293824,26.15431645303551,17615149
2021-06-14,27.141271591186523,27.318923851887337,26.48988122359548,26.529358457935714,12126183
2021-06-15,26.86492347717285,27.51631384612753,26.825446242749972,27.16101120645001,10856097
2021-06-16,26.904401779174805,27.29918352378584,26.74648908133039,26.924141337022316,5857766
2021-06-17,27.49657440185547,27.67422665150343,26.78596540326362,26.825444517615516,11416227
2021-06-18,27.121530532836914,28.02952946206062,26.76622791355306,27.634747728152007,13874188
2021-06-21,27.516313552856445,27.59526990332858,27.022835891788613,27.31892361791004,9113809
2021-06-22,27.49657440185547,27.990052036447462,27.476834844679523,27.59526842279964,9364589
2021-06-23,26.904401779174805,27.69396526839687,26.74648908133039,27.59526936162715,7826080
2021-06-24,26.58857536315918,27.003096649710624,26.351706325482322,26.924140303818337,8539869
2021-06-25,25.85822868347168,26.667531699185133,25.621357763414686,26.588575353322057,6928533
2021-06-28,24.614665985107422,25.85822990294826,24.3580573783338,25.85822990294826,9300016
2021-06-29,23.706666946411133,24.45675320627523,23.410579224574647,24.41727409037656,10417853
2021-06-30,23.410579681396484,24.12118872169622,23.292146096325123,23.96327601995581,8615293
2021-07-01,25.088403701782227,25.10814325949621,23.410578945450403,23.529014409266466,12568138
2021-07-02,25.187101364135742,25.759535400481195,24.594927768699907,25.14762224595497,14051382
2021-07-05,25.285795211791992,25.858229201381395,25.108142959424967,25.226576539357776,6095883
2021-07-06,24.713361740112305,25.54240246441933,24.67388262432881,25.463446115320192,4769487
2021-07-07,25.36475372314453,25.660839580703925,24.654144653053226,24.871276038900223,6583301
2021-07-08,24.989707946777344,25.601621062335816,24.871274364713024,25.266056109040502,6098755
2021-07-09,24.851533889770508,25.384488754327727,24.71336075497193,25.009446581673966,5796838
2021-07-12,24.535709381103516,25.009447473711177,24.51596982329457,24.98970791590223,5701547
2021-07-13,24.140926361083984,24.772579049559038,23.963275983745387,24.43701408825076,4290101
2021-07-14,24.200143814086914,24.654142337364345,24.160664699470896,24.180404256778907,3150205
2021-07-16,23.923797607421875,24.31857937339228,23.746145342118204,24.21988534375064,3547500
2021-07-19,23.252666473388672,23.785623242009702,23.1342328908959,23.74614412620021,1566287
2021-07-26,21.91040802001953,23.311884596182477,21.851189347704782,23.27240548130598,9841040
2021-07-27,22.522319793701172,22.719711607993272,21.79197309276896,22.02884214043877,10624239
2021-07-28,22.285451889038086,22.897365038753957,21.9301473580761,22.50258138992155,12451136
2021-07-29,22.64075469970703,22.71971104698065,22.36440654301546,22.44336289028908,6882380
2021-07-30,22.265710830688477,22.778928033635246,22.14727724998865,22.384146293856123,5189337
2021-08-02,21.989364624023438,22.423623597927904,21.949885508686034,22.364406807389628,4214450
2021-08-03,21.555103302001953,22.147276841995637,21.49588651274292,22.00910182376751,5423549
2021-08-04,21.357711791992188,21.91040810766725,21.357711791992188,21.693276739913543,5378987
2021-08-05,21.456409454345703,21.614322162480498,21.239279951277354,21.357713541144467,4872543
2021-08-06,22.206493377685547,22.22623293470242,21.594580287436838,21.594580287436838,7401977
2021-08-09,22.502580642700195,22.877624720143668,22.088059331165134,22.324930265586215,7321871
2021-08-10,22.384145736694336,22.77892746664698,22.245972601827855,22.542058428675393,4766714
2021-08-11,22.00910186767578,22.56179817675534,21.87092873163979,22.245972790120046,5285897
2021-08-12,22.739450454711914,22.798667244160324,22.068320566070597,22.068320566070597,5383986
2021-08-13,23.173709869384766,23.331622565950386,22.502579967746968,22.798667685658376,6403778
2021-08-16,23.43031883239746,23.686927438881487,23.232928899887497,23.351362482899905,4823485
2021-08-17,23.03553581237793,23.390840306723096,22.818406333871305,23.390840306723096,6210283
2021-08-18,22.561798095703125,23.25266565586897,22.364406288531292,23.232927981126018,6636660
2021-08-19,22.64075469970703,22.897363298963246,22.28545019574184,22.403885657886175,5602945
2021-08-20,22.502580642700195,22.719712018841538,22.364407499677803,22.58153699335126,4524269
2021-08-23,23.371103286743164,23.43032008140606,22.79866925175396,22.79866925175396,5428274
2021-08-24,24.061969757080078,24.259361573113708,23.469798073914934,23.469798073914934,7389071
2021-08-25,23.72640609741211,24.338317323603384,23.6671874245798,24.022491931702362,8818761
2021-08-26,23.706666946411133,24.239621833768236,23.706666946411133,24.160665484438745,6421201
2021-08-27,23.331621170043945,23.765882000851946,23.13423125238047,23.72640477030634,5558388
2021-08-31,23.21318817138672,23.45005720793543,23.09475271187848,23.390840419415195,3530746
2021-09-01,23.529014587402344,23.98301312345411,23.331622773703753,23.35136233156718,5889497
2021-09-02,23.54875373840332,23.686926876124346,23.33162237059278,23.686926876124346,3355837
2021-09-03,23.43031883239746,23.864579695867956,23.33162292490855,23.64744832289878,4070008
2021-09-06,23.84484100341797,23.884320120833724,23.29214653687287,23.588232387619332,3566133
2021-09-07,23.27240562438965,23.963275079233515,23.134232486408003,23.864579173903273,3357538
2021-09-08,22.996057510375977,23.371101574861733,22.798667581802054,23.371101574861733,3741231
2021-09-09,23.15397071838379,23.213189392486914,22.719711736434732,22.897363993808376,4041228
2021-09-10,22.75918960571289,23.33162362742312,22.68023325383796,23.232929599430395,3375623
2021-09-13,22.561798095703125,22.956579827579006,22.542058538492384,22.87762348120383,2774050
2021-09-14,22.502580642700195,22.877624720143668,22.463103408608607,22.6999724605618,3727482
2021-09-15,22.088058471679688,22.542058882108268,21.93014577652222,22.502579767084992,4202447
2021-09-16,22.423622131347656,22.502578474390624,22.028840416132816,22.186753102218752,3303776
2021-09-17,22.956581115722656,23.153971051502683,22.502580686739602,22.62101615418193,7904502
2021-09-20,23.075014114379883,23.272405927612237,22.4236237661681,22.798667834816,6324943
2021-09-21,23.706666946411133,23.84484008712078,23.213189292484845,23.272406083865,8773887
2021-09-22,23.904056549072266,24.002752454990937,23.509274807865406,23.78562296794412,5746535
2021-09-23,24.180404663085938,24.180404663085938,23.509274763078903,23.94353561881307,6741626
2021-09-24,25.40423011779785,25.40423011779785,24.042232582668902,24.042232582668902,11124593
2021-09-27,25.52266502380371,26.035880356435758,25.167360508354864,25.562142257482545,9095038
2021-09-28,26.19379425048828,26.19379425048828,25.36475165786376,25.36475165786376,6046421
2021-09-29,25.759532928466797,26.331966909878602,25.700316139346345,26.292487795486444,5082347
2021-09-30,25.937185287475586,26.430662924648097,25.799010268989182,25.818749826268352,5544515
2021-10-01,25.91744613647461,26.075358832247808,25.5424020721624,25.759533440701414,4207104
2021-10-04,24.95022964477539,26.1148352700358,24.910750530799902,25.917445347561657,7793135
2021-10-05,25.24631690979004,25.601621425965217,24.91075195172857,24.98970830171551,6234466
2021-10-06,24.752840042114258,25.16736136339836,24.39753551459419,25.16736136339836,5747652
2021-10-07,25.009449005126953,25.404230773140537,24.87127585693919,24.910753092506567,3734170
2021-10-08,24.851533889770508,25.404228311432604,24.812054775560757,25.009446581673966,3322469
2021-10-11,24.871274948120117,25.088404441976486,24.69362268838859,24.792318597402538,3584738
2021-10-12,24.377796173095703,25.009446950012464,24.12118757435632,24.673882004158486,7361469
2021-10-13,24.95022964477539,25.06866322176632,24.535708360371597,24.535708360371597,6831363
2021-10-14,25.06866455078125,25.581881764864203,24.713361918504322,24.950230967511562,6380778
2021-10-15,25.79901123046875,25.89770713807502,25.048924968116125,25.206839549766872,7882049
2021-10-18,26.075359344482422,26.114836577967314,25.42396899100486,25.95692387909202,5885711
2021-10-19,25.73979377746582,26.312227767911107,25.73979377746582,26.154315072786048,5145670
2021-10-20,24.67388153076172,26.23327076820715,24.67388153076172,25.858228597225388,11018856
2021-10-21,24.83179473876953,25.048924223070816,24.318577540456157,24.67388204428354,11514589
2021-10-22,25.36475372314453,25.423970518162815,24.673884212215313,25.266057809802074,12164783
2021-10-25,25.423969268798828,25.818751020300635,25.226577451813984,25.364752476690526,8414821
2021-10-26,25.937185287475586,25.956922962286963,25.423968093023902,25.423968093023902,8306721
2021-10-27,26.174055099487305,26.19379465734874,25.73979423887497,25.917446494692193,7378352
2021-10-28,26.2332706451416,26.29248743344666,25.976662052529353,26.09509751160722,1630152
2021-11-01,26.25301170349121,26.707010243907344,26.233272145438022,26.371445286874607,5818635
2021-11-02,26.25301170349121,26.54909754441757,26.134576237639944,26.312228495182907,5482962
2021-11-03,26.845184326171875,26.845184326171875,25.34501185117222,26.29248801487655,11480041
2021-11-04,27.654489517211914,28.147967195038817,27.16101183938501,27.16101183938501,20171865
2021-11-05,28.424312591552734,28.917790253784332,27.516313617747883,27.615009526687782,11142798
2021-11-08,29.371789932250977,29.39152949002871,28.345355517422828,28.8585727248369,10646996
2021-11-09,29.450746536254883,29.96396374811895,29.115181580995138,29.391529744876063,10348318
2021-11-10,28.937528610229492,29.825787988861507,28.77961591547126,29.37178946204854,11301324
2021-11-11,28.523008346557617,29.075702798183176,28.266399737685926,28.858573305661533,8239327
2021-11-12,28.2861385345459,28.858572528939547,28.24666130172625,28.562486694154767,5397408
2021-11-15,28.700660705566406,29.312573833856966,28.108487135519905,28.68092114732235,8953421
2021-11-16,28.365095138549805,29.194137742387824,28.108486534269673,28.759876882646996,6406666
2021-11-17,29.05596351623535,29.174397093802625,28.12822504044207,28.246660500477123,5998533
2021-11-18,29.312572479248047,29.628397866686313,28.424311223993175,29.13492022819707,11356753
2021-11-19,27.37813949584961,29.766571370954548,27.33866226316583,29.60865867528379,13134794
2021-11-22,27.753183364868164,28.0295296391159,27.27944339871754,27.437356093278478,10490137
2021-11-23,28.68092155456543,29.23361789843949,27.69396621796335,27.81240168664148,15033994
2021-11-24,30.102136611938477,30.753526958517423,29.19413766178785,29.19413766178785,13215909
2021-11-25,29.11518096923828,30.43770120454009,29.11518096923828,30.161353046465685,5620638
2021-11-26,26.687273025512695,28.029530994170553,26.21353303645967,28.029530994170553,16368809
2021-11-29,27.31892204284668,27.437355620492696,25.956922722643064,26.707008950116343,14785612
2021-11-30,26.509620666503906,27.022836005498426,26.19379526328639,26.943879654694047,13292489
2021-12-01,29.154661178588867,29.154661178588867,26.84518556951107,26.943879595950452,23903150
2021-12-02,28.79935646057129,30.1810935283247,28.56248741031081,29.707355427803737,14213732
2021-12-03,31.5430908203125,31.66152816832741,30.27978922763923,30.59561462580755,22059386
2021-12-06,33.655174255371094,33.93152429978474,31.77996144258599,32.54978537252356,24116777
2021-12-07,34.9974365234375,35.53039332692602,33.457788555496386,34.04996027163744,23066240
2021-12-08,37.997779846191406,38.37282392223193,35.29352061095566,35.35273928557335,33782298
2021-12-09,39.02421188354492,40.70203657851313,37.56351855055364,38.13595064358071,37650850
2021-12-10,38.451778411865234,40.05064874302526,38.195171684914975,39.18212700615342,23281960
2021-12-13,38.649169921875,39.478212535722605,37.36612876745116,38.45177810620924,19058844
2021-12-14,37.56351852416992,39.43873125787037,37.38586627630186,38.6886469173773,12986658
2021-12-15,38.15569305419922,39.39925511821835,37.70169450423476,37.997780351388286,19514981
2021-12-16,40.662559509277344,40.662559509277344,37.91882118838108,38.649169774070636,16309015
2021-12-17,38.5109977722168,42.93255723829999,36.596305770299395,41.965341458057026,12514805
2021-12-20,37.8596076965332,39.122909335353924,34.681610275821974,36.10282838443115,7729946
2021-12-21,34.08943557739258,38.29386332760793,34.08943557739258,37.87934392565714,3620219
2021-12-22,31.661527633666992,34.93821890803239,31.286483567824494,31.720742541738776,9809508
2021-12-23,30.496917724609375,32.88534957352197,29.09544115404962,32.470830163782864,6836344
2021-12-24,32.76691818237305,33.12222270869589,30.536398878452435,30.793007493855825,7889742
2021-12-27,32.076045989990234,33.49726021078531,31.799699721625075,32.806394539872414,6845646
2021-12-28,31.1483097076416,32.70769905474078,30.556136132769073,32.174742272615134,5334468
2021-12-29,32.076045989990234,32.352392258355394,30.319264947311602,30.714048557778003,6690685
2021-12-30,30.674570083618164,32.74717655193043,30.615353293800045,32.549784742579625,4448292
2021-12-31,32.2734375,32.56952332267357,30.950917311451594,31.168046789247693,8329104
2022-01-03,33.556480407714844,33.556480407714844,31.681263820132965,32.214220589016534,8200852
2022-01-04,35.25404357910156,35.43169582955112,33.85256513277018,34.16839051913925,10590048
2022-01-05,36.122562408447266,36.438387802679046,34.83952127376369,35.39221759613715,9159622
2022-01-06,35.806739807128906,36.39891529120474,34.95795758207539,35.431699475310445,12279947
2022-01-07,36.83317184448242,36.95160542742478,34.97769480868538,36.0436083499738,14412824
2022-01-10,37.997779846191406,39.26108145188274,37.109518551604836,37.109518551604836,14773051
2022-01-11,37.56351852416992,38.846559608267185,37.208214028433794,38.6886469173773,11348763
2022-01-12,37.405609130859375,38.58995253447433,37.38586957214101,38.1556935374779,6714288
2022-01-13,38.27412796020508,39.10317061979135,37.16873900240203,37.267433033212036,13355243
2022-01-14,37.74116897583008,38.53073239270197,37.425339844145974,38.35308015328888,6103506
2022-01-17,38.313602447509766,38.570212920496594,37.60299346377453,37.89908305028787,6752800
2022-01-18,36.33969497680664,39.379519202667964,36.31995541839946,38.21491161119494,8132251
2022-01-19,37.306907653808594,37.306907653808594,35.332997156094535,36.221258386040056,7335424
2022-01-20,37.484561920166016,38.33334408232098,36.162041664818084,37.89908510479467,9991997
2022-01-21,36.537086486816406,37.484562692730016,36.2212610848452,37.484562692730016,4900164
2022-01-24,34.4052619934082,37.22795472368984,34.32630376308128,36.477866595326624,9373777
2022-01-25,34.48421859741211,35.07639406678215,33.576221481954946,34.62239550905357,5125772
2022-01-26,35.76726150512695,36.26073915204411,34.622393514876585,34.622393514876585,6998317
2022-01-27,37.306907653808594,37.62273303224801,34.74082551275451,34.74082551275451,12287045
2022-01-28,36.57656478881836,37.95829995044027,36.53708567321713,37.42534318463071,5372160
2022-01-31,36.24100112915039,37.109519113751894,36.221261570645474,37.07004376167788,4323582
2022-02-01,35.94491195678711,36.852912834456006,35.70804478169843,36.59630610062063,4518611
2022-02-02,35.39221954345703,36.28047710175598,34.997435896478024,36.06334948435982,4758149
2022-02-03,34.76056671142578,36.02386828485498,34.36578308726132,35.31325926733322,6020175
2022-02-04,34.18812942504883,35.2935182562806,34.18812942504883,35.056651103484405,4366776
2022-02-07,35.411956787109375,35.43169634466137,33.61569846417023,34.16839101588342,4644581
2022-02-08,36.4581298828125,36.912132212749825,35.530393193687594,35.530393193687594,7084185
2022-02-09,37.306907653808594,37.7411703728644,36.89238825645768,37.01082183213858,9255613
2022-02-10,37.50429916381836,37.8003849831772,36.833169298639405,37.60299318195949,7832384
2022-02-11,38.57021713256836,38.64917160330814,36.31995635997822,37.306911716308804,13362074
2022-02-14,38.37282180786133,39.063691247257275,36.75421577352174,38.17543000161455,14075286
2022-02-15,38.53073501586914,38.90577531133139,37.662213315713544,38.550474573251726,14394623
2022-02-16,38.668907165527344,39.35977659653978,38.0175168482723,38.58994893801255,15005915
2022-02-17,39.12290573120117,40.405946810546766,38.728125887906266,38.728125887906266,22402656
2022-02-18,39.41899490356445,40.01117036621561,38.708389619293236,39.87299722107775,8224736
2022-02-21,40.46516799926758,41.88638230045035,39.71508361487727,39.971690340739926,19966843
2022-02-22,38.7873420715332,39.67560333684762,38.62942937602571,39.083427904992796,9568428
2022-02-23,36.971343994140625,39.537429988662204,36.93186487923977,39.28081950674224,10680534
2022-02-24,33.28013610839844,34.74082959662262,33.28013610839844,33.55648240578422,5402312
2022-02-25,35.70804214477539,36.35943247556998,32.273438240137025,33.299872629551416,11616326
2022-02-28,33.24065399169922,35.03691229254469,33.24065399169922,34.74082646277791,8212478
2022-03-01,31.977354049682617,34.405263246638846,31.681264440107064,34.04995872709681,8767326
2022-03-02,32.15500259399414,32.766913770869074,31.56282720820374,32.07604436991461,9337474
2022-03-03,32.17474365234375,32.96431096265616,31.977355589701613,32.766919135078055,6825316
2022-03-04,30.793004989624023,31.977352059404858,30.793004989624023,31.878654274044052,7600668
2022-03-07,29.90474510192871,30.496918663668144,28.819095768285592,30.299528731400237,20750058
2022-03-08,30.516658782958984,31.128571913921096,29.352051196025467,29.60865980691488,12544214
2022-03-09,32.47083282470703,32.47083282470703,30.970658344414133,31.168050169247714,11248528
2022-03-10,32.076045989990234,33.31960796256899,31.681262379523833,33.063001251220705,11145286
2022-03-11,33.35908889770508,34.010479255079744,31.878655925041222,32.13526641533364,16243004
2022-03-14,33.79335021972656,34.42500099234911,33.556479297525314,33.79335021972656,8396666
2022-03-15,34.28683090209961,34.93822128984553,33.10248371576086,33.63544051435368,13541836
2022-03-16,34.64213180541992,34.89874230868326,34.286831036567186,34.64213180541992,7392235
2022-03-17,34.64213180541992,35.27378640156418,34.46447953852559,34.97769678011633,6758015
2022-03-18,33.951263427734375,35.09613141170793,33.951263427734375,34.642129117682146,10296830
2022-03-21,34.563175201416016,34.89874015540785,34.28682892104711,34.28682892104711,6154374
2022-03-22,35.175086975097656,35.19482653327462,34.54343617317784,34.6421301991269,8942804
2022-03-23,34.95795440673828,36.02386792229304,34.6421290165596,35.5303902795219,10332758
2022-03-24,34.72108840942383,35.352739210935944,34.58291526721002,35.13560783606524,6102345
2022-03-25,35.076393127441406,35.25404538700133,34.74082816659887,34.879001309604185,5851141
2022-03-28,36.71473693847656,36.75421605301324,35.392216720982475,35.43169583551916,13426046
2022-03-29,38.80708312988281,39.63612575459279,36.576565748961286,37.10951876382529,27152629
2022-03-30,38.60968780517578,39.06369007540465,38.135949743356285,39.06369007540465,14049065
2022-03-31,40.188819885253906,40.484905713900936,38.66890786261409,38.846560112789426,21735986
2022-04-01,39.85325622558594,40.859951087354254,39.6163852960787,40.42568834408026,9345707
2022-04-04,40.642818450927734,40.85994981580769,39.69534229225527,40.05064679299134,10118553
2022-04-05,41.29420852661133,41.90611973803952,40.465165951638866,41.25472941234227,14147944
2022-04-06,41.90612030029297,42.675947979126164,40.80073144047723,41.333688195453526,16215929
2022-04-07,42.24168395996094,42.71542202831389,41.76794589160799,42.14298994090488,10503549
2022-04-08,42.24168395996094,42.83385936910375,42.00481680825221,42.83385936910375,7406993
2022-04-11,42.754905700683594,43.46551476144998,42.083775757723316,42.34038625852713,14805691
2022-04-12,43.28786087036133,43.84055343914408,42.419339135928176,42.814122769289355,14501464
2022-04-13,42.202205657958984,43.66290276964076,41.610034002363555,43.5247258693953,11698295
2022-04-14,42.123252868652344,43.30759999185854,42.123252868652344,42.8141223376006,7922385
2022-04-15,42.14299011230469,42.45881549249115,41.84690428899682,42.14299011230469,4478452
2022-04-18,42.636470794677734,43.149688015490376,42.12325357386509,42.34038495015315,8961053
2022-04-19,43.228641510009766,43.623425137107304,42.51803625214417,43.30759974140355,10210412
2022-04-20,43.07072830200195,43.68263952831316,42.75490291003903,43.4457723668088,8405350
2022-04-21,43.40629577636719,43.62342715782231,42.7943845144633,43.07073080727102,13529921
2022-04-22,42.498294830322266,44.373507564449575,42.30090302543109,43.40629186191192,20373498
2022-04-25,41.491600036621094,42.63646798769642,41.07707686962827,42.49829485367732,12808464
2022-04-26,41.11655807495117,42.853597764442,40.307255021730526,41.846906661117366,15487537
2022-04-27,42.281166076660156,42.320645193060855,40.97838535492311,41.62977571579163,11394636
2022-04-28,42.41933822631836,43.801077148517734,41.68899341467764,42.53777180781281,12137409
2022-04-29,42.3009033203125,42.97203320265964,41.41264207457788,42.57724959012524,8164403
2022-05-05,43.958988189697266,44.23533445775381,42.794380681551075,43.14968517758693,12890780
2022-05-06,43.38655471801758,43.880032375224154,42.63647033563531,43.80107790783769,8653855
2022-05-09,42.853599548339844,43.68264219406919,42.73516596036019,43.30760187131097,7963200
2022-05-10,43.32733917236328,43.46551231196205,43.129947359392595,43.208901825619456,1790987
2022-05-11,41.35342788696289,42.518035422753606,41.215250984719155,42.518035422753606,6781988
2022-05-12,40.56386184692383,41.17577685156556,39.75455879168617,41.17577685156556,8197996
2022-05-13,40.761253356933594,41.23499145169729,40.38620928672811,41.017863844682076,5667341
2022-05-16,40.16908264160156,40.938906593409804,40.03090949793709,40.8796879182954,6142157
2022-05-17,41.41264343261719,41.827166615865266,39.95195004223648,40.366473225484555,9062239
2022-05-18,40.820472717285156,42.103513882802936,40.6033413416818,41.37316528800531,8141390
2022-05-20,41.05733871459961,41.37316410740917,40.445427486648036,40.80073199479271,5806039
2022-05-23,41.452125549316406,41.787690525789266,40.87968962741849,41.373167312529404,6947174
2022-05-24,41.41264343261719,41.98507931307032,41.25473073541213,41.64951436089262,5000683
2022-05-25,41.90612030029297,41.9653389724911,41.017862806934744,41.41264266011542,4719755
2022-05-26,42.3601188659668,42.63646890488532,41.96533901241059,42.02455768466505,9215351
2022-05-27,42.37985610961914,42.7746397065574,42.14298896340451,42.53776879540736,8286078
2022-05-30,45.557857513427734,46.42637925097938,42.73516469008671,42.83386248124927,25445120
2022-05-31,45.18281173706055,46.07107299942746,44.70907365211007,45.89342074695408,9669710
2022-06-01,45.459163665771484,46.544813018273814,45.123598704372185,45.30125096422686,8099659
2022-06-02,45.43942642211914,45.93290411020053,45.24203459389939,45.617078691023316,6087279
2022-06-03,45.044639587402344,46.288205381987595,44.94594556272415,45.696029939111284,8934130
2022-06-06,45.43942642211914,45.774991400611924,45.20255547526824,45.30125327184611,5987671
2022-06-07,46.70272445678711,47.097508082440015,45.380204205266274,45.49863778698787,13531393
2022-06-08,47.66994094848633,50.28537403849592,47.07776926562244,47.86733276441954,25679272
2022-06-09,50.9268913269043,50.9268913269043,46.72246345890112,48.281850855319625,18649784
2022-06-10,50.087982177734375,51.81515397696659,49.74254932386223,50.23602698078572,17672488
2022-06-13,48.53845977783203,50.729501650324586,48.53845977783203,49.939934433794846,11263557
2022-06-14,48.22263717651367,48.99246111557003,47.53176770469953,48.83454841614986,6806999
2022-06-15,50.9268913269043,50.9268913269043,47.80811276913164,48.341069527943986,9443828
2022-06-16,50.482765197753906,51.8645003614414,49.347765094603744,50.92689207165679,10999381
2022-06-17,53.14754104614258,53.344932857819096,50.28537295410789,50.58145878915484,11750702
2022-06-20,54.67732620239258,54.973412045234404,53.39428127518506,54.2825425686463,10545022
2022-06-21,56.45384216308594,57.63818923936184,54.03580100005089,54.82536446258963,10202629
2022-06-22,56.55253982543945,57.73688697797482,56.009715145300355,56.1577599512182,7699987
2022-06-23,54.57862854003906,56.799278013986786,54.13449789226237,56.60188619664872,8863903
2022-06-24,53.789066314697266,55.76297700514487,52.55537213316751,55.368193361081005,8121669
2022-06-27,53.789066314697266,54.82536867419508,52.01254744628159,52.01254744628159,7882186
2022-06-28,52.0618896484375,54.52927778343454,51.61775903115093,53.69036732350975,6684996
2022-06-29,49.890586853027344,52.45667274751064,49.890586853027344,52.25928094563724,6584263
2022-06-30,49.11089324951172,50.58145827847214,48.63715516523245,49.643850006176756,9223654
2022-07-01,51.46971893310547,51.519065943711,49.28854492095941,49.3477635926474,8050605
2022-07-04,49.989288330078125,52.06189299055235,49.9399375522617,51.91384818697458,4401986
2022-07-05,48.874027252197266,50.532112469076296,48.02524508582637,50.18667585268067,7405664
2022-07-06,49.59450149536133,50.3347179355906,48.57793878889249,49.347762681951565,7344924
2022-07-07,50.03863525390625,50.63080693729194,49.249071754413414,49.79189642500626,3895980
2022-07-08,49.939937591552734,50.33472122478021,49.6438517491,50.03863538232748,1487314
2022-07-13,49.742549896240234,51.0749380792909,49.34776626018444,50.33472158538813,5597954
2022-07-14,47.748897552490234,49.8905887052494,47.590984858115995,49.742547672049824,6623555
2022-07-18,49.693199157714844,49.693199157714844,48.005506453853386,48.558202791785696,5584139
2022-07-19,51.519065856933594,51.71645766395882,49.49580830603009,49.5451553165525,5932842
2022-07-20,53.73971939086914,53.789066405226215,51.51906986037815,52.012547533820594,6775196
2022-07-21,53.789066314697266,54.67732763137303,53.29558864208536,53.93711112245518,6253064
2022-07-22,52.50602340698242,54.47993403307247,51.86450094752886,54.13449741454527,5082387
2022-07-25,52.60471725463867,53.69037035428281,51.37102311749923,52.555370242140235,6878404
2022-07-26,51.667110443115234,53.14754345025247,51.27233056684014,53.098196436335066,5001907
2022-07-27,52.75276184082031,53.24623949365318,51.86450055974687,52.111239386163305,8652721
2022-07-28,53.88775634765625,54.233192951833175,52.407323439589476,53.59167051903001,9346081
2022-07-29,55.76297378540039,56.05905961888441,53.8877572317755,53.93710800813587,8069668
2022-08-01,55.86166763305664,56.700581884388626,55.46688777796126,56.25645125308765,6140996
2022-08-02,56.059059143066406,57.73688387181569,55.51623449213047,56.256450952025546,9828720
2022-08-03,56.89797592163086,57.49014760992184,56.20710644200087,56.55253929934798,6373251
2022-08-04,58.08231735229492,58.822533820327244,57.243406861165894,57.243406861165894,7053857
2022-08-05,59.464054107666016,59.56274812718171,57.88492720580179,58.23036003904224,4911012
2022-08-08,59.90818786621094,60.69775135853811,58.23036309193087,60.10557968052666,5521247
2022-08-09,59.95753479003906,61.09253489697705,59.21731831114969,59.809489988286906,4547568
2022-08-10,60.895145416259766,60.895145416259766,59.76014526583221,60.40166774475836,4117291
2022-08-11,61.19123077392578,62.42492494275493,60.500361286394295,62.2768801365211,4961070
2022-08-12,59.7601432800293,61.73405390044272,58.871885759804684,61.24057624533936,5512869
2022-08-15,59.464054107666016,60.204270548840285,58.82253168600745,60.05622575463123,3902284
2022-08-16,60.74709701538086,60.94448882529201,56.89797366432379,59.66144770827299,9620960
2022-08-17,61.4873161315918,62.0301408085648,60.54970781776435,61.63536093664616,8035054
2022-08-18,60.895145416259766,61.63536192351186,59.16797356600487,61.63536192351186,10189731
2022-08-19,60.00688171386719,62.12883712286345,59.7601428879344,60.993837017598345,6874217
2022-08-22,60.15492630004883,60.89514277519725,59.26666502389645,60.00688149904487,4961918
2022-08-23,61.8327522277832,62.12883807043121,60.10558041991145,60.25362145876757,6834125
2022-08-24,61.58600997924805,64.30013695523367,61.437965183674606,62.276875652095946,9573843
2022-08-25,62.622314453125,63.16513911440226,61.28992254096917,62.17818381573972,4655530
2022-08-26,61.93144226074219,63.11578931991082,60.89513999582046,63.06644231014035,5622577
2022-08-29,60.64840316772461,61.78339948934823,60.00688072489796,61.58601144380369,5516589
2022-08-31,61.53666305541992,61.83275266509779,60.54970772965578,61.04318539253785,7793685
2022-09-01,60.20427322387695,61.53666137121799,59.858840375288,61.53666137121799,5951985
2022-09-02,60.59906005859375,61.38862358642246,60.0068845890203,60.697754087721385,5915661
2022-09-05,62.22753143310547,62.86905388945184,60.993837297774526,61.437967939480814,10753072
2022-09-06,61.98079299926758,62.77035649790151,60.69775184337047,62.622315459683996,8862108
2022-09-07,65.08970642089844,66.07666183307201,61.586019225605575,62.178190966935276,15781806
2022-09-08,64.30014038085938,67.21165555280811,63.31318506428401,66.32339426191598,10372330
2022-09-09,64.39883422851562,66.12600602774785,64.39883422851562,65.13905071390086,8976268
2022-09-12,65.43514251708984,66.66883670082177,64.74426925627694,64.89231406429911,7478523
2022-09-13,61.8327522277832,67.65579011458229,61.8327522277832,66.1260063585187,12339773
2022-09-14,65.63253021240234,65.63253021240234,60.599059476523266,61.83275365344812,7316150
2022-09-15,69.62969970703125,70.27121463071462,65.63252771400424,65.78057251557402,10501026
2022-09-16,74.51512145996094,74.76186027274227,68.93882278512874,69.53099442982972,12255364
2022-09-19,70.51795196533203,75.00860151537188,70.27121314455779,74.95925073926853,5688833
2022-09-20,70.76468658447266,73.28142541888782,69.0868657147764,70.9620821472945,8256253
2022-09-21,68.05056762695312,70.76469480979547,66.37274656223562,70.76469480979547,10720507
2022-09-22,68.1986083984375,69.03751888115718,67.21165311762113,68.544041240749,7154004
2022-09-23,68.1492691040039,69.82709016673292,67.90253026949249,68.49470196634556,6888182
2022-09-26,65.18840026855469,68.05056460111724,64.9910046915657,68.05056460111724,5046550
2022-09-27,64.84296417236328,66.52079280312246,64.64557611221365,65.82991953285509,6694701
2022-09-28,62.326229095458984,64.59622178190375,62.17818429354768,64.59622178190375,6012082
2022-09-29,61.58600997924805,64.15209215966024,59.90818527746982,63.01709210009203,6211014
2022-09-30,62.12883758544922,62.77035627868953,61.191229286936434,62.17818459801605,4280888
2022-10-03,68.29730224609375,68.29730224609375,63.21448858676936,63.21448858676936,8245510
2022-10-04,69.62969970703125,70.6659982582769,68.19860999835193,69.08687127789919,8062335
2022-10-05,70.71534729003906,71.75164581570695,68.69208595488983,70.12317562824724,10334325
2022-10-06,69.1855697631836,72.09709261554347,69.0868757323974,71.85035377364206,9243169
2022-10-07,68.88948059082031,70.02447312302232,68.0999133659335,69.2842566733926,8471144
2022-10-10,70.17251586914062,70.66599348781232,69.23491140561276,69.38295619718845,6784942
2022-10-11,68.64274597167969,70.17252220986865,68.64274597167969,70.17252220986865,5384152
2022-10-12,69.62969970703125,70.56730423385419,68.44534882434442,68.79078167475964,7856519
2022-10-13,69.97513580322266,71.35687479884648,68.98818045347303,70.22187464066006,10048586
2022-10-14,72.44252014160156,72.63990818860569,70.96208719945659,71.60360964702701,8614304
2022-10-17,77.96947479248047,78.46295248104047,73.03469790688044,73.38013078289805,12883916
2022-10-18,79.59794616699219,81.17707313538406,76.39034145343598,80.19011783890522,11690174
2022-10-19,78.80838012695312,80.53555192228967,78.26555922348452,79.84468621610364,6589991
2022-10-20,80.1407699584961,81.17707606920048,78.61099371158915,79.0057773504228,7746192
2022-10-21,80.38750457763672,81.81859425215734,79.30185527515738,80.14076575753363,6406745
2022-10-24,81.81859588623047,82.46011833728517,79.94337931002113,81.52250628424481,7308685
2022-10-25,81.12772369384766,82.95359704628162,80.23946993629451,82.31207458703764,8985658
2022-10-26,81.27576446533203,82.65750334058164,80.48620477224017,81.32511524046888,6988856
2022-10-27,79.84468841552734,80.97968856113067,78.2162106005201,80.58490491963322,9871355
2022-10-28,77.47599029541016,80.09142332091099,77.37729627234567,79.74599047524967,2557944
2022-10-31,77.3772964477539,78.56163978695507,76.88381880144154,78.26555771709043,6752646
2022-11-01,78.31490325927734,79.64729143739994,77.72273157231969,77.72273157231969,10420093
2022-11-02,76.73577880859375,78.56164470835442,76.58773399945169,78.31490586974158,7354645
2022-11-03,76.78512573242188,77.67337948292611,75.20599122070011,76.83446897974355,9833816
2022-11-04,77.77207946777344,78.06816153534241,76.3409897866407,76.98251222784702,8098127
2022-11-07,79.20316314697266,79.49925275012485,78.21620784296053,78.80837951939353,8361960
2022-11-08,80.33816528320312,82.01598633048408,78.56164267912904,79.54859800808762,18671221
2022-11-09,78.51229858398438,81.67055259064689,78.36425378026267,80.38750766488752,9255639
2022-11-10,80.8809814453125,80.93033222081023,78.06816042897808,78.06816042897808,7469967
2022-11-11,79.49925231933594,82.11467783689852,78.70968506845617,81.6212001875665,7704967
2022-11-14,78.2162094116211,78.70968707352407,77.47599291876664,78.70968707352407,7848387
2022-11-15,79.25251770019531,81.07838359363885,78.56164443654657,79.69664459621312,11053442
2022-11-16,77.87077331542969,79.7459898586405,76.78512401037224,79.40054948577888,7681860
2022-11-17,77.17990112304688,78.66033406681277,74.02164718829484,77.87077434806042,8240365
2022-11-18,76.78512573242188,78.61099154049484,75.5020808241158,76.39034210449144,7600098
2022-11-21,77.96947479248047,77.96947479248047,75.50208634968045,77.42664632311568,4750435
2022-11-22,80.23947143554688,80.28881468418209,78.16685921620609,78.61099363315266,8093012
2022-11-23,81.62120056152344,82.4107678160207,79.99273033516386,80.6835960354454,8591728
2022-11-24,83.00294494628906,84.82881087119088,81.67055670540785,81.86794476706733,13097488
2022-11-25,85.22358703613281,85.22358703613281,82.114676393996,83.00293765315955,9356843
2022-11-28,85.12489318847656,88.13510981462626,85.07554241236083,87.24684855364181,9013821
2022-11-29,85.96380615234375,86.45728380824683,82.55881333856102,85.61837329918588,7193336
2022-11-30,86.60533142089844,87.24685390036092,85.61837607707054,86.85207025685541,6679045
2022-12-01,85.8651123046875,88.72728422081805,85.42098542540495,87.83902293238147,11350833
2022-12-02,85.8651123046875,87.09880644699624,84.28598530850662,85.91446308232844,9248977
2022-12-05,86.75337219238281,89.46749926163905,84.68076757274322,86.358588567244,15676020
2022-12-06,84.8781509399414,87.24684503028605,84.73010614744408,86.85206142691679,6893247
2022-12-07,85.12489318847656,88.33249785934669,83.69381103957531,85.47032603167294,11051812
2022-12-08,84.77946472167969,85.86511408342685,81.86794196759453,85.32228563761745,7143569
2022-12-09,87.00011444091797,87.74033094348414,84.38468129254318,85.27294260159691,7388625
2022-12-12,92.82315063476562,94.50097166278289,87.88837404663076,87.88837404663076,9443945
2022-12-13,91.73748779296875,94.15553268175792,91.6881445482206,93.71139829979859,6730040
2022-12-14,88.33250427246094,92.77380336995897,88.08576543371105,92.42837050168349,6162296
2022-12-15,89.27010345458984,91.73749169302374,87.09880481671655,89.71423785543075,6040282
2022-12-16,89.61554718017578,91.19467420580017,89.46750237436407,89.61554718017578,1497851
2022-12-19,93.02053833007812,93.46466520936067,88.4805453923563,89.51684395397275,11855288
2022-12-20,94.99444580078125,97.46183400339895,91.93488593550956,93.56336365521148,27023947
2022-12-21,93.11923217773438,96.2281429163921,92.87249334974362,95.38923240719785,9444936
2022-12-22,92.82315063476562,94.89575529580797,92.0829341465454,94.05684478179934,6765681
2022-12-23,92.13227844238281,93.41532338183937,91.44141272413488,93.11923377123506,4651461
2022-12-26,93.36597442626953,94.05684768787725,92.4777131069863,92.97119078104679,4408382
2022-12-27,92.28031921386719,94.05684174009335,92.28031921386719,94.05684174009335,4945512
2022-12-28,89.8622817993164,92.37901326061153,88.82597573710171,92.280319237989,6031753
2022-12-29,90.7011947631836,91.58945605078452,89.02336621329927,89.1220677684883,4525823
2022-12-30,92.28031921386719,93.56336409723845,91.19466990556064,91.24401315192338,5573302
2023-01-02,94.6983642578125,94.94510309905732,92.97119236909877,93.2672819905413,6390814
2023-01-03,94.59966278076172,97.26444657436718,93.71140151622656,94.89575237889719,11615735
2023-01-04,93.90879821777344,95.14249234168042,92.47770851611853,94.79705949296074,5450735
2023-01-05,90.01032257080078,95.73466646410846,89.51684490861466,94.59966633510606,7040667
2023-01-06,90.25706481933594,91.63880383174879,83.10163844670812,85.96381050173362,8591628
2023-01-09,86.95075988769531,92.72444685110773,85.37163292340998,91.78684233383962,5870210
2023-01-10,82.50946044921875,87.9377145252183,80.9796842729962,86.95075923867293,6473977
2023-01-11,75.30469512939453,83.98989756603936,75.15665032305826,82.7068601474921,8114637
2023-01-12,79.59794616699219,79.8446849911119,73.28143076355339,77.1305579257951,8267485
2023-01-13,80.1407699584961,83.20033751205322,78.314904099996,79.30185943214433,7030585
2023-01-16,84.03924560546875,84.18729040697943,79.74599154088753,80.33816321705883,6013678
2023-01-17,88.62858581542969,88.77662308129364,83.59510793966471,84.0885855722008,7739083
2023-01-18,87.54293060302734,90.10902036310176,87.04945296145476,88.92466950540482,6689556
2023-01-19,88.33250427246094,89.4181536569861,86.55598162151301,87.24685488793577,6780884
2023-01-20,88.72727966308594,89.22075729466053,87.09880197291557,88.72727966308594,4001161
2023-01-23,87.9377212524414,90.89858733858334,85.96381052834677,89.81293794630567,6718766
2023-01-24,86.21054077148438,88.38184686937737,84.58206308053241,87.74032444204828,5102032
2023-01-25,87.64163208007812,87.93771414684501,82.16402725137152,86.45728122339688,6625068
2023-01-26,85.37163543701172,87.9870685488598,84.82880699742893,87.78967296634262,6073535
2023-01-27,84.58206939697266,85.61837551311463,80.93033766081153,84.77946498236103,6377675
2023-01-30,82.4107666015625,85.32228169110631,82.36141582518192,84.58206522462521,4127231
2023-01-31,81.57186126708984,82.31207778034862,79.10447288956064,80.9303387829579,5510950
2023-02-01,75.99555969238281,81.9666423944472,75.99555969238281,81.57185876020078,5245799
2023-02-02,76.4890365600586,78.70968600857643,70.12317781958939,76.1929469549743,9341064
2023-02-03,79.00577545166016,79.69664115561162,74.71251383609848,76.48903640321858,11939695
2023-02-06,76.93315887451172,78.06815892018354,73.77490508034502,75.9955543971447,1696821
2023-02-07,69.28426361083984,76.58773481779193,69.28426361083984,76.58773481779193,3970822
2023-02-08,63.80665969848633,63.80665969848633,63.80665969848633,63.80665969848633,250
2023-02-15,76.19294738769531,76.19294738769531,72.04773807220214,74.07099948206874,8540640
2023-02-16,71.3075180053711,81.62119752845557,71.3075180053711,80.93033185384678,8198419
2023-02-17,70.41925811767578,73.23207917550535,69.08686998816401,69.97513125112894,4775599
2023-02-20,72.73860168457031,73.13338530558673,69.28425817795137,70.56730306378691,5670189
2023-02-21,72.8373031616211,74.9099077574668,72.04773592040785,72.24512396577552,5473533
2023-02-22,72.34382629394531,74.02164728717268,72.1957814933967,72.93599796626842,4600596
2023-02-23,71.6529541015625,73.38012589651001,71.45556605123137,72.29447655994586,3867422
2023-02-24,70.81404113769531,71.99838445836333,70.6166530942077,71.85034719068322,3280746
2023-02-27,74.46577453613281,74.71251336167317,69.48165477814032,70.71534890584213,7986626
2023-02-28,73.97229766845703,74.95925298107085,73.23208118399667,74.41643207705613,4491349
2023-03-01,76.58773040771484,76.73577520991404,74.51512576654032,74.5644765438972,5908952
2023-03-02,74.71251678466797,77.57468879804242,74.71251678466797,76.29165136437231,4258624
2023-03-03,74.02164459228516,76.48903274536133,71.4062116440502,74.71251026319806,4900095
2023-03-06,77.27860260009766,77.92011751786467,73.92295309157285,74.21903516211039,5649986
2023-03-07,80.73294830322266,81.22642596392727,77.92011961330915,77.96947039132823,7422152
2023-03-08,81.91728973388672,82.06533453456078,79.69664031338979,80.7329463882369,5165487
2023-03-09,82.4107666015625,83.59510993598374,81.71990091146199,81.91728895724177,4275311
2023-03-10,80.73294830322266,82.41076933766972,79.94338103414667,82.41076933766972,3426004
2023-03-13,82.31208038330078,82.31208038330078,78.75904251327547,80.63425171559994,4317329
2023-03-14,78.85772705078125,82.90424212470327,78.85772705078125,82.4601152681265,3495522
2023-03-15,77.47599029541016,79.49925165265282,75.15664686897405,78.95642323099123,6331004
2023-03-16,78.9564208984375,78.9564208984375,76.29164470506366,77.57468202674063,2720492
2023-03-17,77.22925567626953,80.68359938063941,77.08121086867934,80.04207690099638,4056808
2023-03-20,75.79817199707031,78.26556031038807,75.15664952963338,77.229254206846,3147042
2023-03-21,74.71251678466797,77.47599476927883,73.77491221660628,75.99556174820981,3279840
2023-03-22,76.09425354003906,76.19294756590135,74.56447731449477,74.86055939208164,2374609
2023-03-23,76.58773040771484,76.93316325959869,75.00860342062337,76.09425275363179,2054466
2023-03-24,75.50208282470703,77.27860543253114,75.10729918631594,76.6864262100087,2111600
2023-03-27,74.7618637084961,76.4396847005666,74.56447566114826,75.99555782909833,2768794
2023-03-28,71.45556640625,75.20599209027527,71.45556640625,75.20599209027527,3779823
2023-03-29,72.78795623779297,73.42947871399869,69.58035138663598,71.40621725747408,4187812
2023-03-30,74.81121826171875,75.55143477144603,72.738606010585,72.78795678984885,3374491
2023-03-31,72.93599700927734,74.7618627790962,71.7516461502996,74.71251200293707,2935428
2023-04-03,76.39034271240234,76.53838751528832,71.25817056820782,72.93599911779643,4410668
2023-04-04,79.44989776611328,80.04206941119087,75.5514275336375,76.19294242338012,4533090
2023-04-05,78.36425018310547,80.14076515660388,77.62403372834667,79.84468309262306,3289360
2023-04-06,78.26555633544922,79.20316083494244,76.73577264693799,78.11751153819472,2395433
2023-04-07,79.20316314697266,79.59794677455179,78.1175138185336,78.4135958918144,2692761
2023-04-10,80.97969055175781,81.42381745319011,79.59795153748688,79.59795153748688,3949521
2023-04-11,80.09142303466797,81.37446038966328,79.64728863765818,81.02902754523652,2850121
2023-04-12,82.26272583007812,82.55881544311636,80.14077034962854,80.43685996266677,5640561
2023-04-13,83.39772033691406,84.13793678960857,82.11467547362847,82.11467547362847,5737216
2023-04-14,82.11467742919922,83.84184919328585,81.22642368870885,83.69381192311835,2935248
2023-04-17,81.86793518066406,83.39771883394519,81.27576353515462,82.16402476835428,3161045
2023-04-18,81.62120056152344,83.10163351630224,81.27576771138266,82.26272301456854,2090725
2023-04-19,80.04206848144531,82.11467298007754,79.64728487935562,81.71989690785877,2896888
2023-04-20,78.66033935546875,80.04207836852449,78.66033935546875,80.04207836852449,1156531
2023-04-24,79.40055084228516,80.38750614190273,78.66033436757198,78.95642396940579,2350817
2023-04-25,77.96947479248047,79.79534073417808,76.68642979027568,79.69664670244047,2731313
2023-04-26,73.62686920166016,76.98251897044898,72.8373094224505,76.98251897044898,6029492
2023-04-27,71.8010025024414,74.66317455490486,71.55426366222683,74.02165206437259,3980058
2023-04-28,69.53099822998047,72.294476096115,68.59339370211593,71.89969246811415,5244431
2023-05-02,66.91557312011719,70.81404358792179,66.91557312011719,69.58034944875939,3274544
2023-05-03,66.6194839477539,67.50774523969825,62.86905449331195,67.11296160662616,4739161
2023-05-04,65.58317565917969,68.14926542340676,65.13904879299413,66.61948172010764,4073368
2023-05-05,65.681884765625,65.82992205146512,64.00405607067319,65.73122801761433,3136138
2023-05-08,67.21165466308594,67.75448309196523,64.79361718143394,66.12600533519874,4148453
2023-05-09,67.6557846069336,68.29729948802215,65.78056814792554,67.26100100558386,5941554
2023-05-10,66.32339477539062,68.6427458111963,66.32339477539062,67.70513373526784,2949385
2023-05-11,71.55426025390625,71.800999082368,66.12600602774785,66.27405083079918,7040516
2023-05-12,69.43230438232422,72.49186432984995,69.33361035754044,71.80099862649206,4173959
2023-05-15,65.13904571533203,69.7283890785228,63.41187404863762,63.41187404863762,3744729
2023-05-16,68.09992218017578,68.8894895072571,65.3364440652633,65.78057851044856,7609603
2023-05-17,69.33361053466797,70.32056584477,67.70513276702532,68.09991639704043,4758897
2023-05-18,66.12600708007812,69.8764403443297,66.0273130530971,69.33361190112669,3157784
2023-05-22,66.22470092773438,67.35970105962173,64.99100676913325,66.71817859117483,3089462
2023-05-23,66.32339477539062,66.8168724374988,65.6325290603878,66.22470074894329,1687555
2023-05-24,66.07665252685547,66.76752573599792,65.4351376231912,66.47143614209813,2214449
2023-05-25,65.58317565917969,66.57013094392202,65.23774281549412,66.22469810023645,2468813
2023-05-26,68.1492691040039,68.74144080085699,65.73122400786896,65.9286195934011,3808420
2023-05-29,73.47882080078125,73.87360443603819,69.23491742891589,70.07382794766717,4970425
2023-05-30,76.43968200683594,77.2292492281456,73.77490581219021,74.31773421807449,6286925
2023-05-31,76.6370849609375,77.67338356764688,74.66317424735183,76.6370849609375,4794422
2023-06-01,76.4890365600586,78.46294718096333,76.04490968230361,77.47599187051097,3525822
2023-06-02,78.90707397460938,79.69664123407823,77.03186491064587,78.70968592467788,4702719
2023-06-05,86.75337219238281,86.75337219238281,81.12772247636525,81.12772247636525,9602773
2023-06-06,87.24685668945312,92.03358875406552,85.42099075097688,86.35859534563788,12203838
2023-06-07,91.39205932617188,93.02053707807532,89.81293235124514,89.81293235124514,8492256
2023-06-08,89.8622817993164,91.54010277351315,87.49358760701944,91.29336395202121,6837428
2023-06-09,89.41815185546875,91.49075655323648,88.28315171411187,91.29336849816208,8101255
2023-06-12,90.79988861083984,93.51401571605517,90.4051049804706,90.79988861083984,12331318
2023-06-13,87.24685668945312,90.79989453484212,86.30924456492018,90.79989453484212,6132402
2023-06-14,85.07554626464844,88.43119588594097,84.4340313253231,87.24685250424788,6454373
2023-06-15,84.68077087402344,86.40794271270212,83.79250956530008,85.37163659754626,5566085
2023-06-16,85.17424774169922,87.34554644939661,84.38468046806113,85.07554618509079,5860845
2023-06-19,82.4107666015625,86.50663255539885,82.4107666015625,85.17424442170712,4184353
2023-06-20,85.47032928466797,85.47032928466797,81.47316475291305,82.41076929582714,4687361
2023-06-21,83.05228424072266,86.35858276043366,83.00293346719693,85.51967231959219,4180953
2023-06-22,89.27010345458984,89.41814825487015,81.96664029272257,83.05228961165922,10394045
2023-06-23,90.65184020996094,92.03357909647201,89.02336250549686,90.79988500670697,6523901
2023-06-26,91.54010772705078,92.13227942470158,90.55315238767558,90.79989122251938,5662334
2023-06-27,92.13227844238281,92.23097246929372,90.7998902544066,91.54010675104578,1884548
2023-07-03,98.99162292480469,100.17596631261104,95.53727925885258,95.73466731352977,11054124
2023-07-04,103.43291473388672,105.99899691567052,97.0177055144917,99.18900408449234,11164221
2023-07-05,105.50552368164062,106.68986703649094,101.26161285532943,103.1368294420686,7930666
2023-07-06,104.61725616455078,107.67681592376628,104.32116657855178,106.09768903480386,6170801
2023-07-07,104.41987609863281,105.60421947330066,103.1368311678497,104.41987609863281,3672053
2023-07-10,105.60421752929688,108.66377746576016,105.60421752929688,106.88726243646119,4999934
2023-07-11,105.9990005493164,107.67682154457161,105.01204525096126,107.08464987153279,5369622
2023-07-12,103.63030242919922,106.09769058227539,103.23551881873281,105.99899656212655,4400064
2023-07-13,103.92639923095703,105.6042202795242,102.54466026338146,103.63030962009384,4432249
2023-07-14,107.97290802001953,108.0716020410234,104.61725859678978,105.20943025268417,6078974
2023-07-17,108.07160949707031,109.3546544482536,106.88726610357163,108.95987080713014,6412150
2023-07-18,103.92639923095703,109.45334757138771,103.92639923095703,109.45334757138771,5402952
2023-07-19,105.40682983398438,106.29508358667742,101.65639665421057,103.92639687300073,8093767
2023-07-20,106.29508209228516,106.98595531562079,104.22247748202088,106.3937836455269,6492787
2023-07-21,106.9859619140625,107.97291726838066,105.30813329379856,106.59117826636088,5180467
2023-07-24,112.01942443847656,112.80899167554207,107.47943165002798,107.47943165002798,9130613
2023-07-25,112.80899047851562,116.0659383546408,110.34160230120663,113.49985615621368,8433358
2023-07-26,113.99333190917969,114.09202592866798,110.63768253748071,113.00637665455476,4959137
2023-07-27,112.41421508789062,112.51290911622876,108.95987138695378,110.53899842997913,11785691
2023-07-28,111.13116455078125,114.19072445489529,110.04551523382096,113.49985876134001,11611324
2023-07-31,110.8350830078125,112.51290400292513,110.53899340638259,111.82203830608378,8609617
2023-08-01,108.66378021240234,111.03247450787806,108.26899657484446,110.83508645403492,6460405
2023-08-02,109.05855560302734,111.52594373884243,107.9729063292429,108.46638395640592,6135079
2023-08-03,108.5650863647461,110.93378066413305,107.67682506124203,109.35465364116561,5507247
2023-08-04,112.11811828613281,112.51290190405109,108.26899118870419,108.56508078461071,8107648
2023-08-07,113.99333190917969,117.34898128087866,112.01942139992983,112.5128990272423,16243719
2023-08-08,111.13116455078125,114.88159767832188,111.03247052739783,114.09203043151186,8079769
2023-08-09,114.48680877685547,115.27637598726493,109.84812212284506,111.52594303262646,6850995
2023-08-10,113.00638580322266,119.4215954776414,112.21681852365323,115.47377413953757,11210121
2023-08-11,119.5202865600586,120.8033314752759,112.21681575855463,113.00638301866857,11837259
2023-08-14,126.23158264160156,126.92245586003204,120.01376132508345,120.40854494563355,10584517
2023-08-15,127.90941619873047,131.7585359439833,124.55375905644607,126.62637126373183,10384840
2023-08-16,126.52766418457031,130.0807092249062,125.34332085770583,127.51461946691445,7315629
2023-08-17,127.0211410522461,129.58723079461163,124.35636481809259,126.7250514573974,7682676
2023-08-18,124.35636901855469,128.7976679120745,121.59289113952711,127.6133245524178,7643701
2023-08-21,127.31723022460938,127.71200630993604,121.39549858625546,123.07331953850726,6593087
2023-08-22,126.03418731689453,128.304187492166,122.87593340595896,127.71200829522819,5747179
2023-08-23,120.70463562011719,128.1068003344366,120.70463562011719,126.33027779105142,6341922
2023-08-24,116.36203002929688,124.75114998220818,114.09202985361942,121.8889781393583,8480800
2023-08-25,119.42159271240234,119.71768231785275,113.79595044781627,116.36203275219113,6242829
2023-08-28,127.0211410522461,128.00809632858017,120.30984969109714,120.70463330760501,6324615
2023-08-29,123.6655044555664,127.31723612311808,122.08636992161502,127.02114651553433,4012746
2023-08-31,121.09941101074219,124.1589784321155,119.61897807647946,123.96158285629105,5604145
2023-09-01,123.07332611083984,123.76419935679768,119.91507208034322,121.09941545931156,3954070
2023-09-04,122.7772445678711,125.73811055810977,121.9876772918588,124.35637159002407,5619689
2023-09-05,122.38246154785156,122.97463324291522,120.21116282266091,122.77724518785121,3842894
2023-09-06,120.4085464477539,124.25767361886129,120.4085464477539,123.86288999338619,4228334
2023-09-07,122.48115539550781,122.87593903492768,120.11246108886019,121.09941642247406,4024184
2023-09-08,122.38246154785156,124.65246183044584,120.70464049019257,122.6785511603192,5807726
2023-09-11,120.70463562011719,125.83680014343012,120.70463562011719,123.36941190532364,6136592
2023-09-12,120.01376342773438,123.07332336332668,119.12550214840205,121.00071873146553,5116331
2023-09-13,117.941162109375,121.98767746238342,117.74377405503179,120.2111623836798,4138173
2023-09-14,119.22420501708984,122.28376498641305,114.28942844402935,118.92811541075761,10139326
2023-09-15,111.032470703125,118.73072501715687,111.032470703125,118.63202346374591,7849678
2023-09-18,105.9990005493164,112.11812038716974,105.70291094786133,111.03247106495336,6155408
2023-09-19,109.25595092773438,109.25595092773438,104.715957961057,105.99900288918978,5477556
2023-09-20,118.43463897705078,120.11246001727704,112.6116010547048,113.59855637951355,16469595
2023-09-21,121.29680633544922,121.39550035822148,114.48681334596498,117.64506725390515,10585642
2023-09-22,117.64506530761719,119.42158780761277,116.46072199420088,117.94115490090682,6656523
2023-09-25,121.49419403076172,122.67854489022861,115.57246232304104,117.74376846712804,9170520
2023-09-26,120.4085464477539,123.27071832010921,119.42159114900183,122.28376302135713,6673968
2023-09-27,119.91506958007812,123.56680119731713,119.52028595202951,121.88898019044979,5743534
2023-09-28,121.59288787841797,124.751149302584,119.2242012226325,119.81637288657888,8846393
2023-09-29,123.6655044555664,124.45506419267059,120.70463849921482,122.18507147739061,10273007
2023-10-02,125.34332275390625,126.92245725344308,122.7772404869659,123.66550176048753,6977956
2023-10-03,131.36376953125,132.44941143348075,124.15899211206094,125.54072364571617,10814150
2023-10-04,128.10679626464844,132.0546173202016,126.82375140964523,131.36375164742824,4079949
2023-10-05,133.83114624023438,134.91678804685154,128.40289202791982,128.40289202791982,8666040
2023-10-06,135.70635986328125,137.38418093691496,132.25201615767045,132.74549382990057,5020989
2023-10-09,126.33027648925781,134.02853072477046,125.54070924925145,131.65982900475137,5657827
2023-10-10,131.2650604248047,131.2650604248047,128.00810478577438,128.20549284213368,4090187
2023-10-11,128.79766845703125,131.65983284329033,124.75115317623292,131.26505674164872,4370594
2023-10-12,124.35636901855469,130.574190481431,119.42159247019934,129.29114556691002,6281672
2023-10-13,121.9876708984375,124.35636507245857,119.42158868069434,124.35636507245857,3462881
2023-10-16,122.38246154785156,125.44202158057352,119.12550593019395,125.24463352550951,3204178
2023-10-17,128.698974609375,128.698974609375,121.79029452856513,122.38246624636346,5368586
2023-10-18,123.27071380615234,126.2315795939869,121.79028091223508,125.44201237194925,4695600
2023-10-19,121.49419403076172,125.54070919172993,120.50723874614161,123.961582242312,5098586
2023-10-20,117.44768524169922,120.40855125619585,114.19072961380428,119.91507358711307,3935470
2023-10-23,122.57984161376953,123.76419245657839,118.82941610288603,123.27071482120914,3952068
2023-10-24,129.19244384765625,129.19244384765625,123.86289120611116,125.343324168734,6394221
2023-10-25,116.65811157226562,130.96896319215654,116.65811157226562,130.27809750521374,9886721
2023-10-26,119.71768188476562,122.08636860031416,114.19072613549523,118.43463697228397,7649459
2023-10-27,119.42159271240234,120.0137643934317,115.67115951609732,119.71768231785275,3782445
2023-10-30,116.46072387695312,119.71767933630795,116.26333583148308,118.82941807195016,3742121
2023-10-31,113.1050796508789,118.03985631566307,112.71029601172185,117.84246826102036,4074665
2023-11-01,110.53899383544922,114.68420309233001,108.95986685805994,113.89464336857105,4930853
2023-11-02,112.21681213378906,114.28942424217193,111.42725242905048,112.90768534654042,4060042
2023-11-03,113.99333190917969,114.58550355598045,111.62463779210564,112.414205007754,2913998
2023-11-06,115.47377014160156,116.85550906807363,113.89464316700692,115.76985974365678,3753430
2023-11-07,116.9542007446289,117.5463724069819,114.88159616145782,115.47376782381082,3580024
2023-11-08,118.73072814941406,120.21116113117796,117.15159361163533,118.03985490666798,4162814
2023-11-09,117.34899139404297,118.63202881770523,115.375080714681,117.5463794500305,2272082
2023-11-10,116.55941772460938,117.94115663043813,115.6711564615858,117.34898496504617,1656368
2023-11-13,113.79595184326172,117.25029547647591,113.10507859869595,116.85551184099141,2654328
2023-11-14,115.6711654663086,116.06594911725995,112.51291131844144,113.79595630156538,2642967
2023-11-15,115.47377014160156,117.34898671825141,114.68420288936855,116.46072544195712,2210483
2023-11-16,116.85551452636719,117.3489921995952,115.07899189079767,115.47377553535442,3281323
2023-11-17,117.941162109375,119.7176847179502,116.6581171665294,117.05290080508739,4377909
2023-11-20,120.01376342773438,121.79028598639901,119.42159175146996,119.42159175146996,3877383
2023-11-21,122.08636474609375,122.77723795787765,120.21115574379603,121.2968050424608,4073823
2023-11-22,120.11245727539062,122.77724110946642,120.01376325113701,122.38245748258059,2127280
2023-11-23,118.03985595703125,121.59289363890659,118.03985595703125,120.30985622788384,3304139
2023-11-24,117.941162109375,118.5333338022762,115.37507975355538,117.941162109375,2893564
2023-11-27,120.2111587524414,120.70463640326446,118.53333022172025,118.92811384835295,3216364
2023-11-28,119.71768188476562,121.59289094626297,118.92811462633516,120.4085475884887,2541259
2023-11-29,115.57246398925781,120.50724048350342,115.57246398925781,120.21115841177149,2571553
2023-11-30,114.48680877685547,116.36202525417471,113.40115950994569,115.96724164896999,2733998
2023-12-01,115.27638244628906,116.95420345008006,114.8815988189643,115.47377049501574,2187588
2023-12-04,116.16463470458984,117.44767959446105,113.69724647781545,115.76985861220298,3162908
2023-12-05,115.17768096923828,116.95420352845451,114.58550929279001,116.46072587643572,2096939
2023-12-06,110.93377685546875,115.67115776172365,110.93377685546875,115.17768011337179,2198498
2023-12-07,113.40116119384766,113.40116119384766,109.65072818351872,110.83507901671942,2323948
2023-12-08,115.07898712158203,115.07898712158203,112.71029288227898,113.49986013867046,1936773
2023-12-11,112.90768432617188,115.86855013439384,112.71028875436774,115.07898290691953,2111166
2023-12-12,112.01942443847656,113.3024693162402,110.83508111274953,112.90768569770745,2113799
2023-12-13,108.36769104003906,111.52594487408234,108.17029546924192,111.52594487408234,1959176
2023-12-14,112.31551361083984,112.51290165442543,107.97290888311585,109.65072984320705,2636630
2023-12-15,113.99333190917969,114.68419757546873,111.72333181159394,112.5128990272423,3274633
2023-12-18,109.55203247070312,113.40115944186418,109.55203247070312,113.00637583689647,2443753
2023-12-19,110.34160614013672,110.93377781731908,108.07160592608768,109.55203888397931,2164321
2023-12-20,108.5650863647461,110.83508663704852,108.26899675362087,110.63769105300784,2207238
2023-12-21,112.01942443847656,112.01942443847656,108.36769290925886,108.36769290925886,2374381
2023-12-22,107.28203582763672,112.71028986275833,107.28203582763672,112.51290181888422,3446303
2023-12-25,103.23552703857422,106.98596034181624,103.23552703857422,106.88726631380916,1795708
2023-12-26,101.16291809082031,104.71595565925534,98.64617906783185,103.82769438467875,4082369
2023-12-27,101.75508880615234,104.12378300610433,100.570745471112,101.16291713863217,3128299
2023-12-28,104.71595001220703,104.71595001220703,101.65639025798932,102.14986788060091,4644685
2023-12-29,106.09769439697266,107.08464969368868,104.1237838035406,104.81464949929328,2630295
2024-01-02,106.68986511230469,107.57812637735805,105.60421580162671,106.59117108949238,3318320
2024-01-03,108.36769104003906,111.62463889454537,105.60421328784788,106.29507896096013,7322654
2024-01-04,110.53899383544922,112.01942678860256,107.77551597761443,107.87421753172177,4359035
2024-01-05,112.51290893554688,112.80899854995751,110.24290863805646,110.53899825246711,2788273
2024-01-08,113.1050796508789,113.79595290187166,112.01943029060071,112.80899756891483,3096789
2024-01-09,113.00638580322266,115.96725180680055,112.21681852365323,113.10507983070093,3701812
2024-01-10,115.47377014160156,116.6581134900797,114.0920312151295,115.57246416566284,3957025
2024-01-11,116.26334381103516,117.4476872248836,114.6842092194082,115.96725419263716,2310215
2024-01-12,121.39550018310547,122.38245546914698,114.4868131808149,115.86855208724727,4570783
2024-01-15,123.96158599853516,125.73810857663118,121.19811563578426,121.39550368674094,4358748
2024-01-16,123.96158599853516,126.23158623389435,122.87593665853046,123.96158599853516,3971062
2024-01-17,126.23158264160156,126.52766470961069,122.0863659206324,122.8759331617326,2984308
2024-01-18,125.73810577392578,128.00809842881532,124.94853852795559,126.33027744346778,3188340
2024-01-19,126.33027648925781,127.41593332673438,124.35636591911316,126.13288844419185,2732323
2024-01-22,124.75115203857422,127.6133239286034,124.75115203857422,126.33027902035437,2666353
2024-01-23,123.46810913085938,126.33028106726388,123.36941510474989,125.54071379864487,2172889
2024-01-24,124.35636901855469,126.231585612904,123.76419733872633,124.35636901855469,2404484
2024-01-25,127.5146255493164,127.8107151600915,124.94854319879468,124.94854319879468,2256838
2024-01-26,130.96896362304688,131.26505322120863,126.92245598064463,128.3041873590761,3079620
2024-01-29,135.3115692138672,137.8776437979632,131.46243474811047,131.46243474811047,4480933
2024-01-30,134.62069702148438,137.28548838176047,133.3376671780836,134.9167866237087,2839955
2024-01-31,136.49591064453125,137.8776419357873,134.12720906842455,134.4232986479056,2386231
2024-02-01,137.87765502929688,139.55547605936772,136.49592360682513,136.59461010286282,2330374
2024-02-02,139.6541748046875,141.52938384883922,137.68026420674138,138.76592105950883,2785367
2024-02-05,141.82546997070312,144.58894775197257,140.14764901556387,140.14764901556387,3541969
2024-02-06,145.47720336914062,146.5628602094036,140.73983003642869,141.92417336960668,3238864
2024-02-07,150.80677795410156,151.59634523276307,145.67461323241673,145.67461323241673,3870675
2024-02-08,151.4976348876953,152.97806780190732,149.03024669734197,151.1028588011357,3360769
2024-02-09,154.35980224609375,155.84023518985964,150.31329456897925,152.9780708558093,3860833
2024-02-12,152.7806854248047,156.13632746423897,151.30025245568788,155.84023785846705,3018373
2024-02-13,148.0432891845703,153.96502075195312,148.0432891845703,153.47154312133787,2939147
2024-02-14,151.4976348876953,154.5572022676304,148.93154514583088,152.5832917153477,8313645
2024-02-15,159.29458618164062,159.68937735430336,151.99112267442905,151.99112267442905,6362633
2024-02-16,164.32806396484375,165.80849697353602,158.60371998595159,160.38024260833097,6486507
2024-02-19,162.84762573242188,167.48631266557865,161.16980472167276,164.8215363473603,5479600
2024-02-20,169.55892944335938,170.94066088747124,160.38024182249268,163.8345854925156,7258687
2024-02-21,173.11195373535156,175.9741331434995,169.16413253217598,169.5589236883392,6046159
2024-02-22,167.09153747558594,174.6910903724974,165.31501490052722,173.70413505965846,7255237
2024-02-23,163.83457946777344,165.8084900637707,162.55153456842666,165.8084900637707,5239372
2024-02-26,164.32806396484375,167.19022842441817,160.28154105052084,163.83458629527965,4701169
2024-02-27,165.7097930908203,166.99283802563454,162.25544945233602,164.32806165932385,3431926
2024-02-28,168.3745880126953,170.34849870424043,164.92024430249137,166.30197576267557,5252235
2024-02-29,172.22369384765625,172.71717148045755,166.00587266241132,167.78239515244448,3678643
2024-03-01,168.57196044921875,172.71716950539994,165.90718427451242,172.22369187824165,3121377
2024-03-04,163.9332733154297,169.06543761182547,163.53848217894262,168.57195998602316,2146127
2024-03-05,161.95938110351562,163.93329182965357,158.50503733277424,163.93329182965357,2864623
2024-03-06,162.35414123535156,163.4397980517037,158.20893213065273,161.36718596948316,3095602
2024-03-07,169.1641387939453,169.36154190920536,164.03197405179372,166.00588472644768,2596657
2024-03-08,172.22369384765625,173.8028282965173,168.0784847440737,170.4471713576231,4808277
2024-03-11,168.57196044921875,177.3558561887394,168.57196044921875,173.7041247597165,3090135
2024-03-12,163.83457946777344,168.96674400541778,161.16980317512565,168.7693559577666,2548920
2024-03-13,161.3671875,165.01891900640015,160.08414263025335,164.2293517742682,2302953
2024-03-14,160.87371826171875,163.43980813518945,160.28153904176608,161.95937514505093,1512406
2024-03-15,163.9332733154297,165.21630309472215,160.67631797318592,161.3671836373608,1675234
2024-03-18,159.4919891357422,163.83458661241488,158.11024262244206,163.73588505441367,1582777
2024-03-19,162.35414123535156,163.045006909511,157.41936490600958,159.39327543774635,2454604
2024-03-20,164.62416076660156,166.00589227781495,161.56459305781533,162.35416037554185,2235655
2024-03-21,165.7097930908203,166.89415152895228,163.83458399668325,165.80849464724568,2899887
2024-03-22,167.09153747558594,170.05240341410286,165.61110450632748,165.70979100176564,3431348
2024-03-25,165.3150177001953,169.95370473714766,165.3150177001953,167.09154030534006,3392606
2024-03-26,166.49935913085938,167.09153834554309,163.24240356958495,165.51240381288184,2034450
2024-03-27,170.6445770263672,171.92762201613746,164.722844821037,166.30197943302255,3425792
2024-03-28,175.6780548095703,176.17153249161967,170.15109874672007,170.64457642876943,4441883
2024-03-29,180.71153259277344,182.0932640740449,174.19762118736543,175.87544228883607,4071273
2024-04-01,185.7449951171875,185.7449951171875,175.678053490894,181.40239757164713,4118417
2024-04-02,179.6258544921875,186.53454120342548,177.55324245491934,185.5475859589629,3335591
2024-04-03,176.96109008789062,181.79716508280057,175.2832690729061,179.62586641283576,2798646
2024-04-04,177.15846252441406,180.21802973954013,174.19759685548235,177.45455210325554,2790342
2024-04-05,184.95541381835938,185.1528169225485,177.35586115909456,177.84933880008245,3159648
2024-04-08,194.92367553710938,196.40410851587222,185.054122345357,185.054122345357,4691331
2024-04-15,195.51585388183594,208.1488698632269,193.73933130328317,203.31279484470159,4745718
2024-04-16,192.55499267578125,195.21976907931227,188.01499209217778,195.12106752150828,3063447
2024-04-17,195.81192016601562,197.88453226349532,193.24584549171095,193.54193508559982,3023687
2024-04-18,190.77845764160156,198.18062220302113,190.2849800041736,196.89757733375993,2149931
2024-04-19,193.14715576171875,193.24585731897,186.23846842694272,188.50846870603206,2494539
2024-04-22,191.7654266357422,199.26627822542793,190.87715778897788,195.91063607474527,2080941
2024-04-24,196.5028076171875,196.7988821614474,193.44324014206384,193.44324014206384,1610210
2024-04-25,200.3519287109375,200.3519287109375,195.91062979862608,197.98324198160194,2266781
2024-04-26,214.2679901123047,217.22885585281702,202.91800477367414,202.91800477367414,8108290
2024-04-29,222.06494140625,222.95319514797794,213.5771198441585,215.15625434027777,6571166
2024-04-30,217.03146362304688,226.90101658561824,216.5379859749183,222.5584193059839,4948038
2024-05-02,216.63668823242188,220.97928552616787,209.82670269001505,217.32755393009836,4707702
2024-05-03,217.9197235107422,219.10406680585245,212.29408156416196,217.130156294088,3674770
2024-05-06,214.16929626464844,218.01841584182117,211.7019080588345,217.9197293494341,3703052
2024-05-07,216.14321899414062,217.0314727743288,212.19539764264945,214.36669637402093,4388693
2024-05-08,216.93276977539062,222.85450135219068,215.94581451259063,216.53797863442531,7054623
2024-05-09,217.03146362304688,218.1171204728268,213.7745231931925,217.62364282469824,2844839
2024-05-10,218.4132080078125,220.88059622511778,216.93277507742934,218.2158199623766,3010689
2024-05-13,215.94581604003906,221.966234149858,215.94581604003906,218.90668184938215,2987277
2024-05-14,220.68321228027344,220.68321228027344,214.8601669433874,217.13016715743646,2630383
2024-05-15,218.610595703125,222.45971529205954,217.72234197021473,220.09102863113714,2515896
2024-05-16,226.99972534179688,226.99972534179688,218.31451544720557,219.00538116455806,4228023
2024-05-17,234.00709533691406,234.4018714122379,225.42057263107222,226.99970705185143,4197520
2024-05-20,234.00709533691406,235.88230428431518,230.94752804405755,234.00709533691406,2945652
2024-05-21,232.427978515625,236.77057591197723,231.6384112454492,235.19145643136872,3191066
2024-05-22,233.9084014892578,236.77056577894248,232.13187897232763,232.6253566126003,2094886
2024-05-23,240.8170928955078,242.69230193923968,234.00710735801553,234.1057938520451,2864413
2024-05-24,238.34970092773438,242.4949101058334,235.88231271937272,240.817089136096,1856071
2024-05-27,232.92144775390625,241.70534378513537,232.92144775390625,238.7444779238569,1784371
2024-05-28,237.1653594970703,240.61970301641247,231.53971734894728,233.41492637840742,2648744
2024-05-29,238.54710388183594,244.8636271258749,225.51929633938678,237.16537242269112,3325121
2024-05-30,238.8431854248047,244.37014119406922,237.46145401236,239.83014073647743,2193234
2024-05-31,237.56015014648438,243.8766734333233,235.88232906051311,239.53406084991963,2572052
2024-06-03,247.72576904296875,248.21924667054438,239.73142545234666,239.92882855117054,3518267
2024-06-04,248.95947265625,253.15403265144946,244.8636142142464,248.95947265625,2996282
2024-06-05,243.48187255859375,250.19317169490265,235.19145395828113,249.2062163824967,4003285
2024-06-06,238.8431854248047,249.20621619736852,238.15231971858233,244.2714396390048,2150488
2024-06-07,243.77796936035156,247.97252956189607,237.65884925475294,240.32362566496195,3669419
2024-06-10,230.94754028320312,243.87666074175817,230.94754028320312,243.7779591878255,2755885
2024-06-11,230.2566680908203,236.07969817479028,229.467100860856,230.84883221848682,2917800
2024-06-12,236.277099609375,239.43536870824084,232.2305917985358,234.79666661668534,2944394
2024-06-13,241.31057739257812,242.79101038271665,234.89536776864458,241.80405505595763,3047051
2024-06-14,240.91580200195312,244.76492176385847,239.23796589368052,243.7779664341655,2923615
2024-06-20,246.98556518554688,247.23230401190605,243.18578123571825,243.18578123571825,2117474
2024-06-21,248.95947265625,250.68664441897917,243.77795736806243,247.2323008935208,2024991
2024-06-24,251.92034912109375,253.64752095639997,247.72578894963576,251.67361028747857,2738402
2024-06-25,251.67359924316406,255.3746815849753,250.68664395201438,253.64750982546337,1774852
2024-06-26,244.76492309570312,251.18013277361467,242.1988332006412,251.18013277361467,2441277
2024-06-27,250.6866455078125,250.6866455078125,243.48186882575752,244.86361527778794,1717319
2024-06-28,256.1148986816406,258.08880926878237,250.93338339039354,251.18012221378626,3064039
2024-07-01,253.15403747558594,258.82903051841095,250.6866491960968,256.6083810668707,2049108
2024-07-02,255.12794494628906,258.33554966998514,249.69969079849568,253.15403434709145,1888617
2024-07-03,253.64752197265625,257.59534332631625,249.69970061899622,256.1149103186938,2010913
2024-07-04,257.5953369140625,257.5953369140625,249.9464332317484,254.63447097252154,2646685
2024-07-05,253.64752197265625,259.3225151685425,252.90730546884498,257.59534332631625,1751322
2024-07-08,255.6214141845703,256.6083694516922,249.94642139861944,255.37467536778982,2565716
2024-07-09,265.490966796875,269.932265497938,255.37467531112048,255.62141412784618,4163098
2024-07-10,272.1529235839844,276.3474836029578,265.2442364939104,265.4909753185559,3274243
2024-07-11,269.4388122558594,275.60728323241295,267.2181627043001,272.3996783246051,2733382
2024-07-12,276.34747314453125,276.59421195983884,269.438786315918,270.1790027618408,3017805
2024-07-16,283.5029296875,286.21705695169715,278.32141400130547,278.32141400130547,2694698
2024-07-17,286.9572448730469,287.69746132585783,282.2692073385775,284.736595514614,1955295
2024-07-18,280.0485534667969,290.90506126639076,278.5681205850341,288.68441194374657,2654504
2024-07-19,281.0355224609375,282.51595541507766,276.100745947137,280.0485671581774,1577873
2024-07-22,275.6072692871094,283.25617291101304,271.41270923529123,282.2692176047029,3913475
2024-07-23,266.4779357910156,280.7887878983109,264.5040251555266,278.32139960394966,3923882
2024-07-24,261.54315185546875,268.4518388856132,261.54315185546875,266.97140595058227,2704134
2024-07-25,271.1659851074219,271.41272394737405,256.8551323901967,262.036648029192,7921563
2024-07-26,271.4127197265625,274.86706343217327,269.6855478737571,272.3996750710227,2849839
2024-07-29,265.73773193359375,271.16598643920105,262.7768658396261,270.17903107454515,3205913
2024-07-30,264.25726318359375,267.4648676853554,262.77683033662686,264.9974796070772,1891556
2024-07-31,255.37469482421875,262.77685989158743,255.37469482421875,262.53012105600845,2540144
2024-08-01,265.73773193359375,267.46490382174153,257.5953501751828,257.5953501751828,2078371
2024-08-02,260.062744140625,264.0105656835567,259.0757887548921,263.270349144257,1532377
2024-08-05,244.56753540039062,249.20622247006293,234.4018924223364,234.4018924223364,2729908
2024-08-06,244.4688262939453,256.60837957017526,243.87666214616752,253.64751365205782,2045469
2024-08-07,246.04795837402344,251.1801229027199,244.46882387608176,246.44273446863752,2585683
2024-08-08,240.02752685546875,246.64012437851895,239.9288403609413,245.25839297719244,2533625
2024-08-09,240.52099609375,244.3701306795019,238.645787106154,243.18577230865992,2039340
2024-08-12,237.26405334472656,244.27144215363722,236.96797879597116,241.80405384905504,1877135
2024-08-13,236.277099609375,237.56014454832138,228.48015853843998,236.86927883034815,2751059
2024-08-14,237.7575225830078,241.11317959421024,236.17840315986186,236.86926884872213,1563731
2024-08-15,240.02752685546875,240.22491490426643,232.03319793109205,237.85622819920877,2086533
2024-08-16,233.61231994628906,244.17273880021773,233.61231994628906,242.29752972643578,2105365
2024-08-19,238.74449157714844,238.84319313539928,231.04625194537243,233.61232680271664,1769296
2024-08-20,238.6457977294922,240.6197083557746,236.1784094466392,238.6457977294922,1530748
2024-08-21,238.34970092773438,242.297522061113,236.96796955494884,238.44840247996584,1586142
2024-08-22,237.85621643066406,241.01447023439252,237.06664921479643,239.23794776362587,1093324
2024-08-23,232.427978515625,238.74448655754517,231.3423216366654,237.7575312347612,1199355
2024-08-26,231.5397186279297,234.8953606127867,229.96058412932481,232.42797237105574,1226998
2024-08-27,235.29013061523438,235.29013061523438,228.87492135284194,230.84883189511652,1631257
2024-08-28,239.33665466308594,241.50795326045207,235.19144551179747,235.38883355524123,1883814
2024-08-29,246.64012145996094,246.64012145996094,238.54709107708098,239.04056872310713,2746828
2024-09-02,253.8942413330078,254.38771896436447,247.47903212537105,247.7257709410494,2091649
2024-09-03,253.8942413330078,256.1148906741128,251.9203308075811,254.6344577800428,1522012
2024-09-04,254.63446044921875,256.6083709953367,249.45294526565908,251.92033344830654,2883650
2024-09-05,258.3355407714844,260.06271248628894,254.3877197090739,254.8811973418752,2046458
2024-09-06,257.5953369140625,260.8029416840652,257.101859257139,258.8290310563712,1306320
2024-09-09,261.54315185546875,262.28336832298424,256.3616365828604,257.34859187288106,1901855
2024-09-10,263.0235595703125,266.47790275416276,262.0366043749267,262.0366043749267,2387129
2024-09-11,258.82904052734375,264.5040337896211,257.8420851773825,262.77686192718886,2499651
2024-09-12,259.81597900390625,263.02358368296683,258.08880725364287,260.06271782537243,2921345
2024-09-13,252.90728759765625,260.556190929878,247.97251125428735,260.06271329554113,2420745
2024-09-16,250.1931610107422,254.38772090934438,250.1931610107422,252.9072880039554,1172330
2024-09-17,252.41383361816406,254.38774434049574,248.21927333320926,250.19318405554094,1655354
2024-09-18,252.41383361816406,255.62143854195307,249.94644521524947,251.92035593758115,1355543
2024-09-19,255.8681640625,256.6083805448409,252.66055930568947,254.14099227037124,1695883
2024-09-20,253.40077209472656,257.10185445248794,252.16707797547278,256.36163798093565,1511093
2024-09-23,250.43991088867188,254.8812098009833,249.4529555748249,253.64751565867456,1129882
2024-09-24,249.69969177246094,253.15403533453053,247.4790423397019,250.43990825004727,3101869
2024-09-25,240.52099609375,251.18011601313196,237.2640406934191,249.69968310932174,2601423
2024-09-26,240.91580200195312,244.86362332072505,237.85623445600763,240.81710044508657,1800888
2024-09-27,246.73883056640625,247.72578588867188,241.21187473782152,241.70535239895432,1833304
2024-09-30,246.44273376464844,247.72577865809305,241.40927080385546,245.75186807117598,2074573
2024-10-01,235.5862274169922,247.2323029847074,234.20449601901868,246.4427357316899,1723844
2024-10-02,226.90101623535156,234.40188249922377,226.90101623535156,233.908404851857,1599432
2024-10-03,230.05929565429688,230.75016137997702,224.03886205963403,226.802340022098,1393944
2024-10-04,232.92144775390625,232.92144775390625,226.6049399404092,231.34231327066072,1082356
2024-10-07,225.7166748046875,237.36275039309564,225.7166748046875,234.40188448382625,1121502
2024-10-08,222.95318603515625,226.40752942695212,222.2623203687455,225.0257980941306,1363181
2024-10-09,219.59754943847656,228.08537085640003,216.04450441242898,222.85450486906313,3200789
2024-10-10,216.53799438476562,222.95320405958927,216.14321827482763,220.1897411705368,1653625
2024-10-11,216.83407592773438,220.68321062523117,214.5640757307095,215.6497325822518,1665638
2024-10-14,207.26060485839844,217.62363510131834,206.37235114718786,217.22885902072304,2278409
2024-10-15,212.5901641845703,212.68886573781205,204.79322339023668,207.26061162385398,3080148
2024-10-16,223.94015502929688,223.94015502929688,212.39278085163608,212.68887045819005,2715945
2024-10-17,227.39450073242188,230.7501578714426,222.7558137193935,223.94015709680073,1997342
2024-10-18,221.27537536621094,228.67754012016366,221.27537536621094,227.59189832542955,1398620
2024-10-21,224.23623657226562,228.18405769170602,218.31450489310504,221.3740722845683,1923879
2024-10-22,226.70362854003906,227.29580774169492,222.5584193076761,224.92710599481418,2374683
2024-10-23,223.64407348632812,230.355357372976,221.07798372279157,228.97362599860554,2403575
2024-10-24,221.27537536621094,226.50624147095274,214.66277786462842,225.71667421858257,3907043
2024-10-25,218.1171112060547,222.55840985052185,217.62363357889166,222.36102181160504,2041676
2024-10-28,220.68321228027344,221.37407798200763,218.41321206622442,219.10407776795861,676723
2024-10-30,225.7166748046875,226.4075405049018,219.69625649168543,221.57146554365892,1960458
2024-10-31,227.29580688476562,227.29580688476562,222.06494082233542,225.91406043935885,1691743
2024-11-01,230.35536193847656,233.21754135603126,226.5062422766271,227.49319758066468,2483136
2024-11-04,229.96058654785156,232.92145246906853,227.39449672556637,229.96058654785156,1608267
2024-11-05,219.79493713378906,231.0462363252762,219.6962506419534,230.15796754030117,2180347
2024-11-06,235.1914520263672,236.17840733066606,222.06494346724378,222.55842111939322,3109917
2024-11-07,237.85621643066406,238.15230601908218,233.41491778361848,235.19144025438513,1536829
2024-11-08,239.83013916015625,241.6066617214393,235.0927506833157,235.88231793941293,1870918
2024-11-11,239.63275146484375,242.297527780831,237.5601392969965,241.3105724741881,1737272
2024-11-12,241.0144805908203,242.10013744175689,238.44840585366347,239.8301372459985,1514113
2024-11-13,242.00143432617188,242.49491197164113,237.85622511617868,241.01447903523336,1692580
2024-11-14,251.1801300048828,252.16708532906702,243.2844874114091,243.2844874114091,2385788
2024-11-15,257.3486022949219,259.0757741224046,250.93339264998616,251.1801314824837,2122891
2024-11-18,255.8681640625,258.3355523369696,254.14099227037124,258.08881350952265,1303469
2024-11-19,255.37469482421875,261.29642687811366,251.67361229053444,255.6214336597977,2603131
2024-11-20,254.1409912109375,263.0235889619994,252.6605582524272,254.6344688637743,2701481
2024-11-21,264.25726318359375,264.9974796070772,253.40075563916972,255.62140490962008,2278614
2024-11-22,266.4779357910156,267.4648911087601,262.5301145200376,264.99750281439884,1444644
2024-11-25,273.139892578125,276.8409751333841,266.9714216526931,267.4648993267276,3476506
2024-11-26,270.9192199707031,273.3866081307277,266.7246600986613,273.1398693147253,1082578
2024-11-27,274.3735656738281,275.60725976408816,269.43878931278806,271.90617749330806,1930237
2024-11-28,276.8409729003906,279.3083612506615,272.6464127049302,274.8670622201739,2698350
2024-11-29,270.6724853515625,278.07464994640924,266.4779254144827,276.3474782076117,1951194
2024-12-02,268.6985778808594,268.6985778808594,262.0366296689372,267.95836141286804,1042172
2024-12-03,273.3865966796875,274.867029513693,267.4648653436654,269.6855145946737,1975160
2024-12-04,275.1138000488281,275.36053888295265,271.659456371085,274.12684471233007,1510616
2024-12-05,275.6072692871094,280.04856816550506,274.86705280737675,275.8540081136869,1982021
2024-12-06,278.07464599609375,281.7757282409397,275.8539966491862,275.8539966491862,2283640
2024-12-09,275.85400390625,280.5420415397194,274.8670486149933,279.3083474256485,1380139
2024-12-10,278.07464599609375,279.55507889403214,274.8670413838939,275.36051901654,2656419
2024-12-11,280.0485534667969,280.7887699076783,276.84094888964415,278.5681205850341,1617867
2024-12-12,277.5811767578125,281.2822591145833,276.1007438151042,280.5420426432292,938278
2024-12-13,283.7496337890625,283.7496337890625,274.8670365574049,277.3344246773098,1595712
2024-12-16,284.2431335449219,285.97030536333716,281.52900640169776,283.74965588251746,1043108
2024-12-17,287.69744873046875,287.69744873046875,282.7626725944401,283.9963666284473,1746018
2024-12-18,284.7366027832031,289.424640437346,283.50290866369187,287.6974686700302,1168862
2024-12-19,281.2822570800781,283.9963841220789,278.56813003807736,283.2561676560787,1113826
2024-12-20,282.0224609375,283.5028938033136,277.827901151028,280.54202807168633,698798
2024-12-23,277.8279113769531,283.9963818782176,276.34747845664964,280.7887772175601,1119809
2024-12-24,277.08770751953125,278.8148793384419,272.64640855661804,277.58118518207715,892705
2024-12-25,278.07464599609375,280.5420341593244,277.5811683634476,278.3213848124168,445324
2024-12-26,283.5029296875,284.2431462140992,277.58119747470624,278.32141400130547,1631060
2024-12-27,280.54205322265625,285.4768298844444,280.04857555647743,284.4898745520868,758127
2024-12-30,270.17901611328125,281.28226335081337,268.9453219757777,279.80183038580907,1875121
2024-12-31,270.4257507324219,273.3866166163535,264.5040189645586,269.93227308509995,1369814
2025-01-02,272.89312744140625,275.1137767605497,268.6985676163575,270.91921693550097,1148837
2025-01-03,268.9453125,278.5681264334862,268.9453125,275.3605217889908,1831390
2025-01-06,268.45184326171875,271.41270918004653,264.2572832107544,269.6855373943553,1743988
2025-01-07,272.3996887207031,274.6203383570132,267.2181729026463,268.9453448419986,2211743
2025-01-08,273.3865966796875,277.8278951817041,272.39964145701714,273.1398578740199,1994459
2025-01-09,273.3865966796875,277.3344175703689,271.4126862343468,274.1268130966903,2138715
2025-01-10,280.7887878417969,281.2822655005698,272.1529288132706,273.38662296020294,2739313
2025-01-13,269.9322814941406,280.78879007342965,267.46489318066585,280.78879007342965,3422384
2025-01-14,264.7507629394531,272.1529277933055,264.5040241109914,271.659450136382,1413287
2025-01-15,269.9322814941406,270.42575915683557,262.5301165537163,265.2442436985386,1276768
2025-01-16,273.139892578125,273.8801090891768,270.1790265339177,271.1659818819868,1260165
2025-01-17,281.2822570800781,281.77573472407823,272.39965948807566,274.3735700640762,1990564
2025-01-20,279.06158447265625,283.50288289927676,279.06158447265625,281.52897248744546,1473909
2025-01-21,276.10076904296875,280.78880712323365,273.139902887012,279.0616351989255,1442780
2025-01-22,281.52899169921875,282.51594697248504,274.3735659680379,275.6072600596208,2194636
2025-01-23,281.2822570800781,283.9963841220789,279.8018241480777,281.77573472407823,2518595
2025-01-24,281.52899169921875,286.46376806555037,278.0746482427866,282.0224693358519,3149574
2025-01-27,274.3735656738281,279.8018196709722,271.90617749330806,279.5550808529202,3654253
2025-01-28,275.3605041503906,276.59419816540134,272.3996385143649,275.60724295339276,1927950
2025-01-29,277.5811767578125,280.2953038194444,272.8931391059028,275.85400499131947,2456665
2025-01-30,273.3865966796875,279.3083280157096,273.3865966796875,278.32137279303925,1551398
2025-01-31,274.1268310546875,275.3605251638445,269.93227108355364,274.1268310546875,1178800
2025-02-03,263.7638244628906,271.90620632189473,263.27034677446613,271.90620632189473,1595670
2025-02-04,262.2833557128906,265.9844378725269,262.03661690224817,264.5040050086724,1389808
2025-02-05,265.2442321777344,267.21814274277796,260.0627169444949,262.77684397142986,2501378
2025-02-06,266.4779357910156,270.42575706199364,265.73771930270726,267.218152279324,1418355
2025-02-07,271.1659851074219,272.6464181471348,266.9714248282352,267.21816366818734,2441209
2025-02-10,268.45184326171875,274.3735750983743,267.9583656086641,271.41270918004653,1616881
2025-02-11,268.2051086425781,269.19206396416996,265.2442426778027,268.69858630337404,1492783
2025-02-12,264.0105285644531,269.43878242278765,263.76378975271064,269.19204361104516,1254290
2025-02-13,269.4388122558594,269.4388122558594,265.4909908308651,265.73772966992726,1668303
2025-02-14,268.6985778808594,271.1659661074972,263.2703237822562,269.4387943488507,2487353
2025-02-17,258.582275390625,268.69856669884604,258.582275390625,267.7116114492635,2782621
2025-02-18,262.2833557128906,262.7768333341754,255.12793020426048,257.59531831068466,2740244
2025-02-19,249.69969177246094,258.33555067763496,249.69969177246094,253.64751298625478,4716043
2025-02-20,245.06100463867188,251.67360215390434,240.02752657169668,250.19316920005784,6645328
2025-02-21,240.8170928955078,248.46599646083644,239.3366599473797,245.8505709430405,5241642
2025-02-24,242.79100036621094,246.54143346511717,240.81708979412792,243.1857764567305,2932170
2025-02-25,236.86927795410156,244.7649205525716,236.37580029169717,243.28448756535846,2054500
2025-02-26,237.36276245117188,240.61971812877076,234.89537406810356,237.46146401039204,2304414
2025-02-27,242.79100036621094,243.2844780092317,237.06665669522167,237.36274629298265,2298393
2025-02-28,246.1466522216797,248.7127420925637,239.83014416068644,241.40927870580632,3189165
2025-03-03,247.97251892089844,252.6605565920398,246.73882479691386,247.4790412713046,1725298
2025-03-04,247.23231506347656,251.42687529908446,245.45579242232924,247.23231506347656,1324465
2025-03-05,254.3877410888672,255.86817411169278,247.97253132328953,248.95948667183995,2578939
2025-03-06,256.6083679199219,256.6083679199219,250.68663635253907,254.88119621276854,2497208
2025-03-07,253.40077209472656,257.34859327633865,252.41381679932354,257.10185445248794,2125576
2025-03-10,243.67926025390625,257.8420749901828,240.81709587599852,253.4007760908304,5195878
2025-03-11,242.79100036621094,248.71273208245998,241.40926898964983,243.6792540997513,5004797
2025-03-12,249.4529571533203,251.42686779350484,243.18578484683718,244.2714417228359,3566967
2025-03-13,251.67359924316406,253.8942486482508,249.69968866086472,250.439905129227,3066119
2025-03-14,261.2964172363281,262.5301113686998,252.4138194832518,253.15403596267484,4374473
2025-03-17,264.5040283203125,265.9844613146426,262.5301176612057,263.27033415837076,2755670
2025-03-18,259.5692443847656,263.7638044175993,258.58228908292244,263.0235879412169,2257636
2025-03-19,242.00143432617188,254.88120388486783,235.98101608729257,238.94188196010808,4976390
2025-03-20,250.43991088867188,255.12794862944506,241.11318618476648,246.442738855643,3958857
2025-03-21,237.65882873535156,248.9594634083407,235.98100781154506,248.21924696609588,4559169
2025-03-24,244.4688262939453,250.9333865604502,237.85622875543166,244.27143824468604,3790847
2025-03-25,253.64752197265625,259.0757763339388,246.7388346037512,246.7388346037512,4019332
2025-03-26,245.06100463867188,256.1149010154438,245.06100463867188,253.15403510775084,3984054
2025-03-27,246.245361328125,251.18013810824775,246.245361328125,248.71274971818636,3684144
2025-03-28,238.8431854248047,249.20621619736852,237.46145401236,246.34405181741474,8474741
2025-04-02,233.80970764160156,240.61970833760748,226.90102045013475,238.84318576213886,5128182
2025-04-03,231.83578491210938,236.57317317945513,231.0462327506702,233.51362090452298,2785362
2025-04-04,233.02015686035156,238.05361995184973,232.23058959313332,234.89536594271976,4162976
2025-04-07,238.4484100341797,243.77796270918782,222.65712500038615,226.01276704617007,5077256
2025-04-08,238.34970092773438,242.4949101058334,236.17840231632462,240.817089136096,2907328
2025-04-09,240.22491455078125,242.297526709464,236.47449644991573,237.85622784920906,3701008
2025-04-10,240.22491455078125,247.23230322085837,240.22491455078125,245.75187026744007,2365311
2025-04-11,243.77796936035156,244.96231275825073,240.32362566496195,241.31058100650185,2805554
2025-04-14,246.1466522216797,248.95948092400474,245.061010399185,245.75187611527127,2069940
2025-04-15,242.98838806152344,247.23229879733844,242.5936119715724,246.44273155769383,1976559
2025-04-16,238.4484100341797,244.5675299728261,237.36275316420918,242.10014168629584,1962208
2025-04-17,238.6457977294922,240.6197083557746,233.02015545653592,237.36275281046005,3004406
2025-04-18,232.92144775390625,238.7444779238569,230.25667149070415,238.15231378744673,2472686
2025-04-21,228.7762451171875,233.11884248096524,227.78928980180683,232.92145442983772,2831069
2025-04-22,226.2101593017578,230.75015985725653,223.545382914723,228.77624919134288,2657352
2025-04-24,226.11146545410156,230.45406275404952,222.953196443511,226.90101764700648,3201267
2025-04-25,232.033203125,233.61232261047172,220.68321687802987,220.97929142798242,7131536
2025-04-28,227.49319458007812,232.82274712768833,226.40753773605923,232.0331949426665,2497776
2025-04-29,223.94015502929688,227.8879762907018,223.44667737162126,226.50624487310728,2736024
2025-04-30,225.519287109375,228.38145146892288,223.54537650010255,223.9401525980599,3212611
2025-05-02,225.4205780029297,227.8879661818573,224.92710036714416,225.71666759634945,1837482
2025-05-05,226.90101623535156,228.28276268382416,222.95319505641726,226.70362818835338,1890629
2025-05-06,222.1636505126953,227.5919048205069,222.06494895592874,226.80233754560385,2790339
2025-05-07,219.99234008789062,223.54538534912507,218.61060863060135,221.57147466171557,1924088
2025-05-08,219.4988555908203,221.7688558227053,218.2158257316941,219.99233324732822,1758316
2025-05-09,230.55276489257812,231.14492903875816,217.32755479149134,217.32755479149134,4411652
2025-05-12,240.3236083984375,243.87665339660288,233.31621995306662,234.20448873247912,4535730
2025-05-13,237.46145629882812,243.87666588647173,235.9810233170642,240.8170983669291,3514662
2025-05-14,236.37579345703125,239.13927129854008,234.5005844180124,237.7575248479143,2412946
2025-05-15,229.56581115722656,237.46145363816652,228.28276624212523,236.3757967731401,2267737
2025-05-16,228.578857421875,233.51363400646,224.9271107014877,230.2566784486853,2875756
2025-05-20,228.97361755371094,230.65143846349233,224.82840852373872,228.57884147837717,2593179
2025-05-21,222.06494140625,229.96058376736113,221.86755335917076,228.67753887173203,2798523
2025-05-22,220.78189086914062,224.53232390678482,217.82102505938082,222.95318945101602,2952650
2025-05-23,220.48580932617188,222.95319759105627,217.8210330120453,219.7949436239528,2058084
2025-05-26,222.3610382080078,224.53233691568337,219.6962618367813,221.57147093437766,1955008
2025-05-27,218.7093048095703,224.2362455625321,217.72234949014037,222.36103647951245,1919055
2025-05-28,221.17669677734375,221.67017444524524,217.82103959976766,218.7093084378363,1700365
2025-05-29,218.80799865722656,222.95320812615532,218.11713292236234,221.76886471499617,2090513
2025-05-30,215.05755615234375,219.59755660492706,213.6758247414234,218.90669089946687,1954405
2025-06-02,213.8732147216797,215.84712536066104,212.19539369049417,214.95887159701664,1595469
2025-06-03,223.34799194335938,223.84146960339342,214.36669250684247,214.36669250684247,3105331
2025-06-04,229.07232666015625,230.05928194079502,221.27537090726446,223.05189342436276,2776350
2025-06-05,231.5397186279297,232.1318827700995,228.97362883263241,228.97362883263241,1156745
2025-06-10,240.4223175048828,240.71839204758243,232.42797353765243,232.6253615860331,3451603
2025-06-11,242.69229125976562,244.4688137312935,239.23794786613885,239.83012704322886,2698606
2025-06-12,240.8170928955078,243.87666034553635,238.74448074423137,240.52100329393366,2992328
2025-06-13,239.63275146484375,241.80405012750956,226.70363092392466,233.61231807042495,4137144
2025-06-16,239.33665466308594,241.11317717356454,233.51362455291195,240.12622189660337,3117125
2025-06-17,229.46710205078125,239.534042870738,229.46710205078125,239.13926678357987,5863241
2025-06-18,220.88059997558594,229.96058575749558,217.32755485843998,228.08537670440023,4090321
2025-06-19,211.701904296875,222.55841220953525,210.02408335868503,221.0779793123543,5598528
2025-06-20,218.9066925048828,219.9923343186413,214.56408007061992,215.15625928521038,2708900
2025-06-23,226.50624084472656,226.60494239840347,214.16929962224688,217.130165515642,1891837
2025-06-24,242.88970947265625,244.56753049915906,232.72406669832563,232.72406669832563,4744314
2025-06-25,242.98838806152344,244.07404489850256,236.77056675646824,241.8040447319278,2201163
2025-06-26,247.97251892089844,250.68664599366448,243.28448124975708,244.3701381027606,2358182
2025-06-27,250.6866455078125,252.6605561023622,244.6662121705388,249.45295138621893,1750651
2025-06-30,261.0496826171875,262.53011559989363,247.972524603283,250.6866517382443,4535863
2025-07-01,262.5301208496094,270.9192412526984,252.41382859882555,262.5301208496094,3514341
2025-07-02,264.5040283203125,268.4518496385261,260.0627293373222,263.0235953259824,2668954
2025-07-03,258.582275390625,267.4648726368679,258.3355365782294,265.73770095009843,1649458
2025-07-04,259.81597900390625,262.28336721856823,258.5822848965753,259.81597900390625,1211251
2025-07-07,260.3094482421875,261.543142309686,253.8942390911952,257.10184366669137,1478786
2025-07-08,260.5561828613281,263.02357095660585,257.3485783374671,261.5431380994392,1646286
2025-07-09,265.490966796875,266.2311832470522,258.82901874528056,261.049668095812,2577461
2025-07-10,268.9453125,271.4127006880734,265.9844466743119,266.9714019495413,1586435
2025-07-11,271.90618896484375,274.3735772494612,268.4518453663793,272.8931442786907,1297994
2025-07-14,265.2442321777344,270.9192250522347,263.7637992539517,270.4257474109738,1522226
2025-07-16,264.5040283203125,266.7246778118076,256.3616468514969,265.2442448174775,2332700
2025-07-17,271.659423828125,276.1007223103287,264.9974761048195,265.7376925185201,3744061
2025-07-18,264.99749755859375,270.9192293476126,260.0627210677447,270.67249052307017,2502614
2025-07-21,261.2964172363281,266.4779325922893,260.0627231039564,266.23119376581496,3046627
2025-07-22,259.5692443847656,263.5170655921385,259.32250555930483,261.54315498845205,2252096
2025-07-23,260.062744140625,262.2833937585241,259.3225276013253,260.062744140625,2139519
2025-07-24,252.90728759765625,265.49096727324695,252.41380996331935,260.3094521127096,4659363
2025-07-25,251.1801300048828,257.3486007810342,250.68665234279072,253.15404065325126,2211993
2025-07-28,250.6866455078125,254.6344666969119,250.6866455078125,252.90729492668092,1284189
2025-07-29,245.25839233398438,252.41381826726965,245.25839233398438,250.68664649026974,1839832
2025-07-30,245.7518768310547,251.92034763504702,239.73144330246092,240.81710018786083,3792655
2025-07-31,242.59361267089844,246.24534422257122,240.02752289959184,245.75186657883862,3700871
2025-08-01,238.4484100341797,243.4818731028556,236.5731859005709,242.5936193436019,2577515
2025-08-04,245.25839233398438,246.1466460811158,238.74448132254483,239.92883973171038,3085556
2025-08-05,248.71273803710938,250.6866486564515,244.56752874843946,246.73882741776723,2407563
2025-08-06,255.12794494628906,256.6083778956872,248.71273549889688,249.452951973596,4035209
2025-08-07,257.10186767578125,259.0757783681097,252.41382978150116,256.3616511661581,2647040
2025-08-08,255.6214141845703,258.582279985936,252.66054838320463,256.6083694516922,2158352
2025-08-11,257.5953369140625,259.3225087132947,253.64751565867456,256.114903943292,2727213
2025-08-12,255.8681640625,259.8159853016514,254.63446992526517,259.0757688193105,1698569
2025-08-13,252.66055297851562,256.855112940073,251.6735976934433,256.60837411880493,1838371
2025-08-14,246.98556518554688,254.3877299763225,246.98556518554688,251.18012523365306,1855057
2025-08-15,248.46600341796875,251.42686939713025,246.44274198692645,246.985570428388,1728896
2025-08-18,248.71273803710938,250.43990982903375,243.97534953873966,248.4659992096916,1903694
2025-08-19,256.8551025390625,257.3485801616159,248.4659829556541,250.43989344586785,4456361
2025-08-20,260.062744140625,260.8029606799247,253.15405644049454,257.8420945227259,4859960
2025-08-21,260.8029479980469,262.2833810046583,259.56925382587065,261.5431645013526,2588322
2025-08-22,258.08880615234375,262.03662727895704,256.60837322986373,261.04967199730373,1987202
2025-08-25,260.062744140625,262.03665491209085,258.08883336915915,259.56926644775854,1922953
2025-08-26,256.1148986816406,260.30945867931683,255.6214210348552,259.5692422091387,2411001
2025-08-27,255.37469482421875,258.82903852232414,254.38773948190294,257.59534434442935,1661408
2025-08-28,256.3616638183594,258.0888357593878,254.8812307260493,255.62144727220434,1174822
2025-08-29,250.1931610107422,256.8551090849927,248.959466922918,256.6083702674279,2425649
2025-09-01,247.72576904296875,251.67359006357384,245.94924657174806,250.19315718084692,1913015
2025-09-02,237.85621643066406,249.6996794894523,233.51361933300518,248.46598542082853,2990977
2025-09-03,241.60665893554688,241.80404698235947,232.03319559758157,237.4614497135121,2583886
2025-09-04,240.3236083984375,242.29751893969777,237.56013062872466,241.11317562689007,2114074
2025-09-05,239.83013916015625,243.87666193531527,235.98101949382865,240.61970641625348,2991658
2025-09-08,226.70362854003906,234.40188286285178,221.67016556493502,233.3162260130636,3575066
2025-09-09,229.96058654785156,232.72406441960263,226.5062429730984,227.29581023070486,3818613
2025-09-10,236.9679718017578,237.26404634177445,229.56580710648936,230.94753849237577,2679636
2025-09-11,229.26971435546875,237.3627446324435,229.26971435546875,237.06665503675393,2919226
2025-09-12,228.4801483154297,231.44101416832945,223.64407344625712,229.4671035997296,2071741
2025-09-15,241.60665893554688,241.80404698235947,225.32189658775533,226.9010160219986,3168140
2025-09-16,246.44273376464844,246.44273376464844,236.47449433656277,240.5210020038972,4193810
2025-09-17,238.54710388183594,245.94926896956198,238.05362620932087,245.45579129704691,2394265
2025-09-18,237.36276245117188,241.90276309991498,236.8692847745582,240.32362851085384,2491607
2025-09-19,239.0405731201172,241.6066629505518,235.88231913940427,237.36275210471433,2699747
2025-09-22,242.2975311279297,246.24535240903649,242.10014307582296,244.5675313765147,2563615
2025-09-23,238.34970092773438,239.9288354049828,235.58622312242085,238.94188012163815,2288835
2025-09-24,235.09275817871094,239.7314452490297,234.79666856576648,238.05362418866886,3030797
2025-09-25,234.3031768798828,238.9418787324272,230.45405732111448,237.06665466912943,2912477
2025-09-26,236.4744873046875,238.34969628259992,232.72405428912052,235.78360657201665,3243722
2025-09-29,231.9344940185547,239.43536027454115,230.9475387248587,235.3888375464906,1998538
2025-09-30,236.86927795410156,239.04057665673218,231.24363561464025,233.02015821124465,2901588
2025-10-01,238.74449157714844,240.5210142074596,232.92146107419103,236.0797151615534,2019345
2025-10-02,233.41493225097656,239.92884336094752,232.32927537940043,239.83014180544316,2185386
2025-10-03,230.55276489257812,235.58622790395108,226.8023317278,234.5992726005749,3243302
2025-10-06,228.0853729248047,232.62535821065617,227.29580568299585,230.5527611431183,1782543
2025-10-07,233.80970764160156,234.69797645920735,226.80233395467383,228.0853788736091,1881462
2025-10-08,230.75015258789062,236.2770932424867,228.67754043007787,232.92145124004418,2106795
2025-10-09,231.9344940185547,237.56013618067323,229.0723296907334,234.40188225279462,1985026
2025-10-10,234.69798278808594,237.95493842098185,229.96059414566855,233.11884822069902,2123877
2025-10-13,230.4540557861328,234.30317531926337,228.87492132858358,233.0201455147147,1477273
2025-10-14,218.1171112060547,230.05927580729656,216.4392902856488,229.86187270863772,3139805
2025-10-15,224.23623657226562,225.3218934040087,216.34059433338484,218.01841529719854,1973962
2025-10-16,222.1636505126953,225.71668066014428,220.5845159628892,222.8545162308318,1748263
2025-10-17,221.37408447265625,224.33495047525153,214.76148674547542,221.1766964177652,2128947
2025-10-20,227.98666381835938,230.7501415432576,221.37406662432073,222.26232032958637,2574220
2025-10-21,232.92144775390625,233.61231344292273,224.2362382155409,228.7762385600649,2822204
2025-10-22,239.83013916015625,246.9855651227535,231.53972062049243,232.92145202385547,3356343
2025-10-23,248.21925354003906,249.6996864637371,238.94187990876162,239.83013363908344,3377406
2025-10-24,257.10186767578125,259.5692560411918,246.64013498254306,249.9464414160906,5972115
2025-10-27,258.82904052734375,260.55621238977596,255.3746968024793,257.10186866491154,2784038
2025-10-28,259.3224792480469,261.5431284518836,254.8811808403734,258.8290016471943,1530250
2025-10-30,256.8551025390625,259.3224906518297,254.63445323757205,259.3224906518297,2502963
2025-10-31,261.54315185546875,262.0366295004791,251.18012131025205,256.60837540536556,3276185
2025-11-03,265.490966796875,267.9583549641322,261.29640691253775,261.5431457292635,2142771
2025-11-04,266.4779357910156,269.192062914813,263.270331008346,265.4909804732711,2667588
2025-11-05,268.45184326171875,270.9192315269919,262.7768502515905,266.72467147602754,2071900
2025-11-06,269.4388122558594,270.42576761210796,263.7638189574301,268.9453345777351,2300417
2025-11-07,264.7507629394531,270.67249482253504,261.7898969979122,269.4388006802263,1371902
2025-11-10,258.08880615234375,268.69857543011693,257.34858969110377,265.4909707647437,1774460
2025-11-11,257.5953369140625,265.4909794248384,253.15403800175108,257.5953369140625,2207285
2025-11-12,263.0235595703125,263.5170371680054,257.8420447945371,259.56921638646224,2096807
2025-11-13,263.0235595703125,264.5039923633912,259.56921638646224,264.2572535645447,1549623
2025-11-14,251.1801300048828,262.5301162330013,248.46600286337622,261.78989973986313,3373905
2025-11-17,256.1148986816406,258.08880926878237,247.72577868628824,251.42686103717898,2241973
2025-11-18,251.1801300048828,257.59533961208024,249.69969701860649,253.64751831534335,1875571
2025-11-19,258.3355407714844,259.5692348534876,251.1801150958654,252.66054799426934,2154477
2025-11-20,264.7507629394531,266.2311959102236,257.5953369140625,258.33555339944775,2456412
2025-11-21,270.17901611328125,270.9192325957834,259.56924653075055,264.50402308076485,2280401
2025-11-24,267.7116394042969,273.88011035831295,267.2181617279756,269.9322889477427,2024291
2025-11-25,267.46490478515625,274.1268535205799,263.5170833123126,268.9453378374726,2653005
2025-11-26,268.2051086425781,271.16597460735363,266.72467566019037,267.7116309817822,2153954
2025-11-27,276.34747314453125,276.34747314453125,269.6855251312256,269.6855251312256,2531172
2025-11-28,274.3735656738281,276.10073740019214,270.9192222211001,275.36052094603616,1830937
2025-12-01,282.7626953125,282.7626953125,270.17901515461386,274.3735752072426,2074709
2025-12-02,277.3344421386719,283.9963904818606,274.1268373808403,278.81487510382493,2515515
2025-12-03,275.85400390625,278.0746533115776,271.9061827412232,276.3474815518784,2127462
2025-12-04,281.0355224609375,286.46377662611803,274.37357416730686,274.37357416730686,2451988
2025-12-05,279.8018493652344,285.47684278269503,278.8148939882847,280.54206589794666,1709133
2025-12-08,281.2822570800781,286.46377234207955,279.8018241480777,281.03551825807807,1339014
2025-12-09,286.217041015625,286.7105186725485,279.5550926471579,280.04857030408135,1503551
2025-12-10,291.1518249511719,296.0866016452595,287.4507424306061,287.4507424306061,2738600
2025-12-11,294.6061706542969,295.09964832708465,290.16487159920695,291.3985657811764,1796440
2025-12-12,299.294189453125,301.021361197702,294.3594130400479,294.60615186070174,1607304
2025-12-15,306.69635009765625,306.9430889151121,298.0604914867005,299.7876632088917,2333584
2025-12-16,296.8268127441406,306.2028882921684,296.8268127441406,306.2028882921684,1585142
2025-12-17,299.78765869140625,301.02135276009517,295.83983767160174,296.58005411281505,1367663
2025-12-18,296.33331298828125,301.7615668481832,294.11266368195777,300.28113397730084,1874284
2025-12-19,297.07354736328125,301.02136859070026,295.5931144029991,296.3333308831402,1341498
2025-12-22,292.6322326660156,299.5409194405927,290.90506097237136,299.0474418138372,1913495
2025-12-23,292.385498046875,294.85288621604695,289.4246322438687,292.6322368637922,1477269
2025-12-24,292.6322326660156,295.0996207997932,289.4246280921048,291.6452774125046,2148603
2025-12-25,290.6583251953125,296.8267955941944,287.2039817719387,294.1126686186863,1192643
2025-12-26,288.6844177246094,294.35941055167433,286.95724599463307,290.6583282731537,1298932
2025-12-29,298.3072509765625,298.3072509765625,286.217048083385,288.68443642893146,2031043
2025-12-30,300.7746276855469,303.7354935856507,290.9050746852008,298.553978260469,2873462
2025-12-31,294.3594055175781,304.47569690586033,294.3594055175781,302.5017863910736,2449942
2026-01-02,306.69635009765625,306.69635009765625,294.35940922486236,295.09962567723,2776075
2026-01-05,307.4365539550781,313.85176294611506,305.7093823036451,306.69633753303543,3338418
2026-01-06,310.15069580078125,311.87786753555093,305.21591941572507,308.17678524675875,3662828
2026-01-07,311.3843994140625,314.8387429891789,308.6702723193282,313.35831002841473,2620954
2026-01-08,318.2930908203125,320.02026263096536,310.89092591751455,311.6311424077943,2744123
2026-01-09,321.0072021484375,321.25394096638405,314.0985152459346,318.2930751510257,2295722
2026-01-12,323.2278747558594,329.3963456481468,317.55288153495496,321.5007029060189,2263581
2026-01-13,318.539794921875,325.20174260808,316.31914569314,323.7213097889233,2753180
2026-01-14,309.6572265625,319.7735184262948,304.22897239168327,318.78656312250996,2957369
2026-01-15,317.05938720703125,318.7865589661357,305.9561401842169,309.657222525155,3210139
2026-01-16,319.0332946777344,321.00720524031897,311.38439124771907,319.28003349805743,2848988
2026-01-19,317.5528869628906,325.2017910000698,315.08549856380057,323.72135796061576,3420274
2026-01-20,315.82568359375,318.7865493774414,313.8517730712891,316.81263885498043,2774257
2026-01-21,312.61810302734375,318.53983504996114,309.657237016035,315.82570787292815,3368443
2026-01-22,321.9941711425781,322.24090997103986,313.358312146417,314.09852863180225,2979491
2026-01-23,325.4485168457031,327.6691663162197,321.5006955647848,323.2278673751866,2790185
2026-01-26,328.1626281738281,329.3963222647072,323.4745906284877,325.69523999207,2516380
2026-01-27,327.9159240722656,329.6430959823528,324.46158025209127,328.16266291656376,1873377
2026-01-28,342.22674560546875,342.22674560546875,326.1887221993004,327.4224163074672,2499998
2026-01-29,334.57781982421875,346.42128247286365,332.60390938277794,342.47346158998204,3810827
2026-01-30,343.21368408203125,344.20063932022543,328.6560943186669,334.57782574783204,3842081
2026-02-02,340.9930725097656,349.1354541254113,332.60395205728224,340.0061171624146,3420994
2026-02-03,353.33001708984375,355.057188961093,341.48655282984896,341.9800305073488,2890758
2026-02-04,351.3561096191406,355.55066991656014,343.9539443884003,355.3039310755355,3052427
2026-02-05,348.6419677734375,355.3039162022293,347.9017512813495,349.38218426552544,2593506
2026-02-06,353.57672119140625,358.5114974815864,345.92781794162704,349.1354225302441,2490682
2026-02-09,361.9658508300781,364.18650022167367,355.3039026552914,355.3039026552914,1935295
2026-02-10,349.3821716308594,361.96585154129286,349.3821716308594,361.96585154129286,1644827
2026-02-11,350.369140625,355.0571784220951,345.4343639964789,347.4082746478873,1880780
2026-02-12,355.05718994140625,357.7713171751488,345.68111404302306,356.53762297799307,5519687
2026-02-13,356.7843322753906,363.4462803884166,353.32998880937714,355.5506381803858,3397576
2026-02-16,360.2386779785156,362.95280500438116,356.2908568499839,357.7712897731833,2751228
2026-02-17,356.53759765625,360.2386799848616,351.6028212181012,360.2386799848616,2789710
2026-02-18,334.33111572265625,357.5245658170693,334.33111572265625,352.09631153965347,5994909
2026-02-19,318.78656005859375,336.0582777088271,310.89091770420134,334.82458359095335,4511484
2026-02-20,324.4615478515625,328.6561077857652,318.2930773600879,323.72133139258557,2317383
2026-02-23,323.4745788574219,332.3571759885181,322.2408848114363,332.3571759885181,2028374
2026-02-24,315.82568359375,323.4745868682861,315.33220596313475,323.2278480529785,1832789
2026-02-25,318.78656005859375,319.7735153528928,312.8648282927994,315.8256941756966,2224362
2026-02-26,321.7474365234375,322.7343918501965,311.63114442415764,317.7996152164015,2793899
2026-02-27,304.96917724609375,322.73437203712837,304.96917724609375,321.9941555875019,4540930
2026-03-02,299.78765869140625,301.2680915738329,281.2822476610725,281.2822476610725,4690830
2026-03-03,289.9181213378906,308.176794511511,288.43768837786735,295.3463755246426,2914908
2026-03-04,301.7615661621094,301.7615661621094,280.7887672056259,288.68440916571376,2997735
2026-03-05,298.5539855957031,302.25506806176554,296.0865972849948,300.0344185821281,2628146
2026-03-06,287.45074462890625,301.0213806414297,285.7235727727669,301.0213806414297,2899121
2026-03-09,282.5159606933594,284.73661016605826,274.12684046316355,282.0224830327596,2476649
2026-03-10,296.8268127441406,298.5539845556194,291.1518196492818,297.0735515743519,1884584
2026-03-11,298.5539855957031,300.7746350753406,291.89203715679076,299.54094091998644,2080254
2026-03-12,293.3724670410156,304.2289754933324,292.1387728987069,293.86594469793914,1849568
2026-03-13,292.8789978027344,297.0735580071543,287.2040045849897,292.138781296072,1438532
2026-03-16,286.217041015625,294.1126835264009,283.9963915594693,292.6322505556304,1883974
2026-03-17,290.4115905761719,292.3855011323396,283.00942599054304,286.4637694638365,1373927
2026-03-18,288.6844177246094,293.3724552774022,286.21702953892895,292.138761184562,991448
2026-03-19,282.26922607421875,287.9442192557808,282.26922607421875,286.2170474179141,496774
2026-03-23,295.099609375,295.099609375,265.7376917197952,278.5681095187082,3946312
2026-03-24,287.69744873046875,295.839829354916,284.73658304885157,292.38548605969595,1969033
2026-03-25,301.0213623046875,302.99527287717723,290.4115929775551,292.1387647284836,2602385
2026-03-26,290.6583251953125,300.52787783352346,289.9181087474467,297.3202732261049,1623677
2026-03-27,288.93115234375,294.11266745836895,287.69745826884076,293.61918982840524,1168862
2026-03-30,288.6844177246094,291.6452835474259,283.74964135324853,286.71050717606505,2304103
2026-03-31,303.7354736328125,304.96916767681256,287.69745106081183,287.69745106081183,3119677
2026-04-01,315.33221435546875,318.7865578617102,308.67026616486027,310.1506990961066,3230159
2026-04-02,318.539794921875,321.99413816657386,305.95611595904336,307.9300263845856,1784809
2026-04-03,316.3191833496094,318.2930940101374,310.6441902005914,317.05939984730736,1081072
2026-04-06,319.0332946777344,325.94198164678045,314.59199591191907,318.0463393964421,1594484
2026-04-07,308.6702575683594,320.76045950349095,307.68330230834863,316.5658996484453,1852449
2026-04-08,339.5126037597656,339.5126037597656,327.4224020270414,334.5778275423272,3324471
2026-04-09,336.7984924316406,338.77240300999455,328.9028501182249,334.5778430309924,2558556
2026-04-10,341.2397766113281,344.94085878715595,332.85065701278495,337.7854332472221,3648504
2026-04-13,324.2148132324219,334.824582615218,321.99416382672035,334.824582615218,3162278
2026-04-14,325.9419860839844,330.6300237339433,321.5006872577075,327.66915784975873,2682378
2026-04-15,317.3061218261719,326.9289357851304,315.825688909409,326.9289357851304,4566534
2026-04-16,307.6833190917969,324.95503708411906,307.6833190917969,319.2800440294989,3509337
2026-04-17,315.82568359375,322.98110923767086,303.73548164367674,308.6702579498291,8274192
2026-04-20,307.9300537109375,312.86483021271533,305.9561431102264,306.4496207604041,2355190
2026-04-21,308.9170227050781,311.87788873739515,305.70941783673464,309.410500377131,2784713
2026-04-22,304.2289733886719,311.38439936456115,301.76158512112386,309.90396640403236,1727277
2026-04-24,304.2289733886719,307.9300557899939,297.813763893047,303.73549573516226,3096364
2026-04-27,298.06048583984375,305.7093890360649,294.1126648353425,303.2420009082516,3474785
2026-04-28,281.0355224609375,295.09963552526887,279.8018283324874,295.09963552526887,4963441
2026-04-29,275.1138000488281,284.9833534138085,274.6203223805791,282.5159650725634,4427754
2026-04-30,274.8670654296875,276.1007596192283,270.42576634734064,274.37358775387116,3209760
2026-05-04,267.9583435058594,278.321373365202,267.2181270873349,276.3474629158034,3185173
2026-05-05,272.3996887207031,274.1268606600554,266.9714340541674,267.958389448083,3497068
2026-05-06,285.9703063964844,287.94421705323316,274.8670589522723,275.3605366164595,6192993
2026-05-07,286.217041015625,289.17790695716593,281.2822644463901,286.217041015625,4357953
2026-05-08,280.2952880859375,286.2170195243728,276.59420593691544,282.76267618528556,4304571
2026-05-11,275.3605041503906,280.2952802104335,275.3605041503906,280.2952802104335,2613956
2026-05-12,265.73773193359375,275.11380789782453,265.73773193359375,274.37359137433265,3332620
2026-05-13,260.5561828613281,268.69856357574463,260.5561828613281,266.72465309952247,2814300
2026-05-14,264.0105285644531,267.21813311710537,261.29640163528586,261.54314044702835,2117243
2026-05-15,254.88121032714844,262.2833751962815,253.64751618229295,262.0366363673104,2591166
2026-05-18,249.4529571533203,254.6344725838047,246.73883002306655,254.6344725838047,3793047
2026-05-20,257.3486022949219,257.3486022949219,245.3571010594393,246.9855713300257,4947996
2026-05-21,241.60665893554688,256.6083763894427,241.60665893554688,256.6083763894427,3335393
2026-05-22,248.71273803710938,254.88120872255354,237.06666237104218,241.60666281942625,6640521
2026-05-25,255.6214141845703,259.56923525305785,250.1931602153999,255.37467536778982,5718308
2026-05-26,248.46600341796875,255.6214295342757,248.46600341796875,254.88121303948532,1231570
2026-05-27,248.46600341796875,248.46600341796875,248.46600341796875,248.46600341796875,0
2026-05-28,248.46600341796875,248.46600341796875,248.46600341796875,248.46600341796875,0
2026-05-29,248.46600341796875,248.46600341796875,248.46600341796875,248.46600341796875,0
2026-06-01,253.64752197265625,260.0627316723538,250.4399171228075,250.68665595741123,3632079
2026-06-02,262.0366516113281,265.2442565745553,258.33556896145063,258.33556896145063,3375721
2026-06-03,259.3224792480469,264.9974716578519,258.08878524591535,260.3094344497521,3746808
2026-06-04,260.5561828613281,264.5040038137725,257.1018395279393,260.0627052422726,2202924
2026-06-05,254.1409912109375,261.7898948299075,254.1409912109375,261.0496783506523,2298002
2026-06-08,250.6866455078125,252.41381727804347,245.45577942030724,251.67360080508735,5387864
2026-06-09,253.64752197265625,256.3616491532975,248.95948411518498,251.67361129582622,3444128
2026-06-10,257.10186767578125,260.0627337142739,252.66056861804222,253.64752396420644,3661121
2026-06-11,255.6214141845703,262.53010105442354,250.93337666574132,257.3485859020336,4708593
2026-06-12,271.4127197265625,275.11380226828834,261.7899051180753,262.53012162642045,8778548
2026-06-15,288.1909484863281,291.6452920469519,280.29530606204514,291.1518143954342,7935400
2026-06-16,298.06048583984375,306.2028666616276,286.21702282634004,286.21702282634004,7494257
2026-06-17,296.33331298828125,299.0474399182322,289.91810388112447,298.5539622946048,4708638
2026-06-18,300.52789306640625,303.9822366648707,296.33333298255656,300.2811542379445,4122711
2026-06-19,293.1257019042969,300.0343884811658,289.1778810032289,292.38548548534663,5458289
2026-06-22,284.2431335449219,294.1126867930094,283.74965588251746,293.37247029940283,3926031
2026-06-23,281.2822570800781,284.489861766079,280.29530179207785,281.77573472407823,2239556
2026-06-24,282.7626953125,287.6974718450044,279.8018293929974,281.2822623527487,2180691
2026-06-25,280.54205322265625,289.17791238078553,279.801836723388,284.2431357189974,3200861
2026-06-26,280.7887878417969,285.23008677075325,278.81487720670515,280.5420490124104,2765972
2026-06-29,276.34747314453125,280.54203300476075,275.11377906799316,280.2952941894531,2144084
2026-06-30,278.5681457519531,282.0224894548117,275.85401855684995,277.5811904082792,3672895
2026-07-01,282.0224609375,282.2691997484689,274.3735577974628,278.5681175839348,3401019
2026-07-02,278.07464599609375,283.9963775878473,277.33442954712456,282.5159446899089,2878044
2026-07-03,272.89312744140625,280.0485530253129,272.89312744140625,279.30833658559845,1941964
2026-07-06,268.9453125,277.33443233944956,268.20509604357795,273.63335005733944,4069324
2026-07-07,268.6985778808594,273.8800931567988,265.737712008894,268.4518390581956,3736018
2026-07-08,260.3094482421875,267.4648738336789,254.1409779046949,267.4648738336789,3574131
2026-07-09,259.81597900390625,261.54315075416963,256.8551131463119,260.55619546830485,1744853
2026-07-10,265.73773193359375,265.73773193359375,259.0757832221666,260.0627385868225,2976661
2026-07-13,256.3616638183594,263.5170904311913,255.62144727220434,261.7899184901629,2584606
2026-07-14,255.12794494628906,255.86816142098814,251.18012374789387,255.12794494628906,2046077
2026-07-16,264.0105285644531,264.0105285644531,255.12793134172387,256.36162540043625,2157753
2026-07-17,262.0366516113281,269.192078067758,257.34861358814993,267.21816732115667,4231386
2026-07-20,268.9453125,271.165961869266,259.5692373853211,262.0366255733945,3099421
2026-07-21,268.99993896484375,273.9676202014983,264.28064179002195,272.2289317686692,3570527
2026-07-22,273.4708557128906,276.2030804293682,268.0064062799355,269.24832660560713,3464577
2026-07-23,257.57427978515625,272.9740920770364,257.57427978515625,271.48378766169316,3205973
2026-07-24,257.8226623535156,260.30650303129516,254.5936694724022,257.57427828573765,3313386
2026-07-27,260.5549011230469,268.5031917197461,259.80974887960633,262.5419737722217,4578094
2026-07-28,266.2677307128906,266.2677307128906,258.5678243210067,260.8032810154246,4216152
2026-07-29,269.9934997558594,274.46441327527566,265.52258623644315,269.9934997558594,6172481
2026-07-30,266.01934814453125,269.7451093230261,258.31944170897526,269.7451093230261,4710099
2026-07-31,269.9934997558594,272.4773405999795,265.02581806761907,266.2677384896792,4216146
2026-08-03,276.2030944824219,280.42562380454524,274.2160218602462,276.2030944824219,4838116
2026-08-04,284.1513671875,284.1513671875,273.4708525117461,276.4514612584681,4167336
2026-08-05,282.164306640625,283.4062270043602,277.9417774039255,282.164306640625,2304975
2026-08-06,271.732177734375,282.1643088722578,271.4837936596635,282.1643088722578,3928332
2026-08-07,273.71923828125,276.20307891901086,269.2483251332804,271.7321657710413,4278231
2026-08-10,271.4837951660156,276.20309261171946,268.99995440511884,273.71925185082273,3929905
2026-08-11,272.7257080078125,275.95470090772284,264.28064965420083,270.49025138479766,3347977
2026-08-12,277.1966247558594,280.4256176965638,271.2354070191742,273.9676318151549,4014318
2026-08-13,276.9482421875,280.42561921945065,274.2160173766816,274.2160173766816,2328990
2026-08-14,274.21600341796875,280.42560494464374,274.21600341796875,276.94822808970576,2071500
2026-08-17,277.6933898925781,281.17076686797714,276.94823768356406,277.19662175323543,2772649
2026-08-18,274.4643859863281,278.6869150015024,272.2289294488829,276.20307440434107,2050570
2026-08-19,279.43206787109375,280.1772200520833,271.4837779405382,273.22246636284723,2357656
2026-08-20,274.961181640625,283.15785643207994,272.7257248793191,278.68694290946814,2119202
2026-08-21,277.9417724609375,280.42561314423455,273.71924329933256,273.96762736766226,2357555
2026-08-24,274.21600341796875,282.41267743317974,273.7192352958347,280.6739890057108,2948376
2026-08-25,283.4062194824219,283.4062194824219,274.2160090347009,274.9611612331648,5339624
2026-08-26,282.4126892089844,291.1061317088212,281.66753699471263,287.38037063746253,7306873
2026-08-27,281.1707763671875,283.65461714781634,277.94178335236995,282.6610808355648,3078636
2026-08-28,281.1707763671875,285.1449216161937,280.67400821106173,281.66754452331327,2938464
2026-08-31,263.287109375,280.1772258254717,263.287109375,279.9288417600236,6566722
2026-09-01,258.56781005859375,268.7515566603251,255.33881723365454,264.2806435181016,6748195
2026-09-02,259.3129577636719,261.30003023695673,253.84850846213857,258.3194215270295,3963841
2026-09-03,264.529052734375,264.529052734375,259.31298690580985,260.80329142825707,2196366
2026-09-04,266.51611328125,267.2612655085042,260.55489546321644,264.52904067523883,2506173
2026-09-07,268.00640869140625,269.99348123036015,261.79680700717535,266.51610428719084,2694546
2026-09-08,273.4708557128906,273.4708557128906,266.7644859542639,268.0064062799355,3046511
2026-09-09,274.21600341796875,279.18368463930875,270.7386265630307,273.22246717370075,3075871
2026-09-10,273.4708557128906,275.9546963642338,269.74509473587574,275.20954416883086,1807253
2026-09-11,272.7257080078125,273.47086021548415,269.49671510790216,273.47086021548415,3354487
2026-09-14,266.7644958496094,270.9870251135231,265.52257547787,269.9934888161316,2407355
2026-09-15,253.10337829589844,266.26773457625427,253.10337829589844,266.26773457625427,3188281
2026-09-16,250.867919921875,258.3194422957921,241.6280291461856,254.84206518796412,5302200
2026-09-17,271.9805603027344,273.967632889421,249.129225555838,250.37114592251712,5662675
2026-09-18,274.4643859863281,276.4514584640572,269.9934729114377,270.98700915030224,4593366
2026-09-21,277.44500732421875,277.6933913952342,263.2871152763401,272.9740940459413,5618982
2026-09-22,278.0,283.75,274.0,276.25,4745534
2026-09-23,281.0,284.0,276.75,277.75,4190774
2026-09-24,,,,,2442244
