Date,Close,High,Low,Open,Volume
2018-01-01,10.992051124572754,10.992051124572754,10.992051124572754,10.992051124572754,0
2018-01-02,11.063060760498047,11.134069123892788,10.864238291053088,10.984952102512583,5081356
2018-01-03,10.722221374511719,11.105665016031182,10.672515253279977,11.063059866001959,5717870
2018-01-04,10.509198188781738,10.786129325707341,10.395585345203443,10.722222609084023,9471369
2018-01-05,10.743524551391602,10.757725817853892,10.530500136969694,10.566004318904337,5572102
2018-01-08,10.77902889251709,10.928145917096074,10.757725976730123,10.8003311311181,4985514
2018-01-09,10.523399353027344,10.75062571515432,10.509198086311509,10.7080205606349,5005859
2018-01-10,10.352980613708496,10.509198618610997,10.267770977539676,10.50209764630043,5025521
2018-01-11,10.296174049377441,10.445291079938624,10.090250595477332,10.402685923841437,7253887
2018-01-12,10.175459861755371,10.345879125596634,10.154157623071702,10.296173676272755,4601696
2018-01-15,10.054746627807617,10.360081667709656,10.033444387893939,10.175460449295121,7356557
2018-01-16,10.196762084960938,10.281971716752226,9.926931245695545,10.047645060029692,5810637
2018-01-17,10.686717987060547,10.693818958788908,10.061846695869427,10.189661478236182,10992554
2018-01-18,11.183775901794434,11.247683301011593,10.651215144566127,10.72222351640431,14428123
2018-01-19,10.949447631835938,11.1553710676228,10.899742185083015,11.1553710676228,4975064
2018-01-22,11.411001205444336,11.425203150185144,10.864239199457172,10.949448836344029,7177804
2018-01-23,11.971963882446289,12.426415205120291,11.44650420201153,11.453603818853008,21901957
2018-01-24,11.766040802001953,11.971964921951,11.58141959754236,11.971964921951,7792788
2018-01-25,11.602721214294434,11.986164169581112,11.574317330154518,11.766039484983727,8394264
2018-01-26,11.67372989654541,11.865450702361349,11.595620567349279,11.71633436957431,5355486
2018-01-29,11.758938789367676,11.844149089411486,11.482007684375894,11.709233345330357,9312637
2018-01-30,11.318690299987793,11.716335938906449,11.318690299987793,11.716335938906449,5625182
2018-01-31,11.084362030029297,11.510410141609487,11.084362030029297,11.332890603007153,8829871
2018-02-01,11.055959701538086,11.240580903159806,10.956548806192494,11.105665826396816,6037556
2018-02-02,10.970748901367188,11.084361728026426,10.857136074707949,11.055958521361617,3722384
2018-02-05,10.878437995910645,11.05595820173,10.779027114050745,10.921043143269062,5012627
2018-02-06,10.800331115722656,10.906842985761838,10.594407670377207,10.764826933314279,10265817
2018-02-07,10.771926879882812,10.999152542169917,10.679616285282204,10.850035531997532,8266965
2018-02-08,11.077262878417969,11.268984379104143,10.708020466450591,10.92814585469052,10016914
2018-02-09,10.693818092346191,10.99205143172837,10.594406527761544,10.935245016875967,5769589
2018-02-12,10.864237785339355,10.977850619733685,10.793229425249946,10.793229425249946,6126782
2018-02-13,10.878437995910645,10.999151790042674,10.764825172535993,10.864236731581734,5779817
2018-02-14,10.658313751220703,11.041757384219602,10.658313751220703,10.921043585202739,4776807
2018-02-15,10.864237785339355,10.885540022491815,10.729322036606657,10.764826216651363,5499574
2018-02-16,10.871338844299316,11.134068695247645,10.857136901292746,10.949447499277712,8358078
2018-02-19,10.913944244384766,10.992052905986311,10.764827216101107,10.949448427725821,4703214
2018-02-20,10.374281883239746,10.956548691718092,10.338778379379226,10.942346748425141,4882260
2018-02-21,10.686717987060547,10.686717987060547,10.459491632054544,10.672516043603824,7206431
2018-02-22,10.700919151306152,10.750625275744834,10.587306313479331,10.587306313479331,6991159
2018-02-23,10.793230056762695,10.835835210746355,10.700919454119726,10.750625579964986,4018101
2018-02-26,10.970748901367188,10.984950843292525,10.835833839005808,10.835833839005808,3248865
2018-02-27,11.070161819458008,11.098565029602407,10.906842853238256,10.984952189024812,7742452
2018-02-28,10.842935562133789,11.034657051124348,10.828733619223277,11.013354813944488,7947412
2018-03-01,10.580205917358398,10.842936465607293,10.530500467401781,10.835835493560356,6413575
2018-03-02,10.558902740478516,10.615709157436076,10.423987669500788,10.551801769062344,5253813
2018-03-05,10.473692893981934,10.580204754232817,10.445289686102639,10.580204754232817,4168130
2018-03-06,10.601507186889648,10.658313600070118,10.47369241864066,10.544700773709177,5910981
2018-03-07,10.573104858398438,10.637011570644539,10.45239105106816,10.509197468966418,5381676
2018-03-08,10.509198188781738,10.708020665043755,10.502097216761603,10.55890363855075,4965209
2018-03-09,10.480795860290527,10.551803554912288,10.423989433718711,10.537602286862343,3632989
2018-03-12,10.537599563598633,10.629910152218237,10.509196357653051,10.566002769544216,2785670
2018-03-13,10.608610153198242,10.658316285142657,10.445291843457255,10.594408884918433,4794181
2018-03-14,10.928146362304688,11.077263392958645,10.637012596029068,10.637012596029068,15614275
2018-03-15,11.055959701538086,11.055959701538086,10.892641415078366,10.949447834471828,3652397
2018-03-16,10.913944244384766,11.11276672303432,10.90684327227936,11.09856545600948,2951967
2018-03-19,10.672514915466309,10.85713609777271,10.665414621674419,10.85713609777271,2934677
2018-03-20,10.686717987060547,10.750625378243925,10.59440738614966,10.72932246305884,3243147
2018-03-21,10.935246467590332,11.013355806264101,10.693819511031872,10.743524961325383,7185240
2018-03-22,10.842935562133789,11.013354813944488,10.793229439132903,10.999152871033974,3759427
2018-03-23,10.743524551391602,10.828734181723176,10.615709767301269,10.814532238074941,3723958
2018-03-26,10.693818092346191,10.842935100630221,10.637011000307906,10.743523536045574,3117255
2018-03-27,10.715120315551758,10.800329937726447,10.672515165871474,10.793228966582086,5171404
2018-03-28,10.487895965576172,10.821633524789524,10.438189838546933,10.81453255275878,6218387
2018-03-29,10.722221374511719,10.743523610933387,10.516297949939894,10.587305630407418,15917599
2018-03-30,10.750624656677246,10.807431072319496,10.693818241034995,10.757724950743109,1878461
2018-04-02,10.757723808288574,10.842934099888632,10.693817105367257,10.779026719781498,1722338
2018-04-03,10.857136726379395,10.906842171729787,10.722221655920087,10.722221655920087,3661771
2018-04-04,10.821632385253906,10.921043951658216,10.715120524752491,10.921043951658216,6739371
2018-04-05,10.8287353515625,10.885541777920405,10.779029897795837,10.864239537332695,4038160
2018-04-06,10.502096176147461,10.779027962818875,10.480793939383782,10.757725048869299,7436287
2018-04-09,10.310375213623047,10.55890312762835,10.274871032426308,10.53760088978468,6524891
2018-04-10,10.182559967041016,10.388483395952218,10.068947134150132,10.367181159081651,8895539
2018-04-11,9.81331729888916,10.189660643428404,9.649999025632638,10.168357729988603,13742789
2018-04-12,10.111552238464355,10.203862840241316,9.820419166729451,9.827520138524436,8097248
2018-04-13,9.997939109802246,10.189661279615255,9.827519854759077,10.154157098851448,6799388
2018-04-16,10.033442497253418,10.040543468281912,9.870123549527383,10.012140261353803,4938819
2018-04-17,10.083148002624512,10.132854122946421,9.898526817853702,10.10445023865626,8651497
2018-04-18,10.260669708251953,10.296173891591186,9.877226017997375,9.877226017997375,9138939
2018-04-19,10.267768859863281,10.274869830709308,10.132853799718044,10.260667889017254,4042786
2018-04-20,10.210963249206543,10.310374817298905,10.196761306399388,10.253567723256195,3556770
2018-04-23,10.210963249206543,10.210963249206543,10.210963249206543,10.210963249206543,0
2018-04-24,10.154156684875488,10.43818876503437,10.040543852811936,10.43818876503437,3929103
2018-04-25,10.054746627807617,10.218065606308473,9.955335723419788,10.218065606308473,5261340
2018-04-26,10.076047897338867,10.147056259793935,9.912729611752514,10.090249840704253,5840034
2018-04-27,10.076047897338867,10.203862678883617,10.040544393297266,10.139955288111242,4181957
2018-04-30,9.86302375793457,10.281970912161558,9.84172084376429,10.175459050053764,8738244
2018-05-01,9.86302375793457,9.86302375793457,9.86302375793457,9.86302375793457,0
2018-05-02,9.65000057220459,9.976637848252532,9.593194148299382,9.93403269173063,9186017
2018-05-03,9.436975479125977,9.713907284043332,9.351765849271239,9.664201158738612,9787962
2018-05-04,9.160043716430664,9.507983886423725,9.053531847917775,9.408572312542,14199171
2018-05-07,8.932817459106445,9.231051484312967,8.861809099891216,9.231051484312967,9058408
2018-05-08,8.939919471740723,9.046431345783619,8.861810132069019,9.01092716204066,8750509
2018-05-09,9.309161186218262,9.365967609114353,8.925717493076652,8.9541207045247,9024605
2018-05-10,9.365965843200684,9.365965843200684,9.018026399268154,9.323361372654498,5988274
2018-05-11,9.302061080932617,9.64289962525952,9.14584307618979,9.64289962525952,6523663
2018-05-14,9.408571243286133,9.429873479130586,9.238152002158767,9.266555209013328,6487814
2018-05-15,9.238151550292969,9.380167577619343,9.223949608967414,9.28785699056074,10929625
2018-05-16,9.231049537658691,9.344662346695538,9.145839930881056,9.209747305260722,13511284
2018-05-17,9.231049537658691,9.238150507519935,9.124537698483087,9.231049537658691,11369264
2018-05-18,9.25235366821289,9.35176523510768,9.152942778503999,9.16714404395417,7435188
2018-05-21,9.231049537658691,9.245251477381176,9.131637991158572,9.152940900742298,5062070
2018-05-22,9.238151550292969,9.323361166688795,9.181345139362419,9.27365572642102,10680854
2018-05-23,9.060633659362793,9.209750695410737,8.812105040220887,9.195548750460452,15694863
2018-05-24,9.231049537658691,9.330461084158811,9.103234788899359,9.103234788899359,7921252
2018-05-25,9.046429634094238,9.245252754560774,9.025127398753485,9.202647606693416,12798362
2018-05-28,9.394371032714844,9.394371032714844,9.060633459960025,9.10323793950124,7594567
2018-05-29,9.160043716430664,9.42987455080739,9.145842449982387,9.422774256176224,6562791
2018-05-30,8.939919471740723,9.181347108569664,8.897314315811977,9.174246136383877,11701479
2018-05-31,8.613282203674316,8.996725898441987,8.549374808348707,8.989624926253368,12134529
2018-06-01,8.364752769470215,8.68428903739356,8.236938668612424,8.52097075628075,17785728
2018-06-04,8.442862510681152,8.499668930968138,8.350551908418312,8.449962805327566,8477856
2018-06-05,8.286643981933594,8.4783654687425,8.27244203918469,8.464164203179497,10121453
2018-06-06,8.258241653442383,8.421559949339066,8.151729103035613,8.336350315325236,12173274
2018-06-07,8.329246520996094,8.464162237027322,8.222734683864697,8.229835653589657,8913243
2018-06-08,8.279544830322266,8.33635125943158,8.137528757548978,8.3150490178121,7863654
2018-06-11,8.364752769470215,8.393155978237047,8.080720681801887,8.336349560703383,12326190
2018-06-12,8.286643981933594,8.393155843806774,8.208535328372323,8.343450398557412,6307269
2018-06-13,8.066519737243652,8.350552537253511,8.038116524961266,8.22983871575687,9102346
2018-06-14,8.244038581848145,8.329248204209973,8.023913893376557,8.038115158510587,0
2018-06-15,8.244038581848145,8.244038581848145,8.244038581848145,8.244038581848145,0
2018-06-18,8.133275985717773,8.380842239728128,8.111432108718134,8.373560715926805,10946670
2018-06-19,8.249776840209961,8.286183761508124,7.987648256790869,8.0750244512639,11734722
2018-06-20,8.446372985839844,8.541029999940886,8.235213695914057,8.242494523949691,7835013
2018-06-21,8.519186973571777,8.621126214646491,8.358996935998448,8.468217700236556,8066131
2018-06-22,8.366277694702148,8.54831159072824,8.293464552934235,8.490060799552227,7025293
2018-06-25,8.490063667297363,8.73762996061963,8.47550131178664,8.482782142339781,26533376
2018-06-26,8.511905670166016,8.708502634227726,8.257058602506076,8.257058602506076,7174382
2018-06-27,8.87597370147705,8.919662148148733,8.4463742302944,8.4463742302944,8750400
2018-06-28,8.948785781860352,9.06528735745559,8.744908024568682,8.890534994062731,10799502
2018-06-29,8.846847534179688,9.138102199775036,8.788596739941466,9.028881439775189,14144303
2018-07-02,8.774035453796387,8.95606938149173,8.744910053141306,8.95606938149173,8267996
2018-07-03,8.861410140991211,8.977911723696746,8.766752431441914,8.77403395396206,6629938
2018-07-04,9.036163330078125,9.043444853255039,8.854129417080888,8.854129417080888,5332724
2018-07-05,9.269166946411133,9.305573869579995,9.028882225662667,9.079852195860795,6407042
2018-07-06,9.305573463439941,9.414794228179607,9.21091574509394,9.312854986636774,12651118
2018-07-09,9.392949104309082,9.771579955349997,9.341979833747509,9.392949104309082,11163640
2018-07-10,8.832286834716797,9.45120181285406,8.781317553826675,9.385670177882922,14742211
2018-07-11,8.213369369506836,8.846847257865193,8.125993180878533,8.839566429616,15244911
2018-07-12,8.118711471557617,8.388122248305796,7.849301389213642,8.373559203333805,37301384
2018-07-13,8.082306861877441,8.176963895480451,7.951242208574284,8.147838494124677,14659187
2018-07-16,8.075026512145996,8.155121203920048,8.002212650966353,8.118714273330227,9807564
2018-07-17,8.140556335449219,8.176962560396497,8.045898622896992,8.075024019497352,8556948
2018-07-18,8.380840301513672,8.490060355657173,8.147836454587809,8.155117976705153,15390017
2018-07-19,8.34443473815918,8.49006173209478,8.249777018499968,8.44637398111624,8252931
2018-07-20,8.570157051086426,8.577437879938811,8.264340018349344,8.380841612838845,9950072
2018-07-23,8.635690689086914,8.85413157684822,8.570159047722518,8.737629955216708,10128888
2018-07-24,8.300745964050293,8.672095304683115,8.191525896524995,8.664813781673626,16318299
2018-07-25,8.50462532043457,8.62840844676588,8.220652143367865,8.257059067771953,11841365
2018-07-26,8.9269437789917,9.079852302574583,8.562875931832863,8.562875931832863,11237559
2018-07-27,9.007039070129395,9.050727520308175,8.803161256238587,8.977913668144993,13430627
2018-07-30,9.123539924621582,9.240041522938183,8.890536727988378,9.028882202388267,8398812
2018-07-31,9.385668754577637,9.429356504599962,9.07257020366582,9.116258648092412,8277342
2018-08-01,9.633234024047852,9.757017136346338,9.298292301833415,9.385668493855126,14033654
2018-08-02,8.999755859375,9.56042061050518,8.992475031046679,9.56042061050518,12183335
2018-08-03,9.050727844238281,9.218198738041364,8.970632465111256,8.977913989469055,7915390
2018-08-06,8.912381172180176,9.014320424407343,8.737628763565901,8.999757376487313,4877376
2018-08-07,9.138102531433105,9.174509452754407,8.91966169790957,8.91966169790957,5272031
2018-08-08,9.101696014404297,9.167228336812695,8.963350540523242,9.130821413874218,5461405
2018-08-09,9.036163330078125,9.305573437985522,8.868692463434718,8.94150561199105,9071098
2018-08-10,8.890536308288574,9.138102540226527,8.592000803094315,8.825003988728026,25551485
2018-08-13,9.050727844238281,9.20363638373015,8.446375210628606,8.948788586442241,32374664
2018-08-14,8.58471965789795,9.196353741518859,8.541031211466043,9.174509865505055,15251278
2018-08-15,7.776490688323975,8.664815878302207,7.761927638781174,8.642971998392428,28865638
2018-08-16,7.477952480316162,7.922114918711507,7.244948630610057,7.863864129886025,23381001
2018-08-17,7.980367183685303,8.03861798328558,7.252231494277535,7.397858493278228,21157073
2018-08-20,8.0458984375,8.140556147871084,7.9293968537830395,7.98764764564152,3802222
2018-08-21,8.0458984375,8.0458984375,8.0458984375,8.0458984375,0
2018-08-22,8.0458984375,8.0458984375,8.0458984375,8.0458984375,0
2018-08-23,8.0458984375,8.0458984375,8.0458984375,8.0458984375,0
2018-08-24,8.0458984375,8.0458984375,8.0458984375,8.0458984375,0
2018-08-27,8.22065258026123,8.322591835129462,7.9803678385901655,8.04590016711943,9809978
2018-08-28,8.227933883666992,8.300747039987096,8.125994631533636,8.227933883666992,9665253
2018-08-29,8.053181648254395,8.191527134318298,7.994930149780565,8.155120208173788,9635584
2018-08-30,8.053181648254395,8.053181648254395,8.053181648254395,8.053181648254395,0
2018-08-31,7.754644393920898,8.075024468753519,7.732800518856396,8.024055195468257,19370307
2018-09-03,7.696394920349121,7.783771130029773,7.543486379806882,7.645425638303171,17130822
2018-09-04,7.579893112182617,7.710957770529548,7.528923831449641,7.659988489796572,12846918
2018-09-05,7.492516040802002,7.601736113894195,7.390576796686142,7.5871737615372385,12540338
2018-09-06,7.565330982208252,7.659988716661798,7.4925171266580195,7.4925171266580195,8579882
2018-09-07,7.878426551818848,7.907551946497498,7.543484165812276,7.558047210353694,28745220
2018-09-10,7.827458381652832,7.885709179173255,7.681831387851775,7.856583780413044,13061523
2018-09-11,7.7400803565979,7.958521142889902,7.7109549647192415,7.871144967253925,12563056
2018-09-12,7.587173938751221,7.82745866068982,7.558048538952733,7.812895613588423,16400702
2018-09-13,8.227933883666992,8.271621638578186,7.616299759675542,7.645425161084451,24099118
2018-09-14,8.169682502746582,8.497343419011981,8.016773982568823,8.293465623576402,18390860
2018-09-17,8.377345085144043,8.399764185474696,8.108313743105155,8.250302328786425,11406225
2018-09-18,8.414712905883789,8.481970936977811,8.317562495713593,8.369873980924263,7785624
2018-09-19,8.317559242248535,8.481967619203392,8.100839400544963,8.444601981801345,18165635
2018-09-20,8.474494934082031,8.481968204616287,8.205462896371298,8.354925456295174,11422078
2018-09-21,8.668795585632324,8.72858032379335,8.526806297982166,8.594064306585894,8334433
2018-09-24,8.623958587646484,8.706162442670378,8.564173836230843,8.691216611161694,8720353
2018-09-25,8.638904571533203,8.706161877995704,8.54922673753572,8.67626950422668,7792038
2018-09-26,8.519332885742188,8.683741269293716,8.392290141091955,8.683741269293716,7012699
2018-09-27,8.549226760864258,8.57164657577001,8.437130537097135,8.526807658648915,6186710
2018-09-28,8.638904571533203,8.691216047456395,8.48196943107322,8.571646552380294,8109093
2018-10-01,8.594066619873047,8.773420882633376,8.504389488492881,8.623958996999768,7811032
2018-10-02,8.68374252319336,8.698689065988216,8.481969184295512,8.556699760198631,7068919
2018-10-03,8.68374252319336,8.825731828982944,8.601538675892812,8.721108167490112,10085546
2018-10-04,8.22788143157959,8.855621805269287,8.22788143157959,8.706159268531591,11671806
2018-10-05,8.115784645080566,8.280193010228924,7.9513769926224125,8.265247183955548,13671009
2018-10-08,8.041056632995605,8.078422279539035,7.958852068061975,8.033583361148834,7709856
2018-10-09,7.966324329376221,8.115786183900191,7.906539587566632,8.108313625691748,11595341
2018-10-10,7.9588518142700195,8.05600220710883,7.891594507865064,7.981271629095412,9015594
2018-10-11,7.906540393829346,7.958851870074569,7.816863271970215,7.943906039443253,7829035
2018-10-12,7.951378345489502,8.041055456458253,7.757077582045379,7.996216544628715,12575976
2018-10-15,8.123259544372559,8.205463387094603,7.988743517472533,7.988743517472533,13353326
2018-10-16,8.220410346984863,8.332506566640323,8.13073322872242,8.145679058754302,13292427
2018-10-17,8.280195236206055,8.339979982751988,8.190518116387155,8.272721964715213,9194867
2018-10-18,8.041056632995605,8.287668902415637,8.011164258298948,8.287668902415637,7365121
2018-10-19,8.22788143157959,8.295139430573514,8.033580703972742,8.033580703972742,9606790
2018-10-22,8.085894584655762,8.41471140867878,7.996217463383231,8.32503428740625,9520671
2018-10-23,7.906540393829346,8.02610988964152,7.667401402204997,8.02610988964152,9629642
2018-10-24,8.250303268432617,8.272722371316634,7.876648227810324,7.921487146268788,15196882
2018-10-25,8.646376609802246,8.788365911172809,8.19051775910228,8.19051775910228,23778126
2018-10-26,8.758474349975586,8.975194244985243,8.691216328646652,8.698689600503297,12297140
2018-10-29,8.758474349975586,8.758474349975586,8.758474349975586,8.758474349975586,0
2018-10-30,8.564170837402344,9.132126489666142,8.250300646029729,8.818256298293527,19663345
2018-10-31,8.392291069030762,8.691215500603025,8.257775751879088,8.57911857150454,9531440
2018-11-01,8.90046215057373,8.915408692941519,8.369872012253438,8.489441500434287,9752814
2018-11-02,8.907934188842773,9.005084562716075,8.74352580900409,8.952772384359516,9459881
2018-11-05,8.94529914855957,9.02750297590009,8.68374041468213,8.907933513335621,6702365
2018-11-06,8.94529914855957,9.042449515065757,8.76594424202265,8.937825878976739,6730580
2018-11-07,8.758474349975586,8.9901400760081,8.721108703382797,8.878043848920164,7430912
2018-11-08,8.706160545349121,8.885515473199934,8.594064339046374,8.780891824677818,7578534
2018-11-09,8.706160545349121,8.915407842393353,8.646375806962284,8.706160545349121,5184335
2018-11-12,8.511862754821777,8.788367421217592,8.414712351057222,8.751001771663457,6920851
2018-11-13,8.549226760864258,8.623958051835945,8.422184706517042,8.541754201919415,5054486
2018-11-14,8.773420333862305,8.84067835636311,8.474496581292554,8.541754603793358,5016600
2018-11-15,8.803312301635742,8.91540923817854,8.765946656121475,8.863097049382404,4058525
2018-11-16,8.848149299621582,8.915407304420874,8.646375285223705,8.840676029601603,5852650
2018-11-19,9.005085945129395,9.057397418826266,8.758473693857892,8.780892795057925,3792996
2018-11-20,8.638904571533203,8.997613056761507,8.631431299918345,8.997613056761507,5385669
2018-11-21,8.780892372131348,8.825731285062153,8.55669923285801,8.661322887902992,6139436
2018-11-22,8.967719078063965,8.990138176205846,8.773418326993578,8.79583813782574,3987517
2018-11-23,9.162019729614258,9.19938536790504,8.937826612559844,9.034976987039766,8649794
2018-11-26,9.423579216003418,9.662718910087518,9.199386777291997,9.229279149966212,10895408
2018-11-27,9.52072811126709,9.595459387570143,9.304008265216561,9.40115863933442,7215569
2018-11-28,9.535676002502441,9.744922608028126,9.513256188821197,9.520729460048278,7183293
2018-11-29,9.62535285949707,9.75986888719427,9.550621574622994,9.655245230908632,5951916
2018-11-30,9.401158332824707,9.647770538818007,9.341373598807557,9.632824711658841,4408962
2018-12-03,9.59546184539795,9.677665700235183,9.453472526590375,9.528203822035461,9239943
2018-12-04,9.304009437561035,9.535675853139228,9.22180559342186,9.423578924559964,9455484
2018-12-05,9.36379337310791,9.47589029201492,9.251697166891198,9.266642995131289,8445104
2018-12-06,9.176968574523926,9.416108310595224,9.13960292394805,9.311484631520875,4394387
2018-12-07,9.229278564453125,9.304009135052501,9.18443965194123,9.221805293586087,6031898
2018-12-10,9.117180824279785,9.22927773919089,9.087288456174878,9.162019732782282,4749378
2018-12-11,9.079815864562988,9.289063169625862,9.079815864562988,9.11718150565924,4693953
2018-12-12,9.401158332824707,9.475889606691265,9.191911763764686,9.191911763764686,13595322
2018-12-13,9.326428413391113,9.662718481938194,9.21433219900232,9.490836812159646,10342811
2018-12-14,9.199387550354004,9.38621507344032,8.945302004926143,9.363795257532844,8999167
2018-12-17,9.190110206604004,9.251326534777796,9.060025326795646,9.2207183706909,5821401
2018-12-18,9.220718383789062,9.350803263782208,9.052373116193898,9.151849832056667,11062042
2018-12-19,9.327847480773926,9.457932373142723,9.258979652245973,9.258979652245973,6517927
2018-12-20,9.182456970214844,9.350802219000496,9.15950103212102,9.22836957615861,7413380
2018-12-21,9.167154312133789,9.281935484491926,9.021765702854323,9.174806536242249,5188168
2018-12-24,9.3814115524292,9.450280105075665,9.159502177099592,9.159502177099592,4945584
2018-12-25,9.473235130310059,9.519147007798832,9.320194322420585,9.335498038331465,1037776
2018-12-26,9.427321434020996,9.503842194004122,9.366105117936915,9.488537750105076,868217
2018-12-27,9.159502029418945,9.526799997936461,9.105937195026328,9.511496280792995,6291620
2018-12-28,9.182456970214844,9.274281452346258,9.067676549989605,9.19010919283149,3751383
2018-12-31,9.358455657958984,9.37376010637485,9.075329930071883,9.190111103922069,3467190
2019-01-01,9.358455657958984,9.358455657958984,9.358455657958984,9.358455657958984,0
2019-01-02,9.006462097167969,9.26663115230702,8.899333147576877,9.258979657859008,6644785
2019-01-03,9.113588333129883,9.144196493527852,8.868723049946121,8.952895308601512,6430901
2019-01-04,9.044720649719238,9.19776219601557,8.99880876963528,9.128893646133458,4532220
2019-01-07,9.45028018951416,9.46558390704111,8.952896599154554,9.052373317226476,6879416
2019-01-08,9.702797889709473,9.78697016186952,9.358455117790584,9.565060780941916,8011617
2019-01-09,9.702797889709473,9.83288277471078,9.572713004708165,9.733406055018238,9140610
2019-01-10,9.61862564086914,9.764014984785986,9.549757081093402,9.7334068170808,6000751
2019-01-11,9.748710632324219,9.779318800331662,9.61097424116887,9.626277960294447,6484716
2019-01-14,9.802273750305176,9.848185629366373,9.695144816235445,9.718100755766043,5364568
2019-01-15,10.207831382751465,10.230787320697093,9.917053493001092,9.917053493001092,8275400
2019-01-16,10.475652694702148,10.552173461519093,10.001225837802991,10.253743346640347,10317061
2019-01-17,10.582782745361328,10.79703989352762,10.345569656616266,10.414437478352573,12269424
2019-01-18,10.888863563537598,10.98068877843266,10.575129723540574,10.666954208679497,9865924
2019-01-21,10.81234359741211,11.110773723453276,10.774083212572554,10.896515860254219,10204967
2019-01-22,11.064862251281738,11.080165968934494,10.797040259674407,10.850605095849605,9519922
2019-01-23,11.095470428466797,11.424508750557113,10.95773332066039,11.110774875892494,12242647
2019-01-24,11.026599884033203,11.248509223353043,10.919471690417058,11.103120647835667,8801730
2019-01-25,11.064862251281738,11.256163465356625,10.96538553239205,11.072514474986225,10016680
2019-01-28,10.942429542541504,11.087818143501368,10.88886470660369,11.049557754904704,3733522
2019-01-29,11.286771774291992,11.31737993974389,10.896517117463114,10.934777506717044,10049139
2019-01-30,11.202597618103027,11.439810678030534,11.087816469640853,11.33268248183983,6910904
2019-01-31,11.14903450012207,11.439812432496161,10.85825656774798,11.33268421987575,9364929
2019-02-01,11.080166816711426,11.233208383485982,10.988342314500457,11.118427208405064,5756851
2019-02-04,11.202597618103027,11.202597618103027,10.980688273450147,11.126076852461576,3088936
2019-02-05,11.026599884033203,11.225553286114739,10.97303578722513,11.171989189306666,3605015
2019-02-06,11.041905403137207,11.156685830253613,10.911820529868661,11.049556896457117,3377459
2019-02-07,11.011297225952148,11.095469490408547,10.858255683658829,11.064861327901115,3805269
2019-02-08,11.095470428466797,11.210250865134656,10.95773332066039,11.04955781594592,4233564
2019-02-11,11.569896697998047,11.669373411370636,11.171990574263866,11.210250231151942,10568772
2019-02-12,11.5239839553833,11.776501466678502,11.493375794309825,11.562243609408053,10910400
2019-02-13,11.462767601013184,11.64641730838562,11.35563939561511,11.577548759340477,7571347
2019-02-14,11.309727668762207,11.546941497342031,11.286771727208103,11.546941497342031,4773424
2019-02-15,11.401551246643066,11.455116078964386,11.133730004061132,11.279118595204906,6800277
2019-02-18,11.393899917602539,11.592852614181362,11.332683591000412,11.47807218424142,4051507
2019-02-19,11.432159423828125,11.478072033053051,11.248510446440756,11.40155126093023,3038292
2019-02-20,11.424506187438965,11.539286598355535,11.302073554526341,11.516330662123432,4577564
2019-02-21,10.666954040527344,11.416855085308107,10.643998102043522,11.409202862561457,16365568
2019-02-22,10.60573959350586,10.72817298983408,10.506262869477075,10.705216317534644,8912793
2019-02-25,10.896515846252441,10.934776231042834,10.659302774113064,10.659302774113064,11995488
2019-02-26,10.789387702941895,10.904168128178155,10.697562487045513,10.904168128178155,6886683
2019-02-27,10.81999683380127,10.950081716586656,10.812344610165374,10.827648327680954,5663577
2019-02-28,10.973038673400879,11.064863176262259,10.80469338661021,10.80469338661021,8716882
2019-03-01,10.682259559631348,10.95773303839181,10.621043231017913,10.94242932111655,3755796
2019-03-04,10.728172302246094,10.804692349071134,10.65930374927421,10.697563407808627,4163152
2019-03-05,10.850605010986328,10.965385446631068,10.621043409940635,10.674607515940686,5885175
2019-03-06,10.621044158935547,10.927125828743842,10.613391934751274,10.865909494782183,5773191
2019-03-07,10.643999099731445,10.75878026242153,10.536870890261469,10.621043159095906,4532923
2019-03-08,10.827648162841797,10.827648162841797,10.598087295309423,10.63634695339402,4207012
2019-03-11,10.973038673400879,10.980690897745063,10.735824827025105,10.827649329886485,3394364
2019-03-12,11.003645896911621,11.087818168206859,10.904169178241132,11.011298120599246,3105374
2019-03-13,11.049555778503418,11.057208000805263,10.904167203548777,10.965383522451372,3973150
2019-03-14,10.965385437011719,11.087818096193695,10.934777272216225,10.950081719492077,3223615
2019-03-15,10.613390922546387,10.942429233526939,10.498610489754014,10.90416884601075,17966189
2019-03-18,10.29200553894043,10.5598275401152,10.246093654585822,10.5598275401152,7649042
2019-03-19,10.223135948181152,10.307308943907607,10.177224068472333,10.207832231530269,10398478
2019-03-20,9.978271484375,10.238441257164538,9.955315542586579,10.215485315376117,9387084
2019-03-21,10.19252872467041,10.284353222308603,9.924707455664743,9.962967845453049,11385489
2019-03-22,10.13896369934082,10.284352291672613,10.07774737312152,10.253744128562964,7939099
2019-03-25,9.993576049804688,10.062443875981273,9.817578548003437,10.04714015786078,10030349
2019-03-26,9.92470645904541,10.054791333409044,9.710448589648742,9.94766239871071,12731203
2019-03-27,8.730987548828125,9.878794866828448,8.646815274887015,9.878794866828448,21609259
2019-03-28,9.412020683288574,9.618625632683688,8.99115783038321,9.182459060816896,17928635
2019-03-29,9.327847480773926,9.549756874269592,9.258979652245973,9.350804153372842,9151410
2019-04-01,9.151849746704102,9.373759117018789,8.952896316834055,9.281934625484041,7583454
2019-04-02,9.312542915344238,9.434975572380633,9.067677601271448,9.090633542026723,9016213
2019-04-03,9.28958797454834,9.404368420436226,9.24367535833942,9.24367535833942,5261472
2019-04-04,9.733405113220215,9.756361052541532,9.289586394308623,9.343150495977078,11220144
2019-04-05,9.71044921875,10.001227149121394,9.65688511280871,9.978271207968872,7630134
2019-04-08,9.526801109313965,9.794623123252045,9.457932549743813,9.771667179980755,4485376
2019-04-09,9.56506061553955,9.687493274657463,9.542104674393995,9.664537333511907,4969676
2019-04-10,9.58801555633545,9.649231879507502,9.488538848741829,9.59566777917099,4420027
2019-04-11,9.56506061553955,9.656885109877985,9.480888344835039,9.649232886244063,6205649
2019-04-12,9.496191024780273,9.565059570448483,9.213065349065735,9.373758379039513,6187536
2019-04-15,9.664536476135254,9.83288173236596,9.465583057840432,9.542103827878792,10352122
2019-04-16,9.794621467590332,9.878793731860952,9.603320269902069,9.603320269902069,9108278
2019-04-17,10.001228332519531,10.062444669340506,9.855839715008791,9.878795658877582,11097676
2019-04-18,9.802273750305176,9.985922726062292,9.756361141487815,9.985922726062292,4574437
2019-04-19,9.779317855834961,9.855838633341257,9.748709690783686,9.825230468289982,764786
2019-04-22,9.771666526794434,9.779318020869214,9.603321251293345,9.756362079132412,981983
2019-04-23,9.771666526794434,9.771666526794434,9.771666526794434,9.771666526794434,0
2019-04-24,9.641580581665039,9.764013230488342,9.60332019646872,9.733405068282517,5448304
2019-04-25,9.519148826599121,9.702798560912125,9.473236940338076,9.641582226059882,5529106
2019-04-26,9.58801555633545,9.656884102343042,9.49619107157737,9.649231879507502,6696879
2019-04-29,9.641580581665039,9.70279690607669,9.549755365291412,9.60332019646872,4702514
2019-04-30,9.549756050109863,9.695145378330599,9.526800109248349,9.68749315479136,9381219
2019-05-01,9.549756050109863,9.549756050109863,9.549756050109863,9.549756050109863,0
2019-05-02,9.312542915344238,9.733405721223995,9.25132658682604,9.718101274216346,8471703
2019-05-03,9.327847480773926,9.366107872015855,9.220719261004044,9.343151929173203,7106534
2019-05-06,9.182456970214844,9.289585897579553,9.060024327372957,9.243673291635787,5209000
2019-05-07,8.884029388427734,9.128895473668477,8.70038037181442,8.998810571128297,13250316
2019-05-08,8.906983375549316,9.006460078641426,8.792202227478683,8.937591535750265,6824238
2019-05-09,8.723335266113281,8.96820132187077,8.669771158489565,8.922288708367418,5242467
2019-05-10,8.92228889465332,8.975853003395386,8.723335448245292,8.807508453132824,8101459
2019-05-13,8.708029747009277,8.998807626371452,8.463164471654217,8.991155404077587,7637868
2019-05-14,8.654467582702637,8.876376970476743,8.593250520440172,8.769248023712736,10279453
2019-05-15,8.677423477172852,8.723335361421586,8.455514090620646,8.662119029252445,7521991
2019-05-16,8.662117958068848,8.799855053294557,8.516729369585384,8.669770181082754,9121345
2019-05-17,8.646814346313477,8.730986611215405,8.516729472529304,8.562641351655389,5647081
2019-05-20,8.577946662902832,8.669771160171113,8.516730331390646,8.669771160171113,5226480
2019-05-21,8.70037841796875,8.73098658053062,8.501424996438505,8.600901707203628,7047487
2019-05-22,8.738637924194336,8.884026499292958,8.623857508577323,8.64681344574951,10489279
2019-05-23,8.75394344329834,8.838116446538399,8.67742339370111,8.730987501394795,4098803
2019-05-24,8.723335266113281,8.845768658870144,8.692727100363125,8.82281198724035,5744051
2019-05-27,8.608553886413574,8.753942475402518,8.600901663373062,8.730986536037138,3469810
2019-05-28,8.708029747009277,8.799854225267424,8.631508983582778,8.646813428170512,3839263
2019-05-29,8.807506561279297,8.868722880908456,8.654465762206401,8.669769477235644,5695909
2019-05-30,8.929940223693848,9.03706916019732,8.8763761203202,8.884027613833451,7735946
2019-05-31,8.87637710571289,8.968201605871212,8.769248157316719,8.945244933514438,11014072
2019-06-03,9.220718383789062,9.220718383789062,8.838115967281269,8.838115967281269,5957024
2019-06-04,9.220718383789062,9.220718383789062,9.220718383789062,9.220718383789062,0
2019-06-05,9.220718383789062,9.220718383789062,9.220718383789062,9.220718383789062,0
2019-06-06,9.220718383789062,9.220718383789062,9.220718383789062,9.220718383789062,0
2019-06-07,9.802273750305176,9.871141568896974,9.136544936112351,9.220717930651482,11237884
2019-06-10,9.695144653320312,9.840533240912578,9.542103842761048,9.832881747701725,6897196
2019-06-11,9.465584754943848,9.725754544013258,9.40436841984002,9.725754544013258,6129630
2019-06-12,9.526801109313965,9.572713725612825,9.38141249558742,9.45028105515757,5613974
2019-06-13,9.28958797454834,9.649233760867062,9.281935750220807,9.511497371752855,6982654
2019-06-14,9.480888366699219,9.480888366699219,9.16715376479079,9.297238647842619,7099953
2019-06-17,9.488539695739746,9.52680008357664,9.366107038466644,9.412019649822158,5893519
2019-06-18,9.747102737426758,9.754826450516532,9.49222609805479,9.569461755804886,8565823
2019-06-19,9.631248474121094,9.739377494093494,9.554012828506204,9.73165451879097,6468669
2019-06-20,9.631248474121094,9.86295467439206,9.623524762244864,9.73165451879097,6838679
2019-06-21,9.677590370178223,9.693037795683233,9.469055281877113,9.654419968494498,3947224
2019-06-24,9.971085548400879,10.032873781752293,9.693038498319517,9.770273421721864,11214216
2019-06-25,9.870678901672363,9.940190844227784,9.78572026997896,9.940190844227784,6834736
2019-06-26,9.739378929138184,9.893850243128476,9.731655952697722,9.870679104085644,4696504
2019-06-27,9.801166534423828,9.886125899009667,9.654419679389564,9.739378307401637,5036996
2019-06-28,9.855232238769531,9.89385006657799,9.723932066165053,9.84750852589308,6163002
2019-07-01,10.372708320617676,10.403602432881947,9.940190012344154,10.040596061346466,11912541
2019-07-02,10.225961685180664,10.41905008891855,10.179620880764903,10.41132637599132,7680001
2019-07-03,10.179622650146484,10.38815777941177,10.133281101102014,10.225963462617022,7961141
2019-07-04,10.218236923217773,10.310919995681779,10.13327829946179,10.287748859278912,2908033
2019-07-05,9.924744606018066,10.241409481759195,9.909297179604435,10.210515365505763,5064373
2019-07-08,9.754826545715332,9.832061467645353,9.700762026706935,9.80889106472373,5867507
2019-07-09,9.855232238769531,10.009702813429564,9.716208353288602,9.723932066165053,7628934
2019-07-10,10.0946626663208,10.13328049880017,9.808891884491684,9.917021668119142,5448893
2019-07-11,10.35726261138916,10.488562794399407,10.156450480129505,10.195068310998495,7518435
2019-07-12,10.27230453491211,10.473116677161673,10.23368670192967,10.473116677161673,5625662
2019-07-15,10.27230453491211,10.27230453491211,10.27230453491211,10.27230453491211,0
2019-07-16,10.27230453491211,10.38043358337426,10.156451035964793,10.310922367894548,6088374
2019-07-17,10.287750244140625,10.380432592507118,10.233685725070293,10.280027267540454,5072988
2019-07-18,10.310920715332031,10.38043191967097,10.15644940815986,10.25685546319226,7066785
2019-07-19,10.264578819274902,10.388155271460578,10.256855106869859,10.35726115841416,5741316
2019-07-22,10.210515022277832,10.334091483137517,10.187343883436286,10.241409137492754,4071605
2019-07-23,10.372708320617676,10.50400848188426,10.20279033487732,10.210514047086823,7378490
2019-07-24,10.465391159057617,10.480837847643304,10.280026476586741,10.388155506407866,4683247
2019-07-25,10.233684539794922,10.612137602602091,10.225960827515491,10.480837440146749,6559396
2019-07-26,10.27230453491211,10.388157297285527,10.187345155035963,10.241410415840939,4633249
2019-07-29,10.465391159057617,10.689373667853369,10.27230276400701,10.303196877752157,11640257
2019-07-30,10.449942588806152,10.596690165445505,10.388154368086537,10.527178232992515,6102228
2019-07-31,10.110109329223633,10.465392035327612,10.079215212891715,10.465392035327612,7604674
2019-08-01,9.955639839172363,10.102386723695906,9.793445526502175,10.079216318049856,6191086
2019-08-02,9.49994945526123,9.932467060052264,9.453607915032437,9.901572945424334,7764880
2019-08-05,9.360925674438477,9.592631904991537,9.30686115738649,9.430437617261775,4556354
2019-08-06,9.608078002929688,9.662143253228423,9.384095499045658,9.384095499045658,5744084
2019-08-07,9.275967597961426,9.600356192848794,9.268243884613192,9.59263247950056,5044357
2019-08-08,9.577183723449707,9.584907435725857,9.206454373079458,9.368648648009879,7801166
2019-08-09,9.52311897277832,9.623525020138906,9.438160349584159,9.561736796620657,5357857
2019-08-12,9.52311897277832,9.52311897277832,9.52311897277832,9.52311897277832,0
2019-08-13,9.52311897277832,9.52311897277832,9.52311897277832,9.52311897277832,0
2019-08-14,9.52311897277832,9.52311897277832,9.52311897277832,9.52311897277832,0
2019-08-15,9.353200912475586,9.708483563054585,9.306860113506948,9.461330671025271,8466162
2019-08-16,9.631248474121094,9.693036695983524,9.345477763863927,9.399542273850127,6912252
2019-08-19,9.68531322479248,9.793442984025669,9.546289353860342,9.770271847821164,5043204
2019-08-20,9.49994945526123,9.685314143028817,9.469055340633298,9.685314143028817,5757587
2019-08-21,9.260519027709961,9.515395644136932,9.245072339494806,9.492225243527322,6457719
2019-08-22,9.677590370178223,9.716208197366958,9.322307685874675,9.33003139862718,8829053
2019-08-23,9.762550354003906,9.824338586779502,9.492226283180301,9.700762121228312,6692725
2019-08-26,9.5540132522583,9.638971876943913,9.515395427738028,9.608077764642442,7691739
2019-08-27,9.33003044128418,9.538566244761476,9.237348107485507,9.538566244761476,16476108
2019-08-28,9.507673263549805,9.56173778054822,9.330031550224751,9.42271389503938,15757952
2019-08-29,9.947914123535156,9.986531949557776,9.530843222953154,9.623525563463179,9681180
2019-08-30,9.947914123535156,9.947914123535156,9.947914123535156,9.947914123535156,0
2019-09-02,10.048321723937988,10.218239006085598,9.955639369155506,9.97108605999898,6074276
2019-09-03,10.148725509643555,10.249131555550058,9.96336010519955,10.00970164045398,6273267
2019-09-04,10.280025482177734,10.310919592934427,10.125554191820573,10.202789836999154,5292804
2019-09-05,10.233684539794922,10.388155102514814,10.195066714971512,10.349537277691404,4607007
2019-09-06,10.009703636169434,10.26458028945133,9.97880951869811,10.256856575940033,4769060
2019-09-09,10.110109329223633,10.187344251766511,10.079215212891715,10.141003445555551,6085545
2019-09-10,10.171895980834961,10.24140791592076,10.048319534715196,10.12555444525319,5690184
2019-09-11,10.295475006103516,10.419051483180777,10.195068934334765,10.318645411412026,8415899
2019-09-12,10.225961685180664,10.388155973783439,10.156449741983216,10.38043226085621,9407860
2019-09-13,10.434497833251953,10.457668236167034,10.241409423620675,10.287750229450838,7437250
2019-09-16,10.218236923217773,10.465390555498901,10.18734281125435,10.349537083205762,6215118
2019-09-17,10.025148391723633,10.225960484816621,10.001977992235586,10.225960484816621,5278964
2019-09-18,9.870678901672363,10.086938442194516,9.808890671972833,10.032873188777078,6361411
2019-09-19,9.808890342712402,9.986532049565902,9.731655426467476,9.924743821940453,5255224
2019-09-20,9.785720825195312,9.878403175003163,9.700762188681576,9.855232771694661,6439554
2019-09-23,9.90157413482666,9.932468253165672,9.73937982940338,9.793445088927061,5097451
2019-09-24,9.963361740112305,10.141003461734623,9.963361740112305,10.001979569732272,6607947
2019-09-25,10.18734359741211,10.195067310142438,9.978808509709763,10.00197891132696,6833385
2019-09-26,9.924744606018066,10.280027311219442,9.909297179604435,10.272303598012627,5952777
2019-09-27,10.032873153686523,10.086938406914864,9.893850005635722,9.924744120377433,8392359
2019-09-30,10.08693790435791,10.225961045482224,10.063766767025726,10.079214191913849,7415016
2019-10-01,9.832060813903809,10.156449379533,9.801166699871208,10.086938175389985,9654651
2019-10-02,10.017426490783691,10.071491007579537,9.762549859354992,9.808890663301774,11251530
2019-10-03,9.878402709960938,10.195067574373695,9.816614479664489,10.04059699863257,7803427
2019-10-04,10.079215049743652,10.148726994508767,9.924744470584411,9.963361562943854,8259986
2019-10-07,10.017426490783691,10.22596158169181,9.97108495026311,10.086938433277664,8308381
2019-10-08,10.11783218383789,10.187343387255522,9.924743789005671,9.955637902715875,11303883
2019-10-09,10.079215049743652,10.233685628902894,10.017426818079956,10.141003281407349,5870897
2019-10-10,9.623525619506836,10.171896689814984,9.59263150582358,10.071490636200954,10376655
2019-10-11,9.801166534423828,9.847508072977355,9.608078140836037,9.693037505421875,9251126
2019-10-14,9.422713279724121,9.762549258426498,9.245072314573052,9.685313607837662,12838701
2019-10-15,9.422713279724121,9.57718384432804,9.360925053882553,9.391819166803337,7507180
2019-10-16,9.30686092376709,9.399543266347056,9.229625269996895,9.360925439461958,7988441
2019-10-17,9.183284759521484,9.35320202471047,9.005643044820882,9.291413794355602,12102733
2019-10-18,9.577183723449707,9.63124897280901,9.46905469787859,9.569460747747302,8966362
2019-10-21,9.49994945526123,9.615802200972523,9.422713800404505,9.592631799145023,3847657
2019-10-22,9.530844688415527,9.600356638629643,9.469056451908285,9.469056451908285,5402215
2019-10-23,9.793445587158203,9.808892278826601,9.592633439451584,9.592633439451584,5398346
2019-10-24,9.917021751403809,10.071492346044668,9.83978608579643,9.847509799671947,8875926
2019-10-25,9.940191268920898,9.98653281146238,9.855232633597652,9.870679323395592,4325461
2019-10-28,9.986532211303711,10.079214554242933,9.886126155642776,9.886126155642776,3080650
2019-10-30,9.932467460632324,9.97880900273009,9.87067922888452,9.947914886856188,6201224
2019-10-31,10.059890747070312,10.11595677085484,9.923729748871644,10.01183360965337,6564798
2019-11-01,9.92372989654541,10.091928734244224,9.819606733794497,10.04387159611215,5256627
2019-11-04,9.851644515991211,10.075909377050522,9.843634865707092,9.97979586516796,8242877
2019-11-05,10.180032730102539,10.252118056326703,9.875672888179578,9.875672888179578,9815715
2019-11-06,10.292165756225586,10.388279271886114,10.156004751412592,10.244108616474161,7812133
2019-11-07,10.540458679199219,10.556477980192183,10.332212349344568,10.332212349344568,6471891
2019-11-08,10.556478500366211,10.73268623691763,10.5084213588616,10.57249703830618,6113415
2019-11-11,10.628561973571777,10.67661834283714,10.444343854475306,10.516429172215568,4078480
2019-11-12,10.732684135437012,10.788750916854795,10.612542450962989,10.612542450962989,6062354
2019-11-13,10.532448768615723,10.692638719220398,10.50842058156194,10.660600881867921,5868193
2019-11-14,10.444344520568848,10.636571537574111,10.388278498236211,10.428325984406207,6186545
2019-11-15,10.540458679199219,10.604534355486447,10.484392653408472,10.500411190559122,4950952
2019-11-18,10.724676132202148,10.788751804371655,10.516429815730124,10.56448618793612,6188191
2019-11-19,10.804769515991211,10.852826648372279,10.64458034779133,10.75671314745235,5972222
2019-11-20,10.724676132202148,10.844817826559407,10.644581160069135,10.7807421543899,5434293
2019-11-21,10.59652328491211,10.72467538415476,10.55647656548113,10.70064643588552,5047252
2019-11-22,10.484392166137695,10.668609535941245,10.468372865889242,10.59652421250776,3822623
2019-11-25,10.524438858032227,10.72467551296086,10.460363189562441,10.524438858032227,6339761
2019-11-26,10.548466682434082,10.612542348715175,10.436333884521071,10.548466682434082,7341272
2019-11-27,10.676620483398438,10.700648672848544,10.548469121208045,10.580506961755644,6009122
2019-11-28,10.98898983001709,11.045055859139277,10.708658156721441,10.724677458666271,13087603
2019-11-29,10.868844985961914,11.085100931987572,10.764721837561655,11.013015616645687,10946989
2019-12-02,10.764721870422363,10.948939983952,10.748703335765375,10.876854668390063,8441504
2019-12-03,10.6846284866333,10.852827314527913,10.644581001164632,10.764722693728388,9353667
2019-12-04,10.82079029083252,10.836808827916547,10.62055361230716,10.676619637864722,10737020
2019-12-05,11.085101127624512,11.173204979129402,10.844816993524933,10.852826642891435,14155934
2019-12-06,11.061073303222656,11.165195693005806,10.892874480265075,11.10912967330069,5805903
2019-12-09,10.860835075378418,11.069080588679562,10.796758651467929,11.069080588679562,7471321
2019-12-10,10.6846284866333,10.940931171485184,10.636571351302447,10.860836964390097,6268484
2019-12-11,10.764721870422363,10.82078865132731,10.676618020203438,10.676618020203438,6304808
2019-12-12,10.884865760803223,10.93292213498791,10.796761135060803,10.836808622776239,9598179
2019-12-13,10.956951141357422,11.133158866049163,10.89287546622546,10.940931840653281,10286419
2019-12-16,11.06908130645752,11.14116661966936,10.956949275987697,11.021024940211072,5381727
2019-12-17,11.005006790161133,11.125149245993592,10.98097860453154,11.093111410540052,4061508
2019-12-18,10.964959144592285,11.0931112483753,10.876855289343561,10.908893124328754,5197719
2019-12-19,11.109128952026367,11.157186082826462,10.964958323468267,10.980977621682358,7335087
2019-12-20,10.92491340637207,11.165196808451938,10.916903755944793,11.117140433572887,8786128
2019-12-23,10.964959144592285,10.988988093712859,10.900883474621898,10.916902774035613,5552984
2019-12-24,11.053064346313477,11.125149669790492,11.005007209381374,11.013016859510438,6177054
2019-12-25,11.093111038208008,11.125148872586221,11.06908208954268,11.0851013886529,2019468
2019-12-26,11.16519546508789,11.27732826605136,11.07709161251516,11.07709161251516,7784066
2019-12-27,11.133157730102539,11.253300181598226,11.117139194875115,11.173205213934436,5066673
2019-12-30,11.11713981628418,11.229272624512872,11.09311163017884,11.205243674565269,6436746
2019-12-31,11.037043571472168,11.165194901046656,10.972967906684923,11.157186015829883,8410643
2020-01-02,11.245290756225586,11.253300405920074,11.013016261981129,11.085101581547036,11656795
2020-01-03,11.101119995117188,11.245290632664888,11.029035440185567,11.181214963497517,10503970
2020-01-06,10.964959144592285,11.037044464269531,10.82879891878689,10.972968794299144,5059795
2020-01-07,11.133157730102539,11.149177029172186,11.013016042449074,11.029035341518721,4099246
2020-01-08,11.093111038208008,11.149177057409325,11.021025719896473,11.053063554274686,5648606
2020-01-09,11.77391529083252,11.813962775041785,11.301356657616092,11.301356657616092,14717875
2020-01-10,11.557660102844238,11.757896760127931,11.477565134393869,11.757896760127931,9816172
2020-01-13,11.597707748413086,11.757897698092682,11.573679561498063,11.653774536337862,12495444
2020-01-14,11.765905380249023,11.813962513002659,11.565668727486267,11.645763694128254,11201662
2020-01-15,11.621736526489258,11.797944246370974,11.549651202972974,11.765906409679546,8634762
2020-01-16,11.613727569580078,11.725860386614434,11.573680080364786,11.629746870803126,12376290
2020-01-17,11.485575675964355,11.669793048327199,11.461547489100134,11.669793048327199,7661005
2020-01-20,11.613727569580078,11.693822548010663,11.501594752545724,11.501594752545724,7169648
2020-01-21,11.934104919433594,11.974152405171745,11.525622703662775,11.549650889568762,10517006
2020-01-22,11.797944068908691,12.078275708623707,11.725859510318967,11.918086527576097,11144545
2020-01-23,11.765905380249023,11.934104199123428,11.7178490113376,11.73386754636067,10227633
2020-01-24,11.557660102844238,11.918085933186438,11.477565134393869,11.894057748188219,10381842
2020-01-27,11.277329444885254,11.485575769653291,11.221263420463972,11.485575769653291,7788866
2020-01-28,11.181215286254883,11.3894615989812,11.109129965400216,11.341404463797339,10458283
2020-01-29,11.389461517333984,11.501593558888741,11.229272340939872,11.24529087665816,16084062
2020-01-30,11.349414825439453,11.477566175510722,11.165196686830281,11.37344301261724,11438589
2020-01-31,11.333395004272461,11.461547112300634,11.245291146105215,11.413489976309787,8510005
2020-02-03,11.389461517333984,11.429509002393074,11.253300526438426,11.277328711936983,8411562
2020-02-04,11.637755393981934,11.6537746947045,11.421500181123385,11.453538018726219,10009223
2020-02-05,11.58168888092041,11.685812039700963,11.525622858439448,11.621736367196357,9162323
2020-02-06,11.541640281677246,11.685810912831283,11.517612097765637,11.637753781165873,7290081
2020-02-07,11.501593589782715,11.621736045282693,11.461546868458301,11.517612889386276,5898894
2020-02-10,11.269318580627441,11.469555233524687,11.17320507889783,11.453536698490858,8869841
2020-02-11,11.47756576538086,11.533631788073047,11.285338747142838,11.413490092634852,9764713
2020-02-12,11.749887466430664,11.894058108471514,11.469555832205069,11.50159366778723,17236889
2020-02-13,11.741877555847168,11.789934690074432,11.5896980311716,11.725859020332905,7837033
2020-02-14,11.58168888092041,11.789935198481514,11.517613208415804,11.733868412158284,8038500
2020-02-17,11.661783218383789,11.73386777314412,11.589697899781232,11.589697899781232,4802525
2020-02-18,11.701830863952637,11.749888001435176,11.573679515788912,11.64576484009158,8858461
2020-02-19,11.797944068908691,11.99818073617877,11.693821674109445,11.741878046502595,19217083
2020-02-20,11.661783218383789,11.886048059936682,11.517612581178675,11.82197239092157,16313310
2020-02-21,11.60571575164795,11.693820364236876,11.453536237659536,11.629744698995209,13090210
2020-02-24,11.325387001037598,11.501594731108748,11.101121367386881,11.493585844354476,14022666
2020-02-25,11.677803039550781,11.717850528055383,11.34941500872921,11.413490684799648,18969228
2020-02-26,11.47756576538086,11.66979278361888,11.37344260620803,11.62173641098051,15531503
2020-02-27,11.317376136779785,11.49358461179688,11.213252981717059,11.397470342629562,14214639
2020-02-28,10.892874717712402,10.892874717712402,10.492401393735362,10.836807932942888,15792316
2020-03-02,11.125149726867676,11.49358523242978,11.061074053190985,11.125149726867676,10592862
2020-03-03,11.325387001037598,11.453538355213825,11.141168856527532,11.285339511896947,12773506
2020-03-04,11.75789737701416,12.182398898851531,11.285338718816773,11.333395091334522,22305094
2020-03-05,11.9901704788208,12.262492437380326,11.926094813729405,11.974151180626862,14710747
2020-03-06,11.661783218383789,12.214436054599688,11.581688250193785,11.926095544031684,13572051
2020-03-09,11.013016700744629,11.509603543953498,10.812780033458363,11.141168045593076,8799093
2020-03-10,10.708657264709473,11.421500101186325,10.412307077996793,11.301357638134832,8023248
2020-03-11,10.708657264709473,10.708657264709473,10.708657264709473,10.708657264709473,0
2020-03-12,10.540458679199219,11.093112341979458,10.308184161697435,10.692638983263121,8892181
2020-03-13,10.332212448120117,10.844818627160757,10.099937928397798,10.572496618415489,12985004
2020-03-16,9.803586959838867,10.268135962704802,9.395103978885016,10.212069940792718,7749071
2020-03-17,10.067899703979492,10.284155678107517,9.355057634836646,10.252117840885843,12045750
2020-03-18,9.955767631530762,10.25211781607463,9.819606632707593,10.035861842469966,7329796
2020-03-19,9.651407241821289,10.107946585836594,9.627379056305285,9.70747326263938,7779641
2020-03-20,10.147994995117188,10.396288050360207,9.779559473668112,9.851644800623284,10033939
2020-03-23,10.87685489654541,11.06908189951464,9.995813320506459,10.075908286998077,10982765
2020-03-24,10.7567138671875,11.173205732374795,10.604533574333527,10.892874860228526,13802087
2020-03-25,10.548466682434082,10.740693681277362,10.292164017309709,10.724675146628186,23194401
2020-03-26,10.708657264709473,10.796761126540066,10.492402053364454,10.492402053364454,9185449
2020-03-27,10.067899703979492,10.860837511939962,10.035861866757816,10.836808561141988,10839187
2020-03-30,9.947757720947266,10.15600403885543,9.843634561993184,9.931738420873282,9751715
2020-03-31,9.835623741149902,10.083917515844531,9.779557725249449,10.011832201776988,14837107
2020-04-01,9.76353931427002,9.84363428469913,9.683445107683157,9.827615748918657,10295882
2020-04-02,9.9797945022583,10.07590800101494,9.771548206364491,9.867661705121128,11053767
2020-04-03,9.987804412841797,10.244107082900591,9.955766579084447,10.043870430956606,11533733
2020-04-06,10.164012908935547,10.188041859008425,10.075909050195133,10.139984722704938,7327380
2020-04-07,10.172021865844727,10.372258519754435,10.123965496658037,10.252116832945497,15311537
2020-04-08,10.484392166137695,10.508420352668098,10.131975199094493,10.131975199094493,14929230
2020-04-09,10.564486503601074,10.764723176074382,10.468372992474961,10.652591128348393,13198096
2020-04-10,10.460362434387207,10.63657012803687,10.444343136505147,10.54045663227101,5859606
2020-04-13,10.45235538482666,10.620554235206578,10.252118694557346,10.412307894004327,6906395
2020-04-14,10.58050537109375,10.64458104255588,10.444344378276165,10.548467535362686,9804723
2020-04-15,10.404296875,10.684628510052894,10.348230853526323,10.644581024496444,11100652
2020-04-16,10.420316696166992,10.540458395005688,10.348231371326857,10.532448744725164,8406736
2020-04-17,10.6846284866333,10.748704157846271,10.500410359014321,10.532448194620805,13887080
2020-04-20,10.70064640045166,10.812779200476838,10.63657073296362,10.66860856670764,12587185
2020-04-21,10.58050537109375,10.628562506611475,10.476382214007229,10.57249572120042,10439888
2020-04-22,10.884865760803223,10.916903598207112,10.596524460325917,10.628563061572102,19139798
2020-04-24,10.90088176727295,11.013014554079465,10.812777925823475,10.90088176727295,23169111
2020-04-27,11.109128952026367,11.18121426630542,10.980977621682358,11.013015454268361,14706245
2020-04-28,11.157187461853027,11.325386294679435,11.021026465572495,11.101120675016043,18459004
2020-04-29,11.11713981628418,11.245291160635677,11.037044844143361,11.213253324547804,17428315
2020-04-30,11.125149726867676,11.165196450033894,10.804770594641948,11.165196450033894,12601689
2020-05-04,10.812779426574707,11.037044267472286,10.740694108182787,11.02903538175047,9272214
2020-05-05,10.7567138671875,10.900883746292742,10.652590709930111,10.876855560415578,8355412
2020-05-06,10.668608665466309,10.7567132819596,10.620552296326526,10.740693983018197,6325773
2020-05-07,10.588515281677246,10.692638441327288,10.548467795066879,10.620553118197083,5916641
2020-05-08,10.676620483398438,10.772734005041231,10.540459470110553,10.588516612853136,11036078
2020-05-11,10.708657264709473,10.876856101907727,10.708657264709473,10.75671440269853,7041134
2020-05-12,10.884865760803223,10.948941435611003,10.620553411260556,10.620553411260556,8916444
2020-05-13,10.98898983001709,11.05306551011169,10.860838469827888,10.94093268802496,6834497
2020-05-14,10.69263744354248,10.916902278254046,10.644580311326044,10.868845146037609,8135401
2020-05-15,10.716665267944336,10.908892262672136,10.708655618870132,10.852826246837072,5024326
2020-05-18,10.972968101501465,10.98097775070262,10.716665437802034,10.732683972362153,13616627
2020-05-20,11.125149726867676,11.173206100204052,11.029036216352642,11.13315861319555,15517842
2020-05-21,11.237282752990723,11.437519441637667,11.133159583233228,11.133159583233228,14544410
2020-05-22,11.35742473602295,11.53363246448741,11.189225894239735,11.253301570743597,13211017
2020-05-27,11.141168594360352,11.493585573894432,11.117140406978306,11.445528435288038,14008865
2020-05-28,11.11713981628418,11.205243674565269,11.02903595800309,11.165196188494859,8703837
2020-05-29,11.021024703979492,11.197232394895744,11.021024703979492,11.133156732045807,6355939
2020-06-01,11.253300666809082,11.3814520095229,11.221262831130629,11.293348152367713,9549547
2020-06-02,11.205243110656738,11.333394448558968,11.125148906388958,11.285338078766745,10271045
2020-06-03,11.29334831237793,11.29334831237793,11.181215503993455,11.245291176258222,8203687
2020-06-04,11.35742473602295,11.421500412526811,11.253301570743597,11.29334905951909,18231212
2020-06-05,11.685811996459961,11.733868368739458,11.469556029675427,11.477565679669432,20715803
2020-06-08,11.51761245727539,11.749886945916984,11.501593158272831,11.69382092709246,10943640
2020-06-09,11.421499252319336,11.637754447591867,11.381451767611908,11.605716612594373,6347403
2020-06-10,11.405481338500977,11.509604505852858,11.397471687817987,11.429510290549947,10192360
2020-06-11,11.437518119812012,11.509603441608839,11.301357126160728,11.373442447957556,11602801
2020-06-12,11.405481338500977,11.453538478756588,11.325387123198068,11.389462800977327,9192695
2020-06-15,11.565669059753418,11.589698008741664,11.301356731620595,11.333394566429353,21436459
2020-06-16,11.837991714477539,12.334578564330613,11.621736508112912,11.693821831515214,53356213
2020-06-17,11.854009628295898,11.95813277616092,11.613725499672174,11.870028162821647,25619273
2020-06-18,12.999363899230957,12.999363899230957,12.230455840452965,12.230455840452965,78688087
2020-06-19,13.544008255004883,14.296898562980479,13.487942231758163,13.736235275144162,116836704
2020-06-22,13.167563438415527,13.720215530536093,13.167563438415527,13.672159158978763,42992565
2020-06-23,13.391827583312988,13.736234890978762,13.191590918640747,13.215619868367842,39947737
2020-06-24,13.41585636138916,13.64813162272565,13.167563328124064,13.335761391008148,33109369
2020-06-25,13.295714378356934,13.560026705444171,13.247658008255017,13.383817468929706,22551348
2020-06-26,13.263676643371582,13.479932614436365,13.231639570446001,13.375810217822522,21621639
2020-06-29,13.223628997802734,13.327751387152919,13.159553328736978,13.327751387152919,13183755
2020-06-30,13.263676643371582,13.335761967059844,13.135525296300132,13.263676643371582,18917607
2020-07-01,12.911261558532715,13.231639935039254,12.87922295703976,13.183582032799823,17721494
2020-07-02,12.975337028503418,13.143535100625945,12.911261354216087,12.975337028503418,31118617
2020-07-03,12.823155403137207,13.055429125527466,12.767088621051984,13.047421003793682,17733454
2020-07-06,13.015382766723633,13.039411715643991,12.871212128570411,12.927278148366783,13776512
2020-07-07,13.11950397491455,13.239647181009774,12.863201320255483,13.055428311249784,41277102
2020-07-08,13.111498832702637,13.22363088767207,13.087469880487184,13.183582633979649,15991030
2020-07-09,12.678986549377441,13.167564538703722,12.558844846602762,13.151545237617862,18420663
2020-07-10,12.887231826782227,12.903251126558352,12.422682827066168,12.550834169906148,27138265
2020-07-13,13.111498832702637,13.1435359079719,12.927279921086848,12.975337825517752,20022024
2020-07-14,12.927278518676758,13.111497410307642,12.903251096752582,13.09547811056852,13419472
2020-07-16,12.975337028503418,13.11950614988648,12.927279127024487,13.047422353037238,17785311
2020-07-17,12.975337028503418,13.087469076585103,12.919269476777998,12.959317728010442,13345029
2020-07-20,12.991353988647461,13.063439308672038,12.919268668622884,12.95931691735014,15850156
2020-07-21,13.151543617248535,13.423865591417492,12.959316610955938,13.111496897152577,53753819
2020-07-22,12.927278518676758,13.30372442412358,12.895241446883022,13.255666524906214,30121405
2020-07-23,12.951306343078613,13.09547697283618,12.903249975720883,12.951306343078613,20449911
2020-07-24,12.847185134887695,12.991354250154389,12.831165835074335,12.87121255692322,13168289
2020-07-27,12.81514835357666,12.983346442428683,12.791120164289566,12.903252987366614,14473663
2020-07-28,12.174388885498047,12.815146356069995,12.174388885498047,12.815146356069995,19911368
2020-07-29,12.022209167480469,12.302540031257434,11.950123848158832,12.222445826110688,24599860
2020-07-30,11.902067184448242,12.06225712875801,11.870029348354741,12.038228178806184,7283944
2020-08-04,11.862020492553711,12.134341718123874,11.68581201166762,12.086285345781837,30848527
2020-08-05,12.04623794555664,12.11832326842632,11.846001277070764,12.01420010915259,29224149
2020-08-06,11.717849731445312,12.198417269303357,11.653774059730907,12.054247389867072,31799723
2020-08-07,11.886049270629883,11.886049270629883,11.26131105217663,11.69382224400462,32449431
2020-08-10,11.934104919433594,12.038228076815884,11.741877904501179,11.910076733527607,17049421
2020-08-11,12.1343412399292,12.158370188995542,11.878038560626099,12.01419954996643,32203075
2020-08-12,12.334577560424805,12.414672527428973,12.094294187096725,12.206426224291905,34591903
2020-08-13,12.40666389465332,12.686995538298135,12.254484361485346,12.526806355004931,42892263
2020-08-14,11.862020492553711,12.222446340488053,11.773915870189533,12.166379554299322,34318135
2020-08-17,11.854009628295898,11.934103828609015,11.669791516275575,11.837990329927964,18407054
2020-08-18,11.926095008850098,12.086284174199415,11.797942912728452,11.846000044254342,16365710
2020-08-19,12.206427574157715,12.214437224512334,11.950124873548305,11.974153060769861,15872844
2020-08-20,12.318560600280762,12.68699612068914,12.03022005711685,12.182399597270559,38710884
2020-08-21,12.038227081298828,12.470738211050817,12.03021819588731,12.43069149246664,17169813
2020-08-24,11.829981803894043,12.142350493134378,11.805952855612315,12.054246640961347,19777275
2020-08-25,11.613727569580078,11.950125256840819,11.549651892372541,11.942115606229295,15110223
2020-08-26,11.557660102844238,11.733867811287482,11.53363115400379,11.58969793745594,13131580
2020-08-27,11.677803039550781,11.78192620412582,11.613727363480344,11.773916553656438,12055956
2020-08-28,11.661783218383789,11.749887072319012,11.589697899781232,11.73386777314412,10140639
2020-08-31,11.469555854797363,11.741877839703266,11.453537318895856,11.661783632511224,19328592
2020-09-01,11.445528030395508,11.533631890241148,11.27732919698672,11.533631890241148,11891472
2020-09-02,11.60571575164795,11.733867082131281,11.421498405038703,11.453536237659536,11561016
2020-09-03,11.58168888092041,11.80595373468653,11.557660694691752,11.653774203448659,12262031
2020-09-04,11.837991714477539,11.90206738775908,11.469556211187546,11.54965118471061,17673275
2020-09-07,11.926095008850098,12.030218157287702,11.86201934271037,11.894057175780235,13437998
2020-09-08,11.621736526489258,11.982162380228397,11.581689039664404,11.966143079961544,19097136
2020-09-09,11.557660102844238,11.653773606679342,11.53363115400379,11.581688287842457,9386428
2020-09-10,11.565669059753418,11.653773678359181,11.541640874607408,11.589698008741664,10684891
2020-09-11,11.485575675964355,11.621736674598756,11.461547489100134,11.565669886792522,12787884
2020-09-14,11.429509162902832,11.565669391868305,11.293348170095104,11.501593720410815,9335665
2020-09-15,11.493585586547852,11.669793312666576,10.860837716613833,11.429509910896988,30753317
2020-09-16,11.461546897888184,11.565669290209708,11.381451927349204,11.51761291896012,13826407
2020-09-17,11.485575675964355,11.485575675964355,11.317376840230231,11.437518538393626,9198490
2020-09-18,11.565669059753418,11.605716544224926,11.5015933901359,11.517612689461396,12080769
2020-09-21,11.77391529083252,11.910076278838686,11.629745417058285,11.653773602046952,30215160
2020-09-22,12.102301597595215,12.12633054307295,11.7578951146777,11.829980423426658,29011346
2020-09-23,12.438701629638672,12.46273057981795,12.206427124801557,12.2624939113776,30318301
2020-09-24,12.374626159667969,12.622919968694191,12.206427324867567,12.41467364678088,40826213
2020-09-25,12.206427574157715,12.502777762697923,12.190409037290777,12.414673900324011,16142897
2020-09-28,11.998180389404297,12.318559506082103,11.990171503465092,12.150360679882873,16204724
2020-09-29,12.006190299987793,12.190408429751566,11.918086442004757,12.014199949943231,16946029
2020-09-30,12.158370018005371,12.26249317096847,12.014199381003813,12.07026540035232,17665343
2020-10-01,12.262494087219238,12.390645434643963,12.15837092647608,12.254484437044622,20114169
2020-10-02,12.238465309143066,12.318560284333248,12.16637998424036,12.174389634527838,11509264
2020-10-05,12.606902122497559,12.638939963114943,12.24647622459139,12.24647622459139,18522984
2020-10-06,12.550833702087402,12.831165326982493,12.510786217982071,12.735051059592807,25604569
2020-10-07,12.646947860717773,12.686995346897472,12.414673357486238,12.454720843665937,13023224
2020-10-08,12.59088134765625,12.82315584183515,12.534814563652903,12.735051222905136,22162886
2020-10-09,12.807136535644531,12.8151461853325,12.62291917587465,12.65495701078429,14974677
2020-10-12,13.175573348999023,13.191591121378744,12.855193458451996,12.855193458451996,20128317
2020-10-13,13.111498832702637,13.287706565895268,13.079460229748701,13.263677613679818,13995437
2020-10-14,13.511972427368164,13.511972427368164,13.087470097303923,13.13552647484629,26548778
2020-10-15,13.223628997802734,13.511970272440864,13.19159039942763,13.487941323659536,17060948
2020-10-16,13.495950698852539,13.55201671718458,13.223628728938834,13.223628728938834,25228998
2020-10-19,13.832348823547363,13.952490513872393,13.503960823739524,13.503960823739524,32859322
2020-10-20,13.688178062438965,13.968509689162428,13.544007424256359,13.856376121862365,31853010
2020-10-21,13.335762023925781,13.928462388579753,13.3197427235524,13.816330341335224,48493925
2020-10-22,13.111498832702637,13.423867573080154,12.975337825517752,13.391828970126218,24666028
2020-10-23,13.071447372436523,13.343769320002643,13.015381358705435,13.063437723662897,21441755
2020-10-26,12.510787010192871,12.919269235175015,12.41467350055929,12.871212862279362,19458527
2020-10-27,12.422683715820312,12.622920394293848,12.334579088432877,12.422683715820312,19604135
2020-10-28,11.966141700744629,12.438700310357824,11.934103867745879,12.41467212656931,8449970
2020-10-30,11.741877555847168,11.88604819468672,11.493584526559312,11.773915390717931,19861237
2020-11-02,12.04623794555664,12.310550286850615,11.773915954201085,11.813963440666715,17532895
2020-11-03,12.262494087219238,12.374626134294731,11.894058581452015,12.118323439445282,18914628
2020-11-04,12.238465309143066,12.590882283369117,12.16637998424036,12.35860777192834,25461451
2020-11-05,12.622918128967285,12.678984144448652,12.262492325165903,12.294530157418421,21994216
2020-11-06,12.847185134887695,12.959317178212183,12.598890570834163,12.654957356338665,26405872
2020-11-09,13.023393630981445,13.11950638025784,12.879222979382249,12.983345379045776,26336935
2020-11-10,12.326569557189941,12.670976106740738,12.230456048210026,12.6389382704141,123652940
2020-11-11,12.686993598937988,12.703012132897543,12.374624166383972,12.414671647046102,123273031
2020-11-12,12.751070022583008,12.927277725853092,12.58287120484905,12.791117505632466,62924327
2020-11-13,12.999363899230957,13.023392848949461,12.606900219935794,12.719033027095378,48108932
2020-11-16,12.87121295928955,13.071449630162592,12.831166236188768,13.055430329848454,34989496
2020-11-17,12.542823791503906,12.847184358834326,12.518795607077582,12.815145761142947,29503233
2020-11-18,12.703015327453613,12.719034629283865,12.510788288544703,12.542826128362854,39265700
2020-11-19,12.847185134887695,12.935288228492144,12.614909870647523,12.695004842029807,44342094
2020-11-20,12.89523983001709,12.999362209897011,12.847183464509767,12.847183464509767,26437067
2020-11-23,12.6950044631958,12.943297492155459,12.566852360039906,12.919268543152471,28837531
2020-11-24,12.622918128967285,12.831164420529747,12.598889181896267,12.751069457977362,25401101
2020-11-25,12.574861526489258,12.743060343835566,12.566851877129386,12.686994326000866,20119925
2020-11-26,12.703015327453613,12.72704428019899,12.590883270011258,12.606901807999158,23789385
2020-11-27,12.58287239074707,12.767089760757422,12.574862740613852,12.735051924066827,27904851
2020-11-30,12.081657409667969,12.5573785308889,12.024243128749456,12.52457025861962,35698868
2020-12-01,12.524571418762207,12.524571418762207,12.212892412227973,12.376933788769417,25741436
2020-12-02,12.458952903747559,12.655803319129818,12.426144631552333,12.5737822475363,21687953
2020-12-03,12.795239448547363,12.828047722734985,12.352327355909006,12.450752178471868,32199046
2020-12-04,12.852653503417969,13.131524220140703,12.852653503417969,12.918270050622029,33074897
2020-12-07,12.631196975708008,12.811642870278389,12.614793230134847,12.79523912470523,18039419
2020-12-08,12.713217735290527,12.926471897935699,12.63119666282364,12.63119666282364,32062122
2020-12-09,12.664005279541016,12.77063236376143,12.606590996580383,12.737824090325221,19535995
2020-12-10,12.631196975708008,12.811642870278389,12.549176683420333,12.696813522422522,21031672
2020-12-11,12.598388671875,12.622995463491621,12.508166115913529,12.549176653063629,19014259
2020-12-14,12.811643600463867,12.926472954864307,12.631197695609169,12.680410499555352,39402392
2020-12-15,12.737824440002441,12.836249263013016,12.737824440002441,12.819845516950068,18641009
2020-12-16,13.016695022583008,13.115119844532046,12.770632576604932,12.778834840653422,61969446
2020-12-17,12.967483520507812,13.221748240687214,12.951078991755795,13.082312092928007,41376217
2020-12-18,13.270959854125977,13.361183195063612,12.959280857327965,12.967483121451561,75200312
2020-12-21,12.754228591918945,13.090513589501239,12.655803771812732,13.049503052237581,54562449
2020-12-22,12.869057655334473,12.942876468821922,12.787037359845838,12.811643370271332,19938630
2020-12-23,12.877259254455566,12.967482591707425,12.828047236146308,12.893663782032606,15621870
2020-12-24,12.959280014038086,13.033098821924973,12.844450670412828,12.893663469741055,25505724
2020-12-25,13.131523132324219,13.246351689313448,13.008491529850343,13.008491529850343,39166791
2020-12-28,13.156131744384766,13.28736484609846,13.13972721556506,13.246353524049196,22631964
2020-12-29,13.08231258392334,13.213546472231908,13.016696030874563,13.205344207548057,19802482
2020-12-30,13.311968803405762,13.352980121537806,13.123321433263833,13.164331186974053,40193778
2020-12-31,13.238150596618652,13.410395011754908,13.1807363130472,13.344778464184404,28480347
2021-01-04,13.476011276245117,13.51702103095701,13.229948054708172,13.270959373841928,39063984
2021-01-05,13.55803394317627,13.70567001613962,13.369384981838238,13.4185985705814,49179591
2021-01-06,13.828702926635742,14.00094580023652,13.623650992679327,13.631853257768235,73583609
2021-01-07,13.771286964416504,13.935327553023559,13.705668851667387,13.91072076074264,29656346
2021-01-08,13.828702926635742,13.968138304302988,13.804096131369015,13.861510422569275,36429954
2021-01-11,13.787690162658691,14.238805308949171,13.66465932800563,14.148581966806686,69479586
2021-01-12,13.697468757629395,13.869711617945809,13.631852206400954,13.853307089033203,28214749
2021-01-13,14.066559791564941,14.091166582344753,13.67286052561885,13.738477069943198,90383293
2021-01-14,13.828702926635742,14.255209760304288,13.738479575079845,14.148583442992678,69350937
2021-01-15,13.623649597167969,13.89431805968817,13.582638275924337,13.754882696303707,44288318
2021-01-18,13.730276107788086,13.754882900900279,13.451405376871106,13.574436213588134,30647495
2021-01-19,13.918922424316406,14.025550288511441,13.70566826034818,13.84510361508041,46294666
2021-01-20,13.746679306030273,13.976337992916871,13.648253707529785,13.968135729340013,32751745
2021-01-21,13.590839385986328,13.877912352624632,13.574434858882011,13.7876890179727,27565571
2021-01-22,13.566234588623047,13.623648870881391,13.39399017742615,13.558032324811588,29539819
2021-01-25,13.689266204833984,13.82870156881022,13.623649654987634,13.771287283247409,31391780
2021-01-26,13.566234588623047,13.70566838015225,13.459606723495954,13.566234588623047,29564916
2021-01-27,13.45140552520752,13.812297339389604,13.45140552520752,13.599043156664827,54526459
2021-01-28,13.45140552520752,13.467810054129883,13.057706217602691,13.410395767323594,43276216
2021-01-29,13.07411003112793,13.36938451334052,13.065908548835827,13.205343916544523,32248172
2021-02-01,13.180736541748047,13.279162147022546,13.08231171868451,13.16433201346531,23483110
2021-02-02,13.369383811950684,13.426799660460201,13.23815071562989,13.254555243775467,33647758
2021-02-03,13.599041938781738,13.640051692992973,13.320171229764183,13.459606584272962,38861983
2021-02-04,13.72207260131836,13.754881655831463,13.558032022018322,13.631850830250977,31866600
2021-02-05,13.71387004852295,14.148580625124414,13.656455768757468,13.771285892710223,65764498
2021-02-08,13.549830436706543,13.795892100185577,13.443202568622898,13.7794875721078,38950882
2021-02-09,13.795891761779785,13.828700817130551,13.533425576661129,13.558032368174203,47220635
2021-02-10,13.72207260131836,13.845103426898845,13.640051529457429,13.836902727692394,26629990
2021-02-11,13.574434280395508,13.836902009613855,13.574434280395508,13.722071889199032,26760412
2021-02-12,13.672860145568848,13.746678951434603,13.525222533837335,13.525222533837335,30698361
2021-02-15,14.050155639648438,14.050155639648438,13.713870645451482,13.730275173076178,51200632
2021-02-16,13.828702926635742,14.173190238259403,13.631853257768235,14.12397664772595,51171754
2021-02-17,13.648253440856934,13.894316650089426,13.533424881868175,13.828700107178452,43359952
2021-02-18,13.590839385986328,13.795891281524858,13.58263712243417,13.656455929981785,34161798
2021-02-19,14.009146690368652,14.017348954652533,13.500617255721693,13.67286167683929,63654798
2021-02-22,13.582637786865234,13.861508503593088,13.549830295473544,13.861508503593088,48037216
2021-02-23,13.205342292785645,13.681062624515775,13.082310687000396,13.648253570537655,51265364
2021-02-24,12.836250305175781,13.31197071278899,12.828048822583916,13.123323315588694,48451861
2021-02-25,13.033099174499512,13.049502919912072,12.836248754072265,13.00029090146346,36618611
2021-02-26,13.000289916992188,13.00849139797193,12.737822970368638,12.795238030492063,43158543
2021-03-01,13.221748352050781,13.238151316518989,13.000291905299159,13.098716732007327,25960912
2021-03-02,13.205342292785645,13.270958836320082,13.082310687000396,13.213544556280173,26164922
2021-03-03,13.254555702209473,13.377586538712734,13.172534623066644,13.246353437852994,25030941
2021-03-04,13.221748352050781,13.287364903189559,13.106918214241432,13.180737029825305,17163985
2021-03-05,13.320171356201172,13.352980411419063,13.172533736564382,13.172533736564382,21846792
2021-03-08,13.393991470336914,13.484214816550276,13.279162894735919,13.344779447139633,36854783
2021-03-09,13.517021179199219,13.599042253944399,13.27095951938556,13.418597141042508,31158210
2021-03-10,13.697468757629395,13.697468757629395,13.37758670152151,13.525224332890998,32133332
2021-03-11,13.574434280395508,13.771285468414703,13.525222265601581,13.70566736279381,42333972
2021-03-12,13.590839385986328,13.73847700108156,13.549829632647345,13.549829632647345,37321230
2021-03-15,13.623649597167969,13.664659353989657,13.525223990605195,13.5580330476001,15624499
2021-03-16,13.71387004852295,13.763083629254899,13.599041488991986,13.631850542813284,25876642
2021-03-17,13.500616073608398,13.746679287313688,13.467808583767447,13.713870233050924,26725269
2021-03-18,13.295564651489258,13.631851211978155,13.295564651489258,13.508818818530619,26262833
2021-03-19,13.000289916992188,13.451403441523764,12.967481646440604,13.28736287097671,32917716
2021-03-22,11.704364776611328,12.376934870308208,11.704364776611328,12.237499492510896,38170273
2021-03-23,12.212892532348633,12.212892532348633,10.539668910746846,11.564928501978603,51267158
2021-03-24,12.426145553588867,12.524571159688762,12.073456796872952,12.073456796872952,20256781
2021-03-25,12.286709785461426,12.56558050171756,12.1472752095443,12.37693312437426,25552400
2021-03-26,12.122669219970703,12.368731678963439,11.83559700298834,12.311317392009165,24033834
2021-03-29,12.057051658630371,12.245699814867583,12.040647913250703,12.122668204570898,11057081
2021-03-30,12.22929573059082,12.27030626884302,11.983233283288577,12.065254359792977,23868737
2021-03-31,12.278507232666016,12.278507232666016,12.065253082106535,12.229294435532722,27261461
2021-04-01,12.532772064208984,12.540974328041198,12.278508143097847,12.278508143097847,13654039
2021-04-02,12.40974235534668,12.54917772423234,12.368731814696014,12.532773195087673,6348526
2021-04-05,12.442549705505371,12.450751969467328,12.29491208303392,12.29491208303392,6180733
2021-04-06,12.795239448547363,13.164331946499878,12.098062644296729,12.409741640184603,50644334
2021-04-07,12.450752258300781,12.836249286924227,12.376933445352602,12.836249286924227,31298790
2021-04-08,12.581986427307129,12.66400672918099,12.475359330881185,12.491763078371545,18291888
2021-04-09,12.40153980255127,12.622996247591411,12.335923251919596,12.557379696959735,16209071
2021-04-12,12.114465713500977,12.491760430113976,12.114465713500977,12.33592134204386,15090299
2021-04-13,12.057051658630371,12.196487014306724,11.860202020808789,12.155476477541162,17787287
2021-04-14,12.22929573059082,12.327720553069526,12.130870908112113,12.196487456431251,11272149
2021-04-15,12.344123840332031,12.36872984792539,12.098061417765805,12.253900508804918,17023115
2021-04-16,12.368730545043945,12.458953099445248,12.278507990642643,12.327720008603018,14844610
2021-04-19,12.286709785461426,12.426145143589494,12.229295502306671,12.37693312437426,13773582
2021-04-20,12.13907241821289,12.434346867308683,12.122667891046559,12.262103243116744,19006488
2021-04-21,12.03244686126709,12.245701048156523,11.950425779475461,12.130871690090443,21500474
2021-04-22,12.303114891052246,12.368731441227647,11.794586236087405,11.794586236087405,18354708
2021-04-26,12.450752258300781,12.524571071248962,12.278508622158682,12.303114632404421,12835696
2021-04-27,12.50816822052002,12.606593056914521,12.450753928175994,12.499965955267712,14728132
2021-04-28,12.50816822052002,12.639401335712689,12.475359941721853,12.50816822052002,14575303
2021-04-29,12.729622840881348,12.828047662985776,12.52457093261105,12.52457093261105,15836259
2021-04-30,12.487105369567871,12.790026771165909,12.487105369567871,12.714296220149292,16794772
2021-05-03,12.512348175048828,12.596493407074153,12.386131129479246,12.487104926428593,14364790
2021-05-04,12.453446388244629,12.67222333889212,12.445031704957794,12.529176932889404,17609449
2021-05-05,12.44503116607666,12.512347024519764,12.352472061334476,12.478689095298213,14838467
2021-05-06,12.428202629089355,12.529176416968411,12.411373263208679,12.470274438854378,15253886
2021-05-07,12.764781951904297,12.781610515356038,12.478689151009672,12.487103833969709,16392007
2021-05-10,12.8405122756958,12.907828133297043,12.689051194858846,12.773196418094559,10809194
2021-05-11,12.806855201721191,12.8741710638156,12.638565546485168,12.764782587295091,12511126
2021-05-12,12.79002571105957,12.815268958483335,12.722709849617287,12.722709849617287,3962663
2021-05-17,13.177092552185059,13.177092552185059,12.857341803358814,12.857341803358814,10941096
2021-05-18,13.109776496887207,13.22757965602947,13.050875318550261,13.177092358548967,10893749
2021-05-20,13.11819076538086,13.14343401208867,12.9414864334895,13.017216976081274,9571108
2021-05-21,13.11819076538086,13.219164554680445,13.042460222789085,13.126605448439578,8227113
2021-05-24,13.261236190795898,13.336966727810006,13.042459262192539,13.050873944631503,10423522
2021-05-25,13.000387191772461,13.29489466960724,12.865755477037126,13.219164129451535,20209748
2021-05-26,13.353797912597656,13.36221259668907,12.90783008784246,13.042461823431315,18443500
2021-05-27,13.210749626159668,13.412697201006555,13.042459980453929,13.370625391431368,23152824
2021-05-28,13.27806568145752,13.328552977152519,13.067703420586977,13.160263328949753,16656812
2021-05-31,13.32855224609375,13.387453419116957,13.244407025373484,13.303309000864989,12002568
2021-06-01,13.446355819702148,13.463185186369929,13.31172409623339,13.32855346290117,12429206
2021-06-02,13.547329902648926,13.547329902648926,13.252822416842859,13.252822416842859,10926794
2021-06-03,13.437942504882812,13.597817482619282,13.294896092054621,13.564160352802725,17101771
2021-06-04,13.62306022644043,13.62306022644043,13.42952653252173,13.437941215402615,13876486
2021-06-07,13.72403335571289,13.858665073352,13.589401638073783,13.589401638073783,11191936
2021-06-08,13.799762725830078,13.850249214424009,13.724032190470913,13.724032190470913,7556059
2021-06-09,13.75769329071045,13.841838522827617,13.665133374887883,13.782935736889831,10751845
2021-06-10,13.883910179138184,14.010127223415719,13.766107818470726,13.825008998804455,12309847
2021-06-11,13.900738716125488,13.968054576048798,13.825008173094679,13.90915339923299,7661748
2021-06-14,13.925981521606445,14.026956116577992,13.867080343263352,13.900739076566115,6643918
2021-06-15,13.968053817749023,14.052199039319248,13.841836787861993,13.841836787861993,11747838
2021-06-16,13.968053817749023,14.08585616498537,13.892323278829483,13.968053817749023,11191772
2021-06-17,14.010127067565918,14.077442930760894,13.883910024692431,13.892324708208902,12518184
2021-06-18,13.925981521606445,14.085857294921084,13.909153759891804,14.01012674992661,14463594
2021-06-21,14.052201271057129,14.052201271057129,13.690377884296845,13.959641352136071,15008610
2021-06-22,14.17841625213623,14.228902743755098,13.984883363483382,14.052199220620748,15195196
2021-06-23,14.186833381652832,14.363536935262673,14.069029407642695,14.228905197768439,20677540
2021-06-24,14.34670639038086,14.397194491503745,14.19524690182253,14.212074663926716,14683040
2021-06-25,14.33829402923584,14.380365844006596,14.262563478698992,14.346707108240505,12044797
2021-06-28,14.321462631225586,14.397193171027311,14.254146774172565,14.321462631225586,11442876
2021-06-29,13.883910179138184,14.355121226744814,13.749278451250575,14.313049413631234,18930399
2021-06-30,13.547329902648926,13.934395691755364,13.496843409490841,13.934395691755364,18916024
2021-07-01,13.665133476257324,13.825009257972237,13.555745797149326,13.589402927283778,10025970
2021-07-02,13.505255699157715,13.698790187349424,13.336966863476274,13.61464496704041,10664293
2021-07-05,13.471599578857422,13.572572566810654,13.395869035424143,13.505256706529597,6508598
2021-07-06,13.471599578857422,13.564159488595141,13.429526965564671,13.488428945161862,8533298
2021-07-07,13.614645957946777,13.614645957946777,13.44635550508017,13.505256682102472,9382648
2021-07-08,13.404282569885254,13.564158326203346,13.404282569885254,13.547328961341112,10995702
2021-07-09,13.480012893676758,13.496842258272878,13.336966504482813,13.395867675632696,6990982
2021-07-12,13.185506820678711,13.496843678726938,13.06770366351267,13.463184945992335,9812398
2021-07-13,13.219164848327637,13.28648070935603,13.118191056785045,13.210750165081997,8369476
2021-07-14,13.24440860748291,13.370626453640648,13.202335992096998,13.210750675667859,10260699
2021-07-16,13.14343547821045,13.379041012857435,13.08453429516581,13.261238646768158,6545957
2021-07-19,12.832098960876465,13.126606471129845,12.832098960876465,13.109777103701237,3783167
2021-07-26,12.781610488891602,12.899413642683221,12.621735525323569,12.857341030438477,11237042
2021-07-27,12.832098960876465,12.874171576979577,12.655394615218118,12.756368412384543,7162211
2021-07-28,12.815268516540527,12.924656988229,12.756367340426866,12.790025269987293,6843362
2021-07-29,13.050874710083008,13.09294732227716,12.882585063774732,12.882585063774732,11759426
2021-07-30,13.276862144470215,13.276862144470215,12.991988057205603,13.06968113978034,12225701
2021-08-02,13.121476173400879,13.311392508807723,13.11284342559508,13.268229593042875,7614959
2021-08-03,13.156006813049316,13.190536982246394,13.052416305458081,13.121476643852237,9710799
2021-08-04,13.121476173400879,13.233699425083826,13.078313257636031,13.190536509318978,8707316
2021-08-05,13.164639472961426,13.225067062835404,13.069681714121723,13.086946386972501,6762047
2021-08-06,13.276862144470215,13.33728973168873,13.147373399090945,13.181904389803389,13668071
2021-08-09,13.250964164733887,13.363186586750452,13.225065922793975,13.276861583409703,7011648
2021-08-10,13.311391830444336,13.466777989973478,13.233698750679766,13.250964245411494,11942569
2021-08-11,13.06104850769043,13.363187269721012,13.026518339936532,13.345922597476132,11317309
2021-08-12,13.458146095275879,13.466778843188688,13.130109083966516,13.130109083966516,9538102
2021-08-13,13.320024490356445,13.4667779015562,13.285494324383803,13.4667779015562,7088849
2021-08-16,13.302759170532227,13.389084998230175,13.268229004105867,13.328656589535967,7224541
2021-08-17,13.570368766784668,13.570368766784668,13.25959644135508,13.294126608262356,16578502
2021-08-18,13.587634086608887,13.673959919626062,13.484043580946768,13.570369413963945,12307617
2021-08-19,13.54447078704834,13.604899197757048,13.466778527447088,13.553103534758746,8622135
2021-08-20,13.803447723388672,13.872508059883874,13.501308957038205,13.561736545655469,10902346
2021-08-23,13.76891803741455,13.91567228668729,13.76891803741455,13.829346451412544,6213978
2021-08-24,14.0883207321167,14.0883207321167,13.83797764905199,13.855241496949844,8180212
2021-08-25,13.863875389099121,14.0710563997368,13.768917631706223,14.0278943066354,6523867
2021-08-26,13.820712089538574,14.027893082090689,13.760283682596146,13.863874178872203,8399639
2021-08-27,13.76891803741455,13.89840679032667,13.673960277223673,13.855243049425118,10193087
2021-08-31,14.148748397827148,14.191912134141607,13.84661047626686,13.85524157700157,15933114
2021-09-01,14.191913604736328,14.235075698995145,13.984732588542965,14.166015360264025,8462507
2021-09-02,14.131486892700195,14.20917833789038,14.079690400535464,14.20917833789038,5134087
2021-09-03,13.950201034545898,14.148749294592085,13.881140698593821,14.122852697690234,7719229
2021-09-06,13.907039642333984,14.045160321193414,13.86387590111018,13.950201737029417,6224862
2021-09-07,13.751651763916016,13.907037920021217,13.751651763916016,13.907037920021217,5268467
2021-09-08,13.760285377502441,13.820713791888066,13.65669486846675,13.751653452530938,9054966
2021-09-09,14.053792953491211,14.053792953491211,13.630797348893784,13.786183522960766,9229369
2021-09-10,13.76891803741455,13.984732625601415,13.717123194861045,13.967467129240795,6814738
2021-09-13,13.872509002685547,13.924303846944946,13.682593476048805,13.682593476048805,6760861
2021-09-14,13.673958778381348,13.881139772414013,13.673958778381348,13.83797768277194,7787964
2021-09-15,13.414982795715332,13.699856882586063,13.406350048049157,13.682592210517845,6390904
2021-09-16,13.414982795715332,13.596266380384355,13.363187132982413,13.475410382850296,8703963
2021-09-17,13.501307487487793,13.578999740140365,13.36318600626708,13.440879082183711,8995587
2021-09-20,13.337289810180664,13.414982893212636,13.190536391845638,13.337289810180664,5513313
2021-09-21,13.276862144470215,13.458145729389889,13.233699229343792,13.380452646815153,4535364
2021-09-22,13.389084815979004,13.414982234630234,13.225065910238335,13.34592190271756,4854143
2021-09-23,13.311391830444336,13.52720557500632,13.156005670915196,13.440879747875886,12448420
2021-09-24,13.294126510620117,13.458145419673079,13.242331672271687,13.25096441975113,9846109
2021-09-27,13.225066184997559,13.41498251333509,13.11284293749193,13.397717841630286,11670899
2021-09-28,13.11284351348877,13.294127102304936,13.05241592497143,13.27686242984176,7936811
2021-09-29,13.173270225524902,13.294125386965653,13.121474568290264,13.25096329974484,7382079
2021-09-30,13.233699798583984,13.24233254663343,12.974723119949838,13.216435125749264,18840773
2021-10-01,13.026518821716309,13.164639497840234,13.009253325568734,13.164639497840234,9864069
2021-10-04,12.957457542419434,13.078312713616818,12.914294628450037,13.026517875464826,12162144
2021-10-05,12.836602210998535,13.009253052529836,12.827969463105932,13.009253052529836,10110182
2021-10-06,12.819336891174316,12.940192062511658,12.784806724611633,12.810704143717619,9758051
2021-10-07,13.104211807250977,13.104211807250977,12.888398046648105,12.888398046648105,7421057
2021-10-08,13.00062084197998,13.112843269059116,12.991988094277236,13.095578596917761,4780324
2021-10-11,13.06104850769043,13.104211423198839,13.000620919937141,13.017885592182022,7376915
2021-10-12,13.035151481628418,13.1042118192233,12.957458396018136,12.966091144033538,5935903
2021-10-13,13.121476173400879,13.14737359355413,13.02651841732953,13.06104858528858,11846542
2021-10-14,13.086944580078125,13.173270402205649,13.017884251681728,13.06104716274549,11089347
2021-10-15,13.207801818847656,13.34592248873789,13.026518233800692,13.112843240850022,12147955
2021-10-18,13.233699798583984,13.302760136451202,13.086946374800107,13.199169629650376,9610255
2021-10-19,13.328656196594238,13.37181910917073,13.276861360113717,13.276861360113717,7803696
2021-10-20,13.406350135803223,13.440880303429818,13.233699297670253,13.337289800550035,11061542
2021-10-21,13.699857711791992,13.699857711791992,13.250965508414664,13.380453438188232,22101507
2021-10-22,13.743019104003906,13.812079435319376,13.527205362827042,13.596265694142511,10392317
2021-10-25,13.648062705993652,13.69985754797808,13.553104123581921,13.587634292659596,9441689
2021-10-26,13.579000473022461,13.708489214293598,13.570368548882335,13.682591795345013,9425856
2021-10-27,13.67796516418457,13.757642767230898,13.554022976595022,13.58058189617952,13120639
2021-10-28,13.53631591796875,13.704523527567604,13.53631591796875,13.633699182021475,3956410
2021-11-01,13.810762405395508,13.810762405395508,13.571729579732795,13.589436090208354,7387254
2021-11-02,13.801907539367676,14.005527320315256,13.793054285163139,13.87273188441838,12511685
2021-11-03,14.023233413696289,14.023233413696289,13.686817362515526,13.793053876947436,10678917
2021-11-04,14.899685859680176,15.014774788154627,14.085205040321796,14.085205040321796,34345543
2021-11-05,14.881979942321777,15.094452987736124,14.73147799074674,14.899686451586055,21164683
2021-11-08,14.935100555419922,15.059042752105185,14.740332316530752,14.864276201801802,13399445
2021-11-09,14.749184608459473,15.050188513822782,14.740331353762237,14.926246325232833,16327036
2021-11-10,14.979363441467285,15.03248127849993,14.731477387672294,14.76689040475112,18441746
2021-11-11,15.174131393432617,15.422017470486757,14.89968723966301,14.917393749863823,20910866
2021-11-12,15.280367851257324,15.439723056352978,15.209543503279884,15.209543503279884,13540162
2021-11-15,15.572519302368164,15.891229729027213,15.483988440675567,15.483988440675567,23389309
2021-11-16,15.333486557006836,16.09484960724892,15.289221970237959,15.793845689180458,21346919
2021-11-17,15.616783142089844,15.723020508757584,15.147572468153614,15.333485749090084,19948029
2021-11-18,15.855815887451172,16.032877601663078,15.457427874767212,15.678754173239268,19668879
2021-11-19,15.953200340270996,16.0417311992701,15.758432112755829,15.873522736030372,11182741
2021-11-22,15.784993171691895,16.121408437177923,15.678755794462406,16.02402600401887,10641636
2021-11-23,15.776139259338379,16.01517208171278,15.581372712543917,15.758432749106404,26753259
2021-11-24,16.333881378173828,16.6614433518078,15.864669021098608,16.06828880888034,32606668
2021-11-25,16.873916625976562,16.900476389846595,16.351586423298915,16.351586423298915,14988263
2021-11-26,16.2630558013916,16.95359271446731,16.059434340416356,16.64373558467373,17624392
2021-11-29,16.360437393188477,16.55520559053135,16.19223064459199,16.325026068225952,13493775
2021-11-30,16.732267379760742,16.732267379760742,16.271908285977,16.378145649383093,28489686
2021-12-01,17.263450622558594,17.387392804629577,16.72341393453117,16.794238279798243,17972173
2021-12-02,17.47592544555664,17.546749798066653,17.104097172732637,17.360836505947532,13157549
2021-12-03,17.971694946289062,17.971694946289062,17.369688826633446,17.64413296677203,13834919
2021-12-06,18.024812698364258,18.060224024932445,17.68839580874624,18.060224024932445,7815960
2021-12-07,18.219579696655273,18.29040404024576,17.812340143156344,18.060224501430284,13125940
2021-12-08,18.237287521362305,18.485171897532556,17.883165777843608,18.308111870066043,16734765
2021-12-09,17.953989028930664,18.48517076744209,17.830045159837173,18.254992914666104,21942518
2021-12-10,17.70610237121582,17.953988412303623,17.059830039926965,17.953988412303623,20126125
2021-12-13,18.2726993560791,18.449761077021396,17.84775325212045,17.97169544362863,19348306
2021-12-14,19.051769256591797,19.158004940266295,18.48517275218007,18.591410124440316,17112186
2021-12-15,19.58295249938965,19.65377685049509,18.99864949203762,19.476715128438627,19866127
2021-12-16,20.62761116027832,20.893203742129913,19.724601110022913,20.007898513129373,21862763
2021-12-17,18.59140968322754,21.26503186198083,18.57370317350675,21.052558811088513,37024008
2021-12-20,18.768470764160156,19.1225925035888,16.900476266868804,17.307715845065328,20539263
2021-12-21,16.89162254333496,20.007897140958814,16.89162254333496,20.007897140958814,11162838
2021-12-22,15.962051391601562,16.82079672160317,15.306925827179903,16.1125533245488,20778927
2021-12-23,16.48438262939453,16.927035204217756,15.95319920188955,16.121405964540767,14772976
2021-12-24,17.11294937133789,17.360835434111642,16.49323505869634,16.643737009561534,6644101
2021-12-27,16.732267379760742,17.42280602043636,16.378145649383093,17.236891056622092,8912675
2021-12-28,16.466676712036133,17.17492018173388,16.06828870496513,16.882769539410358,11902728
2021-12-29,17.351980209350586,17.405098042276144,16.289613419326592,16.46667511385908,7818429
2021-12-30,16.634883880615234,17.50248248592908,16.634883880615234,17.475922724653373,7734794
2021-12-31,16.34273338317871,17.166067499513897,15.873522702082601,16.696856818417785,7005212
2022-01-03,16.900476455688477,17.086389737746,16.484383618284255,16.608325806322604,5656518
2022-01-04,17.387393951416016,17.48477806580081,16.794239387463143,17.05097871135553,9426542
2022-01-05,17.847753524780273,17.865460034862146,17.10409698719895,17.38739439416598,9894682
2022-01-06,17.440513610839844,17.794635363181698,17.31656973108091,17.635280152481435,11286216
2022-01-07,17.263450622558594,17.723809711087366,16.891622387760062,17.7061032026242,14199271
2022-01-10,17.29886245727539,17.794632840263805,17.29886245727539,17.70610199258379,12639533
2022-01-11,17.27230453491211,17.484777578809133,17.015565218170508,17.43165973998129,10559843
2022-01-12,17.776927947998047,17.989400988581416,17.449364288399337,17.449364288399337,27583274
2022-01-13,17.493629455566406,17.830044659760627,17.396245351564033,17.68839597498564,13627104
2022-01-14,17.166067123413086,17.44936451452888,16.847358402700642,17.44936451452888,18527482
2022-01-17,17.351980209350586,17.49362888954239,17.22803634774366,17.26344936208434,9239964
2022-01-18,16.493236541748047,17.25459961912525,16.457825208788027,17.25459961912525,12168909
2022-01-19,16.696857452392578,16.776535059488136,16.050583340552407,16.493235962822958,15038256
2022-01-20,16.245351791381836,16.88277096804892,16.05058355429423,16.758828772510096,21028625
2022-01-21,16.20108413696289,16.378145848598205,15.855815656718221,16.236497154724205,17351949
2022-01-24,15.643342971801758,16.30732187266162,15.634489717160013,16.183379684848525,14396341
2022-01-25,16.732267379760742,16.732267379760742,15.7141667717054,15.846962209523818,18808623
2022-01-26,16.413557052612305,16.820796580352457,16.404703799150287,16.820796580352457,8068243
2022-01-27,17.121801376342773,17.130654630287026,15.962052127014081,16.024023216038323,15482567
2022-01-28,16.64373779296875,17.27230538978685,16.581766696504797,17.254598879772654,12148628
2022-01-31,16.546356201171875,16.803093855008086,16.21879250369994,16.74112275541265,13696486
2022-02-01,16.34273338317871,16.89162335693073,16.34273338317871,16.626032469087107,14022908
2022-02-02,16.024023056030273,16.448969109597943,15.970905221480693,16.386998021192515,13109994
2022-02-03,16.006319046020508,16.236498616434353,15.891230105106473,16.01517230125786,15346448
2022-02-04,15.953200340270996,16.13026036968352,15.88237599078885,16.050582765442893,9519721
2022-02-07,16.325027465820312,16.333880719965233,15.448575568500136,15.953199234661549,14737997
2022-02-08,15.988612174987793,16.395853463793475,15.838110216518306,16.36044044364266,21789593
2022-02-09,16.024023056030273,16.139111978985284,15.917785698345599,16.11255390600325,23574630
2022-02-10,16.475528717041016,16.502086789774605,15.953198564530787,16.04172941367558,20682244
2022-02-11,16.732267379760742,16.732267379760742,16.015170664672805,16.4224102324607,17430023
2022-02-14,16.369293212890625,16.732268215735818,16.015171464820398,16.466677326829572,14439197
2022-02-15,16.62603187561035,17.09524253995769,16.404705580779154,16.404705580779154,12972838
2022-02-16,16.61717987060547,16.767681829950106,16.466677911260835,16.688004222733195,7480884
2022-02-17,16.08599853515625,16.714564533220845,16.08599853515625,16.66144668417259,10630491
2022-02-18,17.006711959838867,17.006711959838867,16.112555200189682,16.112555200189682,29036750
2022-02-21,17.121801376342773,17.38739224032825,16.714560137834773,17.13950788423128,17906106
2022-02-22,18.361230850219727,18.715352615739796,16.74112229545286,16.749975550664086,42958416
2022-02-23,18.201875686645508,18.80388353407729,17.865460430567275,18.679941337930433,36053831
2022-02-24,17.72381019592285,18.166462788097235,16.634885224434424,16.865063086409744,24892242
2022-02-25,17.59101676940918,18.201876200745534,17.36969044798956,17.97169662383883,20345813
2022-02-28,18.166461944580078,18.166461944580078,16.63488445203248,17.17491944117174,26371468
2022-03-01,17.847753524780273,18.76847178600886,17.830047014698398,18.219581793570935,13981032
2022-03-02,18.733057022094727,18.733057022094727,17.794634026722296,17.84775186343775,12759092
2022-03-03,18.927824020385742,19.122592240834514,18.59140879469746,19.0340613850474,14889946
2022-03-04,17.971694946289062,18.786175800629803,17.971694946289062,18.715351451929987,11740275
2022-03-07,18.201875686645508,18.48517309988734,17.670692192524182,17.971696116240075,10987750
2022-03-08,18.00710678100586,18.378935009379468,17.84775158476209,17.91857592880537,9115809
2022-03-09,18.378934860229492,18.856998756495624,18.095637486355407,18.148755321810413,11550062
2022-03-10,18.396642684936523,18.803882266881285,17.989401414406096,18.396642684936523,11528278
2022-03-11,19.158004760742188,19.405890834636057,18.325819054942386,18.39664340625696,13770960
2022-03-14,19.104887008666992,19.335066573661262,18.927825285260404,19.264242222015774,8306043
2022-03-15,18.67993927001953,19.299651870736028,18.67993927001953,19.1048853428398,9998290
2022-03-16,18.910120010375977,18.910120010375977,18.396643051111514,18.73305829121484,8937693
2022-03-17,19.38818359375,19.529832291039163,18.857000134622808,19.016355341219533,9642507
2022-03-18,19.512126922607422,19.512126922607422,18.83929478507762,19.388183049519288,16377210
2022-03-21,19.441301345825195,19.600656551706656,19.158003952518445,19.476714364281367,10856694
2022-03-22,19.38818359375,19.494420961009705,19.17571054781626,19.45900794239458,8844825
2022-03-23,19.317358016967773,19.760010590000345,19.317358016967773,19.388182361109564,13569385
2022-03-24,19.42359733581543,19.476715177130874,19.211124281967926,19.33506647456587,8616565
2022-03-25,19.52983283996582,19.937074122557778,19.335066297865318,19.405890648500566,10847155
2022-03-28,19.211124420166016,19.67148186252106,19.211124420166016,19.56524617912595,7754669
2022-03-29,19.494421005249023,19.547538844706583,19.05176840306945,19.29965277959518,11309798
2022-03-30,19.866249084472656,19.883953905079526,19.423596486173444,19.49442083435789,9823140
2022-03-31,19.954782485961914,20.273491249132512,19.618365522755447,19.8485451058478,11188857
2022-04-01,19.653776168823242,20.291195306663937,19.600656640897267,20.02560442137673,8889694
2022-04-04,20.167253494262695,20.22037133459225,19.671481355901175,19.74230570586915,9114071
2022-04-05,19.91936492919922,20.450548331694964,19.88395191435961,20.273486634667886,11682325
2022-04-06,19.706892013549805,20.23807541894668,19.565243330588707,19.937071545507965,8605384
2022-04-07,19.58295249938965,19.99019209609949,19.58295249938965,19.760012532860383,10044031
2022-04-08,19.58295249938965,19.777719042783175,19.529832969621275,19.671481671832154,10857785
2022-04-11,20.0964298248291,20.114134646481368,19.63607069015507,19.671482022045357,23461478
2022-04-12,19.760009765625,20.167250993889606,19.760009765625,20.149544486446477,17846420
2022-04-13,19.990190505981445,20.344312233340055,19.848541815038,19.919366160509725,32014121
2022-04-14,20.379724502563477,20.539079696173935,20.04330760747795,20.131838458215483,21401854
2022-04-15,20.4682559967041,20.9463199039775,20.344312126341265,20.804671213779045,15896179
2022-04-18,20.4859619140625,20.71614147011312,20.344313216275303,20.556786262956102,15164675
2022-04-19,20.64531707763672,20.804672284457332,20.485961870816105,20.52137488948098,15954567
2022-04-20,20.840085983276367,20.981734685387508,20.184958625280196,20.804672963455722,14349678
2022-04-21,20.804672241210938,21.229618332792132,20.786965731915306,20.928614429109036,9677968
2022-04-22,20.149545669555664,20.84008430311439,20.061014815727273,20.76925826918321,10622591
2022-04-25,20.379724502563477,20.698433201198863,19.476712864494566,20.078720623207175,17921829
2022-04-26,20.574491500854492,21.176499273539786,20.379724975579776,20.503667156337727,16177118
2022-04-27,20.379724502563477,20.999437080555168,20.34431148683425,20.574491023317634,12576715
2022-04-28,20.450550079345703,21.017144856515284,20.23807703790711,20.432843570412746,9768323
2022-04-29,19.158004760742188,20.36202042167566,19.034062568088117,20.131840857756867,22992170
2022-05-05,18.85700035095215,19.4944211846516,18.85700035095215,19.38818381617313,12595088
2022-05-06,17.971694946289062,18.963237516672184,17.86545926753217,18.75076447057273,26278501
2022-05-09,18.2726993560791,18.432054567210024,18.007108463251374,18.024814973062746,19195807
2022-05-10,18.609115600585938,18.80388213555769,18.432053886185688,18.485171725071503,3660729
2022-05-11,17.989402770996094,18.502879758761644,17.74151837671425,18.44976191549922,16581010
2022-05-12,17.573307037353516,17.79463331820536,17.2811564141725,17.74151548360486,17015311
2022-05-13,17.520191192626953,17.794635339249574,17.3431294724013,17.706104479136748,11601442
2022-05-16,17.316570281982422,17.67954530075356,17.19262808686616,17.573309615964124,12211715
2022-05-17,17.086389541625977,17.484777553727444,17.086389541625977,17.458217790058796,12760262
2022-05-18,16.944740295410156,17.245744186200117,16.785385095746577,17.104095495073732,16006580
2022-05-20,16.48438262939453,16.980153040392587,16.466676121141067,16.980153040392587,19796959
2022-05-23,16.997859954833984,16.997859954833984,16.52864760641807,16.64373653564467,17876619
2022-05-24,16.634883880615234,17.210331866238274,16.634883880615234,16.98015233427196,15523404
2022-05-25,16.92703628540039,16.98015412496802,16.679150219775323,16.723414804650737,14495159
2022-05-26,17.43166160583496,17.449366428282232,17.006713783969616,17.02442029500272,17076869
2022-05-27,16.820798873901367,17.537895616247912,16.776534289141157,17.422806682719965,15095428
2022-05-30,17.27230453491211,17.440512994550204,16.927036049652653,16.927036049652653,15677357
2022-05-31,17.121801376342773,17.58216044993076,17.121801376342773,17.28115657016827,46390456
2022-06-01,17.166067123413086,17.44051294856895,17.095242775634137,17.298864253011057,17511422
2022-06-02,17.166067123413086,17.316569073516558,16.944740825530666,17.22803821664646,17440697
2022-06-03,17.1749210357666,17.564455807763014,17.112949940159705,17.254598641142817,19330347
2022-06-06,17.387393951416016,17.49363132061631,17.263451761170423,17.29001152561692,12834065
2022-06-07,17.05097770690918,17.40509943573991,16.9624468525551,17.38739292715197,18224190
2022-06-08,16.15682029724121,17.14836288859756,16.10370245673921,17.112949869205757,24866264
2022-06-09,16.08599853515625,16.4489735993936,15.962056324515002,16.378149237800606,19937583
2022-06-10,15.873523712158203,16.201085715436623,15.599079552111405,15.979759398621445,20564804
2022-06-13,15.758430480957031,16.068287611075085,15.714165900333956,15.776136988640465,15032237
2022-06-14,15.758430480957031,16.05058110339165,15.607928542818863,15.846961330788691,20134906
2022-06-15,15.76728630065918,15.882376930745055,15.634490848594222,15.76728630065918,14943468
2022-06-16,15.430869102478027,16.00631711478947,15.280367158773288,15.802697334655289,22942441
2022-06-17,15.820404052734375,15.820404052734375,15.42201605276793,15.492840398474677,18945833
2022-06-20,15.678753852844238,15.926639909958226,15.6079295063239,15.873522072214378,17459674
2022-06-21,15.979758262634277,16.024024536001935,15.687607612750412,15.767285216226528,30542905
2022-06-22,15.979758262634277,16.174526488280634,15.917787168505225,15.979758262634277,31542319
2022-06-23,15.669900894165039,16.068287174710306,15.669900894165039,16.02402259528932,23129989
2022-06-24,15.758430480957031,15.962051942145502,15.483986366205846,15.50169287388928,24312771
2022-06-27,15.62563705444336,15.705314660651718,15.209544202033065,15.236102278378697,34732629
2022-06-28,15.386604309082031,15.723021245471559,15.19183776441518,15.625637128845263,31101485
2022-06-29,14.766890525817871,15.422016149876848,14.758037271475581,15.404309641192269,24353525
2022-06-30,14.341944694519043,14.820008617090672,14.271120347153408,14.749184269725035,40632010
2022-07-01,14.678359031677246,14.828860971769975,14.350795389621707,14.350795389621707,17087511
2022-07-04,14.997069358825684,15.377750834488705,14.811154403661767,14.811154403661767,19682451
2022-07-05,15.014776229858398,15.30692858340811,14.943951877400037,15.085602270902516,19594348
2022-07-06,15.563665390014648,15.661049502622097,15.094453024870921,15.289221250085815,20941702
2022-07-07,15.58137035369873,15.696459275611884,15.448574924234169,15.563663846147323,11329115
2022-07-08,15.413164138793945,15.607930684277791,15.342339786928388,15.581372607694298,5626513
2022-07-13,15.227250099182129,15.86466923461097,14.908539687174878,15.86466923461097,18458681
2022-07-14,14.952804565429688,15.200690633925486,14.873126960862669,15.112159774563722,14156571
2022-07-18,15.271514892578125,15.289221402061967,15.112159684394904,15.17413077900267,14300711
2022-07-19,15.864669799804688,15.900081130963908,15.156426290763026,15.244955462953943,25795818
2022-07-20,16.19223403930664,16.19223403930664,15.643344034336168,15.873523604898898,19776025
2022-07-21,15.88237476348877,16.201083467237577,15.76728414910778,16.192231901748784,19767364
2022-07-22,15.83811092376709,16.00631939982331,15.723021980309136,15.953201555810859,17079045
2022-07-25,15.740727424621582,15.873522869947728,15.723020914955242,15.846963105448218,21569885
2022-07-26,15.696557998657227,15.89779529541946,15.632528028991326,15.861207489047155,12666598
2022-07-27,15.531908988952637,15.751441068038067,15.486173793400376,15.751441068038067,11845946
2022-07-28,15.312376976013184,15.687411164156588,15.30322958792604,15.659970744581045,15698379
2022-07-29,15.47702693939209,15.53190952488572,15.202612267238013,15.358114380041574,15563538
2022-08-01,15.77888298034668,15.852060338873898,15.522761353158495,15.550203516863395,21463252
2022-08-02,15.577644348144531,15.925236335246296,15.531907412548446,15.824616821620605,23302867
2022-08-03,15.733147621154785,15.833765397649865,15.623380712167807,15.669115906512314,17130940
2022-08-04,15.824618339538574,16.007562610099775,15.815472696227793,15.833765727535221,24457137
2022-08-05,15.952679634094238,16.080739573523072,15.7514405924937,15.879502276608358,26582651
2022-08-08,16.565542221069336,16.657012618047048,16.153918455925673,16.19050801046555,33627966
2022-08-09,16.272830963134766,16.629570357000425,16.163064056345288,16.602128194131605,22493930
2022-08-10,16.49236297607422,16.592980750213595,16.254536132742057,16.327713488791506,26931131
2022-08-11,16.583833694458008,16.84910270587382,16.583833694458008,16.61127585778283,25705055
2022-08-12,16.2819766998291,16.74848300317054,16.217946730785613,16.592980902056727,30669201
2022-08-15,15.77888298034668,16.391744012269317,15.760588204543414,16.291124490037202,31652356
2022-08-16,15.605086326599121,15.85206056947848,15.037962225934528,15.824618405374371,53920413
2022-08-17,15.961827278137207,15.961827278137207,15.614233515984196,15.733147814236593,41549969
2022-08-18,16.49236297607422,16.592980750213595,15.879501964902898,16.035004064593704,69063216
2022-08-19,17.114370346069336,17.416228915171992,16.611276220269964,16.73933616254198,82395079
2022-08-22,18.2028865814209,18.56877340696326,17.150961303729368,17.41623034267633,93118477
2022-08-23,18.934659957885742,19.135897254301383,18.19373725240716,18.56877142667793,65411080
2022-08-24,19.04442596435547,19.593257040771185,18.367534943160916,18.9529538275052,78544664
2022-08-25,20.03232192993164,20.782390338849122,19.15419357159487,19.30054829798433,88993785
2022-08-26,19.739612579345703,20.81898000057039,19.355430984412948,20.361621042064066,97260551
2022-08-29,20.196969985961914,20.270147343912704,19.20907478128335,19.593256346696446,65997130
2022-08-31,19.75790786743164,20.599448442636437,19.75790786743164,20.251854648157277,63973825
2022-09-01,19.62984275817871,20.14208597211345,19.48348805267899,19.776199208364144,48751436
2022-09-02,19.9957332611084,20.215265341255428,19.62984471617746,19.940848932557227,53455647
2022-09-05,21.02021598815918,21.276337616852157,20.068910321716142,20.23355981554121,90675606
2022-09-06,21.14827537536621,21.82516630829205,20.215262841595862,21.27633530344563,113116473
2022-09-07,22.721593856811523,23.105775462880743,21.312927386329044,21.45928211771865,122932300
2022-09-08,22.227643966674805,23.39848349067214,22.00811188305391,23.14236185410481,100726330
2022-09-09,21.971525192260742,22.721593618951932,21.953230414857053,22.227645097168367,87321128
2022-09-12,23.599720001220703,23.61801477707639,22.099583274771497,22.227643216389595,100940629
2022-09-13,21.239748001098633,24.18514061580169,21.239748001098633,24.148551064090316,88535887
2022-09-14,22.35570526123047,22.538647788663773,20.489679966483966,21.203160534125725,75765660
2022-09-15,21.07509994506836,22.794768722646353,20.727506187623494,22.447176709887316,73291422
2022-09-16,21.16657257080078,21.71540368367317,20.343326773835205,21.14827953796431,44162858
2022-09-19,19.501785278320312,21.550753157547728,19.501785278320312,21.294633263073006,35027889
2022-09-20,20.581151962280273,20.599446738304685,19.501784602442058,19.52007937846647,39128051
2022-09-21,20.288442611694336,20.80068412977494,19.904261036962414,20.453092107248857,32830241
2022-09-22,19.904260635375977,20.617741186821824,19.88596585964217,20.178675292639696,39705095
2022-09-23,19.684730529785156,20.32503204234819,19.520081021081914,20.032322580069543,38166283
2022-09-26,19.55666732788086,20.105498399798652,19.538374296409444,19.68472901629607,43454850
2022-09-27,19.39202117919922,20.032322695450215,19.39202117919922,19.611553277172646,37072181
2022-09-28,18.42241859436035,19.57496339817905,18.404125561679546,19.355431303835392,48605634
2022-09-29,18.385828018188477,18.879774719976556,17.75467225147829,18.58706530488944,46979349
2022-09-30,18.12970733642578,18.49559412402899,17.992500009160306,18.42241676650835,37327418
2022-10-03,19.885967254638672,19.94084984100425,18.193738763640678,18.193738763640678,49619881
2022-10-04,19.66643524169922,20.160383754986512,19.41031359651107,20.123794200808504,38407341
2022-10-05,19.66643524169922,20.01402728296045,19.31884320043799,19.959144696379404,45422267
2022-10-06,20.39820671081543,20.507973616999273,19.867670444412724,19.92255476984754,37815094
2022-10-07,20.782390594482422,20.928745322672114,19.99573436663431,20.379915964303752,54974412
2022-10-10,21.367809295654297,21.82516821554631,21.12998244794815,21.495869234924598,53005456
2022-10-11,22.996007919311523,23.23383478755128,21.075101685665583,21.459281536645996,91359479
2022-10-12,21.861757278442383,22.959419447147525,21.861757278442383,22.941124670575725,65920069
2022-10-13,21.367809295654297,22.172760227002478,21.221454580863718,21.95322815481661,52098667
2022-10-14,21.44098663330078,22.00811071642045,21.3861023067905,21.77028386893336,45479419
2022-10-17,22.86794662475586,23.08747870299121,21.56904718668229,21.587341962706706,75524372
2022-10-18,23.599720001220703,23.782664270405856,22.593531754759905,23.10577326591815,76940098
2022-10-19,23.1789493560791,24.05707761286214,23.05088942146968,23.709485614056963,58436933
2022-10-20,23.25212860107422,23.837547486520737,22.9228296056676,23.178951240393403,64713704
2022-10-21,23.069185256958008,23.76437108379194,22.886242720224427,23.307012124929035,45374736
2022-10-24,23.837547302246094,24.13025674270658,23.361895333840742,23.416777917755613,58166170
2022-10-25,23.087478637695312,24.44126065532749,23.03259605446316,23.983901724125875,65618100
2022-10-26,22.611825942993164,23.30701175890972,22.593532910887262,23.142362257155018,44209277
2022-10-27,22.922828674316406,23.12406771652676,22.355704588253733,22.83135654101041,63726208
2022-10-28,22.172761917114258,22.959419877590737,22.172761917114258,22.831358183873153,20047075
2022-10-31,23.453365325927734,23.471660101816322,22.008111179760448,22.28252758403172,64470090
2022-11-01,24.605911254882812,25.429157019084585,23.270423953239977,23.52654384961754,94221033
2022-11-02,25.520627975463867,25.557217527356666,24.605910114374225,24.7522648325737,66530769
2022-11-03,25.520627975463867,26.069459041054827,25.04497426897265,25.648689662402806,65735847
2022-11-04,25.776750564575195,25.886515734969496,24.880327446049396,25.55721847910067,70678843
2022-11-07,26.288991928100586,26.67317351137913,25.831632983468317,26.069459844039407,53107085
2022-11-08,26.892704010009766,27.14882563199139,25.86822101145489,26.307285153692693,56814524
2022-11-09,29.28926658630371,29.581976025255948,27.00247191363201,27.00247191363201,138467573
2022-11-10,29.655153274536133,30.80769980712507,29.05144133194236,29.38073859656751,115669180
2022-11-11,29.947864532470703,31.832181107278984,29.691741156667945,29.911274980302917,87615673
2022-11-14,30.25887107849121,31.191880305052557,29.728332999297486,29.96615812796818,70866781
2022-11-15,29.216089248657227,30.97234762838451,28.868495481124206,30.60645908473167,67597274
2022-11-16,28.466022491455078,29.581977727861304,28.466022491455078,29.21609090811221,71647023
2022-11-17,28.520904541015625,29.12461821840135,27.057355544901228,28.466021955258544,53851175
2022-11-18,28.648963928222656,29.033145510369494,27.972072901523166,28.539198758858365,37357181
2022-11-21,28.978261947631836,29.10632188912995,28.246486616262697,28.86849503728642,39238648
2022-11-22,29.9295711517334,29.966157216235118,29.12461841337313,29.307562693369363,45392447
2022-11-23,30.094219207763672,30.332044317763017,29.527091618107526,30.203984374734773,44353066
2022-11-24,31.37482261657715,32.50907432420161,30.149100516612624,30.332044790664543,117168263
2022-11-25,31.576061248779297,32.36271917422383,31.045523209992336,31.228467481621347,70949940
2022-11-28,32.106597900390625,32.60054641931897,31.283353858215364,31.740712822547835,56979279
2022-11-29,31.356529235839844,32.78349044970933,31.17358844301746,32.32613148890947,49118832
2022-11-30,30.990638732910156,32.08830074445218,30.990638732910156,31.28334813740518,71256888
2022-12-01,31.850479125976562,32.106599038482464,31.265060189179003,31.37482536748552,50720338
2022-12-02,30.222280502319336,31.92365636862908,29.819802389807066,31.905361591753802,73567508
2022-12-05,30.60645866394043,31.22846708597555,29.929569403672136,30.55157782570726,65055276
2022-12-06,30.95405387878418,31.612651883451463,30.588165322997497,30.734520047437798,56079828
2022-12-07,29.874685287475586,31.210172530966165,29.527091522261692,31.045523036358095,40073028
2022-12-08,29.19779396057129,30.13080484540577,28.520902958179832,29.783214573339297,36179180
2022-12-09,29.61856460571289,30.057628749735997,29.21608826801547,29.380736013509768,36831669
2022-12-12,32.5639533996582,32.5639533996582,29.838094681014468,29.838094681014468,73865655
2022-12-13,32.143184661865234,33.97262036022407,31.996829945571395,32.89325301904262,71562841
2022-12-14,31.246763229370117,34.96051914824646,31.100408505390213,32.38101495724326,110143544
2022-12-15,32.966434478759766,33.46038299007994,31.740712333653367,32.47248596743959,89863040
2022-12-16,32.27124786376953,33.259144915618165,32.25295308621248,33.094495406976726,22994822
2022-12-19,32.454193115234375,33.29573546102813,31.887068951586233,32.38101749220178,80771980
2022-12-20,32.47248458862305,32.92984352649098,32.08830475571244,32.45418981238372,64105917
2022-12-21,31.850479125976562,33.36891080180977,31.850479125976562,32.563958019027076,87756681
2022-12-22,32.106597900390625,32.72860637103254,31.850477996963473,32.198071786880305,66514205
2022-12-23,33.661617279052734,33.826266776567884,31.960241464310737,32.10659618550511,101640168
2022-12-26,34.21044921875,34.83245764013613,33.91773978390614,34.30191960862432,58796677
2022-12-27,35.3264045715332,36.80825009239114,34.00921204236471,34.210451098391026,126763331
2022-12-28,33.84456253051758,35.71058789667645,33.33231924685478,35.619114012430295,81823406
2022-12-29,34.94222640991211,35.8752391382252,33.40549997379315,33.8628589490816,99186393
2022-12-30,34.64951705932617,36.31430345572523,34.52145710412194,35.41788027992359,147654877
2023-01-02,36.6801872253418,37.41196435341972,35.234934725068996,35.234934725068996,124414680
2023-01-03,38.36326599121094,39.66216717362145,37.39366728777967,38.326679928543676,125707403
2023-01-04,37.04607391357422,38.36326639654969,36.5887149763696,38.36326639654969,64003761
2023-01-05,35.820350646972656,37.39366645593271,35.271521336083715,37.1375430867291,57061886
2023-01-06,36.039886474609375,37.21072426412565,33.05790418154881,34.39339147138729,128103646
2023-01-09,33.64331817626953,36.4789453326409,33.0578993667757,36.33259063026744,83938096
2023-01-10,32.78348922729492,34.26533122800816,32.088305168124464,33.42379244641382,80686056
2023-01-11,30.386930465698242,33.588443190618385,30.386930465698242,32.78349044275718,64614872
2023-01-12,31.210172653198242,31.70412113895696,28.777023265915215,31.37482214845115,84168462
2023-01-13,30.93575668334961,32.344422976808524,30.679636807946753,31.22846610934476,62869149
2023-01-16,32.618839263916016,32.710309655614,30.972347787749886,31.283352004643515,48113134
2023-01-17,34.045799255371094,34.942222323373976,32.618838163182126,32.85666326719446,90455672
2023-01-18,34.46657180786133,35.25322978427899,33.899447669497974,34.045802398410196,66684423
2023-01-19,34.137271881103516,34.86904550606415,33.80797287752826,34.338510936482145,41086012
2023-01-20,35.80205535888672,36.89971745432423,35.106871342420206,35.12516611777085,84965254
2023-01-23,36.204532623291016,37.558314564435584,35.71058416805175,36.222823908858516,63305367
2023-01-24,37.064369201660156,37.17413437108107,35.32640382053192,36.13135653815286,62339391
2023-01-25,36.53382873535156,37.50343088764494,34.887337345475615,37.35707617497533,59478054
2023-01-26,35.85694122314453,37.283898867993074,35.600817846619805,36.588714821704265,59104979
2023-01-27,34.79587173461914,35.96670959668405,33.77138511594028,35.54594017617598,48384732
2023-01-30,34.7775764465332,35.545939654581495,34.63122171592267,34.96052073213937,39446098
2023-01-31,33.20425796508789,34.63121909768655,32.96643285434066,34.46656960202625,61890270
2023-02-01,31.83218002319336,33.5884400843462,31.83218002319336,33.49696620704199,49586275
2023-02-02,31.850479125976562,33.20426128966394,30.350342228089794,32.01512863812239,58658925
2023-02-03,33.753089904785156,33.91773939617409,31.301645798962852,31.850475110678193,46139541
2023-02-06,33.936031341552734,34.02750522152969,31.557766292099707,32.655428426221,7742101
2023-02-07,30.55158042907715,33.49696980742147,30.55158042907715,33.49696980742147,21833952
2023-02-08,28.35625457763672,28.35625457763672,28.35625457763672,28.35625457763672,844
2023-02-15,33.60673522949219,33.60673522949219,32.01512464060704,32.01512464060704,14320179
2023-02-16,32.28954315185547,36.40577395422896,32.16148319630338,36.36918439853635,39218301
2023-02-17,30.917465209960938,32.19807170248397,30.47840102407726,30.643050529955136,29925772
2023-02-20,30.42351531982422,31.15529241932282,29.38073748922207,30.91746381517423,40297876
2023-02-21,29.63686180114746,31.00893867176777,29.49050707452284,30.094220758020896,37220526
2023-02-22,30.386930465698242,30.789405094942868,29.54538816353153,29.636862049295278,41120317
2023-02-23,29.527090072631836,30.185688018730303,29.325854525279627,30.021038532205687,23012278
2023-02-24,28.68555450439453,29.801511482416892,28.68555450439453,29.545388092268123,26317310
2023-02-27,29.234384536743164,29.3441532019353,27.66107030739549,28.72214297864862,41215527
2023-02-28,29.19779396057129,29.72833024594221,28.86849497493215,29.45391558770016,29151436
2023-03-01,29.124616622924805,29.691740715614202,29.051439264362113,29.453915608799843,26526581
2023-03-02,29.124616622924805,29.783214594674877,29.051439264362113,29.124616622924805,31854319
2023-03-03,28.68555450439453,29.344152522817165,27.624481857698036,29.06973610024574,26034596
2023-03-06,29.819801330566406,29.892980435468086,28.75873047978037,28.886790423986533,31748693
2023-03-07,29.453914642333984,30.89916699035288,29.453914642333984,30.203982979161182,30513107
2023-03-08,30.93575668334961,31.19187655875247,29.307560065080136,29.399030452189272,49150954
2023-03-09,30.844289779663086,31.557768649932076,30.789405447576243,31.08211490662875,37044931
2023-03-10,32.16147994995117,32.52736849120073,31.027228263574926,31.228467310199356,54996830
2023-03-13,31.191879272460938,32.801784744868414,30.862583756596223,32.4724857396318,34965299
2023-03-14,31.28335189819336,32.23465932185111,31.191878017434863,31.28335189819336,31988599
2023-03-15,29.472211837768555,31.411412807637028,29.289267559998653,31.31994241343801,37467947
2023-03-16,29.947864532470703,30.258868747153393,29.124617055554243,29.911274980302917,27728740
2023-03-17,29.179500579833984,31.027229406729035,29.179500579833984,30.240574945991266,49520353
2023-03-20,28.374549865722656,29.600271999461857,28.155017777622703,29.289267771815435,26781665
2023-03-21,27.953777313232422,28.66725787212302,27.624480070017107,28.46602057100889,23908493
2023-03-22,28.831905364990234,28.831905364990234,27.679360732014537,28.191602209552933,21827763
2023-03-23,29.435623168945312,29.435623168945312,28.502610464714415,28.758732112352106,19749333
2023-03-24,28.978261947631836,29.819800699974692,28.86849503728642,29.581975592817013,24443921
2023-03-27,30.240575790405273,30.6064608659803,28.978264079647328,29.28926831304068,34031935
2023-03-28,28.30137062072754,30.167394117812808,28.30137062072754,30.167394117812808,23012444
2023-03-29,29.234384536743164,29.270974091807208,27.898897181253744,28.301373563528177,22694096
2023-03-30,29.179500579833984,30.021041115278774,28.959968493807423,29.088028441151433,24251084
2023-03-31,29.252676010131836,29.563680214303673,28.35625294854751,28.97826135689119,25088538
2023-04-03,30.112510681152344,30.551578330502547,28.70384606505005,29.36244230501771,30661286
2023-04-04,31.64923667907715,31.923654829604814,30.03933477475639,30.11251038935783,29322795
2023-04-05,31.393115997314453,32.509072878985826,31.393115997314453,31.704120202565246,32712563
2023-04-06,31.61264991760254,32.12488967660376,31.30164571133538,31.41141087549683,26734374
2023-04-07,31.008939743041992,31.75900817907749,30.88087629962077,31.667534290919473,13232468
2023-04-10,32.5639533996582,32.67372205176556,31.210171428011947,31.210171428011947,21583117
2023-04-11,32.74689865112305,33.625026958227956,32.21636410742823,32.618838709175044,32738871
2023-04-12,33.0944938659668,33.460382421326564,32.65542969315819,32.765194864017374,19294821
2023-04-13,33.18596267700195,33.423791273451876,32.54566296972531,33.09449228721149,22612508
2023-04-14,33.57014465332031,33.95432446238075,33.24084568019905,33.42378994186326,23448052
2023-04-17,34.009212493896484,34.41168712192077,33.38720403007681,33.75309259327848,21959666
2023-04-18,33.57014465332031,34.155563499148535,33.13108051894915,34.11897394894138,21990403
2023-04-19,33.99091720581055,34.44827615825115,33.4786739229032,33.515263476547695,17671657
2023-04-20,35.25322723388672,35.49105234264914,33.89944521704496,33.917739993006954,11524317
2023-04-24,34.411685943603516,35.673997605116355,34.11897649881384,35.36299338385585,17168167
2023-04-25,32.4176025390625,34.576337435871,32.271247808229994,34.50316181514076,17974065
2023-04-26,31.978534698486328,32.82007692179998,31.027227311913197,32.38101277939045,25448096
2023-04-27,31.868770599365234,32.39930514731094,31.393116890195994,31.795591495167624,17774437
2023-04-28,30.27716064453125,31.978536471559465,30.27716064453125,31.868771302213982,20288284
2023-05-02,29.892980575561523,30.935758399695008,29.746625854444048,30.350339515225105,16903540
2023-05-03,29.673446655273438,30.185689922249082,28.283076809058393,29.9112752571939,19400275
2023-05-04,29.490507125854492,30.569871055732392,29.179501150378375,29.380738463666017,15190468
2023-05-05,28.72214126586914,29.80151039497459,28.703846489428084,29.307561899181547,11942362
2023-05-08,29.710037231445312,29.74662678521251,28.74043673753188,29.014851412042074,13370906
2023-05-09,29.61856460571289,30.295453852567483,29.21608826801547,29.856389708544377,17531537
2023-05-10,30.825990676879883,31.283349578645545,29.691739065177583,30.47839693451396,26654137
2023-05-11,32.856666564941406,33.40549941980915,30.46010655119773,30.807700343676768,37183813
2023-05-12,31.55776596069336,33.240846951505205,30.825992375421187,32.91154796578981,40685398
2023-05-15,28.42943000793457,31.6492354346626,28.42943000793457,29.94786320664327,39051776
2023-05-16,29.508798599243164,29.63686203926909,28.466022472178867,28.48431550463945,40772043
2023-05-17,30.771106719970703,30.82599104501177,29.435619548315405,29.545384709025985,26323867
2023-05-18,29.563682556152344,31.1369984771053,29.52709300232276,30.917464643499716,27545319
2023-05-22,29.088027954101562,29.94786499650887,28.667258565767494,29.783215498574354,23614752
2023-05-23,28.63066864013672,29.124617127506898,28.48431392047575,28.923379824144536,12556881
2023-05-24,28.30137062072754,29.344150150705556,28.264781069468107,28.64896263426299,17851155
2023-05-25,28.2830753326416,28.813611603489854,27.972071131314785,28.53919695275951,14885063
2023-05-26,29.947864532470703,30.258868747153393,28.319664354721677,28.37454868297336,21865694
2023-05-29,30.862585067749023,31.576063949824885,30.27716265058426,31.283354485928527,34776123
2023-05-30,31.83218002319336,32.45418843137545,31.082111676157012,31.100406451617854,33953437
2023-05-31,30.643047332763672,32.16147879236456,30.588163006740167,31.81388503962558,34448162
2023-06-01,30.880874633789062,31.576062188800737,30.73451991000321,31.02722935757491,21253470
2023-06-02,32.454193115234375,32.50907744953792,31.630949036913936,31.996834130821195,32639179
2023-06-05,33.27743911743164,33.49696946557404,32.563956762538915,32.94814010584607,40796267
2023-06-06,33.00302505493164,33.80797433234068,32.72860688056234,33.25914496234615,34758005
2023-06-07,33.69820785522461,34.46657103717586,33.515263575832044,33.62502874771882,36698776
2023-06-08,32.92984390258789,33.753091395901315,32.381014566626824,33.533557567893794,25648822
2023-06-09,34.15556716918945,35.43617364906947,32.65543034322094,33.295733583160946,105280639
2023-06-12,33.753089904785156,35.619111658240314,33.753089904785156,34.57633387235817,94400918
2023-06-13,33.149375915527344,34.72268822084378,32.96643165043335,34.02750420073256,48944912
2023-06-14,32.03342056274414,33.6616172718549,31.795591959996763,33.13108271615315,35488998
2023-06-15,32.71030807495117,32.82007672693052,31.813885020016112,32.490777749735685,31974368
2023-06-16,32.67372512817383,33.789678614698815,32.67372512817383,32.80178507831834,42337518
2023-06-19,31.22846794128418,32.746899486223334,31.22846794128418,32.67372387011768,23581680
2023-06-20,31.3199405670166,31.685825611614316,30.78940254169817,31.11870152439628,22562713
2023-06-21,30.460105895996094,31.99683227357535,30.350340723132412,31.35652903468867,26712455
2023-06-22,31.64923667907715,31.64923667907715,30.277159883925737,30.64304842504814,43408403
2023-06-23,32.47248458862305,32.89325397401232,31.740710985908716,32.124890818819324,43081354
2023-06-26,33.55185317993164,34.24703725542028,32.655430047872024,32.655430047872024,51729548
2023-06-27,33.20425796508789,33.71650122818345,33.167668412858546,33.405497012977534,14629991
2023-07-03,34.247039794921875,34.74098833983892,33.86285991956783,33.97262509975868,65203143
2023-07-04,34.22874069213867,34.795868278445774,34.08238597391755,34.37509889973151,53253823
2023-07-05,36.076473236083984,36.698481696134735,34.301921740863854,34.301921740863854,109927073
2023-07-06,36.99119186401367,37.3936699867489,35.98500353591958,36.14965304260727,63609090
2023-07-07,36.552127838134766,37.540024882643706,36.3143027104041,36.936311185234466,40003638
2023-07-10,36.6801872253418,37.320490467724,36.49724643269427,37.229020071400235,32798993
2023-07-11,38.16202926635742,38.491328245891616,36.47894830713837,37.320487042062084,67434505
2023-07-12,38.765743255615234,39.60728199827946,38.0888505148609,38.16202961737344,73746803
2023-07-13,38.93039321899414,39.33286781957881,38.03397013857486,38.8206245638942,36001648
2023-07-14,39.0218620300293,39.5341052649883,38.71085783190625,39.149921966426156,33839569
2023-07-17,40.63176345825195,40.63176345825195,39.57069093788863,39.69875436240153,55516747
2023-07-18,40.942771911621094,44.107698516323644,40.192703508320115,40.75983112203306,136557691
2023-07-19,43.10150909423828,43.81499147243542,40.9976584940672,41.16230800523792,112966193
2023-07-20,42.60755920410156,43.5771578936378,41.87578213129544,43.35762756329331,67236906
2023-07-21,42.99174118041992,44.38211280327727,42.516087455018315,42.60756133838701,59596654
2023-07-24,41.80260467529297,43.814984558075835,41.253771894876806,43.22956222775762,48596848
2023-07-25,41.290367126464844,42.150204220621696,40.37564918927467,42.07702511074791,39101297
2023-07-26,42.278263092041016,42.64414816393445,40.79641755935104,41.12571656661548,39289786
2023-07-27,44.65652847290039,44.821177977272775,42.16849461960378,42.552677959596664,74896709
2023-07-28,47.74827194213867,48.297101250347076,44.29063613443647,44.82117415649335,82613419
2023-07-31,47.29091262817383,48.61725418289408,46.69634464142529,47.70253635058654,57917576
2023-08-01,46.1932487487793,48.02268434279036,46.05603968347988,47.15370173776081,43234952
2023-08-02,47.42811965942383,48.159896739139874,45.78162820880617,46.0103076738745,41569284
2023-08-03,46.33046340942383,48.29710481687475,45.96457485068454,47.42812210689788,33217990
2023-08-04,47.61106491088867,48.02268865437193,46.37619716981068,46.83355610937613,37519916
2023-08-07,48.66299057006836,49.30329376626104,47.33664898282031,47.885478299915924,44583975
2023-08-08,49.1203498840332,50.44669148172003,47.88547867679165,49.486234935186026,48765256
2023-08-09,49.44050598144531,49.89786497015317,47.93122341233267,49.30330037845626,45163444
2023-08-10,46.87929153442383,50.21801320530712,46.42193259262457,49.66918038152493,37607986
2023-08-11,48.800193786621094,49.21181749915456,46.376193682806715,46.879287780626946,43296409
2023-08-14,49.57770919799805,51.0412563926589,48.61725613341613,49.02887638297141,57529236
2023-08-15,50.58389663696289,50.94978517437404,49.02887558702303,49.8063878566788,52896089
2023-08-16,49.44050598144531,51.36141582764163,49.44050598144531,50.72111254557619,48391321
2023-08-17,49.07461166381836,50.17227023898814,48.525778886861964,49.66917614380674,33524297
2023-08-18,47.29091262817383,50.629630622473364,45.7358916153767,49.852121860760604,63364870
2023-08-21,52.001708984375,52.001708984375,46.83355516510975,47.33664929061391,38263703
2023-08-22,53.73967742919922,55.431904173774164,52.77922431770068,53.78541262700926,112940206
2023-08-23,52.50481033325195,57.30707944338944,52.001712682597116,54.19703710012304,114574428
2023-08-24,51.22419738769531,54.56291879174906,50.90404754977083,52.962162623383584,67768661
2023-08-25,53.05363464355469,54.242767135966936,50.9040491184007,52.138916804872714,58088804
2023-08-28,53.78540802001953,55.93499702668758,53.37378429624295,53.648202438341755,50009111
2023-08-29,53.55672836303711,55.02027898778661,52.64201053108303,53.83114301474901,44877776
2023-08-31,51.041255950927734,54.05982419464922,51.041255950927734,53.87688341392867,34258667
2023-09-01,52.138916015625,52.64201012141022,51.31566857752439,51.45287764699835,27437226
2023-09-04,53.37378692626953,55.203222687092776,52.04744879117011,52.73348720147883,54446298
2023-09-05,53.83114242553711,54.42571040554803,52.687745148109634,53.23657793489777,30241329
2023-09-06,52.550540924072266,54.51718219835746,52.23038758451073,54.425711809552254,29304818
2023-09-07,53.968353271484375,54.60865646580005,52.87069115113917,52.87069115113917,32010417
2023-09-08,53.9226188659668,55.34043085953508,53.51099512864136,54.654392460449934,24425371
2023-09-11,54.01409149169922,55.79779210099897,53.87688589982809,54.288506164813356,52259371
2023-09-12,55.386165618896484,57.307075214835265,53.922618441452215,54.05982402656603,57965354
2023-09-13,54.10556411743164,56.575299607397326,53.236581431635074,55.70632041097256,31685014
2023-09-14,55.066017150878906,55.066017150878906,52.276128310851874,54.242769661978954,25849551
2023-09-15,51.727291107177734,55.02027729449095,51.727291107177734,54.83733303585608,31143060
2023-09-18,49.44050598144531,52.87069839675427,48.98314699273745,52.04745431070342,39575173
2023-09-19,49.3947639465332,49.897858066632814,47.931216780903114,49.62344340924864,30526111
2023-09-20,48.84593200683594,50.35521428602754,48.434308298194054,49.669175934748225,27431246
2023-09-21,50.67537307739258,50.67537307739258,48.11416016480116,48.571519114996505,20532540
2023-09-22,49.80638885498047,50.85831231472145,49.3947651144854,50.67537153172077,18374241
2023-09-25,50.492427825927734,50.90405157104166,49.531974746909775,49.9435950026519,44316027
2023-09-26,48.48004913330078,51.45288233487111,48.48004913330078,50.72110870620511,37682828
2023-09-27,48.38857650756836,49.440499959854435,48.38857650756836,48.89167063599837,21869177
2023-09-28,47.29091262817383,48.983139222194126,47.19943875132011,48.4800451122993,32305132
2023-09-29,48.75446319580078,49.07461655326604,47.611065824935984,47.611065824935984,25224744
2023-10-02,49.53197479248047,49.8521246559904,48.70872730149521,48.800197694106096,26005023
2023-10-03,51.22419738769531,51.22419738769531,49.30329138140535,49.94359105725432,46651575
2023-10-04,49.57770919799805,51.68155959883743,49.4862353174744,51.59008920768554,28354991
2023-10-05,50.81257629394531,51.04125575835494,48.29710218543939,49.62344377688958,30543287
2023-10-06,50.53816604614258,51.3156748972575,49.98933667939934,50.58390124514251,18215731
2023-10-09,48.57151412963867,50.21800897284393,48.38857335983499,49.53197061796558,16785310
2023-10-10,49.349029541015625,50.08080313553262,49.02887619447137,49.12035007464333,20329768
2023-10-11,50.58389663696289,51.95597341819717,49.34902892960071,49.39476412443418,41973227
2023-10-12,49.53197479248047,51.40714575597823,47.97695369249264,51.13273108877374,21650146
2023-10-13,48.48004913330078,49.57771132098575,48.02269017921304,49.53197612345136,17655712
2023-10-16,47.06223678588867,49.2118224612154,46.92502770475212,49.02887818282396,20768477
2023-10-17,48.068424224853516,48.15989810710216,46.69634739547023,47.29091541728504,21820643
2023-10-18,45.73589324951172,47.61106417486735,45.73589324951172,47.2451791224943,19374126
2023-10-19,45.04071044921875,46.46766812474694,44.91264701351714,45.735894510454045,21734626
2023-10-20,44.80287551879883,45.73588805382134,44.14427761422497,44.93093544705011,23029644
2023-10-23,45.55295181274414,46.60487881867789,45.00412245535294,45.205358025398006,25383096
2023-10-24,46.51340103149414,46.51340103149414,45.498067154420035,45.8273626476115,39593041
2023-10-25,44.345523834228516,48.61725828610478,43.9979300515913,48.022690249175746,52849393
2023-10-26,45.7816276550293,46.559139920479836,44.05281147832401,44.96752932753288,42439200
2023-10-27,46.60487365722656,46.83355311237549,44.91264359550153,45.6993014795133,34078301
2023-10-30,45.64442443847656,47.19944207128042,45.22365155409594,46.60487753208243,24125297
2023-10-31,43.90645980834961,46.193254590034485,43.449100852012634,45.73589563369751,24366223
2023-11-01,45.05900192260742,45.51636086960225,43.77839896464499,44.30893352868564,30028240
2023-11-02,45.73589324951172,46.833555385374346,45.113884822168615,45.29682909304101,25603354
2023-11-03,45.71760177612305,46.05604643359456,44.766294290361614,45.781631752148144,27253810
2023-11-06,46.97076416015625,47.83974688876307,46.23899051636124,46.28472571484118,20760554
2023-11-07,48.57151412963867,49.34902635879038,47.33664648660625,47.56532593823236,43599549
2023-11-08,50.62963104248047,51.36140810589438,48.571515902715056,49.303292966128964,56654413
2023-11-09,50.81257629394531,51.498614687174204,49.48623470249512,50.30948217011847,40745367
2023-11-10,50.309486389160156,51.22420432350852,50.1722773032591,50.766845356334336,30384907
2023-11-13,49.30329513549805,50.72110715184653,49.12035086159493,50.53816287794342,22482267
2023-11-14,50.858314514160156,50.858314514160156,48.70872881659443,49.39476725063097,22695074
2023-11-15,49.6691780090332,52.18465206877529,49.12034870083813,51.13272864650613,31180147
2023-11-16,50.218013763427734,50.446693236868896,49.66918093354584,49.66918093354584,19835841
2023-11-17,51.81877136230469,52.09318603936352,49.48623788387479,50.21801500852759,41171406
2023-11-20,52.459068298339844,54.471448304444266,52.27612751636178,52.642012569689655,39644464
2023-11-21,52.59627914428711,53.78541171402271,52.093184998172646,52.77922342179379,25839057
2023-11-22,52.59627914428711,53.96835599152938,52.5048087502197,52.73348822476008,33207310
2023-11-23,52.413333892822266,53.419525655725735,52.18465442253127,52.687748559297106,30360049
2023-11-24,53.09937286376953,53.14510806043577,51.590090437552625,52.41333444566044,23318703
2023-11-27,53.6482048034668,53.92261946829177,52.687748242521735,53.328051453361184,30734062
2023-11-28,53.83114242553711,54.88306931651902,53.37378351456612,53.64820165264597,42345217
2023-11-29,52.36759948730469,54.51718514474662,52.138920013561005,53.922620606636144,37299270
2023-11-30,52.91643142700195,52.91643142700195,51.635828404776404,52.36760205881558,41129904
2023-12-01,53.51099395751953,53.92261768583632,52.6420113064889,53.23657930176556,25919495
2023-12-04,52.687747955322266,53.876883978701485,52.36759809633356,53.60246582600058,23707352
2023-12-05,52.962162017822266,54.10555926786704,52.50480311780436,52.73348256781331,42673310
2023-12-06,52.77922058105469,54.15129735444759,52.55054111882254,53.053635237858934,38016348
2023-12-07,53.05363464355469,53.28231410322518,51.31566935431028,53.05363464355469,48723072
2023-12-08,53.51099395751953,54.2885027303844,52.82495557344877,53.32804969055966,43975484
2023-12-11,53.05363464355469,54.74586124936769,52.00170773332176,53.46525836883591,50313412
2023-12-12,50.94978713989258,53.099372784336715,50.40095431260321,52.96216719454325,36755643
2023-12-13,47.74827194213867,50.62963104429026,47.74827194213867,50.49242546192398,36927540
2023-12-14,51.13273239135742,51.315673181239546,48.48004906560392,48.48004906560392,30278736
2023-12-15,51.773033142089844,52.23039210443824,50.8125800190326,50.8125800190326,22580614
2023-12-18,50.12653732299805,52.18465247896452,49.94359305570447,51.54434928812284,21797322
2023-12-19,49.85212707519531,50.172276954241354,48.937409147210076,50.172276954241354,28329675
2023-12-20,50.20384979248047,50.48353983100429,49.31817652517692,50.11062215057691,20507968
2023-12-21,52.16166687011719,52.39473955179206,49.784326228314896,50.11062656009696,28806291
2023-12-22,51.322601318359375,53.466869175073924,50.80984215468518,52.16166435448567,23696232
2023-12-25,49.411407470703125,51.32260270876028,49.03848976534264,51.04291620794332,12717219
2023-12-26,49.50463104248047,50.110621374690496,48.61895778889022,49.737703700037166,22456152
2023-12-27,50.06401062011719,50.530155963774874,48.71218841222854,49.50463407388392,29235298
2023-12-28,52.394737243652344,52.62780991505969,50.203851998579275,50.203851998579275,23631399
2023-12-29,52.30150604248047,53.18718290513064,51.78874687665355,52.627809916302496,22008729
2024-01-02,54.63223648071289,55.098381855314216,53.42025921803083,53.606718079152756,38895345
2024-01-03,53.79317092895508,54.86530303688453,53.37363942741461,54.53900273369004,22903817
2024-01-04,55.005149841308594,56.4501996767057,53.42025498205735,53.839786497213076,41573149
2024-01-05,57.10280227661133,57.1960299189901,55.09837595780846,55.19160715659382,33566147
2024-01-08,57.8952522277832,58.31478376261781,56.68327500435524,57.61556572336242,28262037
2024-01-09,58.268165588378906,58.734310913085935,57.28926111777546,58.5478520719218,27787702
2024-01-10,57.33587646484375,58.17493949420901,56.729886104034755,57.94186682565274,31292698
2024-01-11,56.729888916015625,57.89525231656161,56.4035885864255,57.662179636452414,21817667
2024-01-12,56.86973571777344,58.22155801578879,55.33145455858235,56.45020416922978,56749135
2024-01-15,58.128326416015625,59.24707601913814,56.9163491611358,57.10280802105738,45062809
2024-01-16,59.89967727661133,60.412440005038476,58.22155473345065,58.361396204143425,43681590
2024-01-17,60.59889602661133,61.15826902890963,58.73431461040791,59.38691881736047,32859024
2024-01-18,60.08613204956055,60.878584825311464,59.713221464281865,60.692122419858634,18279199
2024-01-19,59.9929084777832,60.50567123658696,58.5478585232443,60.36582620120285,30070653
2024-01-22,60.22597885131836,61.76425995579911,59.6199920195584,60.17936858319088,27962315
2024-01-23,61.158267974853516,62.51009374599061,60.552277602468855,61.06504032821284,31513401
2024-01-24,61.53118896484375,62.323634672888815,60.59889822295218,61.251498897150725,17817393
2024-01-25,62.4168586730957,63.06946642193024,61.57780274472962,61.81087541656763,27175107
2024-01-26,64.32805633544922,66.0527926552138,62.1371746799205,62.60332001568462,61443022
2024-01-29,64.60774993896484,65.49342328055143,63.44238653539631,64.51451517642836,42856609
2024-01-30,64.65435791015625,66.1926389707721,64.14160229849328,64.98065822899876,46322243
2024-01-31,63.90852737426758,64.70097301005316,63.209309381607376,64.65435563208385,26394826
2024-02-01,64.8408203125,65.54003832976142,63.722067217193654,63.955139889614124,38061511
2024-02-02,65.44680786132812,66.65878868249915,65.02727986859183,66.09941565457943,28744825
2024-02-05,65.30696105957031,65.91294427495004,64.9806536509037,65.67987161893845,25498965
2024-02-06,64.65435791015625,65.95956629833981,64.51451288413418,65.49342095347521,33219302
2024-02-07,63.488990783691406,64.8408164713362,63.39576314280871,64.79419909448832,27049820
2024-02-08,64.00175476074219,64.46790008731305,63.722064719674385,63.815292362425915,20097011
2024-02-09,63.72206497192383,64.74758327187669,63.395764664595184,64.18821030033997,24279017
2024-02-12,66.09941101074219,66.19263865671007,64.0483672353814,64.3746746654892,44728581
2024-02-13,63.67546081542969,66.006187681107,63.349153363983724,66.006187681107,29808683
2024-02-14,62.92961883544922,64.18820978959556,62.090555828413926,64.00175450483802,28163335
2024-02-15,64.1416015625,64.65435716827935,63.06946585905097,63.25592114973193,33915379
2024-02-16,63.53561019897461,64.93404619552072,63.442382555100856,64.51451112886892,23407878
2024-02-19,62.23040008544922,64.46789903917406,61.85748240769289,63.81529132489722,32909943
2024-02-20,62.78977584838867,62.88300349378583,61.62441249889069,62.463475533091916,33651559
2024-02-21,61.29811477661133,62.97624091600146,61.06504209685235,62.8830061538469,30808097
2024-02-22,61.90409851074219,62.32362644407606,60.73873523724483,61.53118084066045,34555730
2024-02-23,63.72206497192383,63.908527370978234,62.137173700434246,62.137173700434246,35022192
2024-02-26,62.92961883544922,64.51451009432785,62.51009088833816,64.04836476962082,34821585
2024-02-27,61.065040588378906,62.92962198039048,61.065040588378906,62.92962198039048,22299482
2024-02-28,60.925193786621094,61.81087418971421,60.1793655192311,61.15826645383297,23294352
2024-02-29,62.4168586730957,63.06946642193024,60.69212232405707,60.69212232405707,32352913
2024-03-01,61.81087875366211,62.74316949134743,61.251498620799836,62.463479424916294,15840853
2024-03-04,59.61998748779297,62.18378320637321,59.57337366680179,62.13717294178861,18742920
2024-03-05,59.29368591308594,60.365821619233465,58.68769910403419,59.66660360819987,25622901
2024-03-06,58.17494201660156,59.89967841613773,58.17494201660156,59.247074204602725,22000473
2024-03-07,59.94629669189453,59.99290696063454,58.31478436049781,58.31478436049781,20402386
2024-03-08,61.065040588378906,61.065040588378906,59.57337689733236,60.08613251244742,22336141
2024-03-11,57.8952522277832,62.183788112653495,57.8952522277832,61.62441510381193,48499523
2024-03-12,57.33587646484375,59.013998967167595,56.82311730530128,58.17493949420901,23612053
2024-03-13,57.802024841308594,59.48014743187166,57.802024841308594,59.48014743187166,40037115
2024-03-14,57.708797454833984,58.128325437083625,57.009579409208726,58.08171161198999,30422117
2024-03-15,59.29368591308594,59.29368591308594,57.14941805719759,58.08170873857572,30811646
2024-03-18,59.5733757019043,60.27259370987779,58.54785382303249,59.433530677746916,21267608
2024-03-19,60.645511627197266,60.97181194289323,59.29368587243767,59.340303251599984,24583045
2024-03-20,59.94629669189453,61.34473278474295,59.29368891421033,60.785352657352554,26492559
2024-03-21,64.37467193603516,65.40019022382735,60.59889197551257,60.59889197551257,75586189
2024-03-22,64.93405151367188,65.77311460288215,64.04837104230008,64.37467849180298,28119213
2024-03-25,64.60774993896484,67.77753270642025,63.582224453573545,64.79420523841031,38807689
2024-03-26,61.76425552368164,65.26034545898438,61.391337841353376,64.56112747192383,24415556
2024-03-27,62.23040008544922,63.30253574169373,61.43795446572522,61.81087214348154,23812654
2024-03-28,63.76868438720703,64.00175705886143,62.09055830616995,62.46347600337969,21499475
2024-03-29,63.11608123779297,64.79420744110547,62.92962593200891,63.62884399792012,18037093
2024-04-01,62.69654846191406,63.6288391453626,60.97181212009696,63.39576647450047,25723617
2024-04-02,62.46347427368164,64.09498293008377,61.95071156511566,63.11607489111719,42363211
2024-04-03,63.86191177368164,64.56112978580224,62.5567033951605,63.11607638229429,43546310
2024-04-04,66.28587341308594,67.12493654242914,64.00176383419841,64.00176383419841,42046821
2024-04-05,68.98951721191406,69.36243494373048,66.56556262432855,66.56556262432855,32244035
2024-04-08,69.87518310546875,69.96841786303177,68.4301368298156,68.98950981112692,23519909
2024-04-15,68.29029846191406,70.294725027045,68.0106083875929,69.87518991556324,20074197
2024-04-16,68.29029846191406,68.98951653490295,67.03170735309689,68.05722577091777,20331083
2024-04-17,69.82857513427734,70.34133075365786,68.52336672644893,68.80305678270273,31896733
2024-04-18,70.24810028076172,71.2736185910943,69.31580961449332,70.34132792482589,31454419
2024-04-19,71.36685943603516,72.67206078990255,69.8751885525057,70.06165096935385,40472000
2024-04-22,72.15930938720703,73.88404594571125,71.55331894426925,71.55331894426925,27168652
2024-04-24,72.99836730957031,73.37127791287963,71.27362376160248,72.53222194261984,24415751
2024-04-25,73.18482208251953,74.21034045983922,71.92623102340839,74.11711280968538,19030504
2024-04-26,73.74419403076172,74.21033938760954,72.4389856090251,73.23143840591733,22199065
2024-04-29,74.76971435546875,74.76971435546875,73.04497791243178,74.35018636842138,23534815
2024-04-30,75.32908630371094,75.56215896292686,73.88403297144698,74.72309596718692,34370136
2024-05-02,75.46893310546875,76.2613859304698,74.95617746243657,75.56216787039635,34950463
2024-05-03,76.54106903076172,77.38013212699067,75.46893324740329,75.74862331708424,30938078
2024-05-06,76.680908203125,77.5665815013792,74.86294422762916,76.4478355338146,31360081
2024-05-07,79.01163482666016,79.43116278592414,76.63429075666184,77.00720844979283,41878037
2024-05-08,78.31241607666016,79.24470674423945,77.93949838706578,78.96501669884033,14865767
2024-05-09,78.12596130371094,79.61762495911648,77.42674329841333,78.82517930900855,17208847
2024-05-10,78.31241607666016,79.9439247449239,77.84627074287052,77.84627074287052,24959574
2024-05-13,77.70643615722656,79.29133477267328,77.24029076082711,78.49888190854278,17406143
2024-05-14,77.47335815429688,78.31242123292671,76.63429507566704,77.89289325001869,23852483
2024-05-15,77.19367218017578,78.31241816599314,76.82075448063216,77.47335512022336,30031137
2024-05-16,79.01163482666016,79.01163482666016,77.2868984978444,77.47335378800321,20922023
2024-05-17,81.48220825195312,82.22803654105576,79.01163648502103,79.10486413205716,25886332
2024-05-20,81.2025146484375,82.6475680091776,80.73636932081982,81.90173263986402,22491227
2024-05-21,84.46553802490234,85.81736384003898,81.34236552749812,81.43559317717319,28163303
2024-05-22,85.86397552490234,86.88949391387283,84.79183975391847,84.79183975391847,17919695
2024-05-23,86.42334747314453,89.40668206465656,86.2835095544663,86.70303753612852,19140962
2024-05-24,85.58428192138672,88.33453641041154,85.58428192138672,86.46995516692,17446698
2024-05-27,83.53324127197266,85.95719555259966,82.69417825984436,85.39782258211854,17614684
2024-05-28,84.60538482666016,85.30460288307884,81.66866756713893,84.88507489435318,26569661
2024-05-29,85.3978271484375,86.00381752920056,83.06710038612854,84.6519988521868,27765368
2024-05-30,89.26683044433594,89.91943105937811,85.49105043681314,85.49105043681314,35064091
2024-05-31,92.85615539550781,95.74625523937095,89.49991018609212,90.66527359997353,61254876
2024-06-03,95.65302276611328,99.84833084456399,91.92386002971266,93.13584076416825,51197784
2024-06-04,92.99598693847656,96.39884903598086,92.4832242656205,96.02593137506852,47871236
2024-06-05,93.97490692138672,95.18688058325347,90.05928165052096,93.04261620634445,40680718
2024-06-06,92.25016021728516,95.00042199921386,91.92385990087014,94.8139595949671,24122577
2024-06-07,90.99156188964844,93.69520607456154,90.71187897502404,92.5764601904382,25642189
2024-06-10,92.2967758178711,94.90719252451196,88.84730320313659,90.99156746455066,39379068
2024-06-11,89.12699127197266,93.60198956619615,89.12699127197266,92.29678113764649,27392700
2024-06-12,91.31786346435547,92.48322674038253,88.94052664894804,89.12698192798719,26876590
2024-06-13,90.52542114257812,93.50875550510077,90.52542114257812,92.29677480894888,21511022
2024-06-14,91.92385864257812,93.88166762708235,90.94495770673268,92.9027666912369,20415199
2024-06-20,96.30563354492188,96.30563354492188,92.20355298316161,92.9027710182521,27649541
2024-06-21,94.1613540649414,97.33114364414561,93.97489878320536,96.0259353335541,20437993
2024-06-24,93.22906494140625,94.62750091552734,91.08479360262864,94.53427327314857,21062314
2024-06-25,93.41552734375,94.81396342442179,91.92386361359617,93.22907204478592,18208694
2024-06-26,91.41110229492188,93.69521157271346,90.199121588657,93.22906624150593,21506877
2024-06-27,92.62307739257812,93.04261246516614,90.57204074708133,91.8306317392186,16968371
2024-06-28,93.78843688964844,95.00041756584599,92.48322857208487,93.18244655154966,25073154
2024-07-01,92.57646942138672,95.28010676307099,91.17803337038579,94.34781606240371,19353285
2024-07-02,95.0936508178711,95.6530238118841,91.92386103471269,92.52985140856575,15731733
2024-07-03,97.61083984375,98.35667529776865,95.37334770732213,95.46657536087095,18509880
2024-07-04,100.22125244140625,100.22125244140625,97.51760792972651,97.79729799096755,16922082
2024-07-05,98.82281494140625,100.22125100189784,97.61083417718808,100.22125100189784,12427330
2024-07-08,101.33999633789062,104.13686844045777,99.8483326390842,100.2212503419892,31547385
2024-07-09,101.99260711669922,104.04364387419803,100.22125331005182,101.61968940275023,18952400
2024-07-10,101.61968994140625,104.13687207648069,100.68739920799885,101.15354457470255,14848661
2024-07-11,103.67072296142578,106.00144971067378,102.27228691187698,102.27228691187698,25249752
2024-07-12,103.5774917602539,104.13686473831851,102.08582811447718,103.39103647183681,15500542
2024-07-16,101.61968994140625,104.32333449085046,100.8738545095548,103.7639614733688,18780623
2024-07-17,101.99260711669922,102.64520778149962,99.66188029553523,101.61968940275023,15295908
2024-07-18,102.64520263671875,104.50978400019343,102.08582965023903,102.64520263671875,16960370
2024-07-19,102.92489624023438,103.76395930533248,101.5264601693421,102.64520618093046,13694488
2024-07-22,107.0269775390625,107.49312289922773,102.92489694704572,103.57749760615155,23607849
2024-07-23,103.76395416259766,107.02697149962509,102.45874580522401,107.02697149962509,20092476
2024-07-24,100.12802124023438,103.48426629200705,100.12802124023438,103.48426629200705,23569779
2024-07-25,100.68739318847656,102.55197454381873,98.17021120389,99.75510251080549,24040787
2024-07-26,99.10250091552734,102.64520118845579,99.10250091552734,102.17905585416416,19709820
2024-07-29,98.44989776611328,99.84833383413425,96.678543990724,98.07698005874497,19502047
2024-07-30,98.26344299316406,99.661879068647,97.6108352235838,98.72958835165838,11980151
2024-07-31,98.44989776611328,99.38218847812726,97.42437940546064,97.79729711282896,15493373
2024-08-01,100.22125244140625,103.01812460256178,99.56865178226212,99.75510708121367,16221397
2024-08-02,95.55979919433594,99.10250679008072,94.72073612031073,98.91604437762304,14914616
2024-08-05,93.41552734375,94.81396342442179,88.66084609202866,88.66084609202866,24046908
2024-08-06,95.74625396728516,97.51760775541344,94.25459023989798,95.74625396728516,20274373
2024-08-07,98.72958374023438,99.47541201130119,95.83948407512204,96.77177474856559,18432247
2024-08-08,98.82281494140625,98.91604258954295,97.14468882369088,98.07697953068528,13135194
2024-08-09,95.83948516845703,100.40770383019387,95.74625040979836,99.38218550026954,13340945
2024-08-12,96.67854309082031,99.19573225751573,96.2123977391523,96.2123977391523,12512458
2024-08-13,96.30563354492188,97.14468949677952,94.16136205885225,96.95823419921419,12295446
2024-08-14,96.4920883178711,99.00927038538576,95.83948766712689,97.1446889686153,16655502
2024-08-15,97.89051818847656,98.54311879794113,95.74624684969895,97.14468282382003,14365633
2024-08-16,96.4920883178711,98.72958744055838,96.11917061195427,98.72958744055838,11017443
2024-08-19,99.10250091552734,99.47541149271,95.93271121978155,96.67853948696018,15554465
2024-08-20,94.34781646728516,99.56865010367734,94.16136117147698,99.10250475134329,26432583
2024-08-21,91.55094146728516,95.0936488784712,90.89834083971512,94.34781349312254,28961389
2024-08-22,88.56761932373047,93.18245559073617,88.56761932373047,93.13584532193828,27820449
2024-08-23,87.63533020019531,89.17361135499557,86.74965683585083,88.5676209470059,23757933
2024-08-26,84.83845520019531,88.47439041705213,84.41892722290224,88.10147270789513,22040316
2024-08-27,89.96604919433594,89.96604919433594,84.09261515828506,84.79183315720476,27339822
2024-08-28,90.47881317138672,91.08479642201256,88.61423181484346,89.77959516268301,24175798
2024-08-29,91.69078826904297,92.5764686954197,89.49990656221804,90.47881463536771,22123890
2024-09-02,93.22906494140625,94.81395620028488,92.20354664961341,92.20354664961341,15621840
2024-09-03,92.76292419433594,93.3222971890255,91.41110553110168,93.3222971890255,13781479
2024-09-04,93.32229614257812,93.78844148506136,90.99156943016202,91.3644871267113,20966836
2024-09-05,92.25016021728516,93.78844126645701,91.45771455947343,93.69521362074036,15305726
2024-09-06,91.36449432373047,93.13584818726356,91.27126667045273,92.20355742885815,13278555
2024-09-09,89.36006927490234,91.55095117147403,89.36006927490234,90.57205012635772,13757141
2024-09-10,90.5720443725586,92.57647083210014,90.10589901512166,90.15250928317715,20770497
2024-09-11,91.55094146728516,92.90276721412792,90.15250545436646,90.5254231470408,20944249
2024-09-12,91.17803955078125,93.41553169379762,88.38116725919672,92.94938631186687,25655405
2024-09-13,88.1947021484375,90.991574354706,86.33012067759182,90.24574603405604,43757433
2024-09-16,85.02490997314453,88.84730757737469,84.46553696927127,88.33454484134957,21991691
2024-09-17,85.63090515136719,86.46996826055533,85.35122219018051,85.39783246063793,13928571
2024-09-18,85.44444274902344,86.19027102973872,85.02490767285848,85.58428777441176,14019922
2024-09-19,87.44886779785156,87.49547806372044,85.81735912336039,86.2835044589293,21273411
2024-09-20,87.26240539550781,89.22021438232493,87.16917775095716,87.96162339885774,27245065
2024-09-23,88.33454895019531,88.98714963293396,86.51658482484196,87.68194826745666,14510299
2024-09-24,90.7118911743164,91.36449184235053,88.42777461056936,88.5676196430949,20607728
2024-09-25,89.40667724609375,91.83063158099907,89.40667724609375,90.85172352612702,21816886
2024-09-26,89.26683044433594,91.7840123741423,88.8006851156449,90.01266581536692,17921895
2024-09-27,89.82621765136719,89.91944530931696,87.77518072521482,89.22022720547214,13601402
2024-09-30,88.75406646728516,89.63974684680908,87.49547552039658,89.12698414746295,16298537
2024-10-01,85.53766632080078,89.12698386646795,83.71970241578367,88.80068356464605,20476962
2024-10-02,83.81293487548828,86.42334455294134,82.97387182770163,85.30459856443483,17542122
2024-10-03,81.06267547607422,84.9316833970036,80.54991984638858,83.85954764356816,20238422
2024-10-04,78.63871765136719,82.88064310214024,78.26579995578054,81.52881734474028,41444323
2024-10-07,76.77413940429688,78.87179352524933,76.5876841053377,78.73194849462308,27092939
2024-10-08,76.77413940429688,79.43116653494057,76.16814901345899,76.82075678544354,60610603
2024-10-09,81.1559066772461,81.24913432284207,77.42674395089936,77.42674395089936,45345625
2024-10-10,80.41007995605469,82.27466152025306,80.36346257182406,81.10929804262908,14924555
2024-10-11,78.40565490722656,81.85513513710566,78.07935454958222,80.82960956620296,21134084
2024-10-14,78.54549407958984,78.54549407958984,75.37570417191604,78.49887669791858,28828435
2024-10-15,80.54991912841797,80.64314677727404,77.28690162875948,78.07934731325666,26945883
2024-10-16,82.04157257080078,82.13480020797776,79.29131815360927,79.8973013516661,20909594
2024-10-17,81.34236907958984,82.55434991673228,79.85070528120889,82.04158715190724,29205353
2024-10-18,79.33792877197266,81.90172792632015,78.91840084638638,81.48220000073387,16893748
2024-10-21,79.71085357666016,80.92283431242481,78.54549022027624,79.38455325943535,16333478
2024-10-22,81.76189422607422,83.02049240259801,79.94393014658355,79.94393014658355,18193824
2024-10-23,81.10929870605469,82.18143453680102,79.8973178342868,81.76189941373633,15377209
2024-10-24,81.10929870605469,82.4611175060299,80.31685295735149,81.62206148552902,18576266
2024-10-25,81.80850219726562,82.69417544430456,80.54991127833182,81.01605658999716,22040047
2024-10-28,81.76189422607422,82.83402998879524,81.52882154343112,81.99496690871732,4781098
2024-10-30,81.8551254272461,82.8806437636849,81.1092900301196,81.94835307368353,18470733
2024-10-31,79.01163482666016,83.11371522547421,78.49887210950338,81.94835187994825,21309050
2024-11-01,80.03714752197266,80.59652046594148,79.24470192528241,79.24470192528241,16723968
2024-11-04,78.91841125488281,81.15591041634183,77.84627549909894,79.66423956682665,16177892
2024-11-05,77.89289093017578,79.38455462952905,77.19367290427766,79.01163692648734,18944500
2024-11-06,79.33792877197266,79.99053646076698,76.91397463042486,78.31241053279622,24057110
2024-11-07,82.97386932373047,82.97386932373047,79.71085199077478,79.85069701332125,29981371
2024-11-08,85.21136474609375,86.09703799678205,82.60094814488663,84.93167471281691,48926876
2024-11-11,89.22021484375,90.059277874672,85.49105213993076,85.77074218784256,32507341
2024-11-12,89.45328521728516,89.91943054330085,88.33453927997279,88.84730198371533,19734005
2024-11-13,88.33454895019531,89.59314004565641,87.02934047190404,88.89392198008758,28245378
2024-11-14,89.49990844726562,90.38558177948289,88.52100035349818,88.75407303174627,23215440
2024-11-15,88.1947021484375,90.05928361928316,87.49548409687037,89.87282831732414,11910430
2024-11-18,86.00381469726562,88.66084169624449,85.63089700501291,88.19469635913194,18608665
2024-11-19,86.19027709960938,86.65642247518934,84.74523070299988,86.37673951752974,26560665
2024-11-20,87.63533020019531,89.45329431135039,86.23689407997944,86.88949475762128,27815768
2024-11-21,89.49990844726562,89.77959850628879,87.35563696225775,88.0082447290406,17743179
2024-11-22,86.84288024902344,89.87282502826119,85.95719981509656,89.59313497274458,29646543
2024-11-25,87.0759506225586,87.86839627515647,86.33011523610566,87.40225093682673,23720305
2024-11-26,86.74964904785156,88.61423037407889,86.60980402582184,87.07594935737868,26517082
2024-11-27,86.74964904785156,88.05485028596006,86.33011398176244,87.3556322886248,24998417
2024-11-28,85.11814880371094,87.7285586508532,84.97830376785363,86.93611293141383,17586824
2024-11-29,84.4189224243164,85.72412366295443,84.09261500184361,85.16475068742194,22087462
2024-12-02,85.63090515136719,85.91059522536791,83.71971335507568,83.95278604580494,18035665
2024-12-03,87.54209899902344,88.19469965020812,85.58428993265574,85.91059025824808,25966121
2024-12-04,87.7751693725586,88.80068770299638,86.88948895455192,87.6819417266667,24977477
2024-12-05,88.59544372558594,89.07615692286518,87.39366073238781,88.25894595451072,20730197
2024-12-06,90.66250610351562,91.52778393482552,88.78772035377564,89.17229235385827,24534380
2024-12-09,90.18179321289062,92.00849738244126,89.89336237817167,91.3835761323849,24093797
2024-12-10,90.2298583984375,91.43164129488738,89.65300407516169,90.27793264833576,18990136
2024-12-11,89.22036743164062,90.99900469652304,89.12421892940303,90.47021727461976,15212847
2024-12-12,89.89336395263672,90.71057488518595,88.83579643197882,89.5568661963048,19533013
2024-12-13,92.29692840576172,92.6815004078059,89.07615164195583,89.79722139512585,23043832
2024-12-16,92.34500885009766,94.02750505366976,92.34500885009766,92.63343236964921,18879237
2024-12-17,92.10464477539062,92.87378143354813,91.14321845136817,92.39306827153692,16423128
2024-12-18,93.49871063232422,94.6043523793153,91.28742713834204,92.05657113670996,19498720
2024-12-19,89.98950958251953,93.30643506393196,89.74915298249405,93.25836080988633,21000656
2024-12-20,87.92243957519531,90.27793860881619,87.73015723310843,90.03758201365699,20556226
2024-12-23,87.20137023925781,88.83579949582689,87.00908789617966,88.35508630303032,11608137
2024-12-24,88.49929809570312,88.59543926329637,86.86486890621427,87.3936563306285,12017427
2024-12-25,90.13372039794922,91.76814226045832,88.98001171089585,89.65300722249349,13264928
2024-12-26,89.60493469238281,90.85479190662014,88.64350832300059,90.47021989184704,22518150
2024-12-27,90.42214965820312,91.04707090730169,89.65300565686529,89.65300565686529,12996043
2024-12-30,89.5568618774414,91.04706825078956,89.5568618774414,90.66250359644204,9919999
2024-12-31,89.22036743164062,91.28742819793321,87.44172283165733,89.41264976591407,30411093
2025-01-02,92.34500885009766,92.48921694232277,88.69158558830057,89.60493773619918,25456327
2025-01-03,94.70049285888672,95.5657780170033,91.8162138885653,92.34500130049786,23612083
2025-01-06,94.17170715332031,95.90227750091093,93.59485281582373,95.4215643304803,16914134
2025-01-07,93.73907470703125,94.50821876687309,92.72957404537652,94.02750556324727,20728400
2025-01-08,93.11414337158203,97.48863633159709,92.44114784008794,93.45064113732907,55171599
2025-01-09,92.58535766601562,95.42156237952805,91.23935934930944,93.73906631742051,63949640
2025-01-10,91.96043395996094,94.31592563760586,91.33550535106501,92.72957065659345,68815580
2025-01-13,90.9990005493164,92.34499883319035,89.74914342819764,92.15270917257946,29657937
2025-01-14,91.52778625488281,92.24885602265269,90.5663598978563,91.3355039175179,29705386
2025-01-15,92.2007827758789,93.45063255314517,91.33549764694042,91.7200696303687,27459027
2025-01-16,94.65242004394531,94.65242004394531,92.29692844983872,93.16221362107613,28663576
2025-01-17,96.43106079101562,96.81562544280348,94.46013394265037,94.70049051756807,24611477
2025-01-20,95.85420227050781,97.3924902682502,94.60435244121811,96.91177710273091,15541254
2025-01-21,98.06549072265625,98.7384862543595,95.18121158375459,95.27735275469774,35230834
2025-01-22,100.94976043701172,102.1034690508231,97.58476842244465,98.3539123883859,37655437
2025-01-23,102.10347747802734,102.39190832283633,100.75748642918829,101.43048195360781,24357310
2025-01-24,102.29576873779297,103.64176714258653,101.52662469645345,101.91119671712322,21452079
2025-01-27,102.00733947753906,102.77648353085996,100.27677636021902,101.14205425132839,16948094
2025-01-28,104.69932556152344,104.79546672452584,100.27676604750852,102.0073289868532,22403824
2025-01-29,103.83404541015625,105.27618492974175,103.06490139900362,104.79547175654659,13542855
2025-01-30,103.25719451904297,104.41090323921505,102.77648132978774,104.02633122079064,10303713
2025-01-31,103.93018341064453,104.60318623366946,102.39190277031717,103.64175991657729,14363000
2025-02-03,101.52662658691406,102.9687661899529,100.56520018488817,102.77648384358825,23364270
2025-02-04,103.35333251953125,104.21861770066845,101.23819748573005,101.7189106602395,18800662
2025-02-05,101.81505584716797,103.83404979278522,100.27677509503584,103.83404979278522,18844943
2025-02-06,102.96875762939453,104.3147559473482,101.91119014210976,102.39190330315745,13845791
2025-02-07,101.91119384765625,102.87262020470962,101.33433950044443,102.87262020470962,13337725
2025-02-10,102.87261962890625,103.16105046844824,101.62276243769224,101.91119327723423,13110229
2025-02-11,104.31475830078125,104.69933030531583,102.39190561320925,102.96875995246067,21803247
2025-02-12,103.73789978027344,104.9877495757583,102.6803323117553,104.41089525975755,18456330
2025-02-13,103.25719451904297,105.2761884468947,102.1996269697017,104.69933408680865,21568493
2025-02-14,102.19962310791016,104.79547129775925,101.43047910012478,103.64176262118207,19303623
2025-02-17,99.98834228515625,102.10347736099412,98.35392039338163,102.10347736099412,31398461
2025-02-18,100.94976043701172,101.91118672688802,99.6037621641648,99.98833414713542,19908671
2025-02-19,100.85362243652344,102.39190308152622,100.27676811153498,101.43047676151188,19660364
2025-02-20,102.68033599853516,103.54561383605414,101.3343376561377,101.3343376561377,18828700
2025-02-21,101.43048095703125,104.02632919440302,98.06548869779324,103.16105133867977,24539235
2025-02-24,99.69990539550781,102.58418432500294,99.31534073965564,102.10347117008709,10118769
2025-02-25,100.18061828613281,100.56519027607106,98.64233766148041,99.79605363129517,17230508
2025-02-26,101.23818969726562,102.0073263162489,99.31533714715688,99.9883326056548,17262304
2025-02-27,103.54561614990234,103.93018816133831,100.37291355953296,101.23819875148861,20340765
2025-02-28,96.81562805175781,102.19962134308041,96.04649139235512,100.75748185471201,55912447
2025-03-03,96.62334442138672,98.54619704668794,95.7099923584089,97.39248840554747,35296848
2025-03-04,97.58477783203125,98.353921872137,96.62335144944966,97.10406464074045,27090395
2025-03-05,100.37290954589844,100.46905071113775,98.4500569007092,98.54619806594852,30494400
2025-03-06,103.25719451904297,103.25719451904297,100.27677421268079,101.43048293285287,31324387
2025-03-07,101.91119384765625,105.08390375997274,101.52662183781472,103.73790539307784,43612457
2025-03-10,100.66133117675781,103.93018208004072,100.37290768638321,102.10347063393257,40324118
2025-03-11,99.41148376464844,102.48804507966432,98.83462943497055,101.2381952545457,42826920
2025-03-12,101.91119384765625,102.68033786733933,99.60376912370799,100.27677197470594,42540769
2025-03-13,103.35333251953125,103.737904526159,102.29576500263065,103.06490168078521,25579493
2025-03-14,105.18003845214844,107.00674988508942,102.68033154475052,103.7378990053688,42759554
2025-03-17,105.18003845214844,107.10289104785463,104.41089447982576,105.85303392660539,43113382
2025-03-18,104.98774719238281,107.00674825520206,104.50703405077832,105.3723191726865,46476030
2025-03-19,94.50821685791016,100.08448550627408,94.50821685791016,97.10406517101562,53336668
2025-03-20,93.35449981689453,96.9117818157975,91.0470750431658,93.73907183503285,68715432
2025-03-21,84.0286636352539,92.77764186767226,84.0286636352539,92.77764186767226,67113226
2025-03-24,86.143798828125,87.00908400346694,81.28860019915781,85.56694448959733,50540400
2025-03-25,91.14321899414062,92.34500190632549,86.91294167622974,88.25894000489694,38725633
2025-03-26,90.27793884277344,93.4987157592332,89.12422278195868,89.89336682250185,52218037
2025-03-27,89.60493469238281,91.81621827600236,88.78772374542814,91.57586168365681,28999635
2025-03-28,92.10464477539062,92.10464477539062,88.35508064468293,89.65300471509309,16531097
2025-04-02,90.7105712890625,92.05656959613049,89.79721922449886,91.57585643897053,21170947
2025-04-03,88.45122528076172,91.96043296815998,88.40315102863394,90.99900660641256,27107015
2025-04-04,84.8939437866211,89.12421356691398,84.60551296746456,88.73964892150585,40092365
2025-04-07,85.03815460205078,86.57644257366717,81.62509558589102,82.20194990769683,32666983
2025-04-08,87.1532974243164,87.87436716472426,85.23044478322879,86.72065117901126,23777346
2025-04-09,86.23994445800781,87.6820840465036,85.56694891741695,86.0476621135822,26832828
2025-04-10,86.33609008789062,89.12422066464461,86.33609008789062,88.73965598861028,23852342
2025-04-11,87.20137023925781,87.87437311023375,85.51887406446981,86.76873129978138,18997626
2025-04-14,86.4322280883789,88.25893957298061,86.33608692289476,88.06664990691158,13463216
2025-04-15,86.4322280883789,87.24943899764524,85.95151492585745,86.76872583512379,15897516
2025-04-16,85.13430786132812,86.6245143313832,84.41323808498181,86.33609082190532,17214828
2025-04-17,88.11473083496094,88.11473083496094,83.78831204439102,85.2785185600821,36130600
2025-04-18,89.41265106201172,90.18179508045651,87.48979835100072,88.59544012685224,18582557
2025-04-21,89.89336395263672,92.15271441383787,89.46072502808151,89.89336395263672,18681581
2025-04-22,88.54736328125,90.99900335001439,87.34558037207152,90.22985935409986,16580237
2025-04-24,90.5182876586914,90.5182876586914,87.73014992023373,87.82629108326319,21344164
2025-04-25,87.77822875976562,91.43164449164873,87.73015450818652,91.04707248431868,19250801
2025-04-28,87.0571517944336,88.25893463347823,86.43222325111032,88.1147192257728,12443065
2025-04-29,87.77822875976562,88.25894193515295,86.62451273777549,86.76872815741187,13471617
2025-04-30,86.4322280883789,88.54736306943305,84.94201435052209,88.21086532268816,16747107
2025-05-02,85.6630859375,87.39365629385391,85.51887051862036,87.00908428854183,11857830
2025-05-05,83.2114486694336,86.72064877401853,83.0191590095971,86.43222528691456,20109028
2025-05-06,83.9805908203125,84.84587600866756,83.06723871516611,83.21145413574212,19040030
2025-05-07,84.5093765258789,84.99008969458687,83.74023252190584,84.2209456906138,12706877
2025-05-08,86.57644653320312,86.76872887089878,84.70166073271591,85.61502017452281,9472446
2025-05-09,88.73965454101562,90.4702175602428,85.66308583722139,86.96100993541698,21096700
2025-05-12,93.69099426269531,94.46013827172169,91.28742840336398,91.43164382194402,25605711
2025-05-13,92.05657196044922,93.83520922060222,91.527784539952,92.96992404847077,18273646
2025-05-14,93.30642700195312,93.73906591057705,92.29692643502972,92.7776395935455,22023275
2025-05-15,92.77764129638672,94.60435279929429,92.63342587916492,94.0274984655079,16785711
2025-05-16,92.96992492675781,93.83521010706362,91.23936190124715,93.11414034599227,20193486
2025-05-20,94.65242004394531,94.79663546166834,92.68150045206654,93.64292679008571,20209768
2025-05-21,93.59485626220703,95.66192443819324,93.54678934445455,94.6043568913239,24396622
2025-05-22,95.90228271484375,95.90228271484375,92.39307491289438,94.02750418227829,20790985
2025-05-23,94.21978759765625,96.43107126102954,93.11414576596961,95.66192720374282,17736832
2025-05-26,94.70049285888672,95.7099934325395,93.78714078565856,95.13313177039464,14564179
2025-05-27,94.21978759765625,95.66192720374282,93.49871779461296,94.94085740069954,15922185
2025-05-28,92.34500885009766,94.6043594278742,91.23936702073001,94.21978740003746,17620852
2025-05-29,91.81621551513672,93.59485277799092,91.43164351192749,93.2102807747817,11227882
2025-05-30,91.1912841796875,92.00849507745073,88.21086408102715,91.81621274918902,21988269
2025-06-02,87.48979949951172,90.47021977368367,87.48979949951172,90.37407860389122,19164113
2025-06-03,90.42214965820312,91.09514515804811,87.97050957215201,88.21086615568248,19533540
2025-06-04,94.36399841308594,94.60435500235253,90.13372097497364,90.18179522686737,17590216
2025-06-05,93.35449981689453,94.26785927686068,92.63343003354812,94.26785927686068,4568835
2025-06-10,93.35449981689453,95.18121140172566,92.39307343909933,94.50821587130947,19648358
2025-06-11,93.35449981689453,94.60435704206877,92.77764545723764,93.40257406982475,22115914
2025-06-12,92.00849914550781,94.26785694553152,91.23936246335377,92.39307115413531,19200887
2025-06-13,88.93193054199219,89.79721565752894,85.1823665980665,88.93193054199219,37514853
2025-06-16,89.07615661621094,90.03758300745962,87.29751925942112,88.73965884629415,22015099
2025-06-17,87.44172668457031,89.84529264440019,87.44172668457031,88.7396581709594,20840559
2025-06-18,87.3936538696289,87.97050819404512,86.384153300575,87.15329728986376,17675694
2025-06-19,85.182373046875,88.45122410020718,85.182373046875,87.63401317064937,15378625
2025-06-20,88.19400787353516,88.43940022014421,85.936402778,86.42718747121809,18647650
2025-06-23,86.52533721923828,87.75229887155652,85.83823420067229,86.13270799274052,13814071
2025-06-24,90.00990295410156,90.45161363796171,88.48847501310647,90.30437674334166,20222393
2025-06-25,91.23686981201172,92.0221283023706,89.56820488097405,90.20622646829315,14969936
2025-06-26,87.85045623779297,91.43318583910137,87.50690846534526,91.33503040251342,21296642
2025-06-27,87.65414428710938,88.7338690538636,86.77073039111785,87.8995366199526,23781242
2025-06-30,94.37789154052734,94.37789154052734,88.24308329541739,88.24308329541739,31869770
2025-07-01,96.68457794189453,97.17536260149805,94.8686761991174,95.21222396308396,22931237
2025-07-02,96.29195404052734,97.42076031778412,95.55577701041814,96.39010948011924,30468941
2025-07-03,96.19379425048828,98.25508834381424,94.4269664626205,97.22444504154109,37991868
2025-07-04,97.12628173828125,98.35324339484761,95.75209067395063,96.43918620611595,19127895
2025-07-07,95.21222686767578,96.34103311695573,93.98526518123666,95.21222686767578,17420394
2025-07-08,92.26751708984375,96.19379441281583,92.022124757158,95.8502466448117,27996136
2025-07-09,93.4944839477539,93.93618717561708,91.97304840506057,92.26752221615608,29528060
2025-07-10,91.9730453491211,95.11407177091435,91.9730453491211,95.06499030776921,51678802
2025-07-11,90.69700622558594,93.15092951367657,90.6479247643123,92.8073817510998,34113547
2025-07-14,90.5988540649414,91.58042341563944,90.05898792654554,90.89332037688291,20983751
2025-07-16,90.54977416992188,92.12028366047889,87.40875518880785,90.79516651184578,31904736
2025-07-17,92.36567687988281,92.51291378419191,90.94240427871496,91.38410750286221,22785369
2025-07-18,92.80738830566406,93.15093609250407,91.48226364548394,92.36567758934399,17032369
2025-07-21,93.78895568847656,94.08342200429169,92.75830486117377,93.15093410437387,22421083
2025-07-22,93.34724426269531,94.1815767175827,93.10185192368256,93.93618437856995,25319021
2025-07-23,92.61106872558594,93.8380304402566,92.46383182206945,93.54356412200364,18841404
2025-07-24,92.51290893554688,94.23065525530504,92.02212427275882,92.95461213654426,27015704
2025-07-25,90.795166015625,92.61106783818151,90.795166015625,92.51291239970439,16558559
2025-07-28,90.84424591064453,91.13871222099135,90.20622433839007,90.99147532142804,14959023
2025-07-29,89.42096710205078,91.23686891834137,89.42096710205078,90.79516570232849,20448237
2025-07-30,91.82581329345703,92.46382736329558,89.47004541713277,89.51911939008515,34479113
2025-07-31,91.53134155273438,93.05277703518183,90.50069074349193,92.02212622593939,30613485
2025-08-01,91.53134155273438,92.02212622593939,90.69700910604182,91.53134155273438,20833967
2025-08-04,91.67858123779297,92.36567680564312,91.43318889373505,91.87489211752728,25536834
2025-08-05,91.6294937133789,92.75829991914559,91.6294937133789,92.75829991914559,19077347
2025-08-06,91.28594970703125,92.02212672079763,90.94240193169625,91.7767343828755,24653198
2025-08-07,93.20000457763672,93.54355983301643,91.48225825585672,91.48225825585672,32458085
2025-08-08,94.52513122558594,94.8195975367731,93.3472435144978,94.27973888854005,27317047
2025-08-11,95.4576187133789,96.04655882208081,94.37789393262878,95.50670017609563,30575347
2025-08-12,95.75209045410156,96.48826744635109,94.67235820777854,95.60485355789572,24279575
2025-08-13,95.94840240478516,96.78273484098386,95.01591453293595,95.5557731734035,23354586
2025-08-14,92.85646057128906,96.2428793789144,92.56199425461293,95.94840557345829,31267542
2025-08-15,93.00369262695312,93.83802504722266,91.8258124440761,92.9546111656751,21165402
2025-08-18,92.36567687988281,94.77052634685131,91.87489219137251,93.39632772126646,29879709
2025-08-19,93.44539642333984,93.88710711133957,92.12027933689987,92.66014545930634,26196524
2025-08-20,95.85025024414062,95.99748714703699,92.56199436042823,93.64171916703499,29911774
2025-08-21,97.17536926269531,97.56799851504809,95.89932606474383,96.09564443531028,30509433
2025-08-22,96.04656219482422,97.46984228701142,95.604858969982,97.37167935813089,20812609
2025-08-25,97.22444915771484,97.5189154756398,95.99748744441092,96.4882721297325,30268751
2025-08-26,97.96062469482422,98.15693557045317,96.29195229685858,97.51891399148926,31499249
2025-08-27,97.7643051147461,99.53113292855623,97.7643051147461,98.94219282021278,42102454
2025-08-28,94.96683502197266,98.05877998556029,94.37789490718927,97.96062454789305,38647989
2025-08-29,93.05278015136719,95.16314832579766,92.75830634207081,95.01591890992952,22822919
2025-09-01,91.53134155273438,93.20000644611949,91.53134155273438,93.15093247206687,22310273
2025-09-02,89.51911926269531,92.46382723171529,86.62349275533752,91.77673170112247,46064008
2025-09-03,88.97926330566406,89.66635885693134,87.80137558934607,89.5191219562941,28860514
2025-09-04,88.83202362060547,89.71543750795857,88.73386818618393,89.07741595104913,24306494
2025-09-05,88.39031982421875,89.71543690190708,88.14492749543278,89.17557078306612,26360963
2025-09-08,87.26152038574219,87.65414964002458,86.32902497072396,86.86889113145979,20502483
2025-09-09,87.45782470703125,87.70321703644984,85.93639675790371,87.31058781162417,28230791
2025-09-10,87.1142807006836,88.48847930245036,86.57441455716739,87.80137625717703,26044213
2025-09-11,87.01612091064453,88.0467641938408,86.18178849412007,87.11427634398044,42288008
2025-09-12,87.80137634277344,88.04676868301459,85.44561586748227,87.06519932204998,25161467
2025-09-15,91.9239730834961,92.31660232961617,87.16336313233764,87.80137723240527,41689139
2025-09-16,93.44539642333984,93.5435593465262,91.33502837286636,91.9239684680864,31021660
2025-09-17,93.98526763916016,94.18157851861245,92.70922445638017,93.24909060804401,24999951
2025-09-18,93.05278015136719,94.32881585116468,92.41475855707841,94.23066041099257,23228085
2025-09-19,95.21222686767578,95.55577464212277,93.00369583208536,93.44539904369151,27646401
2025-09-22,97.07720947265625,97.51891268127684,96.04655866750181,97.12628344651422,23424396
2025-09-23,97.22444915771484,98.10785560026967,95.26131041642857,95.94840598036677,20781955
2025-09-24,97.7643051147461,98.35324522308954,95.50670011796623,97.32260190568346,25810836
2025-09-25,96.39010620117188,98.45140780638138,96.24287679118243,97.96062313633718,18715065
2025-09-26,95.11407470703125,97.17536891350102,94.08342385940632,96.48827334093778,20479920
2025-09-29,95.50669860839844,96.19379414247568,94.52512928041399,94.96683248249512,16525433
2025-09-30,96.04656219482422,96.88089466884841,94.67236356707727,95.75209587452277,31907935
2025-10-01,97.66615295410156,98.8440332102973,95.40854039281635,96.04656198524738,26848612
2025-10-02,99.53113555908203,99.82560187664637,97.46984138101175,97.66615225938797,24795225
2025-10-03,96.29195404052734,100.12007609485119,95.55577701041814,99.8256022872955,26925304
2025-10-06,96.97905731201172,97.76430831928216,95.65393266382905,96.63550203950213,21327043
2025-10-07,98.549560546875,98.9421897699262,96.39010356448314,97.07720657701765,25179472
2025-10-08,96.635498046875,99.23665828269418,95.80116560978047,98.1569335118201,26277542
2025-10-09,98.549560546875,99.23665607062995,96.97905114344972,97.66614666720467,22852402
2025-10-10,98.3532485961914,99.92376559067577,97.76430846764978,99.13850709343359,20729900
2025-10-13,96.09564208984375,98.25509169190678,95.80116828557155,97.17536689087527,24803567
2025-10-14,89.17557525634766,96.14471624570379,88.34124279437896,96.14471624570379,72471042
2025-10-15,93.98526763916016,94.27974144711861,88.78294695709411,89.37189457301103,44411364
2025-10-16,94.03434753417969,98.54956508525326,92.611067471172,93.24908905191477,70464111
2025-10-17,92.51290893554688,93.98526292391101,89.86267475200327,93.98526292391101,22960512
2025-10-20,95.01591491699219,95.45761812359461,90.8933192039907,92.56199157191264,23410978
2025-10-21,95.16314697265625,95.55577621654187,93.83802982722476,95.0159175588816,15992665
2025-10-22,95.8011703491211,97.56799823525176,95.01591933544753,95.50670402728605,18971970
2025-10-23,96.7336654663086,96.7336654663086,95.31038537098419,96.68458400176014,14597575
2025-10-24,98.94219207763672,102.47584018995666,96.48826873730624,96.83181650719656,39698906
2025-10-27,98.15693664550781,100.02191993952844,97.61707049844553,98.84403220651438,17501419
2025-10-28,98.7458724975586,100.02191561428226,97.81338463526181,98.10785093919677,8834835
2025-10-30,96.92996978759766,101.78873489789453,96.3410296967707,99.04034531110887,29382651
2025-10-31,97.86246490478516,98.64772341002877,96.29195538307803,96.53734772986915,22076768
2025-11-03,95.6539306640625,99.72744498569979,94.9177536476984,98.35324639073085,36113347
2025-11-04,94.67236328125,95.75209558543564,94.27974152203343,95.65393265685148,16067665
2025-11-05,95.89932250976562,98.9421934861156,95.50670076074742,95.50670076074742,72877809
2025-11-06,100.12007141113281,101.49426996747292,96.24287556278217,96.53734186778242,61035430
2025-11-07,95.11407470703125,97.27352435404146,94.57420855088866,96.68458422201869,45517118
2025-11-10,94.67236328125,96.1937988089443,94.03434917813307,95.55577721704734,18833540
2025-11-11,92.66014862060547,95.16314598288062,90.10806979506262,94.81959820634637,32965798
2025-11-12,94.52513122558594,95.35946367378597,92.66014796628126,95.21222677380248,28256239
2025-11-13,93.83802795410156,95.01591566224631,92.95461404518794,94.81959729983228,17600808
2025-11-14,91.43318939208984,93.39632815525322,90.59885691550143,93.29817271485105,21707149
2025-11-17,91.38410186767578,92.36567118416806,90.79516177553633,91.82581255336505,21935274
2025-11-18,92.26751708984375,92.85645719053363,90.99147396436595,91.13871086173334,18456486
2025-11-19,92.9055404663086,93.83802835320685,92.0221265536377,92.51291122859044,22178304
2025-11-20,94.91775512695312,95.21222893359997,93.249090192701,93.49448253531337,25146071
2025-11-21,92.9546127319336,94.91775139565999,92.51290952810703,94.52512965393846,16935118
2025-11-24,92.66014862060547,93.15093329816293,91.72765323997835,92.7092225950933,22028464
2025-11-25,92.26751708984375,93.49447875327253,91.53134009178649,93.20000495853775,21366816
2025-11-26,92.36567687988281,93.69079404110462,92.12028453562766,92.31660290429981,15062171
2025-11-27,92.85646057128906,93.78895596271342,92.46383132694092,92.75830513239701,13939432
2025-11-28,91.82581329345703,93.00369348722936,91.58042096235616,92.8564565908129,21386147
2025-12-01,94.08341979980469,94.23065669865228,91.62949644827728,91.62949644827728,19512779
2025-12-02,95.4576187133789,95.4576187133789,93.64171692455645,94.23065703325835,16383048
2025-12-03,95.94840240478516,96.83181630319896,95.21222540423693,95.5557731734035,27599676
2025-12-04,95.35946655273438,97.46984221279818,95.06499274387708,96.19379902612332,19492316
2025-12-05,96.19379425048828,97.56799280896547,95.0159140510962,95.35946181852059,18764753
2025-12-08,98.94219207763672,99.62928761741736,96.83181650719656,96.83181650719656,25632228
2025-12-09,99.82559967041016,100.21822890726513,98.64771944862507,98.84403032266265,20582512
2025-12-10,99.3348159790039,100.80717001518744,98.84403130027606,99.92376358450123,20712990
2025-12-11,98.64772033691406,100.51270361218384,97.66615098032786,99.43297881769499,24314726
2025-12-12,102.27952575683594,102.57399956449481,98.84403294845572,98.94219587686203,23727235
2025-12-15,103.45741271972656,104.04635284182999,102.18136954785251,103.45741271972656,19387318
2025-12-16,99.92375946044922,103.26108914703643,98.25508712837603,103.26108914703643,43471930
2025-12-17,100.21823120117188,101.00348969285568,99.43298019826804,99.82560195532997,22288011
2025-12-18,100.02191925048828,101.10164404839476,99.72744544706838,100.21823012691495,14223014
2025-12-19,99.13850402832031,100.80716892239398,98.15693468150526,100.02191793820982,26262921
2025-12-22,97.66615295410156,99.72744714683412,97.66615295410156,99.53113626706151,23523159
2025-12-23,96.88088989257812,98.1569330173151,96.1937943569688,97.7643037874899,21338002
2025-12-24,96.7827377319336,97.66615165673544,96.48827141618628,97.02813007277966,16583216
2025-12-25,96.83181762695312,97.56799463756538,96.7336621899608,97.17536540081622,7624844
2025-12-26,95.25,97.30000305175781,95.0999984741211,97.05000305175781,13507434
2025-12-29,93.94999694824219,95.5,93.94999694824219,95.25,17865290
2025-12-30,93.5,94.55000305175781,92.55000305175781,94.05000305175781,24932643
2025-12-31,93.0999984741211,94.75,92.8499984741211,93.94999694824219,21805241
2026-01-02,96.0,96.0,93.5,93.5,24992694
2026-01-05,96.80000305175781,97.30000305175781,95.55000305175781,96.4000015258789,30842626
2026-01-06,99.0999984741211,99.25,96.8499984741211,96.94999694824219,26806209
2026-01-07,98.80000305175781,99.4000015258789,97.9000015258789,99.19999694824219,28027333
2026-01-08,99.6500015258789,99.9000015258789,97.05000305175781,99.19999694824219,43777974
2026-01-09,98.30000305175781,100.0,97.8499984741211,100.0,29638733
2026-01-12,99.55000305175781,100.19999694824219,98.25,98.30000305175781,35436049
2026-01-13,101.69999694824219,102.69999694824219,99.6500015258789,99.75,35486294
2026-01-14,101.69999694824219,102.69999694824219,101.0999984741211,102.0999984741211,20590616
2026-01-15,103.69999694824219,104.0999984741211,100.69999694824219,101.19999694824219,32106493
2026-01-16,105.9000015258789,106.19999694824219,103.0999984741211,104.0,30893209
2026-01-19,105.80000305175781,108.80000305175781,105.5,107.0,40699556
2026-01-20,104.5,105.80000305175781,103.0,105.5999984741211,40453792
2026-01-21,105.5,105.80000305175781,103.80000305175781,105.0,27441607
2026-01-22,112.0999984741211,112.0999984741211,105.5,106.4000015258789,52445559
2026-01-23,112.80000305175781,115.0999984741211,111.5999984741211,113.0,48719272
2026-01-26,114.80000305175781,115.30000305175781,111.69999694824219,112.69999694824219,30247061
2026-01-27,114.4000015258789,115.9000015258789,113.0999984741211,114.80000305175781,41136402
2026-01-28,115.9000015258789,116.5,114.0,114.19999694824219,38195142
2026-01-29,117.30000305175781,118.69999694824219,115.9000015258789,116.5,51243562
2026-01-30,116.9000015258789,118.80000305175781,115.4000015258789,116.80000305175781,41874598
2026-02-02,113.5,115.4000015258789,110.9000015258789,115.0,48401453
2026-02-03,118.5,118.5,113.30000305175781,114.5,38921850
2026-02-04,118.30000305175781,119.5,117.0999984741211,119.0,32923125
2026-02-05,116.0999984741211,118.5999984741211,115.0,118.30000305175781,34864735
2026-02-06,114.30000305175781,115.5999984741211,113.0,115.5999984741211,24763989
2026-02-09,117.0,117.9000015258789,114.9000015258789,115.5,26422983
2026-02-10,118.0999984741211,118.19999694824219,116.4000015258789,117.0999984741211,37214388
2026-02-11,122.0999984741211,123.30000305175781,116.30000305175781,117.0,43221109
2026-02-12,123.9000015258789,124.5999984741211,121.0999984741211,122.30000305175781,36110224
2026-02-13,125.30000305175781,127.0,123.80000305175781,124.0999984741211,28736197
2026-02-16,127.5,129.60000610351562,125.30000305175781,126.0,35454141
2026-02-17,126.0,128.60000610351562,126.0,126.5,29187288
2026-02-18,124.5999984741211,129.10000610351562,123.80000305175781,126.19999694824219,36132241
2026-02-19,120.19999694824219,125.5999984741211,119.69999694824219,125.4000015258789,24527936
2026-02-20,122.80000305175781,123.5,119.9000015258789,120.0999984741211,21363716
2026-02-23,123.0999984741211,125.0,121.80000305175781,124.0999984741211,25051140
2026-02-24,121.5,123.5,120.69999694824219,123.0999984741211,25596391
2026-02-25,121.0,122.19999694824219,119.4000015258789,121.69999694824219,22609607
2026-02-26,120.80000305175781,121.5999984741211,118.4000015258789,121.30000305175781,19414935
2026-02-27,115.80000305175781,121.80000305175781,115.0999984741211,121.0,40369729
2026-03-02,114.0,115.0999984741211,108.0999984741211,108.0999984741211,23867243
2026-03-03,113.30000305175781,115.69999694824219,111.4000015258789,113.30000305175781,22921483
2026-03-04,111.0,113.9000015258789,109.5,112.80000305175781,23345789
2026-03-05,109.69999694824219,113.19999694824219,109.69999694824219,111.5999984741211,19201927
2026-03-06,107.5,112.19999694824219,106.0999984741211,110.5,19785973
2026-03-09,106.9000015258789,107.0,102.9000015258789,104.4000015258789,20586776
2026-03-10,111.5,112.0,108.80000305175781,112.0,20279734
2026-03-11,109.0999984741211,112.9000015258789,108.30000305175781,111.0,26861646
2026-03-12,111.30000305175781,112.19999694824219,107.5,108.4000015258789,29042706
2026-03-13,108.80000305175781,110.5999984741211,107.4000015258789,110.0,17382176
2026-03-16,109.0999984741211,112.80000305175781,108.5999984741211,112.0,17916915
2026-03-17,110.80000305175781,111.69999694824219,109.0,109.4000015258789,21618652
2026-03-18,108.5,112.0,107.9000015258789,111.5,14547188
2026-03-19,106.5999984741211,107.80000305175781,106.4000015258789,107.5,6727623
2026-03-23,108.4000015258789,108.4000015258789,102.5,104.9000015258789,40490725
2026-03-24,106.19999694824219,108.0,103.9000015258789,107.5,19199144
2026-03-25,107.4000015258789,108.5999984741211,106.69999694824219,107.69999694824219,18382699
2026-03-26,106.0,108.9000015258789,105.5,106.69999694824219,13360748
2026-03-27,106.4000015258789,106.80000305175781,104.9000015258789,106.30000305175781,12997298
2026-03-30,104.5999984741211,106.4000015258789,104.4000015258789,106.0,12217036
2026-03-31,105.9000015258789,107.69999694824219,105.0,105.0999984741211,26399921
2026-04-01,107.19999694824219,108.5999984741211,106.19999694824219,108.5,20269458
2026-04-02,106.9000015258789,107.19999694824219,105.19999694824219,106.0999984741211,11866267
2026-04-03,107.5,108.5999984741211,106.0999984741211,107.0999984741211,12451195
2026-04-06,108.5999984741211,109.19999694824219,107.0,107.9000015258789,14622485
2026-04-07,104.9000015258789,109.0,104.5,108.30000305175781,14328344
2026-04-08,111.19999694824219,113.30000305175781,108.9000015258789,109.4000015258789,30236268
2026-04-09,114.4000015258789,114.4000015258789,110.0,110.69999694824219,18285350
2026-04-10,117.30000305175781,117.80000305175781,115.4000015258789,116.0999984741211,19947292
2026-04-13,115.69999694824219,115.69999694824219,112.69999694824219,114.5999984741211,20287504
2026-04-14,116.30000305175781,118.5,115.80000305175781,116.5,21157315
2026-04-15,117.0999984741211,117.5999984741211,115.5999984741211,116.5999984741211,16778888
2026-04-16,117.30000305175781,118.5,116.69999694824219,118.0,13363899
2026-04-17,120.5,121.30000305175781,116.0,117.5,30021383
2026-04-20,117.69999694824219,119.69999694824219,117.69999694824219,118.0999984741211,21709957
2026-04-21,115.30000305175781,118.9000015258789,115.0,118.5999984741211,16028473
2026-04-22,114.0999984741211,116.30000305175781,113.69999694824219,116.0999984741211,11745637
2026-04-24,114.30000305175781,114.9000015258789,112.0,113.69999694824219,17821582
2026-04-27,116.5999984741211,117.19999694824219,114.0,114.5,17679081
2026-04-28,113.80000305175781,116.4000015258789,113.5,116.0,12060946
2026-04-29,112.0999984741211,114.9000015258789,111.4000015258789,114.19999694824219,16101303
2026-04-30,112.0999984741211,112.30000305175781,109.4000015258789,111.0,20776856
2026-05-04,111.0,113.19999694824219,109.5999984741211,112.30000305175781,18039824
2026-05-05,115.19999694824219,116.0999984741211,111.0999984741211,111.0999984741211,20711842
2026-05-06,117.69999694824219,119.30000305175781,115.19999694824219,116.80000305175781,26695676
2026-05-07,118.5999984741211,120.9000015258789,118.19999694824219,119.4000015258789,19635844
2026-05-08,120.0,120.9000015258789,116.5999984741211,118.0999984741211,23760991
2026-05-11,121.9000015258789,123.4000015258789,119.5,120.0,32692016
2026-05-12,115.0,121.0,115.0,121.0,20840911
2026-05-13,114.0,116.0,113.5999984741211,116.0,16963274
2026-05-14,114.5,115.5,113.9000015258789,114.9000015258789,12803500
2026-05-15,109.5,113.0,109.5,112.5,19903864
2026-05-18,106.80000305175781,109.4000015258789,106.80000305175781,109.30000305175781,19889483
2026-05-20,108.5999984741211,108.80000305175781,105.30000305175781,106.69999694824219,18711055
2026-05-21,106.0,108.0999984741211,102.69999694824219,108.0999984741211,18911672
2026-05-22,106.5,107.80000305175781,100.80000305175781,102.80000305175781,59204874
2026-05-25,106.0999984741211,107.5,105.19999694824219,106.5,21912157
2026-05-26,101.0,106.9000015258789,101.0,106.19999694824219,20062194
2026-05-27,101.0,101.0,101.0,101.0,0
2026-05-28,101.0,101.0,101.0,101.0,0
2026-05-29,101.0,101.0,101.0,101.0,0
2026-06-01,102.5999984741211,105.4000015258789,102.0,102.0,40334030
2026-06-02,108.5,108.9000015258789,103.5999984741211,103.5999984741211,33251902
2026-06-03,105.80000305175781,108.5,105.30000305175781,107.5,16954999
2026-06-04,107.9000015258789,108.19999694824219,104.5,106.5999984741211,21543072
2026-06-05,105.0999984741211,108.0999984741211,104.5999984741211,108.0,17803817
2026-06-08,107.4000015258789,107.5,104.0,104.0999984741211,19946451
2026-06-09,105.5,110.0,105.5,107.80000305175781,24974372
2026-06-10,104.5999984741211,105.80000305175781,103.5,105.0999984741211,15741213
2026-06-11,107.5,107.5999984741211,104.69999694824219,105.0,21271708
2026-06-12,110.69999694824219,111.4000015258789,107.69999694824219,108.5,26346795
2026-06-15,114.9000015258789,116.30000305175781,112.4000015258789,115.5,20830584
2026-06-16,115.19999694824219,115.4000015258789,113.30000305175781,114.9000015258789,16475601
2026-06-17,112.0999984741211,116.30000305175781,111.30000305175781,115.69999694824219,14796658
2026-06-18,116.0,116.0999984741211,112.4000015258789,112.5,24119790
2026-06-19,113.4000015258789,115.9000015258789,113.4000015258789,114.5,15586355
2026-06-22,113.19999694824219,114.69999694824219,112.69999694824219,113.80000305175781,14550413
2026-06-23,111.0,112.5,110.80000305175781,112.0999984741211,14773578
2026-06-24,110.4000015258789,112.30000305175781,109.4000015258789,110.9000015258789,14667029
2026-06-25,110.5,113.0999984741211,109.4000015258789,111.5,22063525
2026-06-26,110.9000015258789,111.5999984741211,109.69999694824219,110.5,13689963
2026-06-29,109.5999984741211,112.0,108.5999984741211,110.9000015258789,19269939
2026-06-30,107.4000015258789,110.30000305175781,106.5999984741211,110.0,32369286
2026-07-01,108.69999694824219,109.0999984741211,106.0999984741211,107.4000015258789,21396487
2026-07-02,108.4000015258789,110.9000015258789,107.5999984741211,108.80000305175781,24254193
2026-07-03,107.19999694824219,109.0,106.9000015258789,109.0,18320027
2026-07-06,108.5999984741211,109.0,106.30000305175781,107.5,21516917
2026-07-07,108.19999694824219,109.4000015258789,107.30000305175781,108.5,20585649
2026-07-08,105.4000015258789,107.0999984741211,103.9000015258789,107.0999984741211,23793273
2026-07-09,104.9000015258789,106.9000015258789,104.30000305175781,106.0999984741211,17348384
2026-07-10,107.0,107.69999694824219,104.5999984741211,104.80000305175781,28735489
2026-07-13,109.0,109.4000015258789,105.30000305175781,105.9000015258789,25772489
2026-07-14,110.19999694824219,111.0,108.0999984741211,109.0,26952128
2026-07-16,112.19999694824219,112.4000015258789,109.69999694824219,110.19999694824219,31920323
2026-07-17,108.5,112.30000305175781,108.30000305175781,111.69999694824219,21380344
2026-07-20,109.5999984741211,111.19999694824219,107.80000305175781,108.4000015258789,23345238
2026-07-21,111.5,111.9000015258789,109.5999984741211,110.19999694824219,26338460
2026-07-22,111.0,112.30000305175781,110.0,112.0,18168253
2026-07-23,105.0,110.5999984741211,103.80000305175781,110.4000015258789,46960951
2026-07-24,103.69999694824219,105.4000015258789,102.0999984741211,105.0,36279077
2026-07-27,102.30000305175781,105.19999694824219,101.80000305175781,104.5999984741211,24042654
2026-07-28,101.69999694824219,103.19999694824219,101.4000015258789,102.30000305175781,24750726
2026-07-29,101.4000015258789,102.4000015258789,100.69999694824219,101.80000305175781,30927124
2026-07-30,101.5,102.19999694824219,98.94999694824219,101.69999694824219,33927976
2026-07-31,99.94999694824219,102.19999694824219,99.25,102.0,29786987
2026-08-03,104.5,104.9000015258789,100.30000305175781,100.69999694824219,36086911
2026-08-04,107.5999984741211,108.4000015258789,104.0,104.0999984741211,35967044
2026-08-05,105.0999984741211,107.5,104.9000015258789,106.5,19872010
2026-08-06,105.30000305175781,106.30000305175781,103.5999984741211,105.0999984741211,19657136
2026-08-07,105.0999984741211,106.5,104.4000015258789,105.19999694824219,12992616
2026-08-10,105.30000305175781,106.5999984741211,104.9000015258789,105.19999694824219,16333999
2026-08-11,103.0999984741211,105.0,102.0,105.0,25891640
2026-08-12,104.0999984741211,104.69999694824219,101.5999984741211,102.9000015258789,30777849
2026-08-13,103.0999984741211,105.30000305175781,103.0,104.0999984741211,21261695
2026-08-14,104.0999984741211,105.4000015258789,103.19999694824219,103.9000015258789,35330035
2026-08-17,102.9000015258789,104.80000305175781,101.69999694824219,104.80000305175781,21654442
2026-08-18,103.5,104.5,102.19999694824219,102.5999984741211,20685840
2026-08-19,104.0,105.30000305175781,102.80000305175781,103.5,27080113
2026-08-20,102.80000305175781,105.0999984741211,102.19999694824219,104.4000015258789,22356652
2026-08-21,104.30000305175781,105.5,102.5999984741211,103.0,31775662
2026-08-24,103.0999984741211,105.9000015258789,102.69999694824219,105.5,33075155
2026-08-25,102.69999694824219,103.80000305175781,102.5,103.4000015258789,30223432
2026-08-26,103.5,105.0999984741211,102.80000305175781,103.19999694824219,35602536
2026-08-27,102.80000305175781,104.80000305175781,101.9000015258789,104.19999694824219,44545296
2026-08-28,103.5,103.9000015258789,102.4000015258789,103.80000305175781,23020770
2026-08-31,95.05000305175781,103.5,93.5,103.5,102844450
2026-09-01,96.55000305175781,96.75,94.9000015258789,95.5,60637136
2026-09-02,97.19999694824219,98.0,94.4000015258789,95.55000305175781,37455551
2026-09-03,96.5999984741211,98.0,96.3499984741211,97.80000305175781,16798447
2026-09-04,98.1500015258789,98.30000305175781,95.05000305175781,96.5,32262214
2026-09-07,99.05000305175781,99.6500015258789,97.75,98.0999984741211,27893079
2026-09-08,101.5999984741211,101.5999984741211,97.8499984741211,99.05000305175781,33606041
2026-09-09,101.80000305175781,103.69999694824219,101.0,102.19999694824219,39930128
2026-09-10,101.5999984741211,102.19999694824219,100.0,102.0,18550168
2026-09-11,103.69999694824219,105.4000015258789,101.19999694824219,101.5,48843234
2026-09-14,102.4000015258789,104.19999694824219,102.30000305175781,102.9000015258789,16146248
2026-09-15,99.4000015258789,102.80000305175781,99.30000305175781,102.5999984741211,22670297
2026-09-16,95.75,102.19999694824219,92.25,99.5999984741211,46662512
2026-09-17,99.1500015258789,99.80000305175781,95.30000305175781,96.0999984741211,41933901
2026-09-18,97.19999694824219,99.44999694824219,96.4000015258789,98.4000015258789,31328659
2026-09-21,99.9000015258789,99.9000015258789,95.69999694824219,97.19999694824219,26378446
2026-09-22,100.30000305175781,102.0,99.44999694824219,99.44999694824219,14535393
2026-09-23,100.80000305175781,101.9000015258789,100.0,100.5,14275674
2026-09-24,99.44999694824219,101.0,99.0,100.0,11539980
2026-09-25,99.94999694824219,100.9000015258789,99.05000305175781,99.5,11581164
2026-09-28,98.3499984741211,100.30000305175781,97.5,99.3499984741211,21522366
2026-09-29,98.25,99.4000015258789,96.3499984741211,98.30000305175781,22700470
2026-09-30,96.0999984741211,98.5999984741211,95.1500015258789,98.19999694824219,22670157
2026-10-01,97.69999694824219,99.5999984741211,96.0999984741211,96.5999984741211,16955769
2026-10-02,97.80000305175781,99.1500015258789,97.4000015258789,97.8499984741211,9594626
2026-10-05,100.5,100.5,97.8499984741211,98.05000305175781,10388404
2026-10-06,,,,,1962862
