Date,Close,High,Low,Open,Volume
2018-01-01,24.40258026123047,24.40258026123047,24.40258026123047,24.40258026123047,0
2018-01-02,24.4668025970459,24.5631285011055,24.32231488925185,24.40258532767283,83700
2018-01-03,24.001224517822266,24.547073564785524,23.824628188055776,24.450747667660927,223560
2018-01-04,24.306257247924805,24.37047451154969,24.01727956161281,24.01727956161281,146026
2018-01-05,24.434694290161133,24.579184296484286,24.209933844340142,24.306259749691996,181820
2018-01-08,25.39794921875,25.686926887872147,25.20529743933524,25.20529743933524,637299
2018-01-09,25.04475975036621,25.526391600504336,24.948433839656758,25.510336133757328,138594
2018-01-10,24.691558837890625,25.04475375933648,24.466798433334173,25.04475375933648,158420
2018-01-11,25.51033592224121,25.558500025492023,24.65945590306726,24.787890449614967,230139
2018-01-12,25.39794921875,25.6708737212161,25.36584058884754,25.63876509131364,111151
2018-01-15,24.755781173706055,25.526390729683555,24.531020723051597,25.39795388986165,173015
2018-01-16,25.189247131347656,25.349790299079626,24.56312762889766,24.72367079662963,114798
2018-01-17,25.43006134033203,25.622713128800495,24.96448503657135,25.044755466804638,125606
2018-01-18,25.686925888061523,25.7190368133045,25.285569178197928,25.462165487492634,245415
2018-01-19,25.558496475219727,25.911691429164406,25.2695164890381,25.702984171720015,200799
2018-01-22,25.638763427734375,26.008013795948926,25.57454617209621,26.008013795948926,66517
2018-01-23,25.654821395874023,25.84747318160653,25.365841420684816,25.767200455922765,86621
2018-01-24,25.3658447265625,25.67087790868853,25.23741018600222,25.67087790868853,137109
2018-01-25,24.80394172668457,25.558495708498757,24.69156036914184,25.36584162462686,252701
2018-01-26,25.301626205444336,25.301626205444336,24.836052167225304,24.836052167225304,126577
2018-01-29,25.59060287475586,25.911691493916663,25.36584244895667,25.36584244895667,133438
2018-01-30,25.654821395874023,25.654821395874023,25.414005515413166,25.590601837372745,149596
2018-01-31,25.3658447265625,25.831421084388882,25.20530155086215,25.67087790868853,82078
2018-02-01,24.99659538269043,25.462169421797924,24.90026948184847,25.365843520955963,48041
2018-02-02,25.237407684326172,25.62271356440403,24.916321364753387,24.996594092941837,121751
2018-02-05,24.819995880126953,25.526388091481895,24.819995880126953,25.23740810248773,48071
2018-02-06,24.22598648071289,24.78788638134274,23.744354713615206,24.56312596177271,130396
2018-02-07,24.4668025970459,24.531019866418966,24.274150788926697,24.40258532767283,54493
2018-02-08,24.081499099731445,24.40258544818244,23.856738655815754,24.40258544818244,39688
2018-02-09,23.32694435119629,24.16176883278364,23.118239379094774,24.081498396310952,251053
2018-02-12,23.64803123474121,23.87279167726654,23.359053522922927,23.375108988541516,50205
2018-02-13,24.145713806152344,24.322312427348326,23.888844754660347,24.12966063872933,96836
2018-02-14,24.354419708251953,24.4346901340967,24.225985189628073,24.30625561547282,117465
2018-02-15,24.980541229248047,25.349791683492544,24.466803064449273,24.643401706894227,224184
2018-02-16,25.189247131347656,25.36584346755751,25.076865765639965,25.28557303198684,52966
2018-02-19,25.205297470092773,25.430060176274637,24.40258172155172,25.430060176274637,68752
2018-02-20,24.8360538482666,25.43006475749305,24.691563839204196,25.36584518945026,42510
2018-02-21,25.173192977905273,25.526390261909253,24.88421526093081,24.88421526093081,158977
2018-02-22,25.285572052001953,25.430062045656086,24.85210436763009,25.17319069064979,39496
2018-02-23,25.173192977905273,25.494279330099122,25.173192977905273,25.365844789221583,57654
2018-02-26,25.333738327026367,25.365844665498404,25.205301490184535,25.22135695601129,39971
2018-02-27,24.99659538269043,25.365843520955963,24.56312768060629,25.365843520955963,106674
2018-02-28,24.85210418701172,25.06081144375296,24.852104187011715,24.88421281908033,90015
2018-03-01,25.157140731811523,25.36584572010124,24.70761982224355,24.98054208332869,128473
2018-03-02,25.028703689575195,25.108974124266982,24.771834624016517,25.044756857877314,95094
2018-03-05,24.8360538482666,25.34979201988265,24.402586117670168,25.108976103642235,70552
2018-03-06,24.85210418701172,25.044755979423396,24.643399226860993,25.044755979423396,85438
2018-03-07,25.49427604675293,25.49427604675293,24.78788616290071,24.8199947939849,150699
2018-03-08,24.884212493896484,25.65482195006349,24.884212493896484,25.34978880110254,89248
2018-03-09,24.884212493896484,25.108972915439637,24.72366933565138,25.076864283790613,70441
2018-03-12,24.884212493896484,25.076864283790613,24.771833431420156,24.98053838884355,55008
2018-03-13,24.70762062072754,24.94843425319742,24.6915651537144,24.81999970345591,50784
2018-03-14,24.948427200317383,24.96448266279167,24.37047188986762,24.787884058525783,160740
2018-03-15,24.450748443603516,25.028703844692465,24.418639810209683,24.723670679155767,56068
2018-03-16,24.434694290161133,24.691563371099413,24.33836838480928,24.563128830630273,145867
2018-03-19,24.755781173706055,24.932379818944238,24.402586179820478,24.402586179820478,90804
2018-03-20,24.916324615478516,25.012650523917575,24.434695073283212,24.755781434746748,319228
2018-03-21,25.73715591430664,25.944853014988535,25.269838675744747,25.892929977790434,264517
2018-03-22,25.373687744140625,25.892930506446753,25.148681309168907,25.719849585678045,117240
2018-03-23,25.07944679260254,25.26983702711204,24.940982067848203,25.26983702711204,61171
2018-03-26,25.26983642578125,25.44291732760547,25.148678556532037,25.165987884686718,101685
2018-03-27,25.51215171813965,25.581384084377618,25.442919351901676,25.442919351901676,74088
2018-03-28,25.148679733276367,25.54676706407143,25.148679733276367,25.512150882086846,78451
2018-03-29,25.044832229614258,25.235222476425278,24.88905816622844,25.20060629300007,79923
2018-03-30,24.992902755737305,25.321757684133665,24.992902755737305,25.131369943439207,35810
2018-04-02,25.0621395111084,25.131371872300836,24.87174927985692,25.027523330512178,23452
2018-04-03,24.923673629760742,25.200603061653148,24.923673629760742,25.062138345706945,30607
2018-04-04,24.940982818603516,25.11406372975639,24.871750454142365,24.871750454142365,58128
2018-04-05,24.940982818603516,25.010215183064663,24.871750454142365,25.010215183064663,47842
2018-04-06,25.0621395111084,25.68523076184035,24.88905613218276,24.88905613218276,73771
2018-04-09,24.68136215209961,25.339072142074365,24.68136215209961,25.13137503238071,153425
2018-04-10,24.456357955932617,24.85444284109715,24.058270594823256,24.750594287235337,63630
2018-04-11,24.767900466918945,24.975597548222474,23.74672191253766,24.525587205398157,157531
2018-04-12,24.508283615112305,24.923680350915134,24.300586485183437,24.837138642138893,120660
2018-04-13,24.387126922607422,24.629440228225466,24.162120472275326,24.508282337443962,147648
2018-04-16,24.421741485595703,24.750593997671697,24.300583602868635,24.508280708162356,86842
2018-04-17,23.919803619384766,24.594820394332064,23.798645746570802,24.5775110656681,144271
2018-04-18,24.3351993560791,24.508280274091735,23.86788211541737,24.040963033430003,138191
2018-04-19,24.715978622436523,24.854440874015648,24.283275110952474,24.56020456599998,98593
2018-04-20,24.36981773376465,24.68136341423672,24.058272053292576,24.664056558849648,119218
2018-04-23,24.36981773376465,24.36981773376465,24.36981773376465,24.36981773376465,0
2018-04-24,23.798646926879883,24.50827991840522,23.781340073302168,24.439047552204926,111883
2018-04-25,22.517847061157227,23.954419828181898,22.431307845572153,23.937112975442723,534125
2018-04-26,21.37551498413086,22.864010918316765,21.358205653900477,22.79477854928486,623930
2018-04-27,20.994731903076172,21.46205157468758,20.73511178902668,21.444744722525055,392750
2018-04-30,20.838960647583008,21.51397741110432,20.596647382001304,20.960116042401584,254617
2018-05-01,20.838960647583008,20.838960647583008,20.838960647583008,20.838960647583008,0
2018-05-02,20.388952255249023,21.306282372446894,20.163945820485477,21.11589212180506,325348
2018-05-03,19.662010192871094,20.631264539033587,19.48892928069428,20.492799809292137,271488
2018-05-04,20.00817108154297,20.077403443176046,19.437004098070098,19.713933544602398,147258
2018-05-07,19.679317474365234,20.060095465486764,19.50623656930999,20.04278737498124,91807
2018-05-08,19.575469970703125,19.852399433495243,19.38508096503354,19.765858976372705,184631
2018-05-09,19.592777252197266,19.765858159287482,18.883144295155066,19.471620617234112,96759
2018-05-10,19.835092544555664,19.904324914450843,19.350465955289398,19.679319712291505,76040
2018-05-11,19.488929748535156,19.990864405897092,19.402389290369307,19.973556314263924,48451
2018-05-14,19.748550415039062,19.7831665970644,19.454312867823706,19.713934233013727,34526
2018-05-15,19.160076141357422,19.800475536258556,19.02161016935237,19.800475536258556,116283
2018-05-16,19.31584930419922,19.419697856535848,19.056227923357643,19.246616935974796,35820
2018-05-17,19.056228637695312,19.558163326137777,19.03891930701796,19.385082399088652,74358
2018-05-18,18.60621452331543,19.194690835257866,18.588906432904544,19.07353296440938,296805
2018-05-21,18.6927547454834,18.813911376869605,18.571598114097196,18.6927547454834,269011
2018-05-22,18.588905334472656,18.865834764682887,18.588905334472656,18.658137692025214,69418
2018-05-23,18.86583709716797,19.12545847008845,18.46775099202323,18.623523815775517,239842
2018-05-24,19.731245040893555,20.077406908811206,18.93507150671046,18.952380838078835,520235
2018-05-25,19.765859603881836,19.852400063751784,19.713935327959867,19.852400063751784,254707
2018-05-28,20.250484466552734,20.250484466552734,19.904321439537835,19.938937618442104,180375
2018-05-29,20.215869903564453,20.354335876701075,20.14663877395472,20.354335876701075,117470
2018-05-30,20.146636962890625,20.25048550492843,20.008171002201276,20.21586808627689,151678
2018-05-31,20.163944244384766,20.19856166377303,20.094711881552833,20.112019972260818,117721
2018-06-01,19.835092544555664,20.30241227932056,19.66201161981771,20.267794856400542,348397
2018-06-04,20.00817108154297,20.25048558523101,18.34659316437688,19.86970635827682,85335
2018-06-05,20.163944244384766,20.59664775005664,20.0254795187209,20.07740379084485,90204
2018-06-06,18.156204223632812,20.09471159306967,18.035047590416276,20.077403502610164,612277
2018-06-07,17.758119583129883,18.32928661461141,17.481188875348277,18.20812997156987,326707
2018-06-08,16.795785903930664,17.8100416971713,16.63655172571058,17.792733607408852,449385
2018-06-11,17.190412521362305,17.515804892895503,16.615784124554352,16.84425068738494,260300
2018-06-12,17.121179580688477,17.498496214671142,16.989638830969565,17.24579758914883,98898
2018-06-13,16.629629135131836,17.273491118417216,16.62270639383789,17.273491118417216,98707
2018-06-14,17.135028839111328,17.135028839111328,16.394240943942233,16.698865125912082,73123
2018-06-15,17.135028839111328,17.135028839111328,17.135028839111328,17.135028839111328,0
2018-06-18,17.197336196899414,17.34272366941155,16.92732947597991,16.92732947597991,144725
2018-06-19,16.927330017089844,17.51580514326291,16.885791091607757,17.13502712044504,182850
2018-06-20,17.04502296447754,17.12810204207967,16.906558247798056,17.051945705122627,78665
2018-06-21,17.46388053894043,17.602346509878497,17.01040878607221,17.05887045223232,92953
2018-06-22,17.49849510192871,17.619651732055342,17.287336651302457,17.49849510192871,56531
2018-06-25,16.996562957763672,18.450443968227198,16.89963714440863,18.450443968227198,90425
2018-06-26,16.89271354675293,17.114257367502972,16.885790805280767,17.045025000891858,70059
2018-06-27,16.97579574584961,17.11426050445166,16.71271171412764,16.93425557548544,274170
2018-06-28,16.795785903930664,17.148871677867962,16.71963080416478,16.961944060839066,371313
2018-06-29,17.72350311279297,17.983125742647513,16.871943957041733,16.871943957041733,473225
2018-07-02,17.67157745361328,18.00043242894066,17.567728904974853,18.00043242894066,161240
2018-07-03,18.035049438476562,18.415827467604185,17.758119962747383,17.775426817008046,184535
2018-07-04,18.000431060791016,18.346592863275237,18.000431060791016,18.03504724103944,167934
2018-07-05,18.138898849487305,18.398520245258386,17.948509825921846,18.035050291178873,143752
2018-07-06,17.913890838623047,18.329285006901568,17.896582748278107,18.121587922762306,125229
2018-07-09,17.913890838623047,18.450441639316136,17.810042296553416,18.450441639316136,208779
2018-07-10,17.481189727783203,17.87927586004583,17.39464926424785,17.810044727189986,86115
2018-07-11,16.43577766418457,17.429262775949667,16.421930944548564,17.429262775949667,198193
2018-07-12,16.61578369140625,16.830403527688457,16.359623693346226,16.608859712123778,189680
2018-07-13,16.588090896606445,16.761171815827588,16.546551971182325,16.698863427691407,55297
2018-07-16,16.60886001586914,16.72655528610021,16.52578092876648,16.61578399527824,217558
2018-07-17,16.906558990478516,16.9204044723769,16.49116482219241,16.615782825083787,212411
2018-07-18,16.885787963867188,17.09348502875083,16.615781284329586,16.899633444481704,113992
2018-07-19,16.93425178527832,17.13502613550322,16.650399588864666,16.650399588864666,75860
2018-07-20,16.961944580078125,17.05194640200355,16.85809603832442,16.85809603832442,34346
2018-07-23,16.788864135742188,17.252721215840094,16.546550865031435,17.038100147570045,293887
2018-07-24,16.878864288330078,17.031175719571067,16.67116721972114,16.788862472860643,151010
2018-07-25,17.46388053894043,17.619653363526847,16.89963625691623,16.975792602830786,162667
2018-07-26,17.360031127929688,17.82734957850379,17.301184114527796,17.446571581739708,79063
2018-07-27,17.411956787109375,17.498497247812494,17.176567476780324,17.394648694968748,45384
2018-07-30,17.77542495727539,17.861966647358848,17.342722696719505,17.463879329675155,74116
2018-07-31,17.67157745361328,17.91389197174197,17.533112722095375,17.844659605983015,112685
2018-08-01,17.72350311279297,17.792736721933977,17.55042342284402,17.758120536349697,25798
2018-08-02,17.031177520751953,17.360031247494966,16.927328975464686,16.927328975464686,129905
2018-08-03,16.996562957763672,17.135027698000922,16.698864013848077,16.91348386602684,79327
2018-08-06,16.885787963867188,17.498493810085073,16.79578491203988,17.308104833941734,146246
2018-08-07,16.622705459594727,17.128102684817822,16.283466395811043,16.961944523378413,330307
2018-08-08,17.20425796508789,17.238874145915755,16.60885891206527,16.62270563199087,255952
2018-08-09,17.245798110961914,17.567729110699926,16.68501643693636,17.031178269784817,220342
2018-08-10,17.325414657592773,17.48118747185409,15.854225729374722,17.325414657592773,223766
2018-08-13,17.121179580688477,17.411955759077518,15.79191669720361,16.366546312723138,238751
2018-08-14,17.567729949951172,17.810044482493385,17.325416655381385,17.342724747850653,214351
2018-08-15,16.44962501525879,18.035047858036588,16.3180830306257,17.983123585887572,421996
2018-08-16,15.618836402893066,16.78194240035924,15.618836402893065,16.595014761299712,279855
2018-08-17,15.231134414672852,15.577297488940154,14.89189655788725,15.577297488940154,163846
2018-08-20,15.549602508544922,15.736530129246141,15.2865197865817,15.2865197865817,62313
2018-08-21,15.549602508544922,15.549602508544922,15.549602508544922,15.549602508544922,0
2018-08-22,15.549602508544922,15.549602508544922,15.549602508544922,15.549602508544922,0
2018-08-23,15.549602508544922,15.549602508544922,15.549602508544922,15.549602508544922,0
2018-08-24,15.549602508544922,15.549602508544922,15.549602508544922,15.549602508544922,0
2018-08-27,15.771146774291992,16.491165076938177,15.688067691756961,16.491165076938177,101611
2018-08-28,15.992691993713379,16.089617804890487,15.81961107230597,15.87499671956186,117251
2018-08-29,16.068845748901367,16.248849382929095,15.85422469820594,16.006536132060585,101941
2018-08-30,16.068845748901367,16.068845748901367,16.068845748901367,16.068845748901367,0
2018-08-31,15.861151695251465,16.241931001060035,15.812688784477826,16.05500333834602,109818
2018-09-03,15.958075523376465,16.131156441681323,15.784994605071606,15.784994605071606,169316
2018-09-04,15.681145668029785,16.13808002388863,15.667298947311817,16.041154216835206,140531
2018-09-05,15.784994125366211,15.92345885580216,15.681145577539251,15.715761760148238,100391
2018-09-06,15.729610443115234,16.055002847828124,15.71576372074974,15.840381746094199,82751
2018-09-07,15.82653522491455,15.909613077720147,15.736532154421129,15.784995060539337,81969
2018-09-10,15.549602508544922,15.895764310594494,15.480370148135007,15.833455929008924,75832
2018-09-11,15.438831329345703,15.715760772819758,15.334981550070669,15.715760772819758,85226
2018-09-12,15.265750885009766,15.805763068385232,15.2588269059319,15.404215610899492,154895
2018-09-13,15.411138534545898,15.494217618658244,15.141131820673857,15.272673807016096,92803
2018-09-14,16.027307510375977,16.2626980488738,15.438832402103769,15.438832402103769,252718
2018-09-17,15.74345588684082,16.13115665375171,15.708838464752366,16.068848265126242,77610
2018-09-18,15.958075523376465,15.958075523376465,15.784994605071606,15.784994605071606,56229
2018-09-19,15.909614562988281,16.241930957124268,15.778073791784273,15.958077473630823,168776
2018-09-20,15.57037353515625,15.958075535230556,15.535758589441945,15.92345935154387,194221
2018-09-21,15.452679634094238,15.681146200799683,15.397292749340588,15.549604206468347,159845
2018-09-24,15.89576530456543,16.207312183863497,15.563450201412447,15.584219663239695,212591
2018-09-25,16.442699432373047,16.61578156062635,15.951150199163521,15.964996917980447,272701
2018-09-26,16.546550750732422,16.643475315563816,16.248850601252084,16.415008766637747,96180
2018-09-27,16.511934280395508,16.615782822450576,16.311159937233462,16.47731686173821,337620
2018-09-28,16.595014572143555,16.664245700591334,16.35270005170069,16.615784034475126,235723
2018-10-01,16.802711486816406,17.06579422872836,16.65732277614787,16.664245517524886,114303
2018-10-02,16.61578369140625,17.01733116075779,16.449625520239657,16.851172989591195,86630
2018-10-03,16.574241638183594,16.574241638183594,16.34577510738128,16.46347036202859,94183
2018-10-04,15.722686767578125,16.53270574119097,15.701916066276638,16.53270574119097,79818
2018-10-05,15.97884464263916,16.51193534513039,15.653452275623296,16.51193534513039,51628
2018-10-08,16.034229278564453,16.138077812762088,15.750375875640941,15.847301669414273,32025
2018-10-09,16.04807472229004,16.525778473682994,15.861147113572265,16.44269939892263,102963
2018-10-10,15.757301330566406,16.241929144947438,14.635736720426216,16.207312960918248,67520
2018-10-11,15.300366401672363,15.764223460842542,15.099592062667105,15.764223460842542,83634
2018-10-12,15.418058395385742,15.646526143506224,15.168822427582414,15.383442219970163,93736
2018-10-15,15.501141548156738,15.771148282727381,15.418062457675585,15.771148282727381,249356
2018-10-16,15.224210739135742,15.528833631575717,15.120362194618338,15.501140191182154,561335
2018-10-17,15.092668533325195,15.300366857292387,15.030360150310091,15.231133257321801,250946
2018-10-18,15.051130294799805,15.27959685217461,14.961128467709408,15.1065159393191,133372
2018-10-19,14.968050003051758,15.106514722179998,14.850354744198308,15.037282362615878,96453
2018-10-22,14.621888160705566,15.092667956713544,14.48342344199897,15.058053015009131,111961
2018-10-23,13.978028297424316,14.621890325094743,13.922642649337726,14.621890325094743,155949
2018-10-24,13.500323295593262,13.991873820441665,13.500323295593262,13.915718715592348,161452
2018-10-25,13.161086082458496,13.500325207683371,13.08493096682311,13.500325207683371,189847
2018-10-26,12.655689239501953,13.078006197020706,12.537993964103679,13.078006197020706,180013
2018-10-29,12.655689239501953,12.655689239501953,12.655689239501953,12.655689239501953,0
2018-10-30,13.084929466247559,13.673404573313457,12.704151455793154,12.704151455793154,242285
2018-10-31,12.544917106628418,13.119546780524258,12.544917106628418,13.064161130912208,164748
2018-11-01,12.5795316696167,12.981080362942114,12.517223286080624,12.5795316696167,144202
2018-11-02,12.52414608001709,12.925693537065246,12.378758613180235,12.669534784826245,375472
2018-11-05,12.78722858428955,13.050312548900125,12.600302198238838,12.600302198238838,161343
2018-11-06,12.669533729553223,12.884153541383343,12.461836658244513,12.835690643816871,161878
2018-11-07,12.634917259216309,12.794152682855351,12.537992694797206,12.70415085947608,321326
2018-11-08,12.496451377868652,12.75953532058574,12.43414300036106,12.641840067997387,149446
2018-11-09,12.11567497253418,12.50337695790264,12.087982769418646,12.392604431523509,223642
2018-11-12,11.631049156188965,12.33721956894571,11.527200602488632,12.122599719820654,350626
2018-11-13,11.824899673461914,12.046443504743603,11.561816915427842,11.69335891343109,145447
2018-11-14,12.081059455871582,12.115675640152729,11.74182035472739,11.83874616590356,159189
2018-11-15,12.025672912597656,12.399528170167484,11.984133989744256,12.399528170167484,108461
2018-11-16,12.06721305847168,12.150292150570912,11.824899761999506,12.136445428892301,84005
2018-11-19,12.087983131408691,12.205677164625788,11.963363880753745,12.067212430984622,116473
2018-11-20,11.686433792114258,12.177984313188526,11.644894869419442,12.15029087274378,99438
2018-11-21,11.748744010925293,11.901055465163697,11.631048740015055,11.644895460940795,117256
2018-11-22,12.212599754333496,12.413374090454612,11.693357062267403,11.769512161914871,107583
2018-11-23,12.129522323608398,12.357990129528929,12.08798339778961,12.136445065254065,67770
2018-11-26,12.316449165344238,12.510299536521739,12.122598794166736,12.177984437649977,126489
2018-11-27,12.773385047912598,12.863386884158993,12.330297370737688,12.399529742922988,163612
2018-11-28,12.780304908752441,13.05031159459384,12.634916217156231,12.828767805951177,136753
2018-11-29,12.697227478027344,13.084929467866852,12.676458015958094,12.808000005683922,328528
2018-11-30,12.510298728942871,12.79415214517587,12.20567585249093,12.704150325578963,293400
2018-12-03,12.773385047912598,13.015698350561149,12.454915393076735,12.454915393076735,317940
2018-12-04,12.371834754943848,12.932617642446587,12.254139489321865,12.807999635658971,161911
2018-12-05,12.254141807556152,12.468762917932844,12.219525619234675,12.37876107589151,94552
2018-12-06,12.295679092407227,12.461837252567394,11.99797895228924,12.33721801346114,116116
2018-12-07,12.814922332763672,13.064159583454275,12.295679607956965,12.427220355457946,584628
2018-12-10,13.48647689819336,13.680328511492077,12.724920879575759,12.856462868889555,427698
2018-12-11,13.867256164550781,14.158032346926518,12.856462886575352,13.465707454713062,641175
2018-12-12,12.392602920532227,13.881099819084442,12.351064001937472,13.839560900489685,707760
2018-12-13,12.164137840270996,12.655688371338808,12.046442572946459,12.371834933912298,305803
2018-12-14,11.762589454650879,12.281833440814076,11.693358326197798,12.115675266204063,208828
2018-12-17,11.610278129577637,11.852591388914641,11.547968510559224,11.762588330783101,137745
2018-12-18,11.534122467041016,11.707203376712071,11.478736823540741,11.631048271645733,193143
2018-12-19,11.527199745178223,11.66566447314732,11.492583563185947,11.547969206779122,291140
2018-12-20,11.624125480651855,11.831823831459618,11.471814016978133,11.520276924234196,426517
2018-12-21,11.554891586303711,11.7556659307633,11.485659224486236,11.651817388037088,218936
2018-12-24,11.561816215515137,11.804129495504203,11.506430570540678,11.534122774041732,316113
2018-12-25,11.831823348999023,12.039520453365178,11.492584250012017,11.527200434073041,561894
2018-12-26,11.644895553588867,12.136444865570697,11.61027936998529,12.018749593724063,417751
2018-12-27,11.541048049926758,11.790284099297375,11.520277347502132,11.769514634845239,213980
2018-12-28,11.644895553588867,11.714127920796019,11.527200281742234,11.561816465345808,98542
2018-12-31,12.011826515197754,12.011826515197754,11.637971247578776,11.700280871506052,148213
2019-01-01,12.011826515197754,12.011826515197754,12.011826515197754,12.011826515197754,0
2019-01-02,11.748744010925293,12.067212402355473,11.61027927761263,12.067212402355473,158996
2019-01-03,11.24334716796875,11.693358806178251,11.153345335515816,11.637971920386525,237511
2019-01-04,11.077188491821289,11.367964677351875,11.035649567305073,11.236423924402287,190556
2019-01-07,11.063343048095703,11.153344876847417,11.02872686488563,11.077188531001841,195658
2019-01-08,10.911030769348145,11.111806372726509,10.800259474072561,11.077188950233928,234481
2019-01-09,11.367963790893555,11.457966850280972,10.862567804818681,10.90410672609575,690718
2019-01-10,11.617201805114746,11.78335997721846,11.222577074847683,11.409504708971275,588204
2019-01-11,11.513352394104004,11.817975274138197,11.361040954086908,11.679509315781722,166366
2019-01-14,11.451043128967285,11.624124034801627,11.319502383316559,11.624124034801627,102585
2019-01-15,11.541048049926758,11.64489661015993,11.492585140890114,11.499507883049995,90945
2019-01-16,11.873361587524414,11.90105502835946,11.520275787753002,11.672587236401121,305763
2019-01-17,11.977210998535156,12.108752995041396,11.824899538889094,11.880286424558507,158265
2019-01-18,12.544917106628418,12.572610550420672,12.060290506071173,12.150292341437314,519660
2019-01-21,12.316449165344238,12.697227166503454,12.267986263056784,12.551839697613406,131283
2019-01-22,12.330294609069824,12.44798862504644,12.267984992869815,12.364910787409345,93418
2019-01-23,12.69030475616455,12.73184368036689,12.420298034932301,12.447990238409744,176655
2019-01-24,13.001849174499512,13.029541375363397,12.489529221836976,12.662610119632127,194456
2019-01-25,12.911848068237305,13.195700261106875,12.780306083460303,13.050312794119495,249420
2019-01-28,12.835691452026367,13.14031433764884,12.81492199118217,12.891078331573924,168251
2019-01-29,12.863386154174805,13.04339105442497,12.607226144031522,12.946465243677004,382753
2019-01-30,13.320321083068848,13.410322917961894,12.711075226621412,12.78030759776567,764368
2019-01-31,13.29955005645752,13.673405346692716,13.147239834038842,13.500324423060203,388605
2019-02-01,12.946464538574219,13.444937810466689,12.821845292121855,13.389552166472486,249714
2019-02-04,12.52414608001709,13.057235521706058,12.47568317841404,12.953386977401934,220541
2019-02-05,12.544917106628418,12.801077128803168,12.399529621650226,12.711075293437027,224446
2019-02-06,12.731842994689941,12.766459175651743,12.357988983085857,12.572608809860112,250921
2019-02-07,12.60722541809082,12.773383587527611,12.468760689550935,12.634917621015402,246339
2019-02-08,12.295679092407227,12.69030379430843,12.11567421257167,12.614147455079914,275323
2019-02-11,12.60722541809082,12.690304502809216,12.364912143146022,12.461837948312871,491195
2019-02-12,12.51722240447998,13.223392700625274,12.489528966210672,12.697226039313865,323041
2019-02-13,12.399527549743652,12.641840809532793,12.364911369773774,12.565685708787962,1619206
2019-02-14,11.84566879272461,12.288756442416412,11.603355505105863,12.288756442416412,477675
2019-02-15,11.707202911376953,12.004903054556106,11.707202911376953,11.838744892687382,490601
2019-02-18,11.527199745178223,11.77643576033367,11.457967381193674,11.714127375530968,930382
2019-02-19,11.56873893737793,11.707203668566628,11.402582002734901,11.596432378804609,314103
2019-02-20,11.665664672851562,11.72797305872092,11.582585587053412,11.603355049009863,300723
2019-02-21,11.748744010925293,11.78336019425346,11.589509815210203,11.734897289999553,412893
2019-02-22,11.866437911987305,11.907978074302873,11.75566662175716,11.776436083928768,438742
2019-02-25,12.247218132019043,12.31645050338749,11.914901759072544,11.914901759072544,567022
2019-02-26,12.143369674682617,12.461839328376076,12.087984024727547,12.254140974592756,474125
2019-02-27,12.074137687683105,12.240294642845589,12.039521500611025,12.164139526476013,250185
2019-02-28,12.081059455871582,12.17798526704775,12.032596550283497,12.150291824433873,242565
2019-03-01,11.901055335998535,12.150291358067362,11.85259243227061,12.08798297153633,220389
2019-03-04,11.907978057861328,12.053365530834197,11.873361874965658,11.935671499366803,268837
2019-03-05,11.93567180633545,12.150291650619376,11.873362180331789,11.942594547903687,789341
2019-03-06,12.461836814880371,12.461836814880371,11.914899453731774,11.914899453731774,933346
2019-03-07,12.870308876037598,13.237241417610857,12.441067945912714,12.468761388361697,1099205
2019-03-08,12.150293350219727,13.078007700642106,11.831824910030136,12.877234549382601,845450
2019-03-11,11.617201805114746,12.447990189688628,11.52719997771371,12.23337035219598,1216081
2019-03-12,11.527199745178223,11.797206459906889,11.430273940410926,11.61720157076367,685164
2019-03-13,11.153345108032227,11.707204050873676,11.132575645270151,11.541047110804675,1036601
2019-03-14,11.132575035095215,11.33334814808746,11.077188153468907,11.229499601996613,696016
2019-03-15,11.416428565979004,11.451044752052413,11.132576335366036,11.222578171562407,837590
2019-03-18,11.575661659240723,11.658740745408405,11.326425638710027,11.361041821448865,1045573
2019-03-19,11.907978057861328,11.970286444290121,11.631048594695976,11.769513326278652,909000
2019-03-20,11.492584228515625,11.914901178081253,11.464890786129647,11.873362252474676,602255
2019-03-21,11.1948823928833,11.589508317390047,11.146419494892706,11.561814879117648,650212
2019-03-22,10.848723411560059,11.333350040923795,10.827953946467547,11.29181111073877,824296
2019-03-25,10.855644226074219,10.924877827374909,10.731026219677595,10.821029282382337,985003
2019-03-26,11.146421432495117,11.236424503539704,10.959493786592978,11.014880672765775,896589
2019-03-27,10.620254516601562,11.38181181006069,10.54409940624185,11.354119605371887,1217229
2019-03-28,10.731027603149414,10.841800141539292,10.322556730648074,10.55794667251442,761996
2019-03-29,10.786412239074707,10.862568584176342,10.557945679714503,10.696410411202184,252866
2019-04-01,10.821029663085938,10.994109339523842,10.544098962057175,10.696410414332671,400749
2019-04-02,10.800259590148926,10.938724329717767,10.703333777261768,10.834875775041136,392103
2019-04-03,10.6964111328125,10.848722595318783,10.682564411135122,10.744874039697104,290098
2019-04-04,10.821029663085938,10.862568587355458,10.634102027928389,10.703333155720141,343282
2019-04-05,11.222578048706055,11.340273327661698,10.91103113948349,10.91103113948349,881326
2019-04-08,11.125651359558105,11.367964640383537,11.001033348442355,11.243346629267785,451618
2019-04-09,11.077188491821289,11.367964677351875,11.056419029563182,11.257193386660393,303294
2019-04-10,11.20180606842041,11.402581655694657,11.042571879994206,11.181036606968698,549213
2019-04-11,11.049495697021484,11.229499344258603,11.028726235874476,11.181036442934058,276840
2019-04-12,10.821029663085938,10.938723694507031,10.737950576574542,10.938723694507031,295170
2019-04-15,10.758719444274902,10.897184168152737,10.751795465297642,10.81410508623158,251491
2019-04-16,10.807182312011719,10.841799734812522,10.724104458801534,10.75179666388079,288958
2019-04-17,10.876415252685547,10.973339821478032,10.821029607950933,10.821029607950933,329278
2019-04-18,10.703333854675293,10.945648388645765,10.67564164934469,10.869492038548636,311775
2019-04-19,10.703333854675293,10.779490204772422,10.627178742550598,10.69641111283575,237361
2019-04-22,10.55102252960205,10.689487255725865,10.544098550512478,10.627177633781228,234080
2019-04-23,10.55102252960205,10.55102252960205,10.55102252960205,10.55102252960205,0
2019-04-24,10.43332576751709,10.627177369650228,10.43332576751709,10.544098288446351,389289
2019-04-25,10.253321647644043,10.474865441254533,10.211782108968812,10.447173240785856,529365
2019-04-26,10.197937965393066,10.281017058683751,9.9002383969233,10.239477512038409,303249
2019-04-29,9.782543182373047,10.170245207626268,9.754850357422455,10.156398485657856,639493
2019-04-30,9.609461784362793,9.858698434743545,9.59561568205543,9.782542705601342,400065
2019-05-01,9.609461784362793,9.609461784362793,9.609461784362793,9.609461784362793,0
2019-05-02,9.42945671081543,9.644077158929738,9.374070449277397,9.62330707873317,488336
2019-05-03,9.484842300415039,9.567921382765196,9.401763837051027,9.43637939921309,483534
2019-05-06,9.270222663879395,9.408688019562678,9.180220832620767,9.408688019562678,353107
2019-05-07,9.360224723815918,9.401764266890142,9.014062277521496,9.06944854128252,606611
2019-05-08,9.505613327026367,9.609461880811812,9.394840793538446,9.4294575971198,437814
2019-05-09,9.367148399353027,9.5263825976784,9.297915412575595,9.5263825976784,386771
2019-05-10,9.290990829467773,9.58869034318978,9.263298628778518,9.470995704822942,259426
2019-05-13,9.124834060668945,9.339454514448098,9.090217878413798,9.332531154199836,446640
2019-05-14,9.152525901794434,9.24945107792409,9.034831266132029,9.152525901794434,486273
2019-05-15,8.9102144241333,9.180221165677366,8.861751516936618,9.159451702013772,282120
2019-05-16,8.937907218933105,9.083295321053058,8.896367672757945,8.896367672757945,267346
2019-05-17,8.854827880859375,9.00713933961288,8.78559613113693,8.875597962863692,216626
2019-05-20,8.813287734985352,8.944829721752782,8.757902091388866,8.903290179562338,132515
2019-05-21,8.903290748596191,9.069448927977593,8.716363106285215,8.82021165890549,736873
2019-05-22,8.778672218322754,9.06252441698599,8.744056036145661,8.930983667496431,221233
2019-05-23,8.69559383392334,8.910214304505985,8.660977648957953,8.757902843063794,202363
2019-05-24,8.896367073059082,8.951753337221145,8.70943943736465,8.70943943736465,215825
2019-05-27,8.9102144241333,9.020986341306992,8.889444960469707,8.896367702366756,148625
2019-05-28,9.339454650878906,9.374070833639728,8.924060457749045,8.951753280160467,400421
2019-05-29,9.311761856079102,9.33945467857264,9.117911479638156,9.194066586748843,307526
2019-05-30,9.436379432678223,9.512535774257735,9.31868478774861,9.339454248916734,177545
2019-05-31,9.457149505615234,9.512535766998207,9.380993783079989,9.443302785522954,118218
2019-06-03,9.533305168151855,9.574844709181116,9.498688987125162,9.498688987125162,58190
2019-06-04,9.533305168151855,9.533305168151855,9.533305168151855,9.533305168151855,0
2019-06-05,9.533305168151855,9.533305168151855,9.533305168151855,9.533305168151855,0
2019-06-06,9.533305168151855,9.533305168151855,9.533305168151855,9.533305168151855,0
2019-06-07,9.734079360961914,9.754849441965336,9.554075706182633,9.554075706182633,182973
2019-06-10,9.761773109436035,9.817158755882087,9.713310204556096,9.741003646765312,151395
2019-06-11,9.65792465209961,9.865621756772871,8.930984166756998,9.782542667309087,207071
2019-06-12,9.727155685424805,9.80331202765004,9.588690959166888,9.678693402626225,162819
2019-06-13,9.6025390625,9.76177389202387,9.540229431520176,9.706387622151386,163340
2019-06-14,9.962546348571777,10.066394894654925,9.58869108748352,9.58869108748352,361704
2019-06-17,9.934853553771973,10.031779358902167,9.87254393076366,9.969469735893853,288416
2019-06-18,10.225629806518555,10.232553166791165,9.907160804853987,9.934853626958262,312935
2019-06-19,10.218708038330078,10.301786512554223,10.073319934705044,10.218708038330078,266403
2019-06-20,10.38486385345459,10.613330392753028,10.260245234666797,10.260245234666797,487496
2019-06-21,10.20486068725586,10.461020708576001,10.20486068725586,10.35024879073523,146512
2019-06-24,10.55794620513916,10.613331852896074,10.301786191544473,10.301786191544473,309054
2019-06-25,10.710257530212402,10.765643177272551,10.447174778197398,10.571792793575831,301417
2019-06-26,10.578714370727539,10.82102887114027,10.509482010030263,10.724103070975177,314315
2019-06-27,10.758719444274902,10.779488905262122,10.57179181944537,10.57179181944537,367355
2019-06-28,10.952569961547852,10.994108884096638,10.70333271233824,10.765642334133718,201035
2019-07-01,11.264115333557129,11.264115333557129,11.070264969534394,11.111805129092868,428394
2019-07-02,11.298733711242676,11.35411935738299,11.20180666404547,11.35411935738299,306065
2019-07-03,11.264115333557129,11.31257823405588,11.132574589885971,11.277962053409953,259833
2019-07-04,11.430274963378906,11.430274963378908,11.229500594666213,11.243347316296818,305250
2019-07-05,11.423351287841797,11.44412074960386,11.319502741059152,11.388733867608586,193801
2019-07-08,11.333348274230957,11.416427359622794,11.250269188839122,11.416427359622794,121756
2019-07-09,10.751795768737793,11.333348120626342,10.737950286337085,11.333348120626342,369071
2019-07-10,10.737950325012207,10.793335968731478,10.454096889245927,10.731026345814598,244134
2019-07-11,10.6964111328125,10.88333878052601,10.599485319043291,10.737951297844631,124061
2019-07-12,10.495635032653809,10.85564354703676,10.433325414366907,10.689486628225403,199417
2019-07-15,10.495635032653809,10.495635032653809,10.495635032653809,10.495635032653809,0
2019-07-16,10.66179370880127,10.751795532288174,10.509482263992197,10.516405005040308,134677
2019-07-17,10.6964111328125,10.80025968843418,10.647948225927895,10.67564166928265,346220
2019-07-18,10.703333854675293,10.737951277790303,10.661794927693174,10.661794927693174,199348
2019-07-19,10.848723411560059,11.139499636772806,10.731028125405789,10.731028125405789,388648
2019-07-22,10.627177238464355,10.883337219859063,10.613330518772592,10.834874319924023,220175
2019-07-23,10.64102554321289,10.696411192257772,10.592562636058954,10.613332099704229,201961
2019-07-24,10.634102821350098,10.689488470499292,10.509483563298856,10.64102556325408,150446
2019-07-25,10.571791648864746,10.717179111401666,10.523328748695018,10.647946750579845,137600
2019-07-26,10.758719444274902,10.7864116462671,10.530252897470932,10.627177461402047,222195
2019-07-29,10.779489517211914,10.904107528182053,10.717179892740669,10.765642796443599,183101
2019-07-30,10.959493637084961,11.118729075700854,10.800259436441474,10.800259436441474,365171
2019-07-31,12.5310697555542,12.614148844787149,10.97334023686048,10.97334023686048,3889196
2019-08-01,11.991058349609375,12.981082270309267,11.977211627464923,12.863386989040139,1308725
2019-08-02,12.053366661071777,12.441068688641288,11.658741891462931,12.004904990851497,1121266
2019-08-05,12.461836814880371,12.738765008800565,12.184906145015754,12.184906145015754,1843179
2019-08-06,12.821845054626465,12.835691774861619,12.288755610365342,12.544915601812615,929366
2019-08-07,12.69030475616455,12.9603114773968,12.586456207686355,12.808000025367642,631651
2019-08-08,12.544917106628418,12.794154386841331,12.461839251196569,12.717998035398864,204796
2019-08-09,12.87723159790039,13.133391582630637,12.607224893298078,12.745689616074182,461561
2019-08-12,12.87723159790039,12.87723159790039,12.87723159790039,12.87723159790039,0
2019-08-13,12.87723159790039,12.87723159790039,12.87723159790039,12.87723159790039,0
2019-08-14,12.87723159790039,12.87723159790039,12.87723159790039,12.87723159790039,0
2019-08-15,13.001849174499512,13.825714743193318,12.399527402577945,12.877231175681452,1889053
2019-08-16,13.590325355529785,13.74263680583175,12.773383697693122,13.091852080892595,1225327
2019-08-19,13.382628440856934,13.922641884458187,13.32724279581311,13.534939893206715,662707
2019-08-20,13.348011016845703,13.742635712795396,13.24416247780485,13.34108827609854,447307
2019-08-21,12.891077041625977,13.424166419135483,12.71107217705318,13.348010086364326,387652
2019-08-22,12.461836814880371,13.022618419273607,12.295678660556042,12.94646332069208,400738
2019-08-23,12.78722858428955,12.835691485032145,12.31644877273066,12.56568601741874,266186
2019-08-26,12.731842994689941,12.752613693644848,12.49645246896078,12.607224990821914,162720
2019-08-27,12.06721305847168,12.731844557293103,12.06721305847168,12.219524520991532,821701
2019-08-28,11.984134674072266,12.198754517690743,11.914901068742651,12.115675429267585,391006
2019-08-29,11.97028636932373,12.267986530739957,11.873361800606277,12.03951997265383,249860
2019-08-30,11.97028636932373,11.97028636932373,11.97028636932373,11.97028636932373,0
2019-09-02,12.184908866882324,12.247218498165735,12.032597397723702,12.032597397723702,169830
2019-09-03,12.807999610900879,12.960311058001238,12.205676563651693,12.288755647340281,971604
2019-09-04,12.974156379699707,13.12646906288691,12.8218449344848,12.8218449344848,610837
2019-09-05,13.216470718383789,13.39647561837913,13.029543076761563,13.084929961666218,439066
2019-09-06,13.500323295593262,13.528016736250638,13.029542232251734,13.299548945758062,462330
2019-09-09,13.327242851257324,13.624943015804535,13.264933226591081,13.528017208095347,267751
2019-09-10,13.320321083068848,13.528018196501623,13.105699989738177,13.424169639785235,234613
2019-09-11,13.548788070678711,13.555710812813867,13.271858577712756,13.361860415332195,262288
2019-09-12,13.202625274658203,13.652635669035279,13.15416236920773,13.638788947767658,325391
2019-09-13,13.327242851257324,13.451860862617455,13.271857205983084,13.29262666821438,130974
2019-09-16,13.659558296203613,13.943410483209444,13.354935410366688,13.382627612187688,825348
2019-09-17,13.624943733215332,13.78417793600276,13.479555013996219,13.638789216783646,219326
2019-09-18,13.846485137939453,13.908794760540353,13.500323318984046,13.624942564185845,366729
2019-09-19,14.192647933959961,14.434961202774236,13.88802504369024,14.05418320892323,658336
2019-09-20,13.811871528625488,14.331114307231829,13.728792436453986,14.296498121991407,259430
2019-09-23,13.624943733215332,13.756484492921285,13.389553180940057,13.742637771380545,260816
2019-09-24,13.881101608276367,13.984950156120902,13.604172147357605,13.79802252240627,438956
2019-09-25,14.698044776916504,14.71881547724279,13.853409658087255,13.853409658087255,912843
2019-09-26,14.794970512390137,15.265751592614905,14.691121963159208,14.70496868398447,678266
2019-09-27,14.774199485778809,15.085745100483727,14.559578430643196,14.815738405883907,438855
2019-09-30,14.968050003051758,15.092668002672726,14.781122384634187,14.781122384634187,233250
2019-10-01,14.801892280578613,15.120361886730542,14.69804373817582,14.988819904498094,210453
2019-10-02,14.884971618652344,15.154978328742345,14.760353613215536,14.85035543725477,244567
2019-10-03,14.566502571105957,15.120362732887944,14.455731281532968,14.905742895100646,377857
2019-10-04,14.815739631652832,15.404215968310377,14.81573963165283,14.884971996204033,655970
2019-10-07,14.711891174316406,15.092669181664236,14.49727133809111,14.87804934543894,346438
2019-10-08,14.677275657653809,14.711891841710312,14.365730001145277,14.538810921427794,383803
2019-10-09,14.358803749084473,15.023435120566281,14.220339034772289,14.732658972916253,431555
2019-10-10,13.943413734436035,14.407270912312539,13.818795702253295,14.261883414428105,205908
2019-10-11,14.185725212097168,14.317265958276723,13.846484902136815,13.984949627360955,201823
2019-10-14,13.438015937805176,14.192649254667216,12.863386285052337,14.192649254667216,854407
2019-10-15,13.451860427856445,13.811870205434467,13.396474784372256,13.50032333014473,208897
2019-10-16,13.292627334594727,13.597250255832812,13.112622430964072,13.320320777606343,242696
2019-10-17,13.126468658447266,13.458783740876646,13.015696138989302,13.264932141318273,177146
2019-10-18,14.192647933959961,14.227264115219143,13.500323070804022,13.500323070804022,418620
2019-10-21,14.081875801086426,14.227264509184305,13.971104513178608,14.213417788702747,181693
2019-10-22,14.421114921569824,14.8849720121544,14.310343633358132,14.8849720121544,250183
2019-10-23,14.608041763305664,14.698043584854783,14.441883602005545,14.476501020417645,172501
2019-10-24,14.538808822631836,14.788046054642663,14.47650044310829,14.64958010043295,176036
2019-10-25,14.677275657653809,14.871127278748142,14.538810921427794,14.573427105484297,250556
2019-10-28,14.725737571716309,14.850355578337021,14.628811767693362,14.753429774314073,128383
2019-10-30,15.051130294799805,15.099593197993816,14.08187594483661,14.573426480129662,533521
2019-10-31,15.321139335632324,15.598068838163847,15.127287693482236,15.127287693482236,578915
2019-11-01,14.628811836242676,15.348830152687746,14.455730926799447,15.348830152687746,446090
2019-11-04,15.058055877685547,15.348832089843107,14.850357522168029,14.850357522168029,414455
2019-11-05,15.02343463897705,15.175746067432419,14.933432825153655,15.002665180090444,172440
2019-11-06,15.071901321411133,15.231135530174356,14.940359318796206,15.030362393202456,382533
2019-11-07,15.542680740356445,15.57729692272769,15.058054187159033,15.127285313929187,1643617
2019-11-08,15.74345588684082,16.05500154388534,15.570373728288134,15.577297707894783,789571
2019-11-11,15.625758171081543,15.92345832191532,15.563449787257868,15.73653069449969,218191
2019-11-12,15.722686767578125,15.937306618599148,15.577298048329837,15.604990253444447,314823
2019-11-13,15.722686767578125,15.888843712183052,15.674222623189607,15.888843712183052,149321
2019-11-14,15.97884464263916,16.027307546317665,15.667298996384634,15.736531362218972,344561
2019-11-15,16.255773544311523,16.35962208156621,15.888841055633854,15.999612333516634,260368
2019-11-18,16.38039207458496,16.511934054577985,16.193464453847806,16.193464453847806,228943
2019-11-19,16.331932067871094,16.52578246380197,16.29039190147503,16.345778790003116,102266
2019-11-20,16.26961898803711,16.60885803747542,16.103460833624016,16.477316062067374,189390
2019-11-21,16.33885383605957,16.470395831514388,16.262698725831456,16.352700557366248,76803
2019-11-22,16.26961898803711,16.463470580843126,16.145000991213394,16.380391503636577,163256
2019-11-25,16.255773544311523,16.53270297699069,16.145001028456527,16.241926825083123,387480
2019-11-26,15.923458099365234,16.304237327947686,15.881919177396675,16.241927707022562,244417
2019-11-27,15.881921768188477,16.048078721139905,15.874997788082696,15.978846347917022,121595
2019-11-28,15.958075523376465,16.1865420879444,15.819610788732577,15.881920414511278,145081
2019-11-29,16.28346824645996,16.35270061526607,15.916536939382068,15.999614791571474,151483
2019-12-02,16.830402374267578,17.024253973334346,16.456547133749954,16.456547133749954,1293457
2019-12-03,16.747323989868164,17.148872686348806,16.726554528526272,16.996561239887768,568368
2019-12-04,17.03809928894043,17.065792727957835,16.366545153504635,16.754247109887107,514522
2019-12-05,17.411956787109375,17.654271315050515,17.155796775833654,17.155796775833654,329311
2019-12-06,18.000431060791016,18.000431060791016,17.30810621785032,17.44657093884401,271385
2019-12-09,18.104278564453125,18.3292837231787,17.671575098162524,18.000430029656705,175691
2019-12-10,18.000431060791016,18.121587691660494,17.498495209216642,18.104279601536284,230880
2019-12-11,17.879276275634766,17.965817979154153,17.481190134118958,17.948509886044768,143795
2019-12-12,18.017738342285156,18.017738342285156,17.792733180768572,17.792733180768572,114560
2019-12-13,17.515806198120117,18.121590690694095,17.481190012142886,18.017742132762404,211072
2019-12-16,17.72350311279297,17.861969093102534,17.48118981370301,17.67157883441655,165172
2019-12-17,17.67157745361328,17.879274550890138,17.550422051507464,17.60234632582668,288273
2019-12-18,17.34272575378418,17.53311478198933,17.34272575378418,17.53311478198933,78999
2019-12-19,17.602344512939453,17.723499902567326,17.360030019767038,17.377338109424194,188403
2019-12-20,17.533111572265625,17.74080865592161,17.48118730135163,17.533111572265625,92861
2019-12-23,18.346593856811523,18.346593856811523,17.463879974702266,17.481188065763774,457646
2019-12-24,18.588905334472656,18.986991390399865,18.39851635120312,18.39851635120312,388395
2019-12-25,18.658140182495117,18.883145374574397,18.606215907399896,18.606215907399896,95476
2019-12-26,18.79660415649414,18.88314461148899,18.623523246504437,18.692755610500317,132768
2019-12-27,18.779296875,18.986993975940685,18.658140232784604,18.986993975940685,143806
2019-12-30,18.86583709716797,18.952378792780486,18.72737236494371,18.952378792780486,92285
2019-12-31,19.07353401184082,19.090843341174534,18.710064093252083,18.8658369155044,253899
2020-01-02,19.33315658569336,19.662010320971834,19.1600756723889,19.177382525747,180420
2020-01-03,18.744680404663086,19.35046484444223,17.965816288054352,19.281232478521453,403779
2020-01-06,18.1215877532959,18.571598098055965,17.861966400549704,18.34659292567593,248133
2020-01-07,18.6927547454834,18.796603286671576,18.502365753305078,18.519673843503107,195232
2020-01-08,18.727373123168945,18.84853100674291,17.965817065102005,18.000433249559592,205036
2020-01-09,19.263925552368164,19.333157922476992,19.056228442041675,19.056228442041675,203160
2020-01-10,20.371641159057617,20.596647574313806,19.419696178241107,19.419696178241107,1121135
2020-01-13,20.613956451416016,20.85626849053354,20.440875539208974,20.492799812871088,307447
2020-01-14,20.75242042541504,20.890883912165737,20.492799066559428,20.75242042541504,174283
2020-01-15,20.63126564025879,20.769730377391006,20.49280090312657,20.68318991668337,115314
2020-01-16,20.00817108154297,20.71780402625427,19.69662545419413,20.71780402625427,259771
2020-01-17,20.388952255249023,20.406260347309882,19.97355680781604,20.112021544302902,276174
2020-01-20,20.11202049255371,20.769729194444125,20.09471240139797,20.544724009419518,228183
2020-01-21,20.700496673583984,20.80434521973462,19.88701515743168,20.129328431783165,237616
2020-01-22,20.215869903564453,20.787036936116934,20.077405168400215,20.7178058065072,147457
2020-01-23,20.250484466552734,20.579338166143287,20.11201851296345,20.42356412310187,130141
2020-01-24,20.146636962890625,20.4235651703525,19.73124155676713,20.4235651703525,252361
2020-01-27,19.644702911376953,20.146638815351054,19.592778635583674,20.042789025792107,239544
2020-01-28,20.00817108154297,20.16394389521739,19.627393092561054,20.077403443176046,221825
2020-01-29,20.45818328857422,20.700496561615033,20.25048619739638,20.25048619739638,280923
2020-01-30,20.85626983642578,21.202431683178308,19.904324757856344,20.09471377357023,254120
2020-01-31,20.76972770690918,21.288970404393012,20.596646807747902,20.92550175412657,436320
2020-02-03,20.821653366088867,21.25435437916734,20.5101065073601,20.76972785799053,261271
2020-02-04,21.081275939941406,21.254356860568524,20.908195019314288,21.219740676443102,157464
2020-02-05,20.85626983642578,21.2543571981636,20.769730612710067,21.150508644137844,290248
2020-02-06,21.70436668395996,21.738982867175913,20.96011750684462,21.012043019640913,440311
2020-02-07,21.652442932128906,21.91206305970334,21.53128505690143,21.91206305970334,216071
2020-02-10,20.700496673583984,21.79090764613799,20.25048630693123,21.6005174068895,288924
2020-02-11,21.02935218811035,21.35820468817012,19.800475217414036,21.35820468817012,797685
2020-02-12,20.440874099731445,21.029350397766322,20.354333649722236,20.977424889788548,310353
2020-02-13,20.64857292175293,20.908194293683298,20.45818391567066,20.596648647366855,269250
2020-02-14,20.76972770690918,20.873576246405946,20.596646807747902,20.61395489766403,193790
2020-02-17,21.081275939941406,21.60051870182276,20.73511409868717,20.856269505153755,453033
2020-02-18,21.081275939941406,21.60051870182276,20.769730282812592,21.01204357169056,511380
2020-02-19,21.11589241027832,21.34089884811578,20.769730564332097,21.11589241027832,229048
2020-02-20,20.804346084594727,21.20243095674868,20.267794002539045,21.20243095674868,328871
2020-02-21,21.237049102783203,21.34089765074043,20.423566334506887,20.700497033698507,249485
2020-02-24,21.15050506591797,21.34089528739426,20.613954294224644,21.115888887099047,133228
2020-02-25,21.773597717285156,22.085143347154084,21.098580947930184,21.306280510454048,499353
2020-02-26,21.081275939941406,21.61782803185787,21.029352901725666,21.60051870182276,258290
2020-02-27,20.94281005859375,21.358204245391168,20.76972914742816,21.046658605293104,220288
2020-02-28,20.527414321899414,20.942809740357013,19.22930626991057,19.92163114202503,203630
2020-03-02,20.66588020324707,21.49666856086276,20.63126402167975,20.80434492951635,219967
2020-03-03,20.683189392089844,21.150507868058348,20.631265116982235,20.7870367043327,147228
2020-03-04,20.700496673583984,20.94280994793547,20.492799581282714,20.787035890737194,169286
2020-03-05,20.440874099731445,21.115889609803286,20.267791961740777,20.942808709784863,216648
2020-03-06,20.319717407226562,20.562031919242308,20.077404133183133,20.371641680235868,150399
2020-03-09,18.727373123168945,20.0600974627585,17.65427140498371,20.0600974627585,404846
2020-03-10,17.82735252380371,19.315851051199072,17.688887774831585,19.073536502525346,509655
2020-03-11,17.82735252380371,17.82735252380371,17.82735252380371,17.82735252380371,0
2020-03-12,15.715763092041016,16.740403174481973,15.64653072095568,16.740403174481973,277228
2020-03-13,16.61578369140625,16.87886643077641,15.65345208487437,15.923458803527001,260941
2020-03-16,15.265750885009766,16.26962014771027,15.231133465565035,16.26962014771027,173351
2020-03-17,14.815739631652832,15.50806451513718,14.573426355723624,14.974975060498458,129510
2020-03-18,14.732660293579102,15.577296612164826,14.7118908321649,15.258826997915278,163213
2020-03-19,14.365728378295898,14.878048339645995,14.01956657683563,14.677273999610138,140790
2020-03-20,14.646235466003418,15.226285178391072,14.501223362034125,15.226285178391072,101293
2020-03-23,13.739909172058105,14.537475706498702,13.558644050594332,13.783412282605243,141712
2020-03-24,14.28370475769043,14.646235006233223,13.812415434584798,14.022683497343793,341079
2020-03-25,14.095190048217773,14.588230944464335,13.783412986177145,14.247452239415372,253065
2020-03-26,14.54472827911377,14.704241858353186,13.957428459620077,14.182198006528967,207363
2020-03-27,14.218451499938965,15.226286209370754,14.14594414653433,14.979765097326691,183594
2020-03-30,14.051687240600586,14.341710159534596,13.942926863298378,14.341710159534596,76016
2020-03-31,14.414217948913574,14.501224178988432,14.174946926676066,14.211199954710773,145438
2020-04-01,14.689739227294922,15.030517915896795,14.066186429818845,14.305457428024905,304631
2020-04-02,15.45105266571045,15.55256165213151,14.696989243323644,14.863754191945445,371893
2020-04-03,15.29154109954834,16.06010472975822,15.066771561139829,15.552562367333834,321759
2020-04-06,15.697572708129883,15.878839113722385,15.494556045259912,15.588813642680577,221032
2020-04-07,15.79183292388916,16.495141865299328,15.632319355242972,15.835336035106103,430593
2020-04-08,16.473392486572266,16.654657634780264,15.516310948221308,15.86434106998915,355987
2020-04-09,17.35071563720703,18.010521518669712,16.785167368378865,17.256456728061977,783386
2020-04-10,17.771251678466797,17.93801665401718,17.278210728758136,17.34346540498554,195506
2020-04-13,18.010520935058594,18.162783127725806,17.125945532812107,17.32896351838238,260572
2020-04-14,18.688451766967773,18.924096419737598,18.19903465316621,18.362173258929932,443514
2020-04-15,18.126527786254883,18.68845092164545,17.147694899437038,18.68845092164545,449111
2020-04-16,17.793001174926758,18.307793586200287,17.669739340129507,18.126528470046175,224535
2020-04-17,18.235288619995117,18.489061094154707,18.126529543859775,18.307794670752013,156958
2020-04-20,18.670326232910156,18.978478266732004,18.271542925801413,18.362175495598855,389595
2020-04-21,18.960350036621094,19.17786818444681,18.27154127199589,18.615945006053277,253749
2020-04-22,19.395387649536133,19.848551784794054,19.050983892088105,19.050983892088105,523278
2020-04-24,19.739791870117188,20.374219817579178,19.576651958545067,19.757917086391352,875280
2020-04-27,20.718624114990234,21.46181245556079,20.428599902674115,21.026774840576113,1901735
2020-04-28,20.356094360351562,20.990522340711557,20.31984133290242,20.84551023091499,433623
2020-04-29,20.936141967773438,21.31680003737694,20.283587499613972,20.555485194680415,768753
2020-04-30,20.718624114990234,21.06302786711563,19.975435774419683,21.026774840576113,633296
2020-05-04,20.011690139770508,20.30171435269968,19.341007850861292,20.30171435269968,356347
2020-05-05,19.449766159057617,20.319840059836235,19.322880570935176,20.229207496891636,485553
2020-05-06,19.576650619506836,20.30171237780838,19.359132480969485,19.631030154141172,889273
2020-05-07,20.138574600219727,20.59173873311801,19.35913452163276,19.721664790742977,796220
2020-05-08,20.301715850830078,20.918017348783486,20.229209792247325,20.446727967995585,442477
2020-05-11,20.482980728149414,20.664245872224555,20.283589069666764,20.482980728149414,209675
2020-05-12,21.063026428222656,21.11740596431706,20.609863627435942,20.62799013946741,399684
2020-05-13,21.38930320739746,22.476895203555728,21.208039387299863,21.22616460245028,1010015
2020-05-14,22.11436653137207,23.346969411314614,20.627991173754406,21.42555903963947,922591
2020-05-15,22.440643310546875,22.893807421402634,22.259378184808753,22.331884235104003,700477
2020-05-18,22.350011825561523,22.83942636375658,22.204997133368657,22.83942636375658,607522
2020-05-20,22.168746948242188,22.476896365900664,22.132493923045843,22.476896365900664,359428
2020-05-21,22.440643310546875,22.911932637466,22.132493893302513,22.404390285399252,457235
2020-05-22,22.11436653137207,22.404390738417373,22.00560745373008,22.36813771253671,284919
2020-05-27,22.241254806518555,22.422519947234438,21.987481016495206,22.11436791150688,474444
2020-05-28,22.29563331604004,22.640038383986013,22.1143681731793,22.404392401756482,443036
2020-05-29,22.27750587463379,22.53127704930864,22.150618990785926,22.368137140507223,263670
2020-06-01,22.893810272216797,22.893810272216797,22.259380956621648,22.295633986283622,487811
2020-06-02,22.640037536621094,23.34697027080853,22.42251937332942,23.20195816194741,608919
2020-06-03,22.74879264831543,23.07506983631346,22.54939973691745,22.74879264831543,377604
2020-06-04,22.658161163330078,22.875679311354045,22.549402089318097,22.839426286683384,276695
2020-06-05,23.093196868896484,23.238208963871244,22.603782344867078,22.658160583972215,682989
2020-06-08,24.235170364379883,25.340888974088426,23.111326537850726,23.23821083465803,2809989
2020-06-09,24.289552688598633,24.833348121839116,23.745757255358154,24.235171848764004,1046848
2020-06-10,24.57957649230957,24.94210677483346,24.45268959691565,24.470817407552406,595518
2020-06-11,24.79709243774414,25.322762596766374,24.54332126273845,24.597699503729228,775801
2020-06-12,24.706459045410156,24.869598957505797,24.27142273718303,24.688333829077827,623122
2020-06-15,24.507068634033203,24.978357966664834,24.25329745492386,24.942104941077783,449647
2020-06-16,25.304637908935547,25.703421233132097,24.688336407904515,24.923979802964602,908265
2020-06-17,25.485902786254883,26.247218990130044,25.359018480956475,25.37714369899003,687078
2020-06-18,25.449647903442383,26.029696326604853,25.10524544870016,25.703419088575963,501690
2020-06-19,25.504030227661133,26.047825656103786,25.195878188366397,25.48590241686914,892687
2020-06-22,25.159622192382812,25.59465848382711,25.068990928175666,25.25025604961079,621266
2020-06-23,26.19283103942871,26.210958845562295,25.014606617401018,25.28650555826144,871076
2020-06-24,27.389184951782227,27.951108134368507,25.667164972136135,26.26534117963054,1549886
2020-06-25,28.531156539916992,28.94806762297336,27.026654709349515,27.588577892074028,1117961
2020-06-26,28.513032913208008,29.21996823500333,28.313639968540244,28.80305712870947,658012
2020-06-29,28.07799530029297,28.839308831016073,27.969236224475384,28.567409844961656,507525
2020-06-30,28.458650588989258,28.89368688950565,28.223007222719993,28.513031423064252,649711
2020-07-01,28.821184158325195,29.256220469798325,28.476779115231828,28.639916435523773,429063
2020-07-02,28.839313507080078,29.03870647491941,28.730554413628074,28.893691757295418,344281
2020-07-03,29.727506637573242,30.38006103520522,28.839306299841596,28.839306299841596,1301032
2020-07-06,30.688213348388672,31.23200868557681,30.144415418179832,30.144415418179832,748516
2020-07-07,31.70330238342285,32.04770744134558,30.651964585427727,30.651964585427727,1029823
2020-07-08,33.33469009399414,33.769726409573025,31.848313422745314,31.848313422745314,1793739
2020-07-09,32.011451721191406,33.86035596904192,31.848311814576526,33.42531967543003,713985
2020-07-10,32.50086975097656,33.09904601554664,30.343813266615022,32.011455164529345,829346
2020-07-13,33.896610260009766,34.44040564734279,32.500867469344534,33.11717150134291,821163
2020-07-14,34.80293655395508,34.89356781693604,33.93286138981716,34.096001293412016,617553
2020-07-16,36.470577239990234,37.70318269587837,35.0385814410311,35.16546832636612,1050727
2020-07-17,36.289310455322266,37.8119400446809,36.071792312988286,36.43432255021158,669016
2020-07-20,35.818023681640625,37.05062657542656,35.745517629064985,37.05062657542656,628035
2020-07-21,34.76668167114258,36.253055567322804,34.40415145256203,36.07179045803253,458488
2020-07-22,35.34672927856445,35.74551251062831,34.20475781750764,34.802933962113734,566816
2020-07-23,34.83919143676758,35.636758002849675,34.80293841103657,35.401114632108616,245227
2020-07-24,36.57933807373047,36.833109263573085,34.36790341938768,34.676052853400336,995351
2020-07-27,36.76060485839844,37.15938555346145,36.071794767777874,36.61559016061966,436387
2020-07-28,36.470577239990234,38.75452043185335,36.470577239990234,38.35573715269043,1283143
2020-07-29,37.703182220458984,38.79077296809841,36.61558887979868,36.978121722032704,1452028
2020-07-30,39.15330123901367,40.965954986512344,37.73943333852089,37.73943333852089,1091053
2020-08-04,37.92070007324219,40.9659567358231,35.99928717442749,39.878363403673646,1338345
2020-08-05,36.72434997558594,38.21072667217934,35.99928943725795,37.84819640301534,882309
2020-08-06,33.67909240722656,37.08688205112818,33.153424824599114,36.905614327369996,1207674
2020-08-07,34.94794845581055,35.165466597386526,30.398190104981843,33.67909003692989,1069918
2020-08-10,35.2198486328125,35.65488755588049,33.24405733733884,34.98420525054761,623130
2020-08-11,37.88444900512695,37.993208084656615,35.3104815299039,35.3104815299039,975710
2020-08-12,37.304405212402344,38.682020390812404,36.65184806118679,37.95695977059658,643179
2020-08-13,35.09296417236328,37.66693170637541,34.73043389898426,37.340654460334285,608030
2020-08-14,34.603546142578125,35.83615163430392,33.515955349603296,34.7848112747406,403380
2020-08-17,35.02045822143555,35.50987538845766,34.241016834851024,34.58542189209192,310153
2020-08-18,34.02349853515625,35.43736659991207,33.87848642595053,35.401116165631684,367608
2020-08-19,33.0446662902832,34.3497752530816,32.6277551862121,34.2228883629657,702000
2020-08-20,33.20780563354492,34.15038697924029,32.10208695408961,32.990287459850876,777376
2020-08-21,31.993324279785156,33.280307959674175,31.64892183989851,33.22592971885876,743778
2020-08-24,32.39210891723633,32.7727669910537,31.884566547493822,32.30147764772138,261408
2020-08-25,31.86644172668457,32.55524923703521,31.630795755580422,32.41023712959297,218619
2020-08-26,31.576412200927734,32.30147261619021,31.35889148332841,31.866436367032723,319046
2020-08-27,33.352813720703125,33.642837917263584,31.522034683404794,31.866439713330767,1075239
2020-08-28,33.914737701416016,34.74855728627872,33.15342416741095,33.42532056161659,709113
2020-08-31,33.7515983581543,34.45853366241677,32.62775455095882,33.842232219761186,299276
2020-09-01,33.443450927734375,34.168511491744574,33.008414589328254,33.89661248373019,185167
2020-09-02,33.17155075073242,33.987245153008836,33.11717250685854,33.55220882993369,238083
2020-09-03,33.09904479980469,33.751599286446464,32.62775544834118,33.13529782684034,270386
2020-09-04,33.33469009399414,33.51595522548534,33.04466588360822,33.062791100246855,247003
2020-09-07,34.621673583984375,34.621673583984375,33.352815079324756,33.352815079324756,667001
2020-09-08,36.398075103759766,36.50683419159189,34.44040892976034,34.893573092238114,683726
2020-09-09,36.398075103759766,37.59442766293432,36.36182207448239,36.61559327942401,778771
2020-09-10,36.361820220947266,36.97812428026788,35.18359553298171,35.99928994665341,352809
2020-09-11,36.54308319091797,36.9781220872918,35.94490957031814,36.79685436787384,254478
2020-09-14,36.83310317993164,37.34064806880785,36.32556088407604,36.615585053136385,558161
2020-09-15,37.050628662109375,37.44941456675592,36.144302953869776,36.86936611348258,469093
2020-09-16,36.470577239990234,37.84819479739216,36.19868084616233,37.34065244209389,566593
2020-09-17,36.76060485839844,36.90561437013528,36.253059898725134,36.398072003482945,206486
2020-09-18,36.253055572509766,37.159381119090796,36.21680255064652,36.79685090045838,239467
2020-09-21,34.44040298461914,36.54308091276143,34.44040298461914,36.25305672860674,420311
2020-09-22,35.038578033447266,35.50986991055376,34.40415144753436,35.165464906442246,248632
2020-09-23,35.60050582885742,36.289313334226165,35.346734642668935,35.509874558872035,500281
2020-09-24,35.237972259521484,35.63675551471981,35.0929601667221,35.58237468340966,269643
2020-09-25,35.38298797607422,36.18055456815375,35.32860713919465,35.40111578604108,309268
2020-09-28,34.98420333862305,35.87240376043828,34.7485573762154,35.87240376043828,333300
2020-09-29,34.748558044433594,35.074835280411726,34.36790256563625,34.929823175532555,386394
2020-09-30,36.361820220947266,36.47057930323542,34.83919306891308,34.83919306891308,1041039
2020-10-01,36.65184020996094,37.15938253539088,36.39806904724596,36.61558718671594,560473
2020-10-02,36.10804748535156,36.90561405470271,35.92678235595358,36.54308379590674,303913
2020-10-05,37.44941711425781,37.48567014505352,36.39807662816117,36.796859966913885,653568
2020-10-06,36.94186782836914,38.02946121979336,36.83310874852882,37.7031839802724,443758
2020-10-07,37.268150329589844,37.52192153405585,36.21680988949521,36.43432806475179,404634
2020-10-08,37.55816650390625,37.66692556819665,36.47057326798164,37.01437118245426,689070
2020-10-09,38.64575958251953,38.718265629949606,37.52191584735342,37.52191584735342,852211
2020-10-12,39.62459182739258,40.4946670028493,38.97203739056567,39.697100468949735,888489
2020-10-13,40.132137298583984,40.132137298583984,39.008290938172514,39.76960445801776,538475
2020-10-14,41.69102096557617,41.87228610501209,40.24089985008888,40.24089985008888,941784
2020-10-15,43.35866165161133,43.431167705396064,41.47350166018704,41.727272848433635,1140348
2020-10-16,43.576175689697266,45.5338389566471,42.851115220456585,43.539920073214454,1180005
2020-10-19,42.74235916137695,43.684935244775914,42.23481420412989,43.28615455161922,570050
2020-10-20,42.923622131347656,43.7936947119493,41.90853486095824,42.74235701038898,713602
2020-10-21,42.63359832763672,43.32240579357784,42.23481246486048,43.10488764643854,482621
2020-10-22,43.86620330810547,44.59126383405208,42.52484133510425,42.633600413996234,882598
2020-10-23,43.43116760253906,45.02630078202564,42.45233587876321,44.59126446034748,891905
2020-10-26,42.416080474853516,43.7574449845421,41.32848713858856,43.3949121437732,907912
2020-10-27,41.90853500366211,42.271065246813926,40.784691249891495,42.271065246813926,881557
2020-10-28,40.603431701660156,43.14114634507774,40.42216655520327,42.30732667137607,451417
2020-10-30,39.73335266113281,40.023376849204496,38.13821703371775,38.93578355091489,643059
2020-11-02,40.42216110229492,41.94478812713192,40.02337783388523,40.92970344390725,503113
2020-11-03,42.524837493896484,43.4674160924853,40.45841258858488,40.965954910901935,1669865
2020-11-04,45.8601188659668,46.693941000526,42.59734156086182,42.887368342243796,3188465
2020-11-05,44.95379638671875,47.31024580909048,44.41000355758203,46.04138723103442,1673176
2020-11-06,47.12897872924805,47.636521074454365,44.881286014435474,45.31632231032661,1670683
2020-11-09,47.382747650146484,49.37666661369799,47.23773555047153,47.63652141759853,1212838
2020-11-10,46.33141326904297,48.07155849325579,45.82386572593905,47.34649798316711,889526
2020-11-11,46.18639373779297,48.035300541741925,45.49758887968367,47.85403801604427,1231983
2020-11-12,45.316322326660156,47.128978746234935,44.772529549621105,46.222650536447546,2119308
2020-11-13,47.09272766113281,47.128983282313875,45.316326688274195,45.316326688274195,1171209
2020-11-16,49.66669464111328,49.7029502618473,47.20148875663306,47.672775523880254,1165040
2020-11-17,49.70294952392578,51.04430893636897,47.96279903349767,49.557937415226945,1431609
2020-11-18,50.50051498413086,50.82678962833212,49.30416252129497,49.884210943023405,959377
2020-11-19,50.6817741394043,51.37058418724311,49.73919551702177,50.57301766061174,904571
2020-11-20,52.49443435668945,53.00197672889095,50.57302135461991,50.75428389452802,1399181
2020-11-23,52.34941864013672,53.94455169990658,49.81170176809755,52.385669071201576,1103281
2020-11-24,52.856964111328125,53.292000426150416,51.73311770501623,52.74820243960158,674266
2020-11-25,51.66060256958008,53.654521254965836,51.51559049013534,53.473253562639385,543159
2020-11-26,52.059391021728516,53.58202327085445,51.660610336322634,51.84187286985936,771163
2020-11-27,51.080562591552734,52.53068362275656,50.5005141790712,52.20440898375664,268483
2020-11-30,50.21049118041992,52.20441023930096,49.1228951948179,50.86304566015593,982820
2020-12-01,50.7180290222168,51.80561972460755,50.137980647608394,50.35549878808654,380908
2020-12-02,50.8267936706543,51.87813411167257,50.536769436724065,50.75428761217174,459253
2020-12-03,50.573020935058594,51.008057250479325,50.10172900033182,50.75428347346292,191105
2020-12-04,52.27691650390625,52.42192861110039,50.5367660315346,50.7542841923258,496346
2020-12-07,51.76937484741211,53.6182766467836,51.58810711788198,52.92947172107017,523460
2020-12-08,51.479339599609375,52.92946571312232,51.37058312306977,52.059387970597946,512088
2020-12-09,52.53068542480469,52.603191478852175,51.66061277623483,51.66061277623483,244301
2020-12-10,55.793460845947266,56.55477179044593,51.80562284432656,51.80562284432656,987781
2020-12-11,55.39466857910156,60.18007259162643,54.74211419367198,56.15598462179004,1649926
2020-12-14,55.249664306640625,57.569863191211574,54.85088360772696,55.82971273127287,509071
2020-12-15,55.322166442871094,56.1922390182177,54.887130155197795,55.14090391602803,338720
2020-12-16,59.27375411987305,59.781296502337895,56.22849982508393,56.30100587972177,1015096
2020-12-17,58.439937591552734,60.25258897322423,58.22241942575215,59.74504658635621,508076
2020-12-18,57.71487808227539,59.20124964909613,57.316092178077184,58.367432591474255,398476
2020-12-21,57.062313079833984,58.11365339544894,54.74211948514361,56.917300980165834,641478
2020-12-22,57.64236831665039,59.237501458718526,57.569862264738205,57.569862264738205,403318
2020-12-23,58.5124397277832,60.28884055586286,57.642367122856456,58.11365385750421,899955
2020-12-24,58.00489807128906,59.056233221843144,57.859885968726985,58.729958584099414,252270
2020-12-25,57.787376403808594,58.36742477878828,57.64236431006367,58.29491873191582,118186
2020-12-28,58.87498092651367,59.563785940463234,57.31609795982119,58.004908159813525,497923
2020-12-29,59.96255874633789,61.485185754436415,58.83871240924436,58.98372450525374,849472
2020-12-30,60.65137481689453,61.01390509291013,58.5486940299619,60.43385665128517,416422
2020-12-31,64.31292724609375,65.61803611897389,59.99880958167744,60.72387525265252,1007724
2021-01-04,66.45186614990234,71.74481350362525,65.2555136148712,68.30077319875713,1571632
2021-01-05,67.28567504882812,69.35210001821248,65.03798755173095,66.41560246930663,1163876
2021-01-06,69.9684066772461,71.23726516355954,68.37326836820793,69.02582801365736,1212090
2021-01-07,69.27958679199219,71.41851758805943,67.5756922406124,70.33092697634078,1128056
2021-01-08,66.77813720703125,69.75089057326393,66.5243686139384,69.27959863460295,1045659
2021-01-11,66.74188232421875,69.06207587115883,65.18299969184756,66.66937627587687,1549923
2021-01-12,66.34310150146484,68.26451452140111,66.19808939377313,67.06816203992342,524651
2021-01-13,69.02583312988281,71.05600270962793,66.41560991273973,66.77814019483706,2137980
2021-01-14,66.85064697265625,69.8596509395561,66.45186625106696,69.24335204636112,1000936
2021-01-15,64.60295867919922,67.46695050863374,63.80539205640054,66.34310403803268,702035
2021-01-18,65.6180419921875,66.7781388719167,63.116580502250386,64.5304511674414,981076
2021-01-19,65.581787109375,67.28567669288319,65.25550729106132,65.98056779171198,512531
2021-01-20,67.79322052001953,68.30076806757225,65.6542894034887,66.37935510597462,797426
2021-01-21,68.91706085205078,71.23725948664462,68.01073269318928,68.01073269318928,1298225
2021-01-22,68.5182876586914,69.20709257073007,67.46694729478988,68.48203203908832,523368
2021-01-25,67.6119613647461,69.82339864350034,67.46694925420621,68.48203402798538,771148
2021-01-26,66.59687805175781,68.19201130268546,66.52437199489746,67.24943256350095,509146
2021-01-27,63.84164810180664,67.43070081281165,63.8053976633332,67.10442612237995,588549
2021-01-28,64.85671997070312,65.54553002392142,61.30392359705307,63.62411714719188,887195
2021-01-29,63.84164810180664,66.56062805693682,62.971575345931804,64.82048254518718,801498
2021-02-01,64.16792297363281,65.79931185668258,63.08033211361374,65.03799566164807,605392
2021-02-02,64.05915832519531,65.54553502467597,63.47910989340618,64.60295632301865,630999
2021-02-03,66.19808959960938,66.81439365223653,64.53045035596928,64.60295641004059,1039460
2021-02-04,64.53045654296875,66.8144000582141,64.42169485841299,66.45186975309917,654470
2021-02-05,64.71170806884766,65.25550602682117,64.49418992286658,65.25550602682117,282112
2021-02-08,68.80830383300781,69.60587032464022,65.07423475221212,65.11049036757974,1147723
2021-02-09,66.81439971923828,68.37327743030241,66.12558954999324,68.37327743030241,661400
2021-02-10,67.21318054199219,69.75089785406693,66.92315629901708,67.46695434761668,1198098
2021-02-11,68.98957061767578,71.85356215319806,68.26451012590327,68.73580203857625,1733229
2021-02-12,74.10125732421875,75.87765299502462,69.09833457882792,69.09833457882792,4948676
2021-02-15,74.46378326416016,79.3941996720628,73.95624093249799,76.13142235390728,2085718
2021-02-16,73.30368041992188,75.91390327960312,71.38227278095785,75.1163367682132,1138826
2021-02-17,78.52412414550781,79.93799470256192,72.25234827613433,73.91998741319918,2847313
2021-02-18,82.29444885253906,83.38203965952464,77.21901990056433,78.92291475786276,2746297
2021-02-19,79.6842269897461,86.101015027828,79.24918550234423,82.54821856672078,1788099
2021-02-22,81.93192291259766,83.05576939888468,80.04676541421621,80.95308854157075,1143858
2021-02-23,79.4304428100586,84.17959107046052,78.88664491161269,83.01949441888644,1061925
2021-02-24,76.45770263671875,80.88057155448645,76.31268535501262,78.3066042634205,821184
2021-02-25,75.95014953613281,79.50295080494658,73.4849440909437,78.669128723112,805123
2021-02-26,78.05284118652344,78.05284118652344,72.3248578182945,73.23118088701196,799254
2021-03-01,81.71440124511719,82.76574162881262,78.56038528007295,80.08301242518759,831963
2021-03-02,79.53922271728516,82.98326303502454,79.32170454519768,81.8956721745872,561808
2021-03-03,80.84432220458984,84.28836211569437,80.11926171657223,80.11926171657223,1206277
2021-03-04,79.82923889160156,82.14943249308313,79.53921469141636,80.30052562388161,600894
2021-03-05,79.10417938232422,80.84432460523963,78.270357203323,79.82923989187232,486515
2021-03-08,79.28543853759766,80.62680301611448,78.92290829827441,80.04675463319728,408375
2021-03-09,78.27034759521484,80.1917603026744,77.72654968678698,80.08299864657235,329908
2021-03-10,80.37303161621094,81.38811631613018,78.23410054836023,78.27035616637824,510446
2021-03-11,78.85041046142578,82.11318814114303,78.6691427298672,80.77182352294442,518930
2021-03-12,81.89566802978516,81.93191846361059,78.70539648125539,79.03167112985244,1000190
2021-03-15,81.42437744140625,84.39713087827806,81.1343532218131,81.89566939126617,968274
2021-03-16,85.19469451904297,86.42729740944326,82.1856907523978,82.1856907523978,1616791
2021-03-17,88.85625457763672,93.49664202480795,85.95600723711266,86.53605566800906,2552079
2021-03-18,89.50880432128906,92.11903264538206,85.88350161016565,91.72024675413745,1481163
2021-03-19,87.514892578125,89.54506202603848,84.83216347876888,89.50880122112004,616155
2021-03-22,78.77790832519531,82.47572252136806,78.77790832519531,82.47572252136806,624986
2021-03-23,78.23410034179688,81.89566363590049,70.91098412567315,73.23117771936249,2257258
2021-03-24,85.55722045898438,86.02850718260342,80.04675557069174,80.84432210654386,1363648
2021-03-25,81.60223388671875,86.77284114324709,81.48560661669573,86.50070157759423,971355
2021-03-26,81.13569641113281,84.47909604753684,79.58062939948364,83.19616298224712,939106
2021-03-29,80.4359359741211,82.69078925513007,80.08604859140708,81.25234913605327,670580
2021-03-30,81.64110565185547,83.3905590280956,79.30850485777462,80.43592579423421,1015710
2021-03-31,80.3581771850586,83.35168449511247,80.16379655473992,82.6907836783978,627365
2021-04-01,81.71886444091797,82.61303091873532,80.66919123316363,81.36897151788007,620272
2021-04-02,82.0687484741211,83.35168172474879,81.71886112663297,82.41864138296832,668604
2021-04-05,85.68428802490234,86.30631491858304,82.45752073325419,83.00179426522479,707743
2021-04-06,83.46831512451172,88.75554932580256,82.84628822569623,86.11192944447755,1157291
2021-04-07,82.22425842285156,83.85707897457362,80.55255841064711,83.6626927948796,557422
2021-04-08,81.75773620605469,83.54606343194732,81.330089958314,82.6518970383216,304271
2021-04-09,80.66919708251953,82.80741755487601,78.49210270553971,81.79662373699253,581190
2021-04-12,77.36466979980469,80.7858233914091,76.89814961386217,80.66919056424382,477350
2021-04-13,79.89165496826172,83.46831520109143,77.67568135851886,77.75343472094212,1378426
2021-04-14,82.80741882324219,82.84629828982078,79.19188425398433,79.65840448476857,710904
2021-04-15,80.74694061279297,83.81820115814327,80.20266708487662,82.41864065778697,567146
2021-04-16,83.46831512451172,83.54606848686365,80.12491498201928,80.74694188083478,636536
2021-04-19,87.47262573242188,87.47262573242188,83.74045836574902,83.74045836574902,1645786
2021-04-20,82.26313781738281,87.70587891473897,82.2242639156625,87.47261882033912,906013
2021-04-21,78.60871887207031,82.69077859408522,76.23723862302356,82.61302523446662,643642
2021-04-22,79.852783203125,81.17459039966795,76.66488969716211,77.75343680019748,933933
2021-04-26,84.67350006103516,84.90676016197357,79.30851217809223,79.96941301673799,1037066
2021-04-27,81.79661560058594,85.41214975482296,81.60222941272583,84.75124338972964,759300
2021-04-28,82.45751953125,85.0622598912475,81.79661318566892,81.79661318566892,703248
2021-04-29,81.09683990478516,83.8959611259233,80.74694697146313,82.61303334691473,575263
2021-04-30,81.17459106445312,81.87437135070677,79.77503049194586,81.01908433417454,527370
2021-05-03,81.21346282958984,81.33009565490981,80.0860418454126,81.17458892872266,489376
2021-05-04,80.12491607666016,82.34088971464384,78.91973616306078,81.25234262684535,766995
2021-05-05,80.28042602539062,80.78582568854566,78.68647923075034,80.04716592578664,772111
2021-05-06,79.61952209472656,80.55256245686364,79.30850864068087,80.43592963091689,464495
2021-05-07,80.70806121826172,82.22425443777071,79.50288142210239,79.7750209482127,1046488
2021-05-10,82.22425842285156,82.37976514206318,80.3970516914355,80.86357184907037,670901
2021-05-11,79.50289154052734,81.64111187886947,79.3085109068741,81.64111187886947,563225
2021-05-12,79.34738159179688,79.69727450408892,78.6087218666021,79.65839504211907,163228
2021-05-17,78.25884246826172,79.96941661886073,77.48130876344398,79.34738965500655,462706
2021-05-18,77.90894317626953,78.9197369102234,77.79231591072373,78.8419891074324,461460
2021-05-20,76.78153228759766,77.7534466867814,76.27613257338848,77.7534466867814,368992
2021-05-21,76.04286193847656,77.13140902944926,75.2653283020675,76.19836866575838,537273
2021-05-24,75.22644805908203,76.35387460085758,74.13790097940317,76.19836787518916,736402
2021-05-25,72.11631774902344,77.71456576073996,72.03856438165737,75.42083864276115,879686
2021-05-26,72.0385513305664,73.71025120675789,70.40572535033549,73.71025120675789,681478
2021-05-27,72.58282470703125,73.2826048856177,70.98887818623842,72.15517848388251,450984
2021-05-28,71.72755432128906,73.08823553418652,71.06664788658588,72.69946867887872,319145
2021-05-31,72.15518951416016,72.73834253280735,70.91113567316278,71.72754878699698,535483
2021-06-01,71.22215270996094,72.31069987549701,71.18327880615732,72.31069987549701,395923
2021-06-02,70.4834976196289,71.22215183506057,69.93921848218723,71.14439846704884,505995
2021-06-03,71.45541381835938,71.96081350440733,70.56125284338799,70.71675958350124,471853
2021-06-04,71.49429321289062,72.23294744701337,70.75563341740816,71.2221536372835,373869
2021-06-07,71.33878326416016,71.53316389968523,70.75563023486598,71.53316389968523,244400
2021-06-08,71.5720443725586,72.388451951448,71.06664470262172,71.33878426982454,474288
2021-06-09,71.61091613769531,71.68866950295197,70.71675521792342,71.33878213997669,303408
2021-06-10,71.26103210449219,71.64979894894115,70.60012568824912,71.53316611492666,357483
2021-06-11,71.18328094482422,71.49429443003592,70.7945140883096,71.14440147849287,179161
2021-06-14,69.5115737915039,71.57204070748847,68.65628679194337,71.45540788141423,507470
2021-06-15,67.37335205078125,69.31718609853519,67.37335205078125,69.20055883634951,320441
2021-06-16,67.1789779663086,67.87875829162101,66.0904252322407,67.52886534828497,228127
2021-06-17,67.41223907470703,68.2675261516647,66.51807253175325,67.10122003081723,368561
2021-06-18,66.47918701171875,67.95650648056171,65.46839328554569,67.45110683679556,295770
2021-06-21,66.63468933105469,66.94570276468879,65.31288223810974,66.47918261423763,153444
2021-06-22,67.25672149658203,67.29560095952853,65.35176684618664,66.90683413686014,452546
2021-06-23,67.21784210205078,68.30638911656777,66.20704844571358,67.37334881841035,281748
2021-06-24,67.41223907470703,68.03426603976715,66.44031916112073,67.14009949681336,311156
2021-06-25,67.25672149658203,67.91762787579793,65.85716093497587,67.45110768859588,287176
2021-06-28,65.77940368652344,67.25671752543587,65.39063688680965,67.25671752543587,325224
2021-06-29,66.47918701171875,66.6346937388223,65.31288655844214,65.77940673975279,469903
2021-06-30,65.77940368652344,67.41222980668037,65.11850290768948,66.6346906458938,451800
2021-07-01,69.86145782470703,69.90033728533592,65.74052975007022,66.16817044883418,521561
2021-07-02,68.42302703857422,71.2221481418486,67.83987402804574,70.17247494744107,323128
2021-07-05,68.15088653564453,69.1616802533173,67.72324582038564,68.42302608646679,218231
2021-07-06,69.43382263183594,72.69946400654138,69.39494316812402,69.90034282822242,845370
2021-07-07,66.75132751464844,69.39494191302532,66.75132751464844,69.39494191302532,596266
2021-07-08,65.66278839111328,66.86796290913054,65.39064880105003,66.79020953502105,404883
2021-07-09,66.28480529785156,66.75132547152116,65.11850486367759,66.28480529785156,263452
2021-07-12,64.65198516845703,67.25672004337537,64.14658552922859,66.36255915123776,290060
2021-07-13,63.058040618896484,64.84636802606134,62.202753598078516,64.65198739291877,317278
2021-07-14,65.1185073852539,65.7405343075667,62.669273597967575,62.708147499932444,289571
2021-07-16,64.88524627685547,65.70165381897134,64.41872609240089,65.04075300500699,131443
2021-07-19,64.10770416259766,66.09041763714298,63.874444080966384,66.09041763714298,89943
2021-07-26,64.37984466552734,65.97379136113061,64.1854584805888,64.37984466552734,261172
2021-07-27,64.76860809326172,65.585021129214,63.835567801521286,64.41872076453846,167611
2021-07-28,65.66278839111328,66.09042916803554,64.65199452768978,65.04076139823728,148479
2021-07-29,66.28480529785156,66.82907883379943,65.58502503734718,66.09041911147632,272968
2021-07-30,65.77940368652344,66.32367720612275,65.50726970740327,66.28480330683087,117774
2021-08-02,66.82907104492188,67.87874409401944,66.05153751276016,66.05153751276016,292704
2021-08-03,67.21784210205078,67.52885553476992,66.0126622695847,66.9457025677421,301250
2021-08-04,70.4057388305664,71.68867218599647,67.25672463913597,67.2956041038991,679794
2021-08-05,70.36686706542969,70.95002012508012,69.16168704154403,70.36686706542969,319833
2021-08-06,69.5115737915039,70.95001379871717,69.43382042790749,70.36686079106445,315930
2021-08-09,70.4834976196289,71.33878466775795,69.78371174616376,69.78371174616376,344908
2021-08-10,68.46190643310547,70.48349962014854,67.83987947135674,70.48349962014854,435513
2021-08-11,66.40142822265625,69.20055464316907,66.40142822265625,68.57852778557928,425236
2021-08-12,67.64549255371094,67.99537990656961,66.94570672527517,67.48998026633473,281535
2021-08-13,69.08393096923828,70.60012441594536,67.72324981886788,67.72324981886788,340597
2021-08-16,68.8117904663086,69.93921140775905,68.7340371061617,69.51157070763063,210493
2021-08-17,70.01696014404297,70.13359295724047,68.3452657919616,68.77290646384897,297508
2021-08-18,68.22864532470703,70.75563260053762,68.22864532470703,70.36686575512982,305377
2021-08-19,67.21784210205078,68.1508824002082,67.14008874387099,68.1508824002082,165860
2021-08-20,66.82907104492188,67.41222397472241,66.40142482155368,67.21783781100272,161227
2021-08-23,66.55693817138672,67.41223070349437,66.55693817138672,67.14009115939484,185878
2021-08-24,65.546142578125,66.82907577772785,65.546142578125,66.71244295896446,200450
2021-08-25,66.09042358398438,66.40143705414452,65.19626263795374,65.7016567462842,187858
2021-08-26,64.92411804199219,66.24592518778826,64.92411804199219,66.09041846475343,99615
2021-08-27,66.47918701171875,66.47918701171875,64.49647902182812,64.96299920313878,172096
2021-08-31,66.98458862304688,68.34527530585048,66.05154823301906,66.8679557936137,596090
2021-09-01,66.47918701171875,67.99538038165798,66.28480638351894,67.25672064723649,285935
2021-09-02,66.09042358398438,67.02346399446479,66.01267021644435,66.7902038918447,165009
2021-09-03,66.12930297851562,66.32368361648042,65.77941004427565,66.12930297851562,113086
2021-09-06,65.89604187011719,66.5180688002834,65.70165567376053,66.16817587138519,200816
2021-09-07,64.88524627685547,66.09042063935014,64.88524627685547,66.09042063935014,126990
2021-09-08,63.019161224365234,65.27401438852864,62.98028732223796,65.07962819381412,269291
2021-09-09,64.84637451171875,65.23514137824608,62.28051319263834,63.01916745836031,318300
2021-09-10,63.87445068359375,65.00187730869852,63.369056568496845,64.57423100082305,243472
2021-09-13,63.485679626464844,64.65198563911972,63.44680572543461,64.146585996212,234905
2021-09-14,63.019161224365234,64.34096843980208,63.01916122436524,63.48568141804883,177506
2021-09-15,62.31938171386719,63.64118894584857,62.280507811253344,63.17466874632573,185550
2021-09-16,60.99757766723633,62.78590519212869,60.919824296588835,62.51377117554233,271511
2021-09-17,62.08612823486328,62.98029482664751,61.153087736319776,61.42522176771494,347073
2021-09-20,59.753517150878906,62.00836465112826,59.09261079254004,62.00836465112826,194238
2021-09-21,58.898223876953125,60.68655101372122,58.820470523180596,59.90901747599597,149743
2021-09-22,58.898223876953125,59.520250707133336,58.31507094297991,59.4813712495678,173998
2021-09-23,59.63688659667969,60.453299710243854,58.74272011807891,59.20924586965796,246360
2021-09-24,58.19844436645508,59.94789779443555,58.120691004352814,59.598010445654936,212880
2021-09-27,58.70383834838867,58.7815917030043,57.96517869886086,57.96517869886086,243892
2021-09-28,58.509456634521484,59.17036297973746,58.39282937440044,58.70384281653525,141780
2021-09-29,58.82048034667969,60.02565475074851,58.47058741558908,58.781600882620964,327849
2021-09-30,63.058040618896484,63.058040618896484,58.898232782420294,59.05373951347811,674495
2021-10-01,65.31288146972656,66.01266168717062,61.036441246209556,62.90252738741921,924172
2021-10-04,64.18546295166016,66.44031615949352,64.10770958454037,65.31288955557685,358993
2021-10-05,62.980289459228516,64.18546388645765,61.96949567195006,64.18546388645765,544076
2021-10-06,60.647682189941406,62.98028877346809,60.33666872031912,62.94140930908554,493734
2021-10-07,61.42521286010742,61.736231875879405,60.958692678488326,61.54184568619182,199338
2021-10-08,60.647682189941406,61.46409532837967,60.297794817296094,61.46409532837967,313875
2021-10-11,61.541847229003906,61.73623342356461,60.258913916709496,60.3755467457178,427614
2021-10-12,61.26970672607422,62.90253293890827,61.07532609586402,61.4252134547861,658290
2021-10-13,64.57422637939453,65.8960391120326,60.997571680639986,61.58072468394261,1359084
2021-10-14,63.019161224365234,65.42952111975652,63.01916122436524,64.4187273667754,756133
2021-10-15,63.563438415527344,64.18546537597994,62.20275722021713,63.01916482513132,411018
2021-10-18,63.485679626464844,63.87444644356339,62.78589935568746,63.563432989884554,346578
2021-10-19,63.369056701660156,65.04075691034504,63.33017723660814,63.79669744907467,568912
2021-10-20,63.835567474365234,64.34096151578842,63.0969077998436,63.36904733088593,665392
2021-10-21,66.86795806884766,66.86795806884766,62.98028964478416,63.83557669807813,1600633
2021-10-22,66.86795806884766,67.41223720957613,65.46839743618479,66.16817775251623,1021372
2021-10-25,67.06233978271484,67.99538014204818,65.7405326069926,66.28480614993705,907458
2021-10-26,67.52886199951172,68.38414902136856,67.17897463488634,67.56774146300309,927485
2021-10-27,66.09042358398438,68.50078353908498,65.42952274057384,67.995383869395,1258839
2021-10-28,64.10770416259766,66.09041763714298,64.10770416259766,66.09041763714298,500002
2021-11-01,63.913330078125,64.49648312251985,63.135796393171596,64.22434355210636,1266545
2021-11-02,62.669273376464844,64.10770784854941,62.51376664643628,63.91332721669337,994462
2021-11-03,61.464088439941406,63.01915561377247,59.5591283713189,62.66926828033993,1239866
2021-11-04,62.39713668823242,63.13579647052292,61.813989204482716,62.04724931025452,796470
2021-11-05,63.096923828125,63.95221097510254,62.43602290432246,62.630403566137254,1101251
2021-11-08,65.07962799072266,66.09042174054943,63.83557414478202,63.83557414478202,1681567
2021-11-09,66.05155181884766,67.17897846535041,65.62390550285566,65.93491898308267,2018263
2021-11-10,64.57422637939453,66.36255929013102,63.91332557443471,66.090419738894,1572673
2021-11-11,64.1465835571289,66.051543669158,63.91332347573916,64.53535035944515,1463392
2021-11-12,67.56774139404297,67.95650822176293,64.30209447983586,64.30209447983586,2155325
2021-11-15,71.14440155029297,71.14440155029297,69.20056726575812,69.20056726575812,2312893
2021-11-16,68.85066986083984,70.95001631371885,68.57853585928555,70.95001631371885,1763229
2021-11-17,71.14440155029297,71.14440155029297,68.85067431386196,68.85067431386196,2023981
2021-11-18,71.68867492675781,73.71026813773956,69.6282078108863,71.45541481333989,3303526
2021-11-19,71.37765502929688,73.08822904067561,70.7167542146711,72.34957486189626,1708906
2021-11-22,73.5936279296875,74.06014810979968,72.03856066264687,72.66058756946312,2098957
2021-11-23,75.80960083007812,76.31500046764044,72.58283350160883,73.28261376498492,3416756
2021-11-24,75.22644805908203,78.21995530887847,74.6433006185051,76.27612123802338,2310076
2021-11-25,76.66488647460938,77.32579282577979,75.53745995603364,75.53745995603364,1309550
2021-11-26,75.7707290649414,77.52018268177187,74.72106134393091,76.00398917642815,1586493
2021-11-29,76.50938415527344,76.7037703502255,75.10982357251244,75.77072440035877,1121955
2021-11-30,75.6929702758789,76.50938338831854,75.14869672137227,76.50938338831854,1118340
2021-12-01,78.41434478759766,78.41434478759766,76.19837107314154,76.19837107314154,1874638
2021-12-02,82.37976837158203,83.04066917346113,78.9197353914419,78.9197353914419,2373523
2021-12-03,85.33440399169922,86.07306378544862,82.69078941860815,82.69078941860815,1636749
2021-12-06,84.63461303710938,87.35598063831209,83.7793260767314,85.60653281821841,1402603
2021-12-07,88.63892364501953,89.06656995309885,84.44023617828293,85.14002205720537,1630676
2021-12-08,88.83330535888672,91.1659062995734,88.6777986295076,89.57195954275784,1414200
2021-12-09,89.80521392822266,91.36028668452255,88.94992697100515,89.10543369049925,1179015
2021-12-10,89.57195281982422,90.58274648492207,87.04496587640013,89.80521289638526,1030486
2021-12-13,90.38836669921875,92.02118725015316,89.53307974396739,89.688586463104,1072342
2021-12-14,91.39916229248047,93.07086233897492,90.81600930279573,91.24365557007908,1041204
2021-12-15,89.06656646728516,92.52659401605437,88.83330637056002,92.37108728490429,1108198
2021-12-16,92.215576171875,92.33220343401601,88.98880887315973,89.9607231159849,1124274
2021-12-17,84.67350006103516,96.14212447118672,83.00179989029681,93.30412935711581,2213227
2021-12-20,82.41864013671875,88.28902720702689,78.14219974019643,83.00179312219326,1457013
2021-12-21,74.9931869506836,88.6000419456957,74.79880632692124,87.47261541925297,1030494
2021-12-22,73.9823989868164,76.58713958908214,71.14439828112506,74.64330539386874,1350178
2021-12-23,74.13790130615234,77.28691529549589,71.02776677907684,75.84847529604386,816024
2021-12-24,80.86357116699219,80.86357116699219,74.17677673593596,75.8095972738853,781170
2021-12-27,81.2523422241211,83.42943638892739,78.37546223069643,80.86357540897711,1421263
2021-12-28,81.2523422241211,81.75774186448787,77.87006815168884,81.44672285101348,618493
2021-12-29,83.00180053710938,83.19618117539306,78.91974039683747,80.4359338454322,1206712
2021-12-30,83.19618225097656,84.44023614842615,80.31930761312435,83.19618225097656,959336
2021-12-31,87.0838623046875,88.44454913043448,81.67999446938146,83.19618804313609,1365558
2022-01-03,88.36678314208984,90.15511048889452,86.2285628815351,87.0060965105806,1047620
2022-01-04,88.05577850341797,89.64971982180917,86.61733836503979,89.41645970975,863090
2022-01-05,88.91105651855469,89.76634350892841,88.094643428882,88.83330315579344,882459
2022-01-06,87.47262573242188,88.91106587556618,87.43374626626998,88.36679227895802,656790
2022-01-07,87.47262573242188,88.09465269997406,85.8398049425974,87.47262573242188,634856
2022-01-10,88.60004425048828,90.07735816267694,87.20047814073976,87.93913787751373,936075
2022-01-11,86.46182250976562,89.37757638383701,86.30631578478473,89.10543683444085,750836
2022-01-12,85.60653686523438,87.66699822287302,85.5676574026997,87.16160413943683,610901
2022-01-13,88.67780303955078,90.46613051634601,85.60654220089654,85.68429556945286,2364386
2022-01-14,92.13783264160156,92.9542402477811,88.25015857138759,88.91106499857267,1551751
2022-01-17,94.2371597290039,94.8591865986228,91.51579217442126,93.30411942457557,947409
2022-01-18,87.66699981689453,94.82032053101095,87.47261918476448,94.82032053101095,887186
2022-01-19,90.38836669921875,90.93264021619689,85.52877894552019,87.47261293472782,1550010
2022-01-20,88.83330535888672,92.17670004053761,87.86138551958761,90.46612601736739,1032046
2022-01-21,87.1615982055664,89.29981834270663,86.38406462139885,87.93913178973396,595758
2022-01-24,83.07955169677734,88.4834133810285,82.69078486918228,87.00609943616723,814861
2022-01-25,84.1680908203125,85.4898979085992,81.36896436611121,83.15729716456384,612740
2022-01-26,84.09034729003906,86.38407440376054,83.93484055559556,84.24585402448257,625485
2022-01-27,85.33440399169922,85.37328345727745,83.00180289779533,84.24585681454407,390729
2022-01-28,84.32360076904297,86.42294151915092,84.20696794669077,86.1119280746905,295968
2022-01-31,85.56765747070312,85.80091756201888,84.55686374166822,85.14001675063722,348444
2022-02-01,87.66699981689453,87.66699981689453,85.72316568879732,85.72316568879732,472663
2022-02-02,85.17888641357422,88.60003981067052,85.14001251430214,87.86138011091138,471693
2022-02-03,83.11841583251953,86.11192283394692,83.00178857862429,85.2955153726041,409365
2022-02-04,83.58494567871094,84.36247933284749,82.96291875540169,83.23505831502916,400631
2022-02-07,86.15081024169922,86.15081024169922,82.41864322959728,83.54606978185542,536341
2022-02-08,85.33440399169922,87.35599160641591,84.79013040312164,86.4618306344326,564438
2022-02-09,86.07305908203125,86.57845317741359,85.41215269419352,86.11193298412556,552110
2022-02-10,85.6454086303711,87.23935532735442,85.37327464485244,86.11192880099658,552088
2022-02-11,86.07305908203125,86.46182590977128,83.58494582313574,85.02338586645351,553719
2022-02-14,84.51799011230469,85.68429621073797,83.27393620609281,84.8678830541066,584640
2022-02-15,85.56765747070312,87.82251058144796,83.85708346772097,86.46182393475979,1704483
2022-02-16,88.44454193115234,89.2220756079003,85.76204796569215,86.11193533954895,1227714
2022-02-17,86.26744079589844,89.1443209185728,86.03418069633236,88.63892125549991,1066895
2022-02-18,87.66699981689453,87.66699981689453,85.95642578416899,86.7728388986495,589955
2022-02-21,91.04927825927734,93.10973962535648,87.82251087140945,87.82251087140945,2699531
2022-02-22,88.83330535888672,89.84409909985095,87.04497240966762,88.32790570772495,1418953
2022-02-23,87.9002685546875,91.39917589063705,87.9002685546875,89.10544861328167,992101
2022-02-24,79.11412048339844,85.02338152464337,79.11412048339844,81.67998141545412,1316163
2022-02-25,85.37327575683594,85.45102911961959,80.63031506567408,81.64110878186153,1093171
2022-02-28,82.72965240478516,85.64540616804545,81.91324491034202,83.9348322582647,1106015
2022-03-01,83.0406723022461,84.5568657118047,81.75774455079747,83.58494586133084,816346
2022-03-02,81.91324615478516,83.74044735094888,81.64110661159707,83.19617382593175,648759
2022-03-03,82.69078063964844,83.39056089352665,82.34088773202978,82.7296545397399,703505
2022-03-04,81.44672393798828,82.69078332441124,81.40785003663468,82.69078332441124,543060
2022-03-07,80.78582763671875,81.67998859275058,79.5028942772788,81.36897511911174,632709
2022-03-08,82.18538665771484,83.39056662513023,80.4748125862191,80.66919322275479,702678
2022-03-09,83.39056396484375,84.05146478161272,82.61303032078656,83.04067104433837,731996
2022-03-10,82.30201721191406,84.51798532618746,81.99100375297328,83.8182050435707,660465
2022-03-11,83.42943572998047,83.89595590446855,82.34088865617494,82.69078156772058,695319
2022-03-14,86.69508361816406,87.3559844264361,83.74045024737391,83.77932970975657,1454996
2022-03-15,86.81171417236328,87.86138739880278,85.5287864082255,86.69508690351414,952586
2022-03-16,87.04497528076172,88.44454145269638,86.88946854625337,87.08385474506856,670496
2022-03-17,90.23285675048828,90.62162353441516,87.51148370164141,87.86137658785498,1150779
2022-03-18,90.15511322021484,91.74905998872762,89.37757956761334,90.58275394846599,642313
2022-03-21,91.01039123535156,91.86567816860845,90.3883643748011,90.3883643748011,814606
2022-03-22,97.77494812011719,98.55248176908489,91.24365990742919,91.55467336701626,2141857
2022-03-23,101.93475341796875,104.61725278303024,99.17450625128029,99.17450625128029,2563293
2022-03-24,106.17231750488281,106.25006530465136,103.13993085954729,103.41207040417342,2287196
2022-03-25,105.35591125488281,107.18310692121524,103.37319774171542,106.52220612439886,2178931
2022-03-28,100.3470230102539,106.70615611587522,100.17744645087926,105.56151130782831,1946673
2022-03-29,102.16996765136719,102.76347947220928,98.69364254390658,100.47419620003902,1460103
2022-03-30,99.37195587158203,102.93306344089804,97.46421664146625,102.59391033905843,895800
2022-03-31,98.56646728515625,100.64378313073934,98.56646728515625,100.43180940323509,649951
2022-04-01,97.1674575805664,98.77843486297304,96.87070163975952,98.65125547820894,777230
2022-04-04,98.77842712402344,99.79589244510137,97.12505886440984,97.2946354071669,1073696
2022-04-05,102.16996765136719,102.16996765136719,98.99039845432763,98.99039845432763,1772330
2022-04-06,100.77095794677734,103.31460617428614,100.60138139827676,102.38194122206866,1303663
2022-04-07,101.70362854003906,103.06024698693057,100.81335469638593,100.89814297028316,1103040
2022-04-08,101.830810546875,102.63630220195638,100.68617185198698,102.21236688606413,1090856
2022-04-11,102.97544860839844,104.20488762847661,101.78841282040884,102.80587206725707,1828425
2022-04-12,103.4417953491211,103.82333956474201,101.40687669371364,103.01786002711384,1121205
2022-04-13,101.66123962402344,104.58643816872257,100.51659486949983,103.95052306853482,1082053
2022-04-14,101.53404998779297,102.89066840790257,101.44926171556959,102.16997112627168,553507
2022-04-15,101.70362854003906,102.46672300511419,101.27968717055288,101.74602570925553,499006
2022-04-18,102.63630676269531,103.44179845356946,102.04279486825855,102.16998032030654,874890
2022-04-19,105.17996215820312,105.81586512928827,102.8906726492672,103.31460796332397,1585801
2022-04-20,107.04530334472656,109.41937504534424,106.45177935503635,106.87572679468245,1694748
2022-04-21,106.83332061767578,108.27472731788347,105.47670825469031,108.10515077251029,1314481
2022-04-22,101.91560363769531,105.90065862938648,100.98293261219087,105.90065862938648,1559694
2022-04-25,100.94053649902344,102.25475780825913,99.54153297839021,101.74602815265871,831320
2022-04-26,97.59139251708984,101.95799157870287,96.65872152053066,101.32208256786215,917600
2022-04-27,97.42182159423828,98.39688981554131,95.89563260270513,97.59139814885307,521821
2022-04-28,98.99040222167969,100.3046234787281,97.67618096463129,98.3544871451632,484074
2022-04-29,99.83828735351562,100.38941417074815,98.43927779018364,99.03279571245325,364725
2022-05-05,102.46672821044922,102.763490216433,100.47420670491144,100.47420670491144,521593
2022-05-06,101.32209014892578,104.88320392131678,100.64378391885816,101.74603154271803,851840
2022-05-09,100.64378356933594,102.04279319625984,99.71111250623201,101.32208979704788,494405
2022-05-10,100.55899047851562,101.27968777870181,100.09265193701277,100.81335530173472,72088
2022-05-11,97.93054962158203,100.64378051461436,97.80337024001419,100.05026258338076,412501
2022-05-12,95.38690185546875,97.67618531676708,94.53901909202493,97.42182048773392,490445
2022-05-13,98.39688873291016,98.52406811520396,95.51408733617727,95.51408733617727,338032
2022-05-16,99.0751953125,100.30462835677207,97.33703260808831,98.60885675843738,562631
2022-05-17,101.15251159667969,101.74602953628467,98.43928066537816,99.07519577579431,490158
2022-05-18,99.0751953125,101.57645250712115,98.4392802050575,100.98293457029158,278917
2022-05-20,96.70111846923828,99.49913145255692,96.6587213008596,99.32955490811337,388779
2022-05-23,95.68367004394531,97.29464739868969,94.28466036150444,97.08267366184992,396950
2022-05-24,95.59886169433594,96.95548006941428,95.47168232249024,96.02280910591601,287176
2022-05-25,96.65872192382812,96.8282984693646,95.64126265060925,95.81083919614572,321155
2022-05-26,97.67617797851562,97.80336341574491,94.11507063959174,96.74350700879747,323274
2022-05-27,98.60885620117188,99.75350096228532,97.63379405701589,97.67618516285333,343781
2022-05-30,101.19490051269531,101.74602733409647,98.94801425080458,99.41434673241865,684626
2022-05-31,102.84828186035156,103.69616462014746,99.11759165271376,101.74602820808103,1004602
2022-06-01,102.21236419677734,103.86573856921343,101.78841676296773,102.76348494456556,534990
2022-06-02,101.91560363769531,102.67870417764384,101.7460270876036,102.46672439322549,391185
2022-06-03,101.02532196044922,103.1450287997305,100.00786267759419,101.9156018652152,501875
2022-06-06,102.76348876953125,102.80587987576862,101.32208806034951,101.32208806034951,397788
2022-06-07,103.18743133544922,103.2298224396803,101.74602462995068,102.76348390592449,516825
2022-06-08,105.17996215820312,106.66374788647347,101.66123961908072,104.24728506076355,1431684
2022-06-09,101.66123962402344,104.96798237720654,100.51659486949983,104.92559127161314,691156
2022-06-10,99.37195587158203,102.7210957845162,99.37195587158203,100.77095938440254,474412
2022-06-13,96.31957244873047,100.00786548488055,95.9380282392175,99.11759161965969,378671
2022-06-14,97.20985412597656,97.76097489729938,95.7260562378872,96.74351556759329,345080
2022-06-15,98.31209564208984,99.03279292371182,97.59139229593227,97.59139229593227,261710
2022-06-16,96.4467544555664,99.54152944969545,95.51408345336165,98.52406411002734,356797
2022-06-17,97.12506866455078,97.29464522441852,96.44676242507988,96.65873009264646,173565
2022-06-20,96.70111846923828,98.22730736923026,96.36196538035118,97.12505983034717,270088
2022-06-21,98.99040222167969,99.15997876681267,97.04027195265041,97.04027195265041,327648
2022-06-22,99.96546936035156,100.34701355070891,97.33702687328737,98.566459845125,509793
2022-06-23,98.94800567626953,101.57644198128654,98.65124370633868,100.43179733231794,372551
2022-06-24,98.94800567626953,99.83827945699151,97.93054039688894,99.45673528369217,270046
2022-06-27,97.8033676147461,98.01533526651474,95.51408422715186,95.68366077438105,236011
2022-06-28,96.23477935791016,99.54152801910227,96.02281171090509,97.16745034671072,355441
2022-06-29,92.9704360961914,97.1674589496548,92.9704360961914,96.6587292743584,348080
2022-06-30,92.33452606201172,94.32704757033903,91.40184893592041,93.01283228859737,340575
2022-07-01,93.18240356445312,93.69113320556187,91.86818229265437,92.3345208292719,207911
2022-07-04,91.52903747558594,95.81084870772476,90.723545772055,93.6487445052249,273500
2022-07-05,89.79086303710938,91.78339041889542,89.11255687557122,91.52902560831862,304991
2022-07-06,90.7235336303711,91.52902522610172,89.6636832896613,89.96043920182728,193335
2022-07-07,91.40184020996094,92.5040937874686,90.2148044267601,91.06268712904641,229888
2022-07-08,92.5464859008789,93.22479207011475,91.06268812340777,91.65620602148913,114789
2022-07-13,91.35945129394531,93.26719045202196,90.72353621974123,92.75846081847294,245321
2022-07-14,91.65620422363281,93.22479024149028,90.93550696522414,91.35944831268084,320055
2022-07-18,93.09761810302734,93.64873886527437,91.99536444946153,92.41930582985766,289089
2022-07-19,95.13253784179688,95.38690267301013,92.92804263794866,93.73352823785599,320947
2022-07-20,95.09013366699219,96.0228107106124,94.19985985558817,95.38689564715054,234133
2022-07-21,95.68367004394531,98.01534476196508,94.96296661613364,95.04775489796229,402451
2022-07-22,96.1500015258789,96.8707049459262,95.30211871672692,95.8532395104076,233197
2022-07-25,96.65872192382812,97.46421354739422,95.81083919614572,96.27717772863886,263493
2022-07-26,96.57393646240234,97.67618404047674,95.98041853574689,97.29463983418043,224028
2022-07-27,96.4467544555664,97.33702828903948,95.72605110341308,97.04027236606034,210461
2022-07-28,98.77842712402344,99.92307181990141,96.65872033956013,96.99787342507426,451903
2022-07-29,100.55899047851562,100.77095813226366,98.22730990007284,98.6936484415757,551120
2022-08-01,103.82333374023438,103.82333374023438,101.32208273221799,101.32208273221799,643798
2022-08-02,101.57645416259766,103.18743751049796,101.02532732286292,102.89067550497863,921247
2022-08-03,100.26223754882812,102.33955955636291,100.05026987591971,101.74603551733223,402851
2022-08-04,100.43180847167969,101.78842090860832,99.88068770144542,100.38941736529365,645346
2022-08-05,98.73603820800781,101.19489813245902,98.18491139956987,100.60138021966046,513403
2022-08-08,99.58392333984375,100.21983843685967,98.69364948146445,98.99040541274562,666016
2022-08-09,99.6263198852539,100.8981440067775,98.99040479222421,100.60138201282076,598687
2022-08-10,98.10012817382812,99.62632323551553,96.82830400953529,99.62632323551553,478906
2022-08-11,97.93054962158203,98.9904061024814,97.71858196412369,98.26970272514409,351043
2022-08-12,98.10012817382812,99.20238184741793,97.37943084633018,97.93055161858908,469203
2022-08-15,99.66870880126953,100.55898869905003,98.39688470768,98.86322324093065,668606
2022-08-16,98.99040222167969,100.89814138669354,95.38689760533603,100.00786149247757,756088
2022-08-17,98.3544921875,99.41434868118456,97.63379486600466,98.99040729661792,669545
2022-08-18,99.49913787841797,99.88068816032508,97.16745720946652,98.56646682374459,816721
2022-08-19,104.20488739013672,104.20488739013672,99.32955274667002,99.54152645487964,1846743
2022-08-22,107.59642791748047,112.2597892736794,105.98544457036999,105.98544457036999,1934934
2022-08-23,105.13755798339844,108.4866978765999,105.13755798339844,108.10515367154625,1036072
2022-08-24,104.41686248779297,107.89318788593908,104.0777093820749,105.476712910894,1215941
2022-08-25,104.2896728515625,105.73107955749886,103.86573755098031,104.92558793150711,692445
2022-08-26,105.22235107421875,106.19741925695945,103.65375890926323,104.3320651008965,920799
2022-08-29,104.50164794921875,105.73108709248064,103.90813606029246,105.43432508348141,486993
2022-08-31,103.65376281738281,104.75601648488153,103.0602509418619,104.58643993057957,536673
2022-09-01,103.35700988769531,104.96798104138854,101.53405288605357,103.61136864709043,962175
2022-09-02,103.27220916748047,104.07770075909275,102.67869734618303,103.52658004022994,752587
2022-09-05,104.8407974243164,105.64628907973687,103.0602496903046,103.0602496903046,1336181
2022-09-06,105.34953308105469,106.79092762672327,102.80587281632931,105.64628293341106,1538214
2022-09-07,104.2896728515625,105.77347066174282,103.0178548207446,105.60389411569568,881101
2022-09-08,107.17247009277344,109.33457400560702,105.01036617993984,105.13755161694672,1802321
2022-09-09,106.83332061767578,108.61388040862984,106.0278411239566,107.51162679916851,1131015
2022-09-12,108.44430541992188,109.67373235925747,106.96050759433952,106.96050759433952,1100461
2022-09-13,104.03531646728516,110.09768115885838,104.03531646728516,109.80091916424686,1209001
2022-09-14,105.5615005493164,105.5615005493164,101.57644574562106,104.03531167048924,762001
2022-09-15,107.17247009277344,108.74106218135967,105.47670469625118,106.40938172887384,700280
2022-09-16,107.76600646972656,107.76600646972656,106.07024087771063,107.21488568458945,647454
2022-09-19,104.2896728515625,108.52909863181236,104.2896728515625,108.10515120215885,401613
2022-09-20,104.79840850830078,105.51911796719514,103.31461061290561,104.33206994762139,345277
2022-09-21,104.2896728515625,107.72360700582061,103.86573755098031,104.88319682726316,411091
2022-09-22,106.23980712890625,106.7909278605704,104.07770317659781,104.3744651586751,389941
2022-09-23,107.51162719726562,107.89318352257158,105.98543828325576,106.40938571279415,451301
2022-09-26,107.42684173583984,110.18245749264784,106.49416469654028,107.55402717375723,775104
2022-09-27,107.46923065185547,111.6238618830686,106.62134796477838,107.63880718927089,1064983
2022-09-28,107.76600646972656,108.86826016907304,106.40939399611382,107.46924445885571,585253
2022-09-29,109.16500854492188,112.34457201835718,105.98544507148655,108.3171257606106,1408348
2022-09-30,118.40694427490234,118.49172648535148,109.5465604421735,109.5465604421735,2288491
2022-10-03,127.18254089355469,127.18254089355469,118.44934201629076,121.03538151594694,2553369
2022-10-04,132.99053955078125,133.24489831091222,124.72366758777265,127.18253362408696,1912732
2022-10-05,133.71124267578125,135.53419369751742,129.17506673948785,132.94814210402598,1702278
2022-10-06,133.75363159179688,136.297279907527,131.88828949359478,134.21997014861537,927823
2022-10-07,140.32472229003906,144.47934133576402,133.83841072517686,133.8808018266874,1988248
2022-10-10,139.68882751464844,141.7237462311899,137.9506586807984,140.32474264583573,1002174
2022-10-11,135.1950225830078,142.0204871967362,135.1950225830078,140.3247218509162,848621
2022-10-12,136.93319702148438,137.1875679213137,133.287294984411,136.08531423717335,645174
2022-10-13,139.05288696289062,139.4344311202231,134.6862883163117,137.3571216757794,678376
2022-10-14,138.33221435546875,142.02050754329804,137.44192832456358,140.8334716311634,523610
2022-10-17,139.05288696289062,142.69878839471477,138.20500431933502,138.79851610528888,1122766
2022-10-18,142.44444274902344,144.77612346376398,139.2648792406565,139.90079436814435,1175968
2022-10-19,142.44444274902344,145.53922404256383,141.34220118184527,142.44444274902344,755791
2022-10-20,139.5616455078125,143.88585395174655,139.47685116132723,142.44444709407767,957954
2022-10-21,146.217529296875,146.217529296875,138.45938662588253,139.64642252899873,577567
2022-10-24,148.80357360839844,150.6265246940383,145.58161890941585,147.19260232344342,972585
2022-10-25,147.1077880859375,150.4993188894331,145.1576518093921,150.4993188894331,618343
2022-10-26,145.58160400390625,149.5666588933811,143.29231457185236,147.27736946132717,674051
2022-10-27,148.5915985107422,153.2549598275909,147.10780062546561,147.10780062546561,1883630
2022-10-28,146.7686309814453,149.82100862090044,145.45440979885672,148.6763639738371,545293
2022-10-31,161.43704223632812,161.43704223632812,150.92328342383138,150.92328342383138,2769849
2022-11-01,167.03306579589844,171.1876974938254,159.91085042437115,164.15026433599454,1747777
2022-11-02,174.2400665283203,176.31738833473628,165.12532405591642,167.5417868287079,1457881
2022-11-03,178.01316833496094,178.43710367432013,171.6540412119937,174.32487508880283,959986
2022-11-04,175.6814727783203,179.92088646006067,172.54430058929674,178.0555444400949,725100
2022-11-07,177.4620361328125,179.49696700883578,172.5443158276814,175.72387940206016,829018
2022-11-08,178.5642852783203,179.62413573294276,175.5119072360757,177.80118470322307,633615
2022-11-09,179.58172607421875,181.78622109921776,176.57173945012548,178.69145226946765,681290
2022-11-10,184.07553100585938,190.51944025975513,178.7338633229623,178.7338633229623,894834
2022-11-11,185.9408721923828,190.9009956233269,184.4146831664936,184.83863062711004,764619
2022-11-14,186.61915588378906,190.77378712806134,185.89845862977586,185.94084973199529,560701
2022-11-15,186.49197387695312,190.73139953268225,182.76128997349394,187.38225981435457,843875
2022-11-16,184.75381469726562,189.67153431722565,181.15030415480217,186.49197118584587,824083
2022-11-17,178.5642852783203,185.47453304511436,175.68148379397817,184.75383570629688,817008
2022-11-18,184.4570770263672,186.02566931207568,176.65655522208684,177.6316113508176,668964
2022-11-21,188.56930541992188,188.65408763033386,181.1927194349298,184.4570649881512,698758
2022-11-22,207.392333984375,207.392333984375,190.7738072540848,190.9857749166146,1164783
2022-11-23,215.9559326171875,227.9110973678181,209.97836237094361,210.27511223122931,1709880
2022-11-24,212.73399353027344,221.76394175564485,211.71653423363801,216.7614274826516,790353
2022-11-25,211.54693603515625,217.18535301800463,210.656662222932,212.47961307963578,479936
2022-11-28,216.8038330078125,221.29760555090283,211.97088310411647,211.97088310411647,827913
2022-11-29,216.973388671875,221.42478205881733,215.5319941091275,218.96592822975236,524193
2022-11-30,218.49960327148438,221.2976103631067,216.21031371554616,216.21031371554616,546813
2022-12-01,224.68914794921875,225.2826719731077,219.43228672402336,220.4497460829139,652698
2022-12-02,226.38490295410156,235.20290791000824,222.39984792038425,226.38490295410156,709989
2022-12-05,216.8038330078125,232.4472789556922,215.02326102627762,226.80886165952356,762354
2022-12-06,226.04574584960938,229.479680061208,214.9384758335145,216.84620897613274,757953
2022-12-07,217.31256103515625,227.65674328926426,215.48960998904994,226.80887262120245,458332
2022-12-08,221.25523376464844,223.9260554365304,214.8113003503095,217.31255759452154,601025
2022-12-09,220.23776245117188,226.80885669995962,218.75396462807694,222.99336618708287,625906
2022-12-12,225.24026489257812,227.82632861150302,221.76395154022902,221.76395154022902,525521
2022-12-13,228.88616943359375,236.09319137515664,224.6891465716345,224.6891465716345,770878
2022-12-14,224.4771728515625,234.0582663575908,222.23028654065223,233.08318600958867,450525
2022-12-15,222.14547729492188,230.7938926358659,216.8461893951065,225.40982253380264,506461
2022-12-16,221.55198669433594,227.23280748798928,221.4248012427593,223.883655284856,201652
2022-12-19,231.5146026611328,231.5146026611328,223.84126672361685,224.1380165924953,609543
2022-12-20,229.4796600341797,233.29515024457572,228.12304776154315,231.51457844313455,446733
2022-12-21,231.0482635498047,233.9734802874384,229.77645760786518,229.86123981903248,562441
2022-12-22,232.74404907226562,237.15306404600366,231.64180745790384,232.32011372184115,575619
2022-12-23,234.60939025878906,236.30515582345083,231.68419769201552,232.95602793004787,296769
2022-12-26,239.95103454589844,239.95103454589844,233.88865807972277,235.118084962422,377536
2022-12-27,233.5919189453125,255.63689441396266,229.5644607743613,241.47722235222747,1050718
2022-12-28,235.96597290039062,239.18793919528156,229.39487913519972,233.97345771043612,619646
2022-12-29,259.3675842285156,259.45236643975045,234.56698021064113,236.55951985259202,527786
2022-12-30,279.80157470703125,284.9736534242878,249.95607760969276,259.5371466327395,1501280
2023-01-02,275.77410888671875,279.5895993553086,268.9910470645268,277.68186625008497,967260
2023-01-03,265.2603759765625,275.94371099570577,263.56461043845593,275.77412231282324,694871
2023-01-04,253.7715301513672,267.33767769100507,252.1181679732381,265.38754140475453,610895
2023-01-05,254.66183471679688,267.6768631023107,248.09073992641598,261.1057683119298,1240612
2023-01-06,245.038330078125,254.36505188153345,233.5919075950843,245.8862249048629,1497129
2023-01-09,234.39743041992188,249.57453879480954,233.16800337677046,246.52216067652657,673807
2023-01-10,222.23028564453125,238.63682022969783,217.90607746527786,237.40739324895787,653221
2023-01-11,214.811279296875,227.91108824716926,213.1579171274892,222.23026808854868,690138
2023-01-12,221.9335479736328,224.6891519584572,205.14543186516377,215.6592030194461,697710
2023-01-13,222.9933624267578,226.42729655299777,218.41480784991361,221.93352418394974,305400
2023-01-16,233.33753967285156,233.59191054990475,221.3399963168321,223.88363231293815,466800
2023-01-17,232.9984130859375,240.4174027893924,227.65674535107888,233.59193711384285,870562
2023-01-18,233.37994384765625,238.55202232520318,231.04825122882121,233.88866134567527,888736
2023-01-19,240.92608642578125,248.64182492789953,231.89613885802052,234.01583950710688,943640
2023-01-20,236.13558959960938,240.88373314453992,232.3200989145394,240.37499134993968,1042050
2023-01-23,239.10313415527344,245.4622603217237,234.8637328830674,237.4073687947628,764660
2023-01-24,237.70416259765625,243.76651516719159,232.36249520473783,239.31514588821224,514106
2023-01-25,234.015869140625,241.64682640504475,226.59690380028567,238.5096661361602,497081
2023-01-26,241.6044158935547,245.54709198730785,228.928565490369,234.18545077661076,498635
2023-01-27,239.2727508544922,241.56204042393867,234.22783315455317,241.4348549747312,504105
2023-01-30,245.038330078125,247.83633691589085,239.10313906538477,239.272727733989,454893
2023-01-31,244.31764221191406,246.73411720995207,228.97097009668266,244.74160179170335,758416
2023-02-01,219.89862060546875,243.55455625964166,219.89862060546875,243.30018536080846,694308
2023-02-02,224.81631469726562,229.09811944409444,207.81625689335578,217.90606742744583,704332
2023-02-03,237.4497833251953,241.6468058244522,220.44972568028456,225.11308670814137,422422
2023-02-06,234.86376953125,237.40740583985482,226.1729494766423,235.88122890632093,174768
2023-02-07,220.02577209472656,231.3874129880818,211.37738023904478,231.3874129880818,473276
2023-02-08,207.77386474609375,207.77386474609375,207.77386474609375,207.77386474609375,33
2023-02-15,242.02838134765625,242.02838134765625,224.68914498069543,224.68914498069543,353589
2023-02-16,236.6018829345703,262.8862830449524,236.6018829345703,247.37002355673954,1047151
2023-02-17,230.4971466064453,240.41739322157386,228.75897782894756,236.43233813300822,437456
2023-02-20,236.38992309570312,237.44978560343029,230.4971350986996,231.0482558401121,352539
2023-02-21,234.015869140625,240.3326171729835,233.1679984768808,236.5171264117014,338503
2023-02-22,234.015869140625,237.8313599019071,232.78644212330926,234.015869140625,250061
2023-02-23,232.3201141357422,237.11066123013887,230.20041312169798,234.05828303698283,332310
2023-02-24,237.53456115722656,238.0433029092888,230.8362817233058,232.32007948929814,373021
2023-02-27,242.4523162841797,243.76652550644985,233.21037571772658,240.7565507111806,486504
2023-02-28,239.95103454589844,248.76901462566147,237.40737431689593,245.33510485209237,616104
2023-03-01,245.37747192382812,246.1829634820042,240.16299053962663,243.7241098358713,426980
2023-03-02,249.99844360351562,257.79898876682154,244.82636515484455,245.3774858821808,642549
2023-03-03,250.71917724609375,253.51718438550193,239.52712443031675,251.22791904861035,502726
2023-03-06,256.48480224609375,258.6469065762443,250.80398100672934,254.23791569428838,704805
2023-03-07,262.2503967285156,268.31274932607766,259.66433310154713,260.639413430512,922779
2023-03-08,261.5296630859375,264.03092001236234,258.18051135445666,262.25037245732807,487848
2023-03-09,260.72418212890625,264.07330973863196,259.87628728932157,263.69177768023957,443465
2023-03-10,251.09902954101562,261.15385794962384,246.11690408784636,260.42918609884686,797625
2023-03-13,244.07876586914062,251.3707860300957,238.96076124378973,251.0990276090678,460996
2023-03-14,243.5352783203125,250.10260081082077,237.78317927157306,244.078769253595,522892
2023-03-15,242.4482879638672,244.8940362138959,236.01681830717314,243.67114913072572,383653
2023-03-16,243.17295837402344,245.39224987888443,238.00965162880306,242.4482864711481,316258
2023-03-17,245.02987670898438,245.02987670898438,239.41368327292,243.3540764276674,465960
2023-03-20,231.30641174316406,244.80344468139472,228.95124113738663,244.80344468139472,452662
2023-03-21,230.12881469726562,234.1598114638421,226.8677914674548,232.57458859870098,373820
2023-03-22,230.9893798828125,232.30284441351506,228.77006255240892,230.12882879380518,220537
2023-03-23,229.1776885986328,232.12167765324685,228.04537913540224,231.03466989841678,288660
2023-03-24,230.03823852539062,233.52571848230528,229.17768748412973,230.9893670667029,258920
2023-03-27,229.449462890625,233.20870154236306,229.0871269472805,232.80106388748388,180615
2023-03-28,221.61390686035156,230.26469298016988,221.61390686035156,229.44944365506774,313121
2023-03-29,226.68661499023438,228.67947551673456,217.71879445360238,221.47803287888368,265246
2023-03-30,232.12167358398438,232.84634540783372,226.00723887256254,226.95836740182622,288091
2023-03-31,226.8677978515625,232.12168171670203,225.78079007770359,228.77005497673818,242250
2023-04-03,230.03823852539062,230.0835143172618,221.56863323732253,226.91309448499055,240037
2023-04-04,237.78318786621094,238.6890406761701,228.9965218664812,230.5364690517807,388771
2023-04-05,245.79989624023438,248.78916146628916,237.78320331239712,237.78320331239712,597451
2023-04-06,246.25277709960938,250.3743513866752,243.67112397759732,245.79986368335395,372646
2023-04-07,251.82371520996094,253.27305899104388,243.58056597597394,246.84158948341056,534948
2023-04-10,251.3254852294922,255.7641197346249,249.37792639893593,251.68782115340244,345718
2023-04-11,250.41964721679688,253.31833447888584,249.3779152842909,251.32547402804548,295668
2023-04-12,243.8070068359375,252.18603474365574,243.8070068359375,250.4196568440286,257812
2023-04-13,245.61871337890625,251.37081296421724,245.34698084507198,245.66401509270142,397171
2023-04-14,240.95362854003906,249.37793249790587,240.09307746016725,247.43037361971867,285489
2023-04-17,241.27064514160156,249.01557837849296,239.32308640565267,245.07518511599923,287512
2023-04-18,240.863037109375,245.70928316952973,238.9154783437944,245.70928316952973,183931
2023-04-19,243.1276397705078,244.39580255427995,239.2778237934824,242.31239041548932,154923
2023-04-20,245.84518432617188,245.84518432617188,240.2289642333386,243.12765178672066,82203
2023-04-24,257.2587585449219,259.6592568978917,247.43038615206356,247.43038615206356,945208
2023-04-25,258.75335693359375,263.19199096366214,256.08112654122414,258.61747773713176,726993
2023-04-26,250.46493530273438,260.38391042045805,248.20034224713706,259.2062992251949,480043
2023-04-27,257.3040466308594,262.28617217404525,254.85827261121952,254.85827261121952,1220947
2023-04-28,252.7295684814453,261.6520879100907,246.8868916349313,257.25875484724116,659885
2023-05-02,239.18722534179688,257.7116855917043,239.18722534179688,253.95244703910095,480448
2023-05-03,234.6127471923828,240.72718252752998,228.54361356946313,240.4554240867876,646993
2023-05-04,239.32310485839844,248.8344425695997,234.70331521767898,235.02037535783853,506015
2023-05-05,231.89523315429688,239.27783111745342,231.89523315429688,239.27783111745342,302488
2023-05-08,238.14552307128906,241.13478809392984,228.36245270202866,231.89523459222812,385923
2023-05-09,245.52810668945312,248.65325074581423,238.23608661373783,240.00249041346135,543750
2023-05-10,241.8141632080078,247.43035682664512,240.04775945793708,245.7998581979889,260904
2023-05-11,257.2587585449219,261.3803332284976,241.8141918677956,245.48285309154403,639226
2023-05-12,253.63539123535156,261.78796284313904,247.2039218215641,258.16460344330255,514621
2023-05-15,241.8594512939453,254.99414807041745,237.78317859877592,237.78317859877592,323437
2023-05-16,246.61512756347656,252.72956270884555,240.95363177739048,241.76888115800284,434685
2023-05-17,265.23016357421875,265.9095337337046,246.88688418868668,246.88688418868668,790961
2023-05-18,264.8678283691406,277.1872501926772,259.0704533933587,265.411319314965,903153
2023-05-22,257.6210632324219,270.84633680165354,255.8999871106773,267.2229777301255,508621
2023-05-23,255.13003540039062,259.52336836881943,252.50310632803408,257.62108525641,310978
2023-05-24,255.03945922851562,265.81895992329174,254.17890813142103,255.1300367344438,505132
2023-05-25,262.69378662109375,265.7736288124476,256.2623179180447,256.2623179180447,375751
2023-05-26,271.48046875,273.74508792085055,259.2969254226817,262.64852654935623,524805
2023-05-29,278.9989318847656,280.3576981335916,271.02754123557537,271.7522131127745,710585
2023-05-30,294.398193359375,296.572208777749,281.8070142488821,283.5281162675052,669806
2023-05-31,299.5615234375,305.72123428351534,290.1860649962387,294.57939789179244,777601
2023-06-01,312.5150451660156,314.41730236511114,300.8749934166731,300.8749934166731,554608
2023-06-02,307.0346984863281,314.1002621136248,306.26475082905137,312.10740153084004,660350
2023-06-05,329.63543701171875,336.3386648216827,308.4840474788786,308.7105042005495,1186725
2023-06-06,332.2170715332031,353.10800096554516,324.5740409848899,327.8010879609874,808929
2023-06-07,330.3487548828125,347.16341121726526,330.3487548828125,344.7855899291051,857832
2023-06-08,320.8374328613281,332.5567621129253,314.6380961247198,331.1979959207577,533938
2023-06-09,316.9310302734375,331.1130834065167,314.3833532645395,325.2534314693134,457499
2023-06-12,311.6658020019531,320.24298593240763,311.6658020019531,317.0159130321932,577355
2023-06-13,312.3451843261719,319.05408770759493,306.6553880096147,311.66581417134154,583355
2023-06-14,300.7108154296875,316.67624768567885,299.3520491721687,312.3451915782236,536077
2023-06-15,309.542724609375,310.8165629822531,301.6449370640541,301.6449370640541,313057
2023-06-16,303.088623046875,314.1285562690431,302.3243251609099,310.39196866941734,329792
2023-06-19,295.530517578125,313.7888685204517,294.6812919529005,313.7888685204517,349792
2023-06-20,300.6258544921875,300.6258544921875,291.45422861996593,295.4455732851905,273497
2023-06-21,298.41790771484375,307.4197053759659,297.6536097631935,303.1735768486735,274863
2023-06-22,319.73345947265625,321.2620552868779,296.4646816823439,298.41789032455046,703906
2023-06-23,331.36785888671875,333.23613976631356,320.0731421956754,324.40419819250224,523320
2023-06-26,333.4909362792969,336.1235151651163,328.82019502001435,331.3678720705321,446425
2023-06-27,344.9554748535156,348.0126665088305,327.8011060856196,333.49092839715325,418480
2023-07-03,363.72332763671875,367.205157909435,347.2483555674406,347.2483555674406,683884
2023-07-04,360.9208984375,366.8654779411765,354.12709329044117,363.7233326941378,455818
2023-07-05,367.1202392578125,368.9885460600839,354.9763227919794,360.92090236026615,605959
2023-07-06,385.1238098144531,392.00254236154524,367.2900722045226,367.2900722045226,672653
2023-07-07,393.6160888671875,394.040701692287,385.548445190298,386.3976708404969,427305
2023-07-10,395.993896484375,402.0234035733657,390.64378544158996,393.7010028587425,342911
2023-07-11,406.3544616699219,406.6092189909655,382.15153135102366,397.43759260506465,424881
2023-07-12,399.305908203125,410.09105833288993,392.3422475553162,407.6283091483804,351400
2023-07-13,411.195068359375,413.14827697959936,397.0129896977651,399.1360538137959,729955
2023-07-14,407.4584655761719,414.5919819280588,401.6837413941127,411.19507925242146,435642
2023-07-17,425.88665771484375,427.33035166684175,405.92985520976134,408.4775321253038,459102
2023-07-18,426.73590087890625,445.84347853020057,422.9143853486474,427.5851265522971,730777
2023-07-19,444.22991943359375,446.6926945663423,411.87444270850955,425.12236811084944,522143
2023-07-20,466.6495056152344,466.9042629496829,445.50376570144084,445.50376570144084,747130
2023-07-21,485.757080078125,494.24933672284743,466.7344044608982,466.7344044608982,639949
2023-07-24,492.5509033203125,505.28928875101025,475.5663894127155,495.0985804064521,538529
2023-07-25,493.40008544921875,503.67569472294514,480.067232842501,492.55085982882423,574867
2023-07-26,496.37237548828125,505.2892445090288,487.1157954860768,493.65484313448206,466404
2023-07-27,516.2442626953125,526.5198717167375,501.0431037304437,502.0621848164189,602170
2023-07-28,567.7922973632812,567.7922973632812,542.4853811978428,543.5044624314266,626985
2023-07-31,597.005615234375,620.2744181259174,573.2272977001467,578.3226514574814,1400739
2023-08-01,580.2758178710938,599.9778613345181,573.2272560520873,597.0055718586925,816271
2023-08-02,604.05419921875,624.1808576482166,584.2672517849974,584.2672517849974,919180
2023-08-03,626.728515625,645.1567221826654,606.6018578054782,606.6018578054782,1010616
2023-08-04,677.51220703125,689.4013660229382,628.172217948792,628.172217948792,1397296
2023-08-07,656.8760375976562,704.8572866270907,650.7616025760539,684.985385765038,1238868
2023-08-08,668.5952758789062,683.6265787216697,624.1807892676114,656.9608752906605,1305009
2023-08-09,666.64208984375,684.0512144829817,652.20525477707,668.5952983391892,692145
2023-08-10,650.0822143554688,681.7583197243584,646.6853118637354,666.6421140026688,765518
2023-08-11,669.8692016601562,678.7011694077555,649.9973519769906,650.0822538113895,572468
2023-08-14,653.224365234375,679.3805042827365,653.224365234375,671.5676181169613,591929
2023-08-15,674.28515625,675.983607525189,642.1844375154534,653.903740947733,589563
2023-08-16,692.1189575195312,704.0081175260017,670.888314650834,674.2852175098255,678172
2023-08-17,693.8173217773438,696.3649986014956,677.257422420357,692.7133388534015,519680
2023-08-18,661.886474609375,698.9126912242975,659.9332142006118,694.6665630880625,477161
2023-08-21,680.229736328125,684.2211071949513,645.4114851552747,661.8864832725493,455668
2023-08-22,737.7223510742188,748.2527182994708,676.40824723573,685.3251167849769,1214659
2023-08-23,683.96630859375,738.4016479946382,679.3804696902939,737.7222778914712,743343
2023-08-24,658.0650024414062,704.3478021615063,651.4410006483951,685.9195944752356,707200
2023-08-25,694.411865234375,703.838249771025,652.1204357422486,658.234819315955,540928
2023-08-28,681.9281616210938,700.0166566624523,680.8241786998123,694.6665457111516,589765
2023-08-29,702.7342529296875,730.3340876368958,675.983643905778,682.4377383657993,874213
2023-08-31,772.9652099609375,772.9652099609375,703.4136073263483,703.4136073263483,957774
2023-09-01,782.6463623046875,806.7643922372498,751.5647232947011,772.9652206974135,859741
2023-09-04,764.04833984375,806.5096230202103,764.04833984375,783.4106746056916,556327
2023-09-05,775.343017578125,780.4383714723953,754.961602001044,764.04832681235,321339
2023-09-06,799.2911987304688,822.0504359714178,766.8507682667255,775.3430248366782,696733
2023-09-07,812.029541015625,827.910070335441,799.5459141457111,799.5459141457111,379295
2023-09-08,851.2637939453125,883.874078935494,812.8787850261208,813.982767980802,853414
2023-09-11,835.977783203125,898.0561599066491,827.5704282071201,851.7733601762355,698039
2023-09-12,835.2134399414062,848.291535890619,808.632687043908,836.0626656047936,444615
2023-09-13,798.3570556640625,840.7334386056172,769.1437228363301,835.6380844322497,713304
2023-09-14,803.2825927734375,804.6413331306355,762.3499045632226,798.9515106987019,577387
2023-09-15,804.3015747070312,826.9759094302757,784.2598705405056,804.641285692614,509892
2023-09-18,768.37939453125,804.2167290430951,766.6809431499552,804.2167290430951,329980
2023-09-19,797.3380126953125,803.027783292424,758.3585332008748,768.3793858710474,391066
2023-09-20,774.4937744140625,803.0277348436383,770.2476462648626,797.3379645898057,256028
2023-09-21,805.9151611328125,805.9151611328125,736.1937543326642,774.4938113310063,373055
2023-09-22,792.3275146484375,815.596317698063,781.2875814325429,805.9151247603078,309911
2023-09-25,777.8057250976562,796.4037340958977,772.2008052014863,792.3274617012569,569819
2023-09-26,747.8280639648438,784.6844767895202,747.8280639648438,781.9669444254571,560378
2023-09-27,755.8108520507812,777.04149396232,747.9979654608106,747.9979654608106,432607
2023-09-28,737.1278686523438,757.50928437545,734.1555788593907,755.8108330651911,391880
2023-09-29,748.1677856445312,748.1677856445312,721.841790916971,737.1278523716834,635620
2023-10-02,733.64599609375,757.5092140545754,730.5887529195207,750.0360393497081,349809
2023-10-03,775.343017578125,778.9097756706383,734.8349437521524,734.8349437521524,888107
2023-10-04,743.9216918945312,794.0260067595739,743.9216918945312,782.3916046362515,530052
2023-10-05,753.2631225585938,756.7449268565389,726.9371284218222,751.3948158339766,330447
2023-10-06,770.2476196289062,772.2857818030881,738.8262724114095,744.7708516147197,333196
2023-10-09,742.987548828125,772.4556376910937,730.7586786213436,761.2459004729349,370238
2023-10-10,766.595947265625,772.7103818546735,743.4970009473398,743.4970009473398,362215
2023-10-11,771.9461059570312,771.9461059570312,748.1677880617651,766.5959947971203,357355
2023-10-12,745.195556640625,788.5909694623743,738.9962193564642,778.6550701732649,419456
2023-10-13,734.1555786132812,746.5542524409664,726.9371605471009,745.6201249536854,232885
2023-10-16,734.919921875,760.0569811902546,728.3808737932075,741.9684846301283,496640
2023-10-17,748.5924072265625,750.4607140149792,725.5784129444773,739.9302952676268,316049
2023-10-18,710.547119140625,747.3185798030462,710.547119140625,731.6079051140048,320590
2023-10-19,719.5488891601562,734.3254363322039,709.9526495979048,710.9717307533255,290778
2023-10-20,669.6992797851562,713.1796403755345,669.6992797851562,710.8018190891908,571027
2023-10-23,700.5262451171875,700.5262451171875,671.6525736066278,683.6266342941358,335646
2023-10-24,707.6597290039062,711.651099954903,694.6665868294876,707.4049716735492,511651
2023-10-25,660.697509765625,760.0569039077562,660.697509765625,741.3739409066718,1257101
2023-10-26,663.7547607421875,695.5158214281197,650.5068610670813,677.6820824171423,698656
2023-10-27,661.5468139648438,670.0390708835196,648.5536712457944,668.9350878506162,421104
2023-10-30,646.4305419921875,666.6421010590466,645.8360737011527,661.1221346171563,458293
2023-10-31,615.5186767578125,657.300584760259,615.5186767578125,647.1098780197898,583751
2023-11-01,620.189453125,646.1757879118782,609.8288903079814,618.2362445869221,696270
2023-11-02,625.2847900390625,640.4009951380009,597.0055883269412,628.4269350809907,468773
2023-11-03,619.25537109375,632.1636116893662,618.3211917539138,625.6245636409993,382044
2023-11-06,646.685302734375,673.4359094791324,620.7839216005622,626.728500877175,981149
2023-11-07,677.6820678710938,709.1034168826608,649.6576214553719,661.9713933653103,1255498
2023-11-08,645.4114379882812,700.1864876596552,645.4114379882812,692.1188446848016,1158861
2023-11-09,642.8638305664062,654.3283770824518,631.8238968842883,645.411507569972,556257
2023-11-10,641.1653442382812,656.0267926146652,639.042280184512,642.8637954812965,468730
2023-11-13,615.2639770507812,655.6021950078718,613.1409129477764,644.986874492848,612289
2023-11-14,621.6331787109375,628.8515967697393,607.6209554203222,621.2085658839492,411492
2023-11-15,622.4823608398438,632.248455177713,611.4424281100785,621.6331352452464,465591
2023-11-16,624.1807861328125,631.8238161670918,623.3315605734481,623.3315605734481,302142
2023-11-17,626.728515625,635.2207719342819,618.6608721311823,625.8792899940718,356092
2023-11-20,640.316162109375,647.1099675428962,629.7008411194981,632.2485181570686,464960
2023-11-21,628.8515625,649.6575898885887,623.3315960499663,641.5899466154625,553455
2023-11-22,619.9346923828125,630.5500124578607,619.9346923828125,629.276174048855,365323
2023-11-23,608.0455932617188,626.7285584178051,608.0455932617188,622.48242997324,357099
2023-11-24,613.1409301757812,619.5101226637568,606.7717376878056,608.0455761854008,315482
2023-11-27,610.1685791015625,617.8116093199536,607.1962895721881,614.4147070006687,441898
2023-11-28,603.7994384765625,631.8238849881329,603.7994384765625,611.0178565174216,865530
2023-11-29,602.1009521484375,618.2362385952927,602.1009521484375,611.0178209743311,584300
2023-11-30,586.3903198242188,608.0455742130929,586.3903198242188,602.9502202392401,1191045
2023-12-01,596.5810546875,603.3748602924823,588.938023381895,598.2795060887455,620755
2023-12-04,585.9656982421875,600.8271471106488,579.1718930451766,597.0056316873302,540597
2023-12-05,572.8026733398438,588.937959912797,571.1042221216381,586.3902830854887,619796
2023-12-06,560.91357421875,576.6242496510692,560.4889613692279,574.9257982529807,668756
2023-12-07,585.1165161132812,585.1165161132812,559.639744729539,561.7628090115176,542536
2023-12-08,597.4302978515625,600.8272007533483,579.5965576171875,585.9657505580358,520137
2023-12-11,592.3348388671875,601.6763201969926,582.568744749664,597.4301923198085,565570
2023-12-12,580.0211181640625,593.608728545651,576.1996027442407,588.93798747698,476990
2023-12-13,560.0643310546875,582.5688113775824,559.2151053821254,580.0211343598962,526057
2023-12-14,571.9534301757812,580.8702987976754,554.5443057235118,567.2826894690749,467800
2023-12-15,628.8515625,628.8515625,571.9534467842674,572.3780595881161,777805
2023-12-18,609.3193969726562,666.6421276983068,602.5255918496161,649.6576148907067,1532895
2023-12-19,602.1009521484375,617.8116257940596,582.1441504904851,616.1131745891275,633953
2023-12-20,585.9656982421875,610.1686292565387,585.1164725925612,601.251759935462,472911
2023-12-21,593.6087036132812,605.4978621978105,577.0488041562584,585.5410602880651,690337
2023-12-22,574.0765380859375,598.2794690555369,574.0765380859375,594.4579536392844,413390
2023-12-25,563.4612426757812,574.5011765940708,560.4889527747033,574.0765637510597,325722
2023-12-26,584.2672729492188,588.5134013863498,564.7350821384164,564.7350821384164,533843
2023-12-27,565.5843505859375,584.6919299976246,565.5843505859375,584.2673171218094,492028
2023-12-28,573.2273559570312,581.2950002260561,560.4889702690972,571.5289045319734,815556
2023-12-29,604.6486206054688,620.3592940341222,568.981145794472,573.2272737481621,864061
2024-01-02,597.8547973632812,604.6486018787731,591.0609928477894,604.6486018787731,747540
2024-01-03,578.747314453125,599.5533440996423,578.747314453125,597.8548926999266,527706
2024-01-04,582.1442260742188,588.5134189196697,574.5011946596776,578.7473232233116,401778
2024-01-05,595.3071899414062,605.9225107320875,583.4180306558433,584.2672563190978,614748
2024-01-08,593.6087036132812,601.2517341319073,590.2118011605586,596.5809932594136,680617
2024-01-09,577.4734497070312,597.0056399177103,577.4734497070312,594.8825757643756,508695
2024-01-10,589.3626098632812,591.4856740198493,573.2273222733644,579.1719019117548,398365
2024-01-11,594.882568359375,600.4025350893335,587.6641503278908,595.3071811847564,496514
2024-01-12,596.1564331054688,602.9502386109442,581.7195964063335,594.4579817291,465951
2024-01-15,616.9624633789062,621.2085918261114,594.8825954534395,596.5810468323216,756983
2024-01-16,626.303955078125,634.371599245233,611.4425052966102,617.3870852092161,693091
2024-01-17,612.2916870117188,635.2207793131284,611.4424613709258,624.6054588032166,523909
2024-01-18,605.9224853515625,621.6331594636913,605.0732597238799,619.934708208326,437323
2024-01-19,600.4025268554688,608.8947832466353,598.2794627576772,605.922493509727,338012
2024-01-22,603.7994384765625,611.0178565174216,595.3071819579048,600.4025358690994,347993
2024-01-23,604.6486206054688,616.96239167117,599.9778798564097,608.0455229684209,421696
2024-01-24,608.0455932617188,613.5655602396533,601.2517877504146,608.8948189506317,393365
2024-01-25,624.1807861328125,624.1807861328125,609.7439516236182,609.7439516236182,539825
2024-01-26,634.3715209960938,634.7961337946185,620.7839114432992,624.1808138314979,571628
2024-01-29,654.3283081054688,683.6265905579525,649.657567424638,649.657567424638,1289754
2024-01-30,681.9281616210938,692.543481696142,656.4513934409782,656.8760062439801,1263359
2024-01-31,685.749755859375,709.5280755671923,678.1067245247194,682.3528530439726,927243
2024-02-01,695.9403686523438,704.8572373171999,687.8727255746168,687.8727255746168,603141
2024-02-02,698.488037109375,709.1033568222834,688.2973301849829,697.2141987438259,614075
2024-02-05,717.595703125,726.087959966716,694.2419968102811,698.4881252311391,723471
2024-02-06,707.4049682617188,729.9094480443545,692.11890652257,726.0879326095672,718504
2024-02-07,690.8450317382812,715.0479615533286,690.8450317382812,713.3495103382376,707214
2024-02-08,715.0479736328125,718.4448761203793,691.2696562198448,692.1188818417365,812044
2024-02-09,709.95263671875,717.5956674968227,699.337316193649,715.0479905707984,573045
2024-02-12,715.0479736328125,724.3894554736212,708.2541686576789,712.9249095780832,684521
2024-02-13,687.8727416992188,721.8417659806616,687.8727416992188,716.7464123384452,728367
2024-02-14,698.9127197265625,704.8572993597168,684.4758834746165,690.4204631077707,537093
2024-02-15,711.2265014648438,721.417209545534,702.3096318942397,702.3096318942397,562415
2024-02-16,709.5280151367188,721.8417867937893,701.4603716372587,713.3495304785682,492636
2024-02-19,729.4848022460938,744.3462504874286,713.3495155840731,713.3495155840731,1695175
2024-02-20,719.2941284179688,734.5801901789174,713.3495488442666,730.3340619119872,988742
2024-02-21,707.4049682617188,728.6356095660921,703.1588400008441,727.7863839139171,852460
2024-02-22,732.032470703125,734.1555347132849,707.8295409873024,713.77412021575,759061
2024-02-23,744.7708740234375,780.8629631294764,744.7708740234375,754.9615815357308,1543856
2024-02-26,726.087890625,755.3861739309211,726.087890625,749.0169819078948,959535
2024-02-27,720.5679321289062,733.7309291212434,714.1987400358399,727.361737028177,753374
2024-02-28,733.3063354492188,753.6877506788438,729.4848200936641,730.3340457282318,1001394
2024-02-29,738.8263549804688,740.9494192189184,726.0879695497711,735.4294521989493,535360
2024-03-01,731.1832885742188,749.0170273199313,731.1832885742188,739.2509322925173,511616
2024-03-04,716.7464599609375,737.5524887157277,715.4726214657462,735.4294245570757,478409
2024-03-05,727.3617553710938,733.3063348078686,681.5035711445449,716.7464349482815,719948
2024-03-06,725.2387084960938,744.7708985375576,717.5956776103036,727.3617726310355,920017
2024-03-07,771.521484375,787.2321585202257,727.3617516424739,727.3617516424739,1912600
2024-03-08,766.8507080078125,782.9859942228162,764.7276440321541,771.9460615493927,1124833
2024-03-11,764.3031005859375,792.3275476074218,760.9061979166667,792.3275476074218,901809
2024-03-12,772.7953491210938,791.47831360534,760.0569642454714,768.5492208292196,954618
2024-03-13,793.1766967773438,802.942791009613,767.2753164221949,773.6445083128053,1322388
2024-03-14,787.6567993164062,807.1889894881338,782.9860581883844,796.5736687426297,717167
2024-03-15,794.8751831054688,800.8197624663003,784.6844756297577,790.2044421791012,620336
2024-03-18,751.9893188476562,799.1213427844659,750.7154803628777,795.2998273301299,871969
2024-03-19,784.6845092773438,785.5337349367348,752.4139342204833,752.4139342204833,618052
2024-03-20,783.8352661132812,789.7798455962638,775.7676225292333,784.6844917537073,531426
2024-03-21,811.0104370117188,811.0104370117188,783.4106053856655,787.2321205338883,791406
2024-03-22,791.0537109375,819.5027708584943,788.9306467642914,811.8597398349436,662291
2024-03-25,772.7953491210938,794.0259905804645,772.7953491210938,791.0537007761526,562897
2024-03-26,772.7953491210938,784.6845083383414,764.3030925373455,772.7953491210938,459982
2024-03-27,780.8629760742188,793.1767478557045,774.9183965935015,774.9183965935015,490394
2024-03-28,832.665771484375,837.7611255169157,785.9583595194176,785.9583595194176,1149335
2024-03-29,839.0349731445312,844.9795529137739,819.5027824741626,833.0903933752886,970931
2024-04-01,836.2756958007812,877.9987782376966,826.298436957171,877.545266472078,649168
2024-04-02,804.5298461914062,840.8107862676817,804.5298461914062,836.2756687581473,774618
2024-04-03,791.8314819335938,814.0535567415811,790.470946741268,804.5298103953008,518128
2024-04-04,796.3665771484375,811.7859755670291,785.0287841935908,792.2849716846927,482984
2024-04-05,825.3914184570312,828.5660008357121,798.6342241224352,798.6342241224352,458924
2024-04-08,835.8221435546875,841.2642844785379,821.3097677577532,825.3913734506409,541428
2024-04-15,810.8789672851562,826.298365991921,794.5525451250525,825.3913425385819,623819
2024-04-16,826.2984008789062,837.1826827785186,805.4368605713158,810.8790015211221,642414
2024-04-17,843.5317993164062,861.2187563988471,827.6588891142158,831.7404945947791,657291
2024-04-18,843.9853515625,859.8582625268673,836.2756519512359,846.2529102716953,363640
2024-04-19,829.926513671875,843.5318663550205,817.2281845009392,843.5318663550205,489509
2024-04-22,818.1351928710938,849.8810152108812,818.1351928710938,836.2756627795437,435779
2024-04-24,824.9378662109375,827.6589366877191,815.8676312883324,822.6703074802863,369001
2024-04-25,822.6702880859375,830.3799875883967,819.9492176733049,829.9264758529579,289284
2024-04-26,820.8562622070312,828.5659619073183,818.5887034716527,822.6703091953341,338655
2024-04-29,816.774658203125,828.5659636519208,809.5184702346353,821.7632874314617,389671
2024-04-30,834.0081176757812,844.4388880436676,817.228182736138,817.6816944912636,682166
2024-05-02,841.7178344726562,863.4863991572939,833.554622715917,839.9037874156031,561222
2024-05-03,854.4161376953125,864.846907953801,836.27566768055,843.985367436824,640402
2024-05-06,881.17333984375,885.708457393126,845.3459112036799,857.5907285869949,791481
2024-05-07,892.0576171875,893.4181524450305,869.3820295619917,881.173335127256,547844
2024-05-08,897.0462646484375,908.8375704527142,883.4409117973489,892.057635269705,434245
2024-05-09,879.8128051757812,912.4656515534391,877.0917346443098,902.4883929380436,447251
2024-05-10,888.4295043945312,898.4067627389313,882.9873634794039,886.1619456798949,257413
2024-05-13,880.7198486328125,895.685736894853,874.8241956810995,894.3252015983039,386791
2024-05-14,892.9646606445312,896.1392429830339,858.9512784462886,880.2663312905206,392947
2024-05-15,916.09375,924.2569616336633,884.347926980198,892.9646503712871,539829
2024-05-16,926.97802734375,930.6061213842343,911.5586276716915,920.6288627729024,255574
2024-05-17,943.304443359375,951.4676548884464,923.3499262883113,927.885043804462,453513
2024-05-20,952.3746948242188,960.5379064941407,938.7693420410156,946.0255301920573,396656
2024-05-21,964.1659545898438,981.3994006267271,893.4181234910593,915.1866869060699,1944427
2024-05-22,946.9325561523438,966.8870736191557,946.9325561523438,961.4449324918432,356463
2024-05-23,918.8148193359375,947.8395717730057,918.8148193359375,946.0255247456889,375121
2024-05-24,917.000732421875,930.6060845349592,915.1866854734637,918.8147793702863,253676
2024-05-27,899.767333984375,925.1639926049018,898.4067987011325,917.9078044276084,317082
2024-05-28,887.9760131835938,906.5699950735464,887.0689896767667,899.7673187723442,258706
2024-05-29,900.67431640625,912.4656216562814,887.9759876754468,887.9759876754468,339928
2024-05-30,895.2322387695312,908.8375919423205,889.7900975004155,902.4884271283522,255006
2024-05-31,905.2094116210938,918.8147634991664,897.0462004942502,897.4997122235193,327974
2024-06-03,896.5927124023438,912.4656233452279,884.3478953892617,911.5585998627774,345097
2024-06-04,864.3934326171875,900.6743741750967,858.951291383501,896.5927682498319,371294
2024-06-05,848.9739990234375,869.8355395977313,836.2756699782151,864.3933985783503,437019
2024-06-06,852.6021118164062,864.846929379727,850.7880647699884,853.5091353396152,277171
2024-06-07,846.2529296875,859.4047705025791,842.1713239173031,859.4047705025791,232748
2024-06-10,839.4502563476562,849.8810266858497,831.2870447786353,846.2529326551737,219906
2024-06-11,825.3914184570312,842.6248656555846,824.4843949202652,838.9967715085207,236065
2024-06-12,839.4502563476562,848.5204914243462,824.4843684711178,825.3913919787868,256727
2024-06-13,864.8468627929688,872.103050419968,849.8809758122828,852.6020461724075,185870
2024-06-14,869.382080078125,885.254992338289,866.2074976260922,873.9171978667432,177863
2024-06-20,877.5452880859375,889.336594282441,870.2890996573199,875.2777292019945,204516
2024-06-21,860.7653198242188,883.8944195665977,860.7653198242188,879.8128137297073,171031
2024-06-24,839.90380859375,859.4048149487884,839.90380859375,858.9513031730899,363789
2024-06-25,838.0897216796875,849.881027287735,831.2870453673524,841.2643039587773,294145
2024-06-26,827.2053833007812,843.5318053396124,827.2053833007812,840.8107349998073,243030
2024-06-27,842.1713256835938,844.8923962027653,826.2984143217598,827.2054378281503,231365
2024-06-28,846.2529296875,852.6020942189175,836.2756711381297,849.8810237054529,291264
2024-07-01,820.8562622070312,853.9626197435579,818.135191724577,852.148572755255,378825
2024-07-02,818.5887451171875,824.4843981291118,808.6114861739309,820.8563039679276,255345
2024-07-03,829.926513671875,829.926513671875,817.6816962570441,820.4027667936732,201839
2024-07-04,838.9967041015625,844.438844884924,824.4843286792652,829.9264694626268,276155
2024-07-05,815.4141235351562,838.9967344494099,815.4141235351562,838.9967344494099,279526
2024-07-08,794.5526123046875,822.6703417355611,791.831541714603,816.7746887903779,410231
2024-07-09,769.1559448242188,800.9017680186146,767.795409544459,795.0061151396553,609086
2024-07-10,756.0040893554688,775.5050946597789,754.1900423504165,769.6094418933595,419400
2024-07-11,771.4235229492188,777.7726877471547,758.7251933533469,759.6322168959091,331119
2024-07-12,765.0743408203125,777.7726701285334,761.8997584932572,771.4235054744229,264964
2024-07-16,761.8997802734375,776.8656688145228,758.2716860816591,765.5278744652157,406101
2024-07-17,754.1900024414062,766.8883308048214,751.0154203505524,762.3532135321731,370833
2024-07-18,753.736572265625,761.8997842396209,752.3760369366256,756.9111546999567,311056
2024-07-19,754.6435546875,757.3646251971904,749.654925419734,756.0040899423452,235404
2024-07-22,746.4803466796875,767.7953991061428,745.5733231721788,759.1786757848098,385588
2024-07-23,741.0381469726562,752.3759399189943,740.1311235369492,746.933799304752,351109
2024-07-24,728.33984375,744.2127544170299,728.33984375,741.0381722836239,278066
2024-07-25,718.8161010742188,732.4214531450241,718.8161010742188,728.3398475237825,335034
2024-07-26,733.7820434570312,743.7593023915521,722.4442492132575,722.4442492132575,375142
2024-07-29,714.7345581054688,738.3171704287456,714.2810463300211,733.7820526742693,349836
2024-07-30,709.2923583984375,724.7117574940556,709.2923583984375,714.7344992557145,327373
2024-07-31,702.4896850585938,713.8274785553432,699.3151028795039,709.2923611566434,402142
2024-08-01,694.780029296875,714.734547109579,693.8730057599339,703.3967528978153,552152
2024-08-02,691.1519165039062,696.140545822504,684.8027519166001,694.7800105537956,344338
2024-08-05,670.743896484375,687.5238316905426,664.394731811771,670.2903847220462,465129
2024-08-06,672.1044311523438,696.1405545336354,672.1044311523438,677.0930605333665,351281
2024-08-07,663.4876708984375,680.2676051590267,643.5331544804393,677.093023001618,304487
2024-08-08,672.1044311523438,676.6395487714553,665.7552664855874,667.569313533232,327493
2024-08-09,649.88232421875,679.8140990955382,649.88232421875,676.6395169116364,344173
2024-08-12,644.440185546875,659.8595847788199,643.986673804759,651.2428616786154,255067
2024-08-13,644.8937377929688,649.4288554989671,638.544573004571,644.440226022369,365378
2024-08-14,642.6261596679688,658.045559405944,642.6261596679688,651.2428830509549,317292
2024-08-15,648.0682983398438,651.2428806270228,642.6261572761082,642.6261572761082,291510
2024-08-16,653.9639282226562,658.4990456167108,647.1612521315745,650.7893460468181,277198
2024-08-19,656.2315063476562,664.848229651461,645.3472242796923,654.4174593363289,356550
2024-08-20,649.88232421875,657.5920238082258,648.5217889970778,655.7779768459961,222701
2024-08-21,650.7893676757812,663.9412085556402,648.0682971489139,649.8823441668254,489597
2024-08-22,649.88232421875,661.2201177326849,648.9753007376352,656.685000327111,264862
2024-08-23,636.7305297851562,653.5104653991525,636.7305297851562,649.8823712123425,223057
2024-08-26,625.84619140625,644.4401724552763,622.6716092759284,639.4515433933424,283160
2024-08-27,635.3699340820312,637.6374927332876,623.1251173652469,626.2996994770058,230665
2024-08-28,646.7077026367188,651.2428197660086,635.3699098134944,635.3699098134944,244145
2024-08-29,662.5806884765625,670.2903884793699,644.4402178817217,646.7077767060767,404989
2024-09-02,673.4649658203125,686.6168069036721,663.0341953059238,663.9412188289141,452394
2024-09-03,657.592041015625,680.2676286368535,655.7779940059268,675.7325111126078,337662
2024-09-04,661.2200927734375,662.1271162203146,644.4401590062104,653.0568817515432,268931
2024-09-05,660.7666015625,665.7552306751887,657.1385076623627,661.6736250375343,150242
2024-09-06,653.9639282226562,663.9411864895761,653.0569047438453,660.766604313738,151172
2024-09-09,648.9752807617188,659.4060504734724,647.6147455819248,652.6033745745026,238494
2024-09-10,648.9752807617188,664.3946794660503,648.0682573085228,652.1498628479046,272726
2024-09-11,634.9164428710938,652.6034009225028,632.1953724016462,648.5217952183315,239122
2024-09-12,643.9866943359375,646.7077648753851,630.834853395274,643.0796708227882,258581
2024-09-13,673.0114135742188,673.4649253084332,641.7191039134229,643.9866625844951,367869
2024-09-16,662.1271362304688,677.093023556226,658.0455305961713,673.0114179219285,244791
2024-09-17,668.476318359375,669.3833418578273,660.7666186225301,662.1271538702086,189828
2024-09-18,670.2903442382812,679.3605789370401,664.394691684088,670.7438559732192,217917
2024-09-19,675.7325439453125,679.360638140992,672.104449749633,673.9184968474727,205124
2024-09-20,671.1973876953125,681.1746461610536,666.6622702108847,677.5465521735114,227193
2024-09-23,656.6849975585938,675.2789788430566,656.6849975585938,675.2789788430566,192665
2024-09-24,663.9412231445312,663.9412231445312,653.0569407978996,656.6850349134435,288767
2024-09-25,645.3472290039062,665.7552580307339,645.3472290039062,663.4876992499753,239670
2024-09-26,651.6963500976562,657.1384908082839,647.6147445646856,647.6147445646856,195853
2024-09-27,648.9752807617188,658.0455152936785,644.440163495739,652.1498628479046,278272
2024-09-30,640.3585815429688,648.5217929224117,631.288346676921,648.5217929224117,290258
2024-10-01,630.3812866210938,642.1725912629271,621.3110522812219,639.4515209609656,312618
2024-10-02,616.7760009765625,634.9164715935202,616.7760009765625,629.4743304084329,298940
2024-10-03,609.519775390625,629.4742918468656,609.519775390625,617.6829866681779,239960
2024-10-04,631.7418823242188,632.1953940846812,610.8803413429453,610.8803413429453,223535
2024-10-07,623.5786743164062,636.7305154474432,622.6716507901278,631.7418860529119,242278
2024-10-08,624.0321655273438,632.1953769949979,619.9505597935166,623.5786537791407,200973
2024-10-09,640.8120727539062,641.7190962114489,620.4040449591959,629.0207678058514,215364
2024-10-10,624.0321655273438,644.4401941964793,621.7646067863287,640.8121002108552,247819
2024-10-11,621.3110961914062,627.2067489289889,616.775978700958,624.48567843472,165116
2024-10-14,634.9164428710938,643.0796542794365,628.5672784423829,634.9164428710938,420216
2024-10-15,657.592041015625,661.6736467874462,634.9164533943966,636.2769886516703,461190
2024-10-16,649.88232421875,672.5579112466198,648.0682772565204,658.4990472893405,468808
2024-10-17,662.1271362304688,664.8482066533337,648.521784116144,650.7893428018648,321092
2024-10-18,656.6849975585938,667.5692792860842,656.6849975585938,662.1271384223389,190190
2024-10-21,652.14990234375,662.1271609331537,647.614784803112,657.5920433925156,251514
2024-10-22,663.9412231445312,668.4763407889611,650.3358702112417,652.6034290334567,276094
2024-10-23,656.2315063476562,669.3833471797792,653.0569240778334,664.848229651461,212403
2024-10-24,668.9298706054688,671.6509412655588,658.0455879651087,658.0455879651087,224480
2024-10-25,654.41748046875,657.1385510736096,648.5218274915541,652.149921631367,305265
2024-10-28,651.242919921875,657.5920848793306,647.6148256604719,654.8710141832782,130251
2024-10-30,650.3358154296875,656.6849795970625,647.1612333460001,651.2428388821696,247733
2024-10-31,654.8709716796875,663.4876949912623,651.2428776537612,651.2428776537612,306200
2024-11-01,662.1271362304688,671.1973709733519,656.6849953847388,657.138507121883,343283
2024-11-04,655.7780151367188,667.5693210797026,649.428850398189,662.1271798752485,274145
2024-11-05,663.0341796875,663.4876914383123,651.6963859171939,657.1385269269408,219644
2024-11-06,663.4876708984375,671.1973704235731,655.7779713733019,663.9411826352101,326017
2024-11-07,684.802734375,685.7097578642384,666.2087528456126,666.2087528456126,637635
2024-11-08,698.8953857421875,700.7766653807936,681.963868994732,692.7812269167175,484527
2024-11-11,694.6624755859375,707.3611125803994,688.0779971443646,699.835994361459,292587
2024-11-12,690.4296264648438,696.0734653732758,683.3748278293039,694.6625056461678,280134
2024-11-13,708.3017578125,711.1236771663346,687.6076825510457,690.4296019048804,525911
2024-11-14,732.7584228515625,732.7584228515625,705.4798679572168,708.7721073410172,375630
2024-11-15,729.4661865234375,742.164824199861,726.6442670397879,733.6990657489121,308868
2024-11-18,724.2926635742188,731.3474622453963,716.2972250802177,729.4661825997489,251775
2024-11-19,702.1876220703125,729.4661767120259,697.9547429017707,725.2332975434841,337266
2024-11-20,691.840576171875,713.4752916741905,686.6670572474081,703.128253825257,238827
2024-11-21,697.9547119140625,701.7172710079388,688.5483141793716,691.8405533865134,286620
2024-11-22,704.0689086914062,708.3017879019758,691.840590971983,698.4250697439801,287322
2024-11-25,727.5848999023438,727.5848999023438,707.8314637059,710.1830632530957,864711
2024-11-26,719.5894165039062,730.8770936255362,717.7081369836346,727.5848544650607,170862
2024-11-27,713.4752807617188,723.8223184523963,713.004960866688,722.8816786623347,149249
2024-11-28,711.1236572265625,720.0597349298064,707.3610981936177,713.0049367430349,105137
2024-11-29,731.8177490234375,731.8177490234375,708.7720744076609,711.1236738582503,266537
2024-12-02,734.1693725585938,737.4616118974216,719.5894554866422,731.3474531253128,207796
2024-12-03,722.411376953125,739.8132135073345,717.7081778844198,735.1100144386292,393224
2024-12-04,715.826904296875,728.5255418895265,714.8862644751971,722.4113830486202,403430
2024-12-05,722.411376953125,727.1145760218303,718.1784977912903,719.5894575119019,221032
2024-12-06,724.762939453125,728.5254985158278,722.4113400389358,727.1145388673143,244130
2024-12-09,724.762939453125,731.3474178128549,721.0003803904223,725.2332593359629,287015
2024-12-10,710.6533813476562,726.6442582277491,709.2424216229422,724.762978594797,278903
2024-12-11,701.71728515625,714.8862422503352,700.7766453638153,710.6533631843791,212480
2024-12-12,705.009521484375,712.0643198981612,702.6579220131129,703.1282419073654,169684
2024-12-13,710.1830444335938,710.1830444335938,701.7172862880277,705.0095255668589,127656
2024-12-16,703.5985717773438,715.8268892012816,702.1876120745817,711.1236901920747,193116
2024-12-17,690.4296264648438,703.5985839178517,687.1373871015918,702.1876241907437,288228
2024-12-18,670.6761474609375,691.3702221371516,669.7355077029277,690.4295823791418,277011
2024-12-19,668.3245849609375,677.2606631553483,663.1510660062786,670.6761844857824,229286
2024-12-20,663.6213989257812,675.3793967805966,663.6213989257812,668.7949179819,199509
2024-12-23,652.3336791992188,668.7948751415206,651.863359315153,664.5619961849287,225016
2024-12-24,657.0369262695312,659.8588457810682,652.3337270836363,654.6853266765838,130346
2024-12-25,665.0323486328125,669.2652277966705,660.329149561859,660.329149561859,100773
2024-12-26,681.023193359375,687.6076717482088,666.4432769269574,667.3839166967908,245100
2024-12-27,679.1419067382812,685.2560651784457,676.7903073382179,682.9044657783825,127198
2024-12-30,676.3200073242188,686.1967250946002,671.6168083859418,680.5528863686679,135811
2024-12-31,705.4798583984375,720.5300953776041,667.8542659505208,677.2606640624999,353502
2025-01-02,681.023193359375,700.7766285258763,679.1419138197083,696.0734296767093,265428
2025-01-03,677.2606811523438,686.6670795016819,677.2606811523438,681.9638803270128,265897
2025-01-06,674.438720703125,681.963838925754,673.027761036382,678.2012798144394,245468
2025-01-07,667.854248046875,674.9090464417363,667.854248046875,674.4387265487456,163835
2025-01-08,662.2103881835938,671.1464658650485,661.7400683056225,667.8542267192494,198833
2025-01-09,660.7994384765625,667.3839168670763,659.8587987064891,662.6807180167093,206755
2025-01-10,656.0962524414062,665.0323304316477,655.625932547183,663.1510508547547,210531
2025-01-13,646.2195434570312,658.9181807738725,641.0460245501699,656.0962613701299,253517
2025-01-14,636.3428344726562,652.8040312254597,634.4615548437645,648.1008321532302,228525
2025-01-15,637.7537841796875,642.4569831780627,632.5802652814747,637.2834642798499,270858
2025-01-16,649.5117797851562,654.2149787698423,642.9273012065956,642.9273012065956,169545
2025-01-17,658.4478759765625,658.4478759765625,647.1601981026786,651.3930773053851,136441
2025-01-20,653.74462890625,663.1510264444694,653.2743090293391,658.4478276753597,172750
2025-01-21,652.3336791992188,661.7400768805342,649.0414400107584,653.7446388514161,118329
2025-01-22,649.5117797851562,655.6259384652482,647.6305001912817,652.3336991759679,117467
2025-01-23,651.8634033203125,658.4478821417298,649.9821236570505,653.7446829835746,149074
2025-01-24,649.5117797851562,655.6259384652482,648.1008200897504,653.2743389729052,119683
2025-01-27,640.57568359375,649.0414415267071,638.6944040530929,649.0414415267071,133433
2025-01-28,641.0460205078125,644.8085796890763,640.1053807124965,642.4569802007865,113486
2025-01-29,639.6350708007812,644.338269850787,639.6350708007812,641.046030515783,114546
2025-01-30,648.100830078125,656.5665883810323,639.6350717752177,639.6350717752177,136772
2025-01-31,644.3382568359375,648.5711358954437,638.6944180899293,648.1008159999429,122216
2025-02-03,637.7537841796875,645.7492224769254,633.0505851813122,644.3382627774129,138753
2025-02-04,634.931884765625,642.9273233145254,629.7583657045718,638.2241241681135,137672
2025-02-05,629.7583618164062,641.9866795215792,625.9958025225069,634.9318808455179,178059
2025-02-06,629.7583618164062,639.6350799628921,621.7629233168701,631.6396414633559,215674
2025-02-07,646.6898803710938,649.5117998490767,628.8177236772017,629.758363503196,210501
2025-02-10,646.2195434570312,651.8633822645162,643.8679439539125,646.689863357655,160255
2025-02-11,634.931884765625,645.7492428023727,629.2880457899306,645.7492428023727,155581
2025-02-12,623.6441650390625,641.5163205982514,623.6441650390625,634.9318422343397,178604
2025-02-13,629.2880249023438,636.8131432868262,624.5848259120422,624.5848259120422,172202
2025-02-14,620.822265625,625.0551447088069,615.1784268465909,618.940986032197,304880
2025-02-17,625.5254516601562,644.3382471988076,622.2332124408923,625.5254516601562,391913
2025-02-18,622.7035522460938,630.2286707022399,614.2377939829294,625.5254716671486,307660
2025-02-19,611.8861694335938,625.9957659616551,609.5345700122502,623.1738466560429,275365
2025-02-20,616.1190795898438,617.0597194060115,610.0049207847537,611.8862004170891,134953
2025-02-21,610.4752197265625,620.3519374571155,606.7126605911137,618.0003379974601,149158
2025-02-24,611.4158935546875,617.0597325721154,607.6533342097356,613.2971732271634,127748
2025-02-25,602.0094604492188,617.5300168514252,601.5391405582428,611.4158582687378,142262
2025-02-26,606.2423706054688,606.712690520601,594.9546926422948,602.4798112844107,151600
2025-02-27,624.5848388671875,625.5254786847586,602.4798031542674,605.7720425157662,186805
2025-02-28,625.9957885742188,635.8725065006339,619.4113099566086,624.5848288704451,264701
2025-03-03,645.7492065429688,647.630486095898,626.9364110136761,627.4067309019084,251399
2025-03-04,650.9227294921875,660.3291273172191,642.456971449659,645.7492106884201,278630
2025-03-05,669.7355346679688,671.1464943617917,651.3930586482702,653.2743382400341,260528
2025-03-06,706.4204711914062,706.4204711914062,671.6167995082078,674.4387188338726,389609
2025-03-07,700.7766723632812,708.3017909926856,685.7264351044726,706.4205113353345,295774
2025-03-10,713.9456176757812,718.6488167382041,689.0186626449404,700.7766603009974,521796
2025-03-11,732.7584228515625,732.7584228515625,696.0734697177872,713.475306460732,361173
2025-03-12,778.3794555664062,778.3794555664062,723.3520257771195,731.8177842062405,548935
2025-03-13,785.4342041015625,791.5483625766046,768.0323684418273,778.3794058611293,643566
2025-03-14,779.7904052734375,787.3155237802981,776.0278460200071,785.434244153583,245135
2025-03-17,799.5438232421875,807.0689415785845,762.8588713522519,779.7903876091452,531143
2025-03-18,805.1876831054688,815.5347210893008,765.210490895209,798.6032043884849,486812
2025-03-19,758.1557006835938,801.4251327325333,735.1100249183976,735.1100249183976,680530
2025-03-20,776.02783203125,794.8406279592804,754.8634366122159,757.2150361032197,585312
2025-03-21,777.9091186523438,777.9091186523438,726.6442492852909,776.0278390425436,918602
2025-03-24,759.0963134765625,789.1967868734026,733.228719151153,770.3839910003775,777547
2025-03-25,770.8543090820312,782.1419865792666,760.0369514805141,760.0369514805141,434147
2025-03-26,771.794921875,789.6670772870963,761.9182044104205,770.8542821164685,402996
2025-03-27,782.1419677734375,796.2515643057304,776.96844904493,784.4935671954863,381535
2025-03-28,768.0324096679688,786.8452059856165,763.799530496498,783.5529666300282,369597
2025-04-02,775.5,795.0,764.0,792.0,354596
2025-04-03,780.0,790.0,770.0,775.5,220562
2025-04-04,780.0,807.5,770.0,780.5,440664
2025-04-07,755.5,774.0,744.0,774.0,320460
2025-04-08,738.0,767.0,736.0,763.5,418996
2025-04-09,709.0,735.0,709.0,735.0,341355
2025-04-10,695.5,734.0,695.5,734.0,367054
2025-04-11,684.0,700.0,682.0,697.0,322104
2025-04-14,668.5,694.5,666.0,690.5,356171
2025-04-15,659.0,675.5,655.0,671.5,353196
2025-04-16,637.0,659.0,637.0,659.0,454284
2025-04-17,642.0,654.5,629.0,638.5,448345
2025-04-18,638.0,649.5,637.0,643.0,245219
2025-04-21,669.0,679.0,640.0,641.0,507126
2025-04-22,646.0,675.5,645.0,670.0,330071
2025-04-24,650.0,651.0,640.0,646.0,205681
2025-04-25,636.0,646.0,630.5,642.0,329982
2025-04-28,618.5,639.0,618.5,636.0,235663
2025-04-29,613.0,623.5,609.5,618.5,213098
2025-04-30,607.5,618.0,605.0,613.0,156174
2025-05-02,609.5,615.5,606.0,609.0,144487
2025-05-05,593.5,617.5,593.0,611.0,236258
2025-05-06,595.0,602.0,593.0,594.0,154418
2025-05-07,577.0,595.5,575.5,595.0,258679
2025-05-08,580.5,583.0,571.5,579.0,185457
2025-05-09,591.5,593.5,580.0,590.0,276200
2025-05-12,620.0,620.5,596.0,596.0,361337
2025-05-13,620.0,626.0,610.5,624.0,232703
2025-05-14,630.0,631.0,617.5,623.0,221793
2025-05-15,616.5,632.5,616.5,630.0,138345
2025-05-16,623.0,623.5,610.5,616.5,137008
2025-05-20,610.5,629.5,608.5,623.5,160538
2025-05-21,605.0,620.0,604.0,610.5,108080
2025-05-22,602.5,610.0,601.0,605.0,164398
2025-05-23,587.0,606.5,587.0,603.0,207890
2025-05-26,587.5,594.0,584.0,588.5,127390
2025-05-27,575.0,590.0,575.0,587.5,171899
2025-05-28,571.0,580.0,567.5,580.0,139409
2025-05-29,565.5,577.0,565.5,573.5,131885
2025-05-30,559.0,566.0,556.5,565.0,183215
2025-06-02,559.5,564.0,551.5,559.0,153830
2025-06-03,576.0,580.0,562.5,567.0,148600
2025-06-04,600.0,600.0,576.5,576.5,191213
2025-06-05,599.0,605.0,596.0,605.0,67060
2025-06-10,601.0,605.0,597.5,600.0,133230
2025-06-11,598.5,612.0,595.0,601.0,182003
2025-06-12,591.0,601.0,585.0,595.0,163409
2025-06-13,581.0,582.0,563.0,570.0,173684
2025-06-16,578.0,582.5,572.0,578.5,127614
2025-06-17,571.0,580.0,571.0,577.5,106387
2025-06-18,566.5,573.0,560.0,571.0,126787
2025-06-19,561.0,572.5,559.0,566.5,115911
2025-06-20,561.5,569.0,558.0,563.5,152743
2025-06-23,554.0,567.0,550.0,560.0,166143
2025-06-24,572.0,575.0,563.5,563.5,185702
2025-06-25,564.5,574.5,563.5,572.0,126481
2025-06-26,558.0,566.0,556.0,564.0,118145
2025-06-27,557.5,559.5,550.5,558.0,127327
2025-06-30,581.5,582.0,558.5,560.0,279594
2025-07-01,596.0,596.0,577.0,583.0,233802
2025-07-02,600.5,613.0,595.0,597.0,364886
2025-07-03,605.0,610.5,598.0,606.5,177425
2025-07-04,603.0,610.0,595.0,606.0,129575
2025-07-07,590.5,597.5,585.0,597.5,150701
2025-07-08,578.0,596.5,577.0,592.0,137160
2025-07-09,590.5,591.0,578.5,579.0,128852
2025-07-10,596.5,601.0,593.0,594.0,212395
2025-07-11,606.0,618.0,598.0,598.0,429585
2025-07-14,597.0,609.0,595.5,606.0,190267
2025-07-16,589.0,603.5,582.5,597.0,210622
2025-07-17,600.5,601.5,590.0,595.0,177108
2025-07-18,596.0,600.5,594.5,599.0,177935
2025-07-21,601.0,604.5,595.0,596.0,311133
2025-07-22,607.0,610.0,600.0,601.0,350411
2025-07-23,609.0,614.0,602.5,607.0,231982
2025-07-24,609.5,614.0,605.0,610.0,255360
2025-07-25,601.0,613.5,601.0,613.0,152534
2025-07-28,592.5,605.0,591.5,602.0,236803
2025-07-29,583.0,592.0,579.5,592.0,234112
2025-07-30,589.0,594.0,580.0,583.0,198492
2025-07-31,590.0,598.0,588.0,589.0,150582
2025-08-01,594.5,595.5,590.0,590.0,178268
2025-08-04,617.5,617.5,594.0,596.0,423088
2025-08-05,609.0,619.0,608.0,618.0,245452
2025-08-06,624.0,624.5,604.0,609.0,420123
2025-08-07,622.0,632.0,621.0,624.0,354393
2025-08-08,635.0,635.5,617.0,622.0,345405
2025-08-11,630.5,640.5,630.5,637.0,335253
2025-08-12,622.0,634.0,621.5,630.0,225050
2025-08-13,613.0,625.0,613.0,620.0,241473
2025-08-14,615.0,624.5,608.0,613.0,259254
2025-08-15,618.5,626.0,611.0,615.0,248732
2025-08-18,618.0,624.0,613.5,618.5,291484
2025-08-19,617.5,624.5,614.0,618.0,336862
2025-08-20,619.5,621.5,611.0,617.5,329794
2025-08-21,636.0,638.0,623.0,625.0,484730
2025-08-22,639.0,650.0,636.0,636.0,375971
2025-08-25,646.0,652.0,637.5,642.5,425210
2025-08-26,639.0,647.0,633.5,646.0,300196
2025-08-27,620.0,637.5,620.0,637.0,405408
2025-08-28,621.5,627.5,619.0,620.0,298805
2025-08-29,618.5,626.5,617.5,622.5,179816
2025-09-01,612.0,621.0,609.5,618.5,206379
2025-09-02,596.0,615.5,584.5,615.0,379636
2025-09-03,587.5,601.5,586.5,595.5,289233
2025-09-04,592.0,593.5,586.0,588.5,248704
2025-09-05,584.0,595.0,581.5,593.5,220475
2025-09-08,573.5,579.0,570.0,578.0,236583
2025-09-09,579.0,585.0,574.5,580.0,120655
2025-09-10,578.0,584.0,574.5,581.0,90291
2025-09-11,567.0,587.5,567.0,577.0,242200
2025-09-12,567.0,571.5,563.5,567.0,150461
2025-09-15,585.0,590.5,561.5,567.0,335407
2025-09-16,589.5,591.0,582.0,589.5,251663
2025-09-17,590.0,596.5,588.0,595.5,168499
2025-09-18,587.0,599.5,587.0,591.0,174664
2025-09-19,591.0,594.0,585.0,589.0,180769
2025-09-22,600.5,608.5,596.5,596.5,221893
2025-09-23,582.5,592.5,563.0,592.5,295687
2025-09-24,588.0,591.0,577.5,582.0,221271
2025-09-25,585.0,594.0,585.0,588.0,144013
2025-09-26,579.0,585.0,574.5,581.0,121133
2025-09-29,568.0,578.5,568.0,578.5,113000
2025-09-30,570.5,572.5,565.5,570.0,130107
2025-10-01,578.5,581.0,565.0,570.5,176194
2025-10-02,581.0,586.0,573.0,581.0,161039
2025-10-03,578.5,584.0,575.5,582.5,97394
2025-10-06,567.0,581.5,565.0,580.0,145772
2025-10-07,568.5,570.0,563.5,567.0,111000
2025-10-08,563.0,573.0,562.0,568.5,105815
2025-10-09,556.0,570.5,556.0,566.0,148836
2025-10-10,560.5,563.0,556.5,560.0,117322
2025-10-13,552.5,560.0,551.0,553.5,137906
2025-10-14,546.5,555.5,546.5,552.5,142839
2025-10-15,552.5,555.0,546.5,546.5,129943
2025-10-16,552.5,558.0,548.5,553.0,112336
2025-10-17,552.0,555.0,540.0,552.0,164213
2025-10-20,552.0,555.0,542.0,554.0,165749
2025-10-21,550.5,555.5,549.0,552.5,130272
2025-10-22,557.0,558.0,550.0,550.5,135481
2025-10-23,549.5,562.0,549.5,559.5,153541
2025-10-24,564.0,568.0,552.0,553.5,281241
2025-10-27,556.0,566.0,555.0,564.0,177503
2025-10-28,542.5,554.0,541.5,554.0,181967
2025-10-30,546.0,553.0,540.0,542.5,271730
2025-10-31,547.0,551.5,544.5,545.5,211035
2025-11-03,572.0,582.0,547.0,547.5,441630
2025-11-04,557.0,572.5,554.0,572.0,166514
2025-11-05,566.5,567.0,555.0,557.0,177113
2025-11-06,562.5,577.0,562.0,567.0,172349
2025-11-07,556.0,564.5,554.0,563.5,123939
2025-11-10,545.5,560.0,544.5,557.0,148937
2025-11-11,544.0,549.0,529.0,546.5,185398
2025-11-12,532.0,544.0,528.5,544.0,160529
2025-11-13,524.0,535.0,524.0,532.0,180757
2025-11-14,526.0,526.5,520.0,524.0,107823
2025-11-17,530.0,543.0,528.0,542.5,129278
2025-11-18,531.5,532.5,526.5,530.0,91297
2025-11-19,539.5,540.5,529.0,531.5,171205
2025-11-20,538.5,544.5,537.0,539.5,85671
2025-11-21,525.5,538.5,522.5,538.5,139173
2025-11-24,521.5,527.5,520.5,525.5,106245
2025-11-25,518.0,526.0,517.5,523.0,122276
2025-11-26,515.0,522.0,515.0,518.5,97862
2025-11-27,513.0,518.5,513.0,518.0,87080
2025-11-28,512.0,515.5,510.0,513.0,75885
2025-12-01,519.0,524.0,512.0,512.0,132933
2025-12-02,527.5,529.0,519.0,519.0,285086
2025-12-03,518.5,530.0,518.5,527.5,160542
2025-12-04,520.0,524.5,518.5,519.5,96934
2025-12-05,530.5,531.5,520.5,520.5,135338
2025-12-08,528.0,534.0,526.5,531.0,184575
2025-12-09,525.5,529.5,524.5,528.5,93810
2025-12-10,521.0,529.5,520.0,525.5,139801
2025-12-11,521.5,526.5,521.0,521.0,66058
2025-12-12,522.5,528.5,521.0,522.5,132179
2025-12-15,527.0,531.0,524.0,524.0,132529
2025-12-16,523.5,530.5,521.5,527.0,115027
2025-12-17,528.0,529.0,522.0,523.5,98593
2025-12-18,530.0,530.0,523.0,528.0,84949
2025-12-19,522.0,537.0,521.0,531.5,283475
2025-12-22,522.0,528.5,520.5,523.0,140228
2025-12-23,518.0,522.5,517.0,522.0,124798
2025-12-24,524.5,526.0,518.5,520.0,131688
2025-12-25,525.0,527.5,522.5,524.5,91879
2025-12-26,530.0,530.0,521.5,525.0,195007
2025-12-29,525.0,536.5,524.5,530.0,193123
2025-12-30,528.0,528.0,522.5,525.0,140078
2025-12-31,519.5,541.0,512.0,536.0,418469
2026-01-02,525.0,526.0,516.0,519.5,319282
2026-01-05,526.5,529.5,522.5,525.0,207034
2026-01-06,557.0,557.0,525.5,526.5,514295
2026-01-07,546.5,558.0,543.0,557.0,288163
2026-01-08,548.5,549.5,536.5,546.5,213260
2026-01-09,549.5,551.5,541.5,548.0,259164
2026-01-12,556.0,564.0,542.0,549.5,328813
2026-01-13,559.5,562.5,552.0,555.5,209367
2026-01-14,570.5,570.5,559.0,559.5,335323
2026-01-15,577.5,581.0,566.5,570.5,237451
2026-01-16,565.0,580.5,558.5,578.0,363382
2026-01-19,565.0,570.5,554.0,570.0,319575
2026-01-20,559.5,570.0,555.5,569.0,257499
2026-01-21,566.0,568.0,551.5,559.5,288925
2026-01-22,574.0,574.0,562.5,567.0,284462
2026-01-23,575.5,578.5,571.0,574.5,175306
2026-01-26,572.0,579.0,564.0,575.5,278747
2026-01-27,571.5,573.0,563.0,572.0,285457
2026-01-28,581.5,586.0,569.5,573.5,387571
2026-01-29,588.5,590.0,579.0,582.0,327255
2026-01-30,592.5,596.5,580.5,588.5,325038
2026-02-02,587.5,590.0,572.5,586.0,387348
2026-02-03,598.5,598.5,582.5,588.0,340457
2026-02-04,599.5,602.5,590.5,600.0,269926
2026-02-05,603.5,607.0,592.5,599.5,271667
2026-02-06,618.5,620.0,592.0,603.5,317127
2026-02-09,607.5,622.5,607.5,618.5,385380
2026-02-10,561.0,585.0,561.0,580.5,1048612
2026-02-11,545.0,559.5,544.0,559.0,631531
2026-02-12,560.0,564.0,545.0,545.0,606317
2026-02-13,557.5,567.5,553.5,563.0,365625
2026-02-16,558.5,565.0,556.0,557.0,426792
2026-02-17,557.0,562.5,556.5,558.5,288886
2026-02-18,548.0,559.0,545.0,557.5,316177
2026-02-19,534.0,551.0,532.5,549.0,243871
2026-02-20,538.0,541.5,533.0,534.0,154193
2026-02-23,541.0,545.5,537.5,540.0,177634
2026-02-24,534.5,541.0,531.0,541.0,128311
2026-02-25,529.0,535.0,526.0,534.5,135466
2026-02-26,536.0,540.5,526.0,529.0,182057
2026-02-27,511.0,538.5,511.0,536.0,412802
2026-03-02,475.0,502.5,475.0,490.0,616109
2026-03-03,461.75,488.0,461.75,476.0,456226
2026-03-04,467.5,483.0,455.0,463.0,769506
2026-03-05,460.0,478.25,460.0,470.0,532638
2026-03-06,465.0,466.5,457.0,461.0,381705
2026-03-09,440.0,465.25,440.0,465.0,550957
2026-03-10,450.5,454.25,446.0,448.0,730682
2026-03-11,453.75,457.25,447.0,452.0,312539
2026-03-12,460.75,464.5,450.75,453.75,253340
2026-03-13,460.0,463.0,451.75,461.0,182877
2026-03-16,459.0,465.25,457.25,462.0,202515
2026-03-17,461.0,463.25,456.25,459.0,261133
2026-03-18,458.0,463.25,457.0,461.0,190300
2026-03-19,458.75,458.75,452.75,457.0,74316
2026-03-23,454.0,457.75,440.0,457.75,389033
2026-03-24,453.0,457.0,448.0,454.0,177572
2026-03-25,451.25,458.25,451.0,457.0,137625
2026-03-26,453.5,458.0,448.75,450.0,192970
2026-03-27,450.0,457.0,449.0,455.0,130725
2026-03-30,444.0,450.25,444.0,450.0,158360
2026-03-31,444.5,447.0,439.0,444.0,162920
2026-04-01,444.75,455.0,444.5,448.25,156528
2026-04-02,449.0,449.0,441.0,444.75,152885
2026-04-03,446.0,449.5,445.5,449.0,101897
2026-04-06,448.75,453.0,446.25,446.25,166458
2026-04-07,447.25,453.0,443.75,448.75,199827
2026-04-08,457.0,462.75,456.75,459.5,295176
2026-04-09,463.5,465.0,434.25,457.0,220429
2026-04-10,478.0,480.25,462.0,463.75,318057
2026-04-13,480.0,481.5,465.5,472.5,255304
2026-04-14,489.75,493.0,480.0,480.0,169729
2026-04-15,490.25,496.5,487.75,489.75,145785
2026-04-16,480.75,495.75,480.75,495.0,108623
2026-04-17,492.25,492.25,478.5,481.25,184818
2026-04-20,482.75,488.0,481.5,483.0,150611
2026-04-21,481.75,488.0,479.25,483.5,105561
2026-04-22,481.0,483.0,475.0,481.75,113880
2026-04-24,472.25,481.0,467.5,481.0,128290
2026-04-27,470.25,473.5,470.0,472.25,123743
2026-04-28,455.0,471.0,455.0,470.25,129628
2026-04-29,453.0,458.0,450.0,455.75,110444
2026-04-30,444.0,450.25,444.0,450.0,218718
2026-05-04,442.0,446.75,441.5,444.0,182129
2026-05-05,446.25,450.25,441.25,442.25,215238
2026-05-06,451.25,454.75,447.0,447.0,192987
2026-05-07,457.75,458.25,451.0,451.25,232789
2026-05-08,453.0,458.25,451.5,457.75,139310
2026-05-11,450.25,455.25,450.0,453.0,178245
2026-05-12,467.25,485.0,448.0,450.25,992073
2026-05-13,476.5,483.5,461.25,467.25,493379
2026-05-14,474.0,486.0,468.5,484.75,332009
2026-05-15,472.5,475.0,465.75,474.0,152928
2026-05-18,457.0,472.5,454.25,469.25,185007
2026-05-20,451.0,457.0,450.25,457.0,147585
2026-05-21,435.0,455.0,435.0,450.0,140619
2026-05-22,451.5,454.75,425.0,426.0,224687
2026-05-25,451.5,456.25,450.0,451.5,94230
2026-05-26,449.25,454.0,447.25,451.5,72261
2026-06-01,450.0,453.25,446.0,449.25,263753
2026-06-02,455.75,457.25,450.25,450.25,217835
2026-06-03,450.0,457.0,447.0,457.0,166093
2026-06-04,447.0,456.0,440.0,452.0,121632
2026-06-05,438.75,451.5,437.75,447.0,202316
2026-06-08,442.25,442.5,428.75,435.5,255788
2026-06-09,440.75,444.75,438.0,442.25,134280
2026-06-10,435.0,444.5,434.0,438.0,132016
2026-06-11,436.0,450.5,433.75,435.0,136505
2026-06-12,441.25,450.75,439.25,440.0,133599
2026-06-15,453.5,455.0,449.0,450.0,118864
2026-06-16,448.75,458.0,446.25,455.0,113703
2026-06-17,438.5,451.25,437.75,448.75,188234
2026-06-18,441.0,451.75,437.5,438.5,254548
2026-06-19,450.0,450.0,437.0,441.0,188856
2026-06-22,439.5,449.0,439.25,449.0,142411
2026-06-23,439.25,446.25,436.0,439.5,143578
2026-06-24,436.0,442.0,436.0,439.25,98392
2026-06-25,436.75,443.5,436.0,438.25,95209
2026-06-26,435.25,440.75,435.0,436.75,92600
2026-06-29,436.25,441.0,434.0,437.0,122490
2026-06-30,438.5,442.25,436.25,437.0,158194
2026-07-01,438.75,442.0,437.0,437.25,114653
2026-07-02,446.0,446.25,438.0,439.0,155471
2026-07-03,441.0,450.0,441.0,449.5,99433
2026-07-06,440.0,444.75,437.25,441.5,151863
2026-07-07,436.75,440.75,435.0,435.0,136300
2026-07-08,440.25,443.0,434.5,438.0,194140
2026-07-09,434.0,441.5,434.0,440.25,64888
2026-07-10,439.75,443.0,434.0,434.25,97806
2026-07-13,439.75,442.0,436.75,439.5,90901
2026-07-14,442.0,442.5,435.5,439.0,116869
2026-07-16,451.25,457.0,441.5,442.5,391344
2026-07-17,437.5,451.25,437.5,450.75,99426
2026-07-20,431.0,438.5,431.0,437.5,143534
2026-07-21,417.0,433.75,415.25,433.0,170928
2026-07-22,416.0,421.75,414.5,419.0,182939
2026-07-23,412.25,416.75,411.75,416.0,92060
2026-07-24,411.5,414.0,407.5,412.25,102976
2026-07-27,412.25,414.0,408.0,412.25,132782
2026-07-28,411.0,412.75,408.5,412.25,149471
2026-07-29,409.0,411.0,406.0,411.0,102250
2026-07-30,412.0,413.5,404.0,409.0,127706
2026-07-31,412.25,417.0,412.0,413.0,120712
2026-08-03,405.5,421.5,404.75,412.0,125870
2026-08-04,408.0,422.0,405.0,415.5,155510
2026-08-05,411.0,415.25,404.0,408.0,126173
2026-08-06,404.75,411.0,403.75,411.0,127003
2026-08-07,403.5,406.75,403.0,404.75,77679
2026-08-10,403.25,410.75,403.0,403.75,159228
2026-08-11,405.25,408.25,398.75,403.25,131335
2026-08-12,413.0,414.25,403.5,405.25,217647
2026-08-13,411.0,415.0,409.0,413.0,81687
2026-08-14,414.0,415.75,407.0,411.0,116875
2026-08-17,416.0,419.0,410.75,414.0,155798
2026-08-18,415.25,419.5,411.25,416.0,515947
2026-08-19,422.5,427.0,414.25,417.75,120841
2026-08-20,442.0,447.0,423.0,423.5,248521
2026-08-21,436.0,442.25,434.5,442.0,117423
2026-08-24,437.75,441.75,433.5,436.25,77018
2026-08-25,430.0,438.75,430.0,438.75,67760
2026-08-26,437.5,440.25,430.0,430.0,85703
2026-08-27,430.5,440.25,430.0,438.0,97771
2026-08-28,430.5,434.5,429.25,431.0,60615
2026-08-31,427.5,432.5,424.5,430.5,111007
2026-09-01,427.25,439.0,427.25,427.5,116768
2026-09-02,430.25,432.0,421.75,427.25,135070
2026-09-03,422.25,433.5,419.75,432.0,48592
2026-09-04,429.5,430.0,420.0,422.5,55889
2026-09-07,432.0,437.75,426.75,428.75,57840
2026-09-08,437.75,437.75,427.0,432.0,67709
2026-09-09,435.0,443.25,435.0,437.75,127007
2026-09-10,439.75,440.75,432.0,435.25,89928
2026-09-11,436.0,439.75,435.25,437.5,76429
2026-09-14,426.0,436.0,426.0,434.0,61227
2026-09-15,419.5,429.5,413.75,426.0,114828
2026-09-16,409.5,420.5,402.0,419.5,174817
2026-09-17,419.0,420.75,389.25,409.5,147325
2026-09-18,427.25,427.25,408.75,420.0,129576
2026-09-21,406.0,427.25,406.0,427.25,184297
2026-09-22,411.0,414.0,406.5,407.25,104076
2026-09-23,413.75,417.0,410.75,411.75,65839
2026-09-24,407.5,418.75,407.0,418.75,57700
2026-09-25,407.0,411.75,405.75,408.25,41094
2026-09-28,407.75,408.25,395.0,405.0,112877
2026-09-29,413.25,417.0,405.75,406.25,95848
2026-09-30,407.0,419.0,402.5,419.0,81530
2026-10-01,405.25,410.0,404.0,405.25,89202
2026-10-02,402.75,407.0,401.75,405.0,72713
2026-10-05,405.0,407.75,402.25,402.75,89560
2026-10-06,399.25,405.25,399.25,404.5,48135
2026-10-07,396.0,402.75,394.25,399.25,70405
2026-10-08,,,,,11707
