Date,Close,High,Low,Open,Volume
2018-01-01,5.961109161376953,5.961109161376953,5.961109161376953,5.961109161376953,0
2018-01-02,6.937565803527832,7.032061497379134,5.992607738537286,5.992607738537286,98141214
2018-01-03,7.000563621520996,7.630534975843506,6.819446293914456,6.953315394454262,122763718
2018-01-04,6.984814167022705,7.284050944594532,6.874568801290417,7.008437905756369,37259877
2018-01-05,7.008437633514404,7.197429788997678,6.969064987482762,7.126557824564586,17529724
2018-01-08,7.118682384490967,7.181679513921283,7.008437032495403,7.087183819775809,22327248
2018-01-09,7.268300533294678,7.496666071054243,7.102933628271605,7.142306271761839,43239347
2018-01-10,7.2761759757995605,7.362797601144738,7.1344327951180775,7.27617597579956,24501480
2018-01-11,7.4415435791015625,7.5045407146147,7.284050740318717,7.362797535202686,41198710
2018-01-12,7.24467658996582,7.536038499180254,7.221052854349789,7.488791027948192,23258922
2018-01-15,7.047811031341553,7.488791726206453,7.016312463921565,7.221053527644022,36592248
2018-01-16,7.386420726776123,7.441543028525523,6.559582445609945,6.984813454354689,45964542
2018-01-17,7.622661113739014,7.732905728385331,7.362797734951103,7.386421473663155,63708673
2018-01-18,7.717155456542969,7.7880274111466,7.622659767399787,7.756528848098873,34255395
2018-01-19,7.528164863586426,7.851025356252324,7.480916638593462,7.732905169262445,39299477
2018-01-22,7.693532466888428,7.725031032985834,7.567537451513746,7.575412280784361,13816974
2018-01-23,7.788028717041016,7.882524422029209,7.701407090896341,7.740780489054365,20641645
2018-01-24,7.756529808044434,7.929771550754783,7.74865497856167,7.795902453488102,16637024
2018-01-25,7.63840913772583,7.780153055548885,7.61478540175033,7.756529319573385,9535564
2018-01-26,8.040017127990723,8.071515695788541,7.630534995633971,7.654159484721156,17568150
2018-01-29,8.087265014648438,8.189634792442034,7.9376462606699905,8.04789161881279,18325368
2018-01-30,8.047891616821289,8.331378714994687,7.96914482516948,8.032141958096902,11344207
2018-01-31,8.071516036987305,8.252632621734648,8.071516036987305,8.095139776088018,9460261
2018-02-01,8.12663745880127,8.394375642689457,8.079389985753378,8.150261946310257,14450320
2018-02-02,7.984894275665283,8.244757629960496,7.937646051709316,8.173885669519066,5320930
2018-02-05,7.914022445678711,8.079390105772955,7.890398708803835,7.953395841126875,4010107
2018-02-06,7.9061479568481445,7.921897616099647,7.488791749489467,7.638409757453303,4953270
2018-02-07,8.315629959106445,8.315629959106445,7.992768708226336,8.047891763783225,15531364
2018-02-08,7.929771423339844,8.347128367399355,7.929771423339844,8.331378708686893,8165865
2018-02-09,7.866774082183838,8.087264792410352,7.74077981976014,7.7959021218242475,7542205
2018-02-12,8.008517265319824,8.173884907266855,7.94552013991,8.000642436897353,10260049
2018-02-13,7.788028717041016,8.079390661834225,7.788028717041016,8.071515832005598,4251359
2018-02-14,7.717155456542969,7.9140216633375084,7.6620324079707105,7.866773443273428,3708513
2018-02-15,8.071516036987305,8.142388005274569,7.7565303456940455,7.835276393024797,10886323
2018-02-16,8.040017127990723,8.189635137284093,7.9455214245972625,8.11088909328209,4504745
2018-02-19,7.882524013519287,8.118763639239264,7.82740095856075,8.095139150977719,2926055
2018-02-20,7.780153751373291,8.040017123299968,7.756530013284983,7.906148022491062,2913080
2018-02-21,8.087265014648438,8.087265014648438,7.914022523562626,7.914022523562626,4157075
2018-02-22,8.000642776489258,8.071514733329753,7.95339530591893,8.06363990457303,1819704
2018-02-23,8.008517265319824,8.08726404757459,7.977018702614912,8.032140999602264,2450244
2018-02-26,9.268462181091309,9.323584483464563,8.543994417106896,8.543994417106896,71836269
2018-02-27,8.654239654541016,9.252713199147856,8.646364824773402,9.189716062977146,26771290
2018-02-28,8.528244972229004,8.748734938227072,8.417999613737438,8.599116934760364,11609717
2018-03-01,8.284131050109863,8.732985799632397,8.268381391747997,8.55186848339617,9335821
2018-03-02,8.150261878967285,8.362877007896108,8.110888484429344,8.236882746162726,19345585
2018-03-05,8.118762969970703,8.29200469703048,8.118762969970703,8.197509004729236,6308099
2018-03-06,7.890398979187012,8.244758048393328,7.843150752833132,8.18176091391154,7892043
2018-03-07,7.732905387878418,7.921897542208186,7.7171564797589,7.8746493158794735,6537853
2018-03-08,7.701406478881836,7.843150400592591,7.677782742258393,7.74865470311377,4977249
2018-03-09,7.5675368309021,7.748654134347599,7.5675368309021005,7.7171555708333806,3695766
2018-03-12,7.7092814445495605,7.8195268023855355,7.583287179014194,7.599036086713585,10166417
2018-03-13,7.717155456542969,7.756528848098873,7.583286375843883,7.732904362574342,5224360
2018-03-14,7.914022445678711,7.945521011840231,7.756529614871112,7.7644036931727,12405120
2018-03-15,7.8431501388549805,8.008517791670615,7.8352753099149455,7.9533954910604105,7266342
2018-03-16,8.134511947631836,8.150261605312213,7.8431500394099665,7.851024868250155,12442343
2018-03-19,8.331378936767578,8.339253766339391,8.087265227922025,8.16601127068491,16496731
2018-03-20,8.292004585266113,8.370751369948259,8.181759987893104,8.347127634937614,9054406
2018-03-21,8.622740745544434,8.732986104977032,8.299880247687982,8.299880247687982,27887543
2018-03-22,8.953475952148438,9.284211275002264,8.614865799944505,8.662114025060077,32163030
2018-03-23,9.284211158752441,9.591322740695594,8.819606746704487,8.874729800479956,28563892
2018-03-26,9.630695343017578,9.819687489304865,9.473202513599047,9.473202513599047,14482666
2018-03-27,8.98497486114502,9.835436937771458,8.969225952829392,9.803938370155112,16146112
2018-03-28,9.378706932067871,9.662194779516206,8.906228437962408,8.937727004236105,31100381
2018-03-29,9.292085647583008,9.567697902422934,9.276335989657,9.528325259577962,8794570
2018-03-30,9.189715385437012,9.441703911541216,9.000723990858857,9.355083043439157,6756093
2018-04-02,9.425954818725586,9.457453383868973,9.229088598833151,9.378706595517988,7725364
2018-04-03,9.347208023071289,9.473202283546398,9.26846198576686,9.457453376479524,5994986
2018-04-04,9.142467498779297,9.402330863662954,9.024348060554024,9.386581955692618,7356167
2018-04-05,9.158217430114746,9.347208837290117,9.040097237391317,9.16609225982666,11777915
2018-04-06,9.339332580566406,9.449577926732882,9.16609085928549,9.37870597212479,21985200
2018-04-09,8.457372665405273,9.410205204124976,8.323503575181304,9.38658146790458,32921992
2018-04-10,7.929771423339844,8.583367240205796,7.701406628904572,8.551868673765933,17793210
2018-04-11,7.543913841247559,8.07151539546923,7.039936024249003,7.8903988251168995,18111208
2018-04-12,7.50454044342041,7.748654897950988,7.3627972691306205,7.638409539294426,12291076
2018-04-13,7.402169227600098,7.599035438451004,7.378545492573787,7.551787968398385,6085498
2018-04-16,7.827401161193848,7.8431508204426,7.425794613156808,7.449418351044849,16176032
2018-04-17,7.764403820037842,8.19750967507419,7.677782949424598,7.937646312249395,28641774
2018-04-18,8.134511947631836,8.20538390522351,7.646283824315324,7.803776646194035,18840925
2018-04-19,8.355003356933594,8.46524872698856,8.103014797933831,8.181761598113829,11068341
2018-04-20,8.12663745880127,8.457372774076674,8.024266932550782,8.331378511302242,12530661
2018-04-23,8.12663745880127,8.12663745880127,8.12663745880127,8.12663745880127,0
2018-04-24,8.032142639160156,8.189635484832879,7.937646931756522,8.118764267518998,8008560
2018-04-25,7.819526672363281,8.126637501752866,7.677782750500367,8.071515199243976,9869686
2018-04-26,7.866774082183838,7.969144608149354,7.725030912449698,7.898272647789763,6408810
2018-04-27,7.89827299118042,8.055765826057309,7.819526949234513,7.914022650160645,5811937
2018-04-30,7.803776741027832,8.268381134454799,7.740779611510787,7.961269564820443,15236709
2018-05-01,7.803776741027832,7.803776741027831,7.803776741027831,7.803776741027831,0
2018-05-02,7.764403820037842,7.898272916157897,7.591162078811355,7.788028308283781,6017878
2018-05-03,7.725030422210693,7.914021803852639,7.622659902741725,7.7801527207766785,6036191
2018-05-04,7.63840913772583,7.84315018547357,7.53603861385196,7.795901962537544,4296790
2018-05-07,7.370671272277832,7.677782856908805,7.354922364622045,7.638409461291748,2883898
2018-05-08,6.866694450378418,7.417919755235508,6.8351958829861585,7.378546358248912,6708673
2018-05-09,7.047811031341553,7.165931222405317,6.535959123020494,6.614705166077919,6054012
2018-05-10,7.236802101135254,7.717156170803433,7.118682666519992,7.126557495757023,11439456
2018-05-11,7.071434497833252,7.276175553699908,7.039935931621848,7.221053250576215,4779880
2018-05-14,7.173805236816406,7.244677200623348,6.961190096380658,7.024187230656811,7003001
2018-05-15,7.047811031341553,7.213178698042754,7.024187293522833,7.079309598761539,3914443
2018-05-16,7.102933406829834,7.221052835588107,6.898192362729481,7.071434091443614,3734882
2018-05-17,7.095058441162109,7.520289427870755,7.047810219978928,7.1659303974443835,7678169
2018-05-18,7.150181770324707,7.221053736818923,7.0635608951568365,7.11868320199229,3174605
2018-05-21,7.20530366897583,7.3234238567696535,7.095059061550339,7.150181365263085,5237433
2018-05-22,7.20530366897583,7.307674198003118,7.1423065358798175,7.252551894290373,5824036
2018-05-23,7.087183952331543,7.236801949780682,7.024186821722954,7.173804819172093,6281885
2018-05-24,6.795821666717529,7.2210526507411235,6.685576318642896,7.165930352196304,5221492
2018-05-25,6.803697109222412,6.882443149821975,6.591081222534964,6.827320846303775,5622594
2018-05-28,7.047811031341553,7.102934087565343,6.88244336464035,7.008437634320297,6388840
2018-05-29,7.189554691314697,7.228928086863278,7.00843737218525,7.079309333975684,7786684
2018-05-30,7.323423862457275,7.488791524709006,7.315549033067891,7.315549033067891,10345973
2018-05-31,6.984814167022705,7.39429631032682,6.961190428289042,7.370671820608043,4963592
2018-06-01,7.000563621520996,7.173805368467141,6.724950590766079,6.969065053804871,4849740
2018-06-04,6.9926886558532715,7.213178625578105,6.961190088749724,7.1659311504153225,4419929
2018-06-05,6.929691314697266,7.339172674814598,6.8981927485343935,7.02418701318588,13933805
2018-06-06,6.969064712524414,7.087184147929212,6.772198486193047,6.953315053945078,6714295
2018-06-07,6.9769392013549805,7.0714349054359955,6.898193156780017,6.9926888608610325,2662003
2018-06-08,6.748574256896973,6.976939058151798,6.7407001782906635,6.953315320362702,2113390
2018-06-11,7.000563621520996,7.0635607569532475,6.339092948497269,6.732825420441384,4507193
2018-06-12,6.913941383361816,7.063560129971648,6.858819082497681,6.94543994828204,1787726
2018-06-13,6.701326370239258,7.0241868538303205,6.677701882914274,6.827320632032352,1830897
2018-06-14,6.724950313568115,6.748574050635182,6.551707822777819,6.748574050635182,1162129
2018-06-15,6.724950313568115,6.724950313568115,6.724950313568115,6.724950313568115,0
2018-06-18,6.591081142425537,6.787947368009281,6.575332234891065,6.677702011327765,2892422
2018-06-19,6.56745719909668,6.638329158235641,6.5044600689698315,6.551707541072454,6200897
2018-06-20,6.496585845947266,6.654078685955028,6.4572124481990505,6.567457811697033,6410257
2018-06-21,6.520209312438965,6.661953238030595,6.457212179061589,6.472961837898467,8495321
2018-06-22,6.520209312438965,6.709201463556161,6.496585575168716,6.57533236738297,4609635
2018-06-25,6.5438337326049805,7.165930981472381,6.3705912421272695,7.087184190077496,8417786
2018-06-26,6.685576915740967,6.843069747781349,6.504460346640792,6.559582650108661,7517348
2018-06-27,6.906067848205566,6.929691586006365,6.724950522439214,6.740700181629803,7372405
2018-06-28,6.9926886558532715,7.15018149137101,6.937566351168332,6.953315259227567,6719833
2018-06-29,7.055685520172119,7.260426574006131,6.945440164034178,7.102933744512679,6370448
2018-07-02,7.260426044464111,7.347046906621522,7.102933226457459,7.134431790058789,9953416
2018-07-03,7.142306804656982,7.378546438149663,7.039936271777317,7.284050734949609,5528755
2018-07-04,7.032061576843262,7.158055836735432,6.992688182880702,7.1265572717623895,3132601
2018-07-05,7.228928089141846,7.299800050954618,7.04781076995531,7.04781076995531,7238450
2018-07-06,7.095058441162109,7.339172122817722,7.079308783772716,7.284049823924841,7687769
2018-07-09,7.197429180145264,7.307673781284072,7.134432050641652,7.189554351211057,8459004
2018-07-10,6.929691314697266,7.150181277837367,6.921816485410283,7.095058974798605,3641733
2018-07-11,6.5517072677612305,6.984813082554629,6.535958361379015,6.906067048673555,5852090
2018-07-12,6.425714015960693,6.740700453616386,6.354842048713535,6.567457950455011,5197560
2018-07-13,6.441463470458984,6.520209514123966,6.402090073133948,6.449337549135919,3579714
2018-07-16,6.449337005615234,6.528083793628887,6.394214704596694,6.4808355706236895,3335536
2018-07-17,6.583206653594971,6.591081483261954,6.433588644847738,6.449337553196614,4669666
2018-07-18,6.591081142425537,6.73282506516105,6.480835785744022,6.638329366999059,4661158
2018-07-19,6.5753326416015625,6.63832977760618,6.52808441410555,6.630454947859328,2370440
2018-07-20,6.638329029083252,6.685576500266648,6.551707413605336,6.598955635773746,3953389
2018-07-23,6.890318393707275,6.953315530370934,6.693452153887067,6.724950722218897,6271257
2018-07-24,6.528083801269531,6.984813369919219,6.512334894239384,6.961189633881483,5117922
2018-07-25,6.748574256896973,6.756449086488367,6.5202094556421475,6.5359591148249345,4340098
2018-07-26,6.795821666717529,7.134431788601408,6.630454020098076,6.787946838072557,15220311
2018-07-27,6.81157112121582,6.8981927413118145,6.685576856696253,6.795822213643402,5769733
2018-07-30,7.213178634643555,7.386421129423335,6.732825297964481,6.748574206043508,17657288
2018-07-31,7.307674407958984,7.701406876613877,7.165931229913081,7.205303875990502,15858876
2018-08-01,7.33917236328125,7.73290479909651,7.28405006258232,7.34704719223396,21974630
2018-08-02,7.024187088012695,7.2761756200000365,7.000563350885148,7.181679920504783,6554447
2018-08-03,7.284050941467285,7.331299169899442,7.024187562553207,7.024187562553207,7023608
2018-08-06,7.197429180145264,7.433668040291294,7.150180957525045,7.284050045466473,5757495
2018-08-07,7.173805236816406,7.291925426823003,7.063560627325677,7.244677200623348,4740338
2018-08-08,7.197429180145264,7.339172346035878,7.173804693342643,7.173804693342643,4949521
2018-08-09,7.110807418823242,7.417918982128965,7.008436897721334,7.102933341034638,11656165
2018-08-10,6.756448745727539,7.252551720188168,6.1422263372936845,6.945440140478718,8783033
2018-08-13,6.583206653594971,6.780072889359014,6.220973125242273,6.693452015977467,6361421
2018-08-14,6.874567985534668,7.189554385541833,6.677701767149574,6.850944249604264,12314160
2018-08-15,6.646203994750977,7.039936478470433,6.638329915825275,6.969065262228427,4684574
2018-08-16,6.717075347900391,6.90606749355668,6.65407821634331,6.756448742869828,5524604
2018-08-17,6.606831073760986,6.929691576892599,6.520209450296838,6.709201605409927,5506338
2018-08-20,6.638329029083252,6.732824722435058,6.583205978055938,6.598955635773746,1015846
2018-08-21,6.638329029083252,6.638329029083252,6.638329029083252,6.638329029083252,0
2018-08-22,6.638329029083252,6.638329029083252,6.638329029083252,6.638329029083252,0
2018-08-23,6.638329029083252,6.638329029083252,6.638329029083252,6.638329029083252,0
2018-08-24,6.638329029083252,6.638329029083252,6.638329029083252,6.638329029083252,0
2018-08-27,6.764323711395264,6.78794744846952,6.6777020904812225,6.6777020904812225,2328172
2018-08-28,6.921816349029541,7.087184005872637,6.756448692186444,6.780072428596875,5975175
2018-08-29,6.890318393707275,7.181680338522971,6.8745687340488075,6.906068053365743,10231626
2018-08-30,6.890318393707275,6.890318393707275,6.890318393707275,6.890318393707275,0
2018-08-31,6.77219820022583,7.016311890016992,6.76432337126869,6.953314760329916,4023792
2018-09-03,6.937565803527832,7.165930584748066,6.748573664840211,6.7800722294573115,5036217
2018-09-04,6.819445610046387,7.213178042506201,6.811570781160786,6.976938432833309,8630263
2018-09-05,6.693451404571533,6.929691016106357,6.591080881206943,6.827320492741766,7414873
2018-09-06,6.661953449249268,6.76432398197945,6.646203789913043,6.724950584623981,2615943
2018-09-07,6.669827938079834,6.756448807047345,6.6304545427364,6.693451674891873,2931058
2018-09-10,6.449337005615234,6.693451447669536,6.449337005615234,6.66982771165945,3423033
2018-09-11,6.457211971282959,6.567457326638452,6.441463063937913,6.465086800448003,2321494
2018-09-12,6.661953449249268,6.850944855373409,6.583206654538329,6.583206654538329,7916735
2018-09-13,6.803697109222412,6.850944583385138,6.654078355408639,6.701326580556426,6202258
2018-09-14,6.748574256896973,6.921816752982211,6.709201610910173,6.874568526418934,3261980
2018-09-17,6.803697109222412,7.12655760294626,6.701326580556426,6.732825146993263,16450070
2018-09-18,6.606831073760986,6.866694442183264,6.5989562441760485,6.819446215658721,6553310
2018-09-19,6.606831073760986,6.717075684009781,6.591081414591111,6.669828208470321,7760075
2018-09-20,6.47296142578125,6.66195281388077,6.409964296414743,6.654077984963702,7213611
2018-09-21,6.512335300445557,6.535959037956819,6.457212244939177,6.480835982450439,3999530
2018-09-24,6.56745719909668,6.591080935147991,6.520208976009029,6.551707541072454,4970301
2018-09-25,6.528083801269531,6.6462032324432325,6.496585236224209,6.598955760367763,7066529
2018-09-26,6.465086936950684,6.575332294633878,6.4257135412791815,6.535958898962376,3886235
2018-09-27,6.441463470458984,6.5123354354470315,6.433588640796959,6.457212378797944,3803533
2018-09-28,6.441463470458984,6.567457741111028,6.417838981472908,6.457212378797944,6078163
2018-10-01,6.47296142578125,6.583206026680127,6.457211767947113,6.4650865968641815,5373423
2018-10-02,6.43358850479126,6.591081339776924,6.402089937794127,6.496585638785525,9031399
2018-10-03,6.315468788146973,6.465086787047481,6.315468788146973,6.441463050586357,3284187
2018-10-04,5.921735763549805,6.307593742249932,5.8666130878804985,6.283969631108085,3898406
2018-10-05,5.866613388061523,5.961109461971552,5.756368406574438,5.890237500412162,3006637
2018-10-08,5.819365501403809,5.8666133503085085,5.787866935467342,5.850864067340275,3145408
2018-10-09,5.890237808227539,5.961109773490596,5.850864410749719,5.8587392404423015,4192148
2018-10-10,5.6854963302612305,5.953234512532757,5.677621876631637,5.93748522978105,5737368
2018-10-11,5.630374431610107,6.039856187973068,5.5516280122119515,5.614625147730476,18612486
2018-10-12,5.630374431610107,5.732744964573984,5.5122546147666,5.685496737442544,5651690
2018-10-15,6.299719333648682,6.362716466906363,5.677622079490277,5.693371362804697,22529539
2018-10-16,6.268220901489258,6.843069942543855,6.236722334184692,6.370591432975368,29389302
2018-10-17,6.165849685668945,6.480835323755034,6.142225950558738,6.386339632329207,9234170
2018-10-18,6.047730445861816,6.394215055459621,6.031981162493396,6.197348825608087,7680463
2018-10-19,5.795742034912109,6.299719488884997,5.677622219397007,6.08710397115483,11111321
2018-10-22,5.7012457847595215,5.968983975096498,5.677622047666571,5.921736125418066,4431382
2018-10-23,5.669747352600098,5.779992713286893,5.551627913352523,5.661872898546778,3454236
2018-10-24,5.598875522613525,5.827240312696195,5.567376956774021,5.740619068891296,3385038
2018-10-25,5.7012457847595215,5.709120614118858,5.567377065083564,5.598875631535852,2691047
2018-10-26,5.488630294799805,5.72486991960298,5.441382444937676,5.709120636315604,2719708
2018-10-29,5.488630294799805,5.488630294799805,5.488630294799805,5.488630294799805,0
2018-10-30,5.339012145996094,5.6382485203114765,5.323262863137389,5.512254257441842,5991050
2018-10-31,5.220892429351807,5.528003638286463,5.1815190337608765,5.386260090045667,8408193
2018-11-01,5.362636089324951,5.488630357053015,5.22089253813088,5.2523911050628955,10617855
2018-11-02,5.433507919311523,5.472880939263927,5.339012220834721,5.409883806946059,8230309
2018-11-05,5.606750011444092,5.622499294462487,5.425633068986283,5.465006464278534,10572328
2018-11-06,5.44138240814209,5.653997918830192,5.402009387936163,5.638248635649315,5163424
2018-11-07,5.528003692626953,5.772117771409795,5.417758709578177,5.449257276163541,19380446
2018-11-08,5.339012145996094,5.6224992374527725,5.2760146390687535,5.535878369476159,9385148
2018-11-09,5.079148769378662,5.394134823985741,4.961029327456988,5.331137688162835,17371414
2018-11-12,5.016151428222656,5.20514320344766,5.000402144911617,5.118521957490677,10933536
2018-11-13,5.031900405883789,5.126396475502636,4.961028823035292,5.008276670098461,7444624
2018-11-14,5.039775371551514,5.094897673541256,5.024026088769799,5.055524654333229,6744954
2018-11-15,5.031900405883789,5.110646817655736,5.008276670098461,5.047649688238179,7761236
2018-11-16,5.000402450561523,5.0870237018132345,4.968903882014093,5.055525133265804,6983595
2018-11-19,5.000402450561523,5.03977584899209,4.976778711897229,5.008277280444659,5466344
2018-11-20,4.772037506103516,4.992527855202337,4.772037506103516,4.984653025541554,6086660
2018-11-21,4.772037506103516,4.819285357590575,4.7247896546164565,4.7799123357642985,5244265
2018-11-22,4.866533279418945,4.945280075194803,4.764163120796923,4.779912404853584,8121292
2018-11-23,4.874407768249512,4.99252757815877,4.84290920233938,4.882282221980782,6307803
2018-11-26,4.937405109405518,4.992527789831598,4.9059065421599115,4.929530655340386,5753477
2018-11-27,5.031900405883789,5.0712737995160175,4.929530258326514,4.945279540680903,11379412
2018-11-28,5.04764986038208,5.142145933223599,5.031900577490581,5.055524689574091,6633812
2018-11-29,4.945280075073242,5.110647369917845,4.921655961242555,5.102772915635984,6215707
2018-11-30,4.976778030395508,5.047649612176054,4.905906073122457,4.929530184044309,9833518
2018-12-03,4.929530620574951,5.055524888668804,4.913780961570682,5.047650059166669,5823378
2018-12-04,4.835034370422363,4.968903463212119,4.803535804529776,4.921655614373239,4655730
2018-12-05,4.8901567459106445,4.898031199150311,4.7877862253474746,4.8035355073193085,3303367
2018-12-06,4.827159881591797,4.898031466588469,4.811410598760034,4.866532900924943,3444082
2018-12-07,4.835034370422363,4.882282219261243,4.803535804529776,4.842909199641772,3425604
2018-12-10,4.764163017272949,4.858658719559551,4.756288187669461,4.827160152130683,2449537
2018-12-11,4.740538597106934,4.803535727886957,4.716914485318166,4.772037162496945,3941008
2018-12-12,4.504298686981201,4.8271595243792325,4.488549405314894,4.7641623977140055,8251654
2018-12-13,4.512173652648926,4.567296327901977,4.496424370504126,4.520048105975073,2501068
2018-12-14,4.323182106018066,4.520048330346595,4.299558369374457,4.512173876629566,5018989
2018-12-17,4.52004861831665,4.606669867677706,4.315307927227166,4.346806495087086,10704171
2018-12-18,4.504298686981201,4.575170642225829,4.472800123648588,4.488549405314894,4081108
2018-12-19,4.512173652648926,4.677541302915576,4.433427241924927,4.527922934793726,7787887
2018-12-20,4.4570512771606445,4.496424672917005,4.4176782568968145,4.4885498435687206,5516836
2018-12-21,4.4413018226623535,4.472800387855578,4.417678086513693,4.449176651706917,2347830
2018-12-24,4.433427333831787,4.520048199677621,4.4176780513604985,4.472800352263754,3316672
2018-12-25,4.386179447174072,4.40192872950445,4.354680882513317,4.394053900593006,1461481
2018-12-26,4.3704304695129395,4.457051340622233,4.3546811860846555,4.386179752941223,2217101
2018-12-27,4.346806049346924,4.433427289825466,4.346806049346924,4.425552460921731,1987860
2018-12-28,4.331057071685791,4.378304921954168,4.307432958805335,4.362555638531376,1696358
2018-12-31,4.362555503845215,4.362555503845215,4.315307655035531,4.331056937972092,853090
2019-01-01,4.362555503845215,4.362555503845215,4.362555503845215,4.362555503845215,0
2019-01-02,4.283808708190918,4.441301523550239,4.275933879676707,4.37830439740651,3183610
2019-01-03,4.142065525054932,4.323182090306114,4.134190695873999,4.252310505140332,3202811
2019-01-04,4.197187900543213,4.212937183687196,4.1420655972855345,4.1893134467174855,2027549
2019-01-07,4.244435787200928,4.283809183152475,4.220812050024025,4.228686503918815,2505372
2019-01-08,4.331057071685791,4.37043046798904,4.260185108536958,4.354681184566248,5512097
2019-01-09,4.394054412841797,4.732664585658082,4.291683878013965,4.3310572761762245,33446314
2019-01-10,4.496424674987793,4.590920374255542,4.425552712790717,4.496424674987793,20817702
2019-01-11,4.559422016143799,4.638168435798022,4.504299334639569,4.52792344828211,10612552
2019-01-14,4.543672561645508,4.551547391061586,4.480675428287014,4.496424711626637,3504674
2019-01-15,4.48067569732666,4.583046232927261,4.441302298867181,4.567296948641981,4620266
2019-01-16,4.52004861831665,4.551547561669119,4.4885500504567295,4.512174164097944,3516604
2019-01-17,4.575170993804932,4.622418842434614,4.520048315990707,4.54367242805181,6020458
2019-01-18,4.65391731262207,4.701165160281544,4.590920182409439,4.6066694649625965,11610655
2019-01-21,4.661792278289795,4.79566137166182,4.630293712260204,4.6696667320509295,12771309
2019-01-22,4.724789619445801,4.772037470581154,4.646043200886879,4.6539176549965005,9671541
2019-01-23,4.8901567459106445,4.921655309854312,4.764162490135974,4.779911772107808,16410870
2019-01-24,5.094897747039795,5.157895254567971,4.945279746201388,4.953154199959582,16769645
2019-01-25,5.063399314880371,5.157895390924515,4.929530593511861,5.1263968240739795,11888971
2019-01-28,5.087023735046387,5.181519441306012,5.071274450669783,5.09489818948841,8906787
2019-01-29,5.165770053863525,5.213017906050663,5.08702363355163,5.118522201676388,11467425
2019-01-30,5.307513236999512,5.433507876126379,5.197268256319462,5.197268256319462,12812466
2019-01-31,5.339012145996094,5.512254257441842,5.299638751103071,5.409883731114002,9207298
2019-02-01,5.27601432800293,5.339011831216032,5.150020072561726,5.339011831216032,4799648
2019-02-04,5.236641883850098,5.354761698995635,5.197268486970739,5.283889734809804,4937131
2019-02-05,5.236641883850098,5.394134720382453,5.236641883850098,5.276014905236916,6635630
2019-02-06,5.024026393890381,5.299639047055236,5.008277110152176,5.283889763317031,4564620
2019-02-07,5.016151428222656,5.197268374045874,4.976778407691325,5.055524824246521,6194182
2019-02-08,5.0555243492126465,5.06339880238199,5.000401675057252,5.0082765037190935,1970410
2019-02-11,5.1027727127075195,5.150020562997376,5.047650032956418,5.079148599816323,3551563
2019-02-12,5.0555243492126465,5.228766449355675,5.016150956888437,5.157894868861594,5332403
2019-02-13,4.968903541564941,5.118521919660268,4.9374049751756655,5.10277263646563,3398775
2019-02-14,5.008277416229248,5.039775985630668,4.89803204783171,4.961029562127117,3992114
2019-02-15,4.992527484893799,5.102772463519784,4.976778202232944,5.016151221138823,5656645
2019-02-18,5.094897747039795,5.173644537576884,4.992527595228126,5.024026161245951,10695435
2019-02-19,5.016151428222656,5.118521957490677,4.984652861600578,5.102772674179638,3221737
2019-02-20,5.134270668029785,5.244515638908288,5.024025697151282,5.024025697151282,12019716
2019-02-21,5.283889293670654,5.402009098954654,5.118521641371557,5.142145752625361,15214456
2019-02-22,5.992608070373535,6.386340149889916,5.394134558523576,5.433507954221479,76759800
2019-02-25,6.606831073760986,7.158056377960209,6.008357543037221,6.0634798481616174,70853761
2019-02-26,7.008437633514404,7.449418328328598,6.748574264583123,6.748574264583123,111582137
2019-02-27,7.882524013519287,7.882524013519287,6.850944639968918,7.16593105792391,75439662
2019-02-28,7.882524013519287,8.819606935993612,7.732905258469772,8.307755039421219,87399254
2019-03-01,8.197509765625,8.34712852222839,7.732905338780381,7.882524095383771,58603799
2019-03-04,8.299880027770996,8.386500896539635,8.126637539248664,8.22900806651254,18836879
2019-03-05,8.134511947631836,8.402250120318152,8.000642861288679,8.24475729843944,11674318
2019-03-06,8.425874710083008,8.819607180189552,7.98489476411533,8.142387601960928,30697198
2019-03-07,7.851025104522705,8.630615159522447,7.827400617291172,8.402250373179543,17015222
2019-03-08,8.921977043151855,9.07159579111864,7.866773982276767,7.866773982276767,41115247
2019-03-11,9.158217430114746,9.42595563243907,8.44949852672946,8.953476363515545,49077027
2019-03-12,8.98497486114502,9.331459855909918,8.835356852713648,9.260587891026868,20817173
2019-03-13,9.213338851928711,9.307834546447696,8.945600675299078,8.945600675299078,20487144
2019-03-14,9.339332580566406,9.362957066092426,9.213338328367565,9.292085111484331,8591469
2019-03-15,9.693693161010742,9.803937765374695,9.268462148928961,9.465328372133213,14028717
2019-03-18,9.638569831848145,9.84331087835432,9.551948966473233,9.599196438137723,7220257
2019-03-19,10.181921005249023,10.197669912130369,9.654319482486104,9.662194311419286,9953012
2019-03-20,10.622901916503906,10.961512082808634,10.181921968325048,10.473283907546637,18622392
2019-03-21,10.725272178649902,10.914263580241998,10.473283643193776,10.473283643193776,8468091
2019-03-22,10.52840518951416,10.961511016883774,10.426034666609704,10.930012452219712,7377787
2019-03-25,11.284371376037598,11.457613855395438,10.426034559064442,10.780393595626155,11779735
2019-03-26,10.559904098510742,11.473363254539212,10.355163046025728,11.44973951801711,13367569
2019-03-27,9.796062469482422,10.57565324697674,9.717316434543557,10.3551625467839,15342812
2019-03-28,9.441704750061035,10.040178303694132,9.347209044379776,9.811813493884808,5736983
2019-03-29,10.229168891906738,10.418160288060962,9.221214028099164,9.29208598940326,10134211
2019-04-01,10.504781723022461,10.859140772322394,10.27641693560828,10.27641693560828,6178160
2019-04-02,10.835516929626465,11.103255108998649,10.56777875025428,10.717396747029014,4678494
2019-04-03,10.819767951965332,11.087506148174516,10.7095233424569,10.835517611029438,3837365
2019-04-04,10.489032745361328,10.961512009074127,10.394537042815786,10.882765214793631,3379126
2019-04-05,10.118924140930176,10.796143676245686,10.095299653511525,10.630776019240324,3770665
2019-04-08,10.126798629760742,10.378787915550102,9.796063302337577,10.142548288678546,4230299
2019-04-09,10.323664665222168,10.733146777525654,10.087425793800218,10.087425793800218,6488225
2019-04-10,9.985054969787598,10.504781673088333,9.929931917235828,10.378787411801493,3005947
2019-04-11,10.292166709899902,10.394537244052389,10.079551562802509,10.158297607622428,5555786
2019-04-12,10.103174209594727,10.276416691057452,10.000803686502437,10.229168468482156,1978748
2019-04-15,10.410285949707031,10.575653604956763,10.05592690302476,10.05592690302476,5668078
2019-04-16,10.457533836364746,10.528405798705913,10.347289229154095,10.457533836364746,2337658
2019-04-17,10.418160438537598,10.591402929673755,10.36303813494271,10.567779192559527,1969592
2019-04-18,10.079550743103027,10.370912662311012,9.835436296747668,10.339414096747584,6780293
2019-04-19,9.977180480957031,10.181921538022833,9.945681914561142,10.095299917195346,1622829
2019-04-22,9.772439956665039,10.016554422780597,9.7251924799879,9.91418388866666,1536999
2019-04-23,9.772439956665039,9.772439956665039,9.772439956665039,9.772439956665039,0
2019-04-24,10.103174209594727,10.30004042685259,9.48107699309928,9.748815168727578,8194794
2019-04-25,10.559904098510742,10.890639413760367,10.087425613143454,10.174046481047862,15377056
2019-04-26,9.638569831848145,10.559903790140911,9.488951836930568,10.552028961201822,24228834
2019-04-29,9.51257610321045,9.788189123567324,9.488952366060879,9.70156750237713,4523539
2019-04-30,9.449579238891602,9.68581887006091,9.229089266926621,9.512576373738739,6671524
2019-05-01,9.449579238891602,9.449579238891602,9.449579238891602,9.449579238891602,0
2019-05-02,9.386582374572754,9.748816285876186,9.378707544743632,9.449579511235516,7594210
2019-05-03,8.969225883483887,9.394456918509436,8.937727316111072,9.36295835113662,6175817
2019-05-06,8.46524715423584,8.851104751262282,8.307754334121476,8.717235666418821,4756599
2019-05-07,8.992849349975586,9.323584672905236,8.150262134932701,8.166011042651462,11297995
2019-05-08,8.929852485656738,9.638570626968985,8.858980521328496,9.040097095958373,9601947
2019-05-09,8.260506629943848,9.331459375764476,8.205384327197804,9.008598135578225,10394414
2019-05-10,8.055766105651855,8.50462163936093,7.914022924835659,8.425874843696855,6040221
2019-05-13,7.410044193267822,7.984893930092521,7.394295286620781,7.70140610059568,10821751
2019-05-14,7.417919158935547,7.803776766219291,7.339172371292528,7.480916288655953,7060808
2019-05-15,7.079308986663818,7.70140620265903,7.063560079808064,7.457292514007186,11489479
2019-05-16,6.929691314697266,7.252551805612963,6.819445957634687,7.150181277837367,5927111
2019-05-17,7.071434497833252,7.291925212298139,6.850944534353422,6.898192759163057,6609791
2019-05-20,6.685576915740967,7.118682767090813,6.606830875213306,7.079309371334452,4943505
2019-05-21,6.780072212219238,7.19742913106598,6.709201005249713,6.7564484765627295,15887451
2019-05-22,6.937565803527832,7.213178056181208,6.7564484937407405,6.819445622974942,12122813
2019-05-23,7.386420726776123,7.6541589083904125,7.008437190677998,7.04781058520687,12944637
2019-05-24,7.4257941246032715,7.622660346350038,7.244676810084026,7.449417860937073,11805655
2019-05-27,7.165931224822998,7.480916899129138,7.126557827788459,7.457293161302449,5132891
2019-05-28,7.433668613433838,7.599036278877068,7.126557771171467,7.213178643171224,13298882
2019-05-29,7.795901775360107,7.9848939115815405,7.449417569093328,7.5045398687077,14206620
2019-05-30,7.740780353546143,7.929771760214093,7.646284650212167,7.835276056880118,7786615
2019-05-31,7.685657501220703,7.858899236189399,7.599035882751315,7.717156066759106,4657277
2019-06-03,7.2761759757995605,7.677783281531477,7.244677407760887,7.677783281531477,2779089
2019-06-04,7.2761759757995605,7.27617597579956,7.27617597579956,7.27617597579956,0
2019-06-05,7.2761759757995605,7.27617597579956,7.27617597579956,7.27617597579956,0
2019-06-06,7.2761759757995605,7.27617597579956,7.27617597579956,7.27617597579956,0
2019-06-07,7.630535125732422,7.76440422890186,7.268301214388962,7.284050874048947,10437596
2019-06-10,7.496666431427002,7.811652100400795,7.449418205588397,7.646284436443285,7952896
2019-06-11,7.622661113739014,7.858900002829759,7.512415748107583,7.520290578006638,10839478
2019-06-12,7.480916500091553,7.709281289528629,7.465166841723801,7.6541589872115905,8510095
2019-06-13,7.5675368309021,7.677782178694359,7.473041140359445,7.480915968984248,10328785
2019-06-14,8.000642776489258,8.032141340531144,7.646283743271781,7.6620326498002225,13651729
2019-06-17,8.654239654541016,8.780233926882435,7.945521497127987,7.969145235445727,14098817
2019-06-18,9.74094009399414,9.819686879304166,8.81173133166984,8.819606160397845,24862783
2019-06-19,9.41808032989502,10.166171842311957,9.29996089408684,9.914183312062477,25014638
2019-06-20,9.402331352233887,9.622822083156473,9.331460136207104,9.512576717695179,7913173
2019-06-21,9.276336669921875,9.551949695958454,8.992849565329886,9.362958292897126,16025722
2019-06-24,9.063720703125,9.457453132442488,9.040096216656742,9.418079739313738,4993838
2019-06-25,8.953475952148438,9.260587537937008,8.866855082252458,9.087345047159989,4930782
2019-06-26,9.189715385437012,9.331459306863149,8.921977200958771,8.984974332484821,8143932
2019-06-27,9.882684707641602,10.111049500045143,9.150342105699016,9.276336370337514,25417201
2019-06-28,9.748815536499023,10.063801195600345,9.662194667992422,9.84331123422942,14170749
2019-07-01,9.599197387695312,9.874810419947027,9.567698819808124,9.843311852059838,5186031
2019-07-02,9.236963272094727,9.662195055409242,9.189715796827612,9.622821658696594,6476944
2019-07-03,9.229089736938477,9.74881650138814,9.213340076932065,9.292086874993883,13611207
2019-07-04,8.740860939025879,9.378707105617645,8.520370220044834,9.284211405047941,9126245
2019-07-05,8.81960678100586,9.040096744010116,8.362877196433086,8.725111082575463,17786877
2019-07-08,8.362876892089844,8.890478419031112,8.355002063094297,8.69361220005258,6764043
2019-07-09,7.66990852355957,8.418000084718422,7.638409955226096,8.410126005873883,13231087
2019-07-10,7.89827299118042,7.961270125131175,7.307674297153283,7.638409625887285,21958318
2019-07-11,7.756529808044434,8.150262270361713,7.6935326741524745,8.000643514129505,10491923
2019-07-12,7.6777825355529785,7.835275360444239,7.53603861765833,7.795901966475167,7755196
2019-07-15,7.6777825355529785,7.6777825355529785,7.6777825355529785,7.6777825355529785,0
2019-07-16,7.583287715911865,7.772279127595529,7.488792010070034,7.732905729081821,5350135
2019-07-17,7.6777825355529785,7.748654494500303,7.567537182636583,7.662032877571339,5527054
2019-07-18,7.7092814445495605,7.748654840275627,7.654159141124103,7.7092814445495605,5921164
2019-07-19,7.772278785705566,8.063640720314288,7.732905388923831,7.795902523380576,11457959
2019-07-22,7.882524013519287,8.000643450886741,7.795902391863757,7.82740095856075,10636864
2019-07-23,7.827401161193848,7.929771693355473,7.819527082554559,7.914022785091809,4328629
2019-07-24,7.646284103393555,7.843150325673528,7.591161801470375,7.835275496545919,6411217
2019-07-25,7.630535125732422,7.76440422890186,7.6069113872275524,7.662033694067284,6778050
2019-07-26,7.646284103393555,7.701406405316734,7.614785537868161,7.685657498046558,2493188
2019-07-29,7.575412750244141,7.701407022441823,7.55966384171198,7.662033624633772,5039266
2019-07-30,7.386420726776123,7.575412119332667,7.307673937718378,7.559663212112141,5266894
2019-07-31,7.4257941246032715,7.614785517243758,7.260426468296585,7.39429555916319,8310160
2019-08-01,7.417919158935547,7.512414853516156,7.354922029215141,7.402169501012933,4221363
2019-08-02,7.512414932250977,7.7329048885832705,7.441542972826481,7.441542972826481,13580483
2019-08-05,7.591161727905273,7.662032936411825,7.496666032244839,7.5045401103111,4552619
2019-08-06,7.780153751373291,7.8667746250204855,7.5990364234026755,7.5990364234026755,10153446
2019-08-07,7.756529808044434,7.961270117700763,7.599036222329462,7.874649246345587,11339093
2019-08-08,7.685657501220703,7.795902105112593,7.6226603701438975,7.75652946142837,2920813
2019-08-09,7.929771423339844,8.055765689099296,7.8037771575803925,7.937646252696076,11097972
2019-08-12,7.929771423339844,7.929771423339844,7.929771423339844,7.929771423339844,0
2019-08-13,7.929771423339844,7.929771423339844,7.929771423339844,7.929771423339844,0
2019-08-14,7.929771423339844,7.929771423339844,7.929771423339844,7.929771423339844,0
2019-08-15,7.961269378662109,8.063639899479833,7.811651387303901,7.914021908121624,6396215
2019-08-16,7.835275173187256,8.032141387342639,7.8195262665670295,8.016392480722413,4678241
2019-08-19,7.8746490478515625,8.008518141743844,7.827400823131029,7.8746490478515625,3615780
2019-08-20,7.977019309997559,8.30775461907432,7.827400562518294,7.906147350768963,10761348
2019-08-21,8.417999267578125,8.567618015877377,8.008517918991558,8.024266826136987,12450025
2019-08-22,8.299880027770996,8.488871423803511,8.213259159002357,8.473122516293328,5134942
2019-08-23,8.370752334594727,8.551868908856562,8.307755199983212,8.355002675449308,4789876
2019-08-26,8.512496948242188,8.59124299735331,8.236883898890401,8.268382468731879,5604744
2019-08-27,8.46524715423584,8.662113367125045,8.449497496731901,8.583366581575362,4323279
2019-08-28,8.44162368774414,8.559743118844557,8.417999200736036,8.47312225276992,4099514
2019-08-29,8.654239654541016,8.819607324735403,8.449498586493661,8.457373416261275,6878200
2019-08-30,8.654239654541016,8.654239654541016,8.654239654541016,8.654239654541016,0
2019-09-02,8.858980178833008,8.937726969705546,8.654239123352454,8.701487348072988,6013690
2019-09-03,9.268462181091309,9.386581615029726,8.795982943367544,8.866854904124613,7791020
2019-09-04,9.284211158752441,9.40233059358478,9.197590289941063,9.339333461542859,2985556
2019-09-05,9.284211158752441,9.481077384129707,9.244837763479978,9.315709724773402,3484328
2019-09-06,8.953475952148438,9.331459500117836,8.945601122798331,9.260587537937008,4883508
2019-09-09,8.890478134155273,9.103094004312092,8.874729227653845,9.032222047593153,3591478
2019-09-10,8.929852485656738,9.032223017354744,8.62274089056272,8.906228747875685,5635913
2019-09-11,8.803857803344727,8.945600974369466,8.764484408232558,8.906228330242346,2256521
2019-09-12,8.575492858886719,8.921977077484904,8.575492858886719,8.819606552425546,4469569
2019-09-13,8.732985496520996,8.874729412917844,8.606991237939361,8.677863196137785,4529611
2019-09-16,8.504621505737305,8.780233784260982,8.488871846457906,8.701487740819255,2501441
2019-09-17,8.323503494262695,8.528244542142456,8.268381193289308,8.528244542142456,2825447
2019-09-18,8.284131050109863,8.417999391260494,8.268381391747997,8.315629615848549,2062540
2019-09-19,8.244757652282715,8.51249583645965,8.000643204655203,8.299879954559716,6381375
2019-09-20,7.882524013519287,8.307755039421219,7.8352757879812645,8.276256472724226,5286738
2019-09-23,7.835275173187256,7.9612694300891,7.780152873538952,7.890398223820569,2331114
2019-09-24,7.882524013519287,8.04001684700425,7.874649184098772,7.953395976333787,2677157
2019-09-25,7.9218974113464355,8.000643452613376,7.8588995269537865,7.906147752502006,2632741
2019-09-26,7.772278785705566,7.953396110507522,7.740780218477194,7.937646451400795,3819452
2019-09-27,7.89827299118042,7.953396046626136,7.756529815283757,7.756529815283757,4776688
2019-09-30,7.882524013519287,8.032142017583734,7.866774354678257,7.9770197136102645,3522105
2019-10-01,7.772278785705566,7.929771621847432,7.764403956152203,7.921897543279148,2640556
2019-10-02,7.6620330810546875,7.843150397728405,7.65415900283978,7.795902173513726,3012382
2019-10-03,7.59903621673584,7.788028369257674,7.58328730876698,7.6935326684892935,2903260
2019-10-04,7.66990852355957,7.843151024886233,7.543914250225672,7.638409955226096,4222101
2019-10-07,7.748655319213867,7.961270467700107,7.669908522894456,7.717156750883125,5367291
2019-10-08,7.614786148071289,7.788028647836088,7.54391418221364,7.677783284170289,3518178
2019-10-09,7.740780353546143,7.945521419595636,7.6147860824341755,7.646284650212167,8915816
2019-10-10,7.780153751373291,7.937646590270505,7.669908388652695,7.843150886932177,4113884
2019-10-11,7.732905387878418,7.851025578207658,7.701406820654303,7.795902522326647,2361612
2019-10-14,7.402169227600098,7.717155615552546,7.3312980225211675,7.693531880526236,3322889
2019-10-15,7.378545761108398,7.575411979124049,7.370670932151366,7.4572925487086685,2469239
2019-10-16,7.213178634643555,7.3549225622801995,7.1816800675004195,7.307674336072958,2600390
2019-10-17,7.417919158935547,7.520289682477463,7.2131781118517155,7.2131781118517155,5429054
2019-10-18,7.6069111824035645,7.795902587323943,7.543914047430105,7.685657976612932,2849445
2019-10-21,7.6620330810546875,7.732905041884184,7.441543120351292,7.5832870420102845,2948877
2019-10-22,7.803776741027832,7.874648699480762,7.685657310929629,7.693532139865515,3983286
2019-10-23,8.347128868103027,8.410126004761645,7.914022990336201,7.94552155866551,6250872
2019-10-24,8.189635276794434,8.504621711123516,8.07151583328672,8.386501516630695,4454289
2019-10-25,8.158136367797852,8.410125654935733,8.118763722262782,8.197509764317996,7608829
2019-10-28,8.095138549804688,8.221132807235886,7.874648599300088,8.110888207476092,2213809
2019-10-30,7.953395366668701,8.087264452615493,7.921896802386222,8.04789105951614,3055924
2019-10-31,7.969144344329834,8.095138602582477,7.921896872977601,7.984894002103922,2023784
2019-11-01,7.945521354675293,8.0715156247578,7.890399049260468,8.000643660090118,1580655
2019-11-04,7.969144344329834,8.055765209132272,7.929770950879628,7.969144344329833,2011751
2019-11-05,8.189635276794434,8.331379209791775,7.96914529845365,7.9848949581134026,5728113
2019-11-06,8.229008674621582,8.386501516287119,8.173886367784922,8.33925403928001,3326981
2019-11-07,8.520370483398438,8.851105821107536,8.417999950204184,8.417999950204184,9321818
2019-11-08,8.551868438720703,8.654238964582904,8.347128137981343,8.551868438720703,6309249
2019-11-11,8.520370483398438,8.630615846296502,8.473123007145764,8.520370483398438,3045810
2019-11-12,8.70148754119873,8.827481808603135,8.496746481174037,8.512496140092125,6312874
2019-11-13,8.685737609863281,8.937726887753831,8.528244780547343,8.7014872682874,5249198
2019-11-14,8.520370483398438,8.764484947320902,8.50462157497591,8.638490676000313,2492488
2019-11-15,8.591241836547852,8.756609493618248,8.575492929247597,8.599116665690499,4563188
2019-11-18,8.638490676879883,8.74086121008456,8.614866187766046,8.630615847175271,3732557
2019-11-19,8.662114143371582,8.795983240211585,8.65423931391392,8.685737880759504,5677304
2019-11-20,8.638490676879883,8.8196072541754,8.567618711508562,8.669989244713237,7522398
2019-11-21,8.543994903564453,8.70148774144431,8.520370414643658,8.662114344228073,2946974
2019-11-22,8.46524715423584,8.662113367125045,8.417998932709029,8.575492503808396,5480469
2019-11-25,8.181760787963867,8.551868759600753,8.173885958528597,8.504621284959269,3981641
2019-11-26,8.331378936767578,8.402250900943734,8.063640739206585,8.22113357571744,6052846
2019-11-27,8.543994903564453,8.732986309020282,8.331379009187831,8.410125803620303,11112498
2019-11-28,8.732985496520996,8.811731532642007,8.606991237939361,8.63848980258477,7568432
2019-11-29,8.693612098693848,8.882603486473384,8.677863191871396,8.740860321131242,7553308
2019-12-02,8.914102554321289,9.024347912242087,8.7408608145694,8.748734892932623,12294723
2019-12-03,9.047971725463867,9.292086180420107,8.937727117600138,8.945601196029642,14752941
2019-12-04,9.236963272094727,9.244838101634272,9.047971869056106,9.158217229654507,8253784
2019-12-05,9.29996109008789,9.425955357868018,9.276336601640311,9.307835168585342,6723681
2019-12-06,9.56769847869873,9.709442404630142,9.205464585417955,9.268462469931414,15518866
2019-12-09,9.646445274353027,9.788189200332212,9.544074744588624,9.630695615473087,10396451
2019-12-10,9.544075012207031,9.859061439772516,9.402331082253308,9.733066418155268,10285582
2019-12-11,10.213419914245605,10.410286138300535,9.55982411046204,9.614946412882205,34603912
2019-12-12,10.032302856445312,10.315790707029084,10.00867911922502,10.27641731100522,11950032
2019-12-13,10.055927276611328,10.378787770049394,10.000804222156859,10.103174750732231,15207750
2019-12-16,10.26854133605957,10.339413290799138,10.048051394302565,10.10317369199557,10902737
2019-12-17,10.323664665222168,10.465408588863383,10.197670400201114,10.355163231477432,9941108
2019-12-18,10.205545425415039,10.339414522315902,10.174046858555133,10.268542559134849,6142567
2019-12-19,10.512656211853027,10.764644727467926,10.221293551942033,10.244918038519689,23564923
2019-12-20,10.52840518951416,10.662274277082677,10.441784324434245,10.55990375417822,8378503
2019-12-23,11.174127578735352,11.378868650894534,10.599278511886627,10.599278511886627,28032493
2019-12-24,11.040258407592773,11.410366374882559,11.02450874890722,11.307995846381642,6689042
2019-12-25,11.260748863220215,11.339494907125825,10.937888355941501,11.14262867088416,8533946
2019-12-26,10.914262771606445,11.426115385059989,10.61502603243015,11.402490898372504,10860724
2019-12-27,10.276416778564453,11.134753613275354,10.276416778564453,10.953636301343638,13336597
2019-12-30,10.103174209594727,10.370912385223024,9.922057650190302,10.331538991574448,7289578
2019-12-31,9.985054969787598,10.166171532641172,9.969305311634225,10.095299572921066,2333024
2020-01-02,10.158297538757324,10.25279399347678,10.000804699200058,10.008679528924196,4396669
2020-01-03,10.441784858703613,10.489032332624683,10.032302746134032,10.134673274276427,11616308
2020-01-06,10.394536018371582,10.583527404836426,10.237043196317545,10.347288547247878,9533545
2020-01-07,10.819767951965332,10.914263653394736,10.441785146247716,10.473283713390849,10255726
2020-01-08,10.756770133972168,10.93001261774055,10.394536259357386,10.520530519921653,7339047
2020-01-09,11.323744773864746,11.44973903127317,10.90638860845309,10.914262686302358,11619900
2020-01-10,11.134754180908203,11.426116109665868,11.07175704771655,11.347369317683768,4304077
2020-01-13,11.307995796203613,11.315870625511446,11.15837779428007,11.213500097464788,4716371
2020-01-14,11.693854331970215,11.733226977079724,11.189876514126784,11.315870780841376,8586437
2020-01-15,11.465489387512207,11.898594485995682,11.441864899569975,11.701728259054082,6434377
2020-01-16,11.142627716064453,11.693853731094237,11.048132020884069,11.51273641875973,5557754
2020-01-17,11.300121307373047,11.48911269798507,11.119003994797753,11.244998255205768,4059613
2020-01-20,11.38674259185791,11.599357726358889,11.260748326822506,11.339494366977105,4680693
2020-01-21,11.323744773864746,11.457613860107449,11.260747645160533,11.276496551844081,2732282
2020-01-22,11.19775104522705,11.402491347691306,11.174126557608638,11.355243874424573,2484440
2020-01-23,11.244998931884766,11.410366596367705,11.142628401396747,11.150503230892381,3664219
2020-01-24,11.182002067565918,11.418241701236802,11.16625315917991,11.355244565722579,1972257
2020-01-27,11.071756362915039,11.276496657631947,11.024508140451127,11.142627570133381,1710654
2020-01-28,10.843391418457031,11.158377060197646,10.827641760877496,11.134753324813351,2075212
2020-01-29,10.890640258789062,11.174127372005824,10.835517952298746,10.937888486484407,2696164
2020-01-30,10.851265907287598,10.977260168756272,10.670149344172636,10.780393947465209,2806430
2020-01-31,10.88276481628418,11.087505873128109,10.874890737932537,10.93001304131934,2730774
2020-02-03,11.182002067565918,11.300122259893907,10.953637263580585,11.02450922878036,5072626
2020-02-04,11.244998931884766,11.36311912136405,11.221375194382938,11.268623420371668,3261720
2020-02-05,11.630857467651367,11.693854602465876,11.292247304784565,11.339494780402905,9151232
2020-02-06,12.74905776977539,13.42627659527523,11.654481235342873,11.701728711082357,33461568
2020-02-07,12.43407154083252,13.512898433114215,12.418322632331634,12.890801903119794,17920586
2020-02-10,12.599438667297363,13.150664709779676,11.811973750591278,12.386822779313889,16008308
2020-02-11,12.859301567077637,13.09554043280197,12.615187872233147,12.796304436086475,12209285
2020-02-12,13.01679515838623,13.268783682599551,12.756931805044985,12.875051238023719,8237107
2020-02-13,13.78063678741455,14.04837499372765,13.04041930513891,13.048294134968144,14032233
2020-02-14,13.316031455993652,13.859382662325554,13.134914887873055,13.859382662325554,5416682
2020-02-17,13.213662147521973,13.591644955777982,13.008921084224092,13.583770126193045,3026437
2020-02-18,13.355403900146484,13.568019782299428,13.197911822306226,13.268783783023874,4765230
2020-02-19,13.213662147521973,13.505023332313835,13.040418900593677,13.47352551594425,3192789
2020-02-20,12.552190780639648,13.922380343437698,12.245079935465933,13.205787370052244,11162368
2020-02-21,12.953798294067383,13.07191772947834,12.386822600942613,12.567939919689143,5794117
2020-02-24,12.654560089111328,12.796304004553898,12.441944966932486,12.638810431402147,3004636
2020-02-25,12.528566360473633,13.10341537340501,12.504942623897218,12.756931900990807,7101077
2020-02-26,12.504942893981934,12.686060214273049,12.434070931736935,12.51281772333917,3599934
2020-02-27,11.57573413848877,12.623063169799936,11.544235571824267,12.47344441490474,2658243
2020-02-28,11.182002067565918,11.38674313347969,10.25279394323858,10.426035690410147,2942349
2020-03-02,11.205625534057617,11.930093325898055,11.07175718757315,11.528486784474502,6406735
2020-03-03,11.339494705200195,11.552110597027925,11.276497570803478,11.378868101944414,2906742
2020-03-04,10.961511611938477,11.811973655021198,10.93001304556449,11.331620330071624,5394319
2020-03-05,10.796143531799316,11.213499707805985,10.788268702765127,11.126878841384988,2553868
2020-03-06,10.410285949707031,10.874890350217468,10.307915424934814,10.756770167333356,2372253
2020-03-09,9.607071876525879,10.189795737254622,9.331459605038805,10.142548262592868,3166729
2020-03-10,8.977099418640137,9.961430528183355,8.858979985888967,9.961430528183355,2759584
2020-03-11,8.977099418640137,8.977099418640137,8.977099418640137,8.977099418640137,0
2020-03-12,7.236802101135254,8.260506621412707,7.158056061720096,8.18963466024953,3796456
2020-03-13,7.795901775360107,7.795901775360107,6.732824670166461,7.08718370523101,4225234
2020-03-16,7.016312122344971,7.717156152051698,7.016312122344971,7.717156152051698,3151807
2020-03-17,7.165931224822998,7.402170105060061,6.598956260086861,7.181680133045763,6046999
2020-03-18,7.646284103393555,7.921897114979533,6.97693864724763,7.039935778298418,6143890
2020-03-19,7.370671272277832,7.874649084009031,7.25255183641172,7.480916629808579,3830415
2020-03-20,7.488791465759277,7.874649090980928,7.370671278803528,7.614785731057363,4656091
2020-03-23,7.173805236816406,7.394295957768022,7.03993613873331,7.071434705871387,3598393
2020-03-24,7.835275173187256,7.866773737412717,7.386420445228184,7.402169351848411,6583352
2020-03-25,7.914022445678711,8.410125425961443,7.82740082549574,8.04001671032479,9709922
2020-03-26,8.063640594482422,8.134512557386586,7.701406701516197,7.8431506273245235,7643945
2020-03-27,8.024267196655273,8.61486588608771,8.008518288782644,8.110888818402476,11720622
2020-03-30,8.087265014648438,8.197509621806175,7.890398786455263,7.992768564248859,3426932
2020-03-31,8.425874710083008,8.543994901706025,8.299880439806529,8.504621504498353,3586179
2020-04-01,8.166009902954102,8.386499837139283,8.09513795064834,8.205383293233409,4714738
2020-04-02,8.024267196655273,8.347128444372464,7.977019722052318,8.260506822625262,2206346
2020-04-03,8.040017127990723,8.260507102575462,7.992768900801446,8.071515695788541,3194202
2020-04-06,8.284131050109863,8.386500825521809,8.17388569453194,8.268381391747997,4780137
2020-04-07,8.307754516601562,8.701486951028318,8.292004858751682,8.425873946535582,9907705
2020-04-08,8.496747016906738,8.614866462299709,8.244758466209673,8.347129002676635,4593317
2020-04-09,8.685737609863281,8.795982965876963,8.520369951335283,8.67786353163627,11161804
2020-04-10,8.654239654541016,8.819607324735403,8.622741086455662,8.709362711929213,5322311
2020-04-13,8.504621505737305,8.630615776032139,8.268381873441946,8.38650131409708,4745495
2020-04-14,8.835356712341309,8.929852413689039,8.622740821070103,8.662114217711261,9552121
2020-04-15,8.890478134155273,9.31570912348391,8.42587375209556,8.906227791641706,11345627
2020-04-16,8.874730110168457,9.008598457190159,8.72511135310908,8.94560132294992,6015595
2020-04-17,8.906228065490723,9.142466927171066,8.874729500534341,9.055846061287275,6550117
2020-04-20,8.914102554321289,9.040096819953595,8.827481684445344,8.921977383669573,4325109
2020-04-21,9.095219612121582,9.134593006742506,8.811731771638962,8.851105166259886,6533106
2020-04-22,9.284211158752441,9.481077384129707,9.110968670144633,9.1582168946686,6984422
2020-04-24,9.213338851928711,9.38658133403936,9.197589945001392,9.315709375403866,5325168
2020-04-27,10.040177345275879,10.111049305517787,9.276336191869277,9.292085850138607,12762435
2020-04-28,10.315791130065918,10.678025036567083,9.685819020804967,10.048052927306133,18319911
2020-04-29,10.370912551879883,10.59140250847608,10.315790250477093,10.378787380933149,5775696
2020-04-30,10.402411460876465,10.599277687803736,10.237043800218153,10.449659685772435,8065091
2020-05-04,10.394536018371582,10.630775626945143,10.063800716565598,10.237043196317545,7487117
2020-05-05,10.347289085388184,10.544155310940573,10.331539426871167,10.489032257116067,3104873
2020-05-06,10.583528518676758,10.748896186983508,10.315791068499959,10.394537112321926,15759417
2020-05-07,10.481158256530762,10.67014965422548,10.433910031614554,10.57565395537812,5097836
2020-05-08,10.071676254272461,10.536280675270104,10.01655395042022,10.504782108642384,4152751
2020-05-11,9.84331226348877,10.150423876464265,9.81181369428501,10.063802247915083,3097000
2020-05-12,9.898432731628418,9.97717951549054,9.819686698751283,9.874808996863777,4310468
2020-05-13,10.252793312072754,10.473283272799089,10.118924219599787,10.118924219599787,12924300
2020-05-14,10.221294403076172,10.473283690659406,10.040177830142516,10.260667799665903,15005572
2020-05-15,10.370912551879883,10.55990394324805,10.244918290967771,10.315790250477093,8580820
2020-05-18,10.410285949707031,10.583527683027677,10.394536291595136,10.426034856833894,5319319
2020-05-20,10.473283767700195,10.575654299192497,10.426035541247948,10.528406072740248,6045531
2020-05-21,10.867015838623047,11.11900436789452,10.512656781588774,10.559904255334647,20174879
2020-05-22,10.725272178649902,10.97726071410603,10.630776477853855,10.86701610533651,6824722
2020-05-27,10.88276481628418,11.04813247742965,10.796143946535622,10.835517342234079,8048235
2020-05-28,10.851265907287598,11.032383221387594,10.74889538209804,10.969386090653257,4095002
2020-05-29,11.103256225585938,11.244999407578089,10.646526609309335,10.646526609309335,9342024
2020-06-01,11.134754180908203,11.300121843282561,11.126879351512981,11.22137505130046,9604515
2020-06-02,11.134754180908203,11.331620409878386,11.119004522117757,11.16625274750403,3967498
2020-06-03,11.008758544921875,11.221374420734927,10.953636244222945,11.213499591782215,4649501
2020-06-04,10.741022109985352,11.071757446651029,10.709523542254576,11.02450921956232,4359800
2020-06-05,10.748895645141602,10.874890660678622,10.662274776008388,10.780394211279592,5011874
2020-06-08,10.835516929626465,11.087505450924978,10.717396747029014,10.772519799301836,7989317
2020-06-09,10.922138214111328,10.977260517508874,10.70164824953608,10.91426338477309,5477827
2020-06-10,11.66235637664795,12.016715458104981,11.441865647353929,11.457615307011404,28134868
2020-06-11,11.544235229492188,11.993089978897327,11.49698775638904,11.693853979950598,9984142
2020-06-12,11.84347152709961,11.906468656154527,11.323744836904037,11.45761392389199,9973270
2020-06-15,11.654480934143066,11.890720559690338,11.63085719688386,11.788350030253685,5156505
2020-06-16,12.071836471557617,12.30807608421326,11.764724900006778,11.827722780901972,11311139
2020-06-17,12.583688735961914,12.961671527321924,12.063962022349378,12.119085075994832,14691437
2020-06-18,13.150665283203125,13.63889271174636,12.55219098918906,12.638811863449135,10659298
2020-06-19,12.756932258605957,13.402653250353124,12.678185466497006,13.197912191657903,5822428
2020-06-22,12.796304702758789,13.056168061259086,12.756932058307576,12.882926322915592,2916372
2020-06-23,12.906549453735352,13.30028191054944,12.741182542819097,12.780555187712455,6556655
2020-06-24,12.961670875549316,13.386902620924289,12.914423404497661,12.914423404497661,4408034
2020-06-25,12.906549453735352,13.111290511515094,12.843552320723903,13.079792695994431,3468257
2020-06-26,12.756932258605957,13.04041860744,12.567940107741487,12.969546644738955,5884968
2020-06-29,12.772680282592773,12.961671680506328,12.630937860635196,12.717557979280919,2452110
2020-06-30,12.812053680419922,12.898673794003116,12.7411817225982,12.867175980510144,3631045
2020-07-01,12.764805793762207,12.99317134439729,12.717558318516042,12.835677757616532,3833656
2020-07-02,12.930173873901367,12.993171006581747,12.80417960854061,12.80417960854061,3199511
2020-07-03,12.906549453735352,13.127040170260488,12.882926467587389,12.993171074864891,4588532
2020-07-06,13.024670600891113,13.103415891938605,12.993171282895997,12.993171282895997,4291215
2020-07-07,13.00892162322998,13.237285682774443,12.93017482608801,13.00892162322998,6464203
2020-07-08,13.00892162322998,13.213662695011012,12.98529713349632,13.040419440904632,6323068
2020-07-09,12.930173873901367,13.402653119989273,12.796304779209297,13.048293309930814,13147085
2020-07-10,12.882926940917969,13.048293857909957,12.394698015663664,12.875052111255943,4520336
2020-07-13,13.410528182983398,13.552270607506358,13.056168366750633,13.056168366750633,11589706
2020-07-14,13.914505004882812,14.284612971477355,13.32390632301507,13.442025758994594,25662628
2020-07-16,14.111371040344238,14.434231528552077,13.969627118307606,13.977501947528541,15502382
2020-07-17,13.764886856079102,14.323987747158053,13.74126386902786,14.182243816969864,8323634
2020-07-20,13.489273071289062,13.772760915817692,13.457775256324826,13.772760915817692,4847592
2020-07-21,13.575895309448242,13.977502606838907,13.434151380725636,13.536522663456482,8516480
2020-07-22,13.701889038085938,13.85938261977605,13.583769602803407,13.67039122292998,4806168
2020-07-23,13.835758209228516,13.977502133147484,13.69401428530955,13.717638773286083,4394906
2020-07-24,14.07199764251709,14.19011707056447,13.820007626853988,13.867256599648954,6374577
2020-07-27,14.04837417602539,14.323987196125342,13.985377043028555,14.213741086903285,3047158
2020-07-28,13.859382629394531,14.442106478900184,13.638891915269374,14.087746670836559,9681121
2020-07-29,14.056248664855957,14.213740742547428,13.544396783911026,13.875132099624228,5831879
2020-07-30,13.796385765075684,14.064123958153669,13.788510935635726,14.064123958153669,2115093
2020-08-04,13.087667465209961,14.134995735442608,12.646686034186652,14.01687479736522,3854991
2020-08-05,12.898674011230469,13.21366116328508,12.599438019142655,13.071917245254514,2686258
2020-08-06,11.827723503112793,13.13491515504455,11.772600447836766,12.898674776978844,2965698
2020-08-07,12.363199234008789,12.552190636715645,10.772520468081812,11.709603403075441,3722291
2020-08-10,12.717557907104492,12.79630469794742,12.032463530317205,12.386822587140276,2413782
2020-08-11,13.13491439819336,13.544396495002903,12.75693161743227,12.764804944474326,2994171
2020-08-12,13.071917533874512,13.253034098925818,12.89867429602536,13.22940961140909,1590497
2020-08-13,12.567940711975098,13.17428833681939,12.497068745866716,13.048294064175646,1291448
2020-08-14,12.599438667297363,12.835677541521136,12.323825646056207,12.44194583415316,1797684
2020-08-17,12.536441802978516,12.693935390486427,12.410447533760253,12.552190711138257,1971388
2020-08-18,12.544316291809082,12.945923577272232,12.363198971488716,12.497068066643099,4489888
2020-08-19,12.756932258605957,12.819929391899093,12.536441541094918,12.536441541094918,2755736
2020-08-20,13.426276206970215,14.0483742110906,13.229409978117454,13.386903561987715,17241161
2020-08-21,13.402652740478516,13.662516093173032,13.119164900459017,13.505022514946626,4340553
2020-08-24,13.087667465209961,13.457775432204766,13.07191780653696,13.38690347014638,2621522
2020-08-25,12.985296249389648,13.410528023822154,12.91442428698423,13.079792699920247,2968778
2020-08-26,13.481400489807129,13.741263861010465,12.749057852242226,12.749057852242226,7239459
2020-08-27,13.812135696411133,14.032624917198703,13.583770144058098,13.623142790064401,5218597
2020-08-28,14.142868995666504,14.386984198028737,13.843632992150692,13.938129441769961,7379350
2020-08-31,14.48147964477539,15.056330187661855,14.056249361758596,14.134996155493607,9666370
2020-09-01,14.457856178283691,14.788591499419924,14.142869013795766,14.465731007592902,4877145
2020-09-02,14.316112518310547,14.678345661384563,14.260990214101035,14.426357126729572,1956761
2020-09-03,14.386983871459961,14.796465973898478,14.308237082226388,14.37123421321923,3926481
2020-09-04,14.402732849121094,14.599599061917369,14.253114106844322,14.371233534128086,7399473
2020-09-07,14.040498733520508,14.53660094646005,14.001126090355646,14.410606685968418,2917708
2020-09-08,13.764886856079102,14.347610734209296,13.733389039354051,14.331862576831861,2886926
2020-09-09,13.599519729614258,13.820008949207994,13.544397424715825,13.749136985204247,3563913
2020-09-10,13.678265571594238,13.906629604853686,13.5837691255065,13.670390742589422,3105511
2020-09-11,13.749135971069336,14.0011259922571,13.709763328180339,13.709763328180339,2513722
2020-09-14,13.55226993560791,13.890880076115916,13.426275674298427,13.820008116383075,2105991
2020-09-15,13.520771980285645,13.701888541283278,13.449900021291779,13.568019452291537,2221926
2020-09-16,13.53652286529541,13.646767477292297,13.371154445329887,13.465650899877355,2559008
2020-09-17,13.300281524658203,13.575894536825519,13.221536237156185,13.505022576497636,2871765
2020-09-18,13.694014549255371,13.757011683103585,13.292407257734206,13.379028880014305,4420584
2020-09-21,13.339655876159668,13.780635801247973,13.292406900565483,13.757011313450882,3656335
2020-09-22,13.442026138305664,13.544397420488082,13.347531187643604,13.394778662974634,1999479
2020-09-23,13.386902809143066,13.662515814431199,13.355403493352403,13.544396384156299,2684790
2020-09-24,13.213662147521973,13.402653551649978,13.213662147521973,13.339656416940642,2038483
2020-09-25,13.19003677368164,13.418402310410416,13.174287115568607,13.31603103464577,1975551
2020-09-28,13.237284660339355,13.418402730367571,13.11129039543197,13.213661674400543,2944111
2020-09-29,13.182162284851074,13.394778168954343,13.071917679154613,13.260909075478594,3236292
2020-09-30,13.591643333435059,13.65464046062485,13.229408725616263,13.260908040196153,6635900
2020-10-01,13.512897491455078,13.890880280957436,13.497147833066624,13.780635676178438,5024156
2020-10-02,13.505022048950195,13.709763092791816,13.394777449177793,13.394777449177793,2674674
2020-10-05,13.575895309448242,13.733388897355622,13.544397493048868,13.591644968633014,3506236
2020-10-06,13.694014549255371,13.977502402557406,13.686139719778076,13.804260659967355,9196709
2020-10-07,13.701889038085938,13.843632961213016,13.552270285677341,13.57589477352189,5470928
2020-10-08,13.62314224243164,13.820008468489728,13.57589476872933,13.74126317964258,4312794
2020-10-09,13.757010459899902,13.859381732032256,13.646765860960457,13.662515518514667,3641650
2020-10-12,14.064123153686523,14.284612357512795,13.835757618900681,13.843632447890199,7697958
2020-10-13,14.213741302490234,14.41060753383758,14.10349669356617,14.166493827518513,6269724
2020-10-14,14.473604202270508,14.670470427285977,14.237365333039984,14.260989820751076,7319630
2020-10-15,14.434231758117676,14.9382088205121,14.245240359719766,14.45785624615621,6800530
2020-10-16,14.42635726928711,14.749217770250509,14.260990355024461,14.49722923310543,4258249
2020-10-19,14.57597541809082,14.796466129875109,14.434231496370215,14.544476101277311,4256698
2020-10-20,14.371233940124512,14.76496637684025,14.237364851562358,14.560225329511661,5878825
2020-10-21,14.48147964477539,14.638973232245412,14.402734353010544,14.449981828463486,5385774
2020-10-22,14.449981689453125,14.60747377343789,14.355485237486144,14.568101127934236,4848550
2020-10-23,14.323987007141113,14.63897266796951,14.174368255008833,14.457856100739445,4348719
2020-10-26,14.268865585327148,14.583851265605519,14.03262519864072,14.331862721382823,9178480
2020-10-27,14.166494369506836,14.465731893706451,14.103497233144317,14.229491505869355,5587522
2020-10-28,13.473525047302246,14.190117992934898,13.473525047302246,14.142869017068705,2140182
2020-10-30,13.13491439819336,13.725513056371334,12.725432301383817,13.386902918700754,2905299
2020-11-02,12.969547271728516,13.229410646871594,12.882927147994293,13.07191855701015,4592948
2020-11-03,13.221536636352539,13.59951943486692,12.96954660203949,12.96954660203949,4423765
2020-11-04,14.009001731872559,14.103496681736742,13.316031757007856,13.339656245458976,5558452
2020-11-05,14.544476509094238,14.568100997366786,14.040499441707668,14.095621745706808,5057877
2020-11-06,15.064202308654785,15.150823925022124,14.544475614390837,14.568100101210124,7666456
2020-11-09,15.812295913696289,16.50526439909047,15.111452598676355,15.190199392963692,13971232
2020-11-10,15.954038619995117,16.363520717322547,15.591803994830064,15.812294701537926,7593029
2020-11-11,15.560307502746582,16.237527836482244,15.426438401937679,15.985537792276514,6134875
2020-11-12,15.859542846679688,16.647007758661324,15.702050765465435,15.843794689937349,11186006
2020-11-13,15.749298095703125,16.174529865232763,15.631178660379375,15.92253983404662,10354625
2020-11-16,15.465810775756836,16.347772160002208,15.4343129595178,16.22177789110575,6826392
2020-11-17,15.261070251464844,15.859543800812318,15.205947944625114,15.599680424303434,5890743
2020-11-18,15.27681827545166,15.591803925075087,15.158698844589132,15.213821145526975,3563658
2020-11-19,15.284693717956543,15.450062129377908,15.048454846749006,15.379190167621624,4192494
2020-11-20,15.72567367553711,15.812295296066752,15.37131536804062,15.4500621592521,5401318
2020-11-23,15.709924697875977,16.284773690329192,15.442186522930909,15.828044127535263,7082570
2020-11-24,15.765048027038574,16.048534376326437,15.68630123480356,15.749298368197543,4789471
2020-11-25,15.717798233032227,16.064283199663514,15.717798233032227,15.90679112535479,4056318
2020-11-26,15.741423606872559,15.875292703660145,15.615429339539553,15.7650480952363,2580922
2020-11-27,16.20602798461914,16.694256895617816,15.8280451836996,15.875292658322008,10154800
2020-11-30,15.780797958374023,16.50526425392948,15.686301505666265,16.06428431255698,5249887
2020-12-01,15.906790733337402,16.111530274696005,15.73354750330625,16.080032461398535,4188876
2020-12-02,15.891042709350586,16.06428445522149,15.780798098520936,15.969789503644698,2621150
2020-12-03,16.032785415649414,16.269024278540453,15.85954218102393,15.906791155178185,3953267
2020-12-04,15.9855375289917,16.45801678888661,15.954039712716124,16.11153179803432,3706537
2020-12-07,15.812295913696289,16.09578377234263,15.796546254444786,15.922540524516457,2218935
2020-12-08,15.843794822692871,16.048534379789903,15.76504803044086,15.796545846159583,2229373
2020-12-09,16.379270553588867,16.66275841958355,15.922540937247549,15.9382905969073,8098665
2020-12-10,16.4422664642334,16.88324789000322,16.347771517261368,16.52101325469016,4821591
2020-12-11,17.103736877441406,17.481721166301114,16.284774172513885,16.332021645382568,9104981
2020-12-14,17.087989807128906,17.63921436421586,17.072240147848376,17.497470434631445,4540145
2020-12-15,16.615509033203125,17.292727799077518,16.584009717503363,17.13523572648884,3583160
2020-12-16,16.505264282226562,17.040740677224857,16.36352185587716,16.77300247972571,8160759
2020-12-17,16.552513122558594,16.710005206743634,16.3477720613449,16.521013804539493,3755457
2020-12-18,16.505264282226562,16.8359996143155,16.379270013046984,16.59976073509633,6306398
2020-12-21,16.064285278320312,16.395020629725593,15.922541341722297,16.158781736709074,3291273
2020-12-22,16.284774780273438,16.442266863036792,16.11153153667257,16.22177764677407,3532556
2020-12-23,16.316272735595703,16.694257041795062,16.2532756015575,16.379269869633905,3325553
2020-12-24,16.316272735595703,16.48951598067837,16.080033858444985,16.458016662674193,3595287
2020-12-25,16.48951530456543,16.631259225832054,16.2217771203885,16.300523910199963,2963567
2020-12-28,16.77300262451172,17.48172227222729,16.647008354244548,16.647008354244548,13410676
2020-12-29,16.458017349243164,16.96199594454309,16.39502021257695,16.93049662522488,7579866
2020-12-30,16.599760055541992,16.78875145157451,16.442266474529845,16.568262240521623,4992593
2020-12-31,16.584009170532227,16.72575308256609,16.50526238585008,16.615508485193082,3307090
2021-01-04,16.599760055541992,16.83599892509011,16.536762923531153,16.599760055541992,4287376
2021-01-05,16.4265193939209,16.71000575555262,16.300525121646757,16.61551080233211,3472012
2021-01-06,17.040740966796875,17.3242288282533,16.50526456269927,16.50526456269927,11878189
2021-01-07,17.119487762451172,17.324228828846692,16.88324887920952,17.198234557521786,5417207
2021-01-08,17.16673469543457,17.355727598411114,17.07223974591644,17.29272896277217,4203624
2021-01-11,17.135234832763672,17.51321758962604,16.94624345433249,17.1982319589074,4933590
2021-01-12,17.59196662902832,17.733710556523345,17.276980957911686,17.339978092135013,5166035
2021-01-13,18.867658615112305,19.355887522571646,17.954199435193654,18.032946226973564,15822559
2021-01-14,19.796865463256836,20.395338917851003,19.214141665829093,19.4031330459162,12420333
2021-01-15,19.292890548706055,19.796867617103036,18.88340842964844,19.749620142433354,6758246
2021-01-18,19.27713966369629,19.592125311409617,18.96215401598296,19.13539574673278,3822296
2021-01-19,19.292890548706055,19.733870483553414,19.229893415156432,19.529129424024603,3934284
2021-01-20,19.497631072998047,19.812616732099368,19.29289001908966,19.37163680935752,5424222
2021-01-21,19.68662452697754,20.017359879109573,19.51338277184943,19.670874866883096,7590397
2021-01-22,19.41888427734375,19.92286133176607,19.214143223492158,19.702372121441353,3725539
2021-01-25,19.497631072998047,19.781118917174286,19.37163680935752,19.765369258726693,3545990
2021-01-26,19.922861099243164,20.09610433615646,19.403134392443434,19.48188118177038,7510350
2021-01-27,19.985858917236328,21.05681168416387,19.81261717633869,20.001608576037057,14320392
2021-01-28,20.300846099853516,20.552834632964444,19.261391147815733,19.844116508097425,8319022
2021-01-29,20.631582260131836,21.08831187037438,19.781120175474335,19.781120175474335,7497457
2021-02-01,20.222097396850586,21.041060052072172,20.127600954878485,20.978062924747434,5192704
2021-02-02,20.127601623535156,20.631580160845658,20.0646044941176,20.395339799052287,5215520
2021-02-03,20.694578170776367,20.883569567070246,20.15910179695865,20.15910179695865,6194852
2021-02-04,21.277301788330078,21.38754639281808,20.61583115746188,20.75757507864365,6049052
2021-02-05,21.86002540588379,22.395501768441083,21.088310178419487,21.277301570739105,6387717
2021-02-08,22.96247673034668,23.718443827437127,21.938772944795375,22.049017551924557,8535209
2021-02-09,22.741985321044922,23.986179784907275,22.3325047204856,23.056972478049126,6542229
2021-02-10,22.789234161376953,23.371957995245964,22.42699953374645,22.915228422647548,3866770
2021-02-11,22.175012588500977,22.867982576749856,22.033268658996878,22.804983939663433,3159553
2021-02-12,21.938772201538086,22.521496036860604,21.261551919041885,22.222258539118997,3855270
2021-02-15,22.316753387451172,22.600241206692207,22.127762008613804,22.25375626117205,3237583
2021-02-16,22.411251068115234,23.151468518945062,21.7970293872304,22.64749144704568,5078633
2021-02-17,22.867982864379883,23.308962815740184,22.458500729988796,22.52149786589741,6441650
2021-02-18,22.82073211669922,23.54519987446602,22.663240040123004,23.025473168021367,4621540
2021-02-19,23.608198165893555,24.899641668328684,22.93097934958566,23.056973617827598,14802399
2021-02-22,23.482202529907227,24.17517246684533,23.198714691889815,23.860185312617066,7293724
2021-02-23,22.48999786376953,23.860186654636713,22.22225966879857,23.71844422962575,5421470
2021-02-24,21.293052673339844,22.568745033526433,21.293052673339844,22.22226003978494,3586289
2021-02-25,20.867820739746094,22.04901814010908,20.001609012419205,21.671035332465763,5720442
2021-02-26,20.930816650390625,21.57653761784761,20.001607842793476,20.001607842793476,4218538
2021-03-01,21.686782836914062,21.686782836914062,20.993812923114692,21.167054650579527,3262603
2021-03-02,22.3797550201416,22.757737853927363,21.513543232904865,21.81278076946296,5624121
2021-03-03,22.82073211669922,23.293211350368015,22.253757937478706,22.552993934352568,7008914
2021-03-04,23.592449188232422,23.970433505844774,22.568745353709033,22.726238944545027,7998781
2021-03-05,23.986181259155273,24.616154109913236,23.65544742751931,23.76569203806463,8726234
2021-03-08,23.90743637084961,24.80514593352777,23.702695303542797,24.190922731607333,7672971
2021-03-09,23.434955596923828,23.891685178702506,23.02547348857878,23.70269378299789,5512552
2021-03-10,24.332664489746094,25.104379711614293,24.127923440725336,24.789394060032382,13757393
2021-03-11,23.97043228149414,24.5689057933441,23.844438016048898,24.5689057933441,5250777
2021-03-12,24.159425735473633,24.537408563973266,23.797191065017135,23.92318534118368,4903392
2021-03-15,24.143672943115234,24.773644242216914,23.907434081444617,24.175172259055344,5031099
2021-03-16,24.820894241333008,25.13587990389406,24.143673940349153,24.316915679265204,14314924
2021-03-17,24.175172805786133,24.175172805786133,24.175172805786133,24.175172805786133,50
2021-03-18,22.96247673034668,24.490159081281657,22.946727071622476,24.112176283721496,6623827
2021-03-19,24.915388107299805,25.246124916091095,24.017678632486465,25.183126284344144,36528804
2021-03-22,22.867982864379883,24.58465519338217,22.631742478244934,23.78144208603989,13336140
2021-03-23,25.12013053894043,25.151629856549835,22.316755856419007,22.86798189882255,16645196
2021-03-24,26.93130111694336,27.37227955375042,25.4666158713992,25.513864848460088,16435156
2021-03-25,29.21494483947754,29.435437040957154,27.403776278690792,27.561269850050515,20913876
2021-03-26,28.82121467590332,30.742630990257048,27.860509522666714,29.87641778173914,30222438
2021-03-29,29.892166137695312,30.191403633337103,28.82121341976901,29.057455287030496,13326160
2021-03-30,30.01816177368164,30.947370615398913,29.277945833644264,30.537888498376027,16829966
2021-03-31,29.52993392944336,30.60088668058161,29.482684953737774,29.82917143436498,13069165
2021-04-01,29.356689453125,30.065409039168504,29.13620025032928,29.60867797173156,11313756
2021-04-02,28.97870635986328,29.81342019612655,28.899961075133188,29.514182707060087,6582200
2021-04-05,28.506229400634766,29.21494599384698,28.395984797508873,28.97870712944291,5805582
2021-04-06,28.56922721862793,28.821215760494738,28.19124440582771,28.458982607053745,5615299
2021-04-07,27.93925666809082,28.67947265563646,27.829012053343646,28.521982065392184,4684646
2021-04-08,29.13620376586914,29.34094333546307,28.033751610989803,28.033751610989803,11606909
2021-04-09,28.56922721862793,29.356692162946803,27.92350620460168,29.167702258516883,8489780
2021-04-12,27.95500373840332,28.868462895331568,27.482526003555673,28.427481473250968,6314954
2021-04-13,26.679311752319336,28.19124292405067,26.206831008198137,28.065248659739723,7469715
2021-04-14,27.262033462524414,27.262033462524414,26.254079371542527,26.78955573336169,5325980
2021-04-15,26.348575592041016,27.435278026447392,25.907597157860096,27.403778708594388,7065324
2021-04-16,25.750102996826172,26.78955643121341,25.687104362528657,26.080836815067464,4563175
2021-04-19,24.222421646118164,25.671355748610626,24.222421646118164,25.671355748610626,6828195
2021-04-20,24.159425735473633,25.387872181052806,24.001932139280328,24.206673213543525,9915202
2021-04-21,23.041223526000977,24.411412293872228,22.72623786131278,24.190921577605426,7661415
2021-04-22,23.82868766784668,23.938932271428595,22.615991020565293,22.85223138791664,6296912
2021-04-26,23.560951232910156,23.907436229532856,23.387709485583898,23.686945504051103,5523642
2021-04-27,25.151628494262695,25.151628494262695,23.639695876215036,23.68694334809995,7688151
2021-04-28,23.938932418823242,24.206670602287883,23.560949631097895,23.812938156248126,8893450
2021-04-29,23.608198165893555,24.332665959269796,23.576700349818147,23.970432813566752,4164553
2021-04-30,22.67898941040039,23.639697587413025,22.67898941040039,23.639697587413025,5820173
2021-05-03,22.867982864379883,22.993977136197113,22.379753934610477,22.678989954683846,5531915
2021-05-04,23.230213165283203,23.639695249347437,22.61599003918685,22.978224652619062,9164701
2021-05-05,23.639698028564453,23.92318438765487,23.41920730307618,23.43495696246181,7550644
2021-05-06,23.10422134399414,23.828689145243008,23.056973868382524,23.62394808163244,4997749
2021-05-07,22.91522789001465,23.324709980611264,22.710486844716343,23.151466748913446,3538724
2021-05-10,23.45070457458496,23.702693094875535,22.96247569004443,23.072720292179042,4859927
2021-05-11,23.371957778930664,23.592446983128465,22.993974998617244,23.23021386082062,4110545
2021-05-12,23.419206619262695,23.497953411921348,23.214465559138254,23.356209485529803,1333358
2021-05-17,23.68694305419922,23.986179041717566,23.49795166703447,23.63969558290054,4546847
2021-05-18,24.86814308166504,24.994137353612523,23.812939927627223,23.828689587113207,8301679
2021-05-20,24.946887969970703,25.718603202145058,24.616152655900258,24.726397259933712,7259544
2021-05-21,25.49811553955078,25.671355783272165,25.16737870346388,25.214627681173535,5833900
2021-05-24,26.26982879638672,26.38007339861619,25.59260852104556,25.624107837094012,5899551
2021-05-25,24.694900512695312,26.710808796872698,24.694900512695312,26.380074970477455,9789352
2021-05-26,25.60835838317871,25.60835838317871,24.269667479850707,24.978385574919034,6741285
2021-05-27,25.655607223510742,26.191080578102564,25.21462580944322,25.655607223510742,5688966
2021-05-28,24.899641036987305,25.624108811994347,24.66340066354603,25.624108811994347,4840901
2021-05-31,24.44291114807129,25.072882465508137,24.36416435789916,24.899640728705528,4339324
2021-06-01,24.411413192749023,24.88389245816401,24.33266639818483,24.6634017337783,3147093
2021-06-02,24.584653854370117,24.694899962683245,24.049178979296826,24.0806767945505,4433511
2021-06-03,24.66339874267578,25.29337001884796,24.537404487441343,24.679148400072584,6783646
2021-06-04,24.53740692138672,24.962638701460566,24.4114126536545,24.584654396293764,4947098
2021-06-07,24.616153717041016,24.820894777621938,24.458660131372568,24.72639832582684,4134664
2021-06-08,24.820894241333008,25.198877036406273,24.679150317688002,24.694899976308584,7633733
2021-06-09,24.852392196655273,24.99413612109905,24.74214758963017,24.883891514073945,3266438
2021-06-10,24.490158081054688,25.041382596157614,24.411411292619963,24.931137993531042,4443995
2021-06-11,23.90743637084961,24.63190418517748,23.781442098963907,24.61615452569922,5067396
2021-06-14,23.529449462890625,24.017678339176772,23.434954520364297,24.017678339176772,3860574
2021-06-15,23.24596405029297,23.76569076059882,23.056972655815393,23.51370223462872,3405094
2021-06-16,22.96247673034668,23.308961712428555,22.88372993869578,23.15146812912676,2038463
2021-06-17,22.82073211669922,23.025473168021367,22.64749038187436,22.883729247723718,1724982
2021-06-18,22.993976593017578,23.261714789797043,22.75773621246326,22.930979458597125,2776166
2021-06-21,23.608198165893555,23.655447142961897,22.537246885837053,22.836482897419124,4222535
2021-06-22,24.1279239654541,24.1751729406965,23.797188648607822,23.797188648607822,3119051
2021-06-23,24.568904876708984,24.915388342771475,24.14367312021857,24.206670250590847,5650968
2021-06-24,24.883892059326172,25.0413841439601,24.269668873934414,24.56890638808815,4143935
2021-06-25,25.198877334594727,25.466615526432406,24.805144876241684,24.899641327113272,4579637
2021-06-28,24.568904876708984,25.466614360006446,24.41141129979326,25.356369757347476,3214380
2021-06-29,24.253917694091797,24.521655873348724,23.734190993644834,24.521655873348724,3061462
2021-06-30,23.860185623168945,24.600403042087553,23.860185623168945,24.600403042087553,4510969
2021-07-01,24.53740692138672,24.647651530159873,23.73419233811622,23.90743558272563,3073397
2021-07-02,24.474411010742188,24.60040528477155,24.0964281886541,24.458661350995964,2529394
2021-07-05,24.946887969970703,24.946887969970703,24.458659077020965,24.47440873530291,1956681
2021-07-06,25.041385650634766,25.38787216279901,24.852394236520833,24.931141034560866,2596525
2021-07-07,25.26187515258789,25.340620440134945,24.978385809144154,24.994135467441595,1931090
2021-07-08,24.805145263671875,25.403617287982286,24.75789778848319,25.198877728174605,2226433
2021-07-09,24.679149627685547,24.89964033629866,24.42716110468203,24.805143889187306,1884266
2021-07-12,23.87593650817871,24.616153965128255,23.765691898281815,24.600404306008652,2070585
2021-07-13,23.891685485839844,23.986180433921874,23.59244797898314,23.781440879087437,1648830
2021-07-14,24.64765167236328,24.757897783742642,23.9074357206584,23.954683195838037,2070274
2021-07-16,24.789396286010742,24.89964240044157,24.3956638106854,24.742148809523353,1660750
2021-07-19,25.27762222290039,25.32487119857023,24.63190274375049,24.72639769114995,1369061
2021-07-26,25.183128356933594,25.419367237547085,25.057134087010375,25.356371604555648,2489134
2021-07-27,25.104381561279297,25.277623306921107,24.994136950595436,25.183128355469275,1726049
2021-07-28,24.86814308166504,25.120131625560006,24.6949013332298,25.104381966074023,2273357
2021-07-29,25.38787078857422,25.435116762082508,24.994136819686553,24.994136819686553,3110182
2021-07-30,25.35881805419922,25.562639568078392,25.036099442351805,25.477713532338054,2927686
2021-08-02,25.341833114624023,25.698521177195882,25.32484758311359,25.477714127048593,1725912
2021-08-03,24.951173782348633,25.30786184196587,24.81529277104963,25.290877930425562,2415759
2021-08-04,25.070070266723633,25.205951274687227,24.90021819685445,25.002129762741838,1722536
2021-08-05,24.798309326171875,24.968159783577217,24.64544278062645,24.883233744959817,2103817
2021-08-06,24.84926414489746,25.036100132815385,24.594486030649986,24.86624967647985,3464784
2021-08-09,25.138011932373047,25.138011932373047,24.747352801552697,24.84926437214958,2211003
2021-08-10,25.019115447998047,25.40977458846748,24.9172054947135,25.273893570868417,4050951
2021-08-11,24.441621780395508,25.07007188782174,24.288755231594358,25.019115291668363,2083324
2021-08-12,24.93419075012207,25.002131258167516,24.492576637911906,24.492576637911906,2146161
2021-08-13,25.138011932373047,25.138011932373047,24.832278840411856,24.951174322917,1486163
2021-08-16,25.23992156982422,25.341833139156023,25.087056645570676,25.13801162032186,1830575
2021-08-17,25.324848175048828,25.630581270064944,24.917205128246994,25.22293822326311,3859943
2021-08-18,24.900218963623047,25.54565458124012,24.883233432147204,25.392788037616413,2373668
2021-08-19,24.7133846282959,24.883235094915904,24.577503607068074,24.832280116912855,1957372
2021-08-20,24.900218963623047,24.98514500117282,24.662428002279,24.69639744540125,1763630
2021-08-23,25.307863235473633,26.05521045859819,25.307863235473633,25.83440339812182,8352906
2021-08-24,24.730369567871094,25.324848616529785,24.696398503463993,25.307863084326236,4118338
2021-08-25,24.441621780395508,24.88323427491834,24.39066518424213,24.781324322270567,2045761
2021-08-26,24.186843872070312,24.611472458110153,24.084933918525273,24.45860590796309,1708035
2021-08-27,24.39066505432129,24.54353160230817,23.983022006242596,24.186843530281944,2019663
2021-08-31,24.3566951751709,24.59448613905465,24.3566951751709,24.543531163912338,1690782
2021-09-01,24.50956153869629,24.713383057583705,24.390664437806546,24.390664437806546,1687173
2021-09-02,24.628456115722656,24.628456115722656,24.45860404630316,24.526544550105083,1345911
2021-09-03,25.053085327148438,25.053085327148438,24.407649714171185,24.628456762281516,1932113
2021-09-06,25.036100387573242,25.18896693371135,24.883233841435136,25.121026426519908,1361965
2021-09-07,24.76433753967285,25.00213011689212,24.662427592171316,24.88323301836778,1408217
2021-09-08,24.441621780395508,24.781324322270567,24.424636248344385,24.679412749793304,1105246
2021-09-09,24.492576599121094,24.59448655111312,24.25478401142389,24.37368111518723,1601895
2021-09-10,24.2377986907959,24.526544617879928,24.13588712489671,24.509560706754552,1623445
2021-09-13,24.305740356445312,24.356695331915535,24.101917214905484,24.186843253908837,1280609
2021-09-14,24.203828811645508,24.57750241176351,24.135888304335822,24.305740382524768,2281791
2021-09-15,24.220813751220703,24.356694762517726,24.03397614581523,24.203828219851218,1723692
2021-09-16,24.152873992919922,24.373681048067237,24.033976889484,24.18684343688056,1241364
2021-09-17,23.694272994995117,24.169856522038522,23.643318022054956,24.101916018175178,1639389
2021-09-20,23.72824478149414,23.864125793370587,23.201704645600827,23.35457118891919,1719345
2021-09-21,23.38854217529297,23.9490517524071,23.35457111252027,23.728244703872832,1535719
2021-09-22,23.81317138671875,23.830155298736223,23.43949778523325,23.57537880034989,1153642
2021-09-23,24.016992568969727,24.016992568969727,23.490452427983975,23.83015496096053,1496144
2021-09-24,24.135889053344727,24.135889053344727,23.643319955106243,23.881112547984294,1649448
2021-09-27,24.917203903198242,24.917203903198242,24.169856734308556,24.169856734308556,2477241
2021-09-28,24.645442962646484,25.053086007225318,24.54353139158704,24.934190524180526,2023752
2021-09-29,24.54353141784668,24.832278979689654,24.45860537851119,24.730369028350648,2128849
2021-09-30,24.308574676513672,24.6967725287914,24.216148043577324,24.54888780058322,2551815
2021-10-01,23.809463500976562,24.10523294921199,23.66157877685885,23.846433800543508,2378431
2021-10-04,23.43975257873535,23.79097837109044,23.38429448289636,23.735522038176487,9674707
2021-10-05,22.977611541748047,23.4397517464466,22.977611541748047,23.421265715156665,2298964
2021-10-06,22.792755126953125,22.959125885429792,22.40455727814924,22.86669749039553,2643200
2021-10-07,23.162466049194336,23.162466049194336,22.885182637730473,22.885182637730473,1929927
2021-10-08,22.94063949584961,23.291867038913892,22.94063949584961,23.143982314336817,1776422
2021-10-11,23.05155372619629,23.05155372619629,22.811240610055474,22.94063930223708,1416360
2021-10-12,22.792755126953125,23.14398267549831,22.73729879510257,22.922153822246088,2326327
2021-10-13,22.33061408996582,22.829726346962005,22.312128059056718,22.774268254234695,3775021
2021-10-14,22.071815490722656,22.386070972233174,21.86847443447908,22.256672278525897,3518576
2021-10-15,21.60967445373535,22.145757002254495,21.53573209404047,22.07181464255961,3716375
2021-10-18,21.665132522583008,21.90544563206619,21.46178971144536,21.628160461312557,2578132
2021-10-19,21.94241714477539,21.997873476825283,21.683617990334206,21.683617990334206,2081593
2021-10-20,22.182729721069336,22.219701783475102,21.849988211117306,21.997872934890438,2793723
2021-10-21,22.64487075805664,22.64487075805664,21.73907635083638,22.182730538504465,6091174
2021-10-22,22.811241149902344,22.903669544901586,22.256672542831904,22.55244199648947,2964607
2021-10-25,23.070037841796875,23.107009903847008,22.49698498341944,22.737298097970445,3581693
2021-10-26,23.273380279541016,23.439751030216833,23.088523498140127,23.143981590315345,3930888
2021-10-27,23.458236694335938,23.79097821549355,23.180953268654612,23.27338166485673,3764293
2021-10-28,23.421266555786133,23.532179221656644,23.38429449187927,23.513694952628253,830880
2021-11-01,23.217924118041992,23.73552064160927,22.848210552569004,23.32883677734394,5238606
2021-11-02,23.31035041809082,23.42126483875515,23.125495400883484,23.236408058622903,2909472
2021-11-03,23.199438095092773,23.45823547550218,22.145757253815418,23.310350754432537,4044277
2021-11-04,23.661579132080078,23.71703546372552,23.31035158483395,23.71703546372552,3986407
2021-11-05,23.938861846923828,24.30857365186021,23.680064464930833,23.754006825918108,5401013
2021-11-08,24.34554672241211,24.604345878051674,24.197661994310938,24.271604358361525,5062268
2021-11-09,24.770713806152344,25.177397672345275,24.216146981164187,24.38251597090567,7572611
2021-11-10,24.73374366760254,24.974056782687665,24.12371874581912,24.974056782687665,5366207
2021-11-11,24.844655990600586,25.047998803715668,24.474944188925342,24.65980097122543,3782731
2021-11-12,25.43619728088379,25.473167580525857,24.789200289360338,24.90011471413649,5258297
2021-11-15,26.71170425415039,26.71170425415039,25.6395390891701,25.65802512099649,6028796
2021-11-16,25.972280502319336,27.081415963414187,25.972280502319336,26.711704143049236,5010135
2021-11-17,26.175621032714844,26.452906214567108,25.824395251211953,25.879851582412414,3277930
2021-11-18,26.619274139404297,26.859587248857693,26.009249231916797,26.175619981763372,5862147
2021-11-19,26.988988876342773,27.21081596482881,26.434420273665182,26.7301897249799,4383258
2021-11-22,27.19232940673828,27.266271768134867,26.89655996115193,27.19232940673828,3225600
2021-11-23,28.227523803710938,29.11483212709462,26.98898794679419,27.17384296603666,12385957
2021-11-24,28.375410079956055,29.09634769149945,27.968726194646305,28.430866412476696,6110768
2021-11-25,27.839326858520508,28.449351791014735,27.746898464491842,28.412379728233276,3465432
2021-11-26,27.728412628173828,27.74689865969461,27.00747326518831,27.635984233494916,3729519
2021-11-29,28.634206771850586,28.634206771850586,27.488099271273075,27.728412390205857,5083630
2021-11-30,28.040000915527344,28.940000534057617,27.8799991607666,28.639999389648438,6381168
2021-12-01,28.639999389648438,28.68000030517578,28.100000381469727,28.100000381469727,3047376
2021-12-02,28.600000381469727,29.200000762939453,28.5,28.65999984741211,3829200
2021-12-03,28.420000076293945,28.799999237060547,28.299999237060547,28.639999389648438,4759220
2021-12-06,28.18000030517578,28.579999923706055,28.0,28.5,4226745
2021-12-07,28.3799991607666,28.6200008392334,28.219999313354492,28.239999771118164,5428142
2021-12-08,28.399999618530273,28.6200008392334,28.280000686645508,28.520000457763672,5730634
2021-12-09,29.059999465942383,29.459999084472656,28.420000076293945,28.420000076293945,14561062
2021-12-10,29.459999084472656,29.8799991607666,29.059999465942383,29.260000228881836,12117698
2021-12-13,30.31999969482422,30.780000686645508,30.139999389648438,30.200000762939453,10323729
2021-12-14,30.299999237060547,30.899999618530273,30.100000381469727,30.799999237060547,7260099
2021-12-15,29.68000030517578,30.6200008392334,29.6200008392334,30.6200008392334,7859851
2021-12-16,31.399999618530273,31.399999618530273,29.479999542236328,29.84000015258789,11950830
2021-12-17,28.260000228881836,33.34000015258789,28.260000228881836,32.099998474121094,16246053
2021-12-20,27.440000534057617,29.0,25.5,26.719999313354492,8887985
2021-12-21,25.200000762939453,29.979999542236328,25.040000915527344,28.6200008392334,7827732
2021-12-22,23.920000076293945,25.079999923706055,23.34000015258789,25.059999465942383,9532469
2021-12-23,23.559999465942383,24.639999389648438,22.440000534057617,24.299999237060547,7760397
2021-12-24,24.8799991607666,24.8799991607666,23.559999465942383,23.81999969482422,5600185
2021-12-27,24.68000030517578,25.6200008392334,24.360000610351562,24.940000534057617,5509774
2021-12-28,23.799999237060547,24.940000534057617,23.600000381469727,24.84000015258789,3375268
2021-12-29,24.280000686645508,24.459999084472656,23.440000534057617,23.8799991607666,3508444
2021-12-30,24.100000381469727,24.719999313354492,23.959999084472656,24.68000030517578,2987498
2021-12-31,25.040000915527344,25.040000915527344,23.84000015258789,24.139999389648438,4380325
2022-01-03,26.579999923706055,26.579999923706055,25.3799991607666,25.440000534057617,5717875
2022-01-04,27.059999465942383,27.540000915527344,26.0,26.979999542236328,8570844
2022-01-05,26.920000076293945,27.079999923706055,26.639999389648438,27.079999923706055,4899312
2022-01-06,26.420000076293945,26.860000610351562,26.239999771118164,26.600000381469727,4804148
2022-01-07,26.540000915527344,26.639999389648438,26.0,26.579999923706055,3887486
2022-01-10,27.059999465942383,27.5,26.739999771118164,26.81999969482422,6575359
2022-01-11,26.760000228881836,27.479999542236328,26.739999771118164,27.399999618530273,6544602
2022-01-12,26.739999771118164,27.139999389648438,26.739999771118164,27.020000457763672,4227119
2022-01-13,26.719999313354492,27.15999984741211,26.479999542236328,26.739999771118164,4453884
2022-01-14,27.020000457763672,27.239999771118164,26.799999237060547,26.799999237060547,6599492
2022-01-17,27.100000381469727,27.520000457763672,27.0,27.280000686645508,6771724
2022-01-18,25.719999313354492,27.059999465942383,25.719999313354492,27.059999465942383,5766995
2022-01-19,25.81999969482422,26.0,25.040000915527344,25.68000030517578,7389431
2022-01-20,24.84000015258789,25.920000076293945,24.68000030517578,25.84000015258789,8789709
2022-01-21,25.15999984741211,25.299999237060547,24.559999465942383,24.719999313354492,5013107
2022-01-24,23.520000457763672,25.280000686645508,23.5,25.15999984741211,8985110
2022-01-25,23.6200008392334,23.979999542236328,23.15999984741211,23.65999984741211,4411840
2022-01-26,23.84000015258789,24.1200008392334,23.6200008392334,23.700000762939453,3568964
2022-01-27,24.899999618530273,24.940000534057617,23.299999237060547,23.600000381469727,6023326
2022-01-28,24.399999618530273,25.18000030517578,24.239999771118164,25.020000457763672,5234622
2022-01-31,24.18000030517578,24.639999389648438,24.18000030517578,24.600000381469727,3091680
2022-02-01,24.360000610351562,24.68000030517578,24.200000762939453,24.299999237060547,3653395
2022-02-02,23.920000076293945,24.479999542236328,23.920000076293945,24.399999618530273,3636883
2022-02-03,23.559999465942383,24.100000381469727,23.420000076293945,23.899999618530273,3382171
2022-02-04,23.459999084472656,23.84000015258789,23.299999237060547,23.579999923706055,2482552
2022-02-07,23.8799991607666,23.979999542236328,23.020000457763672,23.459999084472656,3764105
2022-02-08,23.639999389648438,23.979999542236328,23.5,23.940000534057617,3766538
2022-02-09,24.200000762939453,24.260000228881836,23.739999771118164,23.739999771118164,4687515
2022-02-10,24.440000534057617,24.559999465942383,23.899999618530273,24.1200008392334,4965410
2022-02-11,24.440000534057617,24.540000915527344,23.860000610351562,24.18000030517578,4762156
2022-02-14,23.700000762939453,24.15999984741211,23.5,24.15999984741211,5357500
2022-02-15,24.079999923706055,24.260000228881836,23.639999389648438,23.719999313354492,4500784
2022-02-16,23.899999618530273,24.239999771118164,23.780000686645508,24.1200008392334,3768477
2022-02-17,23.559999465942383,24.040000915527344,23.459999084472656,23.940000534057617,4355674
2022-02-18,23.719999313354492,23.81999969482422,23.459999084472656,23.68000030517578,2463464
2022-02-21,23.719999313354492,24.059999465942383,23.3799991607666,23.780000686645508,4595609
2022-02-22,23.200000762939453,23.440000534057617,22.799999237060547,23.079999923706055,5332970
2022-02-23,23.100000381469727,23.3799991607666,23.059999465942383,23.260000228881836,3178692
2022-02-24,20.799999237060547,21.81999969482422,20.799999237060547,20.81999969482422,4000399
2022-02-25,21.860000610351562,22.1200008392334,20.959999084472656,21.299999237060547,6211570
2022-02-28,22.520000457763672,24.040000915527344,21.940000534057617,22.0,9558293
2022-03-01,22.260000228881836,23.020000457763672,22.020000457763672,22.8799991607666,5158101
2022-03-02,22.459999084472656,23.139999389648438,21.959999084472656,22.239999771118164,5120474
2022-03-03,23.299999237060547,23.540000915527344,22.600000381469727,22.600000381469727,6570505
2022-03-04,23.139999389648438,23.3799991607666,22.860000610351562,23.059999465942383,4564534
2022-03-07,22.940000534057617,23.100000381469727,22.440000534057617,22.899999618530273,4849541
2022-03-08,24.239999771118164,24.5,22.600000381469727,22.600000381469727,12453309
2022-03-09,24.15999984741211,24.700000762939453,24.020000457763672,24.600000381469727,7992722
2022-03-10,24.15999984741211,24.579999923706055,23.84000015258789,24.299999237060547,5856632
2022-03-11,24.459999084472656,24.719999313354492,24.020000457763672,24.079999923706055,10483709
2022-03-14,24.84000015258789,25.520000457763672,24.760000228881836,25.1200008392334,14443519
2022-03-15,24.700000762939453,24.940000534057617,24.459999084472656,24.799999237060547,7777287
2022-03-16,24.6200008392334,24.8799991607666,24.459999084472656,24.799999237060547,6726890
2022-03-17,25.079999923706055,25.18000030517578,24.700000762939453,24.780000686645508,8425464
2022-03-18,25.18000030517578,25.360000610351562,25.079999923706055,25.18000030517578,6798760
2022-03-21,25.81999969482422,25.84000015258789,25.299999237060547,25.31999969482422,7545953
2022-03-22,26.200000762939453,26.34000015258789,25.6200008392334,25.84000015258789,8671385
2022-03-23,25.760000228881836,26.34000015258789,25.639999389648438,26.31999969482422,7444294
2022-03-24,25.420000076293945,26.0,25.399999618530273,25.81999969482422,5216564
2022-03-25,25.059999465942383,25.559999465942383,25.040000915527344,25.5,7945878
2022-03-28,25.200000762939453,25.399999618530273,24.940000534057617,25.1200008392334,7726189
2022-03-29,25.540000915527344,25.579999923706055,25.139999389648438,25.360000610351562,11739281
2022-03-30,25.780000686645508,25.979999542236328,25.68000030517578,25.940000534057617,7585498
2022-03-31,25.799999237060547,26.0,25.700000762939453,25.799999237060547,9783923
2022-04-01,25.979999542236328,25.979999542236328,25.600000381469727,25.81999969482422,6429276
2022-04-04,27.360000610351562,27.360000610351562,26.1200008392334,26.239999771118164,20243042
2022-04-05,27.700000762939453,28.399999618530273,27.100000381469727,27.639999389648438,19036753
2022-04-06,27.3799991607666,27.84000015258789,27.15999984741211,27.760000228881836,10288109
2022-04-07,27.6200008392334,27.84000015258789,27.399999618530273,27.479999542236328,8162997
2022-04-08,28.299999237060547,28.31999969482422,27.600000381469727,27.719999313354492,12390505
2022-04-11,29.219999313354492,29.31999969482422,28.260000228881836,28.420000076293945,18054924
2022-04-12,30.860000610351562,31.1200008392334,28.520000457763672,29.200000762939453,23637430
2022-04-13,29.6200008392334,30.639999389648438,29.219999313354492,29.920000076293945,23254551
2022-04-14,29.540000915527344,30.079999923706055,29.399999618530273,29.65999984741211,15615309
2022-04-15,29.540000915527344,29.920000076293945,29.459999084472656,29.6200008392334,8197791
2022-04-18,29.81999969482422,30.18000030517578,29.559999465942383,29.579999923706055,15810708
2022-04-19,30.280000686645508,30.700000762939453,29.760000228881836,30.0,18208439
2022-04-20,30.1200008392334,30.5,29.899999618530273,30.399999618530273,9074895
2022-04-21,30.15999984741211,30.280000686645508,30.0,30.139999389648438,9278224
2022-04-22,28.420000076293945,30.100000381469727,28.399999618530273,30.040000915527344,11558906
2022-04-25,27.760000228881836,28.34000015258789,27.420000076293945,28.040000915527344,11507455
2022-04-26,26.520000457763672,28.040000915527344,26.260000228881836,27.860000610351562,9300758
2022-04-27,26.139999389648438,26.639999389648438,25.780000686645508,26.5,11166728
2022-04-28,26.440000534057617,27.260000228881836,26.31999969482422,26.31999969482422,17745726
2022-04-29,26.139999389648438,26.520000457763672,25.520000457763672,26.459999084472656,11344289
2022-05-05,27.34000015258789,27.799999237060547,26.639999389648438,26.940000534057617,11686427
2022-05-06,27.600000381469727,27.84000015258789,26.760000228881836,27.020000457763672,9988671
2022-05-09,27.459999084472656,28.239999771118164,27.299999237060547,27.639999389648438,10141222
2022-05-10,27.65999984741211,27.760000228881836,27.420000076293945,27.559999465942383,1565914
2022-05-11,26.940000534057617,27.639999389648438,26.479999542236328,27.6200008392334,12044051
2022-05-12,25.360000610351562,26.440000534057617,25.280000686645508,26.399999618530273,12089446
2022-05-13,25.799999237060547,26.059999465942383,25.65999984741211,25.799999237060547,6353254
2022-05-16,25.139999389648438,26.100000381469727,25.079999923706055,25.81999969482422,5901763
2022-05-17,25.5,25.760000228881836,25.1200008392334,25.200000762939453,7577061
2022-05-18,25.459999084472656,25.84000015258789,25.1200008392334,25.360000610351562,4601517
2022-05-20,25.239999771118164,25.68000030517578,25.1200008392334,25.399999618530273,3459767
2022-05-23,24.860000610351562,25.420000076293945,24.639999389648438,25.299999237060547,4695263
2022-05-24,24.5,25.1200008392334,24.5,24.940000534057617,4617855
2022-05-25,25.260000228881836,25.700000762939453,24.65999984741211,24.68000030517578,8896505
2022-05-26,25.739999771118164,25.860000610351562,25.239999771118164,25.299999237060547,7515845
2022-05-27,25.399999618530273,26.139999389648438,25.219999313354492,25.84000015258789,6817082
2022-05-30,26.459999084472656,26.600000381469727,25.899999618530273,26.0,11773660
2022-05-31,26.959999084472656,27.079999923706055,26.479999542236328,26.579999923706055,10405354
2022-06-01,26.860000610351562,27.34000015258789,26.719999313354492,27.040000915527344,6995739
2022-06-02,26.8799991607666,27.059999465942383,26.559999465942383,27.0,7767648
2022-06-03,26.81999969482422,27.18000030517578,26.600000381469727,27.059999465942383,6643834
2022-06-06,27.139999389648438,27.399999618530273,26.959999084472656,26.959999084472656,7185796
2022-06-07,27.280000686645508,27.760000228881836,26.940000534057617,27.15999984741211,9117014
2022-06-08,25.799999237060547,27.600000381469727,25.739999771118164,27.420000076293945,9994574
2022-06-09,26.5,26.5,25.68000030517578,25.81999969482422,8096027
2022-06-10,25.940000534057617,26.700000762939453,25.719999313354492,26.0,7320575
2022-06-13,25.68000030517578,25.959999084472656,25.440000534057617,25.68000030517578,4304034
2022-06-14,25.440000534057617,25.760000228881836,25.239999771118164,25.700000762939453,3429312
2022-06-15,25.360000610351562,25.68000030517578,25.219999313354492,25.440000534057617,4737635
2022-06-16,24.899999618530273,25.520000457763672,24.719999313354492,25.399999618530273,4559123
2022-06-17,25.100000381469727,25.1200008392334,24.719999313354492,25.020000457763672,4877323
2022-06-20,25.299999237060547,25.65999984741211,24.860000610351562,25.360000610351562,5319575
2022-06-21,25.979999542236328,26.18000030517578,25.34000015258789,25.459999084472656,10652198
2022-06-22,25.8799991607666,26.200000762939453,25.65999984741211,25.760000228881836,6860679
2022-06-23,25.420000076293945,26.0,25.3799991607666,25.780000686645508,4564189
2022-06-24,25.540000915527344,25.719999313354492,25.219999313354492,25.479999542236328,6060387
2022-06-27,25.559999465942383,25.780000686645508,24.700000762939453,24.799999237060547,5573957
2022-06-28,25.1200008392334,25.860000610351562,24.860000610351562,25.579999923706055,6288141
2022-06-29,24.399999618530273,25.280000686645508,24.219999313354492,25.1200008392334,5544323
2022-06-30,23.760000228881836,24.34000015258789,23.639999389648438,24.0,8888415
2022-07-01,23.940000534057617,24.100000381469727,23.68000030517578,23.799999237060547,3702223
2022-07-04,23.540000915527344,24.299999237060547,23.479999542236328,24.020000457763672,4005806
2022-07-05,23.1200008392334,23.700000762939453,22.739999771118164,23.540000915527344,5026502
2022-07-06,23.739999771118164,23.760000228881836,23.100000381469727,23.219999313354492,5049022
2022-07-07,23.68000030517578,23.940000534057617,23.600000381469727,23.799999237060547,6002167
2022-07-08,23.899999618530273,23.940000534057617,23.65999984741211,23.68000030517578,2002241
2022-07-13,23.399999618530273,24.219999313354492,23.399999618530273,23.940000534057617,7449017
2022-07-14,23.18000030517578,23.899999618530273,23.059999465942383,23.899999618530273,8565825
2022-07-18,23.459999084472656,23.68000030517578,23.31999969482422,23.520000457763672,5871342
2022-07-19,24.020000457763672,24.280000686645508,23.3799991607666,23.399999618530273,9378283
2022-07-20,24.5,24.760000228881836,24.059999465942383,24.059999465942383,8467117
2022-07-21,24.420000076293945,24.739999771118164,24.239999771118164,24.5,8540229
2022-07-22,24.420000076293945,24.600000381469727,24.200000762939453,24.600000381469727,4998790
2022-07-25,24.5,24.600000381469727,24.34000015258789,24.420000076293945,4653795
2022-07-26,24.200000762939453,24.65999984741211,24.100000381469727,24.540000915527344,4846102
2022-07-27,24.15999984741211,24.34000015258789,23.940000534057617,24.260000228881836,6081182
2022-07-28,24.1200008392334,24.3799991607666,23.940000534057617,24.299999237060547,6046189
2022-07-29,24.15999984741211,24.31999969482422,23.940000534057617,24.139999389648438,6315182
2022-08-01,26.059999465942383,26.5,24.399999618530273,24.479999542236328,22257714
2022-08-02,26.3799991607666,27.299999237060547,25.65999984741211,26.200000762939453,23905510
2022-08-03,26.399999618530273,26.860000610351562,26.280000686645508,26.719999313354492,8858138
2022-08-04,26.799999237060547,27.280000686645508,26.440000534057617,26.559999465942383,12902979
2022-08-05,27.1200008392334,27.459999084472656,26.579999923706055,26.979999542236328,12151806
2022-08-08,28.81999969482422,28.979999542236328,27.540000915527344,27.559999465942383,15997920
2022-08-09,27.959999084472656,28.899999618530273,27.65999984741211,28.84000015258789,9558416
2022-08-10,28.18000030517578,28.280000686645508,27.200000762939453,27.940000534057617,7542754
2022-08-11,28.059999465942383,28.760000228881836,28.059999465942383,28.399999618530273,10981443
2022-08-12,27.739999771118164,28.68000030517578,27.600000381469727,28.18000030517578,11531384
2022-08-15,27.299999237060547,28.239999771118164,27.239999771118164,28.100000381469727,7956509
2022-08-16,27.479999542236328,28.020000457763672,26.280000686645508,27.420000076293945,11588025
2022-08-17,27.979999542236328,28.1200008392334,27.559999465942383,27.700000762939453,9382656
2022-08-18,27.639999389648438,28.020000457763672,26.559999465942383,27.780000686645508,21557911
2022-08-19,28.520000457763672,29.1200008392334,28.260000228881836,28.719999313354492,23516289
2022-08-22,30.020000457763672,30.260000228881836,28.799999237060547,28.799999237060547,23207601
2022-08-23,30.059999465942383,30.700000762939453,29.760000228881836,30.479999542236328,19563491
2022-08-24,30.360000610351562,30.68000030517578,29.84000015258789,30.299999237060547,28065740
2022-08-25,30.239999771118164,30.8799991607666,30.100000381469727,30.520000457763672,20730588
2022-08-26,29.899999618530273,30.3799991607666,29.540000915527344,30.31999969482422,22177906
2022-08-29,29.15999984741211,29.8799991607666,29.15999984741211,29.8799991607666,14524433
2022-08-31,29.68000030517578,30.040000915527344,29.100000381469727,29.139999389648438,23481189
2022-09-01,29.899999618530273,30.479999542236328,29.239999771118164,29.440000534057617,23123582
2022-09-02,32.060001373291016,32.68000030517578,30.020000457763672,30.200000762939453,37508439
2022-09-05,33.18000030517578,33.97999954223633,32.880001068115234,32.900001525878906,27305507
2022-09-06,32.20000076293945,33.380001068115234,31.639999389648438,33.29999923706055,29461742
2022-09-07,34.0,34.63999938964844,31.65999984741211,32.31999969482422,44212952
2022-09-08,32.939998626708984,34.97999954223633,32.400001525878906,34.36000061035156,24576962
2022-09-09,32.63999938964844,33.41999816894531,32.400001525878906,32.959999084472656,34384649
2022-09-12,33.52000045776367,34.08000183105469,32.720001220703125,32.97999954223633,41046918
2022-09-13,30.700000762939453,33.91999816894531,30.700000762939453,33.91999816894531,29229257
2022-09-14,32.08000183105469,32.220001220703125,29.700000762939453,30.639999389648438,18340202
2022-09-15,31.8799991607666,33.29999923706055,31.479999542236328,32.15999984741211,21382521
2022-09-16,32.02000045776367,32.65999984741211,31.780000686645508,32.099998474121094,14626138
2022-09-19,31.059999465942383,33.15999984741211,31.0,32.29999923706055,18457803
2022-09-20,31.299999237060547,32.15999984741211,30.559999465942383,31.579999923706055,10965111
2022-09-21,31.600000381469727,32.08000183105469,31.239999771118164,31.700000762939453,14735635
2022-09-22,32.52000045776367,32.7400016784668,31.6200008392334,31.6200008392334,21663823
2022-09-23,35.7599983215332,35.7599983215332,32.900001525878906,33.13999938964844,35409334
2022-09-26,37.099998474121094,39.31999969482422,36.119998931884766,36.79999923706055,75886477
2022-09-27,36.29999923706055,38.68000030517578,35.5,37.099998474121094,38596919
2022-09-28,37.18000030517578,38.18000030517578,36.29999923706055,36.31999969482422,38261264
2022-09-29,37.720001220703125,38.880001068115234,35.720001220703125,37.599998474121094,34025085
2022-09-30,40.0,40.18000030517578,37.880001068115234,38.0,43494588
2022-10-03,41.31999969482422,42.84000015258789,40.20000076293945,40.900001525878906,35625019
2022-10-04,41.279998779296875,42.959999084472656,40.52000045776367,41.5,41060764
2022-10-05,40.380001068115234,42.2400016784668,40.20000076293945,41.599998474121094,23140535
2022-10-06,41.36000061035156,42.060001373291016,40.5,40.7599983215332,19469087
2022-10-07,43.47999954223633,43.5,41.279998779296875,41.439998626708984,32205983
2022-10-10,42.7599983215332,44.31999969482422,42.459999084472656,43.63999938964844,22391177
2022-10-11,41.400001525878906,43.119998931884766,41.400001525878906,42.79999923706055,15724175
2022-10-12,39.91999816894531,41.52000045776367,39.599998474121094,41.400001525878906,15308385
2022-10-13,40.400001525878906,41.380001068115234,39.97999954223633,40.0,17922333
2022-10-14,40.779998779296875,41.439998626708984,40.400001525878906,40.900001525878906,12374346
2022-10-17,41.63999938964844,42.2599983215332,41.279998779296875,41.31999969482422,17522475
2022-10-18,43.34000015258789,43.70000076293945,41.08000183105469,41.959999084472656,19542692
2022-10-19,44.70000076293945,45.91999816894531,43.560001373291016,43.880001068115234,32185571
2022-10-20,43.68000030517578,45.880001068115234,43.68000030517578,44.7400016784668,20020935
2022-10-21,43.20000076293945,44.380001068115234,43.02000045776367,43.900001525878906,12686459
2022-10-24,46.2599983215332,47.060001373291016,43.400001525878906,43.459999084472656,25544726
2022-10-25,46.52000045776367,48.79999923706055,45.779998779296875,46.599998474121094,29684739
2022-10-26,46.400001525878906,47.97999954223633,46.400001525878906,46.7599983215332,18030297
2022-10-27,47.08000183105469,47.29999923706055,45.619998931884766,46.720001220703125,18766826
2022-10-28,45.65999984741211,47.13999938964844,45.34000015258789,46.84000015258789,7215803
2022-10-31,46.099998474121094,47.2599983215332,44.439998626708984,45.70000076293945,21565630
2022-11-01,46.31999969482422,47.2599983215332,45.91999816894531,46.36000061035156,15479441
2022-11-02,45.599998474121094,46.7599983215332,45.599998474121094,46.400001525878906,12030696
2022-11-03,45.540000915527344,46.099998474121094,45.02000045776367,46.02000045776367,9331841
2022-11-04,45.70000076293945,46.97999954223633,45.599998474121094,45.70000076293945,11254796
2022-11-07,47.20000076293945,47.540000915527344,45.599998474121094,46.0,15270370
2022-11-08,47.099998474121094,48.5,47.040000915527344,47.63999938964844,17227208
2022-11-09,46.34000015258789,48.2400016784668,46.2599983215332,47.18000030517578,13532873
2022-11-10,44.34000015258789,44.900001525878906,42.060001373291016,42.060001373291016,22702798
2022-11-11,43.400001525878906,45.0,43.400001525878906,44.91999816894531,12291964
2022-11-14,43.099998474121094,43.86000061035156,43.0,43.439998626708984,12309962
2022-11-15,42.79999923706055,44.119998931884766,42.34000015258789,43.29999923706055,17848239
2022-11-16,41.439998626708984,43.15999984741211,41.41999816894531,42.97999954223633,11842593
2022-11-17,41.68000030517578,42.439998626708984,39.900001525878906,42.0,10479868
2022-11-18,43.20000076293945,43.41999816894531,41.65999984741211,41.7599983215332,9588729
2022-11-21,44.0,44.18000030517578,43.119998931884766,43.5,11628435
2022-11-22,45.36000061035156,45.560001373291016,44.41999816894531,45.0,11638027
2022-11-23,46.91999816894531,47.400001525878906,44.65999984741211,45.52000045776367,15370549
2022-11-24,49.720001220703125,50.20000076293945,47.31999969482422,47.5,31651406
2022-11-25,50.599998474121094,52.25,49.91999816894531,50.70000076293945,19946327
2022-11-28,52.29999923706055,52.849998474121094,49.720001220703125,51.099998474121094,19013250
2022-11-29,53.599998474121094,54.20000076293945,50.45000076293945,52.79999923706055,18192767
2022-11-30,59.650001525878906,59.650001525878906,53.29999923706055,53.849998474121094,15088677
2022-12-01,62.5,65.5999984741211,60.04999923706055,61.70000076293945,32620146
2022-12-02,65.5999984741211,67.3499984741211,61.95000076293945,63.29999923706055,23921672
2022-12-05,65.19999694824219,68.44999694824219,62.5,68.0,22042786
2022-12-06,66.5999984741211,67.30000305175781,63.099998474121094,64.5,16528021
2022-12-07,63.04999923706055,68.44999694824219,61.0,66.75,17486733
2022-12-08,60.04999923706055,63.54999923706055,57.5,63.099998474121094,23376226
2022-12-09,64.44999694824219,64.8499984741211,60.0,60.0,15655870
2022-12-12,66.3499984741211,67.1500015258789,64.55000305175781,65.19999694824219,11097494
2022-12-13,68.9000015258789,69.80000305175781,64.19999694824219,66.30000305175781,20660656
2022-12-14,66.3499984741211,73.94999694824219,65.9000015258789,69.3499984741211,26717772
2022-12-15,72.44999694824219,72.94999694824219,68.05000305175781,70.30000305175781,24743876
2022-12-16,73.55000305175781,75.0,71.05000305175781,72.55000305175781,9449799
2022-12-19,72.25,74.55000305175781,71.75,72.69999694824219,12951548
2022-12-20,70.1500015258789,71.3499984741211,69.19999694824219,71.19999694824219,11346049
2022-12-21,69.1500015258789,72.5,68.80000305175781,70.0,12146526
2022-12-22,74.0,74.25,69.30000305175781,69.9000015258789,36577944
2022-12-23,71.9000015258789,75.0999984741211,71.6500015258789,74.44999694824219,13822103
2022-12-26,71.3499984741211,73.5999984741211,71.25,73.05000305175781,10458829
2022-12-27,69.5999984741211,72.5,69.44999694824219,72.4000015258789,9120707
2022-12-28,70.5999984741211,71.19999694824219,66.80000305175781,69.69999694824219,17764821
2022-12-29,72.75,74.4000015258789,69.25,69.69999694824219,17651150
2022-12-30,71.25,75.25,70.94999694824219,73.4000015258789,14561689
2023-01-02,73.0,74.0,71.5999984741211,71.5999984741211,11665859
2023-01-03,78.5,80.30000305175781,72.3499984741211,73.80000305175781,31915932
2023-01-04,77.0,81.0999984741211,76.0,78.69999694824219,24028808
2023-01-05,73.3499984741211,79.30000305175781,70.80000305175781,78.0,15392278
2023-01-06,73.5,74.44999694824219,67.3499984741211,70.8499984741211,19497489
2023-01-09,69.19999694824219,74.94999694824219,68.0,74.6500015258789,13206790
2023-01-10,65.5,69.5,64.69999694824219,69.1500015258789,11836659
2023-01-11,59.70000076293945,67.0,59.599998474121094,65.5999984741211,12893233
2023-01-12,63.900001525878906,64.30000305175781,56.849998474121094,61.5,19770935
2023-01-13,62.54999923706055,65.3499984741211,61.150001525878906,63.0,10545105
2023-01-16,66.5,66.6500015258789,62.04999923706055,62.70000076293945,9519186
2023-01-17,67.0,68.5999984741211,65.5999984741211,66.5,13995815
2023-01-18,71.9000015258789,72.1500015258789,67.05000305175781,67.05000305175781,16371643
2023-01-19,71.5999984741211,74.25,71.30000305175781,71.9000015258789,11279471
2023-01-20,71.9000015258789,73.3499984741211,70.75,71.75,8029433
2023-01-23,68.9000015258789,72.80000305175781,68.9000015258789,72.5,10162804
2023-01-24,66.55000305175781,69.5,65.75,69.0,11436947
2023-01-25,65.94999694824219,68.05000305175781,64.1500015258789,67.25,10021071
2023-01-26,69.44999694824219,71.5,65.80000305175781,66.0,19544550
2023-01-27,67.0,71.80000305175781,65.30000305175781,68.69999694824219,18425060
2023-01-30,66.55000305175781,68.4000015258789,65.8499984741211,67.25,10486068
2023-01-31,63.20000076293945,66.5999984741211,62.54999923706055,66.0,10077812
2023-02-01,58.349998474121094,63.95000076293945,57.54999923706055,63.5,10570257
2023-02-02,56.45000076293945,59.900001525878906,52.70000076293945,58.5,17103863
2023-02-03,59.400001525878906,59.400001525878906,54.79999923706055,57.349998474121094,14718693
2023-02-06,58.5,59.29999923706055,54.70000076293945,57.0,2674258
2023-02-07,52.650001525878906,58.25,52.650001525878906,58.0,4694849
2023-02-08,47.5,47.5,47.5,47.5,4785
2023-02-15,57.900001525878906,57.900001525878906,53.5,55.0,2509918
2023-02-16,56.79999923706055,62.0,56.0,61.900001525878906,10088418
2023-02-17,55.349998474121094,58.0,54.849998474121094,55.20000076293945,4442162
2023-02-20,56.349998474121094,57.25,53.5,54.599998474121094,9345499
2023-02-21,59.70000076293945,61.400001525878906,55.70000076293945,55.900001525878906,12354756
2023-02-22,58.599998474121094,63.400001525878906,58.29999923706055,61.0,13490977
2023-02-23,58.599998474121094,60.5,58.099998474121094,58.5,5539990
2023-02-24,56.95000076293945,59.20000076293945,56.900001525878906,58.54999923706055,5055148
2023-02-27,57.099998474121094,58.0,54.45000076293945,57.29999923706055,5893879
2023-02-28,56.0,58.349998474121094,55.79999923706055,57.150001525878906,6846765
2023-03-01,58.0,58.04999923706055,56.400001525878906,56.45000076293945,6126269
2023-03-02,56.5,59.20000076293945,56.29999923706055,58.150001525878906,5333891
2023-03-03,57.29999923706055,59.04999923706055,55.5,56.25,9384116
2023-03-06,60.900001525878906,61.45000076293945,58.400001525878906,58.400001525878906,10537543
2023-03-07,60.849998474121094,63.25,60.29999923706055,62.349998474121094,11611874
2023-03-08,60.5,61.79999923706055,60.099998474121094,60.79999923706055,6631400
2023-03-09,59.95000076293945,62.45000076293945,59.70000076293945,61.099998474121094,5796611
2023-03-10,58.650001525878906,60.25,57.849998474121094,59.79999923706055,6399197
2023-03-13,55.900001525878906,57.75,55.599998474121094,56.70000076293945,7658281
2023-03-14,57.0,58.849998474121094,55.54999923706055,56.5,7686817
2023-03-15,55.099998474121094,57.5,53.849998474121094,57.400001525878906,7409646
2023-03-16,56.099998474121094,56.79999923706055,54.79999923706055,55.70000076293945,6007128
2023-03-17,55.75,57.099998474121094,54.20000076293945,57.0,7424816
2023-03-20,54.20000076293945,55.75,53.150001525878906,55.599998474121094,3922148
2023-03-21,52.400001525878906,54.45000076293945,52.29999923706055,53.900001525878906,3829683
2023-03-22,52.599998474121094,53.20000076293945,51.54999923706055,52.54999923706055,6044580
2023-03-23,53.400001525878906,54.099998474121094,52.400001525878906,52.5,4694545
2023-03-24,52.599998474121094,54.599998474121094,51.79999923706055,53.349998474121094,3691868
2023-03-27,51.79999923706055,53.400001525878906,51.79999923706055,53.099998474121094,2867939
2023-03-28,49.0,51.79999923706055,49.0,51.75,3872133
2023-03-29,49.5,49.619998931884766,47.380001068115234,48.619998931884766,4590678
2023-03-30,49.13999938964844,50.79999923706055,48.65999984741211,49.560001373291016,4003048
2023-03-31,47.31999969482422,48.939998626708984,46.70000076293945,48.65999984741211,4698677
2023-04-03,46.540000915527344,47.2400016784668,45.119998931884766,47.060001373291016,4601358
2023-04-04,47.5,47.5,46.5,46.540000915527344,5597095
2023-04-05,46.880001068115234,48.31999969482422,46.70000076293945,47.7599983215332,5453340
2023-04-06,46.13999938964844,47.400001525878906,45.5,46.63999938964844,3343152
2023-04-07,48.68000030517578,48.70000076293945,45.7599983215332,46.15999984741211,5714390
2023-04-10,51.0,51.0,49.099998474121094,49.2599983215332,5774761
2023-04-11,50.95000076293945,52.45000076293945,50.29999923706055,51.400001525878906,5377497
2023-04-12,50.20000076293945,51.45000076293945,50.0,51.20000076293945,8668332
2023-04-13,48.84000015258789,51.0,48.84000015258789,50.150001525878906,7120485
2023-04-14,49.15999984741211,50.25,49.040000915527344,49.060001373291016,5518945
2023-04-17,48.13999938964844,49.81999969482422,48.13999938964844,49.18000030517578,5018107
2023-04-18,47.939998626708984,48.70000076293945,47.58000183105469,48.18000030517578,3579976
2023-04-19,47.91999816894531,47.939998626708984,47.2400016784668,47.900001525878906,3235766
2023-04-20,47.459999084472656,47.91999816894531,47.0,47.91999816894531,885702
2023-04-24,46.86000061035156,48.13999938964844,46.65999984741211,47.459999084472656,3089457
2023-04-25,45.400001525878906,47.18000030517578,45.20000076293945,46.97999954223633,3944493
2023-04-26,43.5,45.5,43.20000076293945,45.20000076293945,3912620
2023-04-27,43.099998474121094,43.97999954223633,43.02000045776367,43.29999923706055,3097616
2023-04-28,41.29999923706055,43.36000061035156,41.02000045776367,43.15999984741211,4477417
2023-05-02,39.2400016784668,42.0,39.2400016784668,41.29999923706055,4364204
2023-05-03,38.400001525878906,39.220001220703125,37.2599983215332,39.220001220703125,4469434
2023-05-04,39.0,40.540000915527344,38.2599983215332,38.400001525878906,3402303
2023-05-05,38.619998931884766,39.939998626708984,38.29999923706055,39.0,3427674
2023-05-08,40.099998474121094,40.099998474121094,38.18000030517578,38.84000015258789,3086402
2023-05-09,39.97999954223633,40.79999923706055,39.29999923706055,40.20000076293945,3052671
2023-05-10,38.900001525878906,40.18000030517578,38.5,39.97999954223633,2232421
2023-05-11,40.79999923706055,41.599998474121094,37.29999923706055,38.0,9547393
2023-05-12,39.97999954223633,41.31999969482422,38.900001525878906,40.900001525878906,4677000
2023-05-15,38.63999938964844,41.36000061035156,38.0,39.0,5204311
2023-05-16,41.900001525878906,41.900001525878906,38.79999923706055,39.099998474121094,5476434
2023-05-17,41.2599983215332,42.68000030517578,40.79999923706055,42.040000915527344,9237057
2023-05-18,39.400001525878906,41.58000183105469,39.040000915527344,41.41999816894531,5896371
2023-05-22,38.400001525878906,40.0,38.0,39.97999954223633,4889648
2023-05-23,38.70000076293945,39.2599983215332,38.220001220703125,38.459999084472656,4044989
2023-05-24,37.97999954223633,38.84000015258789,37.58000183105469,38.65999984741211,5096952
2023-05-25,38.18000030517578,38.97999954223633,37.63999938964844,38.0,2723502
2023-05-26,40.119998931884766,40.15999984741211,38.18000030517578,38.18000030517578,4542785
2023-05-29,44.119998931884766,44.119998931884766,40.97999954223633,41.900001525878906,10679462
2023-05-30,45.7599983215332,46.47999954223633,44.5,45.15999984741211,7119668
2023-05-31,44.91999816894531,45.97999954223633,43.70000076293945,45.97999954223633,5934187
2023-06-01,47.2400016784668,48.15999984741211,45.380001068115234,45.380001068115234,10065621
2023-06-02,48.15999984741211,49.439998626708984,47.220001220703125,48.400001525878906,7146556
2023-06-05,49.47999954223633,49.779998779296875,48.52000045776367,49.20000076293945,8879437
2023-06-06,49.08000183105469,50.45000076293945,48.380001068115234,49.47999954223633,7705519
2023-06-07,50.70000076293945,51.54999923706055,49.900001525878906,50.79999923706055,8680364
2023-06-08,49.880001068115234,51.29999923706055,48.880001068115234,50.650001525878906,6770490
2023-06-09,51.45000076293945,51.849998474121094,49.599998474121094,49.959999084472656,6694975
2023-06-12,51.5,53.5,51.29999923706055,52.099998474121094,8805670
2023-06-13,49.900001525878906,51.29999923706055,49.540000915527344,51.29999923706055,6502542
2023-06-14,48.099998474121094,50.29999923706055,47.720001220703125,49.880001068115234,7321110
2023-06-15,48.58000183105469,48.779998779296875,47.47999954223633,48.099998474121094,5137736
2023-06-16,48.119998931884766,49.540000915527344,47.779998779296875,48.81999969482422,5012668
2023-06-19,45.779998779296875,48.119998931884766,45.70000076293945,48.099998474121094,4790177
2023-06-20,45.220001220703125,45.91999816894531,44.540000915527344,45.41999816894531,4006982
2023-06-21,45.619998931884766,47.060001373291016,45.13999938964844,45.36000061035156,10630550
2023-06-22,48.0,48.099998474121094,45.0,45.619998931884766,10750107
2023-06-23,50.0,50.599998474121094,49.099998474121094,49.5,8141880
2023-06-26,52.5,52.75,50.04999923706055,50.25,6734510
2023-06-27,57.0,57.25,52.20000076293945,53.0,8423367
2023-07-03,58.79999923706055,60.349998474121094,58.25,58.5,10117619
2023-07-04,57.29999923706055,59.099998474121094,57.25,58.79999923706055,8646667
2023-07-05,57.95000076293945,58.099998474121094,54.95000076293945,57.29999923706055,10469492
2023-07-06,57.25,59.70000076293945,57.150001525878906,58.45000076293945,10275325
2023-07-07,59.29999923706055,59.5,56.849998474121094,57.650001525878906,12261553
2023-07-10,61.45000076293945,62.54999923706055,60.400001525878906,60.400001525878906,11852538
2023-07-11,60.70000076293945,62.5,60.150001525878906,62.20000076293945,7560051
2023-07-12,59.400001525878906,61.0,58.95000076293945,60.54999923706055,8492720
2023-07-13,58.79999923706055,60.79999923706055,58.599998474121094,59.400001525878906,7088125
2023-07-14,60.20000076293945,60.849998474121094,58.54999923706055,59.20000076293945,7714288
2023-07-17,60.099998474121094,62.150001525878906,59.75,60.599998474121094,13737596
2023-07-18,56.04999923706055,60.5,55.95000076293945,60.20000076293945,10804645
2023-07-19,58.349998474121094,58.349998474121094,54.75,56.04999923706055,9392782
2023-07-20,58.25,59.25,57.04999923706055,58.849998474121094,9228868
2023-07-21,57.04999923706055,58.400001525878906,56.04999923706055,58.25,8697408
2023-07-24,60.79999923706055,60.900001525878906,56.599998474121094,57.25,22440149
2023-07-25,59.54999923706055,63.79999923706055,59.20000076293945,60.79999923706055,21166799
2023-07-26,60.0,60.75,58.599998474121094,59.400001525878906,9821160
2023-07-27,62.150001525878906,63.5,60.25,60.400001525878906,20527344
2023-07-28,61.650001525878906,64.4000015258789,60.95000076293945,63.0,17546434
2023-07-31,61.650001525878906,63.900001525878906,61.599998474121094,62.349998474121094,18262656
2023-08-01,60.599998474121094,63.04999923706055,60.599998474121094,61.650001525878906,16901959
2023-08-02,60.29999923706055,62.04999923706055,60.25,60.599998474121094,11564317
2023-08-03,59.150001525878906,61.25,58.849998474121094,60.400001525878906,10443977
2023-08-04,59.599998474121094,60.5,58.5,59.70000076293945,8377978
2023-08-07,62.25,62.70000076293945,60.04999923706055,60.599998474121094,11805339
2023-08-08,60.29999923706055,62.900001525878906,60.0,62.599998474121094,8437954
2023-08-09,59.70000076293945,60.599998474121094,59.20000076293945,60.5,8253516
2023-08-10,57.900001525878906,61.5,57.25,60.25,15300152
2023-08-11,60.0,60.0,56.79999923706055,57.900001525878906,8871954
2023-08-14,58.900001525878906,61.400001525878906,58.70000076293945,60.79999923706055,8419790
2023-08-15,58.849998474121094,59.400001525878906,58.04999923706055,59.29999923706055,5837923
2023-08-16,60.150001525878906,61.25,58.400001525878906,58.849998474121094,12794883
2023-08-17,60.95000076293945,61.79999923706055,59.79999923706055,60.099998474121094,8043648
2023-08-18,58.70000076293945,61.95000076293945,58.25,60.5,12143665
2023-08-21,61.150001525878906,61.45000076293945,57.650001525878906,58.5,9551015
2023-08-22,62.599998474121094,64.94999694824219,61.900001525878906,61.900001525878906,19915989
2023-08-23,61.599998474121094,65.5,61.599998474121094,62.900001525878906,20241116
2023-08-24,59.20000076293945,63.70000076293945,59.04999923706055,62.20000076293945,14574236
2023-08-25,64.4000015258789,64.4000015258789,58.75,60.150001525878906,12259184
2023-08-28,65.9000015258789,68.0,64.5999984741211,66.30000305175781,14164256
2023-08-29,64.3499984741211,66.5,63.5,66.19999694824219,10395630
2023-08-31,68.80000305175781,69.0999984741211,64.5999984741211,65.4000015258789,19166421
2023-09-01,68.0999984741211,68.80000305175781,67.05000305175781,68.80000305175781,9868449
2023-09-04,67.30000305175781,69.9000015258789,66.6500015258789,68.69999694824219,12959071
2023-09-05,66.44999694824219,67.5,65.4000015258789,67.30000305175781,8118549
2023-09-06,65.25,67.5,65.0,66.75,9285998
2023-09-07,68.55000305175781,68.5999984741211,65.4000015258789,65.5,13303405
2023-09-08,69.1500015258789,70.9000015258789,67.44999694824219,68.55000305175781,12122828
2023-09-11,67.30000305175781,70.5,66.5,69.5,10917895
2023-09-12,66.19999694824219,67.5999984741211,65.25,67.30000305175781,8928837
2023-09-13,63.849998474121094,67.19999694824219,63.54999923706055,66.19999694824219,12568725
2023-09-14,65.30000305175781,65.5,61.79999923706055,64.0,8936556
2023-09-15,63.900001525878906,66.4000015258789,63.650001525878906,65.3499984741211,6270979
2023-09-18,60.349998474121094,64.19999694824219,60.349998474121094,63.650001525878906,5672396
2023-09-19,61.04999923706055,61.650001525878906,59.849998474121094,60.5,7270361
2023-09-20,59.5,62.25,59.45000076293945,61.45000076293945,5877970
2023-09-21,61.900001525878906,62.04999923706055,58.400001525878906,59.04999923706055,7468164
2023-09-22,64.0999984741211,64.80000305175781,61.79999923706055,62.04999923706055,6829697
2023-09-25,64.75,65.3499984741211,63.900001525878906,64.4000015258789,7391352
2023-09-26,63.79999923706055,65.8499984741211,63.70000076293945,65.25,9288813
2023-09-27,62.0,64.3499984741211,61.79999923706055,64.0,8571157
2023-09-28,62.150001525878906,64.75,62.0,63.0,19995000
2023-09-29,63.400001525878906,64.0,62.20000076293945,62.349998474121094,9396843
2023-10-02,65.0,65.55000305175781,63.75,63.900001525878906,11227636
2023-10-03,68.25,69.0,65.1500015258789,65.19999694824219,14282730
2023-10-04,68.4000015258789,71.6500015258789,66.44999694824219,68.25,15452378
2023-10-05,70.0,70.5999984741211,66.80000305175781,69.19999694824219,16261150
2023-10-06,68.5,70.44999694824219,68.19999694824219,69.4000015258789,8311175
2023-10-09,64.8499984741211,68.05000305175781,64.0999984741211,66.5,9032564
2023-10-10,67.0,67.69999694824219,65.5999984741211,65.5999984741211,6172295
2023-10-11,67.1500015258789,67.19999694824219,64.9000015258789,66.75,7247278
2023-10-12,67.0,68.8499984741211,63.650001525878906,67.69999694824219,9054714
2023-10-13,65.69999694824219,67.3499984741211,64.6500015258789,67.19999694824219,5367191
2023-10-16,65.5,67.5,65.0999984741211,67.5,5969394
2023-10-17,67.69999694824219,67.80000305175781,65.5,65.5999984741211,6387505
2023-10-18,65.25,67.19999694824219,65.05000305175781,66.0,5231242
2023-10-19,64.5,67.0999984741211,63.150001525878906,66.1500015258789,8195521
2023-10-20,61.5,64.25,60.349998474121094,63.5,5974217
2023-10-23,62.29999923706055,62.95000076293945,60.45000076293945,62.5,5914287
2023-10-24,64.1500015258789,65.4000015258789,63.349998474121094,65.0,5804278
2023-10-25,58.54999923706055,64.8499984741211,58.54999923706055,63.849998474121094,6729909
2023-10-26,60.349998474121094,61.20000076293945,57.849998474121094,60.0,5982706
2023-10-27,61.5,61.5,58.599998474121094,60.0,4116015
2023-10-30,64.19999694824219,64.44999694824219,61.0,61.349998474121094,9792191
2023-10-31,60.95000076293945,64.4000015258789,60.900001525878906,64.0999984741211,5061757
2023-11-01,60.150001525878906,61.349998474121094,59.0,61.20000076293945,5286176
2023-11-02,62.45000076293945,62.45000076293945,60.25,61.0,3772360
2023-11-03,63.349998474121094,63.599998474121094,61.349998474121094,63.599998474121094,3866971
2023-11-06,63.900001525878906,64.80000305175781,63.150001525878906,64.30000305175781,4600983
2023-11-07,63.849998474121094,64.5999984741211,63.20000076293945,63.849998474121094,4240879
2023-11-08,61.900001525878906,63.900001525878906,61.849998474121094,63.849998474121094,7511301
2023-11-09,61.25,62.099998474121094,61.04999923706055,61.79999923706055,3049908
2023-11-10,60.599998474121094,61.70000076293945,60.5,61.5,3545945
2023-11-13,58.45000076293945,61.150001525878906,58.349998474121094,61.0,3645664
2023-11-14,59.29999923706055,59.79999923706055,58.25,58.45000076293945,3318800
2023-11-15,60.150001525878906,60.29999923706055,58.70000076293945,59.54999923706055,3292779
2023-11-16,59.75,60.650001525878906,59.29999923706055,59.900001525878906,3272005
2023-11-17,59.70000076293945,60.400001525878906,59.5,59.75,1896777
2023-11-20,61.79999923706055,61.79999923706055,60.099998474121094,60.150001525878906,3820532
2023-11-21,60.900001525878906,61.900001525878906,60.29999923706055,61.75,4371388
2023-11-22,61.25,61.95000076293945,60.650001525878906,60.900001525878906,3423811
2023-11-23,60.099998474121094,62.70000076293945,60.04999923706055,61.04999923706055,6808671
2023-11-24,59.400001525878906,60.099998474121094,58.75,60.0,4513668
2023-11-27,59.900001525878906,60.349998474121094,59.150001525878906,59.5,3977946
2023-11-28,59.650001525878906,60.400001525878906,59.54999923706055,59.79999923706055,4056285
2023-11-29,58.54999923706055,60.54999923706055,58.5,59.79999923706055,4176439
2023-11-30,59.75,59.75,57.79999923706055,58.5,6396885
2023-12-01,58.5,60.25,58.5,59.70000076293945,2669265
2023-12-04,58.04999923706055,58.849998474121094,57.54999923706055,58.5,2737689
2023-12-05,57.20000076293945,58.599998474121094,57.20000076293945,58.04999923706055,2317878
2023-12-06,54.349998474121094,57.45000076293945,54.349998474121094,57.25,4389884
2023-12-07,54.599998474121094,54.70000076293945,52.95000076293945,54.349998474121094,3556677
2023-12-08,53.349998474121094,55.0,53.349998474121094,54.5,3015485
2023-12-11,51.54999923706055,53.5,51.25,53.349998474121094,3918504
2023-12-12,50.400001525878906,51.650001525878906,50.29999923706055,51.099998474121094,4312345
2023-12-13,48.36000061035156,50.5,48.279998779296875,50.0,4840952
2023-12-14,49.779998779296875,50.20000076293945,48.400001525878906,48.720001220703125,4353442
2023-12-15,51.400001525878906,51.400001525878906,49.29999923706055,49.81999969482422,7335552
2023-12-18,48.08000183105469,51.599998474121094,47.720001220703125,51.0,6285288
2023-12-19,46.52000045776367,48.380001068115234,46.400001525878906,48.08000183105469,8406369
2023-12-20,45.91999816894531,47.2599983215332,45.20000076293945,46.58000183105469,5135709
2023-12-21,47.939998626708984,47.939998626708984,45.36000061035156,45.91999816894531,6515492
2023-12-22,46.15999984741211,48.34000015258789,46.15999984741211,47.939998626708984,4015137
2023-12-25,44.0,46.02000045776367,43.20000076293945,46.02000045776367,3766464
2023-12-26,43.31999969482422,44.70000076293945,42.779998779296875,44.13999938964844,4933389
2023-12-27,43.34000015258789,44.220001220703125,42.540000915527344,43.31999969482422,4888888
2023-12-28,44.720001220703125,44.720001220703125,43.52000045776367,43.81999969482422,4245167
2023-12-29,46.2400016784668,46.380001068115234,44.5,44.720001220703125,4360817
2024-01-02,46.58000183105469,47.099998474121094,46.279998779296875,46.70000076293945,3514688
2024-01-03,44.900001525878906,46.720001220703125,44.900001525878906,46.459999084472656,3903662
2024-01-04,45.880001068115234,45.880001068115234,44.560001373291016,44.900001525878906,2873843
2024-01-05,47.279998779296875,47.29999923706055,45.7400016784668,45.79999923706055,3145703
2024-01-08,48.0,48.720001220703125,47.400001525878906,47.400001525878906,3579222
2024-01-09,46.81999969482422,48.560001373291016,46.7400016784668,48.279998779296875,4085056
2024-01-10,48.63999938964844,48.79999923706055,46.619998931884766,46.81999969482422,4046921
2024-01-11,48.380001068115234,48.939998626708984,47.779998779296875,48.63999938964844,2869687
2024-01-12,48.439998626708984,49.18000030517578,47.18000030517578,48.18000030517578,4927583
2024-01-15,48.439998626708984,49.220001220703125,48.099998474121094,48.599998474121094,4669562
2024-01-16,48.540000915527344,49.220001220703125,47.900001525878906,48.70000076293945,3693069
2024-01-17,48.36000061035156,48.720001220703125,47.86000061035156,48.36000061035156,3836413
2024-01-18,48.70000076293945,49.2400016784668,48.29999923706055,48.560001373291016,3586230
2024-01-19,48.599998474121094,49.0,48.2599983215332,48.79999923706055,3245884
2024-01-22,48.81999969482422,50.20000076293945,48.400001525878906,48.52000045776367,5611744
2024-01-23,47.779998779296875,49.63999938964844,47.63999938964844,49.29999923706055,5627959
2024-01-24,48.63999938964844,49.459999084472656,47.63999938964844,47.959999084472656,5283964
2024-01-25,50.0,50.0,48.959999084472656,48.959999084472656,5387373
2024-01-26,50.599998474121094,50.70000076293945,49.63999938964844,50.150001525878906,6214661
2024-01-29,55.650001525878906,55.650001525878906,50.45000076293945,50.79999923706055,28250150
2024-01-30,61.20000076293945,61.20000076293945,54.75,55.650001525878906,38219001
2024-01-31,61.45000076293945,66.0999984741211,60.70000076293945,61.20000076293945,33334919
2024-02-01,64.9000015258789,65.69999694824219,61.150001525878906,61.599998474121094,16528363
2024-02-02,67.19999694824219,68.3499984741211,63.400001525878906,65.5,19506276
2024-02-05,65.75,67.55000305175781,65.69999694824219,67.19999694824219,10901177
2024-02-06,72.30000305175781,72.30000305175781,72.30000305175781,72.30000305175781,6502783
2024-02-07,79.4000015258789,79.5,74.5,77.75,57156175
2024-02-08,77.55000305175781,81.44999694824219,77.55000305175781,79.4000015258789,22916956
2024-02-09,81.5999984741211,84.0,75.55000305175781,78.30000305175781,32694129
2024-02-12,89.75,89.75,81.25,83.80000305175781,45156522
2024-02-13,87.0,94.75,85.9000015258789,90.9000015258789,31980275
2024-02-14,82.94999694824219,88.4000015258789,82.8499984741211,87.19999694824219,29248378
2024-02-15,82.6500015258789,86.6500015258789,80.3499984741211,83.0999984741211,36770195
2024-02-16,79.5999984741211,83.8499984741211,79.0,82.8499984741211,11499068
2024-02-19,82.0,87.55000305175781,78.5999984741211,79.75,41740660
2024-02-20,83.0,86.4000015258789,82.0999984741211,82.5,23630241
2024-02-21,91.30000305175781,91.30000305175781,82.4000015258789,83.19999694824219,42412666
2024-02-22,95.55000305175781,98.69999694824219,88.19999694824219,88.4000015258789,32156618
2024-02-23,92.5999984741211,96.0,89.80000305175781,95.55000305175781,19423249
2024-02-26,90.0999984741211,93.0999984741211,89.30000305175781,92.05000305175781,15020319
2024-02-27,84.75,90.0999984741211,84.5,90.0999984741211,7444116
2024-02-28,84.44999694824219,86.94999694824219,82.5999984741211,84.75,11515278
2024-02-29,83.05000305175781,87.0,83.05000305175781,84.5,10667087
2024-03-01,80.1500015258789,84.44999694824219,79.5,84.0,7414310
2024-03-04,76.5,81.5,76.5,80.1500015258789,7146319
2024-03-05,76.0,77.69999694824219,74.75,76.5,7188129
2024-03-06,74.0,77.3499984741211,73.5999984741211,76.0,7374377
2024-03-07,76.30000305175781,77.4000015258789,73.80000305175781,73.94999694824219,13883057
2024-03-08,77.80000305175781,81.8499984741211,74.30000305175781,76.5,24456678
2024-03-11,76.80000305175781,80.5,75.75,78.80000305175781,5464181
2024-03-12,84.44999694824219,84.44999694824219,78.5,80.1500015258789,35262551
2024-03-13,82.0999984741211,88.5,81.55000305175781,84.80000305175781,27621929
2024-03-14,81.0,85.75,79.25,81.0999984741211,16918042
2024-03-15,80.1500015258789,81.6500015258789,78.8499984741211,80.25,3179793
2024-03-18,75.55000305175781,79.75,75.55000305175781,79.75,5829960
2024-03-19,77.0,77.19999694824219,75.0,75.4000015258789,2698963
2024-03-20,78.0,78.0999984741211,76.0,77.0,2642935
2024-03-21,85.80000305175781,85.80000305175781,77.05000305175781,78.19999694824219,37815261
2024-03-22,83.0,92.4000015258789,83.0,86.69999694824219,43954773
2024-03-25,79.5,85.30000305175781,79.5,83.0,13137339
2024-03-26,78.0999984741211,80.94999694824219,76.30000305175781,79.94999694824219,6615142
2024-03-27,78.5,80.75,77.5,78.3499984741211,4233020
2024-03-28,85.0,86.3499984741211,79.5999984741211,79.5999984741211,19683889
2024-03-29,83.44999694824219,90.44999694824219,83.0,85.0,23489947
2024-04-01,85.80000305175781,88.80000305175781,81.19999694824219,84.0999984741211,15262001
2024-04-02,82.0,87.5,81.9000015258789,86.05000305175781,12932899
2024-04-03,90.19999694824219,90.19999694824219,81.5,82.0,37868355
2024-04-04,84.75,91.9000015258789,84.4000015258789,91.30000305175781,24824271
2024-04-05,86.25,87.25,85.19999694824219,85.25,10990703
2024-04-08,88.0999984741211,90.75,87.3499984741211,88.8499984741211,9077615
2024-04-15,86.19999694824219,89.5,85.94999694824219,87.5,7395592
2024-04-16,86.80000305175781,89.5999984741211,83.4000015258789,85.25,11507158
2024-04-17,88.1500015258789,89.9000015258789,87.19999694824219,88.1500015258789,8947461
2024-04-18,91.55000305175781,92.80000305175781,86.25,88.69999694824219,17376474
2024-04-19,87.19999694824219,92.19999694824219,86.69999694824219,90.0999984741211,16884766
2024-04-22,86.8499984741211,88.75,86.30000305175781,88.19999694824219,5388592
2024-04-24,86.30000305175781,88.1500015258789,86.19999694824219,87.25,4091992
2024-04-25,84.5,86.9000015258789,84.30000305175781,86.44999694824219,6428761
2024-04-26,84.44999694824219,87.0,83.8499984741211,85.0,11062015
2024-04-29,86.0,88.0999984741211,84.05000305175781,84.5,11968838
2024-04-30,83.5,87.25,83.3499984741211,86.25,6211706
2024-05-02,87.55000305175781,88.3499984741211,83.9000015258789,84.05000305175781,10738951
2024-05-03,96.30000305175781,96.30000305175781,86.44999694824219,87.3499984741211,35795971
2024-05-06,98.5,100.5999984741211,94.30000305175781,97.1500015258789,22110845
2024-05-07,94.19999694824219,103.0,92.69999694824219,98.5,27115881
2024-05-08,103.0,103.5999984741211,92.3499984741211,94.94999694824219,25638684
2024-05-09,102.80000305175781,107.30000305175781,101.0999984741211,103.0,14902543
2024-05-10,102.0,105.19999694824219,100.4000015258789,103.80000305175781,15669096
2024-05-13,97.9000015258789,102.69999694824219,97.9000015258789,102.30000305175781,5076704
2024-05-14,99.5,100.9000015258789,97.80000305175781,98.19999694824219,5770824
2024-05-15,97.80000305175781,100.30000305175781,97.5,100.0,3671867
2024-05-16,95.80000305175781,99.0,94.55000305175781,97.80000305175781,10192147
2024-05-17,97.55000305175781,99.44999694824219,95.9000015258789,96.30000305175781,6730583
2024-05-20,100.30000305175781,101.5,97.5,97.55000305175781,6979082
2024-05-21,96.0,102.4000015258789,96.0,101.0,10119228
2024-05-22,95.75,97.30000305175781,95.4000015258789,96.5,4566803
2024-05-23,91.69999694824219,97.0999984741211,91.0,95.75,6691255
2024-05-24,90.5,93.4000015258789,89.75,91.9000015258789,4962587
2024-05-27,89.9000015258789,92.0,89.0,91.30000305175781,4513634
2024-05-28,89.44999694824219,90.75,89.0,90.30000305175781,4262812
2024-05-29,86.5,91.3499984741211,86.5,89.5999984741211,7562569
2024-05-30,86.5,86.94999694824219,85.3499984741211,86.5,3820280
2024-05-31,83.69999694824219,88.0999984741211,83.69999694824219,86.5999984741211,11626685
2024-06-03,86.0,86.0,82.6500015258789,84.44999694824219,6057438
2024-06-04,86.55000305175781,87.55000305175781,85.25,86.19999694824219,3404803
2024-06-05,85.30000305175781,86.9000015258789,83.9000015258789,86.44999694824219,2834436
2024-06-06,82.94999694824219,87.5,82.75,85.6500015258789,5605001
2024-06-07,82.69999694824219,84.5999984741211,81.4000015258789,83.19999694824219,2798540
2024-06-10,80.9000015258789,82.80000305175781,80.55000305175781,82.80000305175781,2295918
2024-06-11,81.6500015258789,81.80000305175781,80.05000305175781,80.4000015258789,2386828
2024-06-12,83.80000305175781,85.0,81.5,81.80000305175781,3667528
2024-06-13,86.69999694824219,87.30000305175781,85.25,85.5,2934235
2024-06-14,87.69999694824219,88.55000305175781,87.0,88.0999984741211,2213703
2024-06-20,87.44999694824219,89.0,86.4000015258789,88.19999694824219,2684230
2024-06-21,87.55000305175781,88.75,85.69999694824219,87.0,4295937
2024-06-24,82.75,88.0,82.1500015258789,87.5,11157662
2024-06-25,80.55000305175781,83.05000305175781,79.0,82.75,4949121
2024-06-26,79.5999984741211,81.3499984741211,79.0,80.75,2803502
2024-06-27,80.4000015258789,80.4000015258789,78.19999694824219,79.69999694824219,3394577
2024-06-28,78.75,81.3499984741211,78.4000015258789,80.6500015258789,3474701
2024-07-01,76.0,79.4000015258789,75.25,79.0,3967318
2024-07-02,76.19999694824219,76.75,74.0,76.0999984741211,3475717
2024-07-03,76.8499984741211,77.4000015258789,75.0999984741211,76.5,2946775
2024-07-04,80.0,80.0,76.8499984741211,76.8499984741211,3189888
2024-07-05,79.0,80.0,78.44999694824219,80.0,3075159
2024-07-08,77.69999694824219,80.4000015258789,77.0999984741211,80.0999984741211,5536505
2024-07-09,77.05000305175781,78.94999694824219,77.0,77.8499984741211,2845825
2024-07-10,76.0999984741211,77.44999694824219,76.0999984741211,77.19999694824219,2330672
2024-07-11,78.5999984741211,78.5999984741211,76.5999984741211,76.80000305175781,3079550
2024-07-12,78.0,79.4000015258789,77.9000015258789,78.30000305175781,2939502
2024-07-16,76.5,78.94999694824219,75.94999694824219,78.44999694824219,4685805
2024-07-17,78.19999694824219,79.3499984741211,76.0999984741211,76.5,4798182
2024-07-18,77.9000015258789,80.5999984741211,77.3499984741211,80.0,8587649
2024-07-19,76.19999694824219,78.0,76.0999984741211,77.9000015258789,4449901
2024-07-22,75.0999984741211,77.9000015258789,75.0999984741211,76.55000305175781,8150994
2024-07-23,76.05000305175781,77.0,75.3499984741211,75.3499984741211,6521229
2024-07-24,74.3499984741211,77.25,74.3499984741211,76.5,7782846
2024-07-25,73.0,74.75,72.6500015258789,74.4000015258789,3440347
2024-07-26,75.30000305175781,76.8499984741211,72.75,73.0999984741211,7774810
2024-07-29,72.9000015258789,75.5,72.30000305175781,74.5,6211725
2024-07-30,71.69999694824219,73.3499984741211,71.69999694824219,72.94999694824219,4415300
2024-07-31,70.6500015258789,71.75,70.1500015258789,71.5,3984544
2024-08-01,72.30000305175781,73.1500015258789,71.05000305175781,71.05000305175781,3407933
2024-08-02,71.4000015258789,73.25,70.55000305175781,71.5,3921906
2024-08-05,66.3499984741211,68.30000305175781,65.0,65.5,4952868
2024-08-06,67.5,69.4000015258789,66.69999694824219,67.94999694824219,5063274
2024-08-07,68.75,70.05000305175781,67.0999984741211,68.0,5378346
2024-08-08,70.9000015258789,72.4000015258789,68.94999694824219,69.0,6616021
2024-08-09,69.0,72.9000015258789,68.8499984741211,72.5,5672951
2024-08-12,67.80000305175781,70.0999984741211,66.55000305175781,70.0,4744193
2024-08-13,68.44999694824219,68.55000305175781,66.0999984741211,67.9000015258789,2672749
2024-08-14,67.80000305175781,70.0,67.44999694824219,68.9000015258789,2906562
2024-08-15,69.75,69.75,66.80000305175781,68.5999984741211,3715733
2024-08-16,69.0,70.44999694824219,68.6500015258789,69.75,2753207
2024-08-19,70.05000305175781,70.05000305175781,67.9000015258789,69.0,4004327
2024-08-20,70.80000305175781,71.6500015258789,69.55000305175781,70.05000305175781,3650922
2024-08-21,70.1500015258789,71.44999694824219,69.94999694824219,70.69999694824219,2698931
2024-08-22,72.19999694824219,73.0,70.25,70.25,6207585
2024-08-23,67.69999694824219,72.19999694824219,67.5,72.19999694824219,5634341
2024-08-26,65.55000305175781,68.0,65.44999694824219,67.9000015258789,3572834
2024-08-27,65.8499984741211,66.3499984741211,65.0,65.5999984741211,2968273
2024-08-28,66.0,66.9000015258789,65.8499984741211,65.8499984741211,2514898
2024-08-29,66.05000305175781,66.94999694824219,65.3499984741211,66.19999694824219,3429076
2024-09-02,67.80000305175781,67.8499984741211,66.4000015258789,66.4000015258789,2771048
2024-09-03,66.3499984741211,68.5,66.3499984741211,67.80000305175781,2970357
2024-09-04,65.5,66.19999694824219,64.94999694824219,65.69999694824219,2958952
2024-09-05,66.55000305175781,67.9000015258789,65.69999694824219,65.69999694824219,3843581
2024-09-06,65.5,68.05000305175781,65.25,66.3499984741211,6444663
2024-09-09,62.45000076293945,65.19999694824219,62.349998474121094,64.80000305175781,3882100
2024-09-10,61.45000076293945,63.20000076293945,60.0,62.75,3472439
2024-09-11,59.349998474121094,61.5,59.0,61.25,3960415
2024-09-12,61.20000076293945,61.20000076293945,59.0,60.099998474121094,3520303
2024-09-13,64.0,64.0,60.849998474121094,61.150001525878906,3345633
2024-09-16,63.0,64.75,62.900001525878906,63.75,3004415
2024-09-17,64.5,64.8499984741211,63.04999923706055,63.29999923706055,2609123
2024-09-18,64.9000015258789,68.9000015258789,63.400001525878906,64.44999694824219,8122820
2024-09-19,66.5999984741211,66.5999984741211,65.1500015258789,65.5,3877862
2024-09-20,65.9000015258789,66.94999694824219,65.3499984741211,66.5999984741211,2558543
2024-09-23,66.30000305175781,67.75,65.9000015258789,67.19999694824219,4246101
2024-09-24,67.4000015258789,67.75,66.05000305175781,66.30000305175781,3808075
2024-09-25,65.80000305175781,67.8499984741211,65.5999984741211,67.5999984741211,3001741
2024-09-26,65.75,68.0999984741211,65.75,65.8499984741211,5523359
2024-09-27,66.25,68.19999694824219,65.44999694824219,65.9000015258789,5554251
2024-09-30,64.44999694824219,66.8499984741211,63.75,66.25,6359036
2024-10-01,62.650001525878906,64.9000015258789,61.29999923706055,64.19999694824219,4283831
2024-10-02,62.29999923706055,63.900001525878906,61.900001525878906,62.599998474121094,3841967
2024-10-03,60.900001525878906,63.45000076293945,60.75,62.150001525878906,4514975
2024-10-04,61.70000076293945,61.79999923706055,59.650001525878906,61.20000076293945,2934435
2024-10-07,60.29999923706055,62.75,60.099998474121094,62.0,3134431
2024-10-08,60.5,61.099998474121094,59.04999923706055,60.0,3899275
2024-10-09,61.70000076293945,61.70000076293945,59.5,60.099998474121094,2536252
2024-10-10,58.900001525878906,62.0,58.900001525878906,61.650001525878906,4560825
2024-10-11,57.650001525878906,59.5,57.0,59.04999923706055,5322370
2024-10-14,56.599998474121094,57.849998474121094,56.20000076293945,57.599998474121094,3691388
2024-10-15,58.5,58.5,56.599998474121094,56.599998474121094,3568464
2024-10-16,59.45000076293945,59.599998474121094,57.849998474121094,58.099998474121094,2478319
2024-10-17,60.599998474121094,61.0,59.099998474121094,59.45000076293945,3330531
2024-10-18,59.29999923706055,61.150001525878906,59.099998474121094,60.650001525878906,2695995
2024-10-21,58.45000076293945,59.599998474121094,57.95000076293945,59.400001525878906,2573060
2024-10-22,59.54999923706055,59.95000076293945,58.5,58.54999923706055,3458338
2024-10-23,57.45000076293945,59.849998474121094,56.5,59.150001525878906,5541990
2024-10-24,58.5,58.849998474121094,57.54999923706055,57.70000076293945,2938075
2024-10-25,58.75,58.79999923706055,57.5,58.099998474121094,2129506
2024-10-28,58.25,59.20000076293945,57.95000076293945,58.75,1244892
2024-10-30,58.79999923706055,59.400001525878906,57.95000076293945,58.25,3769404
2024-10-31,57.04999923706055,58.79999923706055,56.79999923706055,58.400001525878906,3360403
2024-11-01,57.04999923706055,58.04999923706055,56.70000076293945,57.5,2403967
2024-11-04,54.75,56.900001525878906,54.54999923706055,56.75,3161805
2024-11-05,55.45000076293945,55.849998474121094,54.099998474121094,54.95000076293945,2619406
2024-11-06,57.54999923706055,57.75,55.25,55.54999923706055,2942615
2024-11-07,58.25,58.5,57.04999923706055,57.5,2465737
2024-11-08,59.400001525878906,59.650001525878906,58.25,58.400001525878906,2401399
2024-11-11,58.849998474121094,59.099998474121094,57.20000076293945,57.95000076293945,5306834
2024-11-12,59.20000076293945,59.849998474121094,57.29999923706055,58.25,3769041
2024-11-13,59.04999923706055,60.25,58.20000076293945,59.0,3470785
2024-11-14,60.099998474121094,60.650001525878906,59.25,59.25,3021129
2024-11-15,59.95000076293945,60.900001525878906,59.79999923706055,60.150001525878906,2750618
2024-11-18,61.45000076293945,61.5,58.849998474121094,60.04999923706055,3994474
2024-11-19,58.75,62.0,58.45000076293945,61.5,4796820
2024-11-20,56.25,59.25,56.25,59.0,4079240
2024-11-21,58.75,58.75,56.45000076293945,56.54999923706055,3627774
2024-11-22,60.900001525878906,60.900001525878906,58.20000076293945,58.20000076293945,3303552
2024-11-25,62.25,64.05000305175781,61.95000076293945,62.400001525878906,5540595
2024-11-26,62.20000076293945,63.20000076293945,61.150001525878906,61.900001525878906,3830583
2024-11-27,62.70000076293945,64.9000015258789,62.20000076293945,62.79999923706055,6092910
2024-11-28,62.54999923706055,63.349998474121094,61.900001525878906,62.150001525878906,4159278
2024-11-29,63.849998474121094,64.05000305175781,61.29999923706055,62.54999923706055,4988100
2024-12-02,64.5,64.80000305175781,63.099998474121094,63.29999923706055,2780798
2024-12-03,63.79999923706055,64.94999694824219,62.0,64.5,3138129
2024-12-04,69.4000015258789,70.0,63.29999923706055,64.05000305175781,13953823
2024-12-05,70.0,70.75,68.4000015258789,69.30000305175781,10560631
2024-12-06,71.0999984741211,73.1500015258789,70.05000305175781,70.5,7558027
2024-12-09,74.4000015258789,74.55000305175781,71.25,71.4000015258789,9092132
2024-12-10,74.69999694824219,75.80000305175781,73.55000305175781,74.0,6155080
2024-12-11,72.6500015258789,75.6500015258789,72.55000305175781,74.69999694824219,10667686
2024-12-12,71.94999694824219,73.69999694824219,71.19999694824219,72.6500015258789,4533529
2024-12-13,71.1500015258789,72.30000305175781,70.44999694824219,71.69999694824219,3825097
2024-12-16,68.94999694824219,72.69999694824219,68.94999694824219,72.0,5790506
2024-12-17,69.5,70.25,67.69999694824219,68.8499984741211,4793826
2024-12-18,66.8499984741211,69.8499984741211,66.8499984741211,69.55000305175781,4857692
2024-12-19,67.19999694824219,69.30000305175781,66.0,66.3499984741211,5062876
2024-12-20,66.9000015258789,67.80000305175781,66.0,67.5,2794497
2024-12-23,65.8499984741211,67.19999694824219,65.6500015258789,67.0,2931787
2024-12-24,66.94999694824219,67.1500015258789,65.55000305175781,65.9000015258789,3719404
2024-12-25,67.94999694824219,68.80000305175781,67.30000305175781,67.6500015258789,2808937
2024-12-26,67.8499984741211,68.80000305175781,67.3499984741211,68.05000305175781,2728840
2024-12-27,69.75,70.3499984741211,67.75,67.8499984741211,4526445
2024-12-30,70.5,71.75,69.5,69.75,6077914
2024-12-31,71.30000305175781,71.6500015258789,69.5,70.05000305175781,4587880
2025-01-02,71.94999694824219,73.05000305175781,68.9000015258789,71.05000305175781,6832846
2025-01-03,71.4000015258789,72.5,70.69999694824219,72.05000305175781,3462724
2025-01-06,72.05000305175781,73.1500015258789,71.5999984741211,71.69999694824219,4242972
2025-01-07,70.6500015258789,72.1500015258789,70.25,71.8499984741211,3017720
2025-01-08,68.94999694824219,71.1500015258789,68.69999694824219,70.0,3238282
2025-01-09,69.5,70.0,68.80000305175781,69.1500015258789,3956707
2025-01-10,70.80000305175781,72.5999984741211,69.0999984741211,69.55000305175781,6226289
2025-01-13,66.94999694824219,71.1500015258789,66.3499984741211,70.94999694824219,7273413
2025-01-14,64.19999694824219,67.80000305175781,64.0999984741211,67.44999694824219,6995160
2025-01-15,65.0999984741211,65.0999984741211,62.400001525878906,64.4000015258789,5816120
2025-01-16,65.0,66.0999984741211,63.75,65.75,3141909
2025-01-17,65.3499984741211,65.75,64.5,64.80000305175781,2725718
2025-01-20,64.3499984741211,65.9000015258789,64.0,65.44999694824219,3377076
2025-01-21,63.5,65.3499984741211,63.5,64.1500015258789,4335499
2025-01-22,65.80000305175781,65.80000305175781,62.900001525878906,63.70000076293945,4436901
2025-01-23,65.0999984741211,66.19999694824219,65.0,65.80000305175781,2151205
2025-01-24,65.80000305175781,65.9000015258789,64.44999694824219,65.0999984741211,2495079
2025-01-27,63.849998474121094,65.80000305175781,63.5,65.30000305175781,2589521
2025-01-28,64.05000305175781,64.69999694824219,63.599998474121094,63.849998474121094,2718635
2025-01-29,62.70000076293945,64.6500015258789,62.599998474121094,64.1500015258789,3119532
2025-01-30,62.75,63.900001525878906,62.75,62.849998474121094,2301945
2025-01-31,61.349998474121094,63.099998474121094,59.79999923706055,62.849998474121094,5503258
2025-02-03,59.54999923706055,61.0,59.29999923706055,60.75,3218191
2025-02-04,59.70000076293945,60.95000076293945,59.0,59.75,4095755
2025-02-05,59.45000076293945,61.5,58.0,60.0,5750614
2025-02-06,59.45000076293945,60.70000076293945,59.29999923706055,59.54999923706055,3887658
2025-02-07,60.29999923706055,61.0,59.400001525878906,59.5,3390782
2025-02-10,61.0,61.900001525878906,60.400001525878906,60.400001525878906,3370097
2025-02-11,61.04999923706055,61.04999923706055,59.75,60.599998474121094,2634012
2025-02-12,60.25,61.599998474121094,60.04999923706055,60.95000076293945,2671640
2025-02-13,61.150001525878906,61.45000076293945,60.45000076293945,60.45000076293945,2284699
2025-02-14,60.599998474121094,63.29999923706055,60.599998474121094,63.20000076293945,4614248
2025-02-17,60.150001525878906,61.150001525878906,59.849998474121094,60.70000076293945,2779717
2025-02-18,60.45000076293945,60.650001525878906,59.04999923706055,60.0,4021938
2025-02-19,58.29999923706055,60.650001525878906,58.04999923706055,60.45000076293945,4219809
2025-02-20,59.0,59.45000076293945,58.29999923706055,58.349998474121094,3060107
2025-02-21,57.25,59.900001525878906,56.79999923706055,59.150001525878906,2662925
2025-02-24,58.25,59.400001525878906,57.650001525878906,57.79999923706055,2280737
2025-02-25,56.54999923706055,58.25,56.349998474121094,57.95000076293945,1900847
2025-02-26,56.599998474121094,57.20000076293945,55.900001525878906,56.400001525878906,2307071
2025-02-27,57.400001525878906,57.54999923706055,56.04999923706055,56.400001525878906,3802041
2025-02-28,55.95000076293945,57.70000076293945,55.75,57.0,4362540
2025-03-03,55.29999923706055,56.45000076293945,54.75,55.650001525878906,5609111
2025-03-04,55.95000076293945,56.29999923706055,54.95000076293945,55.29999923706055,4230680
2025-03-05,57.849998474121094,58.0,56.29999923706055,56.29999923706055,3874755
2025-03-06,60.20000076293945,60.25,58.0,58.400001525878906,3677838
2025-03-07,61.400001525878906,61.75,60.25,60.400001525878906,4981158
2025-03-10,60.849998474121094,62.099998474121094,60.45000076293945,61.400001525878906,3774293
2025-03-11,57.95000076293945,59.0,56.900001525878906,58.95000076293945,7992499
2025-03-12,58.400001525878906,59.099998474121094,57.349998474121094,58.349998474121094,5612212
2025-03-13,60.20000076293945,60.79999923706055,58.400001525878906,58.400001525878906,6664261
2025-03-14,59.95000076293945,61.04999923706055,59.54999923706055,60.5,5873789
2025-03-17,60.400001525878906,61.25,60.0,60.25,4824637
2025-03-18,58.849998474121094,60.25,58.45000076293945,60.20000076293945,9023667
2025-03-19,53.0,56.75,53.0,55.099998474121094,7494025
2025-03-20,51.95000076293945,54.25,51.0,52.900001525878906,9499169
2025-03-21,46.7599983215332,51.900001525878906,46.7599983215332,51.54999923706055,7598154
2025-03-24,48.380001068115234,48.7599983215332,45.15999984741211,47.220001220703125,7753730
2025-03-25,50.650001525878906,51.04999923706055,48.560001373291016,48.81999969482422,6128156
2025-03-26,49.380001068115234,50.04999923706055,48.20000076293945,49.540000915527344,7142241
2025-03-27,48.52000045776367,50.650001525878906,48.439998626708984,49.70000076293945,6523886
2025-03-28,48.91999816894531,49.47999954223633,47.63999938964844,48.599998474121094,4045787
2025-04-02,47.7599983215332,49.599998474121094,47.7599983215332,48.900001525878906,4770589
2025-04-03,48.20000076293945,49.08000183105469,47.7599983215332,47.7599983215332,4370736
2025-04-04,47.599998474121094,48.540000915527344,47.08000183105469,48.08000183105469,3767123
2025-04-07,47.81999969482422,48.08000183105469,45.36000061035156,45.959999084472656,5776776
2025-04-08,48.29999923706055,50.25,48.2400016784668,48.5,11388935
2025-04-09,47.939998626708984,48.41999816894531,47.380001068115234,47.70000076293945,6135501
2025-04-10,47.34000015258789,49.5,47.34000015258789,49.279998779296875,4795722
2025-04-11,47.0,47.63999938964844,46.439998626708984,47.380001068115234,5308574
2025-04-14,47.29999923706055,47.7599983215332,47.2400016784668,47.400001525878906,4382021
2025-04-15,46.47999954223633,47.91999816894531,46.279998779296875,47.29999923706055,9572059
2025-04-16,45.779998779296875,46.13999938964844,45.02000045776367,46.0,5849276
2025-04-17,46.099998474121094,46.459999084472656,44.79999923706055,45.5,7972465
2025-04-18,45.5,46.880001068115234,44.939998626708984,46.2400016784668,7683003
2025-04-21,46.13999938964844,46.29999923706055,45.02000045776367,45.47999954223633,5629847
2025-04-22,44.81999969482422,46.400001525878906,44.779998779296875,46.13999938964844,6608673
2025-04-24,44.880001068115234,45.220001220703125,43.52000045776367,44.900001525878906,6089284
2025-04-25,44.540000915527344,45.65999984741211,44.400001525878906,44.900001525878906,5826358
2025-04-28,43.279998779296875,45.0,43.279998779296875,44.599998474121094,5537114
2025-04-29,41.939998626708984,43.5,41.79999923706055,43.279998779296875,6927068
2025-04-30,40.380001068115234,42.060001373291016,40.08000183105469,41.939998626708984,7215299
2025-05-02,41.099998474121094,41.41999816894531,40.459999084472656,40.459999084472656,4059855
2025-05-05,42.459999084472656,42.70000076293945,40.58000183105469,41.20000076293945,7372465
2025-05-06,41.36000061035156,42.779998779296875,41.34000015258789,42.2400016784668,5165875
2025-05-07,39.65999984741211,41.81999969482422,39.36000061035156,41.36000061035156,9294940
2025-05-08,40.599998474121094,40.79999923706055,39.560001373291016,39.79999923706055,3430573
2025-05-09,41.5,41.5,40.70000076293945,40.84000015258789,4101775
2025-05-12,43.20000076293945,43.459999084472656,42.0,42.0,5777009
2025-05-13,43.13999938964844,44.060001373291016,41.0,42.400001525878906,10762904
2025-05-14,43.15999984741211,43.7599983215332,42.220001220703125,43.13999938964844,6867438
2025-05-15,41.099998474121094,43.58000183105469,41.0,43.13999938964844,8217274
2025-05-16,41.79999923706055,42.099998474121094,40.880001068115234,41.040000915527344,5855138
2025-05-20,41.220001220703125,42.400001525878906,40.5,41.79999923706055,7354901
2025-05-21,38.880001068115234,41.040000915527344,38.619998931884766,40.779998779296875,11664657
2025-05-22,39.79999923706055,40.5,38.41999816894531,38.900001525878906,11091948
2025-05-23,38.7400016784668,39.900001525878906,38.220001220703125,39.79999923706055,8349431
2025-05-26,38.2400016784668,39.5,37.97999954223633,38.70000076293945,6510885
2025-05-27,37.2599983215332,38.439998626708984,36.47999954223633,38.2599983215332,6075830
2025-05-28,37.0,37.540000915527344,36.47999954223633,37.2599983215332,5358386
2025-05-29,36.18000030517578,37.400001525878906,36.040000915527344,37.099998474121094,6533626
2025-05-30,33.119998931884766,36.15999984741211,33.119998931884766,36.15999984741211,13360354
2025-06-02,33.060001373291016,33.7400016784668,32.619998931884766,33.040000915527344,8754930
2025-06-03,34.20000076293945,34.79999923706055,33.380001068115234,33.380001068115234,8293577
2025-06-04,34.939998626708984,35.119998931884766,34.02000045776367,34.20000076293945,4542255
2025-06-05,34.79999923706055,34.84000015258789,34.2599983215332,34.63999938964844,2136828
2025-06-10,35.220001220703125,35.5,34.70000076293945,34.81999969482422,6000491
2025-06-11,35.279998779296875,35.939998626708984,34.91999816894531,35.220001220703125,4231069
2025-06-12,34.18000030517578,34.97999954223633,33.47999954223633,34.97999954223633,4389785
2025-06-13,32.7599983215332,33.0,31.31999969482422,32.880001068115234,7086851
2025-06-16,33.18000030517578,33.47999954223633,32.29999923706055,32.79999923706055,4533289
2025-06-17,32.900001525878906,33.459999084472656,32.619998931884766,33.060001373291016,3021958
2025-06-18,32.720001220703125,33.31999969482422,32.08000183105469,32.540000915527344,5123406
2025-06-19,32.18000030517578,33.29999923706055,32.08000183105469,33.0,4916953
2025-06-20,32.439998626708984,33.119998931884766,32.36000061035156,32.400001525878906,3620024
2025-06-23,31.760000228881836,32.20000076293945,31.65999984741211,32.0,3299248
2025-06-24,33.29999923706055,33.68000030517578,32.619998931884766,32.81999969482422,6189355
2025-06-25,32.900001525878906,34.099998474121094,32.7400016784668,33.68000030517578,5744664
2025-06-26,33.68000030517578,34.29999923706055,32.91999816894531,32.91999816894531,6097141
2025-06-27,32.86000061035156,34.099998474121094,32.29999923706055,33.70000076293945,8510690
2025-06-30,34.31999969482422,34.439998626708984,32.619998931884766,32.959999084472656,12195351
2025-07-01,35.900001525878906,36.18000030517578,34.02000045776367,34.36000061035156,7713499
2025-07-02,35.86000061035156,36.959999084472656,35.439998626708984,35.959999084472656,7566756
2025-07-03,36.5,36.68000030517578,35.959999084472656,36.220001220703125,3909527
2025-07-04,36.5,36.68000030517578,35.41999816894531,36.5,3853200
2025-07-07,35.31999969482422,35.97999954223633,35.060001373291016,35.86000061035156,4779662
2025-07-08,35.0,35.7400016784668,34.439998626708984,35.380001068115234,5526159
2025-07-09,35.86000061035156,35.939998626708984,34.779998779296875,34.900001525878906,4495042
2025-07-10,36.2599983215332,36.63999938964844,36.08000183105469,36.08000183105469,3720495
2025-07-11,37.29999923706055,38.36000061035156,35.84000015258789,36.459999084472656,14952237
2025-07-14,36.060001373291016,37.84000015258789,35.84000015258789,37.279998779296875,8640299
2025-07-16,35.58000183105469,36.560001373291016,34.880001068115234,36.060001373291016,7697296
2025-07-17,36.7599983215332,36.97999954223633,35.7400016784668,35.7400016784668,5398328
2025-07-18,37.2599983215332,37.779998779296875,36.439998626708984,36.65999984741211,5461910
2025-07-21,37.97999954223633,38.15999984741211,37.36000061035156,37.36000061035156,5199082
2025-07-22,39.060001373291016,40.20000076293945,37.81999969482422,38.0,10521471
2025-07-23,38.599998474121094,39.34000015258789,38.2400016784668,39.15999984741211,3407326
2025-07-24,38.86000061035156,39.47999954223633,38.47999954223633,38.65999984741211,5431681
2025-07-25,38.380001068115234,39.040000915527344,37.97999954223633,38.900001525878906,4489531
2025-07-28,37.880001068115234,38.560001373291016,37.52000045776367,38.5,4984766
2025-07-29,37.79999923706055,38.2599983215332,37.41999816894531,37.70000076293945,4418396
2025-07-30,38.20000076293945,39.099998474121094,37.5,37.7599983215332,7026938
2025-07-31,38.099998474121094,38.599998474121094,37.880001068115234,38.2599983215332,5110205
2025-08-01,39.70000076293945,39.779998779296875,37.79999923706055,38.0,10179180
2025-08-04,39.41999816894531,40.040000915527344,39.02000045776367,39.959999084472656,7539007
2025-08-05,39.119998931884766,39.619998931884766,39.040000915527344,39.599998474121094,4447932
2025-08-06,39.34000015258789,39.65999984741211,38.880001068115234,39.099998474121094,5164613
2025-08-07,38.97999954223633,39.97999954223633,38.97999954223633,39.5,7865093
2025-08-08,38.58000183105469,39.2599983215332,38.58000183105469,39.060001373291016,4971143
2025-08-11,38.63999938964844,39.040000915527344,38.400001525878906,38.7400016784668,4917214
2025-08-12,37.84000015258789,38.7599983215332,37.7599983215332,38.63999938964844,5458053
2025-08-13,37.720001220703125,38.08000183105469,37.560001373291016,37.86000061035156,3804074
2025-08-14,37.959999084472656,38.58000183105469,37.400001525878906,37.720001220703125,6389116
2025-08-15,39.08000183105469,39.41999816894531,37.31999969482422,37.599998474121094,10193153
2025-08-18,39.29999923706055,40.0,39.060001373291016,39.13999938964844,6466406
2025-08-19,38.52000045776367,40.220001220703125,38.29999923706055,39.400001525878906,9186699
2025-08-20,38.900001525878906,39.5,36.2599983215332,36.599998474121094,21457978
2025-08-21,39.84000015258789,40.560001373291016,39.08000183105469,39.15999984741211,8959629
2025-08-22,40.0,40.47999954223633,39.220001220703125,39.939998626708984,11347519
2025-08-25,41.099998474121094,41.099998474121094,39.91999816894531,40.5,11342834
2025-08-26,40.68000030517578,41.97999954223633,40.34000015258789,41.29999923706055,13509836
2025-08-27,40.7599983215332,41.20000076293945,40.29999923706055,40.79999923706055,8368311
2025-08-28,43.08000183105469,44.20000076293945,40.7599983215332,40.7599983215332,33487756
2025-08-29,42.29999923706055,46.0,42.099998474121094,43.099998474121094,32241962
2025-09-01,41.63999938964844,42.599998474121094,41.060001373291016,42.36000061035156,9664568
2025-09-02,39.7400016784668,41.959999084472656,38.65999984741211,41.720001220703125,12791105
2025-09-03,38.81999969482422,39.959999084472656,38.560001373291016,39.7400016784668,7895405
2025-09-04,38.68000030517578,39.20000076293945,38.47999954223633,38.81999969482422,8913032
2025-09-05,37.86000061035156,39.41999816894531,37.560001373291016,38.84000015258789,11224791
2025-09-08,36.279998779296875,37.29999923706055,36.279998779296875,37.119998931884766,6066345
2025-09-09,36.959999084472656,37.70000076293945,36.31999969482422,36.31999969482422,7525926
2025-09-10,37.279998779296875,37.5,36.58000183105469,37.31999969482422,4481428
2025-09-11,36.65999984741211,38.0,36.619998931884766,37.18000030517578,6640031
2025-09-12,36.91999816894531,37.279998779296875,36.08000183105469,36.68000030517578,4472826
2025-09-15,39.0,39.2400016784668,36.15999984741211,36.91999816894531,8486517
2025-09-16,39.86000061035156,39.86000061035156,38.65999984741211,39.20000076293945,6766759
2025-09-17,39.79999923706055,40.2400016784668,39.439998626708984,40.0,6172171
2025-09-18,39.20000076293945,40.400001525878906,38.79999923706055,39.900001525878906,7080283
2025-09-19,39.29999923706055,39.619998931884766,38.400001525878906,39.02000045776367,9166925
2025-09-22,39.959999084472656,40.29999923706055,39.65999984741211,39.900001525878906,6495660
2025-09-23,39.2599983215332,40.2400016784668,39.2599983215332,39.70000076293945,6694285
2025-09-24,39.540000915527344,40.0,38.65999984741211,39.34000015258789,6624350
2025-09-25,38.7400016784668,40.02000045776367,38.70000076293945,39.779998779296875,5253358
2025-09-26,38.040000915527344,38.959999084472656,37.720001220703125,38.900001525878906,4705452
2025-09-29,36.5,37.68000030517578,36.279998779296875,37.20000076293945,7223800
2025-09-30,36.400001525878906,36.68000030517578,35.5,36.68000030517578,12632042
2025-10-01,36.68000030517578,36.939998626708984,35.41999816894531,36.279998779296875,11546054
2025-10-02,36.040000915527344,37.2400016784668,35.540000915527344,36.68000030517578,22812305
2025-10-03,35.41999816894531,36.58000183105469,35.34000015258789,36.20000076293945,10547091
2025-10-06,35.0,35.599998474121094,34.459999084472656,35.58000183105469,7597169
2025-10-07,34.52000045776367,35.02000045776367,34.29999923706055,34.86000061035156,7198829
2025-10-08,33.79999923706055,34.7400016784668,33.619998931884766,34.52000045776367,7468426
2025-10-09,33.52000045776367,34.5,33.279998779296875,34.13999938964844,6832860
2025-10-10,33.459999084472656,34.040000915527344,33.040000915527344,33.65999984741211,6335131
2025-10-13,32.41999816894531,33.220001220703125,32.0,33.099998474121094,5467475
2025-10-14,31.81999969482422,32.70000076293945,31.420000076293945,32.619998931884766,6057365
2025-10-15,32.5,32.779998779296875,31.899999618530273,31.899999618530273,6834609
2025-10-16,32.20000076293945,33.18000030517578,32.18000030517578,32.5,6204977
2025-10-17,32.18000030517578,32.70000076293945,31.0,32.20000076293945,6881599
2025-10-20,32.459999084472656,32.5,31.600000381469727,32.220001220703125,5771369
2025-10-21,32.459999084472656,32.79999923706055,32.0,32.459999084472656,5155710
2025-10-22,31.979999542236328,32.81999969482422,31.8799991607666,32.540000915527344,6881302
2025-10-23,32.02000045776367,32.599998474121094,31.780000686645508,32.0,6686541
2025-10-24,33.29999923706055,33.560001373291016,32.13999938964844,32.13999938964844,9876420
2025-10-27,33.20000076293945,33.619998931884766,32.720001220703125,33.36000061035156,4662086
2025-10-28,33.060001373291016,33.400001525878906,32.619998931884766,33.0,3110391
2025-10-30,33.099998474121094,33.70000076293945,33.08000183105469,33.099998474121094,5870238
2025-10-31,33.31999969482422,33.380001068115234,32.68000030517578,33.20000076293945,6998104
2025-11-03,34.13999938964844,34.79999923706055,33.560001373291016,33.560001373291016,8739139
2025-11-04,33.91999816894531,34.29999923706055,33.599998474121094,34.0,5062350
2025-11-05,34.20000076293945,34.380001068115234,33.560001373291016,33.91999816894531,8027931
2025-11-06,34.20000076293945,34.34000015258789,33.79999923706055,34.34000015258789,5754491
2025-11-07,33.29999923706055,34.13999938964844,32.81999969482422,34.13999938964844,6141564
2025-11-10,32.65999984741211,33.560001373291016,32.52000045776367,33.29999923706055,5677870
2025-11-11,30.84000015258789,32.599998474121094,30.420000076293945,32.02000045776367,12169552
2025-11-12,30.059999465942383,31.3799991607666,30.059999465942383,31.079999923706055,8324709
2025-11-13,29.940000534057617,30.420000076293945,29.84000015258789,30.100000381469727,6848013
2025-11-14,29.8799991607666,30.059999465942383,29.3799991607666,29.940000534057617,4899159
2025-11-17,30.420000076293945,30.739999771118164,30.059999465942383,30.100000381469727,5622498
2025-11-18,30.299999237060547,30.6200008392334,30.0,30.420000076293945,4419300
2025-11-19,30.479999542236328,30.739999771118164,30.239999771118164,30.440000534057617,5218941
2025-11-20,30.700000762939453,30.940000534057617,30.31999969482422,30.6200008392334,3864296
2025-11-21,30.84000015258789,30.860000610351562,30.31999969482422,30.700000762939453,3455866
2025-11-24,33.91999816894531,33.91999816894531,31.760000228881836,31.760000228881836,11428800
2025-11-25,35.20000076293945,36.31999969482422,33.7400016784668,34.939998626708984,48874172
2025-11-26,33.29999923706055,34.939998626708984,33.29999923706055,34.79999923706055,15791920
2025-11-27,33.13999938964844,33.84000015258789,32.900001525878906,33.5,8438477
2025-11-28,32.099998474121094,33.68000030517578,31.8799991607666,33.13999938964844,7863025
2025-12-01,32.959999084472656,33.220001220703125,31.940000534057617,32.15999984741211,5575129
2025-12-02,32.5,33.380001068115234,32.2599983215332,32.79999923706055,4585384
2025-12-03,32.20000076293945,32.84000015258789,32.119998931884766,32.5,4406244
2025-12-04,32.15999984741211,32.880001068115234,31.940000534057617,32.2599983215332,5029563
2025-12-05,32.459999084472656,32.5,32.02000045776367,32.15999984741211,3330957
2025-12-08,33.119998931884766,34.560001373291016,32.65999984741211,32.65999984741211,10022534
2025-12-09,33.2400016784668,33.58000183105469,32.81999969482422,33.13999938964844,4820966
2025-12-10,32.439998626708984,33.599998474121094,32.36000061035156,33.439998626708984,4905490
2025-12-11,32.599998474121094,32.79999923706055,32.459999084472656,32.5,3509231
2025-12-12,32.63999938964844,33.18000030517578,32.5,32.65999984741211,3777035
2025-12-15,31.0,33.02000045776367,30.68000030517578,32.900001525878906,16049357
2025-12-16,30.780000686645508,31.1200008392334,30.600000381469727,31.1200008392334,4864097
2025-12-17,30.780000686645508,31.399999618530273,30.639999389648438,30.780000686645508,5177244
2025-12-18,30.860000610351562,31.020000457763672,30.520000457763672,30.959999084472656,4298823
2025-12-19,31.0,31.0,30.239999771118164,30.799999237060547,5037634
2025-12-22,30.299999237060547,31.0,30.200000762939453,31.0,3386827
2025-12-23,30.040000915527344,30.420000076293945,29.899999618530273,30.15999984741211,4827708
2025-12-24,29.940000534057617,30.239999771118164,29.899999618530273,30.100000381469727,3663556
2025-12-25,30.0,30.520000457763672,29.959999084472656,30.15999984741211,4381962
2025-12-26,29.639999389648438,30.079999923706055,29.540000915527344,30.059999465942383,3033107
2025-12-29,29.040000915527344,29.780000686645508,29.0,29.700000762939453,4193638
2025-12-30,28.639999389648438,29.200000762939453,28.360000610351562,29.200000762939453,5173737
2025-12-31,28.700000762939453,29.18000030517578,28.68000030517578,28.81999969482422,4877943
2026-01-02,29.420000076293945,29.459999084472656,28.700000762939453,28.700000762939453,4155012
2026-01-05,29.559999465942383,29.68000030517578,29.299999237060547,29.600000381469727,3756815
2026-01-06,30.0,30.15999984741211,29.540000915527344,29.639999389648438,4631379
2026-01-07,29.100000381469727,30.200000762939453,29.100000381469727,30.18000030517578,4700064
2026-01-08,28.979999542236328,29.200000762939453,28.5,29.139999389648438,4372068
2026-01-09,29.100000381469727,29.3799991607666,28.799999237060547,29.18000030517578,3440710
2026-01-12,28.899999618530273,29.260000228881836,28.799999237060547,29.200000762939453,3795497
2026-01-13,28.739999771118164,29.100000381469727,28.559999465942383,29.0,3981538
2026-01-14,29.299999237060547,29.700000762939453,28.700000762939453,28.81999969482422,7489028
2026-01-15,29.760000228881836,29.860000610351562,29.040000915527344,29.040000915527344,6405695
2026-01-16,30.200000762939453,30.3799991607666,29.5,29.760000228881836,5218925
2026-01-19,30.3799991607666,30.81999969482422,30.280000686645508,30.360000610351562,4604016
2026-01-20,29.65999984741211,30.299999237060547,29.540000915527344,30.260000228881836,4170170
2026-01-21,29.420000076293945,29.780000686645508,29.280000686645508,29.65999984741211,3282133
2026-01-22,29.940000534057617,29.959999084472656,29.059999465942383,29.719999313354492,3581414
2026-01-23,30.5,30.600000381469727,29.959999084472656,30.040000915527344,4176993
2026-01-26,30.959999084472656,31.15999984741211,30.459999084472656,30.799999237060547,4780726
2026-01-27,30.520000457763672,31.0,30.360000610351562,30.959999084472656,5018040
2026-01-28,31.6200008392334,32.040000915527344,30.520000457763672,30.520000457763672,6650309
2026-01-29,31.81999969482422,32.20000076293945,31.5,31.68000030517578,8803308
2026-01-30,31.399999618530273,32.119998931884766,30.899999618530273,31.719999313354492,10116162
2026-02-02,31.079999923706055,31.459999084472656,30.1200008392334,31.200000762939453,5001805
2026-02-03,32.13999938964844,32.20000076293945,31.079999923706055,31.459999084472656,4933865
2026-02-04,32.47999954223633,33.540000915527344,32.02000045776367,32.29999923706055,8598827
2026-02-05,31.299999237060547,32.5,31.260000228881836,32.439998626708984,6186552
2026-02-06,30.860000610351562,31.479999542236328,30.600000381469727,31.360000610351562,5035513
2026-02-09,32.08000183105469,32.20000076293945,31.31999969482422,31.3799991607666,4796628
2026-02-10,31.860000610351562,32.439998626708984,31.700000762939453,32.08000183105469,2978041
2026-02-11,31.639999389648438,31.959999084472656,31.459999084472656,31.6200008392334,3653586
2026-02-12,32.63999938964844,32.720001220703125,31.639999389648438,31.639999389648438,5752297
2026-02-13,32.5,33.08000183105469,32.29999923706055,32.65999984741211,4606514
2026-02-16,33.560001373291016,33.68000030517578,32.880001068115234,32.880001068115234,5218290
2026-02-17,33.099998474121094,33.63999938964844,33.0,33.560001373291016,4043568
2026-02-18,31.739999771118164,33.599998474121094,31.739999771118164,33.34000015258789,6292605
2026-02-19,30.020000457763672,31.959999084472656,29.719999313354492,31.8799991607666,6258988
2026-02-20,30.219999313354492,30.399999618530273,29.65999984741211,30.020000457763672,3734289
2026-02-23,30.5,30.959999084472656,30.420000076293945,30.459999084472656,2921542
2026-02-24,29.860000610351562,30.799999237060547,29.860000610351562,30.31999969482422,3789225
2026-02-25,31.0,32.70000076293945,29.299999237060547,30.020000457763672,21027560
2026-02-26,31.020000457763672,32.63999938964844,30.520000457763672,30.600000381469727,16526432
2026-02-27,30.18000030517578,31.5,29.84000015258789,31.1200008392334,10734482
2026-03-02,28.280000686645508,29.040000915527344,27.81999969482422,27.920000076293945,7816340
2026-03-03,28.18000030517578,29.479999542236328,27.8799991607666,28.219999313354492,9120859
2026-03-04,27.760000228881836,28.459999084472656,26.760000228881836,28.139999389648438,18585363
2026-03-05,28.600000381469727,28.68000030517578,28.020000457763672,28.020000457763672,4164486
2026-03-06,27.979999542236328,28.860000610351562,27.65999984741211,28.639999389648438,3860239
2026-03-09,27.600000381469727,27.760000228881836,26.860000610351562,27.700000762939453,2828719
2026-03-10,28.579999923706055,28.739999771118164,28.040000915527344,28.079999923706055,3240947
2026-03-11,28.100000381469727,28.68000030517578,27.920000076293945,28.459999084472656,2759501
2026-03-12,28.84000015258789,29.360000610351562,27.239999771118164,27.34000015258789,6966933
2026-03-13,28.280000686645508,28.600000381469727,27.799999237060547,28.600000381469727,4206350
2026-03-16,28.399999618530273,28.65999984741211,28.020000457763672,28.31999969482422,3512343
2026-03-17,28.700000762939453,28.940000534057617,28.3799991607666,28.399999618530273,2514863
2026-03-18,28.860000610351562,30.799999237060547,28.3799991607666,28.719999313354492,3625595
2026-03-19,29.020000457763672,29.200000762939453,28.520000457763672,28.639999389648438,1022223
2026-03-23,29.899999618530273,29.920000076293945,27.559999465942383,28.360000610351562,8224650
2026-03-24,29.059999465942383,29.899999618530273,28.979999542236328,29.700000762939453,2398576
2026-03-25,28.719999313354492,29.440000534057617,28.579999923706055,29.34000015258789,2543019
2026-03-26,28.0,28.719999313354492,28.0,28.600000381469727,2460221
2026-03-27,28.440000534057617,28.459999084472656,27.600000381469727,28.0,2299600
2026-03-30,28.6200008392334,29.15999984741211,28.0,28.1200008392334,3975923
2026-03-31,27.940000534057617,29.219999313354492,27.780000686645508,28.5,8132447
2026-04-01,28.520000457763672,28.6200008392334,28.15999984741211,28.299999237060547,4377441
2026-04-02,28.540000915527344,28.559999465942383,28.040000915527344,28.100000381469727,3644771
2026-04-03,29.079999923706055,30.6200008392334,28.479999542236328,28.520000457763672,7985084
2026-04-06,28.940000534057617,29.479999542236328,28.799999237060547,29.079999923706055,4066386
2026-04-07,28.0,29.18000030517578,27.979999542236328,28.940000534057617,3442106
2026-04-08,28.360000610351562,29.200000762939453,28.31999969482422,28.959999084472656,8222862
2026-04-09,27.520000457763672,28.6200008392334,27.440000534057617,28.399999618530273,12054320
2026-04-10,28.280000686645508,28.479999542236328,27.6200008392334,27.780000686645508,10678627
2026-04-13,27.860000610351562,28.139999389648438,27.639999389648438,28.139999389648438,5680083
2026-04-14,28.15999984741211,28.3799991607666,27.899999618530273,28.100000381469727,5211845
2026-04-15,28.65999984741211,28.959999084472656,28.219999313354492,28.219999313354492,5689401
2026-04-16,28.639999389648438,29.15999984741211,28.5,29.0,4906873
2026-04-17,30.079999923706055,30.079999923706055,28.520000457763672,28.639999389648438,9065453
2026-04-20,29.719999313354492,30.139999389648438,29.459999084472656,29.760000228881836,5720049
2026-04-21,29.399999618530273,30.299999237060547,29.139999389648438,29.719999313354492,5775878
2026-04-22,28.579999923706055,29.559999465942383,28.280000686645508,29.459999084472656,6013285
2026-04-24,28.739999771118164,28.899999618530273,28.100000381469727,28.579999923706055,6163649
2026-04-27,28.84000015258789,29.459999084472656,28.68000030517578,28.860000610351562,5373950
2026-04-28,27.940000534057617,29.15999984741211,27.920000076293945,28.559999465942383,5277718
2026-04-29,27.81999969482422,28.559999465942383,27.600000381469727,28.059999465942383,5706694
2026-04-30,27.799999237060547,27.959999084472656,27.5,27.81999969482422,4682590
2026-05-04,27.459999084472656,28.5,27.420000076293945,28.360000610351562,4893618
2026-05-05,27.799999237060547,28.0,27.3799991607666,27.5,4848709
2026-05-06,28.239999771118164,28.520000457763672,27.979999542236328,28.0,5788283
2026-05-07,28.6200008392334,28.899999618530273,28.299999237060547,28.299999237060547,6001158
2026-05-08,28.6200008392334,29.040000915527344,28.3799991607666,28.540000915527344,5993087
2026-05-11,29.719999313354492,30.020000457763672,28.559999465942383,28.579999923706055,11062484
2026-05-12,29.68000030517578,30.719999313354492,29.6200008392334,30.700000762939453,12456438
2026-05-13,29.059999465942383,29.979999542236328,28.920000076293945,29.579999923706055,7209386
2026-05-14,29.219999313354492,29.68000030517578,28.979999542236328,29.139999389648438,6205910
2026-05-15,28.0,29.100000381469727,27.81999969482422,28.8799991607666,8593241
2026-05-18,27.079999923706055,27.920000076293945,26.979999542236328,27.799999237060547,7775501
2026-05-20,27.0,27.399999618530273,26.68000030517578,26.760000228881836,6803588
2026-05-21,25.559999465942383,27.1200008392334,25.559999465942383,26.920000076293945,5399982
2026-05-22,26.200000762939453,26.459999084472656,24.639999389648438,25.0,9556624
2026-05-25,26.280000686645508,26.799999237060547,26.0,26.200000762939453,5277366
2026-05-26,26.360000610351562,26.420000076293945,26.0,26.219999313354492,1521778
2026-05-27,26.360000610351562,26.360000610351562,26.360000610351562,26.360000610351562,0
2026-05-28,26.360000610351562,26.360000610351562,26.360000610351562,26.360000610351562,0
2026-05-29,26.360000610351562,26.360000610351562,26.360000610351562,26.360000610351562,0
2026-06-01,26.440000534057617,27.0,26.360000610351562,26.360000610351562,4017010
2026-06-02,26.940000534057617,27.139999389648438,26.600000381469727,26.600000381469727,3887023
2026-06-03,26.200000762939453,26.959999084472656,26.200000762939453,26.940000534057617,5580174
2026-06-04,26.040000915527344,26.600000381469727,25.8799991607666,26.399999618530273,3879094
2026-06-05,25.540000915527344,26.239999771118164,25.5,26.079999923706055,3357381
2026-06-08,25.5,25.719999313354492,25.200000762939453,25.420000076293945,4743256
2026-06-09,25.100000381469727,25.65999984741211,24.940000534057617,25.600000381469727,4124099
2026-06-10,24.459999084472656,25.139999389648438,24.3799991607666,25.0,5313194
2026-06-11,24.139999389648438,24.639999389648438,23.979999542236328,24.459999084472656,3848480
2026-06-12,24.459999084472656,24.84000015258789,24.18000030517578,24.559999465942383,3669772
2026-06-15,25.1200008392334,25.260000228881836,24.899999618530273,25.239999771118164,4454594
2026-06-16,24.979999542236328,25.239999771118164,24.899999618530273,25.1200008392334,3166646
2026-06-17,24.860000610351562,25.1200008392334,24.5,25.020000457763672,5031352
2026-06-18,25.5,25.559999465942383,24.940000534057617,24.979999542236328,6836725
2026-06-19,24.299999237060547,25.299999237060547,24.299999237060547,25.299999237060547,6001111
2026-06-22,25.239999771118164,25.440000534057617,24.459999084472656,24.600000381469727,6384345
2026-06-23,24.700000762939453,25.84000015258789,24.540000915527344,25.020000457763672,6781568
2026-06-24,24.079999923706055,24.799999237060547,24.079999923706055,24.700000762939453,4432236
2026-06-25,23.68000030517578,24.31999969482422,23.520000457763672,24.059999465942383,5240132
2026-06-26,26.040000915527344,26.040000915527344,23.6200008392334,23.68000030517578,15605344
2026-06-29,28.639999389648438,28.639999389648438,27.200000762939453,28.0,8156976
2026-06-30,25.780000686645508,30.440000534057617,25.780000686645508,30.299999237060547,42005076
2026-07-01,25.520000457763672,26.559999465942383,24.420000076293945,25.700000762939453,15526898
2026-07-02,24.940000534057617,26.020000457763672,24.559999465942383,25.799999237060547,10377321
2026-07-03,24.920000076293945,25.68000030517578,24.780000686645508,24.940000534057617,6676311
2026-07-06,,,,,6513439
