category,model,period,portfolio_size,transaction_cost,selection_score,strategy_total_return,bist100_total_return,excess_return_over_benchmark,strategy_max_drawdown,bist100_max_drawdown,win_rate,validation_score,out_of_sample_score,out_of_sample_stability,portfolio_consistency,robust_score
best_model_by_validation,low_volatility,validation,5,0.002,1.1700892177322557,4.353908588419648,3.2415637612067236,1.1123448272129242,-0.1482111380736676,-0.1617839465479347,0.7083333333333334,,,,,
best_model_by_out_of_sample,momentum_heavy,out_of_sample,5,0.002,0.44527209004451357,1.0176973695032356,0.6128699539972935,0.40482741550594215,-0.13495007652381774,-0.1675447420399082,0.6206896551724138,,,,,
most_robust_model,volume_heavy,all_splits,all,default,0.15870900049581926,,,,-0.20025264343378824,,,0.6019799958367611,-0.0007943696663173239,-0.10503605906160018,-0.21177098414297252,0.15870900049581926
