category,model,period,portfolio_size,transaction_cost,selection_score,strategy_total_return,bist100_total_return,excess_return_over_benchmark,strategy_max_drawdown,bist100_max_drawdown,win_rate,validation_score,out_of_sample_score,out_of_sample_stability,portfolio_consistency,robust_score
best_model_by_validation,trend_following,validation,3,0.002,2.210031049523156,5.372737450741675,3.2415637612067236,2.1311736895349513,-0.11682132000589762,-0.1617839465479347,0.625,,,,,
best_model_by_out_of_sample,mixed_model,out_of_sample,15,0.002,0.025086090359370206,0.6565064820656346,0.6128699539972935,0.04363652806834106,-0.16444763264758888,-0.1675447420399082,0.6206896551724138,,,,,
most_robust_model,trend_following,all_splits,all,default,0.23858019367779967,,,,-0.22207825968748618,,,1.1574318341282213,-0.19289408553384774,-0.09826766078788995,-0.6697342628269334,0.23858019367779967
