model,validation_score,out_of_sample_score,out_of_sample_stability,drawdown_penalty,portfolio_consistency,robust_score
trend_following,1.1574318341282213,-0.19289408553384774,-0.09826766078788995,0.22207825968748618,-0.6697342628269334,0.23858019367779967
mixed_model,1.0402332856100587,-0.21874211378908542,-0.16168249817952765,0.19710043888004602,-0.5022790708209517,0.20141570934928807
momentum_heavy,0.9133805492462501,-0.14406945960024864,-0.11316447226260538,0.20664792635975182,-0.41038828762634005,0.19623881275123078
low_volatility,0.8695506426845387,-0.3600666139973833,-0.23116475221327637,0.24603342149582497,-0.29003485554367703,0.1015961071152265
volume_heavy,0.3686018933545792,-0.336284762443669,-0.15431258808612283,0.22071284203537123,-0.3395484100637808,-0.06014638819970891
