model,validation_score,out_of_sample_score,out_of_sample_stability,drawdown_penalty,portfolio_consistency,robust_score
volume_heavy,0.6019799958367611,-0.0007943696663173239,-0.10503605906160018,0.20025264343378824,-0.21177098414297252,0.15870900049581926
mixed_model,0.4647964935466613,0.030776780151051328,-0.0951428018603916,0.1915869343009211,-0.25881830183079485,0.11889584199498865
trend_following,0.4059377928726224,0.005251524327951729,-0.0844202385928874,0.18395279060356384,-0.10139329471022479,0.10693962862953331
low_volatility,0.6015280130571079,-0.013594032912075199,-0.37597014181095867,0.2830533583652547,-0.3334825660881941,0.10652628642432066
momentum_heavy,0.49049071528826826,-0.005878437384460436,-0.28732529423240694,0.18395279060356373,-0.21111949223204146,0.10137453955953152
