policy,avg_total_return,avg_excess_return_vs_bist100,avg_max_drawdown,avg_out_of_sample_return,avg_robustness_score,best_combo_count
baseline,2.0777862052649523,0.38603323893920843,-0.1902163771545848,0.46579586046076943,0.31579242391680573,1
defensive_mode,2.0045037901634943,0.312750823837751,-0.1901100941105178,0.40123303692776535,0.23463238922708962,1
reduced_exposure_mode,1.790455313218364,0.09870234689262057,-0.19290073500563143,0.3611115333906013,0.023092816168124565,1
cash_mode,1.5639185921250842,-0.12783437420065905,-0.20241955505045545,0.2555277650257409,-0.29202177489986064,1
