policy,avg_total_return,avg_excess_return_vs_bist100,avg_max_drawdown,avg_out_of_sample_return,avg_robustness_score,best_combo_count
defensive_mode,2.031005887029173,0.33925292070342955,-0.20566468858329254,0.8150549329634229,0.2438948447452147,1
baseline,1.9611587055220399,0.26940573919629607,-0.20736433216652467,0.6641157510313145,0.17611551429737593,1
reduced_exposure_mode,1.6323460844848887,-0.059406881840855456,-0.21623618335053157,0.4828957557335981,-0.17044080910778947,1
cash_mode,1.3797564378014604,-0.31199652852428356,-0.2474489203765848,0.3103269339559313,-0.556646616551252,1
